sec,nanosec,image,motor position #0,motor position #1,motor velocity #0,motor velocity #1,wire length #0,wire length #1,loadcell #0,loadcell #1,fx,fy,fz,tx,ty,tz,fx_kalman,fy_kalman,fz_kalman,tx_kalman,ty_kalman,tz_kalman,fx_estimated,fy_estimated,theta_desired,theta_actual,translation(m)(x),translation(m)(y),translation(m)(z),Rotation(rad)(x),Rotation(rad)(y),Rotation(rad)(z),Rotation(deg)(x),Rotation(deg)(y),Rotation(deg)(z),wire length #0_normalized,wire length #1_normalized,loadcell #0_normalized,loadcell #1_normalized,fx_normalized,fy_normalized,fz_normalized,tx_normalized,ty_normalized,tz_normalized
1767328418,929350586,1_1767328418-929350586.png,0,0,0,0,0.0,0.0,42.99,116.66,22.0,111.0,59.0,16.0,-23.0,15.0,27.93471021193581,-26.04276428504713,3.3415997176597525,32.63552845208644,-21.7337325654148,-9.010316670638646,132.84597080945963,85.05998611450183,-0.0,-0.0256760753565318,,,,,,,,,,0.5,0.5,0.19627742021904285,0.15908322628625515,0.8548910523875752,0.7366548042704626,0.9116217410517014,0.02345375449215056,0.56640625,0.7638376383763837
1767328418,962711182,2_1767328418-962711182.png,0,0,0,0,0.0,0.0,42.99,116.66,22.0,111.0,59.0,16.0,-23.0,15.0,27.7499820942781,-21.777071272089017,5.074063671050032,32.11771886283056,-21.773147328948117,-8.26295404558373,137.91019409894938,92.45530390739428,-0.0,-0.0364927780412969,,,,,,,,,,0.5,0.5,0.19627742021904285,0.15908322628625515,0.8548910523875752,0.7366548042704626,0.9116217410517014,0.02345375449215056,0.56640625,0.7638376383763837
1767328418,996072754,3_1767328418-996072754.png,0,0,0,0,0.0,0.0,42.99,116.66,22.0,111.0,59.0,16.0,-23.0,15.0,27.397596827109957,-13.63988354404736,8.378892306860804,31.129951149036888,-21.84833448591244,-6.837293557939636,133.60770833492273,80.90659475326525,-0.0,-0.0392936972726932,,,,,,,,,,0.5,0.5,0.19627742021904285,0.15908322628625515,0.8548910523875752,0.7366548042704626,0.9116217410517014,0.02345375449215056,0.56640625,0.7638376383763837
1767328419,29433350,4_1767328419-29433350.png,0,0,0,0,0.0,0.0,42.94,116.74,19.0,119.0,-52.0,47.0,-59.0,-8.0,35.33969809463373,13.109466356528364,1.6064347395830418,31.535583054528217,-18.65480114248554,-5.146252840945484,124.15333127975458,95.67115163803088,-0.0,-0.0309375115280986,,,,,,,,,,0.5,0.5,0.19624552697211894,0.1591323962360403,0.8535002318034306,0.7398181099248715,0.8952717631462661,0.029317193115188198,0.5463169642857143,0.6789667896678966
1767328419,62794922,5_1767328419-62794922.png,0,0,0,0,0.0,0.0,42.88,116.76,27.0,89.0,225.0,43.0,-52.0,-1.0,33.440427465503696,26.756553957739587,10.74276183914668,33.5519893093574,-24.125964658414446,-5.134597944785749,129.73966622352594,99.86996579170214,-0.0,-0.0326520816774777,,,,,,,,,,0.5,0.5,0.19620725507581027,0.15914468872348664,0.857209086694483,0.7279557137208382,0.9360730593607307,0.028560620389634958,0.5502232142857143,0.7047970479704797
1767328419,96155518,6_1767328419-96155518.png,0,0,0,0,0.0,0.0,42.91,116.75,36.0,-23.0,131.0,30.0,-29.0,-9.0,33.230910478916634,25.80876682063741,42.118088500802,33.883450700946184,-26.928038300498333,-5.264122420196844,134.61920225620264,96.75141167640672,-0.0,-0.0251301490163481,,,,,,,,,,0.5,0.5,0.1962263910239646,0.15913854247976347,0.861381548446917,0.6836694345591142,0.9222271321254972,0.026101759031586916,0.5630580357142857,0.6752767527675276
1767328419,162877686,7_1767328419-162877686.png,0,0,0,0,0.0,0.0,43.04,116.83,-13.0,-83.0,147.0,-6.0,-25.0,-17.0,26.543605365137715,8.599295604287832,59.81822099402084,27.947620448186555,-26.701140215353064,-7.079678428632501,134.5963436365127,96.82334303855885,-0.0,-0.0218028238352099,,,,,,,,,,0.5,0.5,0.19630931346596672,0.15918771242954866,0.8386648122392211,0.6599446421510479,0.9245838856974519,0.01929260450160772,0.5652901785714285,0.6457564575645756
1767328419,196239014,8_1767328419-196239014.png,0,0,0,0,0.0,0.0,42.8,116.66,-108.0,166.0,282.0,21.0,-118.0,0.0,7.653012229669638,6.082669213004622,94.32597124955204,22.72424802572169,-30.82730623400817,-9.51773367504794,135.7878491878509,106.64555621147144,-0.0,-0.007154216205974,,,,,,,,,,0.5,0.5,0.19615622588073203,0.15908322628625515,0.794622160407974,0.7584025306445236,0.9444689939608191,0.024399470399092113,0.5133928571428571,0.7084870848708487
1767328419,229599609,9_1767328419-229599609.png,0,0,0,0,0.0,0.0,42.79,116.47,12.0,-61.0,247.0,-46.0,-64.0,-4.0,-1.4732925962992167,13.174681195053072,123.59151469755932,16.36251985186523,-41.00498722972246,-8.234926899569937,151.36158263683313,115.67695426940904,-0.0,-0.032604592581121,,,,,,,,,,0.5,0.5,0.19614984723134726,0.15896644765551532,0.8502549837737597,0.6686437327006722,0.9393135955221683,0.01172687724607528,0.5435267857142857,0.6937269372693726
1767328419,262960938,10_1767328419-262960938.png,0,0,0,0,0.0,0.0,42.82,116.43,-37.0,-40.0,5.0,-12.0,-57.0,-14.0,-5.963830694707598,1.5173349931510574,112.7054802127684,8.951787919266257,-44.54727713957793,-8.856440967995464,151.43197679519648,115.59327316284168,-0.0,-0.0381924597718011,,,,,,,,,,0.5,0.5,0.1961689831795016,0.15894186268062271,0.8275382475660639,0.6769474100434955,0.9036676977463545,0.018157745413277852,0.5474330357142857,0.6568265682656826
1767328419,296321533,11_1767328419-296321533.png,0,0,0,0,0.0,0.0,42.81,116.43,-3.0,-50.0,-121.0,-16.0,6.0,-25.0,-5.530394677506807,-6.0166542242840695,78.52796368920261,5.302792854508506,-37.15515095543208,-11.217304543223475,129.22300946712488,87.42326092720019,-0.0,-0.0217263611397031,,,,,,,,,,0.5,0.5,0.1961626045301168,0.15894186268062271,0.8433008808530366,0.6729932779754844,0.8851082633672117,0.01740117268772461,0.5825892857142857,0.6162361623616236
1767328419,329682861,12_1767328419-329682861.png,0,0,0,0,0.0,0.0,42.79,116.15,-86.0,35.0,-170.0,19.0,2.0,-12.0,-17.298416818239097,-0.0183037525039688,42.18278009392372,7.305897459139693,-31.42903012358999,-11.331767357200048,128.91376870870585,87.76214075088488,-0.0,-0.0217263611397031,,,,,,,,,,0.5,0.5,0.19614984723134726,0.15876976785637456,0.804821511358368,0.7066034005535785,0.8778907055531007,0.024021184036315493,0.5803571428571428,0.6642066420664207
1767328419,363043213,13_1767328419-363043213.png,0,0,0,0,0.0,0.0,42.81,116.29,-115.0,40.0,-61.0,13.0,-35.0,2.0,-31.586474892586036,5.834046121795449,27.093141766243352,8.138613420699327,-31.951255284271053,-9.382105335050571,141.36587190628046,99.03516077995288,-0.0,-0.0025278058930604,,,,,,,,,,0.5,0.5,0.1961626045301168,0.15885581526849862,0.7913769123783031,0.708580466587584,0.8939460892620416,0.022886324947985627,0.5597098214285714,0.7158671586715867
1767328419,396404785,14_1767328419-396404785.png,0,0,0,0,0.0,0.0,42.8,116.34,-16.0,-3.0,-87.0,10.0,-27.0,-2.0,-29.307080319979008,4.542139072706445,10.407952208894343,8.410825995744098,-31.227174663069945,-8.302532760039943,156.16397082805628,118.68173646926869,-0.0,-0.0291200796116415,,,,,,,,,,0.5,0.5,0.19615622588073203,0.15888654648711437,0.8372739916550764,0.6915776986951364,0.8901163647076153,0.022318895403820694,0.5641741071428571,0.7011070110701106
1767328419,463126465,15_1767328419-463126465.png,0,0,0,0,0.0,0.0,42.91,116.08,-236.0,214.0,-303.0,-41.0,41.0,21.0,-61.94396994070028,36.57518511657084,-53.557007086484376,6.739806930573936,-28.157598231372823,-4.524281119706838,133.13521027564997,94.18724489212023,-0.0,-0.0305936636858996,,,,,,,,,,0.5,0.5,0.1962263910239646,0.15872674415031252,0.7352804821511357,0.7773823645709766,0.8583001914862278,0.012672593153016835,0.6021205357142857,0.7859778597785977
1767328419,496487061,16_1767328419-496487061.png,0,0,0,0,0.0,0.0,42.82,116.06,-215.0,186.0,-40.0,-83.0,23.0,37.0,-84.90316109662896,59.19533993240821,-58.78808994655185,-5.231911214949136,-20.182505338390836,1.109450315163326,126.649466574192,115.25596952438342,-0.0,-0.015026586295137,,,,,,,,,,0.5,0.5,0.1961689831795016,0.15871445166286624,0.7450162262401483,0.7663107947805456,0.897039328325232,0.004728579534707775,0.5920758928571428,0.8450184501845017
1767328419,529848389,17_1767328419-529848389.png,0,0,0,0,0.0,0.0,42.72,115.88,-147.0,303.0,-119.0,36.0,-45.0,59.0,-97.44160069179576,98.21957470299066,-67.09430186679417,-1.268744752888528,-22.66429901133199,10.529250666752718,144.19410657882685,119.13797044754016,-0.0,-0.0275573625025279,,,,,,,,,,0.5,0.5,0.1961051966856538,0.15860381927584954,0.7765414928140936,0.8125741399762751,0.8854028575637061,0.02723661811991678,0.5541294642857143,0.9261992619926198
1767328419,563208740,18_1767328419-563208740.png,0,0,0,0,0.0,0.0,42.71,116.01,51.0,40.0,-113.0,90.0,4.0,31.0,-79.2979980868397,96.51796806945438,-95.28920626172726,18.471317070292297,-18.76471645156946,15.34214265006327,144.19410657882685,119.13797044754016,-0.0,-0.0302529534534297,,,,,,,,,,0.5,0.5,0.19609881803626902,0.1586837204442505,0.8683356513676401,0.708580466587584,0.886286640153189,0.03745034991488557,0.5814732142857143,0.8228782287822878
1767328419,596570313,19_1767328419-596570313.png,0,0,0,0,0.0,0.0,42.57,115.97,9.0,-43.0,60.0,89.0,-57.0,-13.0,-55.165238054114354,74.02412037836775,-78.69303495606141,34.33988841405503,-20.9241874426451,13.614043995771487,136.6805042624473,95.31708312034594,-0.0,-0.0319643749306664,,,,,,,,,,0.5,0.5,0.1960095169448821,0.1586591354693579,0.8488641631896151,0.6757611704230921,0.9117690381499485,0.03726120673349726,0.5474330357142857,0.6605166051660516
1767328419,663291992,20_1767328419-663291992.png,0,0,0,0,0.0,0.0,42.71,116.19,67.0,-104.0,-80.0,-9.0,32.0,-10.0,-23.567289459868324,22.013188501542512,-57.61017761979666,40.80121594249352,-32.73882315002883,3.0779791815071498,121.53238272666924,119.11533069610584,-0.0,-0.030762306190935,,,,,,,,,,0.5,0.5,0.19609881803626902,0.15879435283126714,0.8757533611497449,0.6516409648082245,0.8911474443953454,0.018725174957442785,0.5970982142857143,0.6715867158671587
1767328419,696652588,21_1767328419-696652588.png,0,0,0,0,0.0,0.0,42.71,116.19,67.0,-104.0,-80.0,-9.0,32.0,-10.0,-18.01691069872936,14.290522522979847,-58.98232859556171,37.749169084355024,-28.771331231301662,2.2765006529947174,131.9394187331199,94.55549907684312,-0.0,-0.0276899957634794,,,,,,,,,,0.5,0.5,0.19609881803626902,0.15879435283126714,0.8757533611497449,0.6516409648082245,0.8911474443953454,0.018725174957442785,0.5970982142857143,0.6715867158671587
1767328419,730013916,22_1767328419-730013916.png,0,0,0,0,0.0,0.0,42.7,116.48,-13.0,-60.0,-255.0,-39.0,163.0,-4.0,-12.834955395071743,-2.763081456701993,-88.74800221498647,24.079210243348843,2.4533493936129585,0.7162800155951333,128.69310510158533,121.92122697830187,-0.0,-0.0336922720771449,,,,,,,,,,0.5,0.5,0.19609243938688423,0.15897259389923846,0.8386648122392211,0.6690391459074733,0.8653704522020916,0.013050879515793458,0.6702008928571428,0.6937269372693726
1767328419,763374268,23_1767328419-763374268.png,0,0,0,0,0.0,0.0,42.61,116.71,-193.0,-12.0,-599.0,34.0,139.0,0.0,-39.18262077008973,-4.113905304961719,-163.36818685765274,25.5300446676254,22.422181117578628,0.6115299171112846,120.43672752380364,112.53289461135851,-0.0,-0.0176120490812257,,,,,,,,,,0.5,0.5,0.19603503154242122,0.1591139575048709,0.7552155771905423,0.6880189798339265,0.8147002504050671,0.026858331757140155,0.6568080357142857,0.7084870848708487
1767328419,796735840,24_1767328419-796735840.png,0,0,0,0,0.0,0.0,42.8,116.63,-187.0,156.0,-325.0,-13.0,92.0,38.0,-43.75781680471256,-6.340123598192262,-199.9439131102272,35.73250209627237,32.746100556108395,0.5551447684658553,145.32340031862253,104.13770222663868,-0.0,-0.0327930636190795,,,,,,,,,,0.5,0.5,0.19615622588073203,0.15906478755508568,0.7579972183588316,0.7544483985765125,0.8550596553247901,0.017968602231889542,0.6305803571428571,0.8487084870848708
1767328419,863457520,25_1767328419-863457520.png,0,0,0,0,0.0,0.0,42.84,116.64,-255.0,111.0,-491.0,7.0,58.0,31.0,-78.35481715894365,21.82212001533282,-239.799173770912,27.866053972025732,41.4346677156494,7.356820529774501,145.3344399929046,104.1359827518462,-0.0,-0.0224356703523696,,,,,,,,,,0.5,0.5,0.19618174047827114,0.15907093379880882,0.7264719517848863,0.7366548042704626,0.8306083370157609,0.02175146585965576,0.6116071428571428,0.8228782287822878
1767328419,896817871,26_1767328419-896817871.png,0,0,0,0,0.0,0.0,42.86,116.4,-227.0,36.0,-208.0,2.0,3.0,17.0,-109.3354276538949,28.561503340329505,-248.2921882255118,22.991596798309168,36.68064655351769,10.00412024753494,140.88947749137873,96.32727456092822,-0.0,-0.0159677130040283,,,,,,,,,,0.5,0.5,0.1961944977770407,0.15892342394945327,0.7394529439035697,0.7069988137603795,0.8722934158197084,0.020805749952714208,0.5809151785714285,0.7712177121771218
1767328419,930179443,27_1767328419-930179443.png,0,0,0,0,0.0,0.0,42.79,116.25,187.0,73.0,-139.0,84.0,-18.0,-8.0,-67.19191529244152,19.52181386228597,-222.32020194760335,36.65203270412112,20.28812703600682,6.325951524766583,145.44587576389307,105.27843046188342,-0.0,-0.0205381001688271,,,,,,,,,,0.5,0.5,0.19614984723134726,0.15883123029360605,0.9313861845155308,0.7216291024120205,0.8824569155987627,0.036315490826555705,0.5691964285714285,0.6789667896678966
1767328419,963539795,28_1767328419-963539795.png,0,0,0,0,0.0,0.0,42.77,116.18,177.0,67.0,-71.0,45.0,32.0,-12.0,-23.87619716639939,28.396020746924144,-203.7537422339581,42.4444451497456,16.735535155194817,3.6050519965978767,131.80317616462702,128.65311408042896,-0.0,-0.027226267419178,,,,,,,,,,0.5,0.5,0.1961370899325777,0.158788206587544,0.9267501159017153,0.7192566231712139,0.89247311827957,0.028938906752411578,0.5970982142857143,0.6642066420664207
1767328419,996901123,29_1767328419-996901123.png,0,0,0,0,0.0,0.0,42.78,115.89,29.0,-83.0,-140.0,84.0,23.0,-20.0,-2.5560218229630776,21.49186752023845,-187.05645863240295,46.4157325636754,18.55895342445121,0.184211302619177,132.169173836708,128.14916467666615,-0.0,-0.0067995992881098,,,,,,,,,,0.5,0.5,0.19614346858196247,0.15860996551957268,0.8581363004172461,0.6599446421510479,0.8823096185005156,0.036315490826555705,0.5920758928571428,0.6346863468634686
1767328420,63622803,30_1767328420-63622803.png,0,0,0,0,0.0,0.0,42.71,116.11,-107.0,50.0,-61.0,82.0,80.0,-4.0,0.688902715215983,7.377565069497489,-154.1015906912732,55.60408212611706,25.2931101916324,-3.545756983889188,144.7473890781402,128.50308990478504,-0.0,-0.031461849173284,,,,,,,,,,0.5,0.5,0.19609881803626902,0.15874518288148198,0.7950857672693555,0.7125345986555951,0.8939460892620416,0.035937204463779085,0.6238839285714285,0.6937269372693726
1767328420,96983398,31_1767328420-96983398.png,0,0,0,0,0.0,0.0,42.76,115.84,16.0,39.0,120.0,98.0,-20.0,-10.0,-8.766612670845738,15.597163671006909,-111.78722276199804,63.40485089284215,25.63931686801723,-4.360165115596744,131.2176837921142,91.42920732498156,-0.0,-0.0227567679138436,,,,,,,,,,0.5,0.5,0.1961307112831929,0.15857923430095694,0.852109411219286,0.7081850533807829,0.9206068640447784,0.03896349536599206,0.5680803571428571,0.6715867158671587
1767328420,130344727,32_1767328420-130344727.png,0,0,0,0,0.0,0.0,42.67,116.06,92.0,26.0,128.0,88.0,-8.0,-24.0,6.627846205185364,17.740416808429593,-70.560625314909,67.921046135533,19.50699056494296,-7.382207377870165,139.96578145027155,93.86240744590746,-0.0,-0.0227567679138436,,,,,,,,,,0.5,0.5,0.1960733034387299,0.15871445166286624,0.8873435326842837,0.7030446816923686,0.9217852408307556,0.03707206355210895,0.5747767857142857,0.6199261992619925
1767328420,163705566,33_1767328420-163705566.png,0,0,0,0,0.0,0.0,42.65,116.25,137.0,105.0,44.0,110.0,20.0,-30.0,25.693708231520937,30.501417721434397,-53.80707010907598,74.07474924804825,19.579089165701465,-10.689874704993432,129.55549848079676,97.61372828483567,-0.0,-0.0227567679138436,,,,,,,,,,0.5,0.5,0.19606054613996032,0.15883123029360605,0.9082058414464533,0.734282325029656,0.9094122845779938,0.04123321354265179,0.5904017857142857,0.5977859778597785
1767328420,197067139,34_1767328420-197067139.png,0,0,0,0,0.0,0.0,42.71,116.11,125.0,87.0,61.0,76.0,54.0,-22.0,40.21644182219781,38.76387364512832,-37.0174743661656,74.35630143641342,24.61286607039533,-12.343888097412664,118.74622869491571,110.0194523334502,-0.0,-0.0227567679138436,,,,,,,,,,0.5,0.5,0.19609881803626902,0.15874518288148198,0.9026425591098748,0.727164887307236,0.9119163352481957,0.03480234537544922,0.609375,0.6273062730627306
1767328420,230427979,35_1767328420-230427979.png,0,0,0,0,0.0,0.0,42.79,116.21,-18.0,40.0,59.0,15.0,-36.0,-1.0,31.70276297945124,38.94464702228824,-22.97570344272368,65.67592744058815,15.748729766122064,-10.684937171067972,132.24476313590998,99.02441406249989,-0.0,-0.0227567679138436,,,,,,,,,,0.5,0.5,0.19614984723134726,0.15880664531871344,0.8363467779323134,0.708580466587584,0.9116217410517014,0.02326461131076225,0.5591517857142857,0.7047970479704797
1767328420,263789795,36_1767328420-263789795.png,0,0,0,0,0.0,0.0,42.83,116.29,-117.0,83.0,-52.0,5.0,-36.0,1.0,9.956199166728045,45.38738235299788,-27.220269613222023,56.80256892629311,8.180900954213229,-8.976110604924036,127.5225099921226,127.39460182189929,-0.0,-0.0227567679138436,,,,,,,,,,0.5,0.5,0.19617536182888637,0.15885581526849862,0.79044969865554,0.7255832344800316,0.8952717631462661,0.02137317949687914,0.5591517857142857,0.7121771217712176
1767328420,297150391,37_1767328420-297150391.png,0,0,0,0,0.0,0.0,42.91,116.27,-3.0,-23.0,-63.0,-35.0,-7.0,-5.0,-5.034927972175006,43.48719828991528,-6.0574673898427145,42.77953517078482,0.1731780613686877,-6.021936215615783,129.2444394230842,132.54027342796314,-0.0,-0.0227567679138436,,,,,,,,,,0.5,0.5,0.1962263910239646,0.15884352278105235,0.8433008808530366,0.6836694345591142,0.8936514950655473,0.013807452241346701,0.5753348214285714,0.6900369003690037
1767328420,330512207,38_1767328420-330512207.png,0,0,0,0,0.0,0.0,42.92,116.57,-22.0,-60.0,-35.0,-14.0,-7.0,-10.0,-5.3287442415220365,32.61229992604082,-13.513299003700116,32.05857511838363,-0.8758406073236772,-6.028120041862259,129.2444394230842,132.54027342796314,-0.0,-0.0227567679138436,,,,,,,,,,0.5,0.5,0.19623276967334938,0.1590279100927468,0.8344923504867872,0.6690391459074733,0.8977758138164679,0.017779459050501233,0.5753348214285714,0.6715867158671587
1767328420,397234619,39_1767328420-397234619.png,0,0,0,0,0.0,0.0,42.92,116.66,3.0,-5.0,99.0,-24.0,29.0,-6.0,-5.801830396381111,17.717412568250378,0.7612859444647517,19.18838217463807,2.8720351417123178,-6.426906820146932,127.82162022590632,94.09038114547717,-0.0,-0.0227567679138436,,,,,,,,,,0.5,0.5,0.19623276967334938,0.15908322628625515,0.8460825220213258,0.6907868722815342,0.917513624981588,0.01588802723661812,0.5954241071428571,0.6863468634686346
1767328420,430595459,40_1767328420-430595459.png,0,0,0,0,0.0,0.0,42.91,116.79,-81.0,-14.0,110.0,-4.0,-35.0,13.0,-16.798948144025495,13.079000190632089,16.736555121923082,15.797270788602406,-2.666440488634584,-3.585880464056076,117.47731554508204,97.6352217197417,-0.0,-0.0227567679138436,,,,,,,,,,0.5,0.5,0.1962263910239646,0.15916312745465608,0.8071395456652758,0.6872281534203243,0.9191338930623068,0.019670890864384342,0.5597098214285714,0.7564575645756457
1767328420,463957031,41_1767328420-463957031.png,0,0,0,0,0.0,0.0,42.79,116.9,-172.0,-49.0,55.0,1.0,-20.0,10.0,-28.317756747533597,11.41887003703058,34.96767418919314,9.981192494700396,-9.345900784142962,-0.6712565958619321,117.3219808340072,97.7969956398009,-0.0,-0.0227567679138436,,,,,,,,,,0.5,0.5,0.19614984723134726,0.1592307361356107,0.7649513212795549,0.6733886911822855,0.9110325526587126,0.020616606771325895,0.5680803571428571,0.7453874538745386
1767328420,497317871,42_1767328420-497317871.png,0,0,0,0,0.0,0.0,42.7,117.05,-113.0,-11.0,152.0,17.0,-10.0,3.0,-49.5326324867162,3.3063049905615025,44.37419592024066,9.409647362098802,-10.574259356987476,0.7439208112044636,128.68245506286615,103.38672161102282,-0.0,-0.0227567679138436,,,,,,,,,,0.5,0.5,0.19609243938688423,0.15932292979145793,0.7923041261010663,0.6884143930407276,0.9253203711886876,0.02364289767353887,0.5736607142857143,0.7195571955719556
1767328420,530679688,43_1767328420-530679688.png,0,0,0,0,0.0,0.0,42.69,117.17,-258.0,54.0,-109.0,4.0,-7.0,23.0,-73.6238827335303,6.71668121589979,39.35224119623472,9.54483730980608,-10.20350667240318,2.9438830940913405,144.80154842138285,113.71087813377368,-0.0,-0.0394948699066381,,,,,,,,,,0.5,0.5,0.19608606073749946,0.15939668471613572,0.7250811312007417,0.7141162514827996,0.8868758285461777,0.021184036315490828,0.5753348214285714,0.7933579335793357
1767328420,564040283,44_1767328420-564040283.png,0,0,0,0,0.0,0.0,42.69,117.17,-204.0,140.0,-228.0,9.0,-95.0,28.0,-102.3372913083884,28.68224532092139,-7.507957062787396,9.175041133818446,-22.43668625623328,7.657515889459269,125.80291837453836,102.43986415863024,-0.0,-0.0307216654101049,,,,,,,,,,0.5,0.5,0.19608606073749946,0.15939668471613572,0.7501159017153454,0.7481217872676947,0.8693474738547651,0.022129752222432384,0.5262276785714285,0.8118081180811808
1767328420,597402100,45_1767328420-597402100.png,0,0,0,0,0.0,0.0,42.7,116.96,-124.0,71.0,-17.0,27.0,-7.0,22.0,-105.5052854160948,34.87087110097443,-8.896090768653554,11.781795693558191,-20.17919704754552,9.75498697670425,125.80291837453836,102.43986415863024,-0.0,-0.0230040694410664,,,,,,,,,,0.5,0.5,0.19609243938688423,0.1592676135979496,0.7872044506258692,0.7208382759984183,0.9004271615849169,0.02553432948742198,0.5753348214285714,0.7896678966789668
1767328420,630762695,46_1767328420-630762695.png,0,0,0,0,0.0,0.0,42.71,116.75,-234.0,67.0,-145.0,101.0,-56.0,0.0,-124.29658730120292,39.56949362721775,-28.800175184822507,24.829228937785945,-25.41769673390427,8.328399853972057,136.18345916271204,96.70254993438708,-0.0,-0.0144470945066606,,,,,,,,,,0.5,0.5,0.19609881803626902,0.15913854247976347,0.7362076958738989,0.7192566231712139,0.8815731330092798,0.03953092491015699,0.5479910714285714,0.7084870848708487
1767328420,664124512,47_1767328420-664124512.png,0,0,0,0,0.0,0.0,42.71,115.97,-60.0,-28.0,-231.0,73.0,-2.0,-21.0,-132.17150728672473,35.260237893838664,-87.83091227320553,40.2384241798096,-30.86394816393224,3.685037043684465,136.92792284488672,95.8974058628081,-0.0,-0.0144470945066606,,,,,,,,,,0.5,0.5,0.19609881803626902,0.1586591354693579,0.8168752897542882,0.6816923685251087,0.8689055825600236,0.03423491583128428,0.578125,0.6309963099630996
1767328420,697485352,48_1767328420-697485352.png,0,0,0,0,0.0,0.0,42.76,115.75,-230.0,24.0,-119.0,37.0,9.0,-29.0,-130.117457525877,27.51462171445114,-105.70902324462902,43.69392086539906,-25.201650451971503,-1.0712220066811056,136.92792284488672,95.8974058628081,-0.0,-0.0144470945066606,,,,,,,,,,0.5,0.5,0.1961307112831929,0.15852391810744862,0.7380621233194251,0.7022538552787663,0.8854028575637061,0.027425761301305092,0.5842633928571428,0.6014760147601476
1767328420,730846924,49_1767328420-730846924.png,0,0,0,0,0.0,0.0,42.82,115.79,20.0,297.0,-246.0,22.0,-101.0,-52.0,-129.40331678967777,43.73132875317172,-115.43586228647187,41.79572086789867,-26.94124295088225,-6.565122998375395,110.34620547294612,96.59135723114,-0.0,-0.0144470945066606,,,,,,,,,,0.5,0.5,0.1961689831795016,0.1585485030823412,0.8539638386648122,0.8102016607354685,0.8666961260863162,0.024588613580480426,0.5228794642857143,0.5166051660516605
1767328420,764207764,50_1767328420-764207764.png,0,0,0,0,0.0,0.0,42.74,115.61,22.0,334.0,-244.0,34.0,-105.0,-44.0,-99.49956344438674,98.41747474363478,-141.12357858978723,39.29076293879103,-42.12190264280227,-14.636348905687589,127.4930275678634,86.40103316307055,-0.0,-0.0144470945066606,,,,,,,,,,0.5,0.5,0.19611795398442336,0.15843787069532453,0.8548910523875752,0.8248319493871095,0.8669907202828104,0.026858331757140155,0.5206473214285714,0.5461254612546125
1767328420,830930176,51_1767328420-830930176.png,0,0,0,0,0.0,0.0,42.7,115.88,104.0,95.0,-250.0,36.0,-29.0,-18.0,-66.51060100988673,104.1782317934785,-159.77977540705092,38.66891531784416,-41.87389815858532,-15.90858559106552,153.55211377143854,119.99426889419544,-0.0,-0.0144470945066606,,,,,,,,,,0.5,0.5,0.19609243938688423,0.15860381927584954,0.8929068150208622,0.7303281929616449,0.8661069376933275,0.02723661811991678,0.5630580357142857,0.6420664206642066
1767328420,864291992,52_1767328420-864291992.png,0,0,0,0,0.0,0.0,42.69,115.89,-29.0,-4.0,-30.0,38.0,-5.0,5.0,-57.90280225378962,79.67396377697298,-132.3925424331159,34.869380954570794,-36.209928132732735,-12.29523644596497,145.544193804264,121.41441178321826,-0.0,-0.0144470945066606,,,,,,,,,,0.5,0.5,0.19608606073749946,0.15860996551957268,0.8312471024571163,0.6911822854883353,0.8985122993077037,0.027614904482693402,0.5764508928571428,0.7269372693726937
1767328420,897652588,53_1767328420-897652588.png,0,0,0,0,0.0,0.0,42.73,116.16,-54.0,-16.0,-76.0,22.0,70.0,21.0,-54.42633812814724,61.97327853555801,-116.22423662388724,34.04294971865369,-23.224979200196792,-7.412964763837509,123.4590007066726,121.6045570373534,-0.0,-0.0144470945066606,,,,,,,,,,0.5,0.5,0.19611157533503856,0.1587759141000977,0.8196569309225776,0.686437327006722,0.8917366327883341,0.024588613580480426,0.6183035714285714,0.7859778597785977
1767328420,931014404,54_1767328420-931014404.png,0,0,0,0,0.0,0.0,42.71,116.39,-102.0,115.0,-44.0,-12.0,15.0,31.0,-60.05570160828064,64.062758800476,-105.4707959151915,27.922074397872706,-13.648897414629786,-1.3146011743440376,135.84603476524347,97.5439462661742,-0.0,-0.0400888512334217,,,,,,,,,,0.5,0.5,0.19609881803626902,0.1589172777057301,0.7974038015762632,0.738236457097667,0.8964501399322434,0.018157745413277852,0.5876116071428571,0.8228782287822878
1767328420,964375244,55_1767328420-964375244.png,0,0,0,0,0.0,0.0,42.84,116.46,-206.0,226.0,-232.0,28.0,-34.0,28.0,-82.51351964153855,89.098398769274,-122.34109002720795,26.87255325222764,-15.863744010340818,3.831170487589563,100.45829391479488,98.5803596973418,-0.0,-0.0283672086251446,,,,,,,,,,0.5,0.5,0.19618174047827114,0.15896030141179215,0.7491886879925822,0.7821273230525899,0.8687582854617765,0.025723472668810293,0.5602678571428571,0.8118081180811808
1767328420,997736816,56_1767328420-997736816.png,0,0,0,0,0.0,0.0,42.82,116.66,-164.0,223.0,-21.0,80.0,-21.0,22.0,-94.43025144587206,108.68041363870977,-107.52078382057653,34.64200815514116,-16.614879472787067,6.488213319058142,100.36543077230448,98.6816654205321,-0.0,-0.0526479109950735,,,,,,,,,,0.5,0.5,0.1961689831795016,0.15908322628625515,0.7686601761706072,0.7809410834321866,0.8998379731919282,0.035558918101002465,0.5675223214285714,0.7896678966789668
1767328421,31097656,57_1767328421-31097656.png,0,0,0,0,0.0,0.0,42.85,116.64,-199.0,-71.0,-203.0,62.0,-43.0,13.0,-112.61539930509096,100.84057683667952,-109.70843395826842,45.013000987684734,-20.11810585416906,8.475689149589392,123.87656015157694,93.48627233505236,-0.0,-0.0368764239428959,,,,,,,,,,0.5,0.5,0.19618811912765594,0.15907093379880882,0.7524339360222531,0.6646896006326611,0.8730299013109443,0.03215434083601287,0.5552455357142857,0.7564575645756457
1767328421,97820068,58_1767328421-97820068.png,0,0,0,0,0.0,0.0,42.84,116.73,4.0,-102.0,-142.0,27.0,-36.0,17.0,-103.42497189062188,67.46047069358943,-118.58314283118663,43.79016721398015,-23.240781741054235,9.73281831712156,123.87656015157694,93.48627233505236,-0.0,-0.0358932927905206,,,,,,,,,,0.5,0.5,0.19618174047827114,0.15912624999231717,0.8465461288827074,0.6524317912218268,0.8820150243040212,0.02553432948742198,0.5591517857142857,0.7712177121771218
1767328421,131181885,59_1767328421-131181885.png,0,0,0,0,0.0,0.0,42.73,116.95,144.0,60.0,-208.0,64.0,-19.0,10.0,-47.78767722383252,40.682179083375104,-146.05102406562355,44.04427244353552,-26.724507483863484,10.367200122394111,135.42237102985376,114.8593440055846,-0.0,-0.00837703605994,,,,,,,,,,0.5,0.5,0.19611157533503856,0.15926146735422644,0.9114510894761242,0.7164887307236062,0.8722934158197084,0.032532627198789486,0.5686383928571428,0.7453874538745386
1767328421,164542480,60_1767328421-164542480.png,0,0,0,0,0.0,0.0,42.93,116.87,-30.0,209.0,-2.0,42.0,-29.0,-12.0,-35.66425480248938,52.108797670188494,-140.7867661203191,45.067018810216254,-26.419578570288284,8.975310965509417,119.51926565170282,128.53461360931385,-0.0,-0.00837703605994,,,,,,,,,,0.5,0.5,0.19623914832273415,0.15921229740444126,0.8307834955957347,0.7754052985369712,0.9026366180586243,0.028371477208246645,0.5630580357142857,0.6642066420664207
1767328421,197904053,61_1767328421-197904053.png,0,0,0,0,0.0,0.0,43.02,117.26,-172.0,158.0,-38.0,69.0,42.0,-17.0,-55.16457602065127,79.71723638478986,-115.03122475569882,48.3300384015146,-16.61315912857127,3.555907495892405,114.45218503475184,124.45659255981433,-0.0,-0.00837703605994,,,,,,,,,,0.5,0.5,0.19629655616719718,0.15945200090964406,0.7649513212795549,0.7552392249901146,0.8973339225217264,0.03347834310573104,0.6026785714285714,0.6457564575645756
1767328421,231264648,62_1767328421-231264648.png,0,0,0,0,0.0,0.0,43.06,117.53,-64.0,139.0,-61.0,58.0,96.0,-9.0,-56.456684570146905,88.38685607525183,-107.12959970524994,49.74419125755202,-0.1444049368267679,1.719708637746069,114.3017857074737,124.6640758514403,-0.0,-0.00837703605994,,,,,,,,,,0.5,0.5,0.1963220707647363,0.15961794949016905,0.8150208623087621,0.7477263740608936,0.8939460892620416,0.03139776811045962,0.6328125,0.6752767527675276
1767328421,264626221,63_1767328421-264626221.png,0,0,0,0,0.0,0.0,43.06,117.65,-41.0,137.0,49.0,34.0,20.0,-1.0,-54.196270771485466,95.49613108342852,-84.2969217171864,47.44173195550538,2.8015496550766463,1.3219734762888986,111.3392566442489,117.41978526115405,-0.0,-0.00837703605994,,,,,,,,,,0.5,0.5,0.1963220707647363,0.15969170441484687,0.8256838201205378,0.7469355476472914,0.9101487700692297,0.026858331757140155,0.5904017857142857,0.7047970479704797
1767328421,331348389,64_1767328421-331348389.png,0,0,0,0,0.0,0.0,43.14,118.47,30.0,196.0,62.0,61.0,-14.0,-2.0,-21.33952246964756,111.05976771086394,-19.341103836806035,44.972741730409815,4.155300485264985,0.0004838164356999,111.19846832752222,117.5895833969115,-0.0,-0.00837703605994,,,,,,,,,,0.5,0.5,0.19637309995981453,0.16019569640014503,0.8585999072786277,0.7702649268485567,0.9120636323464428,0.03196519765462455,0.5714285714285714,0.7011070110701106
1767328421,364708740,65_1767328421-364708740.png,0,0,0,0,0.0,0.0,43.04,118.63,5.0,86.0,19.0,68.0,41.0,0.0,-14.609705110645768,120.05764229708709,-8.784081516349977,47.53448437401463,3.212206269546011,-0.2298171343647132,89.2552324533462,141.74920725822437,-0.0,-0.00837703605994,,,,,,,,,,0.5,0.5,0.19630931346596672,0.1602940362997154,0.8470097357440889,0.7267694741004349,0.9057298571218148,0.03328919992434273,0.6021205357142857,0.7084870848708487
1767328421,398070313,66_1767328421-398070313.png,0,0,0,0,0.0,0.0,42.98,118.64,20.0,22.0,-87.0,64.0,31.0,11.0,-10.301555202092931,110.2497053910079,-10.478699068507064,50.82612536602737,9.129715691486386,0.4840295010872034,89.4804418087005,114.6217699050902,-0.0,-0.00837703605994,,,,,,,,,,0.5,0.5,0.19627104156965805,0.16030018254343856,0.8539638386648122,0.7014630288651641,0.8901163647076153,0.032532627198789486,0.5965401785714285,0.7490774907749077
1767328421,464792480,67_1767328421-464792480.png,0,0,0,0,0.0,0.0,42.94,118.43,48.0,-49.0,-232.0,105.0,-25.0,-10.0,0.5659202957371843,80.14183313909737,-48.78704943321414,59.766534632334434,5.828403285378277,-0.236623017661238,125.13664156198496,99.46373987197865,-0.0,-0.00837703605994,,,,,,,,,,0.5,0.5,0.19624552697211894,0.16017111142525245,0.8669448307834955,0.6733886911822855,0.8687582854617765,0.04028749763571024,0.5652901785714285,0.6715867158671587
1767328421,498153076,68_1767328421-498153076.png,0,0,0,0,0.0,0.0,42.89,118.05,141.0,67.0,-307.0,64.0,-26.0,-23.0,25.56821031050777,53.64571196701094,-83.1734835224915,57.58700056020541,2.5285749207918693,-3.521096061525001,105.53511542081829,138.97526454925526,-0.0,-0.0424498815546458,,,,,,,,,,0.5,0.5,0.19621363372519504,0.1599375541637728,0.9100602688919796,0.7192566231712139,0.8577110030932391,0.032532627198789486,0.5647321428571428,0.6236162361623616
1767328421,531514648,69_1767328421-531514648.png,0,0,0,0,0.0,0.0,42.88,118.06,120.0,114.0,-222.0,42.0,-36.0,-6.0,41.162189898748366,58.47904295518012,-110.69709259930872,57.17658844513191,-2.256341862981418,-5.327888623969512,105.51823121309276,138.99776101112354,-0.0,-0.0305723970695119,,,,,,,,,,0.5,0.5,0.19620725507581027,0.15994370040749595,0.900324524802967,0.7378410438908659,0.8702312564442481,0.028371477208246645,0.5591517857142857,0.6863468634686346
1767328421,564875244,70_1767328421-564875244.png,0,0,0,0,0.0,0.0,42.91,117.87,74.0,150.0,192.0,20.0,-65.0,17.0,51.35112919144496,73.78078996813578,-83.60911274546733,51.54916954833688,-12.402206771971274,-2.728638268597341,128.28749448060984,118.30760741233811,-0.0,-0.0494670954212303,,,,,,,,,,0.5,0.5,0.1962263910239646,0.15982692177675611,0.8789986091794157,0.7520759193357058,0.9312122551185742,0.024210327217703803,0.54296875,0.7712177121771218
1767328421,598236816,71_1767328421-598236816.png,0,0,0,0,0.0,0.0,42.91,117.89,28.0,139.0,122.0,-5.0,-50.0,13.0,48.53810431862358,85.3440690295208,-46.21623101259824,42.44090595156263,-19.29834730987887,0.0958291682523918,110.69934517145153,139.85033392906178,-0.0,-0.0494670954212303,,,,,,,,,,0.5,0.5,0.1962263910239646,0.15983921426420242,0.8576726935558645,0.7477263740608936,0.9209014582412727,0.01948174768299603,0.5513392857142857,0.7564575645756457
1767328421,664958984,72_1767328421-664958984.png,0,0,0,0,0.0,0.0,42.91,117.75,48.0,186.0,105.0,9.0,-73.0,9.0,48.45941095968131,100.0641763235666,-24.10209304133957,37.55044675188101,-27.15177513916403,1.3979913830778536,110.91870999336236,139.53567004203785,-0.0,-0.0494670954212303,,,,,,,,,,0.5,0.5,0.1962263910239646,0.15975316685207835,0.8669448307834955,0.7663107947805456,0.9183974075710709,0.022129752222432384,0.5385044642857143,0.7416974169741697
1767328421,698319580,73_1767328421-698319580.png,0,0,0,0,0.0,0.0,42.86,117.84,-5.0,23.0,-111.0,34.0,-57.0,2.0,38.087222843391785,102.19040097334474,-53.43015709207868,43.17122197566725,-30.32638452662104,-0.76500834238824,106.96481817960732,110.78218269348132,-0.0,-0.0494670954212303,,,,,,,,,,0.5,0.5,0.1961944977770407,0.15980848304558667,0.8423736671302735,0.7018584420719652,0.8865812343496834,0.026858331757140155,0.5474330357142857,0.7158671586715867
1767328421,731681152,74_1767328421-731681152.png,0,0,0,0,0.0,0.0,42.87,117.99,-55.0,-90.0,-104.0,1.0,-62.0,14.0,20.10330047839788,66.05121867636943,-66.66534647122124,36.073716040865165,-37.66410709053281,1.6747300604549595,90.06957077980036,108.73127913475024,-0.0,-0.0494670954212303,,,,,,,,,,0.5,0.5,0.19620087642642547,0.1599006767014339,0.819193324061196,0.6571767497034401,0.8876123140374135,0.020616606771325895,0.5446428571428571,0.7601476014760147
1767328421,765041504,75_1767328421-765041504.png,0,0,0,0,0.0,0.0,42.86,118.1,-98.0,-181.0,-43.0,16.0,-68.0,21.0,2.831657982410012,29.921996970521835,-63.204482954800014,33.13809912229128,-42.1004835085206,4.500892853384985,102.73675280809395,141.5814151763915,-0.0,-0.0494670954212303,,,,,,,,,,0.5,0.5,0.1961944977770407,0.15996828538238853,0.7992582290217894,0.6211941478845393,0.8965974370304906,0.02345375449215056,0.5412946428571428,0.7859778597785977
1767328421,798403076,76_1767328421-798403076.png,0,0,0,0,0.0,0.0,42.93,117.95,-3.0,-37.0,76.0,18.0,10.0,8.0,1.9788256616952948,20.135201833464244,-42.84696497100829,30.924275841739814,-34.4812135864927,5.012608677131545,120.34503328800196,120.3814373016356,-0.0,-0.0494670954212303,,,,,,,,,,0.5,0.5,0.19623914832273415,0.15987609172654133,0.8433008808530366,0.6781336496638988,0.9141257917219031,0.023832040854927183,0.5848214285714285,0.7380073800738007
1767328421,831763672,77_1767328421-831763672.png,0,0,0,0,0.0,0.0,42.92,118.18,-59.0,41.0,-109.0,-6.0,-10.0,14.0,-7.992564015153378,24.449432776631127,-23.67430641961566,23.267942551296784,-23.732724583154724,6.565778431811059,102.21775823831553,142.66067218780506,-0.0,-0.0494670954212303,,,,,,,,,,0.5,0.5,0.19623276967334938,0.1600174553321737,0.8173388966156698,0.7089758797943851,0.8868758285461777,0.01929260450160772,0.5736607142857143,0.7601476014760147
1767328421,865125244,78_1767328421-865125244.png,0,0,0,0,0.0,0.0,42.87,118.14,-29.0,-19.0,-71.0,-23.0,-5.0,14.0,-14.518182793720465,25.00221422146836,-34.969676072027326,18.4585907489398,-21.568792197522797,7.652972579998368,102.24230527877802,142.6204078197478,-0.0,-0.0494670954212303,,,,,,,,,,0.5,0.5,0.19620087642642547,0.15999287035728113,0.8312471024571163,0.6852510873863187,0.89247311827957,0.016077170418006433,0.5764508928571428,0.7601476014760147
1767328421,898485840,79_1767328421-898485840.png,0,0,0,0,0.0,0.0,42.89,118.31,-18.0,-90.0,-107.0,13.0,-18.0,8.0,-16.34674971064743,13.046698837572002,-43.402556582601925,13.500106148608198,-19.5021306810614,8.382136304327497,111.81915777921672,125.02201318740832,-0.0,-0.0494670954212303,,,,,,,,,,0.5,0.5,0.19621363372519504,0.16009735650057466,0.8363467779323134,0.6571767497034401,0.887170422742672,0.022886324947985627,0.5691964285714285,0.7380073800738007
1767328421,965208008,80_1767328421-965208008.png,0,0,0,0,0.0,0.0,42.92,118.48,-14.0,78.0,295.0,-42.0,-90.0,22.0,-17.90692753075906,17.265747553747214,-17.311619847649716,9.397233131300563,-24.63007323554786,8.298193709732367,102.60544562339776,133.99279975891102,-0.0,-0.0258287977333637,,,,,,,,,,0.5,0.5,0.19623276967334938,0.16020184264386816,0.8382012053778395,0.7236061684460261,0.9463838562380322,0.012483449971628525,0.5290178571428571,0.7896678966789668
1767328421,998569336,81_1767328421-998569336.png,0,0,0,0,0.0,0.0,42.92,118.48,-14.0,78.0,295.0,-42.0,-90.0,22.0,-17.442732304911733,24.481788754664837,19.795176162399937,3.290554659924795,-32.39689452392544,9.926151488665456,95.68720644712442,136.1500241756438,-0.0,-0.0464182057759332,,,,,,,,,,0.5,0.5,0.19623276967334938,0.16020184264386816,0.8382012053778395,0.7236061684460261,0.9463838562380322,0.012483449971628525,0.5290178571428571,0.7896678966789668
1767328422,31929932,82_1767328422-31929932.png,0,0,0,0,0.0,0.0,42.92,118.55,15.0,-89.0,359.0,-108.0,-106.0,5.0,-12.69824784348076,7.886004578977966,69.40110949793076,-12.984779437262432,-43.16074717857474,9.205742092410942,95.60486346483223,136.23542475700367,-0.0,-0.0464182057759332,,,,,,,,,,0.5,0.5,0.19623276967334938,0.16024486634993024,0.8516458043579044,0.6575721629102412,0.9558108705258507,0.0,0.5200892857142857,0.7269372693726937
1767328422,65291504,83_1767328422-65291504.png,0,0,0,0,0.0,0.0,42.82,118.55,-61.0,-54.0,96.0,5.0,-17.0,-12.0,-15.377996986766425,-23.637320066327177,72.29755980211394,-15.969373619907891,-35.52256215871896,4.124141415395353,107.12664681673044,143.86100888252247,-0.0,-0.0464182057759332,,,,,,,,,,0.5,0.5,0.1961689831795016,0.16024486634993024,0.8164116828929068,0.6714116251482799,0.9170717336868465,0.02137317949687914,0.5697544642857143,0.6642066420664207
1767328422,98652100,84_1767328422-98652100.png,0,0,0,0,0.0,0.0,42.72,118.55,-6.0,7.0,163.0,35.0,-16.0,-4.0,-19.04024114396205,-23.176070827049298,85.55579090681871,-7.718105247932455,-31.263768644010177,1.4707395448458054,120.98130816221231,112.5210015773772,-0.0,-0.0464182057759332,,,,,,,,,,0.5,0.5,0.1961051966856538,0.16024486634993024,0.8419100602688919,0.6955318307631475,0.9269406392694064,0.02704747493852847,0.5703125,0.6937269372693726
1767328422,132013672,85_1767328422-132013672.png,0,0,0,0,0.0,0.0,42.76,118.53,-24.0,-97.0,7.0,26.0,5.0,-6.0,-19.27185310602966,-31.119657551078035,78.34648787114573,-2.5402517980629358,-26.536486455241423,0.4330618562387387,120.98130816221231,112.5210015773772,-0.0,-0.0464182057759332,,,,,,,,,,0.5,0.5,0.1961307112831929,0.1602325738624839,0.833565136764024,0.6544088572558323,0.9039622919428488,0.02534518630603367,0.58203125,0.6863468634686346
1767328422,165374023,86_1767328422-165374023.png,0,0,0,0,0.0,0.0,42.79,118.67,-70.0,-166.0,-132.0,26.0,-39.0,-1.0,-26.816079096208945,-52.5955556244403,45.689021605013856,2.391975395705351,-27.52110080421013,0.0525315861561022,80.09165340661997,149.03619813919056,-0.0,-0.0464182057759332,,,,,,,,,,0.5,0.5,0.19614984723134726,0.160318621274608,0.8122392211404728,0.6271253459865559,0.8834879952864929,0.02534518630603367,0.5574776785714285,0.7047970479704797
1767328422,198735352,87_1767328422-198735352.png,0,0,0,0,0.0,0.0,42.84,118.41,-9.0,-181.0,53.0,-13.0,-14.0,10.0,-24.210623130257797,-71.37365622931098,46.758192446324834,0.1410247849703911,-25.54375031276263,1.507267546015824,80.56609964370722,148.5156271457671,-0.0,-0.0464182057759332,,,,,,,,,,0.5,0.5,0.19618174047827114,0.16015881893780615,0.8405192396847473,0.6211941478845393,0.9107379584622184,0.017968602231889542,0.5714285714285714,0.7453874538745386
1767328422,232095703,88_1767328422-232095703.png,0,0,0,0,0.0,0.0,42.8,118.11,-56.0,38.0,174.0,-27.0,-222.0,34.0,-5.475397421064771,-51.76363183220455,95.95212087544522,-6.249670428866383,-39.6580653960788,4.147062967014142,86.87326037883753,136.5364761352538,-0.0,-0.0464182057759332,,,,,,,,,,0.5,0.5,0.19615622588073203,0.1599744316261117,0.8187297171998145,0.7077896401739818,0.9285609073501253,0.015320597692453189,0.45535714285714285,0.8339483394833948
1767328422,298817383,89_1767328422-298817383.png,0,0,0,0,0.0,0.0,42.69,118.02,-74.0,61.0,184.0,-19.0,-163.0,41.0,-20.621669384721223,-26.16743922530268,116.74541545604713,-10.219171482681269,-76.19219561278757,12.564722637501076,93.7050004601478,139.9926204681395,-0.0,-0.0464182057759332,,,,,,,,,,0.5,0.5,0.19608606073749946,0.15991911543260334,0.8103847936949466,0.7168841439304072,0.9300338783325969,0.016833743143559676,0.48828125,0.8597785977859778
1767328422,332178711,90_1767328422-332178711.png,0,0,0,0,0.0,0.0,42.65,117.9,-73.0,-99.0,-45.0,-40.0,53.0,2.0,-53.79149369784617,-26.275223380512944,86.28914245027084,2.203400783629413,-55.663066964625344,13.881359474664906,103.83539521694178,129.20664167404163,-0.0,-0.0464182057759332,,,,,,,,,,0.5,0.5,0.19606054613996032,0.15984536050792558,0.8108484005563281,0.6536180308422301,0.8963028428339962,0.012861736334405146,0.6088169642857143,0.7158671586715867
1767328422,365539063,91_1767328422-365539063.png,0,0,0,0,0.0,0.0,42.65,117.9,-73.0,-99.0,-45.0,-40.0,53.0,2.0,-55.52993508233852,-32.85708661154939,74.40698592129229,-1.6161642223362869,-45.8286545639075,12.806052176435696,53.5852655768394,129.7047162055968,-0.0,-0.028696864599912,,,,,,,,,,0.5,0.5,0.19606054613996032,0.15984536050792558,0.8108484005563281,0.6536180308422301,0.8963028428339962,0.012861736334405146,0.6088169642857143,0.7158671586715867
1767328422,432260742,92_1767328422-432260742.png,0,0,0,0,0.0,0.0,42.62,117.77,-131.0,-113.0,-156.0,-34.0,12.0,9.0,-67.03107702196638,-46.33506077014244,37.53864246912842,-7.372074447100652,-34.7453446474876,11.96228056187333,76.04840517044062,156.9185571670531,-0.0,-0.024528899683715,,,,,,,,,,0.5,0.5,0.196041410191806,0.15976545933952463,0.7839592025961983,0.6480822459470146,0.879952864928561,0.013996595422735012,0.5859375,0.7416974169741697
1767328422,465622070,93_1767328422-465622070.png,0,0,0,0,0.0,0.0,42.5,117.63,-172.0,-162.0,-55.0,-25.0,2.0,5.0,-82.38192414919881,-63.25011286103352,24.00562227988173,-9.95001449502722,-29.371638294045336,10.944103928922786,75.83397573232645,157.143665075302,-0.0,-0.0244857189663399,,,,,,,,,,0.5,0.5,0.19596486639918864,0.15967941192740054,0.7649513212795549,0.6287069988137604,0.8948298718515246,0.01569888405522981,0.5803571428571428,0.7269372693726937
1767328422,498982422,94_1767328422-498982422.png,0,0,0,0,0.0,0.0,42.35,117.77,38.0,-55.0,-109.0,-19.0,57.0,16.0,-76.73874646935799,-78.96882253599067,-11.873719020469396,-6.696548435723323,-13.878432546889933,12.242915721720316,85.79033327102655,147.70632767677296,-0.0,-0.0388708854643991,,,,,,,,,,0.5,0.5,0.19586918665841696,0.15976545933952463,0.86230876216968,0.6710162119414789,0.8868758285461777,0.016833743143559676,0.6110491071428571,0.7675276752767527
1767328422,532343994,95_1767328422-532343994.png,0,0,0,0,0.0,0.0,42.23,118.03,-68.0,56.0,-146.0,24.0,-16.0,17.0,-63.549152011060194,-64.16356268250722,-34.508143893313544,-5.2479113171434415,-6.411296397809615,13.07944129120752,73.23095041513437,156.20927381515492,-0.0,-0.0388708854643991,,,,,,,,,,0.5,0.5,0.19579264286579962,0.15992526167632648,0.8131664348632359,0.7149070778964017,0.8814258359110326,0.02496689994325705,0.5703125,0.7712177121771218
1767328422,565704102,96_1767328422-565704102.png,0,0,0,0,0.0,0.0,42.31,118.14,-54.0,109.0,-157.0,54.0,-54.0,13.0,-62.93299999581425,-41.793926217273366,-51.80845766409023,1.744468453956706,-11.252707510622065,13.290776059015528,58.08932280540461,126.46250319480885,-0.0,-0.038451260315835,,,,,,,,,,0.5,0.5,0.19584367206087785,0.15999287035728113,0.8196569309225776,0.7358639778568604,0.8798055678303138,0.030641195384906377,0.5491071428571428,0.7564575645756457
1767328422,599065674,97_1767328422-599065674.png,0,0,0,0,0.0,0.0,42.48,118.01,-86.0,18.0,-3.0,35.0,61.0,17.0,-65.83896588142146,-25.159680884403997,-50.174474154637046,9.341943339466605,-2.922972567912513,13.818005699165075,87.58772212266916,149.67068433761585,-0.0,-0.0319677720210508,,,,,,,,,,0.5,0.5,0.1959521091004191,0.1599129691888802,0.804821511358368,0.6998813760379596,0.9024893209603772,0.02704747493852847,0.61328125,0.7712177121771218
1767328422,665787109,98_1767328422-665787109.png,0,-1,0,0,0.0,-9.574142156862743e-06,42.76,118.04,-25.0,60.0,-105.0,1.0,-7.0,-18.0,-43.99659359637632,4.325268796970665,-34.495952130461134,11.287589920254042,5.728589868325864,5.604474539292649,65.279008090496,129.182855606079,-0.0,-0.0700074589946435,,,,,,,,,,0.5,0.25000000000000006,0.1961307112831929,0.15993140792004965,0.8331015299026425,0.7164887307236062,0.8874650169391664,0.020616606771325895,0.5753348214285714,0.6420664206642066
1767328422,699147461,99_1767328422-699147461.png,0,-1,0,-50,0.0,-9.574142156862743e-06,42.76,118.04,-25.0,60.0,-105.0,1.0,-7.0,-18.0,-43.40529177174647,6.058241078506849,-36.69051253612256,10.967370894667775,5.332390498374513,4.869744452358795,76.42946875095362,155.7375645637511,-0.0,-0.0614247060459046,,,,,,,,,,0.5,0.25000000000000006,0.1961307112831929,0.15993140792004965,0.8331015299026425,0.7164887307236062,0.8874650169391664,0.020616606771325895,0.5753348214285714,0.6420664206642066
1767328422,732508789,100_1767328422-732508789.png,0,-1,0,0,0.0,-9.574142156862743e-06,42.85,118.24,162.0,-76.0,6.0,110.0,-133.0,-48.0,-23.300356474098344,3.0717618241886813,-38.44960736975172,19.109750569629988,-8.20231982817919,-1.7976371253927994,71.95619273185724,168.66242671012867,-0.0,-0.0346270953046108,,,,,,,,,,0.5,0.25000000000000006,0.19618811912765594,0.16005433279451262,0.919796012980992,0.6627125345986555,0.9038149948446016,0.04123321354265179,0.5050223214285714,0.5313653136531364
1767328422,765869141,101_1767328422-765869141.png,0,-1,0,0,0.0,-9.574142156862743e-06,42.85,118.24,131.0,-143.0,139.0,121.0,-133.0,-38.0,8.96013480698767,-22.42724932606005,-10.173350566997923,38.76594605989491,-32.98265174854109,-9.509346814621573,71.95619273185724,168.66242671012867,-0.0,-0.0313282133182094,,,,,,,,,,0.5,0.25000000000000006,0.19618811912765594,0.16005433279451262,0.9054242002781641,0.6362198497429814,0.9234055089114745,0.04331378853792321,0.5050223214285714,0.5682656826568265
1767328422,799230469,102_1767328422-799230469.png,0,-1,0,0,0.0,-9.574142156862743e-06,42.94,118.39,135.0,-164.0,135.0,103.0,-142.0,-29.0,27.392435030929253,-43.13110710911297,11.05706552451958,48.15965149596289,-48.92554798626483,-12.359695555660496,103.10352975130075,142.89437747001637,-0.0,-0.0359074949514876,,,,,,,,,,0.5,0.25000000000000006,0.19624552697211894,0.16014652645035984,0.9072786277236903,0.6279161724001582,0.9228163205184858,0.03990921127293361,0.5,0.6014760147601476
1767328422,832590820,103_1767328422-832590820.png,0,-1,0,0,0.0,-9.574142156862743e-06,42.89,118.41,-39.0,-8.0,-76.0,18.0,-17.0,0.0,17.683083999693224,-37.99346980330507,-1.6743188347542517,43.74904894436752,-44.2566975047482,-10.552191090231403,81.18107444047922,155.00951027870167,-0.0,-0.0359074949514876,,,,,,,,,,0.5,0.25000000000000006,0.19621363372519504,0.16015881893780615,0.8266110338433008,0.6896006326611309,0.8917366327883341,0.023832040854927183,0.5697544642857143,0.7084870848708487
1767328422,865952148,104_1767328422-865952148.png,0,-1,0,0,0.0,-9.574142156862743e-06,42.83,118.34,-87.0,68.0,-124.0,8.0,21.0,1.0,2.3740384870246207,-22.49279107598349,-19.563449998796223,38.521042695282006,-34.71343880490357,-8.86277755354275,80.78416568040842,155.43250107765186,-0.0,-0.0359074949514876,,,,,,,,,,0.5,0.25000000000000006,0.19617536182888637,0.1601157952317441,0.8043579044969865,0.719652036378015,0.8846663720724702,0.02194060904104407,0.5909598214285714,0.7121771217712176
1767328422,932673828,105_1767328422-932673828.png,0,0,0,0,0.0,0.0,42.63,118.48,-211.0,-216.0,-138.0,-57.0,-63.0,28.0,-32.85584144212725,-58.85717294501435,-44.04164639944314,20.103116106089644,-41.15380950239248,0.1041980835739084,79.22666245698923,150.9803509712218,-0.0,-0.0359074949514876,,,,,,,,,,0.5,0.5,0.19604778884119078,0.16020184264386816,0.7468706536856745,0.6073546856465006,0.88260421269701,0.00964630225080386,0.5440848214285714,0.8118081180811808
1767328422,966034180,106_1767328422-966034180.png,0,1,0,50,0.0,9.574142156862743e-06,42.63,-141.38,-165.0,-79.0,-148.0,-45.0,-97.0,17.0,-56.08887783234731,-73.44203898920179,-58.395133590401706,9.56283052222235,-46.43231221923208,3.50960069900858,305.5676493644714,-85.87701511383068,-0.0,-0.0359074949514876,,,,,,,,,,0.5,0.75,0.19604778884119078,0.0004855532541287316,0.7681965693092258,0.6615262949782522,0.8811312417145383,0.011916020427463592,0.5251116071428571,0.7712177121771218
1767328422,999395264,107_1767328422-999395264.png,0,1,0,0,0.0,9.574142156862743e-06,42.64,-141.5,-26.0,132.0,140.0,16.0,17.0,-8.0,-61.19965215274627,-49.476029150938224,-41.96918760040057,5.976229864585602,-42.928512577939365,3.217974677384821,305.9370238780975,-80.6692991256715,-0.0,-0.0359074949514876,,,,,,,,,,0.5,0.75,0.19605416749057555,0.00041179832945094363,0.8326379230412609,0.7449584816132859,0.9235528060097217,0.02345375449215056,0.5887276785714285,0.6789667896678966
1767328423,32755615,108_1767328423-32755615.png,0,1,0,0,0.0,9.574142156862743e-06,42.65,-141.89,27.0,117.0,59.0,17.0,49.0,10.0,-47.365753660560586,-20.307599482526108,-22.36749261665777,7.8547448337468175,-27.892136689401998,3.9116761493623526,305.9370238780975,-80.6692991256715,-0.0,-0.0359074949514876,,,,,,,,,,0.5,0.75,0.19606054613996032,0.00017209482424815348,0.857209086694483,0.7390272835112692,0.9116217410517014,0.02364289767353887,0.6065848214285714,0.7453874538745386
1767328423,66116943,109_1767328423-66116943.png,0,1,0,0,0.0,9.574142156862743e-06,42.52,-141.78,-54.0,109.0,-30.0,14.0,32.0,0.0,-48.33595796933917,-1.3974198242948246,-23.48368444482084,8.753438179726263,-19.133401166939635,3.339625480683313,305.67038327455515,-86.68000984191906,-0.0,-0.0359074949514876,,,,,,,,,,0.5,0.75,0.1959776236979582,0.00023970350520279016,0.8196569309225776,0.7358639778568604,0.8985122993077037,0.023075468129373937,0.5970982142857143,0.7084870848708487
1767328423,99477295,110_1767328423-99477295.png,0,1,0,0,0.0,9.574142156862743e-06,42.6,-142.17,35.0,89.0,26.0,37.0,23.0,-1.0,-31.66709037992975,17.483613662191893,-6.997457285403749,9.809286352570355,-7.884738772344567,2.7313562746255844,306.50835949182505,-79.23869609832775,-0.0,-0.0359074949514876,,,,,,,,,,0.5,0.75,0.19602865289303645,0.0,0.8609179415855354,0.7279557137208382,0.906760936809545,0.027425761301305092,0.5920758928571428,0.7047970479704797
1767328423,132838867,111_1767328423-132838867.png,0,1,0,0,0.0,9.574142156862743e-06,42.63,-142.04,47.0,167.0,65.0,35.0,-39.0,8.0,-17.343358677443327,38.74348706814568,3.0842965391462243,15.027376932639656,-7.363371167796027,2.804976618047337,306.0828774571418,-76.7910237312318,-0.0,-0.0357558848168474,,,,,,,,,,0.5,0.75,0.19604778884119078,7.990116840092543e-05,0.866481223922114,0.7587979438513246,0.9125055236411843,0.02704747493852847,0.5574776785714285,0.7380073800738007
1767328423,166199707,112_1767328423-166199707.png,0,1,0,0,0.0,9.574142156862743e-06,42.69,117.62,22.0,228.0,137.0,20.0,24.0,-1.0,-8.223126931771233,73.13137028270657,25.90794051792893,16.79959430382604,-4.432032960043448,2.520345016246824,81.7874772548675,159.10916805267323,-0.0,-0.0396117009621289,,,,,,,,,,0.5,0.75,0.19608606073749946,0.1596732656836774,0.8548910523875752,0.7829181494661922,0.9231109147149802,0.024210327217703803,0.5926339285714285,0.7047970479704797
1767328423,232922607,113_1767328423-232922607.png,0,-1,0,-50,0.0,-9.574142156862743e-06,42.72,117.46,-109.0,63.0,-47.0,63.0,31.0,-4.0,-24.306469180775917,89.48762514130522,33.236386534407366,26.95213694406404,-0.6947080301837874,0.1284233779662037,88.74961537122721,161.255645751953,-0.0,-0.0396117009621289,,,,,,,,,,0.5,0.25000000000000006,0.1961051966856538,0.15957492578410704,0.7941585535465924,0.7176749703440095,0.896008248637502,0.032343484017401176,0.5965401785714285,0.6937269372693726
1767328423,266284668,114_1767328423-266284668.png,0,-1,0,0,0.0,-9.574142156862743e-06,42.76,117.54,-96.0,16.0,38.0,48.0,-19.0,3.0,-34.79106214785574,78.74066054185315,33.93302607312914,30.03021490237757,-3.3717073808088105,0.5483679909846679,73.95619207620615,154.46400690078724,-0.0,-0.0396117009621289,,,,,,,,,,0.5,0.25000000000000006,0.1961307112831929,0.15962409573389222,0.8001854427445525,0.6990905496243575,0.9085285019885109,0.02950633629657651,0.5686383928571428,0.7195571955719556
1767328423,299645752,115_1767328423-299645752.png,0,-1,0,0,0.0,-9.574142156862743e-06,42.83,117.53,-90.0,64.0,120.0,-27.0,5.0,15.0,-42.86491811380193,76.58495940562477,46.51961762776837,21.690012052217668,-2.1474135941267014,2.661801066370587,60.66117727756495,161.88597655296314,-0.0,-0.0396117009621289,,,,,,,,,,0.5,0.25000000000000006,0.19617536182888637,0.15961794949016905,0.8029670839128419,0.7180703835508105,0.9206068640447784,0.015320597692453189,0.58203125,0.7638376383763837
1767328423,333007568,116_1767328423-333007568.png,0,-1,0,0,0.0,-9.574142156862743e-06,42.8,117.56,-143.0,103.0,41.0,-17.0,-1.0,3.0,-57.50885548590969,80.44794321568777,45.71241865877084,16.031913983623955,-1.9796137332208856,2.711259896483805,60.51831090450282,162.04201889038077,-0.0,-0.0396117009621289,,,,,,,,,,0.5,0.25000000000000006,0.19615622588073203,0.15963638822133852,0.7783959202596198,0.7334914986160538,0.9089703932832524,0.0172120295063363,0.5786830357142857,0.7195571955719556
1767328423,366368652,117_1767328423-366368652.png,0,-1,0,0,0.0,-9.574142156862743e-06,42.77,117.65,-146.0,71.0,-103.0,10.0,-8.0,-4.0,-70.44996217740068,79.06625873368974,23.964442781858168,15.149795859323453,-2.860046023143072,1.7297929843806117,47.43188101053233,134.97820210456837,-0.0,-0.0396117009621289,,,,,,,,,,0.5,0.25000000000000006,0.1961370899325777,0.15969170441484687,0.7770050996754752,0.7208382759984183,0.8877596111356607,0.022318895403820694,0.5747767857142857,0.6937269372693726
1767328423,399730469,118_1767328423-399730469.png,0,-1,0,0,0.0,-9.574142156862743e-06,42.79,117.93,-12.0,223.0,334.0,41.0,-195.0,7.0,-72.95923471286973,79.71143259553884,38.72070642796386,23.584452696340623,-13.678017513229976,-0.1932240977080128,47.0701693296432,135.38686394691456,-0.0,-0.0396117009621289,,,,,,,,,,0.5,0.25000000000000006,0.19614984723134726,0.159863799239095,0.8391284191006027,0.7809410834321866,0.9521284430696716,0.028182334026858335,0.4704241071428571,0.7343173431734317
1767328423,433091553,119_1767328423-433091553.png,0,-1,0,0,0.0,-9.574142156862743e-06,42.87,117.82,35.0,111.0,188.0,21.0,-167.0,3.0,-62.58148855284996,97.1800208823273,77.35838748000722,25.50879957694191,-39.32332718074624,0.7342192231658405,58.64948886632914,155.89976835250843,-0.0,-0.0396117009621289,,,,,,,,,,0.5,0.25000000000000006,0.19620087642642547,0.15979619055814037,0.8609179415855354,0.7366548042704626,0.9306230667255856,0.024399470399092113,0.4860491071428571,0.7195571955719556
1767328423,499814453,120_1767328423-499814453.png,0,-1,0,0,0.0,-9.574142156862743e-06,42.9,117.84,1.0,15.0,176.0,10.0,-72.0,7.0,-43.38475560434602,86.56373390432354,103.0071683901112,22.78340128901077,-57.05327525485551,1.8803744658102943,79.91917473077768,152.30363011360157,-0.0,-0.0396117009621289,,,,,,,,,,0.5,0.25000000000000006,0.1962200123745798,0.15980848304558667,0.8451553082985628,0.6986951364175563,0.9288555015466196,0.022318895403820694,0.5390625,0.7343173431734317
1767328423,533176514,121_1767328423-533176514.png,0,-1,0,0,0.0,-9.574142156862743e-06,42.84,118.0,-71.0,-118.0,-56.0,56.0,-36.0,-2.0,-47.42325941168296,56.647959617506615,79.7536694988108,27.641057387908983,-53.974405806681176,1.3129014125377998,68.0230814814567,168.16979718208302,-0.0,-0.0396117009621289,,,,,,,,,,0.5,0.25000000000000006,0.19618174047827114,0.15990682294515707,0.8117756142790913,0.6461051799130091,0.8946825747532774,0.031019481747683,0.5591517857142857,0.7011070110701106
1767328423,566537598,122_1767328423-566537598.png,0,1,0,0,0.0,9.574142156862743e-06,42.89,118.36,-104.0,-35.0,-30.0,67.0,-37.0,0.0,-55.69714534942939,43.24519451620587,63.7030922962457,33.39698108405056,-51.49203768075025,1.1209003106382132,64.2441360354423,158.28582620620716,-0.0,-0.0374866859580095,,,,,,,,,,0.5,0.75,0.19621363372519504,0.1601280877191904,0.7964765878535002,0.678924476077501,0.8985122993077037,0.03310005674295442,0.55859375,0.7084870848708487
1767328423,599899414,123_1767328423-599899414.png,0,1,0,0,0.0,9.574142156862743e-06,42.81,118.59,-4.0,8.0,7.0,59.0,-57.0,9.0,-40.70208339019828,37.3507344015757,50.68981741263358,38.836265060214224,-52.85624820746168,2.556928088146112,89.19367003440851,164.49570941925035,-0.0,-0.0220623355240926,,,,,,,,,,0.5,0.75,0.1961626045301168,0.16026945132482281,0.842837273991655,0.6959272439699485,0.9039622919428488,0.03158691129184793,0.5474330357142857,0.7416974169741697
1767328423,633260498,124_1767328423-633260498.png,0,1,0,0,0.0,9.574142156862743e-06,42.81,118.59,-5.0,-29.0,-33.0,36.0,-15.0,5.0,-35.453517011972515,28.66233467821391,39.54800387535929,39.05233899959524,-48.47207650691789,3.02392121970106,73.16380321979517,151.24672627449024,-0.0,-0.0220623355240926,,,,,,,,,,0.5,0.75,0.1961626045301168,0.16026945132482281,0.8423736671302735,0.6812969553183076,0.8980704080129622,0.02723661811991678,0.5708705357142857,0.7269372693726937
1767328423,666622559,125_1767328423-666622559.png,0,1,0,0,0.0,9.574142156862743e-06,42.77,118.45,-137.0,2.0,-75.0,27.0,18.0,1.0,-49.49456719909318,23.230826916368844,20.868353054016477,37.20866792711935,-37.861568187914,2.780452981466196,67.74682986736292,134.1942648887633,-0.0,-0.0220623355240926,,,,,,,,,,0.5,0.75,0.1961370899325777,0.16018340391269875,0.7811775614279091,0.6935547647291419,0.8918839298865813,0.02553432948742198,0.5892857142857143,0.7121771217712176
1767328423,733345459,126_1767328423-733345459.png,0,1,0,0,0.0,9.574142156862743e-06,42.66,118.52,-117.0,-165.0,-162.0,12.0,32.0,9.0,-65.50702855196128,-9.20298659603452,-22.306699336906647,31.24217670278239,-23.71501384913257,4.152710840292531,79.13211089372629,158.65150117874134,-0.0,-0.0220623355240926,,,,,,,,,,0.5,0.75,0.19606692478934512,0.16022642761876077,0.79044969865554,0.627520759193357,0.879069082339078,0.022697181766597317,0.5970982142857143,0.7416974169741697
1767328423,766706543,127_1767328423-766706543.png,0,1,0,0,0.0,9.574142156862743e-06,42.74,118.84,-236.0,-23.0,-217.0,68.0,-109.0,-2.0,-80.33032043082315,-23.284615466756147,-46.10635509797172,31.860102384079426,-24.20827490823912,4.18745682897973,63.57344335317607,166.79923248291004,-0.0,-0.0220623355240926,,,,,,,,,,0.5,0.75,0.19611795398442336,0.16042310741790153,0.7352804821511357,0.6836694345591142,0.870967741935484,0.03328919992434273,0.5184151785714285,0.7011070110701106
1767328423,800068604,128_1767328423-800068604.png,0,1,0,0,0.0,9.574142156862743e-06,42.82,118.48,-142.0,72.0,-7.0,69.0,-34.0,-16.0,-98.725263593034,-14.637575273646664,-56.63381890002441,38.19617769972176,-32.07390692829337,1.8511098701144504,61.617602705955456,166.64533948898304,-0.0,-0.0220623355240926,,,,,,,,,,0.5,0.75,0.1961689831795016,0.16020184264386816,0.7788595271210013,0.7212336892052195,0.9019001325673884,0.03347834310573104,0.5602678571428571,0.6494464944649446
1767328423,833429443,129_1767328423-833429443.png,0,1,0,0,0.0,9.574142156862743e-06,42.79,117.79,58.0,-138.0,-242.0,46.0,-28.0,5.0,-94.57831116429084,-15.52125095499531,-63.40990794789996,40.297730376550206,-32.732371427899785,-0.4595948656716859,69.93995857238764,165.78459906578053,-0.0,-0.0220623355240926,,,,,,,,,,0.5,0.75,0.19614984723134726,0.15977775182697093,0.871580899397311,0.6381969157769869,0.8672853144793048,0.029128049933799888,0.5636160714285714,0.7269372693726937
1767328423,866791504,130_1767328423-866791504.png,0,1,0,0,0.0,9.574142156862743e-06,42.79,117.79,58.0,-138.0,-242.0,46.0,-28.0,5.0,-80.76940555072875,-26.60603405636612,-79.57297664256764,40.813807022126085,-32.30407418252117,0.0345188102043707,78.14022862911219,168.36782336235035,-0.0,-0.0220623355240926,,,,,,,,,,0.5,0.75,0.19614984723134726,0.15977775182697093,0.871580899397311,0.6381969157769869,0.8672853144793048,0.029128049933799888,0.5636160714285714,0.7269372693726937
1767328423,900152588,131_1767328423-900152588.png,0,-1,0,0,0.0,-9.574142156862743e-06,42.88,117.65,100.0,-96.0,-96.0,58.0,37.0,18.0,-49.679882572746806,-42.16981343857103,-73.22523076913134,40.794380537632605,-27.740500693792303,2.640861183602252,78.14022862911219,168.36782336235035,-0.0,-0.0220623355240926,,,,,,,,,,0.5,0.25000000000000006,0.19620725507581027,0.15969170441484687,0.891052387575336,0.6548042704626335,0.8887906908233908,0.03139776811045962,0.5998883928571428,0.7749077490774907
1767328423,933514648,132_1767328423-933514648.png,0,-1,0,0,0.0,-9.574142156862743e-06,42.93,117.59,35.0,-23.0,-23.0,63.0,30.0,-9.0,-29.695467280728103,-44.865787352354985,-70.55431531713862,44.22031456523442,-17.185798290998655,2.851573618143566,76.64480733871454,163.3012475967406,-0.0,-0.0220623355240926,,,,,,,,,,0.5,0.25000000000000006,0.19623914832273415,0.15965482695250796,0.8609179415855354,0.6836694345591142,0.8995433789954338,0.032343484017401176,0.5959821428571428,0.6752767527675276
1767328423,966875488,133_1767328423-966875488.png,0,-1,0,0,0.0,-9.574142156862743e-06,42.95,117.5,32.0,-151.0,-119.0,21.0,-40.0,22.0,-18.871461426106688,-56.29512926926616,-73.7422272124493,42.47559304371905,-17.34824840173341,4.486640293272633,76.64480733871454,163.3012475967406,-0.0,-0.0522939449123231,,,,,,,,,,0.5,0.25000000000000006,0.1962519056215037,0.1595995107589996,0.8595271210013907,0.6330565440885726,0.8854028575637061,0.024399470399092113,0.5569196428571428,0.7896678966789668
1767328424,237549,134_1767328424-237549.png,0,-1,0,0,0.0,-9.574142156862743e-06,42.96,117.64,-137.0,-241.0,-278.0,-13.0,-63.0,10.0,-34.79490098987528,-85.82346058855288,-104.8159688955176,33.79203350483052,-24.626407474628166,5.758336362836105,77.5161623358726,137.91334557533253,-0.0,-0.0522939449123231,,,,,,,,,,0.5,0.25000000000000006,0.19625828427088848,0.1596855581711237,0.7811775614279091,0.597469355476473,0.8619826189424069,0.017968602231889542,0.5440848214285714,0.7453874538745386
1767328424,33598633,135_1767328424-33598633.png,0,-1,0,0,0.0,-9.574142156862743e-06,42.94,117.64,-260.0,-169.0,-261.0,-54.0,-27.0,14.0,-67.72930623190217,-97.98734971738146,-127.6566070308784,20.953166084960507,-24.97352598328381,6.963612314792369,46.81515285372729,138.28747463226307,-0.0,-0.0522939449123231,,,,,,,,,,0.5,0.25000000000000006,0.19624552697211894,0.1596855581711237,0.7241539174779786,0.6259391063661526,0.8644866696126087,0.010213731794968792,0.5641741071428571,0.7601476014760147
1767328424,100321777,136_1767328424-100321777.png,0,-1,0,0,0.0,-9.574142156862743e-06,42.93,117.28,-165.0,152.0,-243.0,59.0,145.0,-2.0,-100.83361644210196,-86.24053925814952,-162.32559057431794,19.877038705335444,2.842120673961409,2.8641356063925185,65.13276487588877,159.87232828140247,-0.0,-0.0522939449123231,,,,,,,,,,0.5,0.25000000000000006,0.19623914832273415,0.15946429339709034,0.7681965693092258,0.752866745749308,0.8671380173810577,0.03158691129184793,0.66015625,0.7011070110701106
1767328424,133683594,137_1767328424-133683594.png,0,-1,0,0,0.0,-9.574142156862743e-06,42.91,117.53,-127.0,143.0,-156.0,99.0,47.0,-4.0,-109.59381375991248,-45.620197953154005,-170.93570291775313,29.089516405240985,21.40346231340998,1.900963414059434,71.98190867900843,163.60487818717945,-0.0,-0.0522939449123231,,,,,,,,,,0.5,0.25000000000000006,0.1962263910239646,0.15961794949016905,0.7858136300417246,0.749308026888098,0.879952864928561,0.03915263854738037,0.60546875,0.6937269372693726
1767328424,167043945,138_1767328424-167043945.png,0,-1,0,0,0.0,-9.574142156862743e-06,42.89,117.79,-116.0,198.0,-169.0,85.0,-41.0,6.0,-111.46519580904496,-14.66538331838403,-169.54817803475757,38.45536909583508,19.75370327074726,1.6508415916912396,71.98190867900843,163.60487818717945,-0.0,-0.0522939449123231,,,,,,,,,,0.5,0.25000000000000006,0.19621363372519504,0.15977775182697093,0.7909133055169216,0.7710557532621589,0.8780380026513478,0.036504634007944015,0.5563616071428571,0.7306273062730627
1767328424,200405518,139_1767328424-200405518.png,0,-1,0,0,0.0,-9.574142156862743e-06,42.93,118.03,67.0,-82.0,3.0,26.0,3.0,-2.0,-90.6227981730383,-5.705428589597703,-149.0034299667829,40.68747036025396,12.91799060290119,1.5639211093653258,91.03132122755044,110.94940161705004,-0.0,-0.0522939449123231,,,,,,,,,,0.5,0.25000000000000006,0.19623914832273415,0.15992526167632648,0.8757533611497449,0.6603400553578489,0.9033731035498601,0.02534518630603367,0.5809151785714285,0.7011070110701106
1767328424,233765869,140_1767328424-233765869.png,0,-1,0,0,0.0,-9.574142156862743e-06,42.93,118.03,49.0,-118.0,38.0,35.0,-14.0,-6.0,-66.01532652105908,-24.15509723528481,-117.6162611542024,39.46540919056191,8.717886845137134,0.3630493309441086,103.83734339475626,138.0051941871642,-0.0,-0.0522939449123231,,,,,,,,,,0.5,0.25000000000000006,0.19623914832273415,0.15992526167632648,0.8674084376448771,0.6461051799130091,0.9085285019885109,0.02704747493852847,0.5714285714285714,0.6863468634686346
1767328424,267127197,141_1767328424-267127197.png,0,1,0,0,0.0,9.574142156862743e-06,42.92,117.92,-2.0,-12.0,-145.0,52.0,-53.0,-12.0,-56.6536081824772,-22.37751360213131,-121.62090916685146,41.29849065752487,-0.3078497166621361,-1.4449455967114917,94.62389099597924,133.21316123008717,-0.0,-0.0522939449123231,,,,,,,,,,0.5,0.75,0.19623276967334938,0.15985765299537186,0.8437644877144181,0.6880189798339265,0.8815731330092798,0.030262909022129754,0.5496651785714285,0.6642066420664207
1767328424,300487793,142_1767328424-300487793.png,0,1,0,100,0.0,9.574142156862743e-06,42.88,118.34,-195.0,171.0,-127.0,40.0,-52.0,-1.0,-64.76782351718003,2.5669204441507043,-104.84267367915288,39.11874469404549,-11.395728810137932,-3.0039488934495,104.77987182140345,137.59782195091236,-0.0,-0.0622546689995366,,,,,,,,,,0.5,0.75,0.19620725507581027,0.1601157952317441,0.7542883634677793,0.7603795966785291,0.8842244807777287,0.02799319084547002,0.5502232142857143,0.7047970479704797
1767328424,333849121,143_1767328424-333849121.png,0,1,0,0,0.0,9.574142156862743e-06,42.91,118.47,-185.0,210.0,32.0,26.0,-73.0,7.0,-89.43911729731376,40.64539510580575,-90.35099616085114,37.630343131962746,-21.953357824598864,-1.6555297402629354,114.104500234127,132.64688086509693,-0.0,-0.0410345263484943,,,,,,,,,,0.5,0.75,0.1962263910239646,0.16019569640014503,0.7589244320815948,0.7758007117437722,0.9076447193990279,0.02534518630603367,0.5385044642857143,0.7343173431734317
1767328424,400571045,144_1767328424-400571045.png,0,1,0,0,0.0,9.574142156862743e-06,42.89,117.98,-354.0,-44.0,-77.0,2.0,109.0,31.0,-120.52784442158688,49.52203448970474,-51.11119418296543,29.18572935686405,-6.948592073762788,6.493582140144864,131.52679467201227,126.03177475929247,-0.0,-0.0361120450431861,,,,,,,,,,0.5,0.75,0.19621363372519504,0.15989453045771074,0.6805748725081131,0.675365757216291,0.8915893356900869,0.020805749952714208,0.6400669642857143,0.8228782287822878
1767328424,433931396,145_1767328424-433931396.png,0,1,0,0,0.0,9.574142156862743e-06,42.89,117.98,-354.0,-44.0,-77.0,2.0,109.0,31.0,-134.8360886162414,43.79057540523941,-52.69777890704278,27.519663211699445,0.1572692881955877,7.995447791774074,106.48517680168146,126.71655559539782,-0.0,-0.0521255067454526,,,,,,,,,,0.5,0.75,0.19621363372519504,0.15989453045771074,0.6805748725081131,0.675365757216291,0.8915893356900869,0.020805749952714208,0.6400669642857143,0.8228782287822878
1767328424,467292725,146_1767328424-467292725.png,0,1,0,0,0.0,9.574142156862743e-06,42.72,117.98,-348.0,-94.0,-153.0,3.0,135.0,28.0,-166.0095685744931,23.63982984541441,-67.36615902219425,23.933862853885064,19.87691665286035,10.92095006506575,97.08976459503168,130.7275171279906,-0.0,-0.0289236214187938,,,,,,,,,,0.5,0.75,0.1961051966856538,0.15989453045771074,0.6833565136764024,0.6555950968762356,0.8803947562233024,0.020994893134102518,0.6545758928571428,0.8118081180811808
1767328424,500653320,147_1767328424-500653320.png,0,1,0,0,0.0,9.574142156862743e-06,42.72,117.74,23.0,89.0,-191.0,23.0,12.0,-5.0,-157.8579263837219,21.191237071088164,-86.74847286402566,21.50543915500601,31.83449626141639,9.019685555653696,81.74734479188913,126.85382699966418,-0.0,-0.0289236214187938,,,,,,,,,,0.5,0.75,0.1961051966856538,0.15974702060835516,0.8553546592489568,0.7279557137208382,0.8747974664899102,0.024777756761868736,0.5859375,0.6900369003690037
1767328424,534014648,148_1767328424-534014648.png,0,1,0,0,0.0,9.574142156862743e-06,42.73,117.83,23.0,89.0,-191.0,23.0,12.0,-5.0,-130.81752485629724,30.17391260641524,-103.45736298475458,21.973020297904878,27.502033737283845,6.5959003685695805,69.9367116093635,130.75889754295338,-0.0,-0.0371522726397954,,,,,,,,,,0.5,0.75,0.19611157533503856,0.1598023368018635,0.8553546592489568,0.7279557137208382,0.8747974664899102,0.024777756761868736,0.5859375,0.6900369003690037
1767328424,600736572,149_1767328424-600736572.png,0,1,0,0,0.0,9.574142156862743e-06,42.79,117.74,-38.0,54.0,-155.0,-17.0,137.0,-7.0,-103.74247648750752,35.44521843223923,-122.6608837050575,19.421275051654664,30.76607835732677,2.8156402518373507,69.9367116093635,130.75889754295338,-0.0,-0.0309755052930295,,,,,,,,,,0.5,0.75,0.19614984723134726,0.15974702060835516,0.8270746407046824,0.7141162514827996,0.8801001620268081,0.0172120295063363,0.6556919642857142,0.6826568265682657
1767328424,634096924,150_1767328424-634096924.png,0,-1,0,0,0.0,-9.574142156862743e-06,42.77,117.61,-104.0,56.0,-211.0,18.0,182.0,-4.0,-100.34034518055071,39.42201453059877,-137.27181172074518,17.30778339213409,58.44119757018077,1.305332522215683,110.8023388385772,131.34710121154774,-0.0,-0.0244540648826122,,,,,,,,,,0.5,0.25000000000000006,0.1961370899325777,0.15966711943995426,0.7964765878535002,0.7149070778964017,0.871851524524967,0.023832040854927183,0.6808035714285714,0.6937269372693726
1767328424,667458252,151_1767328424-667458252.png,0,-1,0,0,0.0,-9.574142156862743e-06,42.62,117.56,-62.0,28.0,-202.0,66.0,117.0,-4.0,-94.73338303428652,37.75163825188873,-146.73778026560197,24.4286221339954,67.00494385385062,0.5294709986606565,104.28750234842296,151.57213687896717,-0.0,-0.0217700696563038,,,,,,,,,,0.5,0.25000000000000006,0.196041410191806,0.15963638822133852,0.8159480760315252,0.7038355081059707,0.8731771984091914,0.032910913561566106,0.64453125,0.6937269372693726
1767328424,700818604,152_1767328424-700818604.png,0,-1,0,0,0.0,-9.574142156862743e-06,42.64,117.54,-44.0,99.0,134.0,-5.0,-5.0,14.0,-74.95123806556958,61.68452624904388,-78.23565815292311,23.71193294948536,52.52130494418365,2.319451638426869,98.27165913581842,144.59235882759083,-0.0,-0.0324266611907448,,,,,,,,,,0.5,0.25000000000000006,0.19605416749057555,0.15962409573389222,0.824292999536393,0.7319098457888493,0.9226690234202387,0.01948174768299603,0.5764508928571428,0.7601476014760147
1767328424,767540527,153_1767328424-767540527.png,0,-1,0,0,0.0,-9.574142156862743e-06,42.84,117.61,20.0,30.0,191.0,4.0,2.0,0.0,-64.54628766954312,69.49670962442318,-34.74413364971834,20.132883396782365,39.33387201722593,3.4945653469528297,97.71616870164866,146.91364979743946,-0.0,-0.0365788646895465,,,,,,,,,,0.5,0.25000000000000006,0.19618174047827114,0.15966711943995426,0.8539638386648122,0.7046263345195729,0.9310649580203271,0.021184036315490828,0.5803571428571428,0.7084870848708487
1767328424,800901855,154_1767328424-800901855.png,0,-1,0,0,0.0,-9.574142156862743e-06,42.9,117.72,5.0,65.0,-104.0,17.0,24.0,-13.0,-50.854560645712056,64.81598592116933,-13.810769109165484,18.14155412532803,34.230222790860935,2.093947093798626,86.61973750591272,154.7276597023009,-0.0,-0.0532401187630463,,,,,,,,,,0.5,0.25000000000000006,0.1962200123745798,0.1597347281209089,0.8470097357440889,0.7184657967576117,0.8876123140374135,0.02364289767353887,0.5926339285714285,0.6605166051660516
1767328424,834262207,155_1767328424-834262207.png,0,-1,0,0,0.0,-9.574142156862743e-06,42.9,117.52,-34.0,83.0,-67.0,17.0,3.0,-20.0,-44.397574694819845,66.9911651586422,-27.32301273559718,17.914882523005453,29.703787625965955,-1.7348616538073371,80.96586573123926,154.17026329040516,-0.0,-0.0575296339814948,,,,,,,,,,0.5,0.25000000000000006,0.1962200123745798,0.15961180324644592,0.8289290681502085,0.7255832344800316,0.8930623066725586,0.02364289767353887,0.5809151785714285,0.6346863468634686
1767328424,867623779,156_1767328424-867623779.png,0,-1,0,0,0.0,-9.574142156862743e-06,42.87,117.74,-25.0,37.0,-117.0,37.0,-40.0,-24.0,-41.28452549993078,63.03063233120522,-41.49194324922496,20.681612252862003,18.80053320968208,-5.476346736905011,80.51505738496775,154.65587162971485,-0.0,-0.0406710170842765,,,,,,,,,,0.5,0.25000000000000006,0.19620087642642547,0.15974702060835516,0.8331015299026425,0.7073942269671807,0.8856974517602004,0.027425761301305092,0.5569196428571428,0.6199261992619925
1767328424,934345459,157_1767328424-934345459.png,0,1,0,50,0.0,9.574142156862743e-06,42.63,118.09,25.0,29.0,-115.0,20.0,3.0,-28.0,-18.84739475767289,60.63643736912185,-46.766272580958834,21.959243334119417,12.915895425109364,-13.643087362637504,86.30634063482279,147.92971611022938,-0.0,-0.0252391698842343,,,,,,,,,,0.5,0.75,0.19604778884119078,0.1599621391386654,0.8562818729717199,0.7042309213127719,0.8859920459566947,0.024210327217703803,0.5809151785714285,0.6051660516605165
1767328424,967705811,158_1767328424-967705811.png,0,1,0,50,0.0,9.574142156862743e-06,42.63,118.09,25.0,29.0,-115.0,20.0,3.0,-28.0,-17.482568774849153,59.65169855022548,-48.89016533675645,21.898258497417974,12.607246033419242,-14.08997109447368,86.30491197109217,147.9251308441161,-0.0,-0.0304674517167476,,,,,,,,,,0.5,0.75,0.19604778884119078,0.1599621391386654,0.8562818729717199,0.7042309213127719,0.8859920459566947,0.024210327217703803,0.5809151785714285,0.6051660516605165
1767328425,1067383,159_1767328425-1067383.png,0,1,0,0,0.0,9.574142156862743e-06,42.67,118.04,46.0,-27.0,173.0,-9.0,25.0,-14.0,-8.198761902688906,46.979595798081405,-16.440542053171107,17.37964070812398,14.41958502127563,-14.07681355719549,64.68351507186884,143.19127345085133,-0.0,-0.0261404683475426,,,,,,,,,,0.5,0.75,0.1960733034387299,0.15993140792004965,0.8660176170607324,0.6820877817319099,0.9284136102518781,0.018725174957442785,0.5931919642857143,0.6568265682656826
1767328425,34427734,160_1767328425-34427734.png,0,1,0,0,0.0,9.574142156862743e-06,42.66,118.06,66.0,9.0,195.0,9.0,-24.0,-18.0,2.652200636351829,41.42539030077977,14.48090922471446,16.15418673715713,8.801034695892847,-14.650547512222593,77.035481929779,155.04031753540028,-0.0,-0.0298920026433638,,,,,,,,,,0.5,0.75,0.19606692478934512,0.15994370040749595,0.8752897542883634,0.6963226571767497,0.9316541464133157,0.022129752222432384,0.5658482142857143,0.6420664206642066
1767328425,67789063,161_1767328425-67789063.png,0,1,0,0,0.0,9.574142156862743e-06,42.44,118.05,56.0,-65.0,63.0,3.0,79.0,-9.0,9.604545278501677,26.150499520906376,11.67231596142684,15.581203443379213,11.155980030591476,-13.674039515844104,77.07444548606867,154.98414802551258,-0.0,-0.0298920026433638,,,,,,,,,,0.5,0.75,0.19592659450287997,0.1599375541637728,0.8706536856745479,0.6670620798734678,0.91221092944469,0.020994893134102518,0.6233258928571428,0.6752767527675276
1767328425,101149414,162_1767328425-101149414.png,0,1,0,0,0.0,9.574142156862743e-06,42.37,118.16,-69.0,68.0,38.0,21.0,51.0,-15.0,9.961873487743816,18.54903658739458,19.010473424590916,14.510086091942036,21.16457955171847,-13.233995750726098,98.54271560907358,145.80301237106312,-0.0,-0.0298920026433638,,,,,,,,,,0.5,0.75,0.19588194395718653,0.16000516284472743,0.8127028280018543,0.719652036378015,0.9085285019885109,0.024399470399092113,0.6077008928571428,0.6531365313653136
1767328425,134510742,163_1767328425-134510742.png,0,1,0,0,0.0,9.574142156862743e-06,42.38,118.25,-29.0,1.0,61.0,-24.0,47.0,-37.0,-0.0638942232278199,21.031230719790862,24.37376314553171,11.558982819486332,25.958618390825656,-15.530272435921423,67.28822880983347,161.1192340850829,-0.0,-0.0298920026433638,,,,,,,,,,0.5,0.75,0.1958883226065713,0.16006047903823578,0.8312471024571163,0.6931593515223409,0.9119163352481957,0.01588802723661812,0.60546875,0.5719557195571956
1767328425,167871338,164_1767328425-167871338.png,0,1,0,0,0.0,9.574142156862743e-06,42.44,118.21,247.0,41.0,-25.0,-92.0,24.0,-55.0,27.727958562996346,22.32203779205761,20.48543238306619,-2.665506245490476,26.862209375086657,-21.37923684594742,99.51031059026712,151.96475028991688,-0.0,-0.0298920026433638,,,,,,,,,,0.5,0.75,0.19592659450287997,0.16003589406334318,0.9592025961984236,0.7089758797943851,0.8992487847989395,0.0030262909022129754,0.5926339285714285,0.5055350553505534
1767328425,201232666,165_1767328425-201232666.png,0,1,0,0,0.0,9.574142156862743e-06,42.51,118.06,266.0,-7.0,-37.0,-68.0,4.0,-50.0,68.40038594198346,18.530290631073303,10.869896002181434,-14.594179332144376,23.442735741464123,-26.45825122983273,75.56837415695185,161.66917943954456,-0.0,-0.0298920026433638,,,,,,,,,,0.5,0.75,0.19597124504857344,0.15994370040749595,0.968011126564673,0.689996045867932,0.8974812196199735,0.00756572725553244,0.5814732142857143,0.5239852398523985
1767328425,234593262,166_1767328425-234593262.png,0,1,0,0,0.0,9.574142156862743e-06,42.54,118.04,226.0,-17.0,-91.0,-38.0,8.0,-45.0,91.44804151544987,13.334275997505207,-4.027743756624135,-18.017089320797474,21.18436184500076,-29.16983045506639,75.979050040245,161.2169575691222,-0.0,-0.0298920026433638,,,,,,,,,,0.5,0.75,0.19599038099672778,0.15993140792004965,0.9494668521094112,0.6860419137999209,0.8895271763146266,0.013240022697181768,0.5837053571428571,0.5424354243542435
1767328425,301314941,167_1767328425-301314941.png,0,-1,0,-50,0.0,-9.574142156862743e-06,42.67,117.71,71.0,107.0,359.0,-20.0,-53.0,0.0,84.19274862682852,28.93026139458467,71.71156589817149,-19.15254778461041,0.7485389000540539,-21.945055218294343,91.83397048711772,140.54385542869557,-0.0,-0.0298920026433638,,,,,,,,,,0.5,0.25000000000000006,0.1960733034387299,0.15972858187718575,0.8776077885952711,0.7350731514432582,0.9558108705258507,0.016644599962171366,0.5496651785714285,0.7084870848708487
1767328425,334676514,168_1767328425-334676514.png,0,-2,0,0,0.0,-1.914828431372549e-05,42.77,117.73,11.0,102.0,139.0,-22.0,-6.0,0.0,75.13461476443757,39.75325579139775,87.58621014553029,-19.514107485090605,-1.5275172694044032,-18.73577023853698,92.16022533178324,140.1879241466521,-0.0,-0.0298920026433638,,,,,,,,,,0.5,0.0,0.1961370899325777,0.15974087436463202,0.8497913769123783,0.7330960854092526,0.9234055089114745,0.016266313599394743,0.5758928571428571,0.7084870848708487
1767328425,368036865,169_1767328425-368036865.png,0,-2,0,0,0.0,-1.914828431372549e-05,42.8,117.51,-42.0,56.0,59.0,-14.0,-12.0,-5.0,56.30027652652621,43.78339787382946,84.77201654489775,-18.773776175849733,-3.177887166722847,-16.229128633855296,77.01716905832285,146.87395858764637,-0.0,-0.0298920026433638,,,,,,,,,,0.5,0.0,0.19615622588073203,0.15960565700272278,0.8252202132591562,0.7149070778964017,0.9116217410517014,0.017779459050501233,0.5725446428571428,0.6900369003690037
1767328425,401398438,170_1767328425-401398438.png,0,-1,0,0,0.0,-9.574142156862743e-06,42.78,117.42,-7.0,64.0,201.0,2.0,-51.0,-16.0,47.04312840590017,46.73991071464302,101.76940925225313,-15.735781183774352,-10.171480342471842,-16.19562044370724,99.50005018711084,141.3359601497649,-0.0,-0.030935570264787,,,,,,,,,,0.5,0.25000000000000006,0.19614346858196247,0.15955034080921443,0.8414464534075103,0.7180703835508105,0.9325379290027987,0.020805749952714208,0.55078125,0.6494464944649446
1767328425,434758789,171_1767328425-434758789.png,0,-1,0,0,0.0,-9.574142156862743e-06,42.79,117.23,-42.0,-4.0,-38.0,-12.0,-27.0,-15.0,28.47115180372861,39.25621255481219,94.2046701239642,-13.437725902258864,-19.253080730322043,-15.795380774105652,87.01287978887552,147.10752058029163,-0.0,-0.0411546084475086,,,,,,,,,,0.5,0.25000000000000006,0.19614984723134726,0.1594335621784746,0.8252202132591562,0.6911822854883353,0.8973339225217264,0.018157745413277852,0.5641741071428571,0.6531365313653136
1767328425,468120117,172_1767328425-468120117.png,0,-1,0,0,0.0,-9.574142156862743e-06,42.73,117.14,-25.0,-69.0,132.0,-24.0,5.0,-22.0,18.312399387600795,24.05795508957931,91.55579106911436,-14.6150235438227,-16.789848576506632,-16.489619420362185,87.01287978887552,147.10752058029163,-0.0,-0.0252630920524615,,,,,,,,,,0.5,0.25000000000000006,0.19611157533503856,0.15937824598496625,0.8331015299026425,0.6654804270462633,0.9223744292237444,0.01588802723661812,0.58203125,0.6273062730627306
1767328425,501480713,173_1767328425-501480713.png,0,1,0,0,0.0,9.574142156862743e-06,42.66,117.33,-112.0,-36.0,21.0,-6.0,35.0,-20.0,1.6415517671875888,14.3698308800584,84.28214203720111,-13.848858993809635,-10.038860202970763,-17.057840806779442,87.05573970079416,146.44480633735645,-0.0,-0.0357405805076912,,,,,,,,,,0.5,0.75,0.19606692478934512,0.15949502461570608,0.7927677329624477,0.6785290628706999,0.9060244513183091,0.01929260450160772,0.5987723214285714,0.6346863468634686
1767328425,568202637,174_1767328425-568202637.png,0,1,0,0,0.0,9.574142156862743e-06,42.71,117.58,-94.0,-49.0,-81.0,12.0,51.0,-16.0,-15.36523363038782,3.763947887224605,58.42927562772105,-9.860093547010942,0.0844684347296553,-16.981327230251605,108.24035513401026,122.05176377296436,-0.0,-0.0357405805076912,,,,,,,,,,0.5,0.75,0.19609881803626902,0.1596486807087848,0.8011126564673157,0.6733886911822855,0.8910001472970983,0.022697181766597317,0.6077008928571428,0.6494464944649446
1767328425,601563965,175_1767328425-601563965.png,0,1,0,0,0.0,9.574142156862743e-06,42.66,117.98,-23.0,-21.0,107.0,-5.0,-41.0,-25.0,-21.07703116831464,-7.741851264710272,53.929327930465874,-10.720466632480658,7.295062860299486,-19.07553539769468,114.99092113971705,124.66321611404406,-0.0,-0.0357405805076912,,,,,,,,,,0.5,0.75,0.19606692478934512,0.15989453045771074,0.8340287436254056,0.6844602609727165,0.9186920017675653,0.01948174768299603,0.5563616071428571,0.6162361623616236
1767328425,634924316,176_1767328425-634924316.png,0,1,0,0,0.0,9.574142156862743e-06,42.66,117.79,-25.0,-61.0,115.0,16.0,-45.0,-40.0,-21.53192113348801,-12.484461888119789,63.591093841018974,-8.444899168786202,-1.296260512154621,-21.018649571241237,114.99092113971705,124.66321611404406,-0.0,-0.0357405805076912,,,,,,,,,,0.5,0.75,0.19606692478934512,0.15977775182697093,0.8331015299026425,0.6686437327006722,0.9198703785535426,0.02345375449215056,0.5541294642857143,0.5608856088560885
1767328425,668285889,177_1767328425-668285889.png,0,1,0,0,0.0,9.574142156862743e-06,42.66,118.07,12.0,-105.0,-76.0,78.0,-51.0,-30.0,-17.824462208396533,-27.34569155461573,51.1057004403062,3.7754077718368473,-10.687131934368953,-23.59952955331005,114.27412158250804,122.5221834182738,-0.0,-0.0357405805076912,,,,,,,,,,0.5,0.75,0.19606692478934512,0.15994984665121909,0.8502549837737597,0.6512455516014235,0.8917366327883341,0.03518063173822584,0.55078125,0.5977859778597785
1767328425,701646240,178_1767328425-701646240.png,0,1,0,0,0.0,9.574142156862743e-06,42.63,118.34,-81.0,35.0,-50.0,42.0,19.0,-14.0,-26.270792189345865,-20.29178359187613,32.94202225083922,11.337938224259254,-7.416933859364302,-22.3657673866635,76.85417151451105,141.58514070510853,-0.0,-0.0357405805076912,,,,,,,,,,0.5,0.75,0.19604778884119078,0.1601157952317441,0.8071395456652758,0.7066034005535785,0.8955663573427604,0.028371477208246645,0.58984375,0.6568265682656826
1767328425,735007813,179_1767328425-735007813.png,0,1,0,0,0.0,9.574142156862743e-06,42.57,118.42,-197.0,72.0,-29.0,42.0,-4.0,-4.0,-51.238543547557846,-6.794864495973933,23.88350771770216,15.82201417332517,-6.91723520731714,-19.67992400055978,108.64739441871636,135.3640809059142,-0.0,-0.0357405805076912,,,,,,,,,,0.5,0.75,0.1960095169448821,0.16016496518152928,0.7533611497450161,0.7212336892052195,0.8986595964059508,0.028371477208246645,0.5770089285714285,0.6937269372693726
1767328425,768368164,180_1767328425-768368164.png,0,1,0,0,0.0,9.574142156862743e-06,42.62,118.4,-211.0,49.0,-46.0,22.0,-49.0,-12.0,-74.60235090355654,1.364678453148064,13.663615836809871,16.725494110900026,-13.071495636939158,-18.55679787964085,73.922813296318,138.47604370117176,-0.0,-0.0357405805076912,,,,,,,,,,0.5,0.75,0.196041410191806,0.160152672694083,0.7468706536856745,0.712139185448794,0.8961555457357491,0.024588613580480426,0.5518973214285714,0.6642066420664207
1767328425,801729492,181_1767328425-801729492.png,0,1,0,0,0.0,9.574142156862743e-06,42.6,118.58,-261.0,-186.0,-353.0,-19.0,-14.0,19.0,-87.40344296010146,-0.4100382368559252,-20.372128675739503,13.81040364340377,-2.18015231253574,-15.89198704601431,90.55700486898417,146.26727056503285,-0.0,-0.0357405805076912,,,,,,,,,,0.5,0.75,0.19602865289303645,0.16026330508109965,0.723690310616597,0.6192170818505338,0.8509353365738695,0.016833743143559676,0.5714285714285714,0.7785977859778597
1767328425,835090088,182_1767328425-835090088.png,0,-1,0,-100,0.0,-9.574142156862743e-06,42.51,118.47,-284.0,-265.0,-392.0,38.0,-106.0,7.0,-113.50643548132476,-30.010065018075977,-70.23017889519289,10.786373818010588,-6.772367525706507,-11.162839845647213,100.03813689947124,137.4029481410979,-0.0,-0.0395964969482536,,,,,,,,,,0.5,0.25000000000000006,0.19597124504857344,0.16019569640014503,0.7130273528048214,0.5879794385132463,0.8451907497422302,0.027614904482693402,0.5200892857142857,0.7343173431734317
1767328425,868451416,183_1767328425-868451416.png,0,-1,0,0,0.0,-9.574142156862743e-06,42.61,118.68,-323.0,-65.0,-189.0,-23.0,40.0,21.0,-145.36063998744024,-58.36329242125301,-113.39655107108052,11.750978487164629,-14.972992917140116,-7.166016752275947,99.80760252475731,137.67534160614002,-0.0,-0.0372356115960517,,,,,,,,,,0.5,0.25000000000000006,0.19603503154242122,0.16032476751833116,0.694946685210941,0.6670620798734678,0.8750920606864045,0.016077170418006433,0.6015625,0.7859778597785977
1767328425,935173340,184_1767328425-935173340.png,0,-1,0,0,0.0,-9.574142156862743e-06,42.68,118.88,-302.0,-94.0,-568.0,76.0,206.0,-8.0,-181.9937568010598,-64.0876767454979,-185.7203398573596,18.46172393674573,21.590170852186358,-5.111639883475111,66.2962166666984,112.25964140892016,-0.0,-0.030912673454982,,,,,,,,,,0.5,0.25000000000000006,0.1960796820881147,0.1604476923927941,0.7046824292999536,0.6555950968762356,0.8192664604507292,0.03480234537544922,0.6941964285714285,0.6789667896678966
1767328425,968533691,185_1767328425-968533691.png,0,-1,0,0,0.0,-9.574142156862743e-06,42.71,118.98,-307.0,-23.0,-662.0,157.0,226.0,2.0,-200.27489825564192,-58.07893981042169,-255.3723477586876,38.72181460722332,51.48343782615001,-4.071620670379051,65.49460643529886,113.05790758132922,-0.0,-0.0288161358420889,,,,,,,,,,0.5,0.25000000000000006,0.19609881803626902,0.16050915483002562,0.7023643949930458,0.6836694345591142,0.8054205332154957,0.05012294306790241,0.7053571428571428,0.7158671586715867
1767328426,1895264,186_1767328426-1895264.png,0,-1,0,0,0.0,-9.574142156862743e-06,42.79,119.5,17.0,-171.0,-599.0,307.0,67.0,-4.0,-168.50022006440895,-74.5927220160177,-305.62508360270544,77.95530671800408,53.75260823500344,-4.061146732655894,88.38504636287684,132.3472623825072,-0.0,-0.0288161358420889,,,,,,,,,,0.5,0.25000000000000006,0.19614984723134726,0.16082875950362935,0.8525730180806675,0.6251482799525504,0.8147002504050671,0.07849442027614906,0.6166294642857143,0.6937269372693726
1767328426,35255615,187_1767328426-35255615.png,0,-1,0,0,0.0,-9.574142156862743e-06,42.93,124.21,-54.0,-54.0,-693.0,712.0,98.0,-17.0,-120.2330403532458,-67.77509396893673,-378.94591217689504,155.36512444963478,54.59817851454261,-4.738606641785987,88.4893388152122,134.53328800201405,-0.0,-0.0288161358420889,,,,,,,,,,0.5,0.25000000000000006,0.19623914832273415,0.16372364029723233,0.8196569309225776,0.6714116251482799,0.8008543231698336,0.155097408738415,0.6339285714285714,0.6457564575645756
1767328426,68616943,188_1767328426-68616943.png,0,-1,0,0,0.0,-9.574142156862743e-06,44.61,130.65,-243.0,-181.0,-810.0,1071.0,216.0,-7.0,-127.88501227207612,-79.7855189988467,-463.0413442257584,322.4326536940207,78.31890261661944,-6.291018479499668,123.26106584072107,161.7461259365081,-0.0,-0.0288161358420889,,,,,,,,,,0.5,0.25000000000000006,0.1973107614193771,0.16768182125494002,0.7320352341214649,0.6211941478845393,0.7836205626749153,0.2229998108568186,0.6997767857142857,0.6826568265682657
1767328426,101977539,189_1767328426-101977539.png,0,-1,0,0,0.0,-9.574142156862743e-06,47.8,140.05,-131.0,-429.0,-816.0,1363.0,236.0,-16.0,-131.41254102255462,-124.0530254029654,-514.4940923331905,466.5980144342038,100.82990530826582,-7.464021561737038,123.26106584072107,161.7461259365081,-0.0,-0.0288161358420889,,,,,,,,,,0.5,0.25000000000000006,0.19934555057312167,0.1734592903546997,0.7839592025961983,0.5231316725978647,0.7827367800854323,0.2782296198222054,0.7109375,0.6494464944649446
1767328426,135339111,190_1767328426-135339111.png,0,-1,0,0,0.0,-9.574142156862743e-06,51.22,150.12,71.0,-702.0,-894.0,1736.0,173.0,-33.0,-101.80039796039635,-216.6769213621153,-578.0061586935816,676.0592939811462,114.97629648657222,-11.42529077701784,124.04241502284998,174.2167601585387,-0.0,-0.0288161358420889,,,,,,,,,,0.5,0.25000000000000006,0.20152704866271617,0.17964855778391034,0.8776077885952711,0.4151838671411625,0.7712476064221535,0.3487800264800454,0.67578125,0.5867158671586715
1767328426,168699951,191_1767328426-168699951.png,0,0,0,50,0.0,0.0,54.89,166.81,-18.0,-784.0,-1161.0,2032.0,301.0,-31.0,-89.54527461726664,-299.64328516622425,-663.2642434686884,874.3545408138003,142.1807428470805,-14.287932026608516,102.3080238103866,183.2692217826842,-0.0,-0.0288161358420889,,,,,,,,,,0.5,0.5,0.20386801298693016,0.18990663855784534,0.8363467779323134,0.38275998418347174,0.7319192811901606,0.40476640817098547,0.7472098214285714,0.5940959409594095
1767328426,202062012,192_1767328426-202062012.png,0,1,0,50,0.0,9.574142156862743e-06,58.64,178.09,-52.0,-833.0,-1077.0,2443.0,453.0,-40.0,-84.05458504317022,-377.64234585402,-723.7697166067819,1103.7561194680254,187.63551903596155,-18.04811183589492,108.10008633136744,201.7465546131133,-0.0,-0.0288161358420889,,,,,,,,,,0.5,0.75,0.2062600065062224,0.19683960147755697,0.8205841446453407,0.36338473705021745,0.7442922374429224,0.48250425572158123,0.83203125,0.5608856088560885
1767328426,235422852,193_1767328426-235422852.png,0,1,0,0,0.0,9.574142156862743e-06,66.31,199.29,-165.0,-964.0,-1337.0,2949.0,380.0,-73.0,-97.22546799077848,-495.79759667010205,-840.8819330338204,1489.4525201653423,230.3649150264108,-29.79838952486175,85.3717347979545,144.2683811187743,-0.0,-0.0288161358420889,,,,,,,,,,0.5,0.75,0.21115243058434807,0.20986963817063198,0.7681965693092258,0.3115856069592724,0.7059949918986597,0.5782107055040666,0.7912946428571428,0.4391143911439114
1767328426,302145752,194_1767328426-302145752.png,0,1,0,0,0.0,9.574142156862743e-06,73.22,216.4,98.0,-1321.0,-1832.0,3427.0,413.0,-68.0,-97.10273041337254,-680.2624128650538,-1018.733513850682,2014.3221208327848,276.22281141743406,-41.949974015635824,87.17665660381311,168.6478111743926,-0.0,-0.0288161358420889,,,,,,,,,,0.5,0.75,0.21556007730923055,0.22038586118093922,0.890125173852573,0.17042309213127715,0.6330829282663132,0.6686211462076793,0.8097098214285714,0.4575645756457564
1767328426,335507813,195_1767328426-335507813.png,0,1,0,0,0.0,9.574142156862743e-06,73.22,216.4,98.0,-1321.0,-1832.0,3427.0,413.0,-68.0,-91.02982055727604,-700.2064782291775,-1044.0478395339,2058.294162626907,280.4802379274185,-42.76082612014934,85.68032616376871,177.82894682884205,-0.0,-0.0301536565861577,,,,,,,,,,0.5,0.75,0.21556007730923055,0.22038586118093922,0.890125173852573,0.17042309213127715,0.6330829282663132,0.6686211462076793,0.8097098214285714,0.4575645756457564
1767328426,368868652,196_1767328426-368868652.png,0,1,0,0,0.0,9.574142156862743e-06,73.91,218.31,227.0,-1347.0,-1863.0,3495.0,453.0,-79.0,-46.6873628715629,-809.8429554760684,-1183.0246107965695,2300.983405189973,307.0019919858247,-48.11811347506614,85.56408488750452,179.1464943885802,-0.0,-0.016652253798601,,,,,,,,,,0.5,0.75,0.21600020411678034,0.22155979373206064,0.9499304589707926,0.16014234875444833,0.628516718220651,0.6814828825420844,0.83203125,0.4169741697416974
1767328426,435591553,197_1767328426-435591553.png,0,1,0,0,0.0,9.574142156862743e-06,74.73,221.16,-105.0,-1165.0,-1530.0,3694.0,259.0,-114.0,-30.05012161822617,-925.3601392710814,-1333.4526597409824,2663.7119848701404,314.3185034418412,-61.48614170839217,97.66408741474146,225.1931695938109,-0.0,-0.016652253798601,,,,,,,,,,0.5,0.75,0.2165232533663322,0.22331147319315797,0.7960129809921186,0.2321075523922499,0.6775666519369569,0.7191223756383583,0.7237723214285714,0.2878228782287823
1767328426,468953613,198_1767328426-468953613.png,0,1,0,0,0.0,9.574142156862743e-06,75.08,222.5,-162.0,-1163.0,-1533.0,3780.0,215.0,-96.0,-36.41761738509666,-939.9841152587018,-1345.5913621352922,2729.529657155891,309.5587558233711,-64.14415060187821,98.28243905305855,225.7252037525176,-0.0,-0.016652253798601,,,,,,,,,,0.5,0.75,0.2167465060947995,0.2241350698520599,0.7695873898933704,0.23289837880585207,0.6771247606422154,0.735388689237753,0.69921875,0.35424354243542433
1767328426,502314453,199_1767328426-502314453.png,0,1,0,0,0.0,9.574142156862743e-06,75.38,223.2,43.0,-1237.0,-1585.0,3821.0,361.0,-84.0,-40.12981033191787,-998.62261244139,-1393.6573850542957,2969.1917607703144,309.7752235017893,-69.50935348642759,93.63421666622156,219.6492962837218,-0.0,-0.016652253798601,,,,,,,,,,0.5,0.75,0.21693786557634287,0.22456530691268028,0.8646267964765878,0.20363780150257016,0.6694653115333629,0.7431435596746738,0.7806919642857142,0.3985239852398524
1767328426,535676514,200_1767328426-535676514.png,0,0,0,0,0.0,0.0,75.81,223.53,-33.0,-1296.0,-1900.0,3949.0,437.0,-97.0,-39.28269353970284,-1033.9550219864518,-1453.817657455146,3085.606079519638,324.8912279311032,-72.77560983917274,83.2992632389068,189.7291452884673,-0.0,-0.016652253798601,,,,,,,,,,0.5,0.5,0.21721214749988838,0.2247681329555442,0.8293926750115901,0.18030842230130484,0.623066725585506,0.7673538868923776,0.8231026785714285,0.3505535055350553
1767328426,569037354,201_1767328426-569037354.png,0,0,0,0,0.0,0.0,76.72,224.24,-208.0,-1353.0,-2058.0,4123.0,467.0,-93.0,-63.78926007519907,-1083.54748071624,-1556.4489660858671,3256.4620979806423,342.32140097823503,-77.1828231921293,107.02560132741922,232.98052763938887,-0.0,-0.016652253798601,,,,,,,,,,0.5,0.5,0.21779260459390332,0.22520451625988774,0.7482614742698191,0.1577698695136417,0.5997937840624541,0.8002648004539438,0.83984375,0.3653136531365313
1767328426,635760498,202_1767328426-635760498.png,0,-1,0,-50,0.0,-9.574142156862743e-06,77.44,224.83,-116.0,-1239.0,-2205.0,4351.0,420.0,-121.0,-118.14381903979204,-1149.3628638567634,-1703.0862286423087,3509.9516766554184,368.2823958336055,-84.32601768862928,85.29237902164454,189.4500172138213,-0.0,-0.016652253798601,,,,,,,,,,0.5,0.25000000000000006,0.21825186734960741,0.22556714463955352,0.7909133055169216,0.20284697508896793,0.5781411106201209,0.8433894458104786,0.8136160714285714,0.2619926199261992
1767328426,669122314,203_1767328426-669122314.png,0,-2,0,-50,0.0,-1.914828431372549e-05,77.44,224.83,-116.0,-1239.0,-2205.0,4351.0,420.0,-121.0,-117.94979542957417,-1157.47535863421,-1748.511294904593,3586.069683368735,372.9630316922914,-87.64514972218457,108.53388059139246,234.9444544315337,-0.0,-0.016652253798601,,,,,,,,,,0.5,0.0,0.21825186734960741,0.22556714463955352,0.7909133055169216,0.20284697508896793,0.5781411106201209,0.8433894458104786,0.8136160714285714,0.2619926199261992
1767328426,702483398,204_1767328426-702483398.png,0,-2,0,0,0.0,-1.914828431372549e-05,78.29,225.31,-55.0,-1455.0,-2313.0,4479.0,554.0,-102.0,-97.29443436775448,-1198.549178599489,-1830.76177426085,3725.647060524544,400.42358726422657,-91.11773367613358,89.15392720699305,197.40101194381705,-0.0,-0.016652253798601,,,,,,,,,,0.5,0.0,0.21879405254731366,0.22586216433826467,0.819193324061196,0.11743772241992878,0.5622330240094271,0.8675997730281825,0.8883928571428571,0.3321033210332103
1767328426,735845459,205_1767328426-735845459.png,0,-1,0,50,0.0,-9.574142156862743e-06,78.76,225.51,-76.0,-1338.0,-2242.0,4550.0,574.0,-128.0,-91.27223339916324,-1235.6978224246177,-1909.749304046952,3860.1901046300486,428.1898212359632,-94.5917683609228,115.14989244937892,239.81214427947987,-0.0,-0.0281677404867049,,,,,,,,,,0.5,0.25000000000000006,0.21909384906839827,0.22598508921272764,0.8094575799721835,0.1637010676156584,0.5726911179849757,0.8810289389067525,0.8995535714285714,0.2361623616236162
1767328426,769206299,206_1767328426-769206299.png,0,-1,0,0,0.0,-9.574142156862743e-06,79.21,225.4,-81.0,-1337.0,-2346.0,4685.0,546.0,-133.0,-89.49131270507507,-1250.568176105035,-1967.750640479432,3973.287167320548,446.9792639286556,-99.9299678376779,114.91766965389246,239.529863834381,-0.0,-0.0406538654152246,,,,,,,,,,0.5,0.25000000000000006,0.21938088829071334,0.22591748053177296,0.8071395456652758,0.16409648082245942,0.5573722197672706,0.9065632683941744,0.8839285714285714,0.2177121771217712
1767328426,802568359,207_1767328426-802568359.png,0,-1,0,0,0.0,-9.574142156862743e-06,79.57,224.93,-66.0,-1382.0,-2471.0,4780.0,536.0,-128.0,-86.8919717324621,-1267.280791639966,-2034.3794837733035,4085.9672065649024,460.5552000758424,-104.31367114840462,96.93300122022625,223.5486352443694,-0.0,-0.0406538654152246,,,,,,,,,,0.5,0.25000000000000006,0.21961051966856537,0.225628607076785,0.814093648585999,0.14630288651640966,0.5389600824863751,0.924531870626064,0.8783482142857142,0.2361623616236162
1767328426,835929443,208_1767328426-835929443.png,0,-1,0,0,0.0,-9.574142156862743e-06,79.96,224.39,-75.0,-1492.0,-2525.0,4849.0,541.0,-137.0,-84.3508140657187,-1300.175637490141,-2116.250646952956,4214.10566603209,474.1873752239605,-109.47638056553843,82.39362031221384,169.39893507957447,-0.0,-0.0406538654152246,,,,,,,,,,0.5,0.25000000000000006,0.21985928699457177,0.22529670991573497,0.8099211868335651,0.10280743376828783,0.5310060391810282,0.9375827501418574,0.8811383928571428,0.20295202952029512
1767328426,902652344,209_1767328426-902652344.png,0,1,0,100,0.0,9.574142156862743e-06,80.37,223.16,-94.0,-1599.0,-2541.0,4866.0,500.0,-158.0,-85.76192865065534,-1343.8762583657258,-2178.36676857288,4309.439884769807,477.96226064383393,-116.5725633486494,82.8702744841575,167.40663695335377,-0.0,-0.0406538654152246,,,,,,,,,,0.5,0.75,0.22012081161934774,0.22454072193778768,0.8011126564673157,0.06049822064056942,0.5286492856090735,0.9407981842254588,0.8582589285714286,0.1254612546125461
1767328426,936014404,210_1767328426-936014404.png,0,1,0,0,0.0,9.574142156862743e-06,81.72,216.32,-224.0,-1599.0,-2824.0,5038.0,485.0,-138.0,-98.40972696817543,-1458.3672639754438,-2358.7761567208827,4538.494336128384,487.3134440604968,-125.46455939902968,99.59291332960125,223.3048996925353,-0.0,-0.0406538654152246,,,,,,,,,,0.5,0.75,0.22098192928629293,0.22033669123115407,0.7408437644877144,0.06049822064056942,0.486964206805126,0.9733308114242483,0.8498883928571428,0.19926199261992616
1767328426,969375244,211_1767328426-969375244.png,0,1,0,0,0.0,9.574142156862743e-06,82.23,214.41,-156.0,-1725.0,-2716.0,5100.0,522.0,-159.0,-100.20232380149116,-1466.6666689459985,-2369.8953665550357,4555.972170872958,488.3931230941666,-126.50840797727702,85.4313490390777,176.31093716621388,-0.0,-0.0406538654152246,,,,,,,,,,0.5,0.75,0.22130724040491667,0.21916275868003265,0.7723690310616597,0.010676156583629859,0.5028722934158197,0.9850576886703235,0.8705357142857142,0.12177121771217714
1767328427,2737305,212_1767328427-2737305.png,0,1,0,0,0.0,9.574142156862743e-06,82.53,212.57,-156.0,-1725.0,-2716.0,5100.0,522.0,-159.0,-106.83183374269308,-1497.360122563554,-2411.0172243893367,4620.609950565737,492.3860693908428,-130.36884351860294,85.84760969877237,174.32924246788014,-0.0,-0.0406538654152246,,,,,,,,,,0.5,0.75,0.22149859988646006,0.2180318498349733,0.7723690310616597,0.010676156583629859,0.5028722934158197,0.9850576886703235,0.8705357142857142,0.12177121771217714
1767328427,36098389,213_1767328427-36098389.png,0,1,0,0,0.0,9.574142156862743e-06,82.76,211.14,-226.0,-1752.0,-2890.0,5146.0,512.0,-127.0,-127.64912624084818,-1543.4852086972128,-2483.8670213140654,4710.402246722148,491.8720627950848,-132.46341828531402,88.57934463024134,152.8029942512511,-0.0,-0.0406538654152246,,,,,,,,,,0.5,0.75,0.22164530882230998,0.21715293698256305,0.7399165507649512,0.0,0.4772425983208131,0.9937582750141859,0.8649553571428571,0.2398523985239852
1767328427,102821289,214_1767328427-102821289.png,0,1,0,0,0.0,9.574142156862743e-06,82.97,209.99,-75.0,-1617.0,-2551.0,5117.0,534.0,-129.0,-129.2372545044648,-1568.8489437290414,-2524.232695127037,4793.450709967487,498.4826415194661,-131.6162066022696,88.57934463024134,152.8029942512511,-0.0,-0.0406538654152246,,,,,,,,,,0.5,0.75,0.22177926045939034,0.21644611895440102,0.8099211868335651,0.053380782918149405,0.527176314626602,0.9882731227539249,0.8772321428571428,0.2324723247232472
1767328427,136183105,215_1767328427-136183105.png,0,1,0,0,0.0,9.574142156862743e-06,83.11,210.12,-105.0,-1515.0,-2419.0,5099.0,452.0,-117.0,-124.8699003837506,-1563.771678465434,-2512.463829883423,4838.628508770812,493.9340686006875,-129.47870583760576,90.10671603679651,212.0794517993926,-0.0,-0.0406538654152246,,,,,,,,,,0.5,0.75,0.22186856155077725,0.21652602012280192,0.7960129809921186,0.09371293001186232,0.5466195315952276,0.9848685454889352,0.8314732142857142,0.27675276752767525
1767328427,169543457,216_1767328427-169543457.png,-1,1,-50,0,-9.574142156862743e-06,9.574142156862743e-06,83.24,210.47,-146.0,-1533.0,-2553.0,5148.0,391.0,-130.0,-127.38043872527844,-1560.1155916497698,-2517.2800688574266,4875.385978191791,481.70412503370335,-129.54064255374405,97.00001853704448,216.97078442573536,-0.0,-0.0265967035088315,,,,,,,,,,0.25000000000000006,0.75,0.22195148399277936,0.21674113865311212,0.7770050996754752,0.08659549228944241,0.5268817204301075,0.9941365613769625,0.7974330357142857,0.22878228782287818
1767328427,202904785,217_1767328427-202904785.png,-1,1,0,0,-9.574142156862743e-06,9.574142156862743e-06,83.42,210.78,-61.0,-1660.0,-2847.0,5171.0,499.0,-139.0,-118.16765130026796,-1574.0022813676649,-2566.4481605856754,4925.861748668704,484.1253725023704,-131.39666395295066,84.44881802797312,206.5387308597564,-0.0,-0.0072334322358656,,,,,,,,,,0.25000000000000006,0.75,0.2220662996817054,0.2169316722085297,0.8164116828929068,0.036378015025701815,0.4835763735454412,0.9984868545488936,0.8577008928571428,0.1955719557195572
1767328427,236265137,218_1767328427-236265137.png,-1,-1,0,-100,-9.574142156862743e-06,-9.574142156862743e-06,83.35,210.7,-36.0,-1532.0,-2748.0,5179.0,457.0,-167.0,-109.76738414968364,-1580.2389579369285,-2630.725241766556,4972.508052586766,484.1220013904823,-134.42661446548337,90.76104402542109,171.222438097,-0.0,-0.0209974582615211,,,,,,,,,,0.25000000000000006,0.25000000000000006,0.22202164913601197,0.21688250225874456,0.8280018544274454,0.08699090549624355,0.49815878627191046,1.0,0.8342633928571428,0.09225092250922506
1767328427,269626465,219_1767328427-269626465.png,-1,-1,0,0,-9.574142156862743e-06,-9.574142156862743e-06,83.37,210.91,-97.0,-1590.0,-2771.0,5145.0,477.0,-167.0,-102.5398882839723,-1577.1516848506335,-2653.0738438722487,5005.116147107987,481.24494581946,-140.05583382427494,90.73091220855709,171.42977809905994,-0.0,0.0079241621028656,,,,,,,,,,0.25000000000000006,0.25000000000000006,0.2220344064347815,0.21701157337693067,0.799721835883171,0.06405693950177938,0.4947709530122257,0.9935691318327975,0.8454241071428571,0.09225092250922506
1767328427,302986816,220_1767328427-302986816.png,1,-1,0,0,9.574142156862743e-06,-9.574142156862743e-06,83.49,211.02,-21.0,-1568.0,-2671.0,5029.0,455.0,-160.0,-94.8514417478621,-1576.4167518008094,-2658.4382434656195,5011.790666485653,478.0102630475845,-143.16450433709937,94.1769790053367,209.00689363479603,-0.0,0.0079241621028656,,,,,,,,,,0.75,0.25000000000000006,0.22211095022739885,0.2170791820578853,0.8349559573481686,0.07275603005140374,0.5095006628369422,0.9716285227917535,0.8331473214285714,0.11808118081180807
1767328427,336348145,221_1767328427-336348145.png,1,-1,0,0,9.574142156862743e-06,-9.574142156862743e-06,83.55,211.06,-203.0,-1458.0,-2767.0,4928.0,428.0,-150.0,-105.67530526305649,-1562.116399947876,-2671.6813812073283,5002.3072405099465,471.4372391411597,-144.4384242908406,94.1135982871055,208.73306727409351,-0.0,0.0079241621028656,,,,,,,,,,0.75,0.25000000000000006,0.22214922212370752,0.2171037670327779,0.7505795085767268,0.11625148279952546,0.49536014140521434,0.952525061471534,0.8180803571428571,0.15498154981549817
1767328427,369708496,222_1767328427-369708496.png,0,-1,-50,0,0.0,-9.574142156862743e-06,83.5,210.73,-95.0,-1474.0,-2609.0,4831.0,266.0,-174.0,-107.07640253429852,-1548.791241264809,-2666.848437771849,4979.91551698176,445.83713198525606,-148.10328016371045,94.88715475797648,197.67455172538743,-0.0,0.0079241621028656,,,,,,,,,,0.5,0.25000000000000006,0.22211732887678365,0.21690094098991397,0.8006490496059341,0.10992487149070773,0.5186330829282664,0.9341781728768679,0.7276785714285714,0.06642066420664205
1767328427,403069824,223_1767328427-403069824.png,0,-1,0,0,0.0,-9.574142156862743e-06,83.52,209.61,-151.0,-1268.0,-2387.0,4260.0,397.0,-142.0,-95.82238299973662,-1515.0016131188222,-2607.009129069305,4895.600430406167,422.0947702939347,-151.1575366173131,93.5431718230247,208.7446737289428,-0.0,0.0079241621028656,,,,,,,,,,0.5,0.25000000000000006,0.2221300861755532,0.21621256169292136,0.7746870653685674,0.19137999209173584,0.5513330387391369,0.8261774163041423,0.80078125,0.18450184501845013
1767328427,469791260,224_1767328427-469791260.png,0,-1,0,0,0.0,-9.574142156862743e-06,83.5,209.05,-274.0,-1132.0,-2343.0,3972.0,355.0,-125.0,-117.91063196409225,-1453.6474675251086,-2559.341062996257,4743.327966284296,413.3106947712951,-147.8006157874796,93.45550382137291,208.3808615207671,-0.0,0.0079241621028656,,,,,,,,,,0.5,0.25000000000000006,0.22211732887678365,0.21586837204442505,0.7176634214186369,0.24515618821668644,0.5578141110620121,0.7717041800643087,0.77734375,0.24723247232472323
1767328427,503151611,225_1767328427-503151611.png,0,-1,0,0,0.0,-9.574142156862743e-06,83.24,208.72,-256.0,-1014.0,-2210.0,3662.0,337.0,-122.0,-142.2531015454656,-1380.804933642745,-2502.5035887967024,4564.694779492788,400.6012901223546,-143.4215670724607,95.5243387818336,129.97997546195973,-0.0,0.0079241621028656,,,,,,,,,,0.5,0.25000000000000006,0.22195148399277936,0.21566554600156113,0.7260083449235049,0.2918149466192171,0.577404625128885,0.7130697938339324,0.7672991071428571,0.2583025830258302
1767328427,536512939,226_1767328427-536512939.png,0,1,0,0,0.0,9.574142156862743e-06,81.36,206.17,-169.0,-709.0,-1656.0,2817.0,243.0,-105.0,-163.79305258695834,-1245.6794532397655,-2344.4249645763275,4232.058093716957,364.9767872035523,-135.89800907160148,108.43699121475214,212.88445258140555,-0.0,0.0079241621028656,,,,,,,,,,0.5,0.75,0.22075229790844086,0.21409825385215825,0.7663421418636995,0.41241597469355473,0.6590072175578141,0.5532438055608097,0.71484375,0.3210332103321033
1767328427,569873291,227_1767328427-569873291.png,0,1,0,0,0.0,9.574142156862743e-06,80.17,201.11,-174.0,-558.0,-1173.0,2256.0,193.0,-61.0,-165.14859294180113,-1149.253650361706,-2186.361582001537,3958.463111561633,341.19801043554946,-126.1516394836142,123.03286927938456,149.1247510910033,-0.0,0.0079241621028656,,,,,,,,,,0.5,0.75,0.21999323863165215,0.21098825452824505,0.7640241075567917,0.4721233689205219,0.7301517160111947,0.4471344808019671,0.6869419642857142,0.48339483394833943
1767328427,603234619,228_1767328427-603234619.png,0,1,0,0,0.0,9.574142156862743e-06,77.9,196.18,-332.0,-267.0,-975.0,1746.0,14.0,-78.0,-189.78447111347,-1004.5188761617912,-1982.2800710189904,3589.666017350001,289.4096578496118,-117.3784704910668,124.3343819379806,143.65237927436817,-0.0,0.0079241621028656,,,,,,,,,,0.5,0.75,0.21854528522130726,0.2079581563727328,0.6907742234585071,0.5871886120996441,0.7593165414641332,0.35067145829392854,0.5870535714285714,0.4206642066420664
1767328427,669956055,229_1767328427-669956055.png,0,1,0,0,0.0,9.574142156862743e-06,68.08,178.8,-127.0,-178.0,-547.0,643.0,-94.0,-54.0,-183.3266605997237,-856.1568524203362,-1751.384419484058,3154.395504595941,221.591544609198,-110.39293767466064,136.76661372184748,237.6981933116912,-0.0,-0.0237496996798175,,,,,,,,,,0.5,0.75,0.21228145152545402,0.19727598478190053,0.7858136300417246,0.6223803875049426,0.8223596995139196,0.14204652922262154,0.5267857142857143,0.5092250922509225
1767328427,703316406,230_1767328427-703316406.png,0,1,0,0,0.0,9.574142156862743e-06,62.63,162.81,-6.0,-192.0,-355.0,303.0,7.0,-6.0,-151.68042833767606,-690.238543396306,-1425.004401186267,2482.6515653166684,158.19634597770064,-89.4059433333626,54.77858942747111,192.09342312812797,-0.0,-0.0417513376833951,,,,,,,,,,0.5,0.75,0.2088050876107493,0.18744814106858593,0.8419100602688919,0.6168446026097272,0.8506407423773752,0.0777378475505958,0.5831473214285714,0.6863468634686346
1767328427,736677734,231_1767328427-736677734.png,0,1,0,0,0.0,9.574142156862743e-06,57.42,147.43,-44.0,-22.0,-243.0,233.0,-52.0,16.0,-135.93304571136784,-592.5141176027041,-1252.1459174412885,2153.65840916185,127.4568482076628,-73.99118555071125,53.648321598768185,173.88877034187306,-0.0,-0.0332402390240052,,,,,,,,,,0.5,0.75,0.20548181128127932,0.17799521822238337,0.824292999536393,0.6840648477659154,0.8671380173810577,0.06449782485341404,0.5502232142857143,0.7675276752767527
1767328427,770038086,232_1767328427-770038086.png,0,1,0,0,0.0,9.574142156862743e-06,47.84,131.15,-90.0,-3.0,-51.0,208.0,-123.0,1.0,-138.9051707056362,-479.44284119438777,-1067.805178468766,1821.3837946132835,85.44897373143283,-58.05598356010648,120.1426825523376,154.266267299652,-0.0,-0.0332402390240052,,,,,,,,,,0.5,0.75,0.19937106517066078,0.16798913344109745,0.8029670839128419,0.6915776986951364,0.8954190602445132,0.05976924531870626,0.5106026785714286,0.7121771217712176
1767328427,836759521,233_1767328427-836759521.png,0,1,0,0,0.0,9.574142156862743e-06,43.51,124.87,-93.0,-16.0,-83.0,211.0,-95.0,-1.0,-127.231077541203,-363.338758761076,-820.6429021198846,1422.2200848095458,37.91516290252255,-43.72149815317122,101.70954358577724,134.15672302246082,-0.0,-0.0332402390240052,,,,,,,,,,0.5,0.75,0.19660910998705136,0.16412929238296015,0.8015762633286971,0.686437327006722,0.890705553100604,0.0603366748628712,0.5262276785714285,0.7047970479704797
1767328427,870120850,234_1767328427-870120850.png,0,1,0,0,0.0,9.574142156862743e-06,40.25,120.15,-158.0,40.0,-247.0,177.0,-19.0,-4.0,-131.73078099184718,-304.3537615774367,-736.7523157802775,1240.116823964706,29.59178546707921,-37.91255367213107,106.6522005796432,148.11312675476063,-0.0,-0.0332402390240052,,,,,,,,,,0.5,0.75,0.1945296702876133,0.161228265345634,0.7714418173388966,0.708580466587584,0.866548828988069,0.05390580669566863,0.5686383928571428,0.6937269372693726
1767328427,903481201,235_1767328427-903481201.png,0,-1,0,-50,0.0,-9.574142156862743e-06,38.9,119.63,-177.0,161.0,-158.0,111.0,-63.0,16.0,-144.90805683383158,-212.7120800736192,-610.5874680766087,990.8069309907517,20.73415347310524,-26.128564968681488,80.39465999603266,158.24971723556507,-0.0,-0.0332402390240052,,,,,,,,,,0.5,0.25000000000000006,0.19366855262066812,0.16090866067203027,0.7626332869726471,0.756425464610518,0.8796582707320666,0.0414223567240401,0.5440848214285714,0.7675276752767527
1767328427,970202637,236_1767328427-970202637.png,0,-1,0,0,0.0,-9.574142156862743e-06,38.93,119.52,-158.0,168.0,-155.0,124.0,-50.0,23.0,-148.50176809111602,-137.48260577841123,-520.2811451636579,818.0100535529405,6.008705187596846,-16.739653994105073,73.36407589912409,160.3726954460143,-0.0,-0.0332402390240052,,,,,,,,,,0.5,0.25000000000000006,0.19368768856882246,0.16084105199107562,0.7714418173388966,0.7591933570581257,0.8801001620268081,0.04388121808208814,0.5513392857142857,0.7933579335793357
1767328428,3563965,237_1767328428-3563965.png,0,-1,0,0,0.0,-9.574142156862743e-06,38.99,119.53,-140.0,168.0,-172.0,170.0,-100.0,-2.0,-147.25845398847235,-92.80827123927976,-469.3478740104083,723.2438790816395,-9.49420159016626,-14.584100057258851,73.38368755578989,160.3583664894103,-0.0,-0.0332402390240052,,,,,,,,,,0.5,0.25000000000000006,0.19372596046513113,0.1608471982347988,0.7797867408437644,0.7591933570581257,0.8775961113566063,0.05258180442595045,0.5234375,0.7011070110701106
1767328428,36924316,238_1767328428-36924316.png,0,-1,0,0,0.0,-9.574142156862743e-06,38.9,119.29,-96.0,218.0,-326.0,143.0,-65.0,-5.0,-138.32879218509595,-21.610393166738294,-436.3771282896931,596.6126454838784,-18.974168675426203,-12.707969469954635,16.291427552699993,168.33357715606678,-0.0,-0.0332402390240052,,,,,,,,,,0.5,0.25000000000000006,0.19366855262066812,0.16069968838544324,0.8001854427445525,0.7789640173981811,0.854912358226543,0.04747493852846606,0.54296875,0.6900369003690037
1767328428,70285645,239_1767328428-70285645.png,0,-1,0,0,0.0,-9.574142156862743e-06,38.77,119.23,-78.0,77.0,-252.0,148.0,-30.0,2.0,-128.87503667202387,3.045557644794614,-408.5099469530316,518.8149503642015,-22.76972504835373,-10.544211367155086,39.230052411556194,177.42916893959034,-0.0,-0.0332402390240052,,,,,,,,,,0.5,0.25000000000000006,0.19358563017866598,0.16066281092310433,0.8085303662494204,0.723210755239225,0.8658123434968332,0.048420654435407606,0.5625,0.7158671586715867
1767328428,103645752,240_1767328428-103645752.png,0,-1,0,0,0.0,-9.574142156862743e-06,38.81,119.19,-27.0,19.0,-140.0,148.0,-16.0,-2.0,-112.62465632375309,7.344081529373157,-365.0833568086262,454.7319985043905,-21.97185046929804,-8.961331635475457,39.309992641210506,177.34591770172108,-0.0,-0.0568625074441622,,,,,,,,,,0.5,0.25000000000000006,0.1936111447762051,0.16063822594821173,0.8321743161798794,0.7002767892447608,0.8823096185005156,0.048420654435407606,0.5703125,0.7011070110701106
1767328428,137007324,241_1767328428-137007324.png,0,-1,0,0,0.0,-9.574142156862743e-06,38.75,119.19,47.0,77.0,-169.0,188.0,-18.0,0.0,-89.28085486857641,17.530690342853326,-336.40776836619074,415.7246235898271,-21.39099979810291,-7.650810120251347,98.97287327051156,144.5006535053252,-0.0,-0.0411512982396392,,,,,,,,,,0.5,0.25000000000000006,0.19357287287989644,0.16063822594821173,0.866481223922114,0.723210755239225,0.8780380026513478,0.05598638169094004,0.5691964285714285,0.7084870848708487
1767328428,170367920,242_1767328428-170367920.png,0,-1,0,0,0.0,-9.574142156862743e-06,38.8,119.22,14.0,12.0,48.0,145.0,9.0,1.0,-69.1651794668407,24.509524319623605,-308.51537789306343,375.0315956863687,-19.53948790847124,-6.014117362302359,99.02690273523324,144.44032859802235,-0.0,-0.0384992827044554,,,,,,,,,,0.5,0.25000000000000006,0.19360476612682032,0.16065666467938117,0.8511821974965229,0.697508896797153,0.9100014729709826,0.04785322489124268,0.5842633928571428,0.7121771217712176
1767328428,203729736,243_1767328428-203729736.png,0,-1,0,0,0.0,-9.574142156862743e-06,38.87,119.3,27.0,37.0,-48.0,166.0,-26.0,-2.0,-56.59830415744911,23.45827685198359,-259.3660835007549,342.0450160632117,-16.455256562823756,-5.081740208530423,98.95027440786356,144.53848195075977,-0.0,-0.0534552717224135,,,,,,,,,,0.5,0.25000000000000006,0.19364941667251379,0.16070583462916638,0.857209086694483,0.7073942269671807,0.8958609515392547,0.051825231700397205,0.5647321428571428,0.7011070110701106
1767328428,237090576,244_1767328428-237090576.png,0,-1,0,0,0.0,-9.574142156862743e-06,38.78,119.44,41.0,34.0,-201.0,192.0,-68.0,-8.0,-43.93696117256493,25.345263005071484,-233.2179107455136,317.1091661507402,-19.158419912587817,-4.817821263758722,16.033683627843807,179.76851439476002,-0.0,-0.0435298319843944,,,,,,,,,,0.5,0.25000000000000006,0.19359200882805078,0.16079188204129044,0.8636995827538246,0.7062079873467774,0.8733244955074385,0.05674295441649329,0.5412946428571428,0.6789667896678966
1767328428,303812988,245_1767328428-303812988.png,0,1,0,100,0.0,9.574142156862743e-06,38.81,119.39,77.0,-15.0,-42.0,160.0,-81.0,-15.0,-0.3039463325342533,26.257747846112917,-190.6710037120965,275.9217890556764,-33.48038345956329,-6.730808683686542,89.9535892605781,153.37815856933582,-0.0,-0.0435298319843944,,,,,,,,,,0.5,0.75,0.1936111447762051,0.1607611508226747,0.8803894297635604,0.6868327402135231,0.8967447341287377,0.05069037261206734,0.5340401785714285,0.6531365313653136
1767328428,337174805,246_1767328428-337174805.png,0,1,0,0,0.0,9.574142156862743e-06,38.79,119.39,-67.0,17.0,-39.0,109.0,-67.0,-8.0,-2.0632874802888783,21.867470469036043,-160.7938480422734,246.8444080953268,-41.2526834587678,-7.541079153793946,56.50922071933741,159.5732829570769,-0.0,-0.0435298319843944,,,,,,,,,,0.5,0.75,0.19359838747743555,0.1607611508226747,0.8136300417246175,0.6994859628311586,0.8971866254234793,0.04104407036126348,0.5418526785714285,0.6789667896678966
1767328428,370535645,247_1767328428-370535645.png,0,1,0,0,0.0,9.574142156862743e-06,38.71,119.18,-82.0,3.0,-109.0,126.0,-19.0,-17.0,-15.479052021454995,18.978905542559342,-149.9827861459501,225.5087272975637,-38.68263756137928,-8.936564708094883,1.9871917068957767,184.95702958106983,-0.0,-0.0435298319843944,,,,,,,,,,0.5,0.75,0.1935473582823573,0.1606320797044886,0.8066759388038942,0.693950177935943,0.8868758285461777,0.04425950444486476,0.5686383928571428,0.6457564575645756
1767328428,437258057,248_1767328428-437258057.png,0,1,0,0,0.0,9.574142156862743e-06,38.52,119.09,-97.0,137.0,-214.0,144.0,-23.0,-15.0,-27.30018236022931,38.09969301283728,-159.6291207312639,213.97308848991236,-35.26396961604699,-10.12611633431402,62.68676269054408,176.93782901763905,-0.0,-0.0435298319843944,,,,,,,,,,0.5,0.75,0.1934261639440465,0.16057676351098024,0.799721835883171,0.7469355476472914,0.8714096332302255,0.04766408170985437,0.56640625,0.6531365313653136
1767328428,470619873,249_1767328428-470619873.png,0,1,0,0,0.0,9.574142156862743e-06,38.49,118.99,-102.0,170.0,-272.0,154.0,-51.0,-13.0,-41.59257856892353,60.72436075938447,-175.67443842291308,200.9839864011365,-35.36289054515802,-10.912886928334713,62.84755229949946,176.67088055610645,-0.0,-0.0435298319843944,,,,,,,,,,0.5,0.75,0.19340702799589216,0.16051530107374876,0.7974038015762632,0.7599841834717279,0.8628664015318899,0.04955551352373747,0.55078125,0.6605166051660516
1767328428,503980469,250_1767328428-503980469.png,0,1,0,0,0.0,9.574142156862743e-06,38.5,119.05,-49.0,126.0,-411.0,192.0,-65.0,-1.0,-45.62997281430872,72.72286601484493,-202.341282448286,197.55210394115392,-38.91674216776657,-10.132065450353558,66.5546749234199,183.3844265937804,-0.0,-0.0435298319843944,,,,,,,,,,0.5,0.75,0.19341340664527695,0.16055217853608766,0.8219749652294853,0.7425860023724792,0.8423921048755341,0.05674295441649329,0.54296875,0.7047970479704797
1767328428,537342285,251_1767328428-537342285.png,0,1,0,0,0.0,9.574142156862743e-06,38.53,119.29,-224.0,211.0,-596.0,160.0,-30.0,2.0,-61.89036125461864,86.2847881784615,-281.79981432636407,195.03171757688847,-34.02227256356052,-7.855886393721543,42.09679606556888,163.68182468414295,-0.0,-0.0435298319843944,,,,,,,,,,0.5,0.75,0.1934325425934313,0.16069968838544324,0.7408437644877144,0.7761961249505733,0.8151421416998086,0.05069037261206734,0.5625,0.7158671586715867
1767328428,570703125,252_1767328428-570703125.png,0,1,0,0,0.0,9.574142156862743e-06,38.53,119.34,-211.0,184.0,-399.0,101.0,-29.0,-7.0,-89.10888639956161,106.18295414361238,-324.0257359076218,185.36186728963816,-33.265872803582475,-6.704187603425737,53.97100478410716,172.64788269996632,-0.0,-0.0435298319843944,,,,,,,,,,0.5,0.75,0.1934325425934313,0.16073041960405898,0.7468706536856745,0.7655199683669435,0.8441596700545,0.03953092491015699,0.5630580357142857,0.6826568265682657
1767328428,637425537,253_1767328428-637425537.png,0,1,0,0,0.0,9.574142156862743e-06,38.46,119.33,-132.0,165.0,-501.0,173.0,-157.0,-40.0,-103.9258224891839,119.3771673480362,-351.0318926286274,177.16519648551687,-47.62693519915482,-10.683766515217007,78.30192738771433,187.9900398254393,-0.0,-0.0435298319843944,,,,,,,,,,0.5,0.75,0.19338789204773782,0.16072427336033582,0.7834955957348169,0.7580071174377224,0.8291353660332892,0.05314923397011538,0.49162946428571425,0.5608856088560885
1767328428,670787354,254_1767328428-670787354.png,0,-2,0,-150,0.0,-1.914828431372549e-05,38.31,119.29,-74.0,215.0,-782.0,222.0,-170.0,-43.0,-100.29547834821312,134.5736382112716,-418.0428136245752,183.611231242464,-68.42955215647758,-16.188821651560453,61.98515892028804,166.2150409221648,-0.0,-0.0559807098228919,,,,,,,,,,0.5,0.0,0.19329221230696614,0.16069968838544324,0.8103847936949466,0.7777777777777778,0.787744881425836,0.06241724985814262,0.484375,0.5498154981549815
1767328428,704147949,255_1767328428-704147949.png,0,-2,0,0,0.0,-1.914828431372549e-05,38.25,119.11,-127.0,162.0,-755.0,234.0,-126.0,-16.0,-92.43154394920684,154.2703602270953,-493.2231493715774,194.2085991547198,-87.28241790735983,-19.471778032697387,35.1643351912498,175.28770637512196,-0.0,-0.0442443923634172,,,,,,,,,,0.5,0.0,0.19325394041065747,0.16058905599842654,0.7858136300417246,0.7568208778173191,0.7917219030785094,0.06468696803480235,0.5089285714285714,0.6494464944649446
1767328428,737509766,256_1767328428-737509766.png,0,-2,0,0,0.0,-1.914828431372549e-05,38.32,119.15,-50.0,55.0,-810.0,206.0,-98.0,-16.0,-88.03497562205375,140.1573132078976,-553.2459196844968,198.0149694094432,-90.8755663692094,-18.78240775044844,61.43694168329234,148.48582291603077,-0.0,-0.0366703777184819,,,,,,,,,,0.5,0.0,0.1932985909563509,0.16061364097331915,0.8215113583681037,0.7145116646896006,0.7836205626749153,0.05939095895592964,0.5245535714285714,0.6494464944649446
1767328428,804232422,257_1767328428-804232422.png,0,-1,0,0,0.0,-9.574142156862743e-06,37.97,120.63,-338.0,-18.0,-696.0,248.0,-142.0,-32.0,-143.38353193975766,94.99739182868224,-586.9726225776141,206.2166102431312,-109.29511478461278,-22.175659399039468,65.76124703884119,154.21812200546253,-0.0,-0.0366466130547315,,,,,,,,,,0.5,0.25000000000000006,0.19307533822788364,0.16152328504434513,0.6879925822902179,0.6856465005931198,0.8004124318750921,0.0673349725742387,0.5,0.5904059040590406
1767328428,837593018,258_1767328428-837593018.png,0,-1,0,0,0.0,-9.574142156862743e-06,37.92,121.29,-255.0,-77.0,-684.0,230.0,-145.0,-25.0,-146.85778751552314,89.64367558982583,-589.9927674797954,206.9569093755926,-110.40649107789125,-22.26357188409904,65.76124703884119,154.21812200546253,-0.0,-0.0591226281032925,,,,,,,,,,0.5,0.25000000000000006,0.19304344498095974,0.16192893713007295,0.7264719517848863,0.6623171213918545,0.8021799970540581,0.0639303953092491,0.49832589285714285,0.6162361623616236
1767328428,870954834,259_1767328428-870954834.png,0,-1,0,0,0.0,-9.574142156862743e-06,37.92,121.29,-255.0,-77.0,-684.0,230.0,-145.0,-25.0,-159.7065282082147,69.84417892206491,-601.1620835695976,209.69473662536984,-114.51666244926292,-22.58869613001225,56.52480614185328,152.56728291511524,-0.0,-0.0488459988928937,,,,,,,,,,0.5,0.25000000000000006,0.19304344498095974,0.16192893713007295,0.7264719517848863,0.6623171213918545,0.8021799970540581,0.0639303953092491,0.49832589285714285,0.6162361623616236
1767328428,904315674,260_1767328428-904315674.png,0,-1,0,0,0.0,-9.574142156862743e-06,37.95,121.8,-310.0,35.0,-446.0,159.0,-113.0,-31.0,-181.6857201846773,64.74850251869277,-578.4708969093497,202.28104569653925,-114.29486296097892,-23.818780579634552,73.02717101573938,156.1894998550414,-0.0,-0.0488459988928937,,,,,,,,,,0.5,0.25000000000000006,0.19306258092911407,0.1622423955599535,0.7009735744089012,0.7066034005535785,0.8372367064368833,0.05050122943067903,0.5161830357142857,0.5940959409594095
1767328428,937677246,261_1767328428-937677246.png,0,1,0,100,0.0,9.574142156862743e-06,38.03,123.23,-223.0,91.0,-524.0,201.0,-80.0,-33.0,-195.91000042241052,74.10264826355909,-550.496062182236,195.82530872787447,-108.79321324535688,-25.122067437468207,72.41752123832697,156.99134826660145,-0.0,-0.0488459988928937,,,,,,,,,,0.5,0.75,0.19311361012419231,0.16312130841236377,0.7413073713490959,0.7287465401344405,0.8257475327736044,0.058445243048988085,0.5345982142857143,0.5867158671586715
1767328428,971038086,262_1767328428-971038086.png,0,1,0,0,0.0,9.574142156862743e-06,38.03,123.38,-85.0,14.0,-339.0,211.0,-64.0,-30.0,-195.57620283782805,74.17698971290787,-540.8627847247758,196.8933323282865,-104.08441345347109,-26.18077050474577,72.28478538990015,157.18636536598194,-0.0,-0.0488459988928937,,,,,,,,,,0.5,0.75,0.19311361012419231,0.163213502068211,0.8052851182197496,0.6982997232107552,0.8529974959493298,0.0603366748628712,0.5435267857142857,0.5977859778597785
1767328429,4399902,263_1767328429-4399902.png,0,1,0,0,0.0,9.574142156862743e-06,37.99,123.23,-159.0,-25.0,-347.0,230.0,-89.0,-23.0,-180.3170206510248,58.69835804522415,-501.5041238824997,201.41398008045704,-98.38768340180302,-26.305606074572808,87.38147503137583,147.45542764663685,-0.0,-0.0488459988928937,,,,,,,,,,0.5,0.75,0.1930880955266532,0.16312130841236377,0.770978210477515,0.682878608145512,0.8518191191633525,0.0639303953092491,0.5295758928571428,0.6236162361623616
1767328429,37760742,264_1767328429-37760742.png,0,1,0,0,0.0,9.574142156862743e-06,38.03,123.31,-268.0,-2.0,-496.0,209.0,-73.0,-16.0,-187.0644866898328,48.53974289568855,-492.3942135709789,203.6938736358781,-95.56675181473246,-25.18866212168409,146.00669121742243,144.41467976570118,-0.0,-0.0488459988928937,,,,,,,,,,0.5,0.75,0.19311361012419231,0.16317047836214896,0.7204450625869262,0.6919731119019376,0.829871851524525,0.05995838850009458,0.5385044642857143,0.6494464944649446
1767328429,104483154,265_1767328429-104483154.png,1,1,0,0,9.574142156862743e-06,9.574142156862743e-06,37.94,123.4,-211.0,69.0,-395.0,133.0,-21.0,6.0,-195.87061037338435,51.6389191278361,-463.98542090550416,194.5795864989905,-81.25301534638132,-20.89152730385881,137.10923326015467,154.8968846797942,-0.0,-0.0488459988928937,,,,,,,,,,0.75,0.75,0.1930562022797293,0.16322579455565728,0.7468706536856745,0.7200474495848161,0.8447488584474886,0.045583506714582944,0.5675223214285714,0.7306273062730627
1767328429,137844971,266_1767328429-137844971.png,0,1,0,0,0.0,9.574142156862743e-06,37.96,123.37,-133.0,-117.0,-320.0,121.0,-73.0,-23.0,-193.70502130304743,43.24026799343096,-447.4672561700881,183.20220120816828,-74.02709692338462,-18.021479919909336,134.00838357210154,169.0834114551543,-0.0,-0.0488459988928937,,,,,,,,,,0.5,0.75,0.19306895957849887,0.16320735582448787,0.7830319888734353,0.6465005931198102,0.855796140816026,0.04331378853792321,0.5385044642857143,0.6236162361623616
1767328429,171205566,267_1767328429-171205566.png,0,1,0,0,0.0,9.574142156862743e-06,37.97,123.16,-160.0,-77.0,-274.0,105.0,-42.0,-23.0,-186.4820918477195,22.257821767956003,-426.0071207649959,173.12508426671104,-71.97707025317416,-18.749547794677586,115.7592824697494,198.9562768936156,-0.0,-0.0488459988928937,,,,,,,,,,0.5,0.75,0.19307533822788364,0.16307828470630173,0.7705146036161334,0.6623171213918545,0.8625718073353955,0.04028749763571024,0.5558035714285714,0.6236162361623616
1767328429,204567383,268_1767328429-204567383.png,0,1,0,0,0.0,9.574142156862743e-06,37.94,123.36,-238.0,53.0,-471.0,145.0,29.0,-17.0,-188.9648393090613,16.86991407260729,-417.5670120368623,164.972092832112,-60.370772563087534,-18.941073828838444,139.0540342330932,153.62490320205677,-0.0,-0.0488459988928937,,,,,,,,,,0.5,0.75,0.1930562022797293,0.1632012095807647,0.7343532684283727,0.7137208382759984,0.8335542789807041,0.04785322489124268,0.5954241071428571,0.6457564575645756
1767328429,237928223,269_1767328429-237928223.png,0,1,0,0,0.0,9.574142156862743e-06,37.9,123.36,-207.0,69.0,-490.0,157.0,39.0,-15.0,-193.755711011068,25.01480395891352,-429.058569468661,162.94634555180497,-43.73789233977909,-18.36799745142121,140.48036015033716,166.466227531433,-0.0,-0.0488459988928937,,,,,,,,,,0.5,0.75,0.19303068768219017,0.1632012095807647,0.7487250811312007,0.7200474495848161,0.830755634114008,0.05012294306790241,0.6010044642857143,0.6531365313653136
1767328429,271290039,270_1767328429-271290039.png,0,-1,0,-100,0.0,-9.574142156862743e-06,37.86,123.21,-109.0,-86.0,-449.0,199.0,-32.0,-29.0,-181.7128439407371,9.948689512739485,-433.5943409123296,168.0608755206371,-39.82258689183188,-19.833337414148904,140.58945810794825,166.26963424682606,-0.0,-0.0326783866676988,,,,,,,,,,0.5,0.25000000000000006,0.19300517308465107,0.16310901592491744,0.7941585535465924,0.6587584025306445,0.8367948151421417,0.058066956686211466,0.5613839285714285,0.6014760147601476
1767328429,304650635,271_1767328429-304650635.png,0,-1,0,0,0.0,-9.574142156862743e-06,37.89,123.02,-83.0,-111.0,-216.0,143.0,-20.0,-13.0,-167.27689724491634,-7.739067875584869,-401.7729468432005,164.39592728569704,-36.923695558951664,-18.834017662765447,122.00630944967264,148.46003079414356,-0.0,-0.0483278900707959,,,,,,,,,,0.5,0.25000000000000006,0.1930243090328054,0.16299223729417764,0.8062123319425126,0.6488730723606169,0.8711150390337311,0.04747493852846606,0.5680803571428571,0.6605166051660516
1767328429,338012451,272_1767328429-338012451.png,0,-1,0,0,0.0,-9.574142156862743e-06,37.87,123.21,-160.0,61.0,-323.0,180.0,-40.0,-2.0,-166.21271049327493,2.3134590313299954,-390.2530471391269,166.677895395912,-37.373579942363335,-16.372180155560383,128.30931407213205,167.21362590789784,-0.0,-0.0131337518858688,,,,,,,,,,0.5,0.25000000000000006,0.19301155173403584,0.16310901592491744,0.7705146036161334,0.7168841439304072,0.8553542495212845,0.05447323623983356,0.5569196428571428,0.7011070110701106
1767328429,371373291,273_1767328429-371373291.png,0,-1,0,0,0.0,-9.574142156862743e-06,37.87,123.57,-13.0,-93.0,-217.0,224.0,-208.0,-18.0,-145.40261389215928,-5.373514469369756,-371.64724106972096,179.2762085875997,-60.62629416059675,-18.353771900435824,120.69986140727993,167.5516459941863,-0.0,-0.0156814246251391,,,,,,,,,,0.5,0.25000000000000006,0.19301155173403584,0.1633302806989508,0.8386648122392211,0.6559905100830368,0.870967741935484,0.06279553622091924,0.46316964285714285,0.6420664206642066
1767328429,404735107,274_1767328429-404735107.png,0,-1,0,0,0.0,-9.574142156862743e-06,37.82,123.52,-122.0,-13.0,-392.0,159.0,-95.0,10.0,-129.2012737808426,-15.614052556221663,-355.6464443652331,183.02172085750905,-79.16974804622264,-16.576665885558207,120.71999257802958,167.5069396495818,-0.0,-0.0156814246251391,,,,,,,,,,0.5,0.25000000000000006,0.19297965848711196,0.16329954948033507,0.7881316643486322,0.6876235666271253,0.8451907497422302,0.05050122943067903,0.5262276785714285,0.7453874538745386
1767328429,471457520,275_1767328429-471457520.png,0,-1,0,0,0.0,-9.574142156862743e-06,37.82,123.55,-147.0,-40.0,-435.0,208.0,-79.0,-4.0,-130.74169399209825,-18.30295669932888,-367.9739282514159,184.07372597108565,-80.4120529561575,-12.962882838793284,144.25774705409998,152.6852102279662,-0.0,-0.0156814246251391,,,,,,,,,,0.5,0.25000000000000006,0.19297965848711196,0.1633179882115045,0.7765414928140936,0.6769474100434955,0.8388569745176021,0.05976924531870626,0.53515625,0.6937269372693726
1767328429,504818359,276_1767328429-504818359.png,0,-1,0,0,0.0,-9.574142156862743e-06,37.87,123.71,-40.0,86.0,-6.0,165.0,-104.0,1.0,-117.90352242760864,-3.626094102181737,-316.819397187126,181.9201829688165,-83.82407255596927,-10.682739417701848,114.28360271453852,162.32587552070606,-0.0,-0.0156814246251391,,,,,,,,,,0.5,0.25000000000000006,0.19301155173403584,0.1634163281110749,0.8261474269819192,0.7267694741004349,0.9020474296656357,0.051636088519008895,0.5212053571428571,0.7121771217712176
1767328429,538180176,277_1767328429-538180176.png,0,-1,0,0,0.0,-9.574142156862743e-06,37.93,124.18,-171.0,106.0,-352.0,207.0,-23.0,-12.0,-120.4200507807258,27.36273955053888,-282.51759442520023,184.8374918670716,-88.89854533376756,-10.20193482791388,135.0185787081718,154.41170620918265,-0.0,-0.0156814246251391,,,,,,,,,,0.5,0.25000000000000006,0.19304982363034454,0.16370520156606289,0.7654149281409364,0.7346777382364571,0.8510826336721167,0.05958010213731795,0.56640625,0.6642066420664207
1767328429,571540771,278_1767328429-571540771.png,0,-1,0,0,0.0,-9.574142156862743e-06,37.9,124.16,-216.0,-105.0,-396.0,197.0,3.0,-8.0,-134.53607764194155,23.880985796648208,-300.296465715598,188.33313182642303,-73.46036688372095,-10.196951015299025,119.87227547168726,181.865557193756,-0.0,-0.0156814246251391,,,,,,,,,,0.5,0.25000000000000006,0.19303068768219017,0.16369290907861658,0.7445526193787667,0.6512455516014235,0.8446015613492415,0.057688670323434846,0.5809151785714285,0.6789667896678966
1767328429,604902588,279_1767328429-604902588.png,0,-1,0,0,0.0,-9.574142156862743e-06,37.99,123.8,-383.0,35.0,-407.0,225.0,-101.0,-12.0,-175.13426860928638,18.763712053285516,-320.90840650614365,194.1488313803708,-73.48723737333422,-10.345682849640388,133.17287504672998,156.06985306739796,-0.0,-0.0156814246251391,,,,,,,,,,0.5,0.25000000000000006,0.1930880955266532,0.16347164430458322,0.6671302735280482,0.7066034005535785,0.8429812932685227,0.06298467940230755,0.5228794642857143,0.6642066420664207
1767328429,638263428,280_1767328429-638263428.png,0,0,0,0,0.0,0.0,38.05,123.84,-339.0,98.0,-551.0,232.0,-123.0,-18.0,-199.09829263282884,30.351371607093856,-354.5574216315503,199.68425545239464,-80.72807426453438,-11.465064177989468,133.16573172807688,156.09392571449268,-0.0,-0.0156814246251391,,,,,,,,,,0.5,0.5,0.19312636742296188,0.16349622927947582,0.6875289754288363,0.7315144325820482,0.821770511120931,0.06430868167202572,0.5106026785714286,0.6420664206642066
1767328429,671625244,281_1767328429-671625244.png,0,1,0,0,0.0,9.574142156862743e-06,38.02,123.66,-359.0,75.0,-530.0,256.0,-94.0,-14.0,-222.48261053890636,36.8808686187336,-380.2144649138288,207.9199728521766,-82.66898493856073,-11.83577782520077,117.673691868782,161.5565538406371,-0.0,-0.0156814246251391,,,,,,,,,,0.5,0.75,0.19310723147480754,0.16338559689245916,0.6782568382012053,0.7224199288256228,0.8248637501841214,0.06884811802534518,0.5267857142857143,0.6568265682656826
1767328429,738347656,282_1767328429-738347656.png,0,1,0,0,0.0,9.574142156862743e-06,37.97,123.83,-348.0,127.0,-487.0,282.0,-171.0,-8.0,-252.5146311499056,52.322322048986486,-406.0423224075319,222.88378333355547,-93.75517561232792,-11.42018580669559,108.35244029760356,126.16632366180409,-0.0,-0.0156814246251391,,,,,,,,,,0.5,0.75,0.19307533822788364,0.1634900830357527,0.6833565136764024,0.7429814155792803,0.8311975254087495,0.07376584074144127,0.48381696428571425,0.6789667896678966
1767328429,771708496,283_1767328429-771708496.png,0,1,0,0,0.0,9.574142156862743e-06,38.01,123.57,-283.0,197.0,-669.0,299.0,-185.0,-20.0,-256.9728672026183,73.4802500712997,-444.4977337343564,234.0151579614004,-107.0989854808872,-12.674913513952689,108.35244029760356,126.16632366180409,-0.0,-0.011656424433807,,,,,,,,,,0.5,0.75,0.19310085282542275,0.1633302806989508,0.713490959666203,0.7706603400553579,0.8043894535277656,0.07698127482504256,0.47600446428571425,0.6346863468634686
1767328429,805070313,284_1767328429-805070313.png,0,1,0,0,0.0,9.574142156862743e-06,38.07,123.42,-75.0,134.0,-547.0,261.0,-47.0,-28.0,-230.3608225471146,82.33076890084153,-459.4878524761487,237.9614705759801,-98.31000001314143,-14.916082168299631,103.1071663498878,135.6338951587676,-0.0,-0.0322433045459422,,,,,,,,,,0.5,0.75,0.19313912472173145,0.1632380870431036,0.8099211868335651,0.7457493080268881,0.8223596995139196,0.06979383393228675,0.5530133928571428,0.6051660516605165
1767328429,838431152,285_1767328429-838431152.png,0,1,0,0,0.0,9.574142156862743e-06,38.09,123.38,-200.0,94.0,-1028.0,288.0,-89.0,-35.0,-207.40274592201283,84.48909468921167,-517.3545549793539,239.2410859618322,-88.48306987615963,-19.23705388178304,145.4261342287063,123.5120277404784,-0.0,-0.0161687469676895,,,,,,,,,,0.5,0.75,0.193151882020501,0.163213502068211,0.7519703291608715,0.7299327797548438,0.7515097952570335,0.07490069982977114,0.5295758928571428,0.5793357933579335
1767328429,871792969,286_1767328429-871792969.png,0,1,0,0,0.0,9.574142156862743e-06,38.03,123.36,-199.0,162.0,-866.0,262.0,-76.0,-33.0,-206.06214449680988,90.30008810211056,-595.6744244946668,246.07403292988283,-87.77570433810823,-21.838582314029058,122.51686191558832,196.80850958824144,-0.0,-0.020033209005455,,,,,,,,,,0.5,0.75,0.19311361012419231,0.1632012095807647,0.7524339360222531,0.7568208778173191,0.7753719251730742,0.06998297711367506,0.5368303571428571,0.5867158671586715
1767328429,905153564,287_1767328429-905153564.png,0,1,0,0,0.0,9.574142156862743e-06,38.07,123.39,-276.0,139.0,-752.0,255.0,-115.0,-18.0,-211.81047608706783,100.60943216837194,-632.0737268729198,248.192777167579,-89.27031331241116,-22.409903869527326,148.99701428413383,125.33839654922473,-0.0,-0.0123738761733685,,,,,,,,,,0.5,0.75,0.19313912472173145,0.16321964831193414,0.7167362076958739,0.7477263740608936,0.7921637943732509,0.06865897484395689,0.5150669642857143,0.6420664206642066
1767328429,938515381,288_1767328429-938515381.png,0,1,0,0,0.0,9.574142156862743e-06,38.05,123.4,-274.0,90.0,-714.0,201.0,-127.0,-7.0,-222.66585993592827,101.4221016437012,-648.2840608279045,242.9532558015076,-95.14258884373083,-20.34085252985597,117.35886633396144,149.80623626708973,-0.0,-0.0439353519887902,,,,,,,,,,0.5,0.75,0.19312636742296188,0.16322579455565728,0.7176634214186369,0.7283511269276394,0.7977610841066431,0.058445243048988085,0.5083705357142857,0.6826568265682657
1767328429,971876221,289_1767328429-971876221.png,0,1,0,0,0.0,9.574142156862743e-06,38.06,123.09,-311.0,27.0,-647.0,217.0,-170.0,-23.0,-236.9481953528906,90.23493857463664,-649.8426587576654,238.04290908004893,-106.93647457968412,-20.37520196924491,117.5596585273742,149.5183675289153,-0.0,-0.0363069738734742,,,,,,,,,,0.5,0.75,0.19313274607234665,0.16303526100023968,0.7005099675475196,0.7034400948991696,0.8076299896892032,0.061471533951201064,0.484375,0.6236162361623616
1767328430,38598877,290_1767328430-38598877.png,0,1,0,0,0.0,9.574142156862743e-06,38.11,123.14,-327.0,40.0,-731.0,241.0,-189.0,-41.0,-250.11753583434395,82.8884893530272,-661.7112566561541,238.4753594602724,-118.9375945084143,-23.391410125123777,117.545371890068,149.54673886299122,-0.0,-0.0592333437840484,,,,,,,,,,0.5,0.75,0.19316463931927055,0.16306599221885543,0.6930922577654148,0.708580466587584,0.7952570334364414,0.06601097030452052,0.4737723214285714,0.5571955719557196
1767328430,71960693,291_1767328430-71960693.png,0,-2,0,0,0.0,-1.914828431372549e-05,37.8,123.61,-19.0,91.0,-845.0,246.0,42.0,-41.0,-217.52442199987385,103.38522256599492,-707.4589535292045,253.74646863239207,-90.6776503248442,-32.4140114026687,114.42906665801996,158.71583819389332,-0.0,-0.029285513450334,,,,,,,,,,0.5,0.0,0.1929669011883424,0.1633548656738434,0.8358831710709318,0.7287465401344405,0.7784651642362646,0.06695668621146209,0.6026785714285714,0.5571955719557196
1767328430,105321289,292_1767328430-105321289.png,0,-2,0,0,0.0,-1.914828431372549e-05,37.8,123.61,-19.0,91.0,-845.0,246.0,42.0,-41.0,-205.35793515890737,102.62619933926206,-715.8880995008813,253.2717295160127,-82.54655556830795,-32.94020015181003,120.94390314817424,157.52624821662891,-0.0,-0.0209361605090283,,,,,,,,,,0.5,0.0,0.1929669011883424,0.1633548656738434,0.8358831710709318,0.7287465401344405,0.7784651642362646,0.06695668621146209,0.6026785714285714,0.5571955719557196
1767328430,138683105,293_1767328430-138683105.png,0,-2,0,0,0.0,-1.914828431372549e-05,37.86,123.66,-168.0,20.0,-1021.0,206.0,-73.0,-12.0,-194.94223633462303,90.23383019527732,-763.939331372281,246.1653813761165,-77.84066255524394,-30.09205377185511,120.92974638938898,157.562357187271,-0.0,-0.0071791131844789,,,,,,,,,,0.5,0.0,0.19300517308465107,0.16338559689245916,0.766805748725081,0.7006722024515619,0.7525408749447636,0.05939095895592964,0.5385044642857143,0.6642066420664207
1767328430,172043701,294_1767328430-172043701.png,0,-2,0,0,0.0,-1.914828431372549e-05,37.94,123.94,-235.0,74.0,-946.0,223.0,-164.0,-25.0,-200.8003568986941,87.85976520016158,-790.5642162686487,242.77763366889064,-90.4407615195332,-29.34738252252017,101.46576160192484,152.53604578971851,-0.0,-0.0281352476936459,,,,,,,,,,0.5,0.0,0.1930562022797293,0.1635576917167073,0.7357440890125173,0.7220245156188216,0.763588157313301,0.06260639303953093,0.48772321428571425,0.6162361623616236
1767328430,205405273,295_1767328430-205405273.png,0,-1,0,0,0.0,-9.574142156862743e-06,38.0,124.22,-114.0,101.0,-866.0,252.0,-179.0,-40.0,-190.475584007608,77.09515354943173,-772.7123905129868,239.12888847205247,-107.1621595196786,-31.046641080071804,119.3839322328567,151.04984641075123,-0.0,-0.036961094894757,,,,,,,,,,0.5,0.25000000000000006,0.19309447417603798,0.1637297865409555,0.7918405192396847,0.7327006722024516,0.7753719251730742,0.06809154529979194,0.47935267857142855,0.5608856088560885
1767328430,238765869,296_1767328430-238765869.png,0,-1,0,0,0.0,-9.574142156862743e-06,37.9,124.42,-194.0,126.0,-1002.0,306.0,-237.0,-44.0,-182.5305809152645,84.10438964695211,-803.5444620941098,246.5718295987841,-126.67578764680415,-33.186471127407366,117.8539632558822,152.11377143859852,-0.0,-0.036961094894757,,,,,,,,,,0.5,0.25000000000000006,0.19303068768219017,0.16385271141541846,0.7547519703291607,0.7425860023724792,0.7553395198114597,0.07830527709476073,0.4469866071428571,0.5461254612546125
1767328430,272127441,297_1767328430-272127441.png,0,-1,0,0,0.0,-9.574142156862743e-06,37.91,124.54,-139.0,29.0,-618.0,322.0,-224.0,-38.0,-177.97795074354582,79.81974664287193,-792.2165248693123,258.7430135282389,-144.1970610546297,-34.342347411804305,137.80135589838022,137.1795597076415,-0.0,-0.006454891063169,,,,,,,,,,0.5,0.25000000000000006,0.19303706633157497,0.16392646634009622,0.780250347705146,0.7042309213127719,0.811901605538371,0.08133156799697372,0.4542410714285714,0.5682656826568265
1767328430,305488037,298_1767328430-305488037.png,0,-1,0,0,0.0,-9.574142156862743e-06,37.9,125.09,-126.0,-26.0,-468.0,317.0,-232.0,-41.0,-170.73317018594767,65.85303867665013,-748.9167764077929,267.3997639826911,-156.8180956451611,-35.23368932034114,118.36139863729473,119.73763728141772,-0.0,-0.0441012067838364,,,,,,,,,,0.5,0.25000000000000006,0.19303068768219017,0.1642645097448694,0.7862772369031061,0.6824831949387109,0.8339961702754456,0.08038585209003216,0.4497767857142857,0.5571955719557196
1767328430,372210205,299_1767328430-372210205.png,0,1,0,0,0.0,9.574142156862743e-06,37.99,126.48,-226.0,19.0,-625.0,293.0,-137.0,-20.0,-177.62672182555076,56.560197781150144,-723.3296816673095,272.4617006466159,-155.9177976318917,-33.159124727720055,118.36139863729473,119.73763728141772,-0.0,-0.0349695978412544,,,,,,,,,,0.5,0.75,0.1930880955266532,0.16511883762238705,0.7399165507649512,0.7002767892447608,0.8108705258506408,0.07584641573671269,0.5027901785714286,0.6346863468634686
1767328430,405571777,300_1767328430-405571777.png,0,1,0,0,0.0,9.574142156862743e-06,40.55,139.29,-268.0,-106.0,-613.0,333.0,-94.0,-28.0,-195.70888476842487,24.14430823614926,-693.597244929629,280.08948746816657,-147.05513585055496,-33.232943726117774,103.98137867450708,136.97408246994007,-0.0,-0.0435551072354497,,,,,,,,,,0.5,0.75,0.1947210297691567,0.17299217583174042,0.7204450625869262,0.6508501383946224,0.8126380910296067,0.08341214299224514,0.5267857142857143,0.6051660516605165
1767328430,438932373,301_1767328430-438932373.png,0,1,0,0,0.0,9.574142156862743e-06,43.7,147.83,-256.0,-193.0,-752.0,450.0,-168.0,-35.0,-205.5454545504616,-0.2199921458416236,-690.3291138729295,294.9975139754165,-143.8313151252168,-32.89666056832351,132.78440839052195,85.51894259452807,-0.0,-0.0262901898795536,,,,,,,,,,0.5,0.75,0.19673030432536218,0.17824106797130934,0.7260083449235049,0.616449189402926,0.7921637943732509,0.10554189521467752,0.4854910714285714,0.5793357933579335
1767328430,472293945,302_1767328430-472293945.png,0,1,0,0,0.0,9.574142156862743e-06,47.07,157.95,-114.0,-259.0,-953.0,564.0,-162.0,-15.0,-198.6924145535229,-46.34085230982432,-726.4562216999767,339.32015842864456,-147.9174666863621,-30.938040751674087,128.46841526031488,109.06657671928392,-0.0,-0.0265276479340069,,,,,,,,,,0.5,0.75,0.19887990916803278,0.1844610666191357,0.7918405192396847,0.5903519177540529,0.7625570776255708,0.12710421789294496,0.4888392857142857,0.6531365313653136
1767328430,505654541,303_1767328430-505654541.png,0,1,0,0,0.0,9.574142156862743e-06,50.89,170.65,-143.0,-222.0,-874.0,633.0,-76.0,-21.0,-188.29717860967983,-77.68092001833718,-754.0536262932575,388.2392344203464,-137.77436401897998,-29.061134867735085,70.2336139082908,216.68850398063648,-0.0,-0.024240763453208,,,,,,,,,,0.5,0.75,0.20131655323301845,0.19226679614753442,0.7783959202596198,0.6049822064056939,0.7741935483870969,0.1401550974087384,0.5368303571428571,0.6309963099630996
1767328430,572376709,304_1767328430-572376709.png,1,1,50,0,9.574142156862743e-06,9.574142156862743e-06,61.78,211.91,-250.0,-223.0,-962.0,751.0,-86.0,-20.0,-190.80229878173105,-114.63555205975676,-785.4601780045998,447.640768526709,-120.76714354946616,-26.300963090647837,40.90016031265254,216.68119621276844,-0.0,-0.0266498801577554,,,,,,,,,,0.75,0.75,0.20826290241304307,0.21762619774924552,0.7287899860917941,0.6045867931988929,0.7612314037413463,0.16247399281255911,0.53125,0.6346863468634686
1767328430,605738281,305_1767328430-605738281.png,1,1,0,0,9.574142156862743e-06,9.574142156862743e-06,74.07,231.44,-270.0,-198.0,-817.0,870.0,-82.0,-27.0,-202.84271442214947,-131.10012645547033,-802.8461366895925,510.8362006776725,-114.39679164698664,-25.845578612478672,3.235519111156413,193.05217361450184,-0.0,-0.0440140063357883,,,,,,,,,,0.75,0.75,0.2161022625069368,0.22962981174055475,0.7195178488641631,0.6144721233689205,0.7825894829871852,0.18498203139776812,0.5334821428571428,0.6088560885608856
1767328430,639098877,306_1767328430-639098877.png,-1,1,-100,0,-9.574142156862743e-06,9.574142156862743e-06,86.26,252.65,-413.0,-283.0,-1055.0,1120.0,-89.0,-41.0,-237.0903178899609,-156.81459115413207,-840.4621399567578,618.7136736125591,-108.9876465128519,-28.12219077543257,-67.46930867433552,132.02815651893604,-0.0,-0.0381072820314905,,,,,,,,,,0.25000000000000006,0.75,0.22387783610698272,0.2426659946773529,0.6532220676866017,0.5808620007908264,0.74753277360436,0.23226782674484586,0.5295758928571428,0.5571955719557196
1767328430,705821045,307_1767328430-705821045.png,-1,1,0,0,-9.574142156862743e-06,9.574142156862743e-06,109.46,301.41,-487.0,-406.0,-1046.0,1445.0,-153.0,-48.0,-297.3126137818637,-206.29045911287216,-911.0862486559,804.8112804130577,-113.31643009408114,-33.303253546513176,-100.495728135109,147.68454766273487,-0.0,-0.0341720262629676,,,,,,,,,,0.25000000000000006,0.75,0.2386763026796706,0.2726350790714255,0.6189151599443671,0.5322261763542903,0.7488584474885845,0.2937393606960469,0.4938616071428571,0.5313653136531364
1767328430,739182617,308_1767328430-739182617.png,-1,1,0,0,-9.574142156862743e-06,9.574142156862743e-06,129.35,364.63,-377.0,-495.0,-1379.0,1671.0,-105.0,-46.0,-334.7845500841362,-276.27504235045683,-999.35222599033,1001.3227161929444,-115.7670554979484,-35.97283547989211,-118.95464798808102,146.1378800868987,-0.0,-0.0391482065739798,,,,,,,,,,0.25000000000000006,0.75,0.25136343630599656,0.3114916318891709,0.6699119146963375,0.49703440094899165,0.6998085137722787,0.3364857196898052,0.5206473214285714,0.5387453874538745
1767328430,772543213,309_1767328430-772543213.png,-1,1,0,0,-9.574142156862743e-06,9.574142156862743e-06,135.13,387.58,-247.0,-441.0,-1373.0,1829.0,-101.0,-45.0,-330.6382095142121,-292.7610983129403,-1033.3440564616626,1071.6139698107788,-114.54745852058652,-36.81904664152213,-147.9833416342736,148.90981674194325,-0.0,-0.0315195513433241,,,,,,,,,,0.25000000000000006,0.75,0.255050295650399,0.32559726123379695,0.7301808066759388,0.5183867141162515,0.7006922963617617,0.36637034234915833,0.5228794642857143,0.5424354243542435
1767328430,805904785,310_1767328430-805904785.png,-1,1,0,0,-9.574142156862743e-06,9.574142156862743e-06,138.91,410.18,-299.0,-411.0,-1516.0,1937.0,-51.0,-46.0,-320.20896372585133,-318.6316128513383,-1117.777825702446,1234.8354459547888,-105.91675189109732,-38.562303185107545,-147.45233330130583,154.88585138320911,-0.0,-0.013252998221291,,,,,,,,,,0.25000000000000006,0.75,0.25746142511784553,0.3394877720481128,0.7060732498840983,0.5302491103202847,0.6796288113124171,0.3867978059390959,0.55078125,0.5387453874538745
1767328430,839265381,311_1767328430-839265381.png,1,-2,100,0,9.574142156862743e-06,-1.914828431372549e-05,141.48,433.38,-397.0,-625.0,-1422.0,2023.0,-59.0,-23.0,-329.33276552296405,-355.0322733563779,-1153.9234874261433,1328.4799326491177,-100.34241449460112,-36.713293500427774,-177.33504316210752,165.56894826889027,-0.0,-0.0327832252198356,,,,,,,,,,0.75,0.0,0.2591007380097338,0.35374705748581753,0.6606397774687065,0.44563068406484774,0.6934747385476506,0.40306411953849064,0.5463169642857143,0.6236162361623616
1767328430,872626953,312_1767328430-872626953.png,1,-2,0,0,9.574142156862743e-06,-1.914828431372549e-05,142.02,461.25,-448.0,-773.0,-1495.0,2113.0,-78.0,-41.0,-345.2880274193112,-412.0972258111115,-1201.800862537332,1440.7410198255186,-96.55387827348116,-36.84647705588126,-186.64882671833044,169.34878373146046,-0.0,-0.00029665675117,,,,,,,,,,0.75,0.0,0.25944518507651193,0.37087663874223264,0.6369958275382475,0.38710952945828386,0.6827220503756076,0.42008700586343867,0.5357142857142857,0.5571955719557196
1767328430,905987549,313_1767328430-905987549.png,1,-2,0,0,9.574142156862743e-06,-1.914828431372549e-05,142.04,476.55,-459.0,-871.0,-1539.0,2221.0,-20.0,-62.0,-361.6157610646495,-476.5200173083298,-1249.906628497086,1551.885245589088,-86.9493497538691,-39.9489766095008,-222.1642381548882,151.32338619232166,-0.0,-0.0001836099393681,,,,,,,,,,0.75,0.0,0.25945794237528147,0.38028039163865,0.6318961520630505,0.3483590351917754,0.6762409780527324,0.44051446945337625,0.5680803571428571,0.4797047970479704
1767328430,939349121,314_1767328430-939349121.png,1,-2,0,0,9.574142156862743e-06,-1.914828431372549e-05,141.93,504.32,-760.0,-658.0,-1800.0,2369.0,-34.0,-53.0,-421.39499457024095,-515.250627108903,-1316.492205107959,1674.2514364594376,-74.39827187986423,-42.2044091448751,-225.962470561266,149.1281900405883,-0.0,-0.02652985786467,,,,,,,,,,0.75,0.0,0.2593877772320489,0.39734851045783365,0.4923504867872044,0.4325820482404112,0.6377964354102225,0.4685076602988463,0.5602678571428571,0.5129151291512914
1767328430,972709717,315_1767328430-972709717.png,1,-1,0,50,9.574142156862743e-06,-9.574142156862743e-06,142.01,519.32,-496.0,-852.0,-1764.0,2525.0,-38.0,-63.0,-462.6957528563812,-542.1651417404095,-1386.0807063932082,1780.7085058015232,-68.61486168903406,-44.094443372510646,-218.6258926689625,160.8075792789458,-0.0,-0.02652985786467,,,,,,,,,,0.75,0.25000000000000006,0.25943880642712713,0.4065678760425566,0.6147426981919332,0.3558718861209964,0.6430991309471203,0.4980139965954228,0.5580357142857143,0.47601476014760147
1767328431,6071289,316_1767328431-6071289.png,1,-1,0,0,9.574142156862743e-06,-9.574142156862743e-06,141.98,543.61,-489.0,-803.0,-1927.0,2621.0,-96.0,-68.0,-467.34833971783263,-585.9507479052539,-1446.4219713984428,1892.543220110727,-65.94303866060712,-47.01486016966738,-252.00142559409147,113.31640195846543,-0.0,-0.02652985786467,,,,,,,,,,0.75,0.25000000000000006,0.2594196704789728,0.42149710204608454,0.617987946221604,0.3752471332542507,0.6190897039328326,0.5161717420087006,0.5256696428571428,0.4575645756457564
1767328431,39431885,317_1767328431-39431885.png,-2,-1,0,0,-1.914828431372549e-05,-9.574142156862743e-06,142.01,568.8,-661.0,-757.0,-1929.0,2743.0,-212.0,-79.0,-481.0556667287712,-614.8733362734456,-1516.8251497287456,2006.550790244199,-77.44763549142957,-50.75789580530128,-251.3734629452229,106.30338072776782,-0.0,-0.02652985786467,,,,,,,,,,0.0,0.25000000000000006,0.25943880642712713,0.4369794899846958,0.5382475660639776,0.3934361407671016,0.6187951097363382,0.5392472101380746,0.4609375,0.4169741697416974
1767328431,106154053,318_1767328431-106154053.png,-1,-1,0,0,-9.574142156862743e-06,-9.574142156862743e-06,142.07,602.99,-752.0,-810.0,-1821.0,2915.0,-158.0,-91.0,-531.0071762746858,-659.0928136918635,-1591.4635460000716,2200.825847309716,-104.27523002281802,-59.543310795933664,-262.43170985579496,92.94521093368516,-0.0,-0.02652985786467,,,,,,,,,,0.25000000000000006,0.25000000000000006,0.2594770783234358,0.4579934972741409,0.49605934167825677,0.3724792408066429,0.634703196347032,0.5717798373368641,0.49107142857142855,0.3726937269372693
1767328431,139510986,319_1767328431-139510986.png,-1,1,0,100,-9.574142156862743e-06,9.574142156862743e-06,142.0,621.45,-674.0,-882.0,-1941.0,2966.0,-78.0,-85.0,-554.8361935053648,-679.2637295403468,-1622.4707531167196,2287.266748268806,-108.16831265425824,-63.09402567065542,-263.57691371440893,84.6755402088164,-0.0,-0.02652985786467,,,,,,,,,,0.25000000000000006,0.75,0.25943242777774234,0.4693394631870732,0.5322206768660176,0.34400948991696323,0.6170275445573723,0.581426139587668,0.5357142857142857,0.3948339483394834
1767328431,172861084,320_1767328431-172861084.png,-1,1,0,0,-9.574142156862743e-06,9.574142156862743e-06,141.93,646.32,-772.0,-808.0,-1936.0,3018.0,-108.0,-90.0,-575.3133458010143,-706.6088742723933,-1668.8974186477822,2388.144529306894,-104.69024535509756,-66.45322903580104,-269.7117905914784,94.04123282432543,-0.0,-0.02652985786467,,,,,,,,,,0.25000000000000006,0.75,0.2593877772320489,0.4846251713265438,0.4867872044506258,0.37327006722024514,0.617764030048608,0.5912615850198601,0.5189732142857143,0.37638376383763833
1767328431,206211914,321_1767328431-206211914.png,-1,1,0,0,-9.574142156862743e-06,9.574142156862743e-06,141.95,667.55,-832.0,-750.0,-1876.0,3031.0,-131.0,-77.0,-619.7984665835885,-721.4922900241562,-1716.504163533115,2514.387726448396,-107.4290293083416,-69.95222264242958,-298.02102217078215,33.99645662307727,-0.0,-0.02652985786467,,,,,,,,,,0.25000000000000006,0.75,0.25940053453081846,0.49767364675078823,0.4589707927677329,0.3962040332147094,0.626601855943438,0.5937204463779081,0.5061383928571428,0.4243542435424354
1767328431,239562012,322_1767328431-239562012.png,1,1,0,0,9.574142156862743e-06,9.574142156862743e-06,141.97,677.21,-820.0,-848.0,-1879.0,3037.0,-112.0,-84.0,-655.0446381615219,-738.062603702494,-1744.4241201625734,2604.3797455581184,-109.2450285719877,-72.0018886372529,-295.6488559246064,46.74621891975391,-0.0,-0.02652985786467,,,,,,,,,,0.75,0.75,0.259413291829588,0.5036109181873498,0.4645340751043115,0.35745353894820087,0.6261599646486964,0.594855305466238,0.5167410714285714,0.3985239852398524
1767328431,272912842,323_1767328431-272912842.png,1,1,0,0,9.574142156862743e-06,9.574142156862743e-06,141.93,686.17,-759.0,-995.0,-1892.0,3110.0,-147.0,-112.0,-667.3959250197342,-768.5902016074831,-1761.9581077606083,2664.454191873234,-113.73082395746816,-76.75419903751506,-311.2901262044907,24.81904649734485,-0.0,-0.02652985786467,,,,,,,,,,0.75,0.75,0.2593877772320489,0.5091179525632908,0.4928140936485859,0.2993277975484381,0.6242451023714833,0.6086627577075847,0.4972098214285714,0.29520295202952024
1767328431,306262451,324_1767328431-306262451.png,1,1,0,0,9.574142156862743e-06,9.574142156862743e-06,141.96,706.02,-649.0,-1076.0,-1901.0,3153.0,-93.0,-132.0,-667.1400220862556,-819.5631446588011,-1785.7476723817997,2747.740269609497,-111.58322873022136,-85.7700924991537,-315.77561080455786,9.931690454482911,-0.0,-0.0609838063587188,,,,,,,,,,0.75,0.75,0.25940691318020326,0.5213182463537408,0.5438108484005563,0.2672993277975484,0.6229194284872588,0.6167959145072821,0.52734375,0.22140221402214016
1767328431,339613281,325_1767328431-339613281.png,1,1,0,0,9.574142156862743e-06,9.574142156862743e-06,142.14,715.47,-748.0,-1053.0,-2118.0,3246.0,-36.0,-112.0,-662.2734437745899,-858.4210960205502,-1820.0625877752616,2815.8869641221822,-101.79606531351,-90.87226818859163,-309.80503025650984,15.115047216415284,-0.0,-0.0168537849665382,,,,,,,,,,0.75,0.75,0.2595217288691293,0.5271264466721163,0.497913769123783,0.2763938315539739,0.5909559581676241,0.634386230376395,0.5591517857142857,0.29520295202952024
1767328431,406313477,326_1767328431-406313477.png,1,1,0,0,9.574142156862743e-06,9.574142156862743e-06,142.29,721.41,-524.0,-999.0,-2241.0,3235.0,-49.0,-136.0,-654.8200020382496,-895.495528791812,-1901.268659899476,2910.7146345703,-88.63455247646085,-98.44605100007134,-339.0472441911698,-46.56666898727429,-0.0,-0.0143773672695058,,,,,,,,,,0.75,0.75,0.25961740860990096,0.5307773154436666,0.6017617060732499,0.2977461447212337,0.5728384150832229,0.6323056553811236,0.5518973214285714,0.20664206642066418
1767328431,439663086,327_1767328431-439663086.png,-2,1,0,0,-1.914828431372549e-05,9.574142156862743e-06,142.38,726.85,-467.0,-1005.0,-2225.0,3292.0,-127.0,-155.0,-628.916283782594,-911.3450920352764,-1949.050578017259,2964.911081126675,-94.24518563523826,-106.71660385428018,-342.46798467636114,-66.69885301589977,-0.0,-0.0143773672695058,,,,,,,,,,0.0,0.75,0.25967481645436397,0.5341208720290594,0.6281872971719981,0.29537366548042704,0.5751951686551775,0.6430868167202574,0.5083705357142857,0.13653136531365306
1767328431,473013428,328_1767328431-473013428.png,-2,1,-50,0,-1.914828431372549e-05,9.574142156862743e-06,142.49,731.98,-398.0,-1010.0,-2273.0,3355.0,-194.0,-167.0,-601.4803419438007,-923.0666141067992,-1987.5401005170968,3011.2588601349435,-106.09739129271355,-113.87907729879512,-335.24310231208807,-41.19402670860303,-0.0,-0.0143773672695058,,,,,,,,,,0.0,0.75,0.2597449815975965,0.5372738950590347,0.6601761706073249,0.2933965994464215,0.5681249079393136,0.6550028371477209,0.47098214285714285,0.09225092250922506
1767328431,506363037,329_1767328431-506363037.png,-1,1,0,0,-9.574142156862743e-06,9.574142156862743e-06,142.95,740.88,-478.0,-825.0,-1728.0,3332.0,-91.0,-169.0,-578.0149221484335,-923.6980626572534,-1954.177500382273,3067.4145631589813,-113.247527602184,-121.39477765182714,-344.64689168334013,-64.12995767593395,-0.0,-0.0143773672695058,,,,,,,,,,0.25000000000000006,0.75,0.2600383994692964,0.5427440519726369,0.6230876216968011,0.3665480427046263,0.6484018264840183,0.6506525439757898,0.5284598214285714,0.08487084870848705
1767328431,539713379,330_1767328431-539713379.png,-1,-1,0,-50,-9.574142156862743e-06,-9.574142156862743e-06,143.51,742.84,-541.0,-736.0,-1880.0,3237.0,-35.0,-171.0,-558.2124050010569,-906.4939987043876,-1925.8321522251813,3103.1509816988823,-108.25091167294045,-128.41890582507014,-351.31056895852095,-80.7304837703706,-0.0,-0.0143773672695058,,,,,,,,,,0.25000000000000006,0.25000000000000006,0.260395603834844,0.543948715742374,0.5938803894297635,0.4017398181099249,0.6260126675504494,0.6326839417439002,0.5597098214285714,0.07749077490774903
1767328431,573062500,331_1767328431-573062500.png,-1,-2,0,-100,-9.574142156862743e-06,-1.914828431372549e-05,144.75,743.35,-648.0,-867.0,-1998.0,3078.0,-135.0,-144.0,-564.478538920306,-884.4960090902078,-1927.4109744107611,3115.338491533767,-102.75628706939465,-134.43037944334213,-347.8139144778252,-73.80615878105175,-0.0,-0.0143773672695058,,,,,,,,,,0.25000000000000006,0.0,0.26118655635855664,0.5442621741722546,0.5442744552619379,0.3499406880189798,0.6086316099572839,0.6026101759031588,0.50390625,0.1771217712177121
1767328431,606412842,332_1767328431-606412842.png,1,-2,100,0,9.574142156862743e-06,-1.914828431372549e-05,146.81,742.45,-686.0,-796.0,-2054.0,2918.0,-149.0,-137.0,-581.2077780800819,-873.5016114846397,-1944.3875912283888,3090.8679031132237,-109.13505375228526,-134.99816465281594,-348.15562486648565,-72.63662934303295,-0.0,-0.0143773672695058,,,,,,,,,,0.75,0.0,0.26250055813182116,0.5437090122371713,0.526657394529439,0.3780150257018584,0.6003829724554427,0.572347266881029,0.49609375,0.20295202952029512
1767328431,639761963,333_1767328431-639761963.png,1,-2,0,0,9.574142156862743e-06,-1.914828431372549e-05,150.04,740.08,-672.0,-769.0,-1848.0,2667.0,-162.0,-112.0,-594.8693969431873,-858.9596731997274,-1935.9419560066176,3035.7652292029866,-116.5095501533992,-132.32058246508473,-327.6979395151139,1.3987967967985853,-0.0,-0.0143773672695058,,,,,,,,,,0.75,0.0,0.2645608618831049,0.542252352474785,0.5331478905887806,0.3886911822854883,0.6307261746943585,0.5248723283525629,0.4888392857142857,0.29520295202952024
1767328431,673111816,334_1767328431-673111816.png,1,-2,0,0,9.574142156862743e-06,-1.914828431372549e-05,153.55,714.55,-576.0,-621.0,-1822.0,2368.0,-159.0,-96.0,-594.7430337810681,-828.2194274457204,-1919.9920160289505,2946.31113056787,-122.80571656318632,-127.44784943123658,-290.938032090664,16.81861686706531,-0.0,-0.0143773672695058,,,,,,,,,,0.75,0.0,0.2667997678171624,0.5265609922495866,0.5776541492814093,0.4472123368920522,0.6345558992487849,0.4683185171174579,0.49051339285714285,0.35424354243542433
1767328431,706460938,335_1767328431-706460938.png,1,-1,0,0,9.574142156862743e-06,-9.574142156862743e-06,160.02,689.83,-473.0,-180.0,-1597.0,1623.0,-28.0,-50.0,-570.8700295489509,-742.975769071501,-1863.1818290049175,2774.2970160162927,-119.17380368911635,-118.45596480338912,-292.76159146428114,17.094162702560304,-0.0,-0.0143773672695058,,,,,,,,,,0.75,0.25000000000000006,0.2709267539691146,0.5113674777659634,0.6254056560037088,0.6215895610913404,0.6676977463543968,0.32740684698316624,0.5636160714285714,0.5239852398523985
1767328431,773159668,336_1767328431-773159668.png,1,-1,0,0,9.574142156862743e-06,-9.574142156862743e-06,160.7,689.83,-360.0,-90.0,-1156.0,1173.0,-89.0,-28.0,-541.2096398039514,-623.0436889974617,-1770.4155458781593,2504.964149387116,-106.59069188594762,-102.87198970663977,-189.4321883618832,117.70192241668688,-0.0,-0.0385669495984239,,,,,,,,,,0.75,0.25000000000000006,0.2713605021272796,0.5113674777659634,0.6777932313398238,0.6571767497034401,0.7326557666813964,0.24229241535842633,0.5295758928571428,0.6051660516605165
1767328431,806509521,337_1767328431-806509521.png,-1,-1,-100,0,-9.574142156862743e-06,-9.574142156862743e-06,159.36,607.58,-46.0,-45.0,-543.0,786.0,-21.0,-23.0,-463.97368536911625,-524.3440477194072,-1574.5881448820471,2218.1831438365543,-93.60628533758432,-89.20166334285139,-165.73747569322592,144.8803708553313,-0.0,-0.0460995627249748,,,,,,,,,,0.25000000000000006,0.25000000000000006,0.2705057631097192,0.46081462314306615,0.82336578581363,0.6749703440094899,0.8229488879069082,0.16909400416115,0.5675223214285714,0.6236162361623616
1767328431,839858154,338_1767328431-839858154.png,-1,-1,0,0,-9.574142156862743e-06,-9.574142156862743e-06,152.28,509.89,70.0,-85.0,-505.0,529.0,15.0,-27.0,-385.8843977827175,-460.09357127876126,-1418.1696198999398,1971.1539138961923,-77.72350369160394,-80.10517842192382,-91.83010333776478,175.61454987525929,-0.0,-0.067085252626234,,,,,,,,,,0.25000000000000006,0.25000000000000006,0.26598967934529544,0.4007719682116274,0.8771441817338896,0.6591538157374456,0.8285461776403006,0.12048420654435407,0.5876116071428571,0.6088560885608856
1767328431,873207764,339_1767328431-873207764.png,-1,2,0,100,-9.574142156862743e-06,1.914828431372549e-05,126.46,366.78,2.0,6.0,161.0,239.0,-47.0,-6.0,-315.3093183597469,-385.49587056580685,-1193.1541623737285,1691.9290416480655,-73.12242347685337,-68.29040744286593,117.53394258022304,223.3464536666869,-0.0,-0.0626767863732918,,,,,,,,,,0.25000000000000006,1.0,0.24952000663379537,0.31281307428964783,0.8456189151599443,0.6951364175563464,0.9266460450729122,0.0656326839417439,0.5530133928571428,0.6863468634686346
1767328431,906556396,340_1767328431-906556396.png,-1,1,0,-50,-9.574142156862743e-06,9.574142156862743e-06,109.45,330.89,99.0,-24.0,176.0,157.0,-15.0,9.0,-243.52423586616547,-310.4739794942316,-922.9102812883976,1396.0082715778813,-65.03933023999438,-54.56421642193979,105.54979169368738,146.73582744598377,-0.0,-0.0233544498864251,,,,,,,,,,0.25000000000000006,0.75,0.23866992403028586,0.29075420556726755,0.8905887807139545,0.6832740213523132,0.9288555015466196,0.05012294306790241,0.5708705357142857,0.7416974169741697
1767328431,939906006,341_1767328431-939906006.png,-1,1,0,0,-9.574142156862743e-06,9.574142156862743e-06,92.25,241.31,273.0,27.0,97.0,136.0,5.0,-12.0,-150.0651608135039,-246.1322147355242,-716.2593174161009,1146.9147016003174,-52.17848197312886,-45.01372700251204,105.54979169368738,146.73582744598377,-0.0,-0.0452907773232684,,,,,,,,,,0.25000000000000006,0.75,0.2276986470884655,0.23569615429530238,0.9712563745943439,0.7034400948991696,0.9172190307850936,0.046150936258747874,0.58203125,0.6642066420664207
1767328431,973254395,342_1767328431-973254395.png,-1,1,0,0,-9.574142156862743e-06,9.574142156862743e-06,75.21,176.36,226.0,102.0,237.0,136.0,-25.0,-25.0,-95.0687044362745,-195.22072344025557,-576.8529327537875,999.0766881895696,-48.20385110064623,-42.08688299053701,-7.34386569261556,192.9908456802367,-0.0,-0.0539782617916473,,,,,,,,,,0.25000000000000006,0.75,0.21682942853680162,0.19577630131345228,0.9494668521094112,0.7330960854092526,0.9378406245396966,0.046150936258747874,0.5652901785714285,0.6162361623616236
1767328432,39952148,343_1767328432-39952148.png,1,1,0,0,9.574142156862743e-06,9.574142156862743e-06,59.43,154.71,186.0,216.0,659.0,139.0,-183.0,-18.0,-53.964703445872495,-135.08305333762627,-396.1195413440718,873.2975015167926,-67.91668625592985,-38.56437320317218,-2.191454887390188,181.45102047920216,-0.0,-0.0524272128950397,,,,,,,,,,0.75,0.75,0.20676391980761993,0.18246968365283556,0.9309225776541492,0.7781731909845788,1.0,0.046718365802912803,0.4771205357142857,0.6420664206642066
1767328432,73301514,344_1767328432-73301514.png,1,1,0,0,9.574142156862743e-06,9.574142156862743e-06,39.37,132.93,133.0,108.0,179.0,155.0,-162.0,3.0,-15.604720928735071,-79.53968824261794,-234.01094929650893,732.5913580142901,-92.9131044606932,-31.95853671233963,8.23246532678599,174.1004090309142,-0.0,-0.0394512755076501,,,,,,,,,,0.75,0.75,0.19396834914175273,0.1690831648238179,0.9063514140009271,0.7354685646500593,0.929297392841361,0.04974465670512578,0.4888392857142857,0.7195571955719556
1767328432,106649658,345_1767328432-106649658.png,1,1,0,0,9.574142156862743e-06,9.574142156862743e-06,35.73,127.11,115.0,-16.0,17.0,163.0,-38.0,-13.0,11.764192595948844,-57.03390740601754,-171.2495913614911,618.8529897778113,-91.8984198844705,-26.91804224686364,32.19492256641383,175.16748642921436,-0.0,-0.0381440434453724,,,,,,,,,,0.75,0.75,0.19164652076569308,0.16550605097694543,0.8980064904960593,0.686437327006722,0.9054352629253204,0.05125780215623227,0.5580357142857143,0.6605166051660516
1767328432,139980713,346_1767328432-139980713.png,1,1,0,0,9.574142156862743e-06,9.574142156862743e-06,33.67,126.51,156.0,-25.0,43.0,214.0,-9.0,-21.0,35.600961215071706,-51.25874648880192,-134.91466326924595,547.5323924912582,-78.34286915485808,-25.682709143956533,16.1597307324409,174.52497601509083,-0.0,-0.0381440434453724,,,,,,,,,,0.75,0.75,0.19033251899242856,0.16513727635355652,0.9170143718127027,0.682878608145512,0.9092649874797467,0.06090410440703613,0.57421875,0.6309963099630996
1767328432,173288574,347_1767328432-173288574.png,-1,1,-100,0,-9.574142156862743e-06,9.574142156862743e-06,33.46,124.93,-17.0,-15.0,-137.0,215.0,52.0,-6.0,40.11286636710227,-45.276015444845015,-140.65925623465697,496.583030021489,-69.70306737443197,-24.54824847273561,10.9228988885879,164.2499678134917,-0.0,-0.0381440434453724,,,,,,,,,,0.25000000000000006,0.75,0.19019856735534818,0.16416616984529903,0.8368103847936949,0.6868327402135231,0.8827515097952571,0.061093247588424444,0.6082589285714285,0.6863468634686346
1767328432,206597412,348_1767328432-206597412.png,-1,-2,0,-50,-9.574142156862743e-06,-1.914828431372549e-05,33.48,123.8,-92.0,51.0,-208.0,233.0,-20.0,5.0,21.98452529557329,-33.29104152217715,-146.35842404373096,442.2998322280279,-52.05348252906186,-19.869692285004906,14.476894736289928,167.41236853599537,-0.0,-0.0381440434453724,,,,,,,,,,0.25000000000000006,0.0,0.19021132465411775,0.16347164430458322,0.8020398701900787,0.7129300118623962,0.8722934158197084,0.06449782485341404,0.5680803571428571,0.7269372693726937
1767328432,239904785,349_1767328432-239904785.png,-1,-2,0,0,-9.574142156862743e-06,-1.914828431372549e-05,33.4,122.72,-108.0,-25.0,-328.0,194.0,-27.0,8.0,0.3851015907046449,-27.753972585734346,-171.26871150253095,401.4956407072782,-47.34580459125255,-15.215358328542852,29.835159718990276,165.58184432983387,-0.0,-0.0381440434453724,,,,,,,,,,0.25000000000000006,0.0,0.1901602954590395,0.16280784998248318,0.794622160407974,0.682878608145512,0.8546177640300486,0.05712124077926991,0.5641741071428571,0.7380073800738007
1767328432,306519531,350_1767328432-306519531.png,-1,-2,0,0,-9.574142156862743e-06,-1.914828431372549e-05,33.18,119.31,27.0,85.0,-262.0,218.0,-19.0,-6.0,0.9654934082467176,-16.38184684740575,-209.156930259421,324.19400634181284,-36.72599775439991,-11.250563022121316,28.485462129116005,198.6613869667052,-0.0,-0.0381440434453724,,,,,,,,,,0.25000000000000006,0.0,0.19001996517257438,0.16071198087288951,0.857209086694483,0.7263740608936339,0.8643393725143615,0.061660677132589374,0.5686383928571428,0.6863468634686346
1767328432,339826904,351_1767328432-339826904.png,1,-1,50,50,9.574142156862743e-06,-9.574142156862743e-06,33.18,119.31,27.0,85.0,-262.0,218.0,-19.0,-6.0,1.7758624448290552,-13.226161554614592,-210.8017621814245,320.8885342635637,-36.17424542246811,-11.087130168775092,24.353766620159096,153.69396877288807,-0.0,-0.0381440434453724,,,,,,,,,,0.75,0.25000000000000006,0.19001996517257438,0.16071198087288951,0.857209086694483,0.7263740608936339,0.8643393725143615,0.061660677132589374,0.5686383928571428,0.6863468634686346
1767328432,373132813,352_1767328432-373132813.png,1,-1,0,0,9.574142156862743e-06,-9.574142156862743e-06,33.14,119.23,-19.0,162.0,-229.0,213.0,6.0,-17.0,-0.5921137728950214,15.009563257678083,-214.82368351917123,302.37648597255463,-29.550206288169612,-11.816650103432483,29.462148606777134,165.87558794021595,-0.0,-0.0381440434453724,,,,,,,,,,0.75,0.25000000000000006,0.18999445057503525,0.16066281092310433,0.8358831710709318,0.7568208778173191,0.869200176756518,0.06071496122564782,0.5825892857142857,0.6457564575645756
1767328432,406439453,353_1767328432-406439453.png,1,-1,0,0,9.574142156862743e-06,-9.574142156862743e-06,33.23,119.76,3.0,200.0,-209.0,246.0,-42.0,-35.0,-0.0667964901514716,42.06290279728266,-213.97201739853392,294.131885635783,-31.37088687261156,-15.207025559926612,29.462148606777134,165.87558794021595,-0.0,-0.0381440434453724,,,,,,,,,,0.75,0.25000000000000006,0.19005185841949826,0.1609885618404312,0.8460825220213258,0.7718465796757612,0.8721461187214612,0.06695668621146209,0.5558035714285714,0.5793357933579335
1767328432,439744873,354_1767328432-439744873.png,1,-1,0,0,9.574142156862743e-06,-9.574142156862743e-06,34.43,124.84,19.0,81.0,-120.0,246.0,5.0,-54.0,2.7215666731784727,47.75713504983406,-200.2293778401153,287.09299071928507,-26.05194190848953,-20.88018103628432,118.74181282520289,137.4816141128539,-0.0,-0.0381440434453724,,,,,,,,,,0.75,0.25000000000000006,0.1908172963456718,0.16411085365179068,0.8535002318034306,0.7247924080664294,0.8852555604654588,0.06695668621146209,0.58203125,0.5092250922509225
1767328432,506355713,355_1767328432-506355713.png,1,2,0,0,9.574142156862743e-06,1.914828431372549e-05,44.29,147.45,-127.0,-221.0,-222.0,422.0,51.0,-30.0,2.360227630585709,24.181274091252234,-188.07870565983984,304.9575071432419,-14.184183253649977,-25.573917773567786,1.7607485055922951,162.35381698608387,-0.0,-0.0846349012654616,,,,,,,,,,0.75,1.0,0.19710664463906413,0.17800751070982967,0.7858136300417246,0.605377619612495,0.8702312564442481,0.10024588613580482,0.6077008928571428,0.5977859778597785
1767328432,539660889,356_1767328432-539660889.png,-1,1,-100,0,-9.574142156862743e-06,9.574142156862743e-06,55.59,172.5,-269.0,-176.0,-407.0,619.0,114.0,-13.0,-32.8468866749759,-14.117434514020314,-210.6840551820743,343.013618216089,2.782455623614928,-24.80025459586723,6.847830414771982,168.0548789501189,-0.0,-0.0827113262119881,,,,,,,,,,0.25000000000000006,0.75,0.20431451844386472,0.1934038512363169,0.7199814557255446,0.6231712139185449,0.8429812932685227,0.13750709286930207,0.6428571428571428,0.6605166051660516
1767328432,572964844,357_1767328432-572964844.png,-1,1,0,0,-9.574142156862743e-06,9.574142156862743e-06,69.16,207.82,-322.0,-276.0,-764.0,838.0,118.0,-38.0,-79.95515615035053,-53.97475424268373,-287.02706799958315,416.7287542050621,22.47793885723133,-25.73130982684931,6.847830414771982,168.0548789501189,-0.0,-0.0780410197071536,,,,,,,,,,0.25000000000000006,0.75,0.21297034565901019,0.21511238406647776,0.6954102920723226,0.5836298932384342,0.790396229194285,0.17892944959334217,0.6450892857142857,0.5682656826568265
1767328432,606269531,358_1767328432-606269531.png,-1,1,0,0,-9.574142156862743e-06,9.574142156862743e-06,83.67,276.18,-315.0,-312.0,-775.0,1248.0,80.0,-53.0,-114.52054286314495,-90.7214132498883,-358.0874083131433,527.049712719282,31.932351589677246,-29.307706047184645,-81.77737593650822,111.88035392761218,-0.0,-0.0440566344144206,,,,,,,,,,0.25000000000000006,0.75,0.2222257659163249,0.2571281061579216,0.6986555401019934,0.5693950177935942,0.7887759611135661,0.2564781539625497,0.6238839285714285,0.5129151291512914
1767328432,639572998,359_1767328432-639572998.png,-1,1,0,0,-9.574142156862743e-06,9.574142156862743e-06,98.78,327.64,-477.0,-267.0,-793.0,1639.0,-179.0,-81.0,-163.0867909737186,-117.73499651823056,-421.196108288085,678.9388278965342,8.18918953529927,-36.09928476949384,-225.8553207814694,161.0773935317992,-0.0,-0.0931435737354892,,,,,,,,,,0.25000000000000006,0.75,0.23186390513672636,0.2887566763572442,0.6235512285581826,0.5871886120996441,0.7861246133451172,0.33043313788537926,0.47935267857142855,0.40959409594095936
1767328432,672876953,360_1767328432-672876953.png,-1,1,0,0,-9.574142156862743e-06,9.574142156862743e-06,113.92,410.21,-507.0,-348.0,-1011.0,1875.0,-258.0,-94.0,-221.7234363436666,-155.37604404148286,-517.3306839524092,879.3663366010334,-35.713300453791376,-45.76001419033231,-279.1916887760163,139.232039451599,-0.0,-0.1091409577341529,,,,,,,,,,0.25000000000000006,0.75,0.2415211803052822,0.3395062107792822,0.6096430227167362,0.5551601423487544,0.7540138459272353,0.3750709286930206,0.4352678571428571,0.36162361623616235
1767328432,706179688,361_1767328432-706179688.png,-1,1,0,0,-9.574142156862743e-06,9.574142156862743e-06,140.1,467.8,-502.0,-478.0,-829.0,2009.0,-245.0,-112.0,-255.0240393729955,-193.70808345630783,-554.3611656834803,1013.5819188911778,-60.57935850013005,-53.63021012587562,-307.6715157926083,99.9682624340056,-0.0,-0.0472543749156953,,,,,,,,,,0.25000000000000006,0.75,0.2582204843946343,0.374902428380895,0.6119610570236439,0.5037564254646105,0.7808219178082192,0.4004161149990543,0.4425223214285714,0.29520295202952024
1767328432,739482910,362_1767328432-739482910.png,2,1,100,0,1.914828431372549e-05,9.574142156862743e-06,153.45,527.81,-328.0,-679.0,-943.0,2113.0,-138.0,-107.0,-265.6961772188083,-264.67806020364293,-611.1964190522051,1174.362828261359,-71.90149459945421,-61.435105730469424,-327.225960969925,76.73013377189623,-0.0,-0.0092373752391797,,,,,,,,,,1.0,0.75,0.2667359813233146,0.4117860369635097,0.6926286509040334,0.42427837089758796,0.7640300486080425,0.42008700586343867,0.5022321428571428,0.3136531365313653
1767328432,772784912,363_1767328432-772784912.png,1,1,0,0,9.574142156862743e-06,9.574142156862743e-06,159.25,656.48,-267.0,-676.0,-986.0,2262.0,-155.0,-116.0,-265.8868506450687,-324.8305323711616,-666.0083796843334,1333.4208759156086,-84.05397189192126,-69.4147755859032,-399.72824254632,-177.02465438842785,-0.0,-0.0092373752391797,,,,,,,,,,0.75,0.75,0.2704355979664866,0.49086975494926277,0.7209086694483078,0.4254646105179913,0.7576962733834144,0.448269339890297,0.4927455357142857,0.28044280442804426
1767328432,806087646,364_1767328432-806087646.png,1,1,0,0,9.574142156862743e-06,9.574142156862743e-06,167.11,686.18,-367.0,-635.0,-725.0,2484.0,-116.0,-148.0,-278.72424511574854,-396.5767056722299,-687.5554831823845,1548.2689185039096,-92.55851073305978,-82.31746752687687,-415.88454610109335,-217.3820173740388,-0.0,-0.0092373752391797,,,,,,,,,,0.75,0.75,0.2754492163829231,0.509124098807014,0.6745479833101529,0.4416765519968367,0.7961408160259243,0.49025912615850203,0.5145089285714286,0.16236162361623618
1767328432,839388916,365_1767328432-839388916.png,1,1,0,0,9.574142156862743e-06,9.574142156862743e-06,170.07,715.57,-290.0,-764.0,-770.0,2597.0,-86.0,-135.0,-284.66506595919344,-443.11914456247695,-697.1041054059184,1695.3388629107017,-93.27152519336504,-90.74645267727723,-450.9614876508713,-286.7234206199647,-0.0,-0.0092373752391797,,,,,,,,,,0.75,0.75,0.27733729660081774,0.5271879091093478,0.7102457116365322,0.39066824831949387,0.7895124466048019,0.5116323056553812,0.53125,0.2103321033210332
1767328432,905991455,366_1767328432-905991455.png,1,-2,0,-100,9.574142156862743e-06,-1.914828431372549e-05,172.28,741.75,-194.0,-801.0,-926.0,2693.0,-124.0,-143.0,-274.1809472221012,-502.96875424705496,-728.2366064408515,1862.566892609803,-96.52979351972007,-99.34470398954151,-436.34469914436346,-175.76456594467174,-0.0,-0.0092373752391797,,,,,,,,,,0.75,0.0,0.278746978114854,0.5432787751765508,0.7547519703291607,0.37603795966785286,0.7665340992782442,0.5297900510686591,0.5100446428571428,0.18081180811808117
1767328432,939292725,367_1767328432-939292725.png,-1,-2,0,0,-9.574142156862743e-06,-1.914828431372549e-05,173.55,792.84,-559.0,-777.0,-987.0,2792.0,-184.0,-159.0,-300.94612750161104,-557.5187857444428,-771.6555034714293,2043.549622122904,-114.44734918347412,-109.26818833736256,-438.63224953413015,-178.68366098403942,-0.0,-0.0092373752391797,,,,,,,,,,0.25000000000000006,0.0,0.27955706658672097,0.574679934358117,0.5855354659248957,0.38552787663107946,0.7575489762851673,0.5485152260261018,0.4765625,0.12177121771217714
1767328432,972592773,368_1767328432-972592773.png,-2,-2,0,0,-1.914828431372549e-05,-1.914828431372549e-05,173.47,810.04,-729.0,-729.0,-1034.0,2815.0,-196.0,-160.0,-360.9277348707942,-591.1045880897836,-813.1242665628871,2174.975802705366,-127.5532414449244,-117.95317103304168,-452.5780206620694,-206.45633125305187,-0.0,-0.0092373752391797,,,,,,,,,,0.0,0.0,0.2795060373916427,0.5852514735619325,0.5067222994900324,0.4045077105575326,0.7506260126675505,0.552865519198033,0.4698660714285714,0.11808118081180807
1767328433,5893311,369_1767328433-5893311.png,-1,-1,50,50,-9.574142156862743e-06,-9.574142156862743e-06,173.47,827.34,-489.0,-835.0,-949.0,2777.0,-137.0,-162.0,-386.2400868024064,-623.8648823400748,-835.3264010309024,2264.059202907445,-130.55303167907454,-124.33980288161789,-433.9235037565232,-146.26253390312206,-0.0,-0.0092373752391797,,,,,,,,,,0.25000000000000006,0.25000000000000006,0.2795060373916427,0.5958844752029797,0.617987946221604,0.3625939106366152,0.7631462660185595,0.5456780783052771,0.5027901785714286,0.11070110701107005
1767328433,39192627,370_1767328433-39192627.png,-1,-1,0,0,-9.574142156862743e-06,-9.574142156862743e-06,173.46,857.82,-706.0,-809.0,-1190.0,2850.0,-333.0,-140.0,-419.3499823575519,-663.7042217634258,-864.4076035674656,2367.474603593236,-149.41088031380852,-129.85776765603427,-395.9801432490349,-25.55239439010632,-0.0,-0.0092373752391797,,,,,,,,,,0.25000000000000006,0.25000000000000006,0.2794996587422579,0.6146182260711366,0.5173852573018081,0.37287465401344405,0.7276476653409929,0.5594855305466239,0.39341517857142855,0.19188191881918815
1767328433,72492676,371_1767328433-72492676.png,-1,-1,0,0,-9.574142156862743e-06,-9.574142156862743e-06,173.42,877.73,-679.0,-874.0,-1097.0,2838.0,-335.0,-131.0,-459.615520992504,-688.9360399347029,-906.3233642252015,2437.3045843583336,-176.38185785648008,-130.78942498277243,-440.3215145170689,-160.5328850746156,-0.0,-0.0405351394613696,,,,,,,,,,0.25000000000000006,0.25000000000000006,0.27947414414471883,0.6268553973239255,0.5299026425591098,0.34717279557137204,0.7413462954779791,0.5572158123699641,0.3922991071428571,0.22509225092250917
1767328433,105791260,372_1767328433-105791260.png,-1,-1,0,0,-9.574142156862743e-06,-9.574142156862743e-06,173.35,891.32,-459.0,-940.0,-1181.0,2857.0,-307.0,-114.0,-477.6179650766575,-726.8913966679878,-946.877751143127,2508.270945238109,-201.2595899734223,-129.28725248988158,-428.3252849280835,-148.21714687347423,-0.0,-0.0679191453251307,,,,,,,,,,0.25000000000000006,0.25000000000000006,0.27942949359902536,0.6352081425436844,0.6318961520630505,0.321075523922499,0.7289733392252173,0.560809532816342,0.4079241071428571,0.2878228782287823
1767328433,172352539,373_1767328433-172352539.png,2,1,150,100,1.914828431372549e-05,9.574142156862743e-06,173.34,900.77,-239.0,-839.0,-895.0,2873.0,-210.0,-136.0,-448.2615316374945,-751.7199349981768,-953.3573212815596,2570.438103243791,-208.00838351217757,-129.25925674569748,-374.4896638989449,26.02540135383594,-0.0,-0.0679191453251307,,,,,,,,,,1.0,0.75,0.27942311494964056,0.6410163428620598,0.7338896615669911,0.3610122578094108,0.7711003093239064,0.563835823718555,0.4620535714285714,0.20664206642066418
1767328433,205626465,374_1767328433-205626465.png,1,1,0,0,9.574142156862743e-06,9.574142156862743e-06,173.28,914.02,-514.0,-719.0,-657.0,2794.0,-207.0,-147.0,-443.8946578772568,-755.1335365253753,-899.8748415202548,2612.6155387410704,-213.5017100853564,-132.8919095712192,-313.79262554645544,210.71232604980457,-0.0,-0.0679191453251307,,,,,,,,,,0.75,0.75,0.2793848430533319,0.6491601157952317,0.6063977746870652,0.4084618426255437,0.8061570187067315,0.5488935123888785,0.46372767857142855,0.16605166051660514
1767328433,238898682,375_1767328433-238898682.png,1,1,0,0,9.574142156862743e-06,9.574142156862743e-06,173.32,919.79,-438.0,-857.0,-798.0,2750.0,-191.0,-130.0,-450.5340954005183,-763.4535703800758,-862.3425409933647,2647.9290136969626,-210.14749814676537,-134.02538330893097,-313.0321218669415,209.0236585140227,-0.0,-0.0679191453251307,,,,,,,,,,0.75,0.75,0.279410357650871,0.6527064984234884,0.641631896152063,0.3538948200869909,0.7853881278538813,0.5405712124077928,0.47265625,0.22878228782287818
1767328433,272171143,376_1767328433-272171143.png,1,1,0,0,9.574142156862743e-06,9.574142156862743e-06,173.32,925.32,-259.0,-924.0,-762.0,2777.0,-203.0,-140.0,-422.52379926018926,-786.9321736466272,-847.6682644222929,2666.8045906114144,-209.10223495571472,-134.8991221724573,-319.54747787117964,179.235190629959,-0.0,-0.0679191453251307,,,,,,,,,,0.75,0.75,0.279410357650871,0.6561053712023897,0.7246175243393601,0.3274021352313167,0.7906908233907792,0.5456780783052771,0.4659598214285714,0.19188191881918815
1767328433,338713867,377_1767328433-338713867.png,-1,1,-100,0,-9.574142156862743e-06,9.574142156862743e-06,173.4,939.65,-280.0,-816.0,-648.0,2806.0,-118.0,-168.0,-383.79045867771856,-791.7430425614565,-782.8991858255838,2686.0697469294923,-203.3677580647335,-140.23625117770183,-307.22882485389715,274.49796295166004,-0.0,-0.0679191453251307,,,,,,,,,,0.25000000000000006,0.75,0.27946138684594923,0.6649129384576615,0.7148817802503477,0.3701067615658363,0.807482692590956,0.5511632305655382,0.5133928571428571,0.08856088560885611
1767328433,371983887,378_1767328433-371983887.png,-1,1,0,0,-9.574142156862743e-06,9.574142156862743e-06,173.42,948.75,-354.0,-754.0,-749.0,2826.0,-183.0,-178.0,-374.6459414512967,-788.5686167669369,-771.5865274029493,2709.171944138124,-196.33766764611084,-146.22241952294365,-317.7592454552651,240.2402935028075,-0.0,-0.0679191453251307,,,,,,,,,,0.25000000000000006,0.75,0.27947414414471883,0.6705060202457268,0.6805748725081131,0.3946223803875049,0.7926056856679924,0.5549460941933044,0.4771205357142857,0.05166051660516602
1767328433,405254395,379_1767328433-405254395.png,-1,1,0,0,-9.574142156862743e-06,9.574142156862743e-06,173.46,962.2,-311.0,-619.0,-535.0,2760.0,-203.0,-183.0,-366.5176663376682,-767.473434141508,-742.8573712020565,2718.4154101181093,-196.76341015273763,-151.46369781495503,-303.3455869555474,286.21374773979176,-0.0,-0.0679191453251307,,,,,,,,,,0.25000000000000006,0.75,0.2794996587422579,0.6787727180533617,0.7005099675475196,0.4480031633056544,0.8241272646928857,0.5424626442216759,0.4659598214285714,0.03321033210332103
1767328433,438523438,380_1767328433-438523438.png,-1,1,0,0,-9.574142156862743e-06,9.574142156862743e-06,173.38,970.64,-448.0,-614.0,-636.0,2802.0,-333.0,-170.0,-374.676093028791,-745.1663409476923,-724.4600797366272,2729.486978073761,-213.12119853514287,-154.5310504705777,-314.14732378721243,272.2030372619628,-0.0,-0.0679191453251307,,,,,,,,,,0.25000000000000006,0.75,0.2794486295471797,0.683960147755699,0.6369958275382475,0.4499802293396599,0.809250257769922,0.550406657839985,0.39341517857142855,0.08118081180811809
1767328433,471792725,381_1767328433-471792725.png,-1,1,0,0,-9.574142156862743e-06,9.574142156862743e-06,173.27,1014.01,-270.0,-781.0,-312.0,2807.0,-348.0,-173.0,-358.6959658233694,-739.7891865037925,-703.100579644863,2753.9387212985143,-245.66901588302025,-159.84567325068448,-307.5852764546872,274.8405683040618,-0.0,0.0083606494253928,,,,,,,,,,0.25000000000000006,0.75,0.27937846440394715,0.7106164067829945,0.7195178488641631,0.38394622380387505,0.8569745176020033,0.5513523737469265,0.38504464285714285,0.07011070110701101
1767328433,505060547,382_1767328433-505060547.png,-1,1,0,0,-9.574142156862743e-06,9.574142156862743e-06,173.27,1042.69,-206.0,-731.0,-442.0,2840.0,-369.0,-185.0,-337.5755986145604,-742.385909882191,-647.2774201202886,2766.0952101451726,-265.25407939521443,-163.20500302153573,-306.77502930164343,297.32614016532887,-0.0,0.0014806943429013,,,,,,,,,,0.25000000000000006,0.75,0.27937846440394715,0.7282438337809848,0.7491886879925822,0.40371688414393037,0.8378258948298719,0.5575940987327408,0.37332589285714285,0.02583025830258301
1767328433,538328857,383_1767328433-538328857.png,1,-2,150,-100,9.574142156862743e-06,-1.914828431372549e-05,173.24,1086.12,-481.0,-585.0,-414.0,2837.0,-393.0,-190.0,-351.0074193383657,-723.3740616092372,-613.9305007000529,2776.546741565028,-283.2775932977149,-166.98641005952095,-297.19707283377653,270.8660023212432,-0.0,0.0048020824690227,,,,,,,,,,0.75,0.0,0.2793593284557928,0.754936970270619,0.6216968011126565,0.461447212336892,0.8419502135807925,0.5570266691885758,0.3599330357142857,0.0073800738007380184
1767328433,571595459,384_1767328433-571595459.png,1,-2,-50,0,9.574142156862743e-06,-1.914828431372549e-05,173.19,1130.65,-617.0,-563.0,-427.0,2805.0,-283.0,-170.0,-378.7607825957624,-704.9422910797402,-591.3526326014251,2780.8332776997863,-286.3586723691436,-167.91065772065167,-274.49450218677526,201.31510972976676,-0.0,-0.009562867950611,,,,,,,,,,0.75,0.0,0.2793274352088689,0.7823061935697998,0.5586462679647658,0.4701463028865164,0.8400353513035794,0.5509740873841499,0.4213169642857143,0.08118081180811809
1767328433,638128418,385_1767328433-638128418.png,1,-2,0,0,9.574142156862743e-06,-1.914828431372549e-05,173.15,1190.14,-686.0,-778.0,-296.0,2760.0,-318.0,-146.0,-430.0231428263931,-711.8543102222108,-543.7921020388333,2778.428804477668,-290.89670223774755,-164.76192673691017,-292.13525229692465,278.1283473968505,-0.0,-0.0207295721985449,,,,,,,,,,0.75,0.0,0.27930192061132975,0.8188701974788108,0.526657394529439,0.38513246342427837,0.8593312711739579,0.5424626442216759,0.4017857142857143,0.1697416974169741
1767328433,671394531,386_1767328433-671394531.png,1,-2,0,0,9.574142156862743e-06,-1.914828431372549e-05,173.1,1214.25,-396.0,-876.0,-294.0,2816.0,-295.0,-140.0,-425.7382268318992,-735.5139305770027,-503.233020100577,2777.937299660674,-282.0573379406566,-159.98954633542846,-294.7990607619286,263.93823838233936,-0.0,-0.0358549958153068,,,,,,,,,,0.75,0.0,0.27927002736440587,0.833688791095322,0.661103384330088,0.34638196915776986,0.8596258653704523,0.5530546623794214,0.4146205357142857,0.19188191881918815
1767328433,704658936,387_1767328433-704658936.png,1,-1,0,0,9.574142156862743e-06,-9.574142156862743e-06,173.05,1212.77,-245.0,-774.0,-40.0,2821.0,-240.0,-171.0,-416.6891180838687,-752.8839437294286,-464.7282116500486,2783.659292163969,-282.23812638686127,-158.03116715365178,-289.28552272915846,271.7966680526732,-0.0,-0.0108215091656719,,,,,,,,,,0.75,0.25000000000000006,0.279238134117482,0.832779147024296,0.7311080203987018,0.3867141162514828,0.897039328325232,0.5540003782863628,0.4453125,0.07749077490774903
1767328433,737924072,388_1767328433-737924072.png,-1,-1,-100,0,-9.574142156862743e-06,-9.574142156862743e-06,173.1,1206.99,-333.0,-782.0,-67.0,2863.0,-282.0,-189.0,-394.9827288401084,-757.2571770419933,-393.7717578112607,2793.9135400829646,-278.7398365574284,-161.90146286631597,-304.9011420011521,265.9063205718993,-0.0,-0.0303090383452022,,,,,,,,,,0.25000000000000006,0.25000000000000006,0.27927002736440587,0.8292266181523161,0.6903106165971256,0.3835508105970739,0.8930623066725586,0.5619443919046719,0.421875,0.011070110701106972
1767328433,771187500,389_1767328433-771187500.png,-1,-1,0,0,-9.574142156862743e-06,-9.574142156862743e-06,173.13,1200.35,-437.0,-752.0,-270.0,2921.0,-327.0,-181.0,-396.6276793802318,-757.9687446756027,-361.4193116116157,2812.743997598135,-284.6498483259052,-165.6340309798224,-297.0247240364552,261.72656393051136,-0.0,-0.0183766435820106,,,,,,,,,,0.25000000000000006,0.25000000000000006,0.2792891633125602,0.8251455123201454,0.6420955030134445,0.39541320680110714,0.8631609957283842,0.572914696425194,0.39676339285714285,0.040590405904059046
1767328433,804451416,390_1767328433-804451416.png,-1,-1,0,0,-9.574142156862743e-06,-9.574142156862743e-06,173.15,1192.06,-409.0,-782.0,-208.0,2878.0,-237.0,-174.0,-398.0976764864318,-760.8239791033925,-343.191046192764,2820.497283149081,-278.9884092715348,-166.62801995150895,-303.5711859464646,259.20352125167835,-0.0,-0.0221321863801765,,,,,,,,,,0.25000000000000006,0.25000000000000006,0.27930192061132975,0.8200502762736552,0.655076495132128,0.3835508105970739,0.8722934158197084,0.5647815396254966,0.4469866071428571,0.06642066420664205
1767328433,837713623,391_1767328433-837713623.png,-1,1,0,0,-9.574142156862743e-06,9.574142156862743e-06,173.23,1180.24,-571.0,-748.0,-343.0,2848.0,-271.0,-165.0,-418.9398181233305,-759.8811445222588,-339.4602654708295,2825.34218445098,-276.8876021420363,-166.63679145709492,-304.0238125920296,260.411882162094,-0.0,0.0179866290027931,,,,,,,,,,0.25000000000000006,0.75,0.279352949806408,0.8127854161928937,0.579972183588317,0.39699485962831155,0.8524083075563412,0.5591072441838473,0.4280133928571428,0.09963099630996308
1767328433,870976563,392_1767328433-870976563.png,0,1,50,0,0.0,9.574142156862743e-06,173.48,1144.72,-641.0,-707.0,-552.0,2829.0,-282.0,-153.0,-451.4143049364183,-752.1477093069221,-370.5424646651818,2825.8771100815343,-277.63524854770264,-164.64252215314465,-304.6772963702679,269.047371149063,-0.0,-0.0155028835620228,,,,,,,,,,0.5,0.75,0.2795124160410275,0.7909539584882699,0.5475197032916086,0.41320680110715696,0.8216232140226838,0.5555135237374693,0.421875,0.14391143911439108
1767328433,904237793,393_1767328433-904237793.png,0,1,0,0,0.0,9.574142156862743e-06,174.96,1141.21,-492.0,-801.0,-587.0,2791.0,-316.0,-150.0,-472.25814458505647,-756.2404467870894,-394.5660711349733,2813.938576131646,-278.5771826184164,-160.55060514365954,-310.0987505316735,285.5046076774596,-0.0,-0.0306879800409135,,,,,,,,,,0.5,0.75,0.28045645614997483,0.7887966269414447,0.6165971256374594,0.37603795966785286,0.816467815584033,0.5483260828447135,0.4029017857142857,0.15498154981549817
1767328433,937499512,394_1767328433-937499512.png,0,1,0,0,0.0,9.574142156862743e-06,176.19,1142.41,-605.0,-749.0,-441.0,2709.0,-236.0,-129.0,-482.0703877192119,-759.5993672202227,-413.7604111362289,2805.55866085698,-279.1471970119617,-157.72068907841177,-311.2659687995911,285.62683367729176,-0.0,-0.0258718732523701,,,,,,,,,,0.5,0.75,0.2812410300243027,0.7895341761882226,0.5642095503013445,0.39659944642151046,0.837973191928119,0.532816341970872,0.4475446428571428,0.2324723247232472
1767328433,970759766,395_1767328433-970759766.png,0,1,0,0,0.0,9.574142156862743e-06,177.59,1139.77,-632.0,-797.0,-418.0,2683.0,-202.0,-124.0,-498.3307530122031,-761.28168076845,-415.5872930255129,2792.492801755002,-271.9370572391316,-154.00186429776596,-312.45240908861166,259.513599872589,-0.0,-0.0434327106064026,,,,,,,,,,0.5,0.75,0.28213404093817174,0.7879115678453112,0.5516921650440426,0.3776196124950573,0.8413610251878039,0.527898619254776,0.4665178571428571,0.25092250922509224
1767328434,4020264,396_1767328434-4020264.png,0,1,0,0,0.0,9.574142156862743e-06,179.23,1139.34,-563.0,-849.0,-415.0,2603.0,-223.0,-131.0,-515.1862509657146,-772.160590379958,-415.7327374884242,2766.330337978742,-261.75135614120137,-149.4505723876064,-314.27590352296835,285.5815541744231,-0.0,-0.0434327106064026,,,,,,,,,,0.5,0.75,0.28318013943727555,0.7876472793652158,0.5836810384793694,0.3570581257413997,0.8418029164825453,0.5127671647437111,0.4547991071428571,0.22509225092250917
1767328434,70538818,397_1767328434-70538818.png,0,1,0,0,0.0,9.574142156862743e-06,181.29,1138.65,-475.0,-842.0,-329.0,2558.0,-259.0,-133.0,-510.57997619367467,-784.4160174901906,-403.0293111753365,2731.523273987532,-260.3191871486926,-146.55449220250742,-317.1366727650166,279.504500389099,-0.0,-0.0434327106064026,,,,,,,,,,0.5,0.75,0.28449414121054006,0.7872231885483187,0.6244784422809457,0.3598260181890075,0.8544704669318015,0.504255721581237,0.4347098214285714,0.2177121771217712
1767328434,103796875,398_1767328434-103796875.png,0,1,0,0,0.0,9.574142156862743e-06,186.89,1139.27,-502.0,-525.0,-287.0,2457.0,-201.0,-87.0,-504.9861300113048,-747.7095877268562,-389.71549060588376,2688.5752767790937,-253.83548507214317,-137.10643843717656,-314.5787802338601,298.8488783836364,-0.0,-0.0434327106064026,,,,,,,,,,0.5,0.75,0.2880661848660165,0.7876042556591538,0.6119610570236439,0.4851720047449585,0.8606569450581825,0.4851522602610176,0.46707589285714285,0.38745387453874536
1767328434,137050049,399_1767328434-137050049.png,0,1,0,0,0.0,9.574142156862743e-06,190.18,1137.62,-518.0,-412.0,-615.0,2373.0,-117.0,-83.0,-505.9974925116727,-704.9132096171382,-404.3794115596958,2647.106972144125,-238.50641422373948,-129.41676640790854,-323.6298844814301,282.2787296772002,-0.0,-0.0434327106064026,,,,,,,,,,0.5,0.75,0.29016476051360884,0.7865901254448343,0.6045433472415391,0.5298536971134835,0.8123434968331125,0.4692642330243995,0.5139508928571428,0.40221402214022134
1767328434,170295166,400_1767328434-170295166.png,2,1,100,0,1.914828431372549e-05,9.574142156862743e-06,194.73,1135.34,-471.0,-530.0,-835.0,2172.0,-134.0,-112.0,-502.1685327565211,-676.0970241903041,-461.3198926986714,2583.139580258723,-222.75692144257332,-126.0742813885025,-327.02984440326696,286.04223012924183,-0.0,-0.0434327106064026,,,,,,,,,,1.0,0.75,0.29306704598368344,0.7851887818759564,0.6263328697264718,0.4831949387109529,0.7799381352187362,0.43124645356534896,0.5044642857142857,0.29520295202952024
1767328434,203540527,401_1767328434-203540527.png,1,-1,-50,-100,9.574142156862743e-06,-9.574142156862743e-06,206.52,1104.02,-219.0,-514.0,-252.0,1871.0,-189.0,-125.0,-450.835061879436,-656.5672315142832,-461.4748383881488,2489.135138821189,-213.61971747668463,-127.26988319178058,-329.61416721344,285.162432193756,-0.0,-0.0434327106064026,,,,,,,,,,0.75,0.25000000000000006,0.3005874736083382,0.765938746535055,0.7431617987946221,0.48952155001977066,0.8658123434968332,0.37431435596746737,0.4737723214285714,0.24723247232472323
1767328434,236784424,402_1767328434-236784424.png,1,-2,0,0,9.574142156862743e-06,-1.914828431372549e-05,215.55,1079.85,-213.0,-308.0,-189.0,1772.0,-148.0,-133.0,-410.4024241514401,-619.3046331710331,-421.4131954729833,2376.243997021666,-206.85235541765095,-127.3678865430763,-346.8730744719506,264.97708773612965,-0.0,-0.0434327106064026,,,,,,,,,,0.75,0.0,0.30634739400279387,0.7510832754562049,0.7459434399629113,0.5709766706207987,0.8750920606864045,0.3555891810100246,0.4966517857142857,0.2177121771217712
1767328434,303270752,403_1767328434-303270752.png,1,-2,0,0,9.574142156862743e-06,-1.914828431372549e-05,223.92,1053.45,-69.0,-231.0,-53.0,1560.0,-103.0,-114.0,-359.1788975355893,-556.3574181641479,-365.089735910935,2246.63221361454,-191.335094106993,-126.08375480212172,-359.39141571521765,274.9033291339873,-0.0,-0.0434327106064026,,,,,,,,,,0.75,0.0,0.3116863235378541,0.7348571920270927,0.8127028280018543,0.6014234875444839,0.8951244660480189,0.31549082655570265,0.5217633928571428,0.2878228782287823
1767328434,336513184,404_1767328434-336513184.png,1,-2,0,0,9.574142156862743e-06,-1.914828431372549e-05,231.19,1014.99,-166.0,-267.0,31.0,1386.0,-72.0,-83.0,-328.2675021368219,-513.0538360565222,-309.46883951588,2125.544337512812,-174.7335940456139,-120.63338995016797,-350.3935616612435,250.3069586753844,-0.0,-0.0332049616094578,,,,,,,,,,0.75,0.0,0.31632360164058865,0.7112187386678631,0.7677329624478442,0.5871886120996441,0.9074974223007808,0.2825799129941366,0.5390625,0.40221402214022134
1767328434,369754150,405_1767328434-369754150.png,-1,-1,-50,0,-9.574142156862743e-06,-9.574142156862743e-06,235.6,936.63,-192.0,-359.0,47.0,1163.0,-115.0,-47.0,-308.3394935951898,-490.524721537911,-257.33818497753305,1984.7800945431616,-165.99804408911615,-109.86510843868231,-350.3976528346539,250.3079617023467,-0.0,-0.0221260304092089,,,,,,,,,,0.25000000000000006,0.25000000000000006,0.3191365860192763,0.6630567728532707,0.7556791840519239,0.5508105970739423,0.9098541758727353,0.24040098354454323,0.5150669642857143,0.5350553505535055
1767328434,402995361,406_1767328434-402995361.png,-1,-1,0,0,-9.574142156862743e-06,-9.574142156862743e-06,232.46,795.18,-251.0,-102.0,-238.0,779.0,-23.0,-45.0,-309.85820095948435,-431.2240115706262,-228.6507349287092,1770.4776648863392,-133.4853905937159,-96.44492867718832,-376.7523425519467,-21.270328998565795,-0.0,-0.0048192785503771,,,,,,,,,,0.25000000000000006,0.25000000000000006,0.3171336901124556,0.5761181553893338,0.7283263792304125,0.6524317912218268,0.8678745028722935,0.16777000189143182,0.56640625,0.5424354243542435
1767328434,436234863,407_1767328434-436234863.png,-1,-1,0,0,-9.574142156862743e-06,-9.574142156862743e-06,225.66,733.77,-221.0,-84.0,-341.0,656.0,-38.0,-46.0,-293.78382379365985,-363.2196079159841,-245.57007103219013,1555.6181065115188,-113.74059216777286,-86.37605747947309,-296.82016536593443,119.94383096694932,-0.0,-0.030103578976619,,,,,,,,,,0.25000000000000006,0.25000000000000006,0.3127962085308057,0.5383740726854782,0.742234585071859,0.6595492289442467,0.8527029017528355,0.14450539058066958,0.5580357142857143,0.5387453874538745
1767328434,469474609,408_1767328434-469474609.png,-1,1,0,0,-9.574142156862743e-06,9.574142156862743e-06,215.34,667.8,-140.0,-42.0,-399.0,615.0,-126.0,-53.0,-271.2941963618176,-316.24386542484984,-268.0079442379565,1418.0603956337306,-115.53343037325104,-81.49508183886059,-280.2478609085084,162.09818840026844,-0.0,-0.0264279124168678,,,,,,,,,,0.25000000000000006,0.75,0.30621344236571346,0.49782730284386695,0.7797867408437644,0.6761565836298933,0.8441596700545,0.13675052014374883,0.5089285714285714,0.5129151291512914
1767328434,502712646,409_1767328434-502712646.png,-1,1,0,0,-9.574142156862743e-06,9.574142156862743e-06,184.06,482.61,-124.0,132.0,-103.0,380.0,-114.0,-22.0,-241.36046794656883,-244.12412460399315,-249.2458044112608,1226.3532697611338,-112.20879816778104,-71.60341026468305,-200.49985146522528,176.91447281837452,-0.0,-0.017161421135434,,,,,,,,,,0.25000000000000006,0.75,0.28626102709012397,0.3840050153348781,0.7872044506258692,0.7449584816132859,0.8877596111356607,0.09230187251749575,0.515625,0.6273062730627306
1767328434,535950928,410_1767328434-535950928.png,1,1,0,0,9.574142156862743e-06,9.574142156862743e-06,163.51,432.5,-153.0,174.0,-290.0,351.0,-160.0,-15.0,-225.97471160641123,-186.5450926787138,-239.31876812945697,1100.8037679100594,-115.2898377132529,-63.92032480131177,-141.84826993942266,148.69946765899647,-0.0,-0.017161421135434,,,,,,,,,,0.75,0.75,0.27315290260440256,0.35320618803818044,0.7737598516458043,0.7615658362989324,0.8602150537634409,0.08681672025723472,0.4899553571428571,0.6531365313653136
1767328434,602424561,411_1767328434-602424561.png,1,1,0,0,9.574142156862743e-06,9.574142156862743e-06,139.61,383.32,-71.0,89.0,-358.0,323.0,-84.0,-24.0,-197.6722949903173,-118.39017003493665,-260.590980764528,929.1202644113904,-114.16863269140931,-54.30231343938862,-115.05874693393712,127.41838788986192,-0.0,-0.017161421135434,,,,,,,,,,0.75,0.75,0.2579079305747801,0.32297896140773563,0.8117756142790913,0.7279557137208382,0.8501988510826337,0.08152071117836202,0.5323660714285714,0.6199261992619925
1767328434,635659912,412_1767328434-635659912.png,1,1,0,0,9.574142156862743e-06,9.574142156862743e-06,116.13,335.47,-127.0,49.0,-529.0,287.0,-84.0,-22.0,-187.33704941716744,-93.91072566314404,-299.84360625556354,835.2154234677514,-109.75671671337872,-49.57836408946751,122.63037574291224,265.3659756183623,-0.0,-0.017161421135434,,,,,,,,,,0.75,0.75,0.2429308618193184,0.2935691851924696,0.7858136300417246,0.712139185448794,0.8250110472823686,0.07471155664838283,0.5323660714285714,0.6273062730627306
1767328434,668895508,413_1767328434-668895508.png,1,1,0,0,9.574142156862743e-06,9.574142156862743e-06,79.22,234.2,38.0,-87.0,-198.0,245.0,-174.0,-29.0,-158.73843838069735,-93.84995643731176,-318.65762595035045,739.8758643306853,-119.3004300351376,-47.72236025026787,138.1477419137954,263.6924967765807,-0.0,-0.017161421135434,,,,,,,,,,0.75,0.75,0.2193872669400981,0.23132617500814373,0.86230876216968,0.6583629893238434,0.8737663868021801,0.06676754303007376,0.4821428571428571,0.6014760147601476
1767328434,702129150,414_1767328434-702129150.png,1,1,0,0,9.574142156862743e-06,9.574142156862743e-06,66.0,211.74,33.0,-37.0,-268.0,216.0,-164.0,-23.0,-130.12268325800804,-91.2918698295228,-303.1913052734307,666.6016383974454,-126.98852781835944,-44.79760769690602,130.36451178789133,251.67623376846305,-0.0,-0.017161421135434,,,,,,,,,,0.75,0.75,0.2109546924534199,0.21752171160595202,0.8599907278627723,0.6781336496638988,0.8634555899248786,0.061282390769812754,0.48772321428571425,0.6236162361623616
1767328434,735363281,415_1767328434-735363281.png,1,1,0,0,9.574142156862743e-06,9.574142156862743e-06,58.87,191.58,0.0,41.0,-242.0,214.0,-141.0,-15.0,-103.95477898140962,-77.12913980409282,-295.51626690409967,588.6076590453237,-131.9751764397195,-40.54034415803877,126.51647096872324,116.71723651885974,-0.0,-0.017161421135434,,,,,,,,,,0.75,0.75,0.2064067154420723,0.20513088426008444,0.8446917014371812,0.7089758797943851,0.8672853144793048,0.06090410440703613,0.5005580357142857,0.6531365313653136
1767328434,768595703,416_1767328434-768595703.png,-1,1,-100,0,-9.574142156862743e-06,9.574142156862743e-06,54.86,175.3,2.0,3.0,-331.0,264.0,-72.0,-31.0,-83.07547104755102,-58.18784827527488,-295.46425050657007,520.1647162557892,-125.56905936993113,-37.36996408302365,120.78233426809304,74.96738553047167,-0.0,-0.017161421135434,,,,,,,,,,0.25000000000000006,0.75,0.20384887703877583,0.19512479947879852,0.8456189151599443,0.693950177935943,0.8541758727353072,0.07036126347645168,0.5390625,0.5940959409594095
1767328434,801828613,417_1767328434-801828613.png,-1,-1,0,-100,-9.574142156862743e-06,-9.574142156862743e-06,51.03,164.27,-22.0,11.0,-305.0,285.0,-80.0,-31.0,-71.88282747327736,-46.44364222532077,-297.8031278012228,478.966298045132,-117.48137519812984,-36.26912901345538,123.95188969373696,58.35424995422351,-0.0,-0.017161421135434,,,,,,,,,,0.25000000000000006,0.25000000000000006,0.20140585432440536,0.1883454926521656,0.8344923504867872,0.6971134835903519,0.8580055972897335,0.07433327028560621,0.5345982142857143,0.5940959409594095
1767328434,835059570,418_1767328434-835059570.png,-1,-1,0,0,-9.574142156862743e-06,-9.574142156862743e-06,47.37,156.75,-34.0,102.0,-256.0,252.0,7.0,-13.0,-66.34277355263937,-24.73497270522533,-291.68976199626906,445.7743318376308,-99.2769913991836,-32.866209062146055,166.87401342391962,123.73570275306687,-0.0,-0.017161421135434,,,,,,,,,,0.25000000000000006,0.25000000000000006,0.19907126864957614,0.18372351737235787,0.8289290681502085,0.7330960854092526,0.8652231551038445,0.06809154529979194,0.5831473214285714,0.6605166051660516
1767328434,868290771,419_1767328434-868290771.png,-1,-1,0,0,-9.574142156862743e-06,-9.574142156862743e-06,44.0,152.64,193.0,103.0,291.0,126.0,-23.0,1.0,-54.11270962005096,1.7321253765424407,-251.77626427411064,404.96440177393606,-88.078723828406,-28.00539701553789,113.47705709934228,268.54442477226246,-0.0,-0.0123691685380918,,,,,,,,,,0.25000000000000006,0.25000000000000006,0.19692166380690554,0.18119741120214378,0.9341678256838201,0.7334914986160538,0.9457946678450435,0.04425950444486476,0.56640625,0.7121771217712176
1767328434,901520508,420_1767328434-901520508.png,-1,-1,0,0,-9.574142156862743e-06,-9.574142156862743e-06,43.21,151.53,148.0,178.0,373.0,139.0,-5.0,-12.0,-14.16535571145738,23.82923164463489,-152.95021939526603,357.55144232586247,-75.72892226622784,-23.789484647487058,77.01418185234064,193.2857356071471,-0.0,0.0134248340710534,,,,,,,,,,0.25000000000000006,0.25000000000000006,0.19641775050550797,0.1805151781488743,0.9133055169216504,0.7631474891261368,0.957873029901311,0.046718365802912803,0.5764508928571428,0.6642066420664207
1767328434,967978516,421_1767328434-967978516.png,2,-1,0,0,1.914828431372549e-05,-9.574142156862743e-06,46.14,155.81,-73.0,103.0,-58.0,201.0,8.0,-10.0,2.319905568729255,57.184793412916335,-27.702072109016907,288.52482536692054,-50.29724022947798,-20.80269986377941,77.1463981866836,193.0996024608611,-0.0,-0.0253862261518684,,,,,,,,,,1.0,0.25000000000000006,0.1982866947752483,0.1831457704623819,0.8108484005563281,0.7334914986160538,0.894387980556783,0.058445243048988085,0.5837053571428571,0.6715867158671587
1767328435,1207031,422_1767328435-1207031.png,1,-1,-50,0,9.574142156862743e-06,-9.574142156862743e-06,46.14,155.81,-73.0,103.0,-58.0,201.0,8.0,-10.0,-0.0245567354089728,58.61087094167412,-28.645147505853288,285.8004638292951,-48.48263781964642,-20.466447150471907,91.62058007717128,192.84311413764945,-0.0,-0.016594524689006,,,,,,,,,,0.75,0.25000000000000006,0.1982866947752483,0.1831457704623819,0.8108484005563281,0.7334914986160538,0.894387980556783,0.058445243048988085,0.5837053571428571,0.6715867158671587
1767328435,34433838,423_1767328435-34433838.png,1,-1,0,0,9.574142156862743e-06,-9.574142156862743e-06,48.25,160.71,-86.0,186.0,124.0,173.0,-167.0,9.0,-11.4933185279217,70.18903886240132,-21.78426028650428,271.6831206421603,-50.94731604098159,-17.771407674212153,117.4035445451736,248.48875737190235,-0.0,-0.0149535919455156,,,,,,,,,,0.75,0.25000000000000006,0.19963258979543674,0.1861574298867247,0.804821511358368,0.7663107947805456,0.921196052437767,0.05314923397011538,0.4860491071428571,0.7416974169741697
1767328435,67660889,424_1767328435-67660889.png,1,-1,0,0,9.574142156862743e-06,-9.574142156862743e-06,51.92,168.89,-64.0,92.0,159.0,174.0,-141.0,8.0,-22.37822248956735,81.69573673694003,6.577299656605958,254.7195501907125,-68.65004095811527,-13.23536970427684,71.36914181709284,229.305293560028,-0.0,0.0156034243227271,,,,,,,,,,0.75,0.25000000000000006,0.20197355411965073,0.19118505725226026,0.8150208623087621,0.7291419533412415,0.9263514508764178,0.05333837715150369,0.5005580357142857,0.7380073800738007
1767328435,100886230,425_1767328435-100886230.png,1,1,0,100,9.574142156862743e-06,9.574142156862743e-06,58.38,181.62,-183.0,32.0,-6.0,294.0,-191.0,-17.0,-43.70994454100479,76.34768153332175,13.314255325022009,255.0274822573545,-87.09397809859448,-12.535881110933223,79.22861063480372,235.65961265563956,-0.0,0.0032504075517248,,,,,,,,,,0.75,0.75,0.20609416162221814,0.19900922551182842,0.7598516458043578,0.7054171609331752,0.9020474296656357,0.07603555891810101,0.47265625,0.6457564575645756
1767328435,134166992,426_1767328435-134166992.png,-2,1,-150,0,-1.914828431372549e-05,9.574142156862743e-06,66.63,208.58,-195.0,61.0,-48.0,369.0,-156.0,-27.0,-69.536470092899,72.9246822303994,3.834276044209076,272.7307144824482,-99.93219196929788,-14.76977290821508,29.19011804461474,212.814527273178,-0.0,-0.0114411618550834,,,,,,,,,,0.0,0.75,0.21135654736466103,0.21557949858943704,0.7542883634677793,0.7168841439304072,0.8958609515392547,0.09022129752222433,0.4921875,0.6088560885608856
1767328435,200609863,427_1767328435-200609863.png,-1,1,0,0,-9.574142156862743e-06,9.574142156862743e-06,90.08,245.75,-77.0,22.0,-73.0,495.0,-101.0,-32.0,-82.86992421801939,91.75356607095138,30.087496877515598,300.37409582309283,-111.59360046149943,-18.172510305843712,-97.9247828125954,115.85133767127978,-0.0,-0.0580725894869315,,,,,,,,,,0.25000000000000006,0.75,0.2263144801719684,0.2384250865083804,0.808993973110802,0.7014630288651641,0.8921785240830756,0.11405333837715151,0.5228794642857143,0.5904059040590406
1767328435,233829590,428_1767328435-233829590.png,-1,1,0,0,-9.574142156862743e-06,9.574142156862743e-06,102.76,245.75,-187.0,-124.0,-441.0,692.0,-57.0,-55.0,-88.59680866584759,70.75144761143612,-10.280453632741978,346.0817319068718,-107.0663294761028,-21.971674509154436,-99.1514205038548,115.94275641441332,-0.0,-0.038570044641247,,,,,,,,,,0.25000000000000006,0.75,0.2344026075918685,0.2384250865083804,0.7579972183588316,0.6437327006722025,0.837973191928119,0.15131454511064876,0.5474330357142857,0.5055350553505534
1767328435,267049316,429_1767328435-267049316.png,-1,1,0,0,-9.574142156862743e-06,9.574142156862743e-06,115.67,309.33,-416.0,-213.0,-715.0,834.0,-177.0,-58.0,-135.34440587704884,21.506422891419547,-128.3607314685866,431.6401602593614,-111.38256106865776,-28.8863524587445,-209.04111757874492,157.67383646965015,-0.0,-0.0480125899253875,,,,,,,,,,0.25000000000000006,0.75,0.24263744394761855,0.27750290410015915,0.651831247102457,0.6085409252669038,0.797613787008396,0.17817287686778893,0.48046875,0.49446494464944646
1767328435,300267334,430_1767328435-300267334.png,-1,1,0,0,-9.574142156862743e-06,9.574142156862743e-06,141.82,448.43,-741.0,-194.0,-878.0,1056.0,-358.0,-61.0,-220.5541056179366,-5.881209088507419,-225.0305659278597,517.4090471890655,-140.55847737689842,-33.20524641291702,-242.3045653402806,162.4620006084441,-0.0,0.0062438211547621,,,,,,,,,,0.25000000000000006,0.75,0.2593176120888163,0.3629971542891562,0.5011590171534538,0.6160537761961249,0.7736043599941081,0.22016266313599395,0.3794642857142857,0.48339483394833943
1767328435,366701904,431_1767328435-366701904.png,1,1,-50,0,9.574142156862743e-06,9.574142156862743e-06,153.11,507.75,-731.0,-477.0,-954.0,1144.0,-334.0,-62.0,-347.9955771205176,-93.86085442350588,-397.8722268781737,663.6763806517536,-190.90452744487635,-40.23568483310995,-258.5337307453156,239.2045965194701,-0.0,0.0116565856451149,,,,,,,,,,0.75,0.75,0.2665191072442321,0.3994566720548737,0.5057950857672693,0.5041518386714117,0.7624097805273237,0.23680726309816533,0.39285714285714285,0.4797047970479704
1767328435,399918457,432_1767328435-399918457.png,1,1,0,0,9.574142156862743e-06,9.574142156862743e-06,169.55,661.93,-770.0,-409.0,-937.0,1417.0,-342.0,-89.0,-433.1403961380382,-189.5688590678328,-501.74694205774057,811.4358438315045,-226.53798464949847,-50.60297732091626,-246.7981024086476,260.3806450366973,-0.0,0.0136296210845586,,,,,,,,,,0.75,0.75,0.2770056068328092,0.49421945777837867,0.4877144181733889,0.5310399367338869,0.7649138311975254,0.2884433516171742,0.3883928571428571,0.38007380073800734
1767328435,433133057,433_1767328435-433133057.png,1,1,0,0,9.574142156862743e-06,9.574142156862743e-06,174.52,743.3,-802.0,-222.0,-1071.0,1601.0,-315.0,-112.0,-485.2994794391972,-204.7346734323032,-577.5266439140162,916.647338218708,-240.9797601889125,-58.29981377806534,-277.78185743093496,305.42529630661,-0.0,0.0191716497241816,,,,,,,,,,0.75,0.75,0.28017579557704453,0.5442314429536388,0.47287899860917937,0.6049822064056939,0.7451760200324054,0.32324569699262345,0.4034598214285714,0.29520295202952024
1767328435,466348145,434_1767328435-466348145.png,-2,-2,0,-50,-1.914828431372549e-05,-1.914828431372549e-05,178.25,790.15,-679.0,-384.0,-857.0,1693.0,-375.0,-132.0,-525.4165189864547,-226.9661731284936,-637.3809342942492,1045.8456184606327,-260.9004831498467,-69.95636085484456,-277.78185743093496,305.42529630661,-0.0,-0.0054230572382036,,,,,,,,,,0.0,0.0,0.2825550317975672,0.57302659479659,0.5299026425591098,0.5409252669039146,0.7766975990572986,0.340646869680348,0.36997767857142855,0.22140221402214016
1767328435,532774170,435_1767328435-532774170.png,-1,-2,0,0,-9.574142156862743e-06,-1.914828431372549e-05,183.97,902.12,-791.0,-470.0,-937.0,1837.0,-548.0,-137.0,-568.3373674509863,-266.6810108658901,-683.235286435841,1171.7213932370182,-296.93962386799086,-81.75508152311417,-332.5190302133561,310.718269586563,-0.0,0.0043524357888162,,,,,,,,,,0.25000000000000006,0.0,0.28620361924566096,0.6418460857646849,0.4779786740843764,0.5069197311190193,0.7649138311975254,0.3678834878002648,0.2734375,0.20295202952029512
1767328435,565985596,436_1767328435-565985596.png,-1,-2,0,0,-9.574142156862743e-06,-1.914828431372549e-05,185.41,981.01,-937.0,-501.0,-781.0,1861.0,-530.0,-130.0,-627.5465590884965,-303.0203198247078,-715.4905321475339,1269.7599939889144,-333.0948709612635,-89.61631225696507,-327.66456073522573,299.2248702049254,-0.0,0.0154709277299639,,,,,,,,,,0.25000000000000006,0.0,0.28712214475706915,0.6903338024966041,0.41029207232267034,0.494661921708185,0.7878921785240831,0.3724229241535843,0.28348214285714285,0.22878228782287818
1767328435,599197266,437_1767328435-599197266.png,-1,-1,0,50,-9.574142156862743e-06,-9.574142156862743e-06,185.65,1051.7,-883.0,-474.0,-886.0,1945.0,-548.0,-127.0,-684.1056842224101,-339.8883649412808,-738.00124812614,1394.7613128654732,-373.822216514045,-97.36354938577956,-327.29141974449163,293.9185709953307,-0.0,0.022580944188102,,,,,,,,,,0.25000000000000006,0.25000000000000006,0.28727523234230384,0.7337815993755417,0.43532684283727396,0.5053380782918149,0.7724259832081308,0.3883109513902024,0.2734375,0.2398523985239852
1767328435,632406982,438_1767328435-632406982.png,-1,-1,0,0,-9.574142156862743e-06,-9.574142156862743e-06,185.64,1097.12,-947.0,-528.0,-1113.0,2033.0,-596.0,-132.0,-720.7964081144901,-365.9170175156447,-786.6154910333357,1485.6848005847312,-404.9973356360346,-102.29170493373054,-332.60358113050466,291.20108437538136,-0.0,0.0209969715606301,,,,,,,,,,0.25000000000000006,0.25000000000000006,0.2872688536929191,0.7616978383660825,0.40565600370885485,0.48398576512455516,0.7389895419060245,0.40495555135237377,0.2466517857142857,0.22140221402214016
1767328435,698824951,439_1767328435-698824951.png,1,-1,50,0,9.574142156862743e-06,-9.574142156862743e-06,185.46,1165.51,-995.0,-542.0,-899.0,2107.0,-642.0,-145.0,-761.4973253457499,-399.1982439622993,-823.6963474581511,1587.2930094810454,-440.2433879593111,-109.67227836085536,-342.77923855185514,258.4618544578551,-0.0,0.0183934409781167,,,,,,,,,,0.75,0.25000000000000006,0.2871540380039931,0.8037319991886958,0.3834028743625405,0.47844998022933966,0.7705111209309177,0.4189521467751088,0.22098214285714285,0.17343173431734316
1767328435,732032959,440_1767328435-732032959.png,1,-1,0,0,9.574142156862743e-06,-9.574142156862743e-06,185.48,1190.66,-916.0,-379.0,-823.0,2177.0,-603.0,-162.0,-800.7127661285017,-412.8014306946534,-831.7706620032382,1696.8233914410575,-476.7753512290775,-118.22565693225432,-334.91528892517096,253.96456813812244,-0.0,0.0222874455927715,,,,,,,,,,0.75,0.25000000000000006,0.2871667953027626,0.8191898021524145,0.42002781641168285,0.5429023329379201,0.7817057003977023,0.43219216947229055,0.2427455357142857,0.11070110701107005
1767328435,765239502,441_1767328435-765239502.png,1,1,0,50,9.574142156862743e-06,9.574142156862743e-06,185.55,1205.79,-1006.0,-401.0,-962.0,2213.0,-623.0,-159.0,-828.265785187671,-410.4721418352728,-847.0030827782565,1771.3225775165236,-497.6109419389544,-124.27085675051292,-342.48194661736494,268.18405151367176,-0.0,-0.0037465141220286,,,,,,,,,,0.75,0.75,0.28721144584845604,0.8284890689055383,0.3783031988873435,0.5342032423882958,0.7612314037413463,0.4390013240022697,0.2315848214285714,0.12177121771217714
1767328435,798446045,442_1767328435-798446045.png,1,1,0,0,9.574142156862743e-06,9.574142156862743e-06,185.59,1219.65,-1333.0,-600.0,-1335.0,2233.0,-703.0,-125.0,-882.8583320568655,-424.0083959591788,-888.2715039692384,1847.698694790988,-519.583194937924,-128.50586888897604,-324.1912843883038,171.18475294113148,-0.0,-0.0193201881478201,,,,,,,,,,0.75,0.75,0.28723696044599517,0.8370077627058223,0.22670375521557717,0.4555160142348754,0.7062895860951539,0.44278418763003596,0.1869419642857143,0.24723247232472323
1767328435,831650635,443_1767328435-831650635.png,1,1,0,0,9.574142156862743e-06,9.574142156862743e-06,185.59,1230.72,-1306.0,-604.0,-1479.0,2277.0,-692.0,-109.0,-958.9955679437302,-454.6677920808533,-974.2985513980408,1916.9816499289543,-550.6065197349418,-126.4519371932921,-324.1912843883038,171.18475294113148,-0.0,-0.0225210985993925,,,,,,,,,,0.75,0.75,0.28723696044599517,0.8438116545073479,0.2392211404728789,0.45393436140767096,0.6850788039475623,0.45110648761112165,0.19308035714285715,0.30627306273062727
1767328435,898058838,444_1767328435-898058838.png,-2,1,0,0,-1.914828431372549e-05,9.574142156862743e-06,185.44,1240.38,-1228.0,-768.0,-1334.0,2291.0,-677.0,-94.0,-1009.6962258734384,-499.9602582759365,-1044.2913642535011,1980.8621580017968,-573.2594493781199,-121.6537534707946,-349.14341595768934,243.11382246017445,-0.0,-0.0225210985993925,,,,,,,,,,0.0,0.75,0.2871412807052235,0.8497489259439094,0.2753824756606398,0.3890865954922894,0.7064368831934011,0.45375449215055796,0.20145089285714285,0.36162361623616235
1767328435,931261963,445_1767328435-931261963.png,-2,1,-50,0,-1.914828431372549e-05,9.574142156862743e-06,185.31,1248.39,-1176.0,-649.0,-1393.0,2382.0,-719.0,-129.0,-1030.9274392034877,-521.0370199025419,-1084.0523433661883,2025.9465191741965,-589.3863702690454,-122.52658577697564,-337.7733956575394,153.10877418518055,-0.0,-0.0225210985993925,,,,,,,,,,0.0,0.75,0.28705835826322135,0.8546720671661514,0.2994900324524803,0.4361407671016212,0.6977463543968184,0.4709665216568943,0.17801339285714285,0.2324723247232472
1767328435,964463379,446_1767328435-964463379.png,-1,1,50,0,-9.574142156862743e-06,9.574142156862743e-06,185.06,1260.36,-1220.0,-775.0,-1515.0,2437.0,-769.0,-192.0,-1067.9043197665203,-547.9591078910005,-1123.9749160791062,2103.8838100360986,-635.382366366001,-132.35724349582875,-334.1160165071488,156.1992435455321,-0.0,-0.0225210985993925,,,,,,,,,,0.25000000000000006,0.75,0.28689889202860186,0.8620291209027602,0.2790913305516921,0.3863187030446817,0.6797761084106644,0.4813693966332514,0.15011160714285715,0.0
1767328435,997665039,447_1767328435-997665039.png,-1,1,0,0,-9.574142156862743e-06,9.574142156862743e-06,184.83,1272.36,-1141.0,-928.0,-1529.0,2365.0,-746.0,-191.0,-1088.7187967210605,-611.2197109266722,-1203.28182479905,2161.4741448410746,-659.1813163965861,-144.08133698753883,-349.4194078147412,241.75343132019032,-0.0,-0.0225210985993925,,,,,,,,,,0.25000000000000006,0.75,0.28675218309275197,0.8694046133705385,0.31571627260083446,0.32582048240411227,0.677713949035204,0.467751087573293,0.16294642857142855,0.0036900369003689537
1767328436,64064697,448_1767328436-64064697.png,2,1,100,0,1.914828431372549e-05,9.574142156862743e-06,184.47,1298.46,-1111.0,-623.0,-1346.0,2312.0,-853.0,-168.0,-1107.0652945687116,-636.2106705803612,-1249.040283026368,2188.090153726663,-683.0411045135362,-147.22304867425288,-348.14952057600027,252.8080780506133,-0.0,-0.0225210985993925,,,,,,,,,,1.0,0.75,0.28652255171489993,0.8854463094879564,0.32962447844228093,0.44642151047844997,0.7046693180144352,0.4577264989597125,0.10323660714285715,0.08856088560885611
1767328436,97262695,449_1767328436-97262695.png,2,0,50,0,1.914828431372549e-05,0.0,184.87,1303.95,-1004.0,-611.0,-1201.0,2265.0,-739.0,-171.0,-1104.310153057079,-633.9051972217404,-1258.7064734964242,2204.7479998186955,-704.3477568607133,-150.44536176144987,-348.15594956278807,252.8047823905944,-0.0,-0.0225210985993925,,,,,,,,,,1.0,0.5,0.28677769769029104,0.888820597291965,0.3792304126101066,0.45116646896006324,0.726027397260274,0.4488367694344619,0.16685267857142855,0.07749077490774903
1767328436,130462891,450_1767328436-130462891.png,1,0,-50,0,9.574142156862743e-06,0.0,185.54,1311.47,-1051.0,-672.0,-1338.0,2181.0,-716.0,-168.0,-1089.9763919062732,-636.6046642211223,-1263.5254744920485,2206.7315574971435,-708.4957388467742,-154.17033372092078,-354.1925083994866,240.4417586326598,-0.0,-0.0225210985993925,,,,,,,,,,0.75,0.5,0.2872050671990713,0.8934425725717727,0.3574408901251738,0.4270462633451957,0.7058476948004124,0.4329487421978438,0.1796875,0.08856088560885611
1767328436,163726318,451_1767328436-163726318.png,1,0,0,0,9.574142156862743e-06,0.0,187.29,1314.55,-1163.0,-639.0,-1379.0,2128.0,-698.0,-145.0,-1095.481892710377,-637.8234803970067,-1276.08469659024,2198.877606978994,-707.7582783412496,-153.08077546851797,-354.1925083994866,240.4417586326598,-0.0,-0.0225210985993925,,,,,,,,,,0.75,0.5,0.28832133084140765,0.8953356156385025,0.3055169216504404,0.44009489916963224,0.6998085137722787,0.42292415358426333,0.18973214285714285,0.17343173431734316
1767328436,196930664,452_1767328436-196930664.png,1,0,0,0,9.574142156862743e-06,0.0,193.08,1315.43,-1173.0,-531.0,-1162.0,2023.0,-647.0,-137.0,-1108.6125557928328,-622.2326850584499,-1262.135685326663,2171.2733932152632,-698.6135533667834,-150.5143492970405,-359.17477834224707,255.82618618011463,-0.0,-0.0225210985993925,,,,,,,,,,0.75,0.5,0.29201456883519483,0.8958764850861396,0.30088085303662493,0.48279952550415184,0.7317719840919135,0.40306411953849064,0.2181919642857143,0.20295202952029512
1767328436,263335693,453_1767328436-263335693.png,-1,0,-150,0,-9.574142156862743e-06,0.0,196.9,1311.75,-1090.0,-448.0,-1226.0,1855.0,-727.0,-122.0,-1108.2215442687186,-581.6147681566035,-1241.9141705066536,2108.854131711628,-699.409283632564,-145.7115548761695,-357.3082941174508,134.2779459953307,-0.0,3.875729066296629e-05,,,,,,,,,,0.25000000000000006,0.5,0.2944512129001805,0.8936146673960209,0.3393602225312934,0.5156188216686437,0.7223449698040949,0.3712880650652544,0.17354910714285715,0.2583025830258302
1767328436,296536377,454_1767328436-296536377.png,-2,0,0,0,-1.914828431372549e-05,0.0,201.44,1306.19,-863.0,-444.0,-1116.0,1746.0,-651.0,-122.0,-1078.5861573698153,-561.5994468005537,-1226.5173824406295,2058.7793822531057,-694.4143843045538,-142.24393375816268,-358.6286391615868,268.7745478153228,-0.0,3.875729066296629e-05,,,,,,,,,,0.0,0.5,0.29734711972087036,0.8901973558859503,0.4445989800649049,0.5172004744958482,0.738547650611283,0.35067145829392854,0.2159598214285714,0.2583025830258302
1767328436,329737305,455_1767328436-329737305.png,-1,0,50,0,-9.574142156862743e-06,0.0,207.66,1295.57,-788.0,-474.0,-1132.0,1685.0,-614.0,-124.0,-1044.060636769186,-551.1914613256392,-1215.2874537196324,2014.3693942520372,-684.8600803176627,-140.0763105082969,-371.77942386269575,274.85761976242054,-0.0,3.875729066296629e-05,,,,,,,,,,0.25000000000000006,0.5,0.30131463963820304,0.8836700450519664,0.479369494668521,0.5053380782918149,0.7361908970393284,0.33913372422924154,0.23660714285714285,0.25092250922509224
1767328436,362936035,456_1767328436-362936035.png,-1,0,0,0,-9.574142156862743e-06,0.0,232.42,1249.97,-540.0,-367.0,-857.0,1522.0,-503.0,-123.0,-961.0647692350954,-520.0494109075992,-1160.2591025632748,1933.402491252391,-660.6412690850732,-136.9343806554131,-377.27049291133886,260.6974582672118,-0.0,3.875729066296629e-05,,,,,,,,,,0.25000000000000006,0.5,0.3171081755149165,0.8556431736744089,0.594343996291145,0.5476472914195334,0.7766975990572986,0.30830338566294685,0.29854910714285715,0.2546125461254612
1767328436,396135010,457_1767328436-396135010.png,1,0,100,0,9.574142156862743e-06,0.0,238.33,1194.51,-574.0,-300.0,-984.0,1351.0,-381.0,-82.0,-891.37494487065,-487.5361936456868,-1119.3448908523785,1846.829204453264,-622.3567979300421,-130.81563663386947,-362.2430285215378,215.0481250286101,-0.0,3.875729066296629e-05,,,,,,,,,,0.75,0.5,0.32087795730132107,0.8215561059858267,0.5785813630041724,0.5741399762752075,0.7579908675799087,0.2759599016455457,0.3666294642857143,0.40590405904059035
1767328436,429332275,458_1767328436-429332275.png,1,0,0,0,9.574142156862743e-06,0.0,248.62,1147.77,-570.0,-269.0,-968.0,1234.0,-355.0,-64.0,-844.4861994498333,-456.4273434975536,-1097.65079275281,1760.4170711879328,-583.971191103551,-121.53810806382664,-381.76026350259787,279.2258021831512,-0.0,3.875729066296629e-05,,,,,,,,,,0.75,0.5,0.3274415875182589,0.7928285628238302,0.5804357904496986,0.5863977856860418,0.7603476211518634,0.2538301494231133,0.38113839285714285,0.4723247232472324
1767328436,462529297,459_1767328436-462529297.png,1,0,0,0,9.574142156862743e-06,0.0,253.51,1088.35,-409.0,-305.0,-905.0,1060.0,-251.0,-48.0,-797.3024692753236,-437.4166033303461,-1076.5448104410077,1682.1240367293428,-547.3539648132344,-113.2537519372616,-388.35283228755,290.083282470703,-0.0,3.875729066296629e-05,,,,,,,,,,0.75,0.5,0.33056074706741595,0.7563075826208812,0.655076495132128,0.572162910241202,0.7696273383414347,0.2209192358615472,0.4391741071428571,0.5313653136531364
1767328436,495724609,460_1767328436-495724609.png,1,0,0,0,9.574142156862743e-06,0.0,253.82,1014.41,-253.0,-195.0,-562.0,916.0,-247.0,-59.0,-721.9815208420183,-404.98228657974727,-1010.704797991187,1574.034355400847,-503.5393659318988,-105.0178710713844,-361.14347696304327,241.07610154151905,-0.0,3.875729066296629e-05,,,,,,,,,,0.75,0.5,0.3307584851983441,0.7108622565319205,0.7273991655076495,0.6156583629893239,0.8201502430402121,0.19368261774163043,0.44140625,0.49077490774907745
1767328436,528920166,461_1767328436-528920166.png,1,0,0,0,9.574142156862743e-06,0.0,250.66,890.59,-225.0,-124.0,-538.0,778.0,-249.0,-47.0,-650.0700318124449,-365.83834398503694,-942.2338674466342,1461.405963662991,-466.2602069715747,-96.86237306946455,-307.6233308613301,228.80378007888785,-0.0,3.875729066296629e-05,,,,,,,,,,0.75,0.5,0.3287428319927539,0.6347594667518945,0.7403801576263328,0.6437327006722025,0.8236853733981441,0.1675808587100435,0.44029017857142855,0.5350553505535055
1767328436,562113525,462_1767328436-562113525.png,1,0,0,0,9.574142156862743e-06,0.0,228.03,684.52,-254.0,5.0,-487.0,517.0,-226.0,-37.0,-589.5456534476084,-298.2434792804218,-871.7463116354427,1292.688183087472,-427.2017747653655,-84.28946096589713,-294.2747411727906,122.8997514247893,-0.0,3.875729066296629e-05,,,,,,,,,,0.75,0.5,0.31430794843499843,0.5081038223489713,0.7269355586462679,0.6947410043495452,0.8311975254087495,0.11821448836769435,0.453125,0.5719557195571956
1767328436,595307129,463_1767328436-595307129.png,-2,0,-150,0,-1.914828431372549e-05,0.0,207.32,606.25,-100.0,270.0,-144.0,371.0,-320.0,-21.0,-531.0370177666194,-237.65618363220565,-794.4596951966842,1170.3025761916233,-403.5384105294886,-76.39321041053338,-275.60983398556715,152.14429211616505,-0.0,-0.0124495741964821,,,,,,,,,,0.0,0.5,0.3010977655591205,0.4599971727278873,0.7983310152990264,0.7995255041518387,0.881720430107527,0.09059958388500094,0.40066964285714285,0.6309963099630996
1767328436,628498779,464_1767328436-628498779.png,-1,0,0,0,-9.574142156862743e-06,0.0,179.72,527.26,-19.0,336.0,-81.0,302.0,-271.0,-17.0,-449.21589559555576,-143.95155920385167,-676.3477750416972,1025.9251239292776,-384.6669099988065,-66.45833326866746,-171.56311181187635,161.25005745887745,-0.0,-0.0300966872272958,,,,,,,,,,0.25000000000000006,0.5,0.2834926932571298,0.41144799355873657,0.8358831710709318,0.8256227758007118,0.8910001472970983,0.0775487043692075,0.4280133928571428,0.6457564575645756
1767328436,661690674,465_1767328436-661690674.png,-1,0,0,0,-9.574142156862743e-06,0.0,147.39,452.12,-15.0,240.0,-154.0,259.0,-118.0,-16.0,-374.3922252042764,-72.41408115171797,-582.1352162388304,895.7099233410592,-346.84494379143456,-57.79230251498597,90.20802128314966,251.27631258964527,-0.0,0.0062958762825433,,,,,,,,,,0.25000000000000006,0.5,0.2628705197961384,0.365265118222998,0.837737598516458,0.7876631079478055,0.8802474591250553,0.06941554756951013,0.5133928571428571,0.6494464944649446
1767328436,694880615,466_1767328436-694880615.png,-1,0,0,0,-9.574142156862743e-06,0.0,117.36,359.67,-226.0,-27.0,-398.0,216.0,-120.0,-2.0,-343.1403346377457,-57.47033262260965,-543.8293810177273,779.3875271376767,-307.5892390523512,-48.52251635644145,89.18834501504892,194.95720839500416,-0.0,0.0085216317810953,,,,,,,,,,0.25000000000000006,0.5,0.24371543569364623,0.30844309500248923,0.7399165507649512,0.6820877817319099,0.8443069671527471,0.061282390769812754,0.5122767857142857,0.7011070110701106
1767328436,761258545,467_1767328436-761258545.png,1,0,100,0,9.574142156862743e-06,0.0,72.04,267.16,-295.0,145.0,-424.0,134.0,-41.0,1.0,-333.6873708179482,-33.24853755834119,-539.4152103047683,678.055561603821,-264.2103187964788,-40.24758666981188,98.47271108627314,197.3446991443633,-0.0,0.0159367260653619,,,,,,,,,,0.75,0.5,0.2148073966818266,0.2515841943196415,0.7079276773296244,0.7500988533017002,0.8404772425983209,0.045772649895971254,0.5563616071428571,0.7121771217712176
1767328436,794446777,468_1767328436-794446777.png,1,0,0,0,9.574142156862743e-06,0.0,56.01,230.76,-269.0,137.0,-557.0,145.0,-32.0,-1.0,-325.4081545432549,-2.934521046223831,-527.6204043263571,584.7078994208696,-225.08432545844155,-33.24189116709462,143.30378931760782,202.47432231903065,-0.0,0.005647282307808,,,,,,,,,,0.75,0.5,0.20458242171802543,0.22921186716738062,0.7199814557255446,0.7469355476472914,0.820886728531448,0.04785322489124268,0.5613839285714285,0.7047970479704797
1767328436,827633057,469_1767328436-827633057.png,1,0,0,0,9.574142156862743e-06,0.0,47.44,196.9,-255.0,-65.0,-314.0,114.0,-150.0,-17.0,-312.5441361457431,0.8511424771288585,-504.58248673891234,493.7145067470056,-200.7646988204704,-28.74082482422844,43.78222963213916,165.911553621292,-0.0,0.0299342297113416,,,,,,,,,,0.75,0.5,0.1991159191952696,0.20840068592079947,0.7264719517848863,0.6670620798734678,0.8566799234055089,0.041989786268205036,0.49553571428571425,0.6457564575645756
1767328436,860819336,470_1767328436-860819336.png,1,0,0,0,9.574142156862743e-06,0.0,39.08,154.1,-25.0,132.0,-65.0,180.0,-195.0,-20.0,-283.89881647113884,-8.217907916540405,-475.8501880244802,430.5728887013456,-195.06084355231587,-29.19500552471873,53.68254458904261,154.83455371856678,-0.0,0.0014919047202847,,,,,,,,,,0.75,0.5,0.19378336830959414,0.18209476278572348,0.8331015299026425,0.7449584816132859,0.893356900869053,0.05447323623983356,0.4704241071428571,0.6346863468634686
1767328436,894003906,471_1767328436-894003906.png,1,0,0,0,9.574142156862743e-06,0.0,37.54,148.0,38.0,268.0,-87.0,226.0,-129.0,-28.0,-244.0759964725652,16.52105035712867,-416.4514937406464,395.360481078466,-192.99758155271883,-28.099324946506066,28.14375174045557,112.00845479965196,-0.0,0.007811534545807,,,,,,,,,,0.75,0.5,0.19280105630433814,0.17834555411460284,0.86230876216968,0.7987346777382365,0.8901163647076153,0.06317382258369586,0.5072544642857143,0.6051660516605165
1767328436,927188477,472_1767328436-927188477.png,-1,0,-100,0,-9.574142156862743e-06,0.0,35.18,143.97,-93.0,350.0,-401.0,245.0,-119.0,-32.0,-203.35688308108163,65.00610501410746,-378.7601905284608,367.2565980549173,-181.3248959248156,-28.327298294742967,30.361102789640373,105.64940714836108,-0.0,-0.0008549211143879,,,,,,,,,,0.25000000000000006,0.5,0.19129569504953023,0.17586861789417396,0.8015762633286971,0.8311585606959273,0.8438650758580056,0.06676754303007376,0.5128348214285714,0.5904059040590406
1767328436,960371094,473_1767328436-960371094.png,-1,0,0,0,-9.574142156862743e-06,0.0,34.18,141.31,-163.0,138.0,-467.0,204.0,-122.0,-32.0,-190.62065061836643,95.07097030747728,-388.5768430539833,342.4179846318229,-170.8256350460641,-28.962001847936477,60.79638081789012,105.42100358009326,-0.0,0.040782299080026,,,,,,,,,,0.25000000000000006,0.5,0.1906578301110523,0.17423371706381643,0.7691237830319888,0.7473309608540926,0.8341434673736928,0.05901267259315302,0.5111607142857143,0.5904059040590406
1767328437,26734863,474_1767328437-26734863.png,-1,0,0,0,-9.574142156862743e-06,0.0,34.7,140.9,-168.0,225.0,-452.0,181.0,-85.0,-32.0,-185.8673917013655,116.31817099399044,-401.9552347422024,311.5695879597077,-155.71967193622717,-29.56523904335494,68.51064544916147,38.340136528015016,-0.0,-0.0127588195146193,,,,,,,,,,0.25000000000000006,0.5,0.19098951987906082,0.17398172107116733,0.766805748725081,0.7817319098457889,0.8363529238474002,0.05466237942122187,0.5318080357142857,0.5904059040590406
1767328437,59915771,475_1767328437-59915771.png,-1,0,0,0,-9.574142156862743e-06,0.0,40.09,152.8,-86.0,196.0,-493.0,195.0,-112.0,-27.0,-183.3443948777632,124.13753643807377,-424.0653157685063,294.399922374074,-148.87263906189744,-28.27178455467168,97.96034032106394,24.01175308227527,-0.0,-0.0127588195146193,,,,,,,,,,0.25000000000000006,0.5,0.19442761189745686,0.18129575110171417,0.804821511358368,0.7702649268485567,0.8303137428192665,0.05731038396065822,0.5167410714285714,0.6088560885608856
1767328437,93094727,476_1767328437-93094727.png,-1,0,0,0,-9.574142156862743e-06,0.0,43.32,162.03,23.0,-7.0,-582.0,226.0,-120.0,-28.0,-165.71575919076597,128.32810841021873,-436.91672886775314,280.8284246777787,-143.72933077427498,-28.116923186409316,73.4779793620109,203.46058440208424,-0.0,-0.0127588195146193,,,,,,,,,,0.25000000000000006,0.5,0.19648791564874055,0.18696873405818032,0.8553546592489568,0.689996045867932,0.8172043010752689,0.06317382258369586,0.5122767857142857,0.6051660516605165
1767328437,126273926,477_1767328437-126273926.png,1,0,100,0,9.574142156862743e-06,0.0,48.62,175.89,-94.0,22.0,-581.0,247.0,-76.0,-20.0,-140.2728535688709,106.71842768609147,-461.9282313169624,272.6401430350945,-136.93198849738835,-27.606440246353756,29.860096395015663,170.08443236351002,-0.0,-0.0127588195146193,,,,,,,,,,0.75,0.5,0.19986859982267355,0.1954874278584643,0.8011126564673157,0.7014630288651641,0.817351598173516,0.0671458293928504,0.5368303571428571,0.6346863468634686
1767328437,159459473,478_1767328437-159459473.png,1,0,0,0,9.574142156862743e-06,0.0,57.05,206.4,-162.0,-139.0,-518.0,229.0,-65.0,-15.0,-138.43039306755514,77.50658341601458,-476.8040661216386,266.5800355038167,-125.40639288351296,-25.839403032349477,38.73891678452487,182.0902352333068,-0.0,-0.0127588195146193,,,,,,,,,,0.75,0.5,0.2052458012540425,0.21423961745779063,0.7695873898933704,0.6378015025701859,0.8266313153630874,0.0637412521278608,0.54296875,0.6531365313653136
1767328437,192651611,479_1767328437-192651611.png,1,0,0,0,9.574142156862743e-06,0.0,67.71,246.28,-312.0,80.0,-623.0,322.0,-145.0,-16.0,-165.04674363510762,66.54312111985128,-500.3394891915837,272.7184816792744,-125.11120149528546,-23.833329171047207,-57.15507087111478,146.01379132270802,-0.0,-0.0127588195146193,,,,,,,,,,0.75,0.5,0.2120454414982172,0.23875083742570724,0.7000463606861381,0.7243969948596283,0.8111651200471351,0.08133156799697372,0.49832589285714285,0.6494464944649446
1767328437,259031982,480_1767328437-259031982.png,1,0,0,0,9.574142156862743e-06,0.0,93.63,313.65,-252.0,103.0,-581.0,469.0,-256.0,-38.0,-194.32415005098088,68.17428913338907,-513.0476739861583,303.42175463584067,-150.6419938139397,-25.004627550327992,-126.84171599149708,122.80073833465563,-0.0,-0.0127588195146193,,,,,,,,,,0.75,0.5,0.22857890070356504,0.28015808138855935,0.727862772369031,0.7334914986160538,0.817351598173516,0.10913561566105542,0.43638392857142855,0.5682656826568265
1767328437,292220459,481_1767328437-292220459.png,1,0,0,0,9.574142156862743e-06,0.0,106.49,357.09,-248.0,-23.0,-488.0,475.0,-299.0,-43.0,-205.1915326849614,56.66295281492032,-512.9400726067246,337.1770914178482,-177.85070405747956,-28.31625038053066,-183.41569575667387,172.22002005577076,-0.0,-0.0127588195146193,,,,,,,,,,0.75,0.5,0.23678184381239117,0.30685736412191683,0.7297171998145572,0.6836694345591142,0.8310502283105023,0.11027047474938528,0.4123883928571428,0.5498154981549815
1767328437,325408936,482_1767328437-325408936.png,-1,0,0,0,-9.574142156862743e-06,0.0,119.54,429.25,-495.0,28.0,-534.0,465.0,-299.0,-48.0,-247.5736525706887,52.47123021366056,-516.0199148757783,355.870147165533,-195.5677984967037,-31.194837896975173,-232.3974967002869,203.59341382980332,-0.0,-0.0127588195146193,,,,,,,,,,0.25000000000000006,0.5,0.24510598125952812,0.35120865882815716,0.6152063050533148,0.7038355081059707,0.8242745617911328,0.10837904293550218,0.4123883928571428,0.5313653136531364
1767328437,358595459,483_1767328437-358595459.png,-1,0,0,0,-9.574142156862743e-06,0.0,144.79,552.21,-726.0,-146.0,-750.0,550.0,-324.0,-62.0,-328.56941765659235,24.593454794725563,-563.1663438266976,390.298971860096,-219.97158000447945,-35.93884084881911,-259.8516730368138,212.310004711151,-0.0,0.0224337539211336,,,,,,,,,,0.25000000000000006,0.5,0.2612120709560958,0.42678287164799233,0.5081131200741771,0.6350336101225781,0.7924583885697453,0.12445621335350862,0.3984375,0.4797047970479704
1767328437,391781982,484_1767328437-391781982.png,-1,0,0,0,-9.574142156862743e-06,0.0,154.53,603.38,-781.0,-148.0,-859.0,592.0,-296.0,-41.0,-402.2296955080757,-5.068921033095279,-605.3191934980056,421.6991053694188,-235.41530593311984,-38.54206162276411,-302.2914928793908,169.5862145423888,-0.0,0.012189487142988,,,,,,,,,,0.25000000000000006,0.5,0.26742487545687077,0.4582332007793437,0.4826147426981919,0.6342427837089759,0.7764030048608043,0.13240022697181766,0.4140625,0.5571955719557196
1767328437,424966553,485_1767328437-424966553.png,-1,0,0,0,-9.574142156862743e-06,0.0,162.81,655.64,-774.0,-14.0,-965.0,711.0,-355.0,-37.0,-466.8557704495937,-13.84878212679016,-661.7536466377098,465.2687055314189,-252.8953311710901,-38.4915805169916,-314.7195685505868,150.67199182510365,-0.0,0.0075022498985094,,,,,,,,,,0.25000000000000006,0.5,0.272706397147468,0.4903534704765182,0.48585999072786273,0.6872281534203243,0.7607895124466049,0.15490826555702666,0.38113839285714285,0.5719557195571956
1767328437,458151123,486_1767328437-458151123.png,-1,0,0,0,-9.574142156862743e-06,0.0,168.58,727.84,-660.0,-40.0,-822.0,808.0,-426.0,-50.0,-503.2638011352857,-17.67720258950373,-693.2470469005647,521.9205916699434,-280.9238751752302,-40.13495450991898,-391.2566562592984,-46.18551874160779,-0.0,0.0550115004211752,,,,,,,,,,0.25000000000000006,0.5,0.27638687784248567,0.5347293501576511,0.5387111729253593,0.6769474100434955,0.7818529974959494,0.17325515415169285,0.3415178571428571,0.5239852398523985
1767328437,491333984,487_1767328437-491333984.png,1,0,150,0,9.574142156862743e-06,0.0,173.37,786.7,-751.0,-51.0,-969.0,883.0,-509.0,-52.0,-539.4931955956797,-22.550389380296192,-733.5736627009206,574.7255042174996,-314.27814447919644,-41.87012044578371,-383.0330730080605,6.297150611877321,-0.0,0.0170437097507153,,,,,,,,,,0.75,0.5,0.27944225089779495,0.5709061407121038,0.49652294853963835,0.6725978647686832,0.7602003240536161,0.18744089275581616,0.29520089285714285,0.5166051660516605
1767328437,557697754,488_1767328437-557697754.png,1,0,0,0,9.574142156862743e-06,0.0,180.61,855.02,-748.0,-161.0,-696.0,859.0,-614.0,-36.0,-582.7527970611525,-29.75737411069803,-734.4481822909394,622.1525577037157,-368.0586917670232,-41.28073601083526,-362.73526811599737,80.22854852676379,-0.0,-0.0040786494767298,,,,,,,,,,0.75,0.5,0.2840603930523751,0.612897277828655,0.497913769123783,0.6291024120205615,0.8004124318750921,0.1829014564024967,0.23660714285714285,0.5756457564575646
1767328437,590878662,489_1767328437-590878662.png,1,0,0,0,9.574142156862743e-06,0.0,183.53,885.82,-823.0,-263.0,-823.0,934.0,-601.0,-36.0,-609.2533546986665,-52.12546194549815,-732.7785444572,659.1240651944474,-403.6209506616428,-40.50847152605468,-424.5121164917946,-90.42230343818676,-0.0,0.0187254186416081,,,,,,,,,,0.75,0.5,0.28592295867273065,0.6318277084959527,0.46314325452016686,0.5887702649268486,0.7817057003977023,0.19708719500662,0.24386160714285715,0.5756457564575646
1767328437,624057617,490_1767328437-624057617.png,1,0,0,0,9.574142156862743e-06,0.0,185.74,913.97,-868.0,-237.0,-821.0,989.0,-521.0,-43.0,-648.9501139159438,-86.97466801895538,-748.2477338894204,709.9978217695532,-432.8285456486374,-40.1583252310374,-335.8511286079884,187.04877066612232,-0.0,0.0225854823639741,,,,,,,,,,0.75,0.5,0.28733264018676685,0.649129384576616,0.44228094575799715,0.5990510083036773,0.7820002945941965,0.20749006998297712,0.28850446428571425,0.5498154981549815
1767328437,657236816,491_1767328437-657236816.png,-2,0,0,0,-1.914828431372549e-05,0.0,187.08,949.68,-943.0,-225.0,-878.0,1034.0,-556.0,-48.0,-695.7165571976386,-111.47576440643292,-767.5928899295086,763.560610865437,-452.2244981111599,-41.24348044475825,-349.8461886346341,173.24196124076832,-0.0,0.0225854823639741,,,,,,,,,,0.0,0.5,0.2881873792043273,0.6710776209119795,0.407510431154381,0.6037959667852906,0.7736043599941081,0.2160015131454511,0.26897321428571425,0.5313653136531364
1767328437,690414063,492_1767328437-690414063.png,-1,0,0,0,-9.574142156862743e-06,0.0,187.68,970.8,-818.0,-176.0,-713.0,1013.0,-589.0,-64.0,-717.028068547753,-122.25590096077968,-764.1348214435134,800.6150805933211,-471.3216583637145,-44.13258013031779,-324.2539507746697,234.0021822452544,-0.0,0.0225854823639741,,,,,,,,,,0.25000000000000006,0.5,0.2885700981674141,0.6840584876552694,0.4654612888270746,0.6231712139185449,0.7979083812048903,0.21202950633629658,0.2505580357142857,0.4723247232472324
1767328437,723591309,493_1767328437-723591309.png,-1,0,0,0,-9.574142156862743e-06,0.0,188.13,970.8,-930.0,-232.0,-940.0,1045.0,-622.0,-66.0,-747.1737175835332,-143.20515217738006,-785.6007735539522,841.4319356245913,-498.9199538256894,-48.47839087631885,-336.4119440615178,211.61017847061143,-0.0,0.0225854823639741,,,,,,,,,,0.25000000000000006,0.5,0.2888571373897291,0.6840584876552694,0.41353732035234114,0.6010280743376829,0.764471939902784,0.21808208814072252,0.23214285714285715,0.4649446494464944
1767328437,789941895,494_1767328437-789941895.png,-1,0,0,0,-9.574142156862743e-06,0.0,188.17,1006.95,-813.0,-328.0,-1017.0,1087.0,-526.0,-90.0,-772.8875074689449,-169.52497381265263,-823.2276950537839,885.6543899710219,-514.670867732991,-54.12964183772734,-336.7914490997792,201.08656287193287,-0.0,0.0225854823639741,,,,,,,,,,0.25000000000000006,0.5,0.28888265198726826,0.7062771587144516,0.46777932313398235,0.5630684064847766,0.7531300633377522,0.2260261017590316,0.2857142857142857,0.37638376383763833
1767328437,823115234,495_1767328437-823115234.png,-1,0,0,0,-9.574142156862743e-06,0.0,188.21,1044.7,-948.0,-390.0,-1124.0,1107.0,-569.0,-101.0,-794.793436617563,-200.06708018893883,-864.2783416266884,917.4758073389896,-521.4366356450213,-60.68233563732728,-316.0832280814648,223.26219940185536,-0.0,0.0225854823639741,,,,,,,,,,0.25000000000000006,0.5,0.28890816658480734,0.7294792287693376,0.40519239684747327,0.538552787663108,0.7373692738253057,0.22980896538679782,0.26171875,0.3357933579335793
1767328437,856288818,496_1767328437-856288818.png,2,0,150,0,1.914828431372549e-05,0.0,188.15,1067.84,-985.0,-359.0,-1190.0,1152.0,-634.0,-109.0,-821.5947391178706,-224.16000301830945,-910.1021940018423,950.5387732746624,-536.1152580133208,-67.52897151346366,-307.6515794396401,243.14634919166556,-0.0,0.0225854823639741,,,,,,,,,,1.0,0.5,0.28886989468849866,0.7437016367447034,0.388038942976356,0.5508105970739423,0.7276476653409929,0.2383204085492718,0.22544642857142855,0.30627306273062727
1767328437,889460449,497_1767328437-889460449.png,1,0,0,0,9.574142156862743e-06,0.0,188.3,1113.52,-911.0,-243.0,-1106.0,1099.0,-669.0,-93.0,-834.6695278575731,-226.91519860704548,-938.7506471546604,972.250014384176,-555.5485655285948,-71.82947675919391,-319.7188525795937,217.06163001060477,-0.0,0.0225854823639741,,,,,,,,,,0.75,0.5,0.2889655744292704,0.7717776780720462,0.4223458507185906,0.5966785290628707,0.7400206215937546,0.2282958199356913,0.20591517857142855,0.3653136531365313
1767328437,922632080,498_1767328437-922632080.png,1,0,0,0,9.574142156862743e-06,0.0,188.3,1137.12,-1125.0,-128.0,-1212.0,1078.0,-588.0,-102.0,-878.7091749189549,-214.05923131080135,-983.853544407958,991.6406790404689,-563.164284680756,-76.03965432539184,-319.2670052051545,211.72925209999076,-0.0,0.0225854823639741,,,,,,,,,,0.75,0.5,0.2889655744292704,0.7862828132586769,0.3231339823829392,0.642151047844998,0.7244071291795552,0.2243238131265368,0.2511160714285714,0.3321033210332103
1767328437,955801758,499_1767328437-955801758.png,1,0,0,0,9.574142156862743e-06,0.0,188.24,1173.91,-916.0,-282.0,-1210.0,1177.0,-575.0,-101.0,-901.9187169830722,-210.91159816091783,-1017.0955298415944,1010.337197887564,-565.9996054696389,-79.74563899378343,-310.5404673814774,249.71187710762013,-0.0,0.0225854823639741,,,,,,,,,,0.75,0.5,0.2889273025329617,0.8088948439161406,0.42002781641168285,0.5812574139976275,0.7247017233760495,0.24304898808397957,0.2583705357142857,0.3357933579335793
1767328437,988971436,500_1767328437-988971436.png,1,0,0,0,9.574142156862743e-06,0.0,188.23,1193.04,-916.0,-316.0,-1148.0,1160.0,-536.0,-96.0,-904.3521954089337,-227.2365034488236,-1043.0661814725918,1037.1194572307843,-562.9213009677482,-82.82467699577971,-327.10419985651976,209.9583363533019,-0.0,0.0401758452385448,,,,,,,,,,0.75,0.5,0.28892092388357693,0.8206526081585238,0.42002781641168285,0.5678133649663899,0.7338341434673737,0.23983355400037829,0.28013392857142855,0.35424354243542433
1767328438,55307129,501_1767328438-55307129.png,-1,0,0,0,-9.574142156862743e-06,0.0,188.17,1233.78,-1234.0,-123.0,-907.0,1125.0,-744.0,-115.0,-941.4334046794866,-219.09232452993768,-1033.9643356141562,1060.154877710692,-584.2643850409302,-87.97802409337301,-349.420187085867,187.42848801612843,-0.0,0.0401758452385448,,,,,,,,,,0.25000000000000006,0.5,0.28888265198726826,0.8456924050866312,0.2726008344923504,0.6441281138790036,0.7693327441449405,0.2332135426517874,0.1640625,0.28413284132841327
1767328438,88473145,502_1767328438-88473145.png,-1,0,0,0,-9.574142156862743e-06,0.0,188.08,1265.88,-1191.0,-117.0,-762.0,1090.0,-755.0,-121.0,-981.583641084514,-204.67189987096083,-1006.5105743021168,1067.4929864192325,-608.298543726172,-92.47278958656771,-349.420187085867,187.42848801612843,-0.0,0.0401758452385448,,,,,,,,,,0.25000000000000006,0.5,0.2888252441428052,0.8654218474379384,0.292535929531757,0.6465005931198102,0.7906908233907792,0.22659353130319654,0.15792410714285715,0.2619926199261992
1767328438,121639160,503_1767328438-121639160.png,-1,0,0,0,-9.574142156862743e-06,0.0,188.08,1292.78,-1097.0,-188.0,-791.0,1026.0,-698.0,-113.0,-1003.7017219101637,-198.2763655343134,-973.3775091164064,1064.9922147753782,-624.5937204268943,-95.92063116577437,-344.2655034065247,179.5687687397002,-0.0,0.0401758452385448,,,,,,,,,,0.25000000000000006,0.5,0.2888252441428052,0.8819552430532079,0.33611497450162253,0.6184262554369315,0.7864192075416114,0.21448836769434462,0.18973214285714285,0.29151291512915123
1767328438,154814209,504_1767328438-154814209.png,-1,0,0,0,-9.574142156862743e-06,0.0,188.07,1307.73,-1250.0,-261.0,-856.0,1049.0,-744.0,-115.0,-1031.1929026250764,-203.38030303085452,-952.5890310551148,1061.3715077181946,-639.491960281636,-98.65597601645446,-344.2655034065247,179.5687687397002,-0.0,0.0401758452385448,,,,,,,,,,0.25000000000000006,0.5,0.28881886549342045,0.8911438774193151,0.26518312471024563,0.5895610913404508,0.7768448961555457,0.21883866086627576,0.1640625,0.28413284132841327
1767328438,187998291,505_1767328438-187998291.png,-1,0,0,0,-9.574142156862743e-06,0.0,188.03,1320.37,-1146.0,-154.0,-704.0,1033.0,-819.0,-106.0,-1050.8350619470018,-199.09368223745835,-920.404042413609,1057.6612619022824,-663.6864097404942,-99.97683562353174,-341.5064290463925,175.51396059989918,-0.0,0.0401758452385448,,,,,,,,,,0.25000000000000006,0.5,0.2887933508958813,0.8989127294853749,0.31339823829392666,0.6318703044681693,0.7992340550891148,0.2158123699640628,0.1222098214285714,0.3173431734317343
1767328438,221180420,506_1767328438-221180420.png,1,0,100,0,9.574142156862743e-06,0.0,187.75,1333.73,-1047.0,-188.0,-700.0,1000.0,-798.0,-106.0,-1052.989632782838,-196.53875431453037,-888.281466292644,1050.1339126868,-683.9046722482533,-100.85767418929188,-347.2256946563721,179.32374358177174,-0.0,0.0401758452385448,,,,,,,,,,0.75,0.5,0.2886147487131075,0.9071241110995015,0.3592953175707,0.6184262554369315,0.7998232434821034,0.20957064497824854,0.1339285714285714,0.3173431734317343
1767328438,254362549,507_1767328438-254362549.png,1,0,0,0,9.574142156862743e-06,0.0,187.69,1340.83,-1075.0,-315.0,-819.0,955.0,-731.0,-112.0,-1064.4446370799385,-201.1415580242015,-889.7690146918043,1035.8185472680327,-699.2697029101795,-101.66793281986048,-347.2256946563721,179.32374358177174,-0.0,0.0401758452385448,,,,,,,,,,0.75,0.5,0.2885764768167988,0.911487944142937,0.3463143254520166,0.5682087781731909,0.7822948887906909,0.20105920181577455,0.1713169642857143,0.29520295202952024
1767328438,287542725,508_1767328438-287542725.png,1,0,0,0,9.574142156862743e-06,0.0,187.7,1343.88,-1235.0,-172.0,-864.0,986.0,-779.0,-113.0,-1085.5506917981738,-206.75943868769912,-881.0634346671086,1023.4541042472066,-711.2732407377247,-103.83832322062872,-330.0035430192948,214.3166317939757,-0.0,0.0401758452385448,,,,,,,,,,0.75,0.5,0.2885828554661836,0.9133625484784974,0.2721372276309689,0.6247528667457493,0.7756665193695684,0.2069226404388122,0.14453125,0.29151291512915123
1767328438,353901367,509_1767328438-353901367.png,1,0,0,0,9.574142156862743e-06,0.0,187.7,1347.23,-1324.0,-79.0,-827.0,947.0,-794.0,-101.0,-1117.9808216687818,-190.6265114512502,-874.171952111981,1013.3430261689136,-722.9599263313901,-103.4232416458024,-358.66552466154104,157.21029472351063,-0.0,0.0401758452385448,,,,,,,,,,0.75,0.5,0.2885828554661836,0.9154215401257522,0.23087621696801108,0.6615262949782522,0.7811165120047135,0.19954605636466805,0.1361607142857143,0.3357933579335793
1767328438,387079834,510_1767328438-387079834.png,1,0,0,0,9.574142156862743e-06,0.0,187.81,1354.87,-1245.0,-52.0,-718.0,915.0,-762.0,-101.0,-1136.5563384357515,-170.3535170763817,-851.3330804305581,998.9611622998872,-728.6692180505033,-103.06886235904112,-359.77280399203306,155.12514495849598,-0.0,0.0005485057395822,,,,,,,,,,0.75,0.5,0.28865302060941617,0.9201172703302376,0.26750115901715343,0.6722024515618822,0.7971718957136544,0.1934934745602421,0.15401785714285715,0.3357933579335793
1767328438,420256348,511_1767328438-420256348.png,-1,0,0,0,-9.574142156862743e-06,0.0,187.74,1363.14,-1077.0,-19.0,-871.0,960.0,-760.0,-93.0,-1121.2726609429246,-145.81122699764816,-844.7563727177239,991.3329367145147,-736.5112895407182,-101.93403087962132,-336.990228176117,182.9710361957549,-0.0,-0.0155471394321991,,,,,,,,,,0.25000000000000006,0.5,0.28860837006372275,0.9252002138892816,0.34538711172925357,0.6852510873863187,0.7746354396818383,0.20200491772271612,0.15513392857142855,0.3653136531365313
1767328438,486607666,512_1767328438-486607666.png,-1,0,0,0,-9.574142156862743e-06,0.0,187.91,1379.17,-1143.0,-99.0,-878.0,888.0,-708.0,-120.0,-1119.8076780793342,-133.27661338789662,-857.7827762709979,978.9714081253348,-735.5630932468863,-102.8187196980559,-365.0741205215455,147.6703619956969,-0.0,-0.0007400568510312,,,,,,,,,,0.25000000000000006,0.5,0.288716807103264,0.9350526425774888,0.3147890588780713,0.6536180308422301,0.7736043599941081,0.18838660866275772,0.1841517857142857,0.2656826568265682
1767328438,519782471,513_1767328438-519782471.png,-1,0,0,0,-9.574142156862743e-06,0.0,187.84,1390.41,-1226.0,-74.0,-1010.0,813.0,-856.0,-152.0,-1136.3982865397556,-109.54794325552152,-874.9224357660551,946.1437240659384,-746.3586640989887,-113.28144449208553,-348.4935687780381,174.5395915508269,-0.0,0.0070266148938833,,,,,,,,,,0.25000000000000006,0.5,0.2886721565575705,0.9419610205223078,0.27630968938340283,0.6635033610122578,0.7541611430254824,0.17420087005863438,0.1015625,0.14760147601476015
1767328438,552955078,514_1767328438-552955078.png,0,0,0,0,0.0,0.0,187.84,1390.41,-1226.0,-74.0,-1010.0,813.0,-856.0,-152.0,-1141.8894903763437,-107.369402300787,-883.2006082508647,937.984066173538,-753.0779878830745,-115.65429510332454,-362.9114483296872,129.95332360267628,-0.0,-0.005055374751947,,,,,,,,,,0.5,0.5,0.2886721565575705,0.9419610205223078,0.27630968938340283,0.6635033610122578,0.7541611430254824,0.17420087005863438,0.1015625,0.14760147601476015
1767328438,586127930,515_1767328438-586127930.png,0,0,0,0,0.0,0.0,187.83,1401.34,-1139.0,-224.0,-660.0,786.0,-864.0,-133.0,-1132.291049251662,-120.53166111225464,-865.8492663165068,910.5082534202752,-775.0086628704973,-120.9261144997416,-350.38550919294363,170.93313646316517,-0.0,0.0141088311588441,,,,,,,,,,0.5,0.5,0.28866577790818576,0.9486788649117092,0.3166434863235975,0.6041913799920917,0.80571512741199,0.16909400416115,0.0970982142857143,0.2177121771217712
1767328438,619299072,516_1767328438-619299072.png,0,0,0,0,0.0,0.0,187.86,1413.47,-1147.0,-201.0,-901.0,844.0,-895.0,-124.0,-1133.3371761321152,-132.10916836083655,-848.8931630335811,897.5203585459367,-786.546952131166,-122.0805129608833,-343.1178967952729,185.3712797164916,-0.0,-0.0287152387748124,,,,,,,,,,0.5,0.5,0.2886849138563401,0.9561342585478885,0.3129346314325452,0.6132858837485172,0.7702165267344234,0.18006430868167203,0.07979910714285715,0.25092250922509224
1767328438,652469971,517_1767328438-652469971.png,0,0,0,0,0.0,0.0,187.83,1424.3,-1125.0,-110.0,-825.0,807.0,-788.0,-104.0,-1133.4362275392618,-134.97639375031864,-850.2098911330664,882.4970450892629,-795.3687972033345,-120.08538666986902,-354.0008077025414,154.17012000083912,-0.0,-0.0287152387748124,,,,,,,,,,0.5,0.5,0.28866577790818576,0.9627906405000584,0.3231339823829392,0.6492684855674179,0.7814111062012079,0.17306601097030452,0.13950892857142855,0.3247232472324723
1767328438,718808105,518_1767328438-718808105.png,0,0,0,0,0.0,0.0,187.82,1434.18,-1159.0,-23.0,-637.0,740.0,-835.0,-90.0,-1136.2421527829729,-120.98703710338997,-824.1862370432306,863.4957234617411,-799.8753992186786,-116.0696431487233,-353.9933396875859,154.16094946861256,-0.0,0.0171728861903701,,,,,,,,,,0.5,0.5,0.28865939925880096,0.9688631292985292,0.30737134909596653,0.6836694345591142,0.8091029606716749,0.1603934178172877,0.11328125,0.37638376383763833
1767328438,751975342,519_1767328438-751975342.png,0,0,0,0,0.0,0.0,188.13,1461.27,-1049.0,23.0,-432.0,698.0,-808.0,-99.0,-1120.853999644129,-98.81172286718096,-753.0171601602958,833.868145245806,-801.7152387173146,-113.46212072485456,-344.4660358428956,182.2024309635161,-0.0,-0.0158370946722392,,,,,,,,,,0.5,0.5,0.2888571373897291,0.9855133035445387,0.3583681038479369,0.7018584420719652,0.8392988658123436,0.15244940419897862,0.1283482142857143,0.3431734317343173
1767328438,785142578,520_1767328438-785142578.png,0,0,0,0,0.0,0.0,188.51,1464.54,-1019.0,-127.0,-592.0,706.0,-741.0,-135.0,-1108.2609865637828,-95.681776836298,-698.5037549564679,810.4487549754442,-802.1604542123972,-114.48792849133592,-355.3347250521184,155.89059782028187,-0.0,0.024395045753195,,,,,,,,,,0.5,0.5,0.2890995260663507,0.9875231252420082,0.37227630968938336,0.6425464610517991,0.8157313300927972,0.15396254965008513,0.16573660714285715,0.2103321033210332
1767328438,818307861,521_1767328438-818307861.png,0,0,0,0,0.0,0.0,188.88,1462.68,-1025.0,-200.0,-624.0,698.0,-752.0,-130.0,-1093.378235228378,-107.70085536577662,-682.9942651394555,791.6742540920667,-792.5864579114012,-117.58023482158882,-366.1588009893895,139.0334401130675,-0.0,0.0144934028703168,,,,,,,,,,0.5,0.5,0.28933553609358753,0.9863799239095027,0.3694946685210941,0.6136812969553183,0.811017822948888,0.15244940419897862,0.1595982142857143,0.22878228782287818
1767328438,851473389,522_1767328438-851473389.png,0,0,0,0,0.0,0.0,189.28,1466.71,-1045.0,-160.0,-676.0,742.0,-801.0,-131.0,-1085.188551660188,-117.57870192801413,-679.0730297270543,781.9573239122936,-791.0857026913903,-119.48702770407508,-366.1588009893895,139.0334401130675,-0.0,-0.0102573395002749,,,,,,,,,,0.5,0.5,0.28959068206897876,0.9888568601299316,0.3602225312934631,0.6294978252273626,0.8033583738400354,0.1607717041800643,0.1322544642857143,0.22509225092250917
1767328438,884636963,523_1767328438-884636963.png,0,0,0,0,0.0,0.0,189.68,1468.75,-1099.0,-201.0,-629.0,749.0,-728.0,-132.0,-1085.727226394826,-128.65381824858082,-673.0393958589497,776.9455854305006,-783.8622116461962,-121.2895191825024,-369.1132775843144,132.32963776588429,-0.0,0.0180782943881466,,,,,,,,,,0.5,0.5,0.2898458280443699,0.9901106938494538,0.3351877607788595,0.6132858837485172,0.8102813374576522,0.1620957064497825,0.1729910714285714,0.22140221402214016
1767328438,917800293,524_1767328438-917800293.png,0,0,0,0,0.0,0.0,189.91,1469.06,-1073.0,-116.0,-656.0,747.0,-742.0,-125.0,-1084.9511124877824,-129.55669522103165,-670.2505274215238,773.4442688006434,-778.4920861900597,-121.7303739123432,-358.2053001224995,159.3348491191863,-0.0,0.0180782943881466,,,,,,,,,,0.5,0.5,0.2899925369802198,0.9903012274048715,0.34724153917477973,0.6468960063266113,0.8063043158049787,0.16171742008700588,0.1651785714285714,0.24723247232472323
1767328438,950961914,525_1767328438-950961914.png,0,0,0,0,0.0,0.0,190.82,1470.6,-1137.0,-65.0,-513.0,730.0,-823.0,-83.0,-1103.0875046214162,-107.20214674667584,-662.1455194296336,765.1190745055812,-780.9282446847548,-117.14162671002164,-357.46271967887884,166.11287546157826,-0.0,0.0180782943881466,,,,,,,,,,0.5,0.5,0.29057299407423476,0.9912477489382363,0.3175707000463607,0.6670620798734678,0.8273678008543233,0.1585019860034046,0.11997767857142855,0.40221402214022134
1767328438,984123779,526_1767328438-984123779.png,0,0,0,0,0.0,0.0,192.21,1472.34,-1098.0,-65.0,-483.0,713.0,-791.0,-71.0,-1104.5172846204348,-101.0304276819311,-637.619094335035,758.4446335336747,-784.1847758475166,-111.0626481182694,-358.6163007020951,166.87861490249622,-0.0,0.0180782943881466,,,,,,,,,,0.5,0.5,0.2914596263387191,0.9923171953460641,0.33565136764024106,0.6670620798734678,0.8317867138017382,0.15528655191980328,0.1378348214285714,0.4464944649446494
1767328439,50443359,527_1767328439-50443359.png,1,0,50,0,9.574142156862743e-06,0.0,194.33,1477.84,-1080.0,-37.0,-623.0,717.0,-784.0,-67.0,-1101.9351179455136,-93.22716777387916,-627.677837003588,752.1607421781429,-784.5479206028708,-104.84179834028603,-367.7459165155888,150.26046419143665,-0.0,0.0180782943881466,,,,,,,,,,0.75,0.5,0.29281190000829227,0.9956976293937959,0.3439962911451089,0.6781336496638988,0.8111651200471351,0.15604312464535655,0.1417410714285714,0.46125461254612543
1767328439,83601074,528_1767328439-83601074.png,1,0,0,0,9.574142156862743e-06,0.0,196.37,1484.84,-994.0,-64.0,-580.0,715.0,-727.0,-68.0,-1088.509336400108,-88.21236499040377,-621.8847666661363,746.781144245901,-777.6954296088244,-99.426557964928,-362.3013439774514,154.89244270324696,-0.0,0.0180782943881466,,,,,,,,,,0.75,0.5,0.29411314448278725,0.9999999999999999,0.3838664812239221,0.6674574930802689,0.8174988952717632,0.1556648382825799,0.17354910714285715,0.4575645756457564
1767328439,116759033,529_1767328439-116759033.png,1,0,0,0,9.574142156862743e-06,0.0,206.28,1484.63,-1022.0,10.0,-609.0,743.0,-734.0,-62.0,-1074.6935751681838,-65.82036341814923,-612.3338486006994,745.4209464523785,-774.6385168114077,-92.818666049957,-377.64558207988745,159.9812283515929,-0.0,0.0180782943881466,,,,,,,,,,0.75,0.5,0.30043438602310346,0.999870928881814,0.3708854891052387,0.6967180703835508,0.8132272794225954,0.16096084736145264,0.16964285714285715,0.4797047970479704
1767328439,149929199,530_1767328439-149929199.png,1,0,0,0,9.574142156862743e-06,0.0,210.16,1484.0,-913.0,-29.0,-686.0,710.0,-699.0,-82.0,-1060.307550658509,-57.12235373018178,-616.5652135439339,743.0445115095198,-766.55050536629,-89.53737970828858,-384.5741465985776,150.13565897941578,-0.0,0.0180782943881466,,,,,,,,,,0.75,0.5,0.3029093019843978,0.9994837155272555,0.4214186369958275,0.6812969553183076,0.8018854028575637,0.15471912237563837,0.18917410714285715,0.40590405904059035
1767328439,183110352,531_1767328439-183110352.png,-1,0,-100,0,-9.574142156862743e-06,0.0,215.34,1482.41,-681.0,-132.0,-863.0,668.0,-600.0,-99.0,-1003.4928660344036,-63.77604257616736,-651.3824319316641,731.4928981728949,-741.374880301176,-90.06055440862173,-378.58499342203146,163.28319311141956,-0.0,0.0180782943881466,,,,,,,,,,0.25000000000000006,0.5,0.30621344236571346,0.9985064627752749,0.5289754288363467,0.6405693950177935,0.7758138164678157,0.1467751087573293,0.24441964285714285,0.3431734317343173
1767328439,216289795,532_1767328439-216289795.png,-1,0,0,0,-9.574142156862743e-06,0.0,222.3,1473.45,-693.0,-44.0,-884.0,623.0,-524.0,-79.0,-966.6021622939068,-61.42638431459557,-679.0205090895881,718.6024913317899,-715.5478382430563,-88.74641266647653,-399.87675863504415,147.8063437938689,-0.0,0.0180782943881466,,,,,,,,,,0.25000000000000006,0.5,0.31065298233751987,0.9929994283993338,0.5234121464997681,0.675365757216291,0.7727205774046252,0.1382636655948553,0.28683035714285715,0.4169741697416974
1767328439,249468994,533_1767328439-249468994.png,-1,0,0,0,-9.574142156862743e-06,0.0,229.61,1461.69,-868.0,-13.0,-585.0,585.0,-505.0,-30.0,-947.3824218023576,-55.19470355907111,-673.4718868435226,700.1065002298398,-685.2780782964005,-81.49922434190873,-395.6572652459145,181.4865562915801,-0.0,0.0211742644697605,,,,,,,,,,0.25000000000000006,0.5,0.3153157750377935,0.985771445780911,0.44228094575799715,0.6876235666271253,0.8167624097805274,0.1310762247020995,0.2974330357142857,0.5977859778597785
1767328439,282646729,534_1767328439-282646729.png,-1,0,0,0,-9.574142156862743e-06,0.0,239.89,1415.79,-849.0,11.0,-559.0,672.0,-628.0,-25.0,-934.914261084266,-44.16272737802885,-661.2871010102575,685.9152126281234,-661.4050875624084,-69.79602634405836,-396.013911664486,185.1480345726012,-0.0,0.028760540034269,,,,,,,,,,0.25000000000000006,0.5,0.32187302660534656,0.9575601870916589,0.4510894761242466,0.6971134835903519,0.8205921343349536,0.14753168148288254,0.22879464285714285,0.6162361623616236
1767328439,315824219,535_1767328439-315824219.png,0,0,50,0,0.0,0.0,239.89,1415.79,-849.0,11.0,-559.0,672.0,-628.0,-25.0,-924.7064982031948,-37.60865784589613,-649.1340258429024,684.2618993230336,-657.4361165376325,-64.47365949641866,-389.8372788429261,189.96657609939564,-0.0,0.028760540034269,,,,,,,,,,0.5,0.5,0.32187302660534656,0.9575601870916589,0.4510894761242466,0.6971134835903519,0.8205921343349536,0.14753168148288254,0.22879464285714285,0.6162361623616236
1767328439,382176025,536_1767328439-382176025.png,0,0,0,0,0.0,0.0,251.63,1309.0,-618.0,-143.0,-819.0,636.0,-611.0,-50.0,-856.7312340140177,-36.77888950843524,-700.3558919429559,680.2981192233215,-639.3626490174861,-62.04862475400857,-385.1149607598782,249.4007954597472,-0.0,0.028760540034269,,,,,,,,,,0.5,0.5,0.32936156098307745,0.8919244503721551,0.5581826611033842,0.6362198497429814,0.7822948887906909,0.14072252695290335,0.23828125,0.5239852398523985
1767328439,415350098,537_1767328439-415350098.png,0,0,0,0,0.0,0.0,256.83,1256.52,-697.0,-259.0,-743.0,634.0,-584.0,-21.0,-835.5165659289536,-59.897809774700285,-707.5741150895572,674.8539029472914,-633.5491865161819,-57.992479000625465,-380.4984936714173,277.6746926307677,-0.0,0.028760540034269,,,,,,,,,,0.5,0.5,0.3326784586631627,0.8596689633130712,0.521557719054242,0.5903519177540529,0.7934894682574753,0.14034424059012673,0.25334821428571425,0.6309963099630996
1767328439,448524170,538_1767328439-448524170.png,0,0,0,0,0.0,0.0,262.86,1139.39,-560.0,21.0,-790.0,653.0,-412.0,-33.0,-802.8976559013983,-86.04109811563463,-754.4693134808149,667.1915048666306,-612.4057307910078,-50.59555417030245,-384.0249552726746,276.2521138191222,-0.0,0.028760540034269,,,,,,,,,,0.5,0.5,0.33652478424218457,0.7876780105838317,0.585071859063514,0.701067615658363,0.7865665046398587,0.14393796103650464,0.3493303571428571,0.5867158671586715
1767328439,481696289,539_1767328439-481696289.png,0,0,0,0,0.0,0.0,262.91,1073.68,-706.0,163.0,-815.0,658.0,-464.0,-32.0,-769.9588777901221,-41.34998961342863,-766.066827279567,664.7507690070344,-575.2175962989058,-46.51652786741734,-391.1658711731434,189.00180745124808,-0.0,0.028760540034269,,,,,,,,,,0.5,0.5,0.3365566774891085,0.7472910430790223,0.5173852573018081,0.7572162910241202,0.7828840771836796,0.1448836769434462,0.3203125,0.5904059040590406
1767328439,514868652,540_1767328439-514868652.png,0,0,0,0,0.0,0.0,261.4,976.3,-760.0,49.0,-1028.0,661.0,-327.0,-52.0,-768.5024733022249,-28.13704201756712,-804.3724131416203,664.2022496929076,-538.9178013979812,-47.31844085314294,-402.7109027802945,128.11878728866566,-0.0,0.028760540034269,,,,,,,,,,0.5,0.5,0.3355935014320068,0.6874389217030011,0.4923504867872044,0.712139185448794,0.7515097952570335,0.14545110648761111,0.39676339285714285,0.5166051660516605
1767328439,548039063,541_1767328439-548039063.png,0,0,0,0,0.0,0.0,257.74,882.7,-501.0,-81.0,-994.0,545.0,-130.0,-35.0,-729.3824227451818,-35.86781760008363,-832.1038979885986,646.7698948554578,-479.1169148234088,-45.51696955080306,-384.423422574997,43.18575978279102,-0.0,0.028760540034269,,,,,,,,,,0.5,0.5,0.3332589157571776,0.6299100804543304,0.6124246638850255,0.66073546856465,0.7565178965974371,0.12351049744656706,0.5066964285714286,0.5793357933579335
1767328439,614378418,542_1767328439-614378418.png,0,0,0,0,0.0,0.0,242.88,750.71,-582.0,200.0,-943.0,378.0,-91.0,22.0,-682.6082940059024,-6.957117807186958,-840.2644997216628,603.9879342649086,-406.20152080118623,-36.14551847007411,-327.52000594139105,113.14388132095324,-0.0,0.028760540034269,,,,,,,,,,0.5,0.5,0.3237802427713956,0.548785809552492,0.5748725081131201,0.7718465796757612,0.7640300486080425,0.09192358615471913,0.5284598214285714,0.7896678966789668
1767328439,647547119,543_1767328439-647547119.png,1,0,0,0,9.574142156862743e-06,0.0,230.89,678.88,-498.0,198.0,-1023.0,370.0,4.0,7.0,-655.2411949835251,28.57086577822884,-867.523961664568,563.9829773755094,-340.44221855014973,-27.8792124592381,-255.6274390816689,146.16524839401234,-0.0,0.0280991662899552,,,,,,,,,,0.75,0.5,0.31613224215904523,0.5046373408891156,0.6138154844691701,0.7710557532621589,0.7522462807482693,0.09041044070361265,0.5814732142857143,0.7343173431734317
1767328439,680714111,544_1767328439-680714111.png,1,0,0,0,9.574142156862743e-06,0.0,216.41,578.96,-359.0,101.0,-892.0,362.0,-8.0,-5.0,-607.7397037516013,43.665563049386535,-875.2351112295005,529.2895783197458,-282.67181253841943,-23.606410029613624,-206.4915372729302,114.79056501388536,-0.0,0.0257764751341875,,,,,,,,,,0.75,0.5,0.3068959578498849,0.44322407360741484,0.6782568382012053,0.7327006722024516,0.7715422006186479,0.08889729525250614,0.5747767857142857,0.6900369003690037
1767328439,713881104,545_1767328439-713881104.png,1,0,0,0,9.574142156862743e-06,0.0,182.67,442.86,-147.0,66.0,-903.0,318.0,-215.0,-9.0,-508.84027472697096,57.57266173280247,-868.5303480527042,490.0806545799019,-260.1741796368083,-22.765294068391157,-154.46564355492598,139.26298999786366,-0.0,0.0316696501213693,,,,,,,,,,0.75,0.5,0.28537439482563964,0.3595736965353624,0.7765414928140936,0.7188612099644128,0.7699219325379291,0.08057499527142048,0.45926339285714285,0.6752767527675276
1767328439,780211426,546_1767328439-780211426.png,1,0,0,0,9.574142156862743e-06,0.0,163.58,396.53,-231.0,19.0,-707.0,238.0,-95.0,3.0,-440.2496239568869,52.5828912521626,-847.571266005916,439.91954012308094,-232.52827389329727,-17.933709569162414,-126.7688541412354,139.85033392906178,-0.0,0.0225253015023255,,,,,,,,,,0.75,0.5,0.27319755315009603,0.3310981493660149,0.7375985164580435,0.7002767892447608,0.7987921637943733,0.06544354076035559,0.5262276785714285,0.7195571955719556
1767328439,813375000,547_1767328439-813375000.png,-1,0,0,0,-9.574142156862743e-06,0.0,126.15,305.0,-294.0,24.0,-944.0,257.0,-169.0,11.0,-415.275723571347,42.071127399800034,-853.6953221105626,393.5819089384297,-209.8166521616348,-9.07261743612291,27.91373687982554,222.0610029697417,-0.0,0.0332185442826815,,,,,,,,,,0.25000000000000006,0.5,0.2493222685028672,0.2748415805680358,0.7083912841910059,0.7022538552787663,0.7638827515097953,0.06903726120673351,0.4849330357142857,0.7490774907749077
1767328439,846538330,548_1767328439-846538330.png,-1,0,0,0,-9.574142156862743e-06,0.0,110.08,272.58,-87.0,-62.0,-793.0,280.0,-160.0,15.0,-369.7229066541404,28.730188114074675,-851.3606440564976,372.7110053001732,-201.69353976468025,-5.12848392463111,80.02294766902918,241.58220028877247,-0.0,0.0382158626488038,,,,,,,,,,0.25000000000000006,0.5,0.23907177894152692,0.25491545841758806,0.8043579044969865,0.6682483194938711,0.7861246133451172,0.07338755437866465,0.4899553571428571,0.7638376383763837
1767328439,879699951,549_1767328439-879699951.png,-1,0,0,0,-9.574142156862743e-06,0.0,96.88,254.51,-172.0,-101.0,-856.0,324.0,-73.0,7.0,-338.4761285490294,10.82791816893694,-850.3111191185765,364.3805667307016,-185.2594371339923,-3.135364609770606,109.49342310428614,248.83981680870045,-0.0,0.0424720137106223,,,,,,,,,,0.25000000000000006,0.5,0.2306519617536183,0.24380919600985856,0.7649513212795549,0.6528272044286278,0.7768448961555457,0.08170985435975034,0.5385044642857143,0.7343173431734317
1767328439,912861572,550_1767328439-912861572.png,0,0,0,0,0.0,0.0,86.25,238.65,-256.0,-175.0,-800.0,283.0,-138.0,10.0,-321.99061570474555,-19.31968949923605,-843.1047094145699,351.40622250479964,-175.36486987975795,-0.9450806161211694,109.49342310428614,248.83981680870045,-0.0,0.0093392166952635,,,,,,,,,,0.5,0.5,0.22387145745759796,0.23406125346494489,0.7260083449235049,0.6235666271253459,0.785093533657387,0.07395498392282959,0.5022321428571428,0.7453874538745386
1767328439,979181396,551_1767328439-979181396.png,0,0,0,0,0.0,0.0,65.8,209.21,-272.0,24.0,-594.0,298.0,-113.0,18.0,-312.6266509212961,-24.44761162786985,-772.881298998146,324.2031861812319,-150.22940673775756,5.430612773546046,85.18808656930918,196.8337285518645,-0.0,0.0516756530676302,,,,,,,,,,0.5,0.5,0.21082711946572436,0.21596671194399542,0.7185906351414,0.7022538552787663,0.8154367358963029,0.07679213164365425,0.5161830357142857,0.7749077490774907
1767328440,12339355,552_1767328440-12339355.png,0,0,0,0,0.0,0.0,64.44,209.69,-239.0,3.0,-631.0,370.0,-156.0,14.0,-310.3348940960381,-23.593257253494706,-768.46499822544,325.62869120327105,-150.40902643156474,5.697349769168701,85.09652221202845,193.2891745567321,-0.0,0.0275225833851114,,,,,,,,,,0.5,0.5,0.20995962314939437,0.2162617316427065,0.7338896615669911,0.693950177935943,0.8099867432611578,0.09041044070361265,0.4921875,0.7601476014760147
1767328440,45497559,553_1767328440-45497559.png,0,0,0,0,0.0,0.0,64.44,209.69,-239.0,3.0,-631.0,370.0,-156.0,14.0,-301.85935493770825,-20.4336227428429,-752.1323185442885,330.90059592786093,-151.07330884219908,6.683815622115629,56.04906111955638,203.20825147628773,-0.0,0.0320820185908601,,,,,,,,,,0.5,0.5,0.20995962314939437,0.2162617316427065,0.7338896615669911,0.693950177935943,0.8099867432611578,0.09041044070361265,0.4921875,0.7601476014760147
1767328440,78653809,554_1767328440-78653809.png,0,0,0,0,0.0,0.0,80.33,238.1,-354.0,-118.0,-634.0,610.0,-170.0,6.0,-296.4254745769932,-35.82569278737489,-709.7309226032379,363.8058708983982,-151.3994827129846,6.685313885359786,-76.87589043378834,132.11011815071095,-0.0,0.038967791458155,,,,,,,,,,0.5,0.5,0.22009529702180863,0.23372321006017172,0.6805748725081131,0.6461051799130091,0.8095448519664163,0.13580480423680727,0.484375,0.7306273062730627
1767328440,144980469,555_1767328440-144980469.png,0,0,0,0,0.0,0.0,113.82,352.79,-376.0,-640.0,-1465.0,1263.0,39.0,-44.0,-314.51333957408025,-147.50565471995913,-813.0309305731658,546.5796376579013,-126.64194184152254,0.5282455372401262,-140.30583262443548,144.02865767478932,-0.0,0.0054416904623368,,,,,,,,,,0.5,0.5,0.24145739381143438,0.30421447932096296,0.670375521557719,0.43969948596283115,0.6871409633230225,0.25931530168337436,0.6010044642857143,0.5461254612546125
1767328440,178163086,556_1767328440-178163086.png,1,0,0,0,9.574142156862743e-06,0.0,132.12,416.84,-635.0,-683.0,-1617.0,1645.0,-168.0,-63.0,-335.9508189696883,-194.7134649894481,-881.3518173042075,634.8290611011683,-124.33663810363554,-4.66613369800312,-242.0551336407662,165.17232275009144,-0.0,-0.0184255407455229,,,,,,,,,,0.75,0.5,0.25313032218558046,0.3435811703677297,0.5503013444598979,0.42269671807038356,0.6647518043894536,0.3315679969737091,0.4854910714285714,0.47601476014760147
1767328440,244524658,557_1767328440-244524658.png,1,0,0,0,9.574142156862743e-06,0.0,158.95,452.13,-1005.0,-594.0,-1475.0,2278.0,-379.0,-70.0,-498.9228567790216,-311.184262396571,-1074.8486237195466,1011.4604010439654,-181.87120934208255,-22.17784611063943,-342.7330667376519,-51.05335187912,-0.0,-0.0184255407455229,,,,,,,,,,0.75,0.5,0.2702442384849432,0.36527126446672115,0.378766805748725,0.45788849347568206,0.685667992340551,0.45129563079250995,0.3677455357142857,0.4501845018450184
1767328440,277703613,558_1767328440-277703613.png,1,0,0,0,9.574142156862743e-06,0.0,164.67,585.62,-933.0,-479.0,-1536.0,2571.0,-196.0,-93.0,-564.3779404285742,-338.8802151726407,-1140.61510782759,1231.493783976951,-188.95683725121543,-31.90415279798583,-403.2085323333741,-94.22965049743664,-0.0,-0.0184255407455229,,,,,,,,,,0.75,0.5,0.27389282593303693,0.4473174719270318,0.4121464997681965,0.5033610122578094,0.6766828693474739,0.5067145829392851,0.4698660714285714,0.3653136531365313
1767328440,344060303,559_1767328440-344060303.png,-1,0,0,0,-9.574142156862743e-06,0.0,168.3,714.38,-813.0,-619.0,-1791.0,2810.0,-174.0,-110.0,-604.0282996910231,-376.005460359657,-1228.734326347664,1455.782016362375,-187.372948105402,-42.85874843373399,-411.1084583103657,-105.28974223136912,-0.0,-0.0184255407455229,,,,,,,,,,0.25000000000000006,0.5,0.27620827565971184,0.5264565061062931,0.46777932313398235,0.4480031633056544,0.639122109294447,0.5519198032910915,0.4821428571428571,0.30258302583025826
1767328440,377238037,560_1767328440-377238037.png,-1,0,0,0,-9.574142156862743e-06,0.0,171.27,789.18,-925.0,-660.0,-1673.0,3005.0,-195.0,-124.0,-642.1640290442057,-409.7478086448178,-1281.5190281609564,1639.8498256932753,-188.27914384332863,-52.49941396945217,-373.0828197598458,18.191187620162843,-0.0,-0.0184255407455229,,,,,,,,,,0.25000000000000006,0.5,0.2781027345269913,0.5724304091554445,0.4158553546592489,0.431791221826809,0.6565031668876123,0.5888027236618121,0.4704241071428571,0.25092250922509224
1767328440,410413818,561_1767328440-410413818.png,0,0,50,0,0.0,0.0,173.72,901.23,-1282.0,-920.0,-1935.0,3310.0,-359.0,-105.0,-756.2769363027235,-514.3907292845681,-1397.1614374236265,1990.840538891203,-227.74884212872115,-65.78840509906792,-381.5017403066159,-27.63998007774365,-0.0,-0.0184255407455229,,,,,,,,,,0.5,0.5,0.2796655036262622,0.6412990700733247,0.2503477051460361,0.32898378805852113,0.6179113271468553,0.6464913939852469,0.37890625,0.3210332103321033
1767328440,443589844,562_1767328440-443589844.png,0,0,0,0,0.0,0.0,173.72,959.77,-1314.0,-929.0,-2048.0,3458.0,-372.0,-120.0,-850.9325981402637,-585.5560350737721,-1503.53474066074,2236.3974741854263,-251.97578519762143,-74.34701729402884,-369.48050910234457,-6.743059635162474,-0.0,-0.0184255407455229,,,,,,,,,,0.5,0.5,0.2796655036262622,0.6772791808286366,0.23551228558182657,0.3254250691973112,0.6012667550449257,0.6744845848307169,0.3716517857142857,0.2656826568265682
1767328440,476764160,563_1767328440-476764160.png,0,0,0,0,0.0,0.0,173.65,980.88,-1146.0,-1040.0,-1962.0,3508.0,-287.0,-129.0,-885.9905505000437,-639.5500539730424,-1558.0065431005444,2387.480855438685,-256.1371301860596,-80.84052234389068,-396.3482189774514,-83.37532258033764,-0.0,-0.0184255407455229,,,,,,,,,,0.5,0.5,0.2796208530805687,0.6902539013282032,0.31339823829392666,0.28153420324238826,0.6139343054941818,0.6839417439001325,0.4190848214285714,0.2324723247232472
1767328440,543111084,564_1767328440-543111084.png,0,0,0,0,0.0,0.0,173.43,999.29,-1031.0,-1273.0,-1929.0,3759.0,-470.0,-170.0,-923.971937514283,-761.9206132886493,-1642.2908584798377,2676.097287675346,-288.35036150337913,-98.55711538374145,-385.9655351936818,-66.27256655693066,-0.0,-0.0184255407455229,,,,,,,,,,0.5,0.5,0.2794805227941036,0.7015691360225198,0.36671302735280475,0.18940292605773035,0.6187951097363382,0.7314166824285986,0.3169642857142857,0.08118081180811809
1767328440,576283691,565_1767328440-576283691.png,0,0,0,0,0.0,0.0,173.29,1005.59,-859.0,-1217.0,-1843.0,3846.0,-383.0,-170.0,-924.0572761546164,-831.5935881636284,-1676.4364068915058,2842.336783464101,-307.0413124707757,-109.00505339204314,-349.06120285391813,29.64632868766773,-0.0,0.0027927447442961,,,,,,,,,,0.5,0.5,0.2793912217027167,0.7054412695681035,0.4464534075104311,0.2115460656385923,0.6314626601855944,0.7478721392093816,0.36551339285714285,0.08118081180811809
1767328440,609454834,566_1767328440-609454834.png,0,0,0,0,0.0,0.0,173.2,1009.99,-1031.0,-1099.0,-1894.0,3872.0,-295.0,-165.0,-931.8942427503762,-866.7055831047487,-1700.8420786978768,2963.9384893227034,-308.1018922514901,-115.79954991657986,-361.9579451680184,-2.871805429458739,-0.0,0.0165578227094035,,,,,,,,,,0.5,0.5,0.2793338138582537,0.7081456168062888,0.36671302735280475,0.25820482404112294,0.623950508174989,0.7527898619254777,0.4146205357142857,0.09963099630996308
1767328440,642625977,567_1767328440-642625977.png,0,0,0,0,0.0,0.0,173.06,1014.09,-1049.0,-1086.0,-2040.0,3930.0,-324.0,-169.0,-948.016716868216,-899.500194716606,-1742.3033900503187,3101.984280216075,-309.6314353117204,-123.46996713026584,-326.9056155979634,164.719814300537,-0.0,0.0353207816058528,,,,,,,,,,0.5,0.5,0.2792445127668668,0.7106655767327797,0.3583681038479369,0.26334519572953735,0.602445131830903,0.7637601664459998,0.3984375,0.08487084870848705
1767328440,675795166,568_1767328440-675795166.png,0,0,0,0,0.0,0.0,172.96,1015.96,-1053.0,-1043.0,-1722.0,3910.0,-408.0,-165.0,-963.2599502201296,-921.665292164741,-1748.0564347053646,3220.698544879915,-321.7130435411155,-129.65310886380354,-341.5185077488423,56.39935040473926,-0.0,0.0258298318706334,,,,,,,,,,0.5,0.5,0.279180726273019,0.7118149243090085,0.3565136764024107,0.28034796362198494,0.6492856090735013,0.7599773028182335,0.3515625,0.09963099630996308
1767328440,708964844,569_1767328440-708964844.png,0,0,0,0,0.0,0.0,173.11,1018.88,-931.0,-1244.0,-1717.0,3954.0,-449.0,-163.0,-959.1017956411856,-962.3509383250516,-1738.438675588224,3346.858396363731,-346.16403600104167,-134.96987500701292,-340.78222641348844,57.75200390815723,-0.0,0.0258298318706334,,,,,,,,,,0.5,0.5,0.27927640601379067,0.7136096274761679,0.4130737134909596,0.20086990905496244,0.6500220945647371,0.7682996027993192,0.3286830357142857,0.1070110701107011
1767328440,742132568,570_1767328440-742132568.png,0,0,0,0,0.0,0.0,173.07,1019.68,-846.0,-1288.0,-1793.0,3957.0,-334.0,-154.0,-946.5525242375214,-1015.006714908506,-1741.612001280153,3452.0540108426017,-353.52786169438497,-138.99941032718968,-360.58058345317846,-8.139989614486815,-0.0,0.0258298318706334,,,,,,,,,,0.5,0.5,0.27925089141625153,0.7141013269740197,0.45248029670839124,0.18347172795571365,0.6388275150979525,0.7688670323434841,0.39285714285714285,0.14022140221402213
1767328440,808466553,571_1767328440-808466553.png,0,0,0,0,0.0,0.0,173.14,1020.99,-982.0,-1253.0,-1927.0,3991.0,-334.0,-151.0,-949.0642747639056,-1057.0660023537114,-1770.089101630654,3544.2892451167377,-344.2822544444561,-142.53441583361248,-367.3684245944024,-32.85156488418591,-0.0,0.0258298318706334,,,,,,,,,,0.5,0.5,0.279295541961945,0.7149064849017522,0.38942976356050063,0.19731119019375243,0.6190897039328326,0.7752979005106867,0.39285714285714285,0.1512915129151291
1767328440,841632813,572_1767328440-841632813.png,0,0,0,0,0.0,0.0,173.18,1021.36,-1032.0,-1140.0,-1667.0,3920.0,-306.0,-154.0,-964.5597848129024,-1078.2883661801925,-1753.401423935243,3621.269218549777,-339.706464113599,-144.4868876282082,-362.9369694590569,-19.01495122909558,-0.0,0.0258298318706334,,,,,,,,,,0.5,0.5,0.27932105655948414,0.7151338959195088,0.3662494204914232,0.24199288256227758,0.6573869494770954,0.7618687346321166,0.4084821428571428,0.14022140221402213
1767328440,874797119,573_1767328440-874797119.png,0,0,0,0,0.0,0.0,173.46,1021.44,-838.0,-1162.0,-1544.0,3855.0,-287.0,-143.0,-951.3725713702464,-1089.9270824257303,-1726.151877303644,3657.233284917301,-332.5197151750743,-144.5711554978965,-361.0686669349671,42.704593420028566,-0.0,0.0258298318706334,,,,,,,,,,0.5,0.5,0.2794996587422579,0.715183065869294,0.4561891515994436,0.2332937920126532,0.6755044925614966,0.7495744278418764,0.4190848214285714,0.18081180811808117
1767328440,907961914,574_1767328440-907961914.png,0,0,0,0,0.0,0.0,173.87,1021.63,-828.0,-1216.0,-1832.0,3818.0,-216.0,-152.0,-936.9973568561124,-1103.3775098255994,-1730.5748719161622,3677.381976939441,-320.6855998976085,-145.19901474940824,-335.6149445176125,123.47563219070422,-0.0,0.0258298318706334,,,,,,,,,,0.5,0.5,0.27976118336703387,0.7152998445000338,0.4608252202132591,0.21194147884539344,0.6330829282663132,0.7425761301305089,0.4587053571428571,0.14760147601476015
1767328440,941124756,575_1767328440-941124756.png,0,0,0,0,0.0,0.0,174.59,1021.12,-842.0,-1230.0,-1941.0,3766.0,-262.0,-163.0,-922.7207713750448,-1121.5110157850052,-1758.3581253198358,3691.767918377242,-310.8416014703924,-147.50055033006456,-378.0465170741082,-61.5659341812135,-0.0,0.0258298318706334,,,,,,,,,,0.5,0.5,0.280220446122738,0.7149863860701532,0.4543347241539174,0.20640569395017794,0.6170275445573723,0.7327406846983168,0.4330357142857143,0.1070110701107011
1767328440,974287842,576_1767328440-974287842.png,0,0,0,0,0.0,0.0,177.28,1019.43,-599.0,-1001.0,-1439.0,3563.0,-370.0,-148.0,-871.2320628810718,-1113.5796551789892,-1696.4755947565714,3681.774699646729,-326.44876066745235,-149.17503707716014,-420.39990276098257,-175.23109889030468,-0.0,0.0258298318706334,,,,,,,,,,0.5,0.5,0.2819363028072436,0.713947670880941,0.5669911914696337,0.29695531830763144,0.6909706878774489,0.6943446188764896,0.3727678571428571,0.16236162361623618
1767328441,7448975,577_1767328441-7448975.png,0,0,0,0,0.0,0.0,179.54,1016.02,-713.0,-1007.0,-1543.0,3341.0,-239.0,-115.0,-841.7377732246405,-1097.6588230199525,-1668.2342807096556,3644.31304341536,-320.9617854374386,-146.01657456120486,-421.5182217657567,-173.51635265350353,-0.0,-0.005421875256085,,,,,,,,,,0.5,0.5,0.2833778775682037,0.7118518017713474,0.5141400092721371,0.2945828390668248,0.6756517896597438,0.6523548326082845,0.4458705357142857,0.28413284132841327
1767328441,73770020,578_1767328441-73770020.png,0,0,0,0,0.0,0.0,182.34,1007.07,-688.0,-1077.0,-1621.0,3168.0,-113.0,-117.0,-819.9405917524595,-1092.71764695466,-1659.187233484224,3579.4012766500296,-294.0050595435356,-141.71828075430076,-530.0932235121727,-483.3902127742769,-0.0,0.001595744499985,,,,,,,,,,0.5,0.5,0.2851638993959419,0.7063509136391295,0.5257301808066759,0.2669039145907473,0.6641626159964649,0.6196330622281068,0.5161830357142857,0.27675276752767525
1767328441,106929688,579_1767328441-106929688.png,0,0,0,0,0.0,0.0,188.6,956.58,-575.0,-828.0,-1702.0,2842.0,70.0,-112.0,-791.8950300489327,-1074.6532257372128,-1680.0890898165023,3485.1490170124944,-241.8330093748757,-137.1758045780762,-535.904443114996,-488.4716906547548,-0.0,-0.0078520647196338,,,,,,,,,,0.5,0.5,0.28915693391081376,0.6753185290809521,0.5781177561427908,0.365361803084223,0.6522315510384447,0.5579723850955174,0.6183035714285714,0.29520295202952024
1767328441,140104980,580_1767328441-140104980.png,0,0,0,0,0.0,0.0,191.44,908.06,-443.0,-738.0,-1520.0,2563.0,16.0,-96.0,-727.7334303972402,-1008.830529644868,-1663.362366724757,3308.249770967156,-178.55109709425238,-129.64774348406857,-509.95013640820986,-500.13116264343273,-0.0,-0.0078520647196338,,,,,,,,,,0.5,0.5,0.2909684703360911,0.6454969545362351,0.6393138618451553,0.40094899169632264,0.6790396229194285,0.5052014374881786,0.5881696428571428,0.35424354243542433
1767328441,173292969,581_1767328441-173292969.png,0,0,0,0,0.0,0.0,193.34,866.44,-437.0,-648.0,-1355.0,2238.0,-45.0,-62.0,-693.3602696573789,-965.9590384583992,-1626.7247947867888,3181.089789054048,-162.68344119591535,-121.61028711524052,-487.7517866492272,-435.5203211307527,-0.0,-0.0078520647196338,,,,,,,,,,0.5,0.5,0.2921804137191991,0.6199162881604907,0.6420955030134445,0.4365361803084223,0.7033436441302107,0.4437299035369775,0.5541294642857143,0.4797047970479704
1767328441,206479492,582_1767328441-206479492.png,0,0,0,0,0.0,0.0,193.54,814.82,-415.0,-468.0,-1298.0,1893.0,6.0,-48.0,-653.2557811861683,-898.0737210231555,-1580.2149021357852,3002.180002192024,-139.41371782427763,-111.22938261111769,-332.00302284955984,33.03426718711841,-0.0,-0.0078520647196338,,,,,,,,,,0.5,0.5,0.2923079867068947,0.5881893780615977,0.6522948539638386,0.5077105575326215,0.711739578730299,0.3784755059580102,0.5825892857142857,0.5313653136531364
1767328441,239666260,583_1767328441-239666260.png,0,0,0,0,0.0,0.0,189.87,643.76,-483.0,-338.0,-1272.0,1559.0,52.0,-28.0,-618.9130159078821,-800.9721024185793,-1519.8284063529409,2751.503282355117,-107.3699396999738,-96.9416895487628,-252.46859863400465,121.49092841148364,-0.0,-0.0078520647196338,,,,,,,,,,0.5,0.5,0.2899670223826807,0.48305173293341774,0.6207695873898933,0.5591142744167655,0.7155693032847253,0.31530168337431436,0.6082589285714285,0.6051660516605165
1767328441,306036621,584_1767328441-306036621.png,0,0,0,0,0.0,0.0,184.88,590.36,-289.0,-220.0,-848.0,1111.0,-91.0,-28.0,-555.015611955075,-670.8048661370395,-1387.78049494385,2397.607195940627,-88.11127626466687,-80.06676950130766,-208.43400043249136,153.91004943847645,-0.0,-0.0078520647196338,,,,,,,,,,0.5,0.5,0.28678407633967584,0.4502307914518042,0.7107093184979136,0.6057730328192962,0.7780232729415231,0.23056553811235106,0.5284598214285714,0.6051660516605165
1767328441,339220215,585_1767328441-339220215.png,0,0,0,0,0.0,0.0,177.96,538.63,-229.0,-183.0,-929.0,1036.0,-131.0,-36.0,-508.9842005252533,-600.4822439803822,-1318.4658918744135,2200.5404055871613,-93.28626329848927,-73.40293693643075,-183.38640815019613,151.53488159179676,-0.0,-0.0078520647196338,,,,,,,,,,0.5,0.5,0.2823700509654086,0.4184362726719565,0.7385257301808066,0.6204033214709371,0.7660922079835027,0.21637979950822772,0.5061383928571428,0.5756457564575646
1767328441,372404053,586_1767328441-372404053.png,1,0,50,0,9.574142156862743e-06,0.0,170.24,490.35,-266.0,-229.0,-678.0,962.0,-94.0,-33.0,-480.1144288307071,-556.3451867186004,-1242.369980960911,2053.3852462538453,-93.37106476121028,-68.6025278455414,-161.39875382184988,145.71689534187306,-0.0,-0.0078520647196338,,,,,,,,,,0.75,0.5,0.277445733640359,0.3887622079765951,0.7213722763096894,0.6022143139580862,0.803063779643541,0.20238320408549273,0.5267857142857143,0.5867158671586715
1767328441,405586426,587_1767328441-405586426.png,1,0,0,0,9.574142156862743e-06,0.0,153.77,405.74,-261.0,-294.0,-894.0,989.0,-93.0,-12.0,-428.3752214959729,-507.82179978506576,-1149.0734021612575,1830.2896213920988,-84.68005449590336,-59.320896890442526,-136.19420334696775,139.2442190647124,-0.0,-0.0078520647196338,,,,,,,,,,0.75,0.5,0.26694009810362757,0.3367588398350348,0.723690310616597,0.5765124555160143,0.7712476064221535,0.20749006998297712,0.52734375,0.6642066420664207
1767328441,438768799,588_1767328441-438768799.png,1,0,0,0,9.574142156862743e-06,0.0,146.63,386.17,-170.0,-162.0,-581.0,1080.0,-155.0,2.0,-405.6562750365151,-478.3081829419281,-1109.0246054409083,1733.1656987779866,-87.59843246905781,-53.26276745582543,-132.27258634567266,135.96976590156544,-0.0,-0.0078520647196338,,,,,,,,,,0.75,0.5,0.26238574244289514,0.324730640868833,0.765878535002318,0.6287069988137604,0.817351598173516,0.2247020994893134,0.4927455357142857,0.7158671586715867
1767328441,471949707,589_1767328441-471949707.png,0,0,-50,0,0.0,0.0,140.79,374.23,-229.0,-208.0,-661.0,1278.0,-163.0,7.0,-359.9947008606662,-413.0755171081379,-1000.510830567268,1610.7016003977826,-103.6138720717673,-40.31691265963192,-135.11328935623175,128.29875898361195,-0.0,-0.0096488164919597,,,,,,,,,,0.5,0.5,0.2586606112021841,0.31739202586339355,0.7385257301808066,0.6105179913009094,0.8055678303137429,0.262152449404199,0.48828125,0.7343173431734317
1767328441,505130859,590_1767328441-505130859.png,0,0,0,0,0.0,0.0,136.22,369.23,-294.0,-336.0,-725.0,1490.0,-142.0,6.0,-348.5606654565948,-398.29301005629,-958.4642019213524,1587.2351447595242,-109.80352718056442,-33.516014250421634,-138.18030568957334,128.3110818862914,-0.0,-0.007931504728441,,,,,,,,,,0.5,0.5,0.25574556843333995,0.3143189040018193,0.7083912841910059,0.5599051008303677,0.7961408160259243,0.30225080385852093,0.5,0.7306273062730627
1767328441,538310303,591_1767328441-538310303.png,0,0,0,0,0.0,0.0,133.09,369.97,-338.0,-591.0,-1174.0,1812.0,25.0,-22.0,-347.30591720541094,-421.1891769329505,-984.0727364231078,1613.9402146435882,-93.78706584312044,-32.14775778962241,-141.1554329693318,131.71463894844044,-0.0,0.0414414939039751,,,,,,,,,,0.5,0.5,0.253749051175904,0.3147737260373323,0.6879925822902179,0.4590747330960854,0.7300044189129474,0.363154908265557,0.5931919642857143,0.6273062730627306
1767328441,571489990,592_1767328441-571489990.png,0,0,0,0,0.0,0.0,131.34,381.94,-371.0,-626.0,-1225.0,2079.0,8.0,-33.0,-349.865844073094,-450.1810899740741,-1017.9075284054752,1674.6280093695334,-78.43525553875085,-31.97067821421472,-142.61247515678411,144.528594970703,-0.0,0.0336357052974324,,,,,,,,,,0.5,0.5,0.25263278753356766,0.3221307797739411,0.6726935558646268,0.44523527085804665,0.7224922669023421,0.41365613769623605,0.5837053571428571,0.5867158671586715
1767328441,637846191,593_1767328441-637846191.png,0,0,0,0,0.0,0.0,130.66,405.44,-395.0,-928.0,-1499.0,2524.0,-63.0,-64.0,-352.2987312481098,-528.6950351853505,-1097.1232240327167,1810.6340322127808,-64.50820787559057,-37.42084490282112,-152.59773066639906,148.47421646118153,-0.0,0.0099814990803903,,,,,,,,,,0.5,0.5,0.25219903937540267,0.33657445252334034,0.6615669911914696,0.32582048240411227,0.682132861982619,0.49782485341403443,0.5440848214285714,0.4723247232472324
1767328441,671022949,594_1767328441-671022949.png,0,0,0,0,0.0,0.0,129.87,417.65,-362.0,-980.0,-1599.0,2682.0,6.0,-52.0,-356.5210515176653,-590.2769213973967,-1162.022876694083,1924.6409394707343,-60.05900842545656,-40.57241409610161,-159.04801753163343,149.94952583312977,-0.0,0.0064178347879545,,,,,,,,,,0.5,0.5,0.2516951260740051,0.34407901610930475,0.6768660176170607,0.3052589956504547,0.6674031521579025,0.5277094760733876,0.5825892857142857,0.5166051660516605
1767328441,704199707,595_1767328441-704199707.png,-1,0,-50,0,-9.574142156862743e-06,0.0,129.23,429.25,-257.0,-1062.0,-1758.0,2833.0,91.0,-36.0,-350.8874215175807,-652.2960726128565,-1235.6714588190362,2044.6524849128243,-45.18922857406526,-41.26305178050188,-161.36277747154242,151.4358685016631,-0.0,-0.015006770614216,,,,,,,,,,0.25000000000000006,0.5,0.2512868925133792,0.35120865882815716,0.7255447380621233,0.2728351126927639,0.6439829135366033,0.5562700964630226,0.6300223214285714,0.5756457564575646
1767328441,737375000,596_1767328441-737375000.png,-1,0,0,0,-9.574142156862743e-06,0.0,128.73,443.01,-292.0,-1064.0,-1750.0,2949.0,17.0,-40.0,-340.32478381309795,-712.3929311400282,-1311.3337094326448,2170.440298401149,-31.96994259930309,-40.85538837247821,-162.26588776707655,153.87651968002308,-0.0,0.00070255514145,,,,,,,,,,0.25000000000000006,0.5,0.25096796004414024,0.35966589019120965,0.709318497913769,0.2720442862791617,0.6451612903225807,0.5782107055040666,0.5887276785714285,0.5608856088560885
1767328441,770550537,597_1767328441-770550537.png,-1,0,0,0,-9.574142156862743e-06,0.0,128.27,449.64,-515.0,-1105.0,-1614.0,3020.0,-20.0,-55.0,-353.44000993429825,-767.5232442043579,-1363.1765627405423,2290.7240565034976,-28.15712654991281,-42.08785069839417,-161.8522246778012,153.5309052467345,-0.0,-0.0040744110873592,,,,,,,,,,0.25000000000000006,0.5,0.25067454217244045,0.36374084977965715,0.6059341678256838,0.2558323448003163,0.6651936956841951,0.5916398713826367,0.5680803571428571,0.5055350553505534
1767328441,803724365,598_1767328441-803724365.png,-1,0,0,0,-9.574142156862743e-06,0.0,127.4,455.34,-506.0,-1243.0,-2106.0,3321.0,123.0,-82.0,-384.38973538454576,-853.4235310193645,-1467.8268828352336,2470.688724917461,-16.418700338229616,-45.91723034800823,-164.184583157301,149.70564699172962,-0.0,-0.004671326178723,,,,,,,,,,0.25000000000000006,0.5,0.25011959967596464,0.3672442087018518,0.6101066295781177,0.20126532226176352,0.5927235233465902,0.6485719689805184,0.6478794642857142,0.40590405904059035
1767328441,836898438,599_1767328441-836898438.png,-1,0,0,0,-9.574142156862743e-06,0.0,127.14,456.5,-622.0,-1250.0,-1994.0,3407.0,26.0,-100.0,-415.9044311310422,-921.3823094461512,-1567.977327258222,2625.419886701952,-1.103706143050713,-53.78199634336186,-161.6107155680657,151.0143105983733,-0.0,-0.004671326178723,,,,,,,,,,0.25000000000000006,0.5,0.24995375479196036,0.3679571729737371,0.5563282336578581,0.19849742981415575,0.6092207983502725,0.6648382825799131,0.59375,0.3394833948339483
1767328441,870070801,600_1767328441-870070801.png,1,0,0,0,9.574142156862743e-06,0.0,126.92,457.45,-609.0,-1388.0,-2086.0,3495.0,25.0,-114.0,-444.8676753290852,-981.9294752017852,-1638.6060042369836,2747.6839186670286,2.7694856497395555,-61.80805382068877,-161.15620568394667,147.44726014137257,-0.0,-0.004671326178723,,,,,,,,,,0.75,0.5,0.2498134245054952,0.3685410661274362,0.5623551228558181,0.14393040727560302,0.5956694653115334,0.6814828825420844,0.5931919642857143,0.2878228782287823
1767328441,936414551,601_1767328441-936414551.png,1,0,0,0,9.574142156862743e-06,0.0,126.81,457.42,-604.0,-1328.0,-2009.0,3535.0,-45.0,-97.0,-468.2766195916717,-1034.1851686495756,-1694.885090309258,2861.725322918472,-2.2964191976998776,-67.42087212270337,-161.0145731568337,147.53280401229847,-0.0,-0.004671326178723,,,,,,,,,,0.75,0.5,0.24974325936226266,0.3685226273962668,0.5646731571627259,0.16765519968366938,0.607011341876565,0.6890486097976168,0.5541294642857143,0.3505535055350553
1767328441,969585938,602_1767328441-969585938.png,1,0,0,0,9.574142156862743e-06,0.0,126.15,456.86,-418.0,-1276.0,-1942.0,3698.0,112.0,-97.0,-467.40645386329294,-1096.0140465236457,-1763.4596757731804,3036.1462629970497,17.60448786851725,-72.73538282321012,-159.49233195185667,150.3490171432494,-0.0,-0.004671326178723,,,,,,,,,,0.75,0.5,0.2493222685028672,0.3681784377477704,0.6509040333796939,0.18821668643732703,0.6168802474591251,0.7198789483639115,0.6417410714285714,0.3505535055350553
1767328442,2755371,603_1767328442-2755371.png,1,0,0,0,9.574142156862743e-06,0.0,125.81,457.32,-361.0,-1372.0,-2015.0,3759.0,145.0,-101.0,-455.0224513979493,-1131.0238789470116,-1796.1765110432823,3138.457690300014,34.39568301702844,-76.64589968537715,-157.13594594597822,144.7580015659331,-0.0,-0.004671326178723,,,,,,,,,,0.75,0.5,0.2491053944237847,0.36846116495903525,0.6773296244784422,0.15025701858442064,0.6061275592870821,0.7314166824285986,0.66015625,0.3357933579335793
1767328442,35925293,604_1767328442-35925293.png,-1,0,-100,0,-9.574142156862743e-06,0.0,125.51,458.22,-536.0,-1225.0,-2107.0,3904.0,49.0,-90.0,-462.0647760101197,-1148.7991019002638,-1839.1084879986165,3246.4348703470173,39.16457695275243,-78.90054075376138,-153.8565782308579,142.98135423660267,-0.0,-0.004671326178723,,,,,,,,,,0.25000000000000006,0.5,0.24891403494224135,0.36901432689411867,0.5961984237366712,0.20838275998418343,0.5925762262483429,0.7588424437299036,0.6065848214285714,0.37638376383763833
1767328442,69093506,605_1767328442-69093506.png,-1,0,0,0,-9.574142156862743e-06,0.0,125.26,459.51,-474.0,-1254.0,-1961.0,3872.0,102.0,-98.0,-465.5107693499663,-1163.3884482224926,-1860.938680281985,3338.796368772614,46.900035797632704,-81.47425291733988,-152.52785602211958,147.3185861110686,-0.0,-0.004671326178723,,,,,,,,,,0.25000000000000006,0.5,0.24875456870762186,0.3698071923344048,0.6249420491423272,0.19691577698695134,0.6140816025924289,0.7527898619254777,0.6361607142857143,0.3468634686346863
1767328442,102261963,606_1767328442-102261963.png,-1,0,0,0,-9.574142156862743e-06,0.0,125.16,461.09,-502.0,-1112.0,-2079.0,3935.0,229.0,-119.0,-469.8461778082073,-1157.2828135157365,-1886.8472805204449,3409.633331339673,68.53594620144933,-85.9328133858881,-152.94781821966177,147.06668305397022,-0.0,-0.004671326178723,,,,,,,,,,0.25000000000000006,0.5,0.24869078221377405,0.3707782988426623,0.6119610570236439,0.2530644523527086,0.5967005449992635,0.7647058823529412,0.70703125,0.26937269372693723
1767328442,135446045,607_1767328442-135446045.png,0,0,0,0,0.0,0.0,124.97,464.75,-373.0,-1301.0,-1785.0,3849.0,280.0,-143.0,-471.113357800628,-1177.7191722692748,-1904.307466723516,3501.8783383058494,105.64295820110324,-95.1964490506323,-162.73721691966065,135.54147338867176,-0.0,-0.004671326178723,,,,,,,,,,0.5,0.5,0.24856958787546327,0.3730278240453347,0.6717663421418636,0.17833135626729935,0.64000589188393,0.7484395687535466,0.7354910714285714,0.18081180811808117
1767328442,168642822,608_1767328442-168642822.png,0,0,0,0,0.0,0.0,124.64,466.79,-294.0,-1237.0,-1899.0,3831.0,237.0,-145.0,-451.9235988280177,-1191.8257723640934,-1893.846167460351,3551.5389219451718,128.50601347092493,-102.30989687282184,-150.2123817503453,149.03304576873768,-0.0,-0.004671326178723,,,,,,,,,,0.5,0.5,0.24835909244576554,0.374281657764857,0.7083912841910059,0.20363780150257016,0.6232140226837533,0.7450349914885569,0.7114955357142857,0.17343173431734316
1767328442,235033936,609_1767328442-235033936.png,1,0,0,0,9.574142156862743e-06,0.0,124.24,466.68,-184.0,-1224.0,-1941.0,3862.0,230.0,-140.0,-404.4790495490363,-1198.894605881164,-1901.0116900409776,3611.563340091519,149.02532527474756,-110.05540720437112,-157.09211194515234,138.2202718257903,-0.0,0.005441798317948,,,,,,,,,,0.75,0.5,0.24810394647037437,0.3742140490839024,0.7593880389429762,0.20877817319098457,0.6170275445573723,0.7508984301115945,0.7075892857142857,0.19188191881918815
1767328442,268228027,610_1767328442-268228027.png,1,0,0,0,9.574142156862743e-06,0.0,123.81,466.27,-328.0,-1573.0,-1804.0,3857.0,115.0,-98.0,-368.7750976393908,-1226.6675293932078,-1880.9536531870028,3647.801791067442,159.3597075991611,-113.12723655213648,-155.13328409194952,141.03978061676014,-0.0,0.005441798317948,,,,,,,,,,0.75,0.5,0.24782966454682887,0.37396205309125324,0.6926286509040334,0.07077896401739814,0.6372072470172339,0.749952714204653,0.6434151785714285,0.3468634686346863
1767328442,301422607,611_1767328442-301422607.png,0,0,0,0,0.0,0.0,123.62,465.85,-307.0,-1609.0,-1898.0,3894.0,171.0,-101.0,-358.77805116355216,-1298.6948390703014,-1874.180774904692,3692.689671051048,155.61967335241837,-110.39502248127626,-155.13328409194952,141.03978061676014,-0.0,0.005441798317948,,,,,,,,,,0.5,0.5,0.24770847020851805,0.373703910854881,0.7023643949930458,0.056544088572558326,0.6233613197820003,0.7569510119160205,0.6746651785714285,0.3357933579335793
1767328442,334615723,612_1767328442-334615723.png,0,0,0,0,0.0,0.0,123.51,465.11,-452.0,-1631.0,-1768.0,3924.0,211.0,-97.0,-368.4338729710159,-1346.6883270255769,-1862.2184038265525,3725.6940625483016,162.62145522455825,-108.54582374462946,-156.02477025985723,138.38820719718922,-0.0,0.005441798317948,,,,,,,,,,0.5,0.5,0.2476383050652855,0.373249088819368,0.6351414000927214,0.04784499802293396,0.6425099425541317,0.7626253073576699,0.6969866071428571,0.3505535055350553
1767328442,367809082,613_1767328442-367809082.png,0,0,0,0,0.0,0.0,123.35,464.57,-307.0,-1392.0,-1493.0,3964.0,334.0,-130.0,-365.2396059129561,-1358.837964560814,-1826.1354732088137,3752.875608272176,179.5014314145212,-110.1606484637773,-152.8005359768868,141.0661458969115,-0.0,0.005441798317948,,,,,,,,,,0.5,0.5,0.24753624667512902,0.372917191658318,0.7023643949930458,0.14234875444839856,0.683016644572102,0.7701910346132023,0.765625,0.22878228782287818
1767328442,401000977,614_1767328442-401000977.png,0,0,0,0,0.0,0.0,123.21,464.04,-474.0,-1424.0,-1546.0,3936.0,328.0,-108.0,-376.56437228295255,-1367.4896690636242,-1783.714241405182,3780.424050791784,201.38270421157384,-110.4480973513004,-152.6100041866303,141.1481075286864,-0.0,0.005441798317948,,,,,,,,,,0.5,0.5,0.2474469455837421,0.37259144074099115,0.6249420491423272,0.1296955318307631,0.6752098983650022,0.7648950255343295,0.7622767857142857,0.3099630996309963
1767328442,434193359,615_1767328442-434193359.png,0,0,0,0,0.0,0.0,123.04,463.68,-402.0,-1394.0,-1754.0,3961.0,295.0,-125.0,-382.258973911992,-1372.189442035793,-1773.6636572560355,3806.1460961666257,215.9786077346589,-112.10991040888118,-156.51363301277166,135.52571153640736,-0.0,0.005441798317948,,,,,,,,,,0.5,0.5,0.24733850854420086,0.37237017596695776,0.6583217431617987,0.1415579280347964,0.644572101929592,0.7696236050690374,0.7438616071428571,0.24723247232472323
1767328442,467384033,616_1767328442-467384033.png,0,0,0,0,0.0,0.0,123.05,463.13,-194.0,-1232.0,-1808.0,3949.0,292.0,-153.0,-354.7276375234364,-1351.687881835982,-1778.6850667686506,3827.037312129024,227.0961150687947,-118.08975183741008,-144.27024459838873,151.542905807495,-0.0,0.005441798317948,,,,,,,,,,0.5,0.5,0.24734488719358566,0.3720321325621846,0.7547519703291607,0.2056148675365757,0.6366180586242451,0.7673538868923776,0.7421875,0.14391143911439108
1767328442,500575195,617_1767328442-500575195.png,0,0,0,0,0.0,0.0,123.1,463.1,-330.0,-1196.0,-1930.0,4010.0,282.0,-152.0,-329.2632241435577,-1329.466784366215,-1804.500192178605,3858.990884232137,232.7923277566948,-126.96136558141262,-144.2552436292172,151.5414729118346,-0.0,0.005441798317948,,,,,,,,,,0.5,0.5,0.24737678044050954,0.3720136938310152,0.6917014371812702,0.21984974298141557,0.6186478126380911,0.7788916209570645,0.7366071428571428,0.14760147601476015
1767328442,566955078,618_1767328442-566955078.png,0,0,0,0,0.0,0.0,123.0,462.9,-434.0,-1309.0,-1630.0,3984.0,238.0,-128.0,-338.8029386556718,-1316.628439228345,-1799.0375154034612,3882.734658288732,237.31406284409837,-129.11636600541314,-157.58415672183042,130.66189050674427,-0.0,0.005441798317948,,,,,,,,,,0.5,0.5,0.24731299394666173,0.37189076895655215,0.6434863235975892,0.17516805061289042,0.6628369421122404,0.7739738982409685,0.7120535714285714,0.2361623616236162
1767328442,600143555,619_1767328442-600143555.png,0,0,0,0,0.0,0.0,122.88,462.82,-408.0,-1377.0,-1770.0,4087.0,162.0,-136.0,-349.6355832623416,-1323.5921514871552,-1790.9510320191137,3909.781664021928,228.3845594356535,-129.90361355974403,-157.47434443235403,130.7103223800658,-0.0,0.005441798317948,,,,,,,,,,0.5,0.5,0.24723645015404438,0.371841599006767,0.6555401019935094,0.14827995255041515,0.6422153483576374,0.7934556459239646,0.6696428571428571,0.20664206642066418
1767328442,633332520,620_1767328442-633332520.png,0,0,0,0,0.0,0.0,122.31,462.83,-216.0,-1392.0,-1856.0,4282.0,235.0,-173.0,-343.68300113787143,-1340.6690132617296,-1816.312010038343,3982.276487314346,220.04565005155249,-136.5599412020069,-156.68033209443098,133.00596451759327,-0.0,0.0073953195383726,,,,,,,,,,0.5,0.5,0.246872867139112,0.37184774525049014,0.7445526193787667,0.14234875444839856,0.6295477979083812,0.8303385662946852,0.7103794642857142,0.07011070110701101
1767328442,666519775,621_1767328442-666519775.png,0,0,0,0,0.0,0.0,121.94,463.12,-211.0,-1528.0,-2049.0,4348.0,299.0,-186.0,-328.2061305692892,-1355.1025243539502,-1832.8553988004728,4021.932430510693,225.7446402119401,-141.686206993528,-147.86268448829657,144.9458541870116,-0.0,0.0089551182032735,,,,,,,,,,0.5,0.5,0.24663685711187516,0.37202598631846145,0.7468706536856745,0.08857255832344801,0.6011194579466785,0.8428220162663137,0.74609375,0.022140221402213944
1767328442,699707764,622_1767328442-699707764.png,0,0,0,0,0.0,0.0,121.57,463.21,-174.0,-1521.0,-2223.0,4378.0,366.0,-161.0,-303.55487946214174,-1384.1503720227663,-1890.882284457805,4081.846696514705,246.36487285300117,-146.37402854923562,-147.86268448829657,144.9458541870116,-0.0,0.0089551182032735,,,,,,,,,,0.5,0.5,0.24640084708463833,0.3720813025119698,0.7640241075567917,0.09134045077105568,0.5754897628516719,0.848496311707963,0.7834821428571428,0.11439114391143912
1767328442,732893799,623_1767328442-732893799.png,0,0,0,0,0.0,0.0,121.4,463.4,-242.0,-1631.0,-2182.0,4371.0,354.0,-177.0,-294.3162809916062,-1410.3653473123602,-1926.631656690098,4116.400142426445,259.4930807588256,-149.55984911560267,-144.68040096759802,145.00145053863514,-0.0,0.0089551182032735,,,,,,,,,,0.5,0.5,0.24629241004509705,0.3721980811427096,0.7324988409828465,0.04784499802293396,0.5815289438798057,0.8471723094382448,0.7767857142857142,0.05535055350553497
1767328442,799265625,624_1767328442-799265625.png,0,0,0,0,0.0,0.0,120.75,463.66,-444.0,-1399.0,-2501.0,4510.0,245.0,-114.0,-320.171178824537,-1427.996157722714,-2012.6033009040864,4216.873751462023,270.1585654081716,-150.719110963083,-146.2432292103768,144.5790328979491,-0.0,0.0089551182032735,,,,,,,,,,0.5,0.5,0.2458777978350864,0.3723578834795115,0.6388502549837737,0.13958086200079078,0.5345411695389601,0.8734632116512201,0.7159598214285714,0.2878228782287823
1767328442,832451172,625_1767328442-832451172.png,0,0,0,0,0.0,0.0,120.75,463.66,-444.0,-1399.0,-2501.0,4510.0,245.0,-114.0,-327.75997675774346,-1426.2191402262358,-2042.534489988348,4234.837871995172,268.61673316459854,-148.46879548126978,-146.19939520955091,144.6065444946288,-0.0,0.0089551182032735,,,,,,,,,,0.5,0.5,0.2458777978350864,0.3723578834795115,0.6388502549837737,0.13958086200079078,0.5345411695389601,0.8734632116512201,0.7159598214285714,0.2878228782287823
1767328442,865635254,626_1767328442-865635254.png,0,0,0,0,0.0,0.0,120.64,463.4,-404.0,-1284.0,-2371.0,4513.0,185.0,-112.0,-340.00659538995626,-1408.575025879112,-2094.135585933363,4275.43452456363,258.03417675355075,-143.1903890985126,-142.04263314604765,146.42789816856373,-0.0,0.0089551182032735,,,,,,,,,,0.5,0.5,0.24580763269185385,0.3721980811427096,0.6573945294390356,0.1850533807829181,0.5536897923110915,0.874030641195385,0.6824776785714285,0.29520295202952024
1767328442,898819580,627_1767328442-898819580.png,0,0,0,0,0.0,0.0,120.52,463.16,-571.0,-1168.0,-2454.0,4527.0,197.0,-127.0,-373.7874930210559,-1373.392894443191,-2146.762815499432,4312.223919427874,249.10842720502663,-140.82267700877642,-141.988473802805,145.9189336299895,-0.0,0.0089551182032735,,,,,,,,,,0.5,0.5,0.2457310888992365,0.37205057129335406,0.579972183588317,0.23092131277184658,0.5414641331565768,0.8766786457348213,0.6891741071428571,0.2398523985239852
1767328442,932002686,628_1767328442-932002686.png,0,0,0,0,0.0,0.0,120.42,462.79,-461.0,-1415.0,-2507.0,4391.0,173.0,-106.0,-411.5215857538682,-1346.6697905812937,-2188.969085749667,4336.52205332553,225.4306460075176,-137.2266413624028,-149.6487089693547,136.83408856391895,-0.0,0.0089551182032735,,,,,,,,,,0.5,0.5,0.2456673024053887,0.3718231602755976,0.6309689383402873,0.13325425069197305,0.5336573869494772,0.8509551730660111,0.67578125,0.3173431734317343
1767328442,965185791,629_1767328442-965185791.png,0,0,0,0,0.0,0.0,120.5,462.14,-359.0,-1418.0,-2754.0,4419.0,182.0,-135.0,-413.82124577890926,-1358.662233813597,-2259.0673763381124,4347.652711248413,216.9213251254095,-133.60741462296184,-149.4785031676293,136.89068794250477,-0.0,0.0089551182032735,,,,,,,,,,0.5,0.5,0.24571833160046694,0.3714236544335929,0.6782568382012053,0.13206801107156974,0.4972750036824275,0.8562511821448838,0.6808035714285714,0.2103321033210332
1767328442,998367676,630_1767328442-998367676.png,0,0,0,0,0.0,0.0,120.47,461.63,-235.0,-1247.0,-2805.0,4500.0,181.0,-146.0,-389.6143706143909,-1348.5996942311094,-2350.6593952936646,4369.606584858259,210.7675296311617,-135.1550234600858,-136.8056714236737,149.5838508605956,-0.0,0.0089551182032735,,,,,,,,,,0.5,0.5,0.24569919565231257,0.3711101960037123,0.7357440890125173,0.19968366943455912,0.4897628516718221,0.8715717798373369,0.6802455357142857,0.1697416974169741
1767328443,64730469,631_1767328443-64730469.png,0,0,0,0,0.0,0.0,120.44,461.27,-183.0,-1276.0,-2652.0,4458.0,219.0,-146.0,-366.5379224744668,-1339.152900223484,-2390.7940635926384,4381.297909445529,210.66989069702143,-136.44355166917606,-138.97477260231975,147.51833176612843,-0.0,0.0244867339039725,,,,,,,,,,0.5,0.5,0.24568005970415824,0.370888931229679,0.7598516458043578,0.18821668643732703,0.5122993077036383,0.8636277662190279,0.7014508928571428,0.1697416974169741
1767328443,97911377,632_1767328443-97911377.png,0,0,0,0,0.0,0.0,120.45,460.81,-325.0,-1297.0,-2599.0,4432.0,314.0,-144.0,-356.5684998003125,-1332.4123854504455,-2422.696188483048,4389.425815724293,223.17537124437544,-137.60347739772396,-134.89554801583296,154.32200694084156,-0.0,0.0207320786684298,,,,,,,,,,0.5,0.5,0.24568643835354304,0.37060620401841415,0.694019471488178,0.1799130090945037,0.520106053910738,0.8587100435029318,0.7544642857142857,0.1771217712177121
1767328443,131125000,633_1767328443-131125000.png,0,0,0,0,0.0,0.0,120.47,459.96,-493.0,-1055.0,-2613.0,4483.0,158.0,-167.0,-342.6435351122301,-1313.925037390762,-2462.694267850453,4397.795226085961,233.90048329287413,-140.6910830712938,-128.63339018821722,160.00186204910267,-0.0,0.0149947049354121,,,,,,,,,,0.5,0.5,0.24569919565231257,0.3700837733019465,0.6161335187760778,0.27560300514037167,0.5180438945352777,0.8683563457537357,0.6674107142857142,0.09225092250922506
1767328443,164363525,634_1767328443-164363525.png,0,0,0,0,0.0,0.0,120.41,459.66,-600.0,-1026.0,-2398.0,4445.0,92.0,-140.0,-382.1828213020026,-1259.8872271127293,-2473.08128068372,4411.274688894678,212.85613057881005,-143.47148738865238,-130.34363055229193,158.49302291870106,-0.0,0.0176984520771891,,,,,,,,,,0.5,0.5,0.2456609237560039,0.36989938599025207,0.5665275846082521,0.28706998813760376,0.5497127706584181,0.8611689048609799,0.6305803571428571,0.19188191881918815
1767328443,197591553,635_1767328443-197591553.png,0,0,0,0,0.0,0.0,120.41,459.15,-511.0,-845.0,-2183.0,4464.0,181.0,-158.0,-403.4624136558927,-1204.1779116401958,-2436.5563824588853,4418.464194051716,205.75629909838676,-145.10245138681387,-130.24537745118147,158.46149921417225,-0.0,0.0123196683124624,,,,,,,,,,0.5,0.5,0.2456609237560039,0.36958592756037145,0.60778859527121,0.3586397785686042,0.5813816467815585,0.8647626253073578,0.6802455357142857,0.1254612546125461
1767328443,230813721,636_1767328443-230813721.png,0,0,0,0,0.0,0.0,120.4,458.88,-200.0,-1113.0,-2270.0,4382.0,327.0,-166.0,-382.2379487720822,-1183.493060574199,-2409.8125968937525,4415.380737199355,219.4826446800588,-147.9391194254268,-125.22888451814656,161.91248512268055,-0.0,0.0123196683124624,,,,,,,,,,0.5,0.5,0.24565454510661916,0.36941997897984646,0.7519703291608715,0.25266903914590744,0.5685667992340551,0.8492528844335163,0.76171875,0.09594095940959402
1767328443,264034668,637_1767328443-264034668.png,0,0,0,0,0.0,0.0,120.38,458.58,-265.0,-1183.0,-2491.0,4392.0,227.0,-143.0,-342.0617526445856,-1183.7348094651632,-2423.840983367222,4413.606944567454,241.0518479020972,-154.5951172403678,-117.82470485568052,167.12206387519825,-0.0,0.0123196683124624,,,,,,,,,,0.5,0.5,0.24564178780784957,0.369235591668152,0.7218358831710708,0.22499011466982993,0.5360141405214318,0.8511443162473994,0.7059151785714285,0.18081180811808117
1767328443,297256348,638_1767328443-297256348.png,0,0,0,0,0.0,0.0,120.32,458.54,-316.0,-1154.0,-2586.0,4433.0,179.0,-132.0,-332.379564296617,-1182.7246744392617,-2436.619479967007,4411.723301404445,237.5027969834299,-152.55703208381647,-117.82470485568052,167.12206387519825,-0.0,0.0123196683124624,,,,,,,,,,0.5,0.5,0.2456035159115409,0.3692110066932594,0.6981919332406119,0.23645709766706208,0.5220209161879512,0.8588991866843201,0.6791294642857142,0.22140221402214016
1767328443,363697510,639_1767328443-363697510.png,-1,0,0,0,-9.574142156862743e-06,0.0,120.33,458.27,-187.0,-1383.0,-2760.0,4460.0,329.0,-123.0,-313.8002470729513,-1204.2292486563242,-2486.954606317286,4419.156049684339,243.7082505765884,-147.40582435406571,-116.1375179290772,167.7062554359435,-0.0,0.0123196683124624,,,,,,,,,,0.25000000000000006,0.5,0.2456098945609257,0.36904505811273436,0.7579972183588316,0.14590747330960852,0.49639122109294453,0.8640060525818045,0.7628348214285714,0.2546125461254612
1767328443,396916992,640_1767328443-396916992.png,-1,0,0,0,-9.574142156862743e-06,0.0,120.37,458.3,-154.0,-1371.0,-2990.0,4523.0,351.0,-128.0,-291.33590600690263,-1228.9472495980572,-2554.212338755278,4432.614385924006,258.7953660207076,-144.43073884828476,-113.36993652582171,169.79685020446766,-0.0,0.0123196683124624,,,,,,,,,,0.25000000000000006,0.5,0.24563540915846482,0.3690634968439038,0.7732962447844227,0.15065243179122179,0.4625128884960967,0.8759220730092682,0.7751116071428571,0.2361623616236162
1767328443,430137451,641_1767328443-430137451.png,-1,0,0,0,-9.574142156862743e-06,0.0,120.28,458.21,-321.0,-1275.0,-2956.0,4520.0,281.0,-127.0,-295.6740373236466,-1235.6820879783345,-2612.970500603492,4445.3938178238695,262.04261227285406,-141.8816357444001,-118.06283712387088,166.215757369995,-0.0,0.0123196683124624,,,,,,,,,,0.25000000000000006,0.5,0.2455780013140018,0.3690081806503955,0.6958738989337041,0.18861209964412806,0.46752098983650026,0.8753546434651032,0.7360491071428571,0.2398523985239852
1767328443,463356445,642_1767328443-463356445.png,-1,0,0,0,-9.574142156862743e-06,0.0,120.29,458.59,-425.0,-1129.0,-2534.0,4432.0,306.0,-127.0,-317.8006371530829,-1223.491448788361,-2607.4649247104103,4445.532847464853,264.84330185550056,-138.863715372615,-112.75457209348684,170.37115478515614,-0.0,0.0123196683124624,,,,,,,,,,0.25000000000000006,0.5,0.24558437996338656,0.36924173791187515,0.6476587853500231,0.24634242783708976,0.5296803652968036,0.8587100435029318,0.75,0.2398523985239852
1767328443,496576172,643_1767328443-496576172.png,-1,0,0,0,-9.574142156862743e-06,0.0,120.31,458.83,-430.0,-1102.0,-2551.0,4469.0,299.0,-133.0,-336.7789773588393,-1204.7181641905988,-2596.307534905989,4446.542785615355,271.32233340965865,-137.35649163919337,-116.59715801477437,167.49934530258167,-0.0,0.0123196683124624,,,,,,,,,,0.25000000000000006,0.5,0.24559713726215612,0.3693892477612307,0.6453407510431154,0.2570185844207196,0.527176314626602,0.8657083412142993,0.74609375,0.2177121771217712
1767328443,529794434,644_1767328443-529794434.png,2,0,100,0,1.914828431372549e-05,0.0,120.32,458.84,-492.0,-1149.0,-2534.0,4481.0,279.0,-142.0,-357.7782190047041,-1195.2807005265593,-2587.6618509135856,4451.252730126256,272.993698555014,-137.7887106693944,-116.54689502716067,167.4818639755248,-0.0,0.0123196683124624,,,,,,,,,,1.0,0.5,0.2456035159115409,0.36939539400495386,0.6165971256374594,0.23843416370106757,0.5296803652968036,0.8679780593909591,0.7349330357142857,0.18450184501845013
1767328443,596231201,645_1767328443-596231201.png,1,0,0,0,9.574142156862743e-06,0.0,120.26,457.97,-495.0,-1235.0,-2459.0,4418.0,139.0,-146.0,-398.6027472748688,-1199.1660006093182,-2543.1594879414124,4443.178329859493,246.1214294498404,-139.51640858797458,-122.76093286275868,162.5858027935027,-0.0,0.002849427492843,,,,,,,,,,0.75,0.5,0.24556524401523222,0.36886067080103996,0.6152063050533148,0.2044286279161724,0.5407276476653411,0.8560620389634954,0.6568080357142857,0.1697416974169741
1767328443,629449707,646_1767328443-629449707.png,1,0,0,0,9.574142156862743e-06,0.0,120.23,455.87,-340.0,-1401.0,-2871.0,4491.0,200.0,-129.0,-396.0279522437689,-1218.44717729127,-2570.447750538121,4446.793579613031,238.91469869399447,-138.7481825966015,-113.07219001650816,167.24242711067188,-0.0,0.00882497493435,,,,,,,,,,0.75,0.5,0.24554610806707788,0.3675699596191787,0.6870653685674547,0.1387900355871886,0.48004124318750924,0.8698694912048421,0.6908482142857142,0.2324723247232472
1767328443,662666748,647_1767328443-662666748.png,1,0,0,0,9.574142156862743e-06,0.0,120.05,452.57,-196.0,-1335.0,-2699.0,4449.0,277.0,-124.0,-370.7251968522138,-1237.3023532870868,-2593.965161138126,4448.268245782348,242.372371521858,-136.72852370939822,-113.07219001650816,167.24242711067188,-0.0,0.0067790774043535,,,,,,,,,,0.75,0.5,0.24543129237815187,0.3655416991905397,0.7538247566063977,0.1648873072360617,0.5053763440860215,0.8619254775865332,0.7338169642857142,0.25092250922509224
1767328443,695884521,648_1767328443-695884521.png,1,0,0,0,9.574142156862743e-06,0.0,119.09,436.62,-179.0,-1017.0,-2093.0,4171.0,217.0,-96.0,-335.7413821295563,-1234.7332682372592,-2559.29516530321,4421.092828362079,248.56106602896227,-131.70031936009696,-101.69307821989064,169.82479166984547,-0.0,0.0104366209932608,,,,,,,,,,0.75,0.5,0.24481894203721305,0.35573844045211767,0.761706073249884,0.2906287069988137,0.5946383856238033,0.8093436731605826,0.7003348214285714,0.35424354243542433
1767328443,762318115,649_1767328443-762318115.png,-1,0,-100,0,-9.574142156862743e-06,0.0,117.93,418.52,-242.0,-1021.0,-1935.0,4000.0,212.0,-90.0,-308.1933388468228,-1186.5429321701642,-2436.300963148364,4344.877463303138,240.9127814320101,-123.00805637243114,-97.40020346641543,167.8703219890593,-0.0,0.0104366209932608,,,,,,,,,,0.25000000000000006,0.5,0.24407901870857868,0.3446137393132187,0.7324988409828465,0.2890470541716093,0.6179113271468553,0.7770001891431815,0.6975446428571428,0.37638376383763833
1767328443,795533936,650_1767328443-795533936.png,-1,0,0,0,-9.574142156862743e-06,0.0,114.43,383.29,217.0,-844.0,-1279.0,3631.0,389.0,-92.0,-243.0771034455084,-1142.6483504601258,-2292.2677001784537,4254.521362306795,244.6844713774352,-118.35780075164824,-89.30474537611012,167.9067175388335,-0.0,0.0104366209932608,,,,,,,,,,0.25000000000000006,0.5,0.2418464914239059,0.3229605226765662,0.9452943903569773,0.35903519177540527,0.7145382235969951,0.7072063552108947,0.7963169642857142,0.3690036900369003
1767328443,828750488,651_1767328443-828750488.png,-1,0,0,0,-9.574142156862743e-06,0.0,112.21,368.45,217.0,-844.0,-1279.0,3631.0,405.0,-100.0,-201.438411498006,-1115.6195620846318,-2200.5631982327664,4198.090355996448,257.7455643867457,-115.97232158371672,-65.03817757964138,167.87648344039906,-0.0,0.0104366209932608,,,,,,,,,,0.25000000000000006,0.5,0.2404304312604849,0.31383949699141367,0.9452943903569773,0.35903519177540527,0.7145382235969951,0.7072063552108947,0.8052455357142857,0.3394833948339483
1767328443,861965820,652_1767328443-861965820.png,-1,0,0,0,-9.574142156862743e-06,0.0,109.8,353.48,144.0,-1016.0,-697.0,3155.0,403.0,-110.0,-137.38357482747665,-1088.5375125244202,-1976.794705946916,4054.30548566848,283.1313110677098,-113.52330773244836,-65.03817757964138,167.87648344039906,-0.0,0.0104366209932608,,,,,,,,,,0.25000000000000006,0.5,0.2388931767587531,0.3046385701378602,0.9114510894761242,0.29102412020561486,0.8002651347768449,0.6171742008700587,0.8041294642857142,0.30258302583025826
1767328443,895181641,653_1767328443-895181641.png,1,0,100,0,9.574142156862743e-06,0.0,106.89,332.86,135.0,-973.0,-659.0,3024.0,436.0,-113.0,-82.32544813287868,-1070.2425105722402,-1719.234353468157,3863.879764565498,309.91954550650473,-113.09521668163327,-5.373673468828252,201.0336890220641,-0.0,0.0104366209932608,,,,,,,,,,0.75,0.5,0.23703698978778237,0.29196501558072785,0.9072786277236903,0.30802688809806245,0.8058624245102373,0.59239644410819,0.8225446428571428,0.29151291512915123
1767328443,928396240,654_1767328443-928396240.png,1,0,0,0,9.574142156862743e-06,0.0,103.62,314.52,184.0,-768.0,-593.0,2931.0,428.0,-101.0,-44.72152231058572,-1031.66484728772,-1556.3420616237197,3730.004569513612,327.4072746248022,-111.65553158141697,-4.534982919693044,200.0171928405761,-0.0,0.0104366209932608,,,,,,,,,,0.75,0.5,0.23495117143895955,0.28069280459247326,0.9299953639313862,0.3890865954922894,0.8155840329945501,0.5748061282390771,0.8180803571428571,0.3357933579335793
1767328443,961611572,655_1767328443-961611572.png,1,0,0,0,9.574142156862743e-06,0.0,99.71,289.84,313.0,-810.0,-694.0,2882.0,423.0,-79.0,13.670532559599554,-992.2413608580642,-1404.6310568552526,3584.757525252527,344.0601509221824,-106.5967594157586,37.904771983623455,204.171873807907,-0.0,0.0104366209932608,,,,,,,,,,0.75,0.5,0.23245711952951081,0.26552387508374253,0.9898006490496059,0.3724792408066429,0.8007070260715865,0.5655381123510498,0.8152901785714285,0.4169741697416974
1767328443,994825439,656_1767328443-994825439.png,1,0,0,0,9.574142156862743e-06,0.0,95.77,289.84,335.0,-903.0,-876.0,2885.0,489.0,-89.0,51.84876943130256,-981.6382940409064,-1341.8226195615212,3501.616975571061,361.2809428225336,-104.50602913042052,74.1046432256698,221.77241778373707,-0.0,0.0104366209932608,,,,,,,,,,0.75,0.5,0.2299439316719078,0.26552387508374253,0.9999999999999999,0.33570581257413995,0.7738989541906025,0.5661055418952148,0.8521205357142856,0.38007380073800734
1767328444,61253418,657_1767328444-61253418.png,-1,0,-50,0,-9.574142156862743e-06,0.0,85.61,243.66,-251.0,-852.0,-1790.0,3277.0,432.0,-55.0,97.64870277278494,-977.2215007322932,-1291.7089240102653,3375.737118718183,397.4610693971918,-99.2311046130994,85.90137940645212,224.141280889511,-0.0,-0.0162467799051256,,,,,,,,,,0.25000000000000006,0.5,0.22346322389697207,0.23714052157024235,0.7283263792304125,0.3558718861209964,0.639269406392694,0.6402496689994327,0.8203125,0.5055350553505534
1767328444,94467529,658_1767328444-94467529.png,-1,0,0,0,-9.574142156862743e-06,0.0,82.67,232.38,-375.0,-774.0,-2191.0,3383.0,381.0,-44.0,52.36486106739527,-959.9156273698125,-1363.394384344849,3367.3052622053847,399.97729294523583,-93.63346399882016,91.04028284549707,218.00117969512928,-0.0,0.0123726788996754,,,,,,,,,,0.25000000000000006,0.5,0.22158790097784697,0.23020755865053072,0.6708391284191005,0.3867141162514828,0.5802032699955811,0.6602988462265936,0.7918526785714285,0.5461254612546125
1767328444,127680176,659_1767328444-127680176.png,-1,0,0,0,-9.574142156862743e-06,0.0,79.8,220.78,-252.0,-749.0,-2218.0,3348.0,299.0,-54.0,-13.952845987657032,-926.254219715352,-1508.0729963179797,3367.872611802659,391.6723671068152,-85.66882698181023,104.10294497013086,151.49948906898487,-0.0,-0.000767923588363,,,,,,,,,,0.25000000000000006,0.5,0.21975722860441532,0.22307791593167836,0.727862772369031,0.39659944642151046,0.5762262483429077,0.6536788348780027,0.74609375,0.5092250922509225
1767328444,160893555,660_1767328444-160893555.png,0,0,0,0,0.0,0.0,76.8,208.85,-258.0,-733.0,-2177.0,3168.0,125.0,-71.0,-61.93333151025394,-889.1568913080554,-1644.1676241725982,3342.5402190797126,352.5974408673605,-81.40036395030992,131.81278717517847,154.46844887733448,-0.0,-0.000767923588363,,,,,,,,,,0.5,0.5,0.21784363378898153,0.21574544716996208,0.7250811312007417,0.4029260577303282,0.5822654293710414,0.6196330622281068,0.6489955357142857,0.4464944649446494
1767328444,194112549,661_1767328444-194112549.png,0,0,0,0,0.0,0.0,70.45,196.86,-358.0,-642.0,-2336.0,2923.0,2.0,-71.0,-110.44107495778924,-848.8623933915754,-1759.502315377743,3276.547536868793,295.2770968132049,-79.603009173493,147.78485804796213,143.82289385795582,-0.0,-0.000767923588363,,,,,,,,,,0.5,0.5,0.2137931914296467,0.20837610094590692,0.6787204450625869,0.4389086595492289,0.5588451907497423,0.5732929827879706,0.5803571428571428,0.4464944649446494
1767328444,260560059,662_1767328444-260560059.png,0,0,0,0,0.0,0.0,65.23,180.14,-390.0,-590.0,-2415.0,2654.0,-58.0,-73.0,-151.3242830504784,-811.0058839104298,-1855.3634947002824,3185.5050473701835,243.61320856061351,-78.6373730449484,88.44414108991617,156.9761595726012,-0.0,-0.000767923588363,,,,,,,,,,0.5,0.5,0.2104635364507919,0.19809958144080242,0.6638850254983772,0.4594701463028865,0.5472087199882163,0.522413466994515,0.546875,0.4391143911439114
1767328444,293783936,663_1767328444-293783936.png,0,0,0,0,0.0,0.0,54.92,159.26,-753.0,-432.0,-3242.0,2340.0,-127.0,-68.0,-226.6824516551756,-744.6572645763168,-2035.6291744232171,3050.7229853915783,186.79130070334952,-75.52385099988751,96.62778669595713,185.7832372188567,-0.0,-0.000767923588363,,,,,,,,,,0.5,0.5,0.2038871489350845,0.18526622454686814,0.49559573481687524,0.5219454329774614,0.4253940197378112,0.46302250803858525,0.5083705357142857,0.4575645756457564
1767328444,327006592,664_1767328444-327006592.png,0,0,0,0,0.0,0.0,51.47,150.21,-857.0,-459.0,-3407.0,2449.0,-188.0,-50.0,-324.0124192821282,-692.2796057878872,-2254.2219472494644,2934.578327218393,128.8246182383449,-73.12048266847579,1.5559300780295815,199.47598814964283,-0.0,-0.000767923588363,,,,,,,,,,0.5,0.5,0.20168651489733566,0.1797038739774187,0.4473806212331942,0.5112692763938316,0.4010899985270291,0.4836391148099111,0.4743303571428571,0.5239852398523985
1767328444,360229980,665_1767328444-360229980.png,0,0,0,0,0.0,0.0,50.97,141.69,-1051.0,-666.0,-3944.0,2803.0,-141.0,-51.0,-433.6792046604347,-670.6993057187051,-2502.0415473332164,2882.700686030255,78.32576317041688,-69.21538487815458,46.93691396713252,223.1732165813445,-0.0,-0.000767923588363,,,,,,,,,,0.5,0.5,0.2013675824280967,0.17446727432529607,0.3574408901251738,0.4294187425860024,0.32199145676830165,0.5505958010213733,0.5005580357142857,0.5202952029520295
1767328444,393452393,666_1767328444-393452393.png,0,0,0,0,0.0,0.0,53.48,132.04,-1163.0,-650.0,-4378.0,3231.0,-174.0,-40.0,-553.6695379473238,-667.9861741071162,-2802.8008016490444,2919.779212588796,36.50180530419409,-64.7605182578197,51.504092156887005,210.37158346176136,-0.0,-0.000767923588363,,,,,,,,,,0.5,0.5,0.20296862342367628,0.16853614913245768,0.3055169216504404,0.43574535389482005,0.25806451612903225,0.6315490826555703,0.4821428571428571,0.5608856088560885
1767328444,426675293,667_1767328444-426675293.png,0,0,0,0,0.0,0.0,58.52,128.0,-1260.0,-722.0,-4743.0,3600.0,-210.0,-51.0,-637.5910404000928,-674.4037387821265,-3033.322406663904,3000.5985366106675,7.214095131919053,-63.125584712168845,54.84339880943293,204.504735469818,-0.0,-0.000767923588363,,,,,,,,,,0.5,0.5,0.20618346271360505,0.16605306666830566,0.26054705609643014,0.4072756030051404,0.20430107526881724,0.7013429165878571,0.4620535714285714,0.5202952029520295
1767328444,459897217,668_1767328444-459897217.png,0,0,0,0,0.0,0.0,67.0,124.98,-1380.0,-697.0,-4811.0,3768.0,-206.0,-37.0,-742.8708684925058,-678.393968757633,-3291.42809150528,3108.216748165741,-24.076437619820997,-59.688929865863486,-1.8768241703510795,201.6088533401488,-0.0,-0.000767923588363,,,,,,,,,,0.5,0.5,0.21159255739189786,0.16419690106391477,0.20491423273064435,0.41716093317516806,0.19428487258801008,0.7331189710610934,0.46428571428571425,0.5719557195571956
1767328444,493119873,669_1767328444-493119873.png,0,0,0,0,0.0,0.0,93.21,121.12,-1345.0,-744.0,-4807.0,3879.0,-252.0,-46.0,-861.4371832449284,-696.34509110928,-3584.884994993524,3254.5049946196136,-68.81866755626329,-57.40826461578053,167.62237346172327,135.70009493827808,-0.0,0.009999724278995,,,,,,,,,,0.5,0.5,0.2283109974294043,0.16182445098677942,0.22114047287899852,0.398576512455516,0.1948740609809987,0.7541138641951959,0.4386160714285714,0.5387453874538745
1767328444,526341309,670_1767328444-526341309.png,0,0,0,0,0.0,0.0,109.75,119.16,-1152.0,-867.0,-4937.0,3878.0,-221.0,-61.0,-920.3263683486358,-710.8522360462231,-3771.576322810629,3345.7710008872286,-93.70761823798796,-56.65916792673163,201.6736643314361,124.61134529113755,-0.0,9.345348742287318e-05,,,,,,,,,,0.5,0.5,0.23886128351182923,0.1606197872170423,0.3106165971256374,0.3499406880189798,0.17572543820886732,0.7539247210138076,0.45591517857142855,0.48339483394833943
1767328444,559563477,671_1767328444-559563477.png,0,0,0,0,0.0,0.0,127.71,118.12,-1072.0,-930.0,-4970.0,3886.0,-185.0,-54.0,-953.1231027025772,-743.5388850182185,-3975.967418063935,3438.4729978564733,-112.44771143681606,-56.77580937012756,211.56573200225824,113.74197196960436,-0.0,9.345348742287318e-05,,,,,,,,,,0.5,0.5,0.2503173378068928,0.15998057786983483,0.34770514603616126,0.3250296559905101,0.17086463396671092,0.7554378664649141,0.47600446428571425,0.5092250922509225
1767328444,592784424,672_1767328444-592784424.png,0,0,0,0,0.0,0.0,146.7,117.38,-1219.0,-810.0,-5106.0,3864.0,-57.0,-40.0,-987.9734427850276,-756.5496948443732,-4137.495177747976,3501.3062703688784,-107.8497793597744,-54.70648275657618,231.33739900588984,95.8802111148833,-0.0,9.345348742287318e-05,,,,,,,,,,0.5,0.5,0.2624303929885886,0.15952575583432183,0.2795549374130737,0.3724792408066429,0.15083222860509649,0.7512767164743712,0.5474330357142857,0.5608856088560885
1767328444,659226807,673_1767328444-659226807.png,0,0,0,0,0.0,0.0,166.63,117.18,-1271.0,-813.0,-4827.0,3893.0,-108.0,-21.0,-1027.9374839479626,-764.7228052605473,-4245.982162699246,3557.792851940502,-106.4728965625374,-50.29832581420782,239.44194859266275,76.34912681579577,-0.0,9.345348742287318e-05,,,,,,,,,,0.5,0.5,0.2751430412124537,0.15940283095985885,0.2554473806212332,0.3712930011862396,0.19192811901605544,0.7567618687346322,0.5189732142857143,0.6309963099630996
1767328444,692448242,674_1767328444-692448242.png,0,0,0,0,0.0,0.0,209.76,118.25,-1227.0,-1027.0,-4938.0,4261.0,-183.0,-58.0,-1090.389811374896,-783.9918350022616,-4381.332830370992,3668.595820127809,-119.33467683089314,-47.98377656000517,245.7670325636863,67.99047327041613,-0.0,9.345348742287318e-05,,,,,,,,,,0.5,0.5,0.3026541560090067,0.16006047903823578,0.27584608252202125,0.2866745749308027,0.1755781411106202,0.8263665594855306,0.4771205357142857,0.49446494464944646
1767328444,725668213,675_1767328444-725668213.png,0,0,0,0,0.0,0.0,233.04,119.82,-1288.0,-975.0,-5119.0,4388.0,-95.0,-44.0,-1115.8886622794084,-814.8235994157225,-4479.12202891037,3766.724063169578,-120.68088218256396,-48.18151522145671,238.22186976671213,78.28726148605334,-0.0,9.345348742287318e-05,,,,,,,,,,0.5,0.5,0.3175036517767728,0.16102543930277008,0.24756606397774683,0.3072360616844602,0.14891736632788333,0.8503877435218461,0.5262276785714285,0.5461254612546125
1767328444,758889160,676_1767328444-758889160.png,0,0,0,0,0.0,0.0,256.72,121.69,-1337.0,-912.0,-5038.0,4452.0,-100.0,-44.0,-1145.4932213982836,-832.546354244001,-4565.368151003291,3863.372829996244,-117.377781668564,-47.57000279374312,249.1460820436477,62.6189773082732,-0.0,9.345348742287318e-05,,,,,,,,,,0.5,0.5,0.33260829351993015,0.1621747868789989,0.22484932777005096,0.33214709371293,0.16084843128590365,0.862492907130698,0.5234375,0.5461254612546125
1767328444,792108887,677_1767328444-792108887.png,0,0,0,0,0.0,0.0,279.79,124.38,-1246.0,-939.0,-5165.0,4529.0,-80.0,-53.0,-1162.687506020002,-847.3737615881037,-4649.575994312345,3958.603372536535,-112.46015572161176,-48.1172393900128,273.56012690067286,47.37984538078296,-0.0,9.345348742287318e-05,,,,,,,,,,0.5,0.5,0.3473238376506159,0.16382812644052586,0.26703755215577185,0.3214709371293001,0.14214169980851377,0.8770569320975979,0.5345982142857143,0.5129151291512914
1767328444,825329590,678_1767328444-825329590.png,0,0,0,0,0.0,0.0,294.59,127.32,-1178.0,-1011.0,-5386.0,4580.0,-38.0,-76.0,-1166.7919682408408,-869.3279127727141,-4751.210297588342,4048.078699602228,-102.72296169248165,-51.564010732353225,274.7850112318992,63.30060577392566,-0.0,9.345348742287318e-05,,,,,,,,,,0.5,0.5,0.35676423874008917,0.16563512209513154,0.2985628187297171,0.2930011862396204,0.1095890410958904,0.8867032343484018,0.5580357142857143,0.4280442804428044
1767328444,858548828,679_1767328444-858548828.png,0,0,0,0,0.0,0.0,321.5,134.31,-1404.0,-1000.0,-5403.0,4410.0,-17.0,-58.0,-1186.815346386575,-909.3380541774426,-4845.430656549028,4124.510281941476,-99.9522499815278,-56.785260179462846,276.20731091499323,67.789581298828,-0.0,9.345348742287318e-05,,,,,,,,,,0.5,0.5,0.3739291842345302,0.16993134645761243,0.19378766805748726,0.2973507315144326,0.10708499042568864,0.8545488935123889,0.5697544642857143,0.49446494464944646
1767328444,891768799,680_1767328444-891768799.png,0,0,0,0,0.0,0.0,332.98,136.43,-1406.0,-923.0,-5344.0,4384.0,-42.0,-41.0,-1218.699396206673,-917.8777097642115,-4923.354825771605,4164.667420829958,-89.35327597713689,-55.921068003502256,281.7003930807113,59.5606048107146,-0.0,9.345348742287318e-05,,,,,,,,,,0.5,0.5,0.3812518737282568,0.1712343501269199,0.1928604543347241,0.3277975484381178,0.11577551922227136,0.8496311707962929,0.5558035714285714,0.5571955719557196
1767328444,958207520,681_1767328444-958207520.png,0,0,0,0,0.0,0.0,343.32,138.16,-1323.0,-833.0,-5314.0,4327.0,-38.0,-35.0,-1243.5562268193778,-910.617590864358,-4993.334152086865,4197.413003045201,-80.80783238088543,-52.7994384989912,294.79084920883173,51.51460909843433,-0.0,-0.0157985040181253,,,,,,,,,,0.5,0.5,0.3878473971921186,0.17229765029102462,0.23133982382939267,0.36338473705021745,0.12019443216968628,0.8388500094571592,0.5580357142857143,0.5793357933579335
1767328444,991425781,682_1767328444-991425781.png,0,0,0,0,0.0,0.0,352.21,140.22,-1386.0,-889.0,-5183.0,4271.0,-175.0,-67.0,-1266.4986589201874,-905.393530721754,-5029.592830829094,4211.618235455551,-93.44506183072475,-54.40313983615869,297.54946899414057,48.92078137397754,-0.0,-0.0443208703359477,,,,,,,,,,0.5,0.5,0.3935180164951873,0.17356377649799323,0.20213259156235508,0.34124159746935545,0.13949035204006488,0.8282579912994138,0.4815848214285714,0.46125461254612543
1767328445,24645020,683_1767328445-24645020.png,0,0,0,0,0.0,0.0,367.35,144.52,-1410.0,-901.0,-5247.0,4116.0,-188.0,-38.0,-1294.2763480884184,-895.7720350923915,-5053.0985654830765,4207.534748413837,-110.150826245454,-54.07638645915284,292.9512498378753,48.26580476760852,-0.0,-0.0501490610851995,,,,,,,,,,0.5,0.5,0.40317529166374316,0.17620666129894713,0.19100602688919788,0.3364966389877422,0.13006333775224632,0.7989407981842256,0.4743303571428571,0.5682656826568265
1767328445,57863037,684_1767328445-57863037.png,0,0,0,0,0.0,0.0,374.33,146.21,-1170.0,-1014.0,-5241.0,4140.0,-192.0,-35.0,-1295.5340101162735,-907.0370419389318,-5091.057395892379,4191.531328117859,-125.97088782574014,-50.61268299153795,293.9383265972137,57.24418568611133,-0.0,-0.069801700181117,,,,,,,,,,0.5,0.5,0.40762758893431905,0.17724537648815925,0.30227167362076957,0.2918149466192171,0.13094712034172928,0.803480234537545,0.47209821428571425,0.5793357933579335
1767328445,91082031,685_1767328445-91082031.png,0,0,0,0,0.0,0.0,381.96,147.77,-1064.0,-1016.0,-5353.0,4196.0,-120.0,-46.0,-1264.581469854816,-922.9171271405912,-5126.29237376523,4190.6488412341605,-127.07254322632994,-49.636402767439975,306.3074374198913,47.56468892097461,-0.0,-0.012990709500998,,,,,,,,,,0.5,0.5,0.4124944984149056,0.17820419050897043,0.3514140009272137,0.29102412020561486,0.11444984533804692,0.8140722526952904,0.5122767857142857,0.5387453874538745
1767328445,157517822,686_1767328445-157517822.png,0,0,0,0,0.0,0.0,390.19,149.93,-1005.0,-1018.0,-5339.0,4287.0,-123.0,-56.0,-1228.238080316657,-936.7673633164756,-5157.783124155994,4202.243421131363,-126.3946816894954,-50.292742280100605,295.04099524021143,50.70659923553455,-0.0,-0.0487374907517764,,,,,,,,,,0.5,0.5,0.417744126858579,0.17953177915317053,0.378766805748725,0.2902332937920126,0.1165120047135072,0.8312842822016268,0.5106026785714286,0.5018450184501845
1767328445,190750732,687_1767328445-190750732.png,0,0,0,0,0.0,0.0,409.88,154.24,-1089.0,-1129.0,-5122.0,4446.0,-174.0,-67.0,-1189.2695824316847,-969.0927917887196,-5152.844380814712,4247.681049021739,-143.28625290811186,-53.71289324759081,304.191976070404,41.86420011520374,-0.0,-0.0462095839593956,,,,,,,,,,0.5,0.5,0.4303036874972094,0.18218081019784757,0.33982382939267497,0.24634242783708976,0.14847547503314185,0.8613580480423682,0.4821428571428571,0.46125461254612543
1767328445,223994873,688_1767328445-223994873.png,0,0,0,0,0.0,0.0,421.32,155.83,-1155.0,-1230.0,-5214.0,4451.0,-125.0,-64.0,-1182.4476578667757,-1004.4780645072294,-5159.264472226123,4277.277641690547,-141.95603228763332,-55.29958391160692,305.7071388959884,42.77810096740711,-0.0,-0.0436862293664072,,,,,,,,,,0.5,0.5,0.43760086239339685,0.1831580629498282,0.30922577654149275,0.20640569395017794,0.13492414199440272,0.8623037639493097,0.5094866071428571,0.4723247232472324
1767328445,257237793,689_1767328445-257237793.png,0,0,0,0,0.0,0.0,433.77,157.12,-1140.0,-1258.0,-5444.0,4510.0,-71.0,-82.0,-1176.6514616713298,-1040.7855788524307,-5194.596170911874,4309.69310567123,-133.06042916462036,-59.20430155543939,310.7486334443092,40.71000266075122,-0.0,-0.0593870238838765,,,,,,,,,,0.5,0.5,0.445542280877447,0.18395092839011437,0.31617987946221604,0.19533412415974694,0.10104580939755492,0.8734632116512201,0.5396205357142857,0.40590405904059035
1767328445,290481689,690_1767328445-290481689.png,0,0,0,0,0.0,0.0,460.33,159.52,-1044.0,-1331.0,-5480.0,4549.0,-72.0,-104.0,-1157.252269495693,-1083.227066168509,-5236.3341484538105,4344.689783231717,-124.13084041552514,-64.83438557380117,314.3618538975715,38.302737951278566,-0.0,-0.0183993908795782,,,,,,,,,,0.5,0.5,0.46248397364342075,0.18542602688367005,0.3606861381548446,0.16646896006326606,0.09574311386065693,0.8808397957253642,0.5390625,0.3247232472324723
1767328445,323724609,691_1767328445-323724609.png,0,0,0,0,0.0,0.0,473.38,162.18,-1169.0,-1087.0,-5273.0,4532.0,58.0,-90.0,-1131.342655481563,-1089.649696920388,-5253.092624322579,4377.953241655039,-106.93513152929746,-70.1262623939059,316.819934785366,30.50076436996448,-0.0,-0.0183993908795782,,,,,,,,,,0.5,0.5,0.4708081110905577,0.18706092771402755,0.30273528048215104,0.26294978252273626,0.12623361319782,0.8776243616417629,0.6116071428571428,0.37638376383763833
1767328445,356968750,692_1767328445-356968750.png,0,0,0,0,0.0,0.0,485.75,163.88,-1366.0,-1276.0,-5276.0,4542.0,20.0,-78.0,-1142.9817000155567,-1095.145152219552,-5256.097295510021,4400.792588408193,-83.99753218482351,-72.29721907912577,319.79765963554377,19.989614963531373,-0.0,-0.0183993908795782,,,,,,,,,,0.5,0.5,0.47869850037952966,0.1881057891469628,0.21140472878998606,0.18821668643732703,0.12579172190307852,0.879515793455646,0.5904017857142857,0.4206642066420664
1767328445,390211670,693_1767328445-390211670.png,0,0,0,0,0.0,0.0,496.84,166.09,-1343.0,-1214.0,-5371.0,4527.0,24.0,-53.0,-1179.441362373275,-1120.7886279032246,-5268.134665713347,4423.838006973113,-65.6630249595927,-71.02016073055904,321.8073998689651,17.92796468734729,-0.0,-0.0183993908795782,,,,,,,,,,0.5,0.5,0.48577242254724984,0.18946410900977867,0.22206768660176168,0.2127323052589956,0.11179849756959792,0.8766786457348213,0.5926339285714285,0.5129151291512914
1767328445,423455566,694_1767328445-423455566.png,0,0,0,0,0.0,0.0,506.29,167.73,-1194.0,-1055.0,-5530.0,4447.0,8.0,-51.0,-1189.875421321894,-1120.0299369244824,-5297.567972564189,4431.684307310222,-53.99859994051744,-68.14723275365998,322.2804174423217,26.68739914894092,-0.0,-0.0183993908795782,,,,,,,,,,0.5,0.5,0.49180024621586627,0.190472092980375,0.29114510894761236,0.27560300514037167,0.08837825894829876,0.8615471912237564,0.5837053571428571,0.5202952029520295
1767328445,456698730,695_1767328445-456698730.png,0,0,0,0,0.0,0.0,514.02,169.76,-1251.0,-936.0,-5522.0,4323.0,-32.0,-35.0,-1197.250969329213,-1096.3810490893356,-5330.608750067292,4419.191244332218,-49.68434617826466,-63.73857618091378,324.5197829008102,25.467145204543947,-0.0,-0.0183993908795782,,,,,,,,,,0.5,0.5,0.4967309421903006,0.1917197804561742,0.26471951784886416,0.3226571767497034,0.08955663573427608,0.838093436731606,0.5613839285714285,0.5793357933579335
1767328445,489942627,696_1767328445-489942627.png,0,0,0,0,0.0,0.0,520.02,173.12,-1079.0,-834.0,-5540.0,4204.0,-61.0,-33.0,-1188.0704319799709,-1068.0942561642912,-5354.977656501023,4396.99249508695,-50.207817458329096,-60.14304164770802,322.2108025550842,22.810556650161622,-0.0,-0.0183993908795782,,,,,,,,,,0.5,0.5,0.5005581318211683,0.1937849183471521,0.34445989800649046,0.36298932384341637,0.08690528796582708,0.815585398146397,0.5452008928571428,0.5867158671586715
1767328445,556429688,697_1767328445-556429688.png,0,0,0,0,0.0,0.0,522.97,179.98,-1062.0,-772.0,-5473.0,3961.0,-98.0,-28.0,-1166.7351476656816,-1018.5719065319684,-5377.154372868397,4328.103438277303,-57.48383258087286,-54.72106632202067,321.66765058040613,22.229660749435304,-0.0,-0.0183993908795782,,,,,,,,,,0.5,0.5,0.5024398333896781,0.19800124154123205,0.35234121464997675,0.387504942665085,0.09677419354838712,0.7696236050690374,0.5245535714285714,0.6051660516605165
1767328445,589672607,698_1767328445-589672607.png,0,0,0,0,0.0,0.0,515.7,182.4,-1202.0,-440.0,-5097.0,3281.0,-269.0,-18.0,-1153.9343887827902,-959.9765057952492,-5356.444342698284,4215.838977776543,-73.79672596633812,-50.04160106506544,308.08989024162287,35.38349962234485,-0.0,-0.0183993908795782,,,,,,,,,,0.5,0.5,0.4978025552869436,0.19948863252223403,0.28743625405656004,0.5187821273230526,0.15215790248932104,0.6410062417249859,0.4291294642857143,0.6420664206642066
1767328445,622916748,699_1767328445-622916748.png,0,0,0,0,0.0,0.0,501.31,184.65,-1112.0,-346.0,-5149.0,2883.0,-329.0,-1.0,-1156.725308116713,-864.3552209702272,-5314.794870885526,4029.892087505144,-111.20815294034546,-43.46244490411021,308.08989024162287,35.38349962234485,-0.0,-0.0183993908795782,,,,,,,,,,0.5,0.5,0.4886236788222462,0.20087153735994245,0.32916087158089935,0.5559509687623566,0.1444984533804684,0.5657272555324382,0.3956473214285714,0.7047970479704797
1767328445,656159912,700_1767328445-656159912.png,0,0,0,0,0.0,0.0,479.33,187.75,-1190.0,-267.0,-4859.0,2498.0,-498.0,-1.0,-1158.2634785530645,-765.3886157389727,-5251.686899846191,3785.947032758344,-168.92564305679062,-36.12423265035026,297.3019205331802,57.06679320335376,-0.0,-0.0183993908795782,,,,,,,,,,0.5,0.5,0.47460340747450136,0.2027768729141185,0.2929995363931386,0.5871886120996441,0.18721461187214616,0.49290713069793834,0.3013392857142857,0.7047970479704797
1767328445,689403809,701_1767328445-689403809.png,0,0,0,0,0.0,0.0,417.39,189.67,-1420.0,-35.0,-4629.0,1829.0,-554.0,-10.0,-1183.109422102954,-654.0794695902803,-5162.390693733826,3500.297476760649,-235.8265144420433,-31.715706494662108,282.8161794543266,69.74949598312365,-0.0,-0.030904878157158,,,,,,,,,,0.5,0.5,0.4350940531851786,0.20395695170896305,0.18636995827538239,0.678924476077501,0.22109294446899397,0.36637034234915833,0.2700892857142857,0.6715867158671587
1767328445,722646973,702_1767328445-722646973.png,0,0,0,0,0.0,0.0,379.57,188.31,-1310.0,100.0,-4560.0,1597.0,-507.0,-6.0,-1214.3287929204505,-559.3420481461465,-5082.238919594671,3248.662478284757,-280.89383016026306,-28.415454974577045,248.031984090805,67.45772266387927,-0.0,-0.030904878157158,,,,,,,,,,0.5,0.5,0.4109700012119434,0.20312106256261483,0.2373667130273528,0.7323052589956505,0.23125644424804837,0.32248912426707016,0.29631696428571425,0.6863468634686346
1767328445,789134033,703_1767328445-789134033.png,0,0,0,0,0.0,0.0,359.07,185.21,-1231.0,126.0,-4382.0,1395.0,-533.0,-4.0,-1226.3260199529952,-408.883278304027,-4944.364454643937,2855.4988940293742,-334.51999559040706,-23.167747138205748,252.1844601631164,47.984527349471925,-0.0,-0.030904878157158,,,,,,,,,,0.5,0.5,0.3978937699731459,0.20121572700843876,0.27399165507649503,0.7425860023724792,0.25747532773604365,0.28428220162663137,0.2818080357142857,0.6937269372693726
1767328445,822378174,704_1767328445-822378174.png,0,0,0,0,0.0,0.0,359.07,179.72,-1356.0,142.0,-4243.0,1260.0,-636.0,10.0,-1241.733022509489,-343.43097959241766,-4861.032980266303,2665.932293773232,-370.3398508689036,-19.22697532904064,255.76326280832285,71.43386483192431,-0.0,-0.030904878157158,,,,,,,,,,0.5,0.5,0.3978937699731459,0.1978414392044302,0.21604079740380155,0.7489126136812969,0.27794962439239945,0.2587478721392094,0.22433035714285715,0.7453874538745386
1767328445,855621338,705_1767328445-855621338.png,0,0,0,0,0.0,0.0,316.41,173.98,-1369.0,132.0,-4095.0,1190.0,-695.0,26.0,-1263.3813884609935,-261.0029019046172,-4732.582876611261,2412.7270297237355,-424.8785830110408,-11.836201719646754,240.16667073965067,88.67962384223925,-0.0,-0.030904878157158,,,,,,,,,,0.5,0.5,0.37068245169767755,0.19431349530734288,0.21001390820584143,0.7449584816132859,0.2997495949329798,0.2455078494420276,0.19140625,0.8044280442804428
1767328445,888865479,706_1767328445-888865479.png,0,0,0,0,0.0,0.0,244.71,165.74,-1410.0,-121.0,-4144.0,1251.0,-610.0,-2.0,-1279.5278676364592,-224.1822777158436,-4628.89483105925,2232.588702089646,-465.18931364581937,-9.822162112984834,217.35571646690363,94.5904617309569,-0.0,-0.030904878157158,,,,,,,,,,0.5,0.5,0.3249475356088102,0.18924899047946847,0.19100602688919788,0.6449189402926058,0.29253203711886877,0.2570455835067146,0.2388392857142857,0.7011070110701106
1767328445,922108643,707_1767328445-922108643.png,1,0,0,0,9.574142156862743e-06,0.0,225.07,161.71,-1410.0,-41.0,-4182.0,1400.0,-551.0,-1.0,-1305.4349417252924,-196.45368944430797,-4536.051294593953,2051.1655360523155,-488.6037891712023,-8.178458253905951,213.9839401841163,98.94775414466844,-0.0,-0.030904878157158,,,,,,,,,,0.75,0.5,0.3124198682171037,0.1867720542590396,0.19100602688919788,0.6765519968366943,0.28693474738547653,0.2852279175335729,0.27176339285714285,0.7047970479704797
1767328445,955352783,708_1767328445-955352783.png,1,0,0,0,9.574142156862743e-06,0.0,217.65,158.94,-1366.0,-64.0,-4333.0,1595.0,-507.0,13.0,-1315.4989386650664,-176.45256531551271,-4502.215005096518,1979.106505182296,-492.50093679683,-5.465280221740839,206.63528358936304,104.04055190086352,-0.0,-0.030904878157158,,,,,,,,,,0.75,0.5,0.3076869103735975,0.1850695447477274,0.21140472878998606,0.6674574930802689,0.2646928855501547,0.32211083790429357,0.29631696428571425,0.7564575645756457
1767328445,988595947,709_1767328445-988595947.png,0,0,-50,0,0.0,0.0,219.14,156.62,-1408.0,-107.0,-4515.0,1828.0,-499.0,-9.0,-1327.8744677008813,-165.1162715617655,-4499.092726830495,1950.61758309348,-493.670799337606,-5.378778034365764,208.40396928787223,115.67337203025804,-0.0,-0.030904878157158,,,,,,,,,,0.5,0.5,0.30863732913192965,0.18364361620395692,0.19193324061196104,0.6504547251878212,0.2378848136691708,0.36618119916777003,0.30078125,0.6752767527675276
1767328446,21840088,710_1767328446-21840088.png,0,0,0,0,0.0,0.0,229.88,156.0,-1344.0,-245.0,-4672.0,2092.0,-435.0,-13.0,-1331.9881163008913,-173.01348684585037,-4520.072734602181,1964.0524933090849,-486.84609570860994,-6.383605631972646,211.3810447454452,117.65048146247852,-0.0,-0.030904878157158,,,,,,,,,,0.5,0.5,0.3154879985711826,0.18326254909312173,0.2216040797403801,0.5958877026492685,0.2147591692443659,0.4161149990542841,0.3364955357142857,0.6605166051660516
1767328446,55083008,711_1767328446-55083008.png,0,0,0,0,0.0,0.0,250.76,156.04,-1212.0,-372.0,-4746.0,2350.0,-346.0,-7.0,-1317.7319238563732,-196.6557450364486,-4546.915914354234,2009.908217179856,-470.1116964415548,-6.45684152401948,232.93659323453895,103.32553696632372,-0.0,-0.0794340861182789,,,,,,,,,,0.5,0.5,0.32880661848660164,0.1832871340680143,0.28280018544274454,0.5456702253855279,0.20385918397407576,0.4649139398524683,0.3861607142857143,0.6826568265682657
1767328446,88327393,712_1767328446-88327393.png,0,0,0,0,0.0,0.0,280.93,156.89,-1132.0,-475.0,-4885.0,2608.0,-260.0,2.0,-1292.7644244950693,-234.5361864230266,-4592.545393280425,2090.2977104496536,-441.7434253289786,-5.466953683155913,252.66501069068903,77.31432533264147,-0.0,-0.0794340861182789,,,,,,,,,,0.5,0.5,0.3480510036804807,0.18380956478448193,0.31988873435326837,0.5049426650850138,0.18338488731771985,0.5137128806506526,0.4341517857142857,0.7158671586715867
1767328446,121570557,713_1767328446-121570557.png,0,0,0,0,0.0,0.0,319.78,164.03,-1152.0,-609.0,-4941.0,2819.0,-238.0,9.0,-1272.1787778096325,-289.29845885392035,-4643.504031768613,2196.864464978444,-411.9476144673357,-3.3512799381432843,265.36570137739176,59.22702670097339,-0.0,-0.0794340861182789,,,,,,,,,,0.5,0.5,0.3728320565403481,0.18819798280281003,0.3106165971256374,0.45195729537366547,0.1751362498158786,0.5536220919235862,0.4464285714285714,0.7416974169741697
1767328446,154814697,714_1767328446-154814697.png,0,0,0,0,0.0,0.0,400.13,167.6,-1137.0,-646.0,-4899.0,3107.0,-194.0,-7.0,-1256.84795072263,-349.3809331640365,-4688.661745122114,2345.22837184195,-377.40555905061177,-3.981839067014005,276.79358255863184,47.26979899406421,-0.0,-0.0794340861182789,,,,,,,,,,0.5,0.5,0.4240845043470496,0.1903921918119741,0.3175707000463607,0.4373270067220245,0.18132272794225957,0.6080953281634198,0.47098214285714285,0.6826568265682657
1767328446,188071045,715_1767328446-188071045.png,0,0,0,0,0.0,0.0,435.29,171.53,-1057.0,-671.0,-5012.0,3165.0,-119.0,-9.0,-1228.8959460658266,-402.9042032603831,-4735.238592811289,2482.124315030187,-338.92226789012176,-4.68443460849972,276.79358255863184,47.26979899406421,-0.0,-0.0794340861182789,,,,,,,,,,0.5,0.5,0.4465118355839335,0.19280766559517148,0.3546592489568845,0.42744167655199683,0.16467815584032997,0.6190656326839419,0.5128348214285714,0.6752767527675276
1767328446,221336914,716_1767328446-221336914.png,0,0,0,0,0.0,0.0,464.83,175.16,-970.0,-728.0,-5043.0,3162.0,-86.0,-2.0,-1193.4208055924912,-448.8833846049667,-4779.395901247217,2581.6328630472344,-302.8395923190835,-4.483857188824171,310.0253399610519,11.913098573684572,-0.0,-0.0794340861182789,,,,,,,,,,0.5,0.5,0.4653543658665714,0.19503875206667443,0.39499304589707923,0.40490312376433374,0.16011194579466792,0.6184982031397769,0.53125,0.7011070110701106
1767328446,287868164,717_1767328446-287868164.png,0,0,0,0,0.0,0.0,498.67,178.68,-996.0,-697.0,-4930.0,3111.0,-82.0,-8.0,-1169.2285236432722,-479.2405547773608,-4800.4886715386665,2645.9725483541883,-276.7141347273832,-4.73176409978579,312.9699457883834,6.217624902725099,-0.0,-0.0794340861182789,,,,,,,,,,0.5,0.5,0.48693971538466446,0.19720222985722274,0.382939267501159,0.41716093317516806,0.17675651789659752,0.608851900888973,0.5334821428571428,0.6789667896678966
1767328446,321133789,718_1767328446-321133789.png,0,0,0,0,0.0,0.0,519.64,183.98,-1038.0,-609.0,-4803.0,3084.0,-164.0,-7.0,-1145.4339285751792,-504.0037049891948,-4804.29765743013,2722.3884481373734,-255.0561440726083,-5.150327449783245,316.83123421669,3.65474772453296,-0.0,-0.0427246937241405,,,,,,,,,,0.5,0.5,0.5003157431445466,0.20045973903049147,0.36346777932313395,0.45195729537366547,0.1954632493739874,0.6037450349914887,0.48772321428571425,0.6826568265682657
1767328446,354400635,719_1767328446-354400635.png,0,0,0,0,0.0,0.0,536.14,185.25,-1401.0,-187.0,-4410.0,2834.0,-405.0,18.0,-1186.670853028465,-464.8314375068344,-4775.0637044973055,2767.9995779554624,-268.83667536039496,-4.443676258033633,320.36626780033106,2.703878164291261,-0.0,-0.0421495558016507,,,,,,,,,,0.5,0.5,0.5108405146294324,0.20124031198333137,0.1951784886416319,0.6188216686437327,0.25335100898512297,0.5564592396444109,0.3532366071428571,0.7749077490774907
1767328446,387666748,720_1767328446-387666748.png,0,0,0,0,0.0,0.0,537.03,187.15,-1324.0,-257.0,-4431.0,2656.0,-316.0,18.0,-1211.04595229359,-430.536121143718,-4723.576699435565,2761.541937125687,-280.694617211711,-1.1614720261938103,306.6549923419952,21.473808288574094,-0.0,-0.0283505858560776,,,,,,,,,,0.5,0.5,0.5114082144246777,0.2024080982907296,0.23087621696801108,0.5911427441676552,0.2502577699219326,0.5227917533572916,0.4029017857142857,0.7749077490774907
1767328446,420933838,721_1767328446-420933838.png,0,0,0,0,0.0,0.0,533.04,194.5,-1048.0,-391.0,-4328.0,2512.0,-358.0,13.0,-1190.2035341315882,-420.1426162740934,-4657.951702142481,2722.243722944681,-292.9381276025996,1.418737882943382,313.8868881464004,22.00326323509204,-0.0,-0.0101255905172466,,,,,,,,,,0.5,0.5,0.5088631333201508,0.20692558742724382,0.35883171070931846,0.5381573744563068,0.2654293710413905,0.4955551352373747,0.3794642857142857,0.7564575645756457
1767328446,487468262,722_1767328446-487468262.png,0,0,0,0,0.0,0.0,499.0,199.24,-1084.0,-403.0,-4399.0,2179.0,-469.0,-10.0,-1154.1117523066646,-431.9108842044004,-4612.846379236395,2625.636382122959,-319.51673447385974,-2.7039169202072846,305.36971449851984,27.732123374938844,-0.0,-0.0284079462794081,,,,,,,,,,0.5,0.5,0.48715021081436216,0.20983890695201626,0.34214186369958266,0.5334124159746936,0.2549712770658419,0.43257045583506715,0.3175223214285714,0.6715867158671587
1767328446,520735352,723_1767328446-520735352.png,0,0,0,0,0.0,0.0,464.45,201.76,-1126.0,-400.0,-4211.0,1921.0,-590.0,-14.0,-1148.8486430553642,-427.32646355397657,-4559.236180392753,2529.6656119406407,-355.75385816212724,-4.246162922965024,269.594286262989,81.98785781860339,-0.0,-0.0665852593606739,,,,,,,,,,0.5,0.5,0.4651119771899498,0.2113877603702497,0.32267037552155764,0.5345986555950969,0.28266313153630873,0.38377151503688295,0.25,0.6568265682656826
1767328446,554003662,724_1767328446-554003662.png,0,0,0,0,0.0,0.0,416.71,202.46,-1227.0,-17.0,-3997.0,1539.0,-591.0,-14.0,-1160.2776403167147,-367.3195716513785,-4477.013733884329,2384.788862406978,-390.1566838573106,-5.672581882268139,240.68254822492597,102.57484292983996,-0.0,-0.0735447310392417,,,,,,,,,,0.5,0.5,0.4346603050270136,0.2118179974308701,0.27584608252202125,0.6860419137999209,0.314184710561202,0.31151881974654816,0.24944196428571425,0.6568265682656826
1767328446,587271240,725_1767328446-587271240.png,0,0,0,0,0.0,0.0,358.37,201.71,-1287.0,173.0,-3817.0,1157.0,-582.0,-12.0,-1178.809749782174,-288.30225005794136,-4380.492119264614,2205.2347753818854,-418.2122010040762,-6.597915071175,250.5307169556617,103.04125046730027,-0.0,-0.059433783087939,,,,,,,,,,0.5,0.5,0.3974472645162114,0.21135702915163396,0.2480296708391284,0.7611704230921312,0.34069818824569165,0.23926612445621337,0.2544642857142857,0.6642066420664207
1767328446,620540039,726_1767328446-620540039.png,0,0,0,0,0.0,0.0,230.37,182.0,-1187.0,241.0,-3496.0,846.0,-714.0,15.0,-1179.4319314502263,-224.59481840624704,-4282.568797168165,2021.7681058996084,-453.295577302733,-5.856813565238858,193.27078378200525,119.9472699165343,-0.0,-0.06880635117948,,,,,,,,,,0.5,0.5,0.31580055239103677,0.1992427827733081,0.2943903569772832,0.7880585211546065,0.38798055678303145,0.18044259504444865,0.1808035714285714,0.7638376383763837
1767328446,653808105,727_1767328446-653808105.png,0,0,0,0,0.0,0.0,171.42,169.95,-1271.0,438.0,-3344.0,772.0,-834.0,14.0,-1185.887723923796,-132.05927565632834,-4137.321452501086,1814.040886049999,-505.7037604074037,-2.313696066967058,153.8253781795501,154.71963548660267,-0.0,-0.06880635117948,,,,,,,,,,0.5,0.5,0.27819841426776293,0.191836559086914,0.2554473806212332,0.8659549228944247,0.4103697157166004,0.16644599962171364,0.1138392857142857,0.7601476014760147
1767328446,687077393,728_1767328446-687077393.png,0,0,0,0,0.0,0.0,123.2,157.73,-1305.0,411.0,-3503.0,712.0,-784.0,11.0,-1206.8276161388003,-22.07396217227553,-3998.687663380008,1600.0002326478368,-564.9509205176315,0.5691772691785207,150.77076524496073,151.4201066493987,-0.0,-0.06880635117948,,,,,,,,,,0.5,0.5,0.24744056693435734,0.18432584925722642,0.23968474733426048,0.8552787663107948,0.38694947709530125,0.155097408738415,0.1417410714285714,0.7490774907749077
1767328446,720345947,729_1767328446-720345947.png,0,0,0,0,0.0,0.0,88.13,144.98,-1306.0,386.0,-3421.0,675.0,-862.0,15.0,-1221.3307667923998,37.6035198118116,-3914.20556376191,1464.7265081855708,-608.3919207589429,2.679567157692372,66.03658950328821,181.4480113983153,-0.0,-0.06880635117948,,,,,,,,,,0.5,0.5,0.22507064354193645,0.17648938851021195,0.2392211404728789,0.8453934361407671,0.3990278391515687,0.14809911102704748,0.0982142857142857,0.7638376383763837
1767328446,753615723,730_1767328446-753615723.png,0,0,0,0,0.0,0.0,55.15,117.69,-1222.0,250.0,-3486.0,541.0,-765.0,18.0,-1217.4791070143465,68.7832397406289,-3832.9783857309694,1308.2084767476958,-638.290181059102,5.327191152735718,53.71488434076304,160.5788891315459,-0.0,-0.06880635117948,,,,,,,,,,0.5,0.5,0.20403385787093442,0.15971628938973945,0.27816411682892905,0.7916172400158166,0.389453527765503,0.12275392472101382,0.15234375,0.7749077490774907
1767328446,786884766,731_1767328446-786884766.png,0,0,0,0,0.0,0.0,46.5,112.84,-1326.0,202.0,-3718.0,566.0,-697.0,2.0,-1221.3774305034904,93.7906269332818,-3789.457033672756,1196.7886752630711,-654.7038389577582,6.682458210916351,83.99891883134836,116.55832839012132,-0.0,-0.06880635117948,,,,,,,,,,0.5,0.5,0.19851632615310036,0.15673536118401238,0.22994900324524803,0.7726374060893634,0.35528060097216085,0.12748250425572158,0.19029017857142855,0.7158671586715867
1767328446,820155029,732_1767328446-820155029.png,0,0,0,0,0.0,0.0,43.51,109.95,-1341.0,314.0,-3681.0,573.0,-740.0,-7.0,-1240.3772083805306,119.35486850401524,-3774.840547638001,1088.206959266202,-664.6485517727288,5.3216907791644505,88.73545861244196,111.50579500198351,-0.0,-0.06880635117948,,,,,,,,,,0.5,0.5,0.19660910998705136,0.15495909674802244,0.22299490032452474,0.8169236852510874,0.36073059360730597,0.12880650652543976,0.16629464285714285,0.6826568265682657
1767328446,886695313,733_1767328446-886695313.png,0,0,0,0,0.0,0.0,42.56,109.41,-1378.0,380.0,-3720.0,607.0,-776.0,-13.0,-1264.7533713790529,165.84607515884085,-3760.840910536098,989.9450370766332,-683.8879212877084,2.162165823257852,38.67267873883242,120.43517088890064,-0.0,-0.06880635117948,,,,,,,,,,0.5,0.5,0.19600313829549731,0.1546271995869724,0.20584144645340752,0.8430209568999605,0.3549860067756666,0.13523737469264233,0.14620535714285715,0.6605166051660516
1767328446,919965332,734_1767328446-919965332.png,0,0,0,0,0.0,0.0,41.62,109.09,-1411.0,461.0,-3500.0,587.0,-853.0,3.0,-1289.1502407326925,214.70100070838285,-3721.6097241696766,920.8409692096424,-711.0670315377602,1.88176222480926,54.149587750434826,120.9965794086455,-0.0,-0.06880635117948,,,,,,,,,,0.5,0.5,0.19540354525332806,0.15443051978783165,0.1905424200278164,0.8750494266508502,0.38739136839004273,0.13145451106487613,0.10323660714285715,0.7195571955719556
1767328446,953236572,735_1767328446-953236572.png,0,0,0,0,0.0,0.0,40.84,109.96,-1391.0,386.0,-3524.0,575.0,-807.0,11.0,-1304.04493565859,239.752079414066,-3692.710916974921,870.2645538473348,-725.0964441633771,3.215229980651629,19.76632738113398,153.74555301666248,-0.0,-0.06880635117948,,,,,,,,,,0.5,0.5,0.1949060106013153,0.15496524299174558,0.1998145572554474,0.8453934361407671,0.3838562380321108,0.12918479288821638,0.12890625,0.7490774907749077
1767328446,986507080,736_1767328446-986507080.png,0,0,0,0,0.0,0.0,40.45,110.04,-1441.0,340.0,-3737.0,628.0,-765.0,-4.0,-1324.0734945535426,254.41251852383607,-3699.1878334149,834.8353427537251,-730.932013092756,2.160061562433357,18.19077104330058,155.25983715057362,-0.0,-0.06880635117948,,,,,,,,,,0.5,0.5,0.1946572432753089,0.1550144129415308,0.17663421418636993,0.8272044286279161,0.35248195610546473,0.13920938150179687,0.15234375,0.6937269372693726
1767328447,19779053,737_1767328447-19779053.png,0,0,0,0,0.0,0.0,40.01,110.82,-1400.0,171.0,-3846.0,614.0,-827.0,6.0,-1339.0368168981938,254.7331957340322,-3723.9926429658913,798.3716233660324,-743.2834550081141,2.256907195923791,-1.8906562328339132,138.0907380580901,-0.0,-0.020406310836796,,,,,,,,,,0.5,0.5,0.19437658270237862,0.15549381995193634,0.19564209550301337,0.7603795966785291,0.33642657239652385,0.1365613769623605,0.1177455357142857,0.7306273062730627
1767328447,53050049,738_1767328447-53050049.png,0,0,0,0,0.0,0.0,39.76,110.93,-1383.0,192.0,-3839.0,556.0,-790.0,8.0,-1347.423029808916,243.14156148053468,-3741.6173347228455,769.6034299317585,-754.374626559423,2.8665573865052445,7.196424365043589,133.8241479396819,-0.0,-0.0296344008213856,,,,,,,,,,0.5,0.5,0.19421711646775913,0.155561428632891,0.20352341214649972,0.7686832740213523,0.33745765208425393,0.12559107244183848,0.13839285714285715,0.7380073800738007
1767328447,86322266,739_1767328447-86322266.png,0,0,0,0,0.0,0.0,39.63,111.23,-1457.0,213.0,-3857.0,590.0,-805.0,2.0,-1361.1846125424554,234.887264510994,-3762.5830975110375,730.2665959777116,-762.8061006245954,3.342852151980609,-2.2313925325871025,137.26567673683155,-0.0,-0.0459457389038447,,,,,,,,,,0.5,0.5,0.194134194025757,0.15574581594458545,0.16921650440426517,0.7769869513641756,0.33480630431580505,0.13202194060904104,0.1300223214285714,0.7158671586715867
1767328447,119593750,740_1767328447-119593750.png,0,0,0,0,0.0,0.0,39.54,111.35,-1382.0,295.0,-3742.0,579.0,-790.0,11.0,-1368.8320922886076,240.84747980497917,-3765.2363611463215,704.7192629461852,-768.3157032244017,4.180105435894019,7.657233357429453,142.00497913360584,-0.0,-0.0530211773321473,,,,,,,,,,0.5,0.5,0.19407678618129398,0.15581957086926324,0.2039870190078813,0.8094108343218663,0.3517454706142289,0.12994136561376962,0.13839285714285715,0.7490774907749077
1767328447,152866455,741_1767328447-152866455.png,0,0,0,0,0.0,0.0,39.4,111.43,-1551.0,444.0,-3963.0,472.0,-670.0,33.0,-1395.8225932142236,271.9959625680048,-3793.5401777922234,667.3450210114968,-754.5140887820734,8.576016133613615,48.58338397741313,112.00530242919908,-0.0,-0.0591553609397967,,,,,,,,,,0.5,0.5,0.19398748508990707,0.15586874081904842,0.12563745943439963,0.8683274021352313,0.31919281190160553,0.10970304520522037,0.20535714285714285,0.8302583025830258
1767328447,186145508,742_1767328447-186145508.png,0,0,0,0,0.0,0.0,39.36,111.43,-1480.0,428.0,-4051.0,498.0,-647.0,26.0,-1408.1328510169612,294.81027809976223,-3831.191572700248,642.5796956603979,-738.7910319563624,11.124131376600673,49.24459552764888,111.43357706069932,-0.0,-0.0591553609397967,,,,,,,,,,0.5,0.5,0.19396197049236796,0.15586874081904842,0.15855354659248955,0.8620007908264136,0.3062306672558551,0.11462076792131645,0.2181919642857143,0.8044280442804428
1767328447,219430176,743_1767328447-219430176.png,0,0,0,0,0.0,0.0,39.35,111.18,-1441.0,321.0,-3956.0,538.0,-697.0,3.0,-1412.9394029490238,298.64031089222414,-3849.443785196224,627.2857698474103,-732.6794350698663,9.93604355721962,60.81339490413661,124.73156523704516,-0.0,-0.0591553609397967,,,,,,,,,,0.5,0.5,0.1939555918429832,0.1557150847259697,0.17663421418636993,0.8196915776986952,0.32022389158933573,0.12218649517684887,0.19029017857142855,0.7195571955719556
1767328447,252714355,744_1767328447-252714355.png,0,0,0,0,0.0,0.0,39.21,110.8,-1329.0,184.0,-3726.0,549.0,-727.0,16.0,-1390.6403479821863,273.0192888090541,-3852.0562347841055,618.5741481166049,-725.1802041300892,8.71695868535233,61.615005135536144,123.95106697082508,-0.0,-0.0591553609397967,,,,,,,,,,0.5,0.5,0.19386629075159628,0.15548152746449007,0.2285581826611034,0.7655199683669435,0.35410222418618353,0.1242670701721203,0.17354910714285715,0.7675276752767527
1767328447,285999756,745_1767328447-285999756.png,0,0,0,0,0.0,0.0,39.18,111.18,-1372.0,265.0,-3789.0,602.0,-793.0,24.0,-1382.6231142851634,262.5993358820453,-3834.132562952792,609.798668486233,-729.5394775508257,10.46586527198034,73.5851291418075,138.2843222618102,-0.0,-0.0591553609397967,,,,,,,,,,0.5,0.5,0.19384715480344195,0.1557150847259697,0.2086230876216968,0.7975484381178332,0.3448225069966122,0.1342916587857008,0.13671875,0.7970479704797048
1767328447,319284668,746_1767328447-319284668.png,0,0,0,0,0.0,0.0,39.25,111.63,-1407.0,377.0,-3807.0,614.0,-804.0,25.0,-1383.954894966808,273.15062758992224,-3827.961977233013,609.5369743914614,-741.5020456205016,12.89529115647959,73.5851291418075,138.2843222618102,-0.0,-0.0591553609397967,,,,,,,,,,0.5,0.5,0.1938918053491354,0.1559916656935114,0.1923968474733425,0.8418347172795572,0.3421711592281632,0.1365613769623605,0.13058035714285715,0.8007380073800737
1767328447,352571045,747_1767328447-352571045.png,0,0,0,0,0.0,0.0,39.26,112.33,-1472.0,258.0,-3639.0,678.0,-841.0,14.0,-1393.2077954090082,277.56780624391496,-3809.691833465411,615.9818938541624,-753.9904985331045,13.669964917000357,69.84839421510691,132.94549632072437,-0.0,-0.0591553609397967,,,,,,,,,,0.5,0.5,0.19389818399852016,0.1564219027541318,0.16226240148354187,0.7947805456702254,0.36691707173368693,0.1486665405712124,0.1099330357142857,0.7601476014760147
1767328447,385856934,748_1767328447-385856934.png,0,0,0,0,0.0,0.0,39.24,114.74,-1540.0,215.0,-3732.0,636.0,-871.0,3.0,-1414.9036997090147,269.0771910236934,-3791.243107028508,621.7094860303565,-772.5915794842118,12.420053365017967,60.8975561857223,136.1120524406432,-0.0,-0.0591553609397967,,,,,,,,,,0.5,0.5,0.19388542669975062,0.1579031474914106,0.1307371349095966,0.7777777777777778,0.35321844159670057,0.14072252695290335,0.0931919642857143,0.7195571955719556
1767328447,452430908,749_1767328447-452430908.png,0,0,0,0,0.0,0.0,39.22,113.8,-1656.0,311.0,-3798.0,574.0,-738.0,33.0,-1464.6238470565145,282.33679378937967,-3798.7226396844194,607.3518445597789,-777.0581624475032,14.913820605586157,-23.959809333086064,142.48241996765125,-0.0,-0.0591553609397967,,,,,,,,,,0.5,0.5,0.19387266940098105,0.15732540058143463,0.07695873898933703,0.8157374456306841,0.34349683311238777,0.12899564970682809,0.1674107142857143,0.8302583025830258
1767328447,485719238,750_1767328447-485719238.png,0,0,0,0,0.0,0.0,39.16,114.4,-1473.0,269.0,-3793.0,637.0,-767.0,31.0,-1465.8487909704068,280.38639669260243,-3797.885750398834,611.6876449934225,-775.5872383898676,17.266292877751493,-9.387569159269384,156.87213134765614,-0.0,-0.0591553609397967,,,,,,,,,,0.5,0.5,0.19383439750467238,0.15769417520482354,0.1617987946221604,0.7991300909450376,0.3442333186036235,0.14091167013429168,0.15122767857142855,0.8228782287822878
1767328447,519006592,751_1767328447-519006592.png,0,0,0,0,0.0,0.0,39.13,114.63,-1361.0,226.0,-3856.0,645.0,-741.0,22.0,-1450.5155121675111,272.43283064902334,-3806.384484464421,616.5593046679824,-770.5291374394834,17.958558858168715,-8.715058177709631,156.30341506004322,-0.0,-0.0591553609397967,,,,,,,,,,0.5,0.5,0.19381526155651804,0.15783553881045598,0.21372276309689375,0.7821273230525899,0.33495360141405217,0.14242481558539816,0.16573660714285715,0.7896678966789668
1767328447,552295654,752_1767328447-552295654.png,0,0,0,0,0.0,0.0,39.1,114.42,-1353.0,405.0,-3852.0,631.0,-723.0,-7.0,-1410.992852393518,275.9311261523787,-3812.8507014565166,615.9377199316095,-766.1409415176466,14.353756387539992,57.79592722654338,136.6109867095946,-0.0,-0.0645351252313013,,,,,,,,,,0.5,0.5,0.1937961256083637,0.15770646769226987,0.2174316179879462,0.8529062870699882,0.3355427898070409,0.1397768110459618,0.17578125,0.6826568265682657
1767328447,618874023,753_1767328447-618874023.png,0,0,0,0,0.0,0.0,39.08,114.25,-1454.0,532.0,-3784.0,577.0,-710.0,-27.0,-1410.0310131857186,319.8686239868059,-3813.5216568335018,612.8883700270086,-754.9539305677407,7.204708274828903,58.14789801836009,131.71621513366688,-0.0,-0.068347618873495,,,,,,,,,,0.5,0.5,0.19378336830959414,0.1576019815489763,0.1706073249884098,0.9031237643337288,0.34555899248784805,0.129563079250993,0.1830357142857143,0.6088560885608856
1767328447,652163330,754_1767328447-652163330.png,0,0,0,0,0.0,0.0,39.12,110.5,-1501.0,617.0,-4029.0,579.0,-769.0,-7.0,-1422.045346555706,360.99024052619535,-3838.313631410446,607.877615947969,-755.3897744316504,4.578816625351835,7.75964257121081,139.29222106933582,-0.0,-0.055586248829194,,,,,,,,,,0.5,0.5,0.19380888290713325,0.1552971401527956,0.14881780250347698,0.9367338869118229,0.30947120341729273,0.12994136561376962,0.15011160714285715,0.6826568265682657
1767328447,685454102,755_1767328447-685454102.png,0,0,0,0,0.0,0.0,39.17,114.81,-1393.0,565.0,-4084.0,545.0,-714.0,7.0,-1419.89589817957,397.6283829913997,-3879.3106878777344,597.9148645184288,-749.6985458326444,4.625191335098704,54.40077280998225,132.35958528518665,-0.0,-0.0617241074209708,,,,,,,,,,0.5,0.5,0.19384077615405715,0.15794617119747265,0.19888734353268422,0.9161724001581653,0.3013698630136986,0.12351049744656706,0.1808035714285714,0.7343173431734317
1767328447,718744385,756_1767328447-718744385.png,0,0,0,0,0.0,0.0,39.26,114.78,-1417.0,453.0,-4092.0,583.0,-717.0,29.0,-1419.4723967375296,405.7260294544825,-3910.4147615726542,595.7336874743079,-744.9166507334181,8.189807899267336,66.04516148567194,141.6638066768645,-0.0,-0.0587923341121405,,,,,,,,,,0.5,0.5,0.19389818399852016,0.1579277324663032,0.18776077885952713,0.8718861209964412,0.3001914862277213,0.1306979383393229,0.1791294642857143,0.8154981549815498
1767328447,752035889,757_1767328447-752035889.png,0,0,0,0,0.0,0.0,39.29,114.95,-1431.0,236.0,-3924.0,592.0,-822.0,2.0,-1425.8797479795935,387.12528321460906,-3915.30877276304,593.3449579011624,-748.9657166671071,9.29448540013728,70.76416766643518,149.02100944519032,-0.0,-0.062331277918262,,,,,,,,,,0.5,0.5,0.1939173199466745,0.1580322186095967,0.18127028280018542,0.786081455120601,0.324937398733245,0.13240022697181766,0.1205357142857143,0.7158671586715867
1767328447,785326904,758_1767328447-785326904.png,0,0,0,0,0.0,0.0,39.38,114.87,-1529.0,382.0,-3826.0,543.0,-873.0,13.0,-1441.35587523324,374.6985594028688,-3902.919650935862,585.8784966477547,-772.7479515145448,9.272754174264984,71.21614491939539,142.05226469039906,-0.0,-0.0615280764781655,,,,,,,,,,0.5,0.5,0.19397472779113753,0.15798304865981155,0.13583681038479367,0.8438117833135627,0.3393725143614671,0.12313221108379044,0.09207589285714285,0.7564575645756457
1767328447,851911377,759_1767328447-851911377.png,0,0,0,0,0.0,0.0,39.38,113.8,-1497.0,465.0,-3694.0,526.0,-910.0,34.0,-1449.4933737288843,387.9044071018636,-3872.3668593819057,577.1217558699101,-792.8199419134615,12.888911792913586,79.41888266801828,146.5029819011687,-0.0,-0.0464785069900629,,,,,,,,,,0.5,0.5,0.19397472779113753,0.15732540058143463,0.1506722299490032,0.8766310794780545,0.3588157313300928,0.11991677700018916,0.0714285714285714,0.8339483394833948
1767328447,885204834,760_1767328447-885204834.png,0,0,0,0,0.0,0.0,39.22,109.19,-1533.0,363.0,-3904.0,614.0,-821.0,-14.0,-1469.828261423813,400.1190956363873,-3854.939164572761,578.3090179768544,-806.3033550873427,10.6735311438891,81.74565637111658,144.13784432411182,-0.0,-0.061683454135978,,,,,,,,,,0.5,0.5,0.19387266940098105,0.15449198222506313,0.13398238293926745,0.8362989323843416,0.32788334069818825,0.1365613769623605,0.12109375,0.6568265682656826
1767328447,918497559,761_1767328447-918497559.png,0,0,0,0,0.0,0.0,39.22,109.19,-1533.0,363.0,-3904.0,614.0,-821.0,-14.0,-1473.6997152145643,397.84426725981126,-3857.945837518182,580.4963250031207,-807.2040328736571,9.161424023977707,58.55363851785655,115.50242757797228,-0.0,-0.0592967069603289,,,,,,,,,,0.5,0.5,0.19387266940098105,0.15449198222506313,0.13398238293926745,0.8362989323843416,0.32788334069818825,0.1365613769623605,0.12109375,0.6568265682656826
1767328447,951791748,762_1767328447-951791748.png,0,0,0,0,0.0,0.0,38.95,107.88,-1425.0,328.0,-3905.0,674.0,-865.0,-18.0,-1469.5400532848098,388.5901099915993,-3864.7996957734913,592.5247658561279,-814.4493685935527,5.299001567598825,72.12659335136408,121.2800061702727,-0.0,-0.0625828203466515,,,,,,,,,,0.5,0.5,0.193700445867592,0.15368682429733066,0.1840519239684747,0.8224594701463028,0.32773604359994113,0.14790996784565916,0.09654017857142855,0.6420664206642066
1767328447,985085449,763_1767328447-985085449.png,0,0,0,0,0.0,0.0,38.71,106.36,-1490.0,323.0,-3917.0,670.0,-872.0,-10.0,-1471.3485147539884,377.38792847835606,-3873.5018746619207,606.0200655425839,-824.2090459404135,2.4424836555056757,92.17568087577814,106.96050667762744,-0.0,-0.0561042855098072,,,,,,,,,,0.5,0.5,0.1935473582823573,0.15275259525141208,0.15391747797867406,0.8204824041122973,0.3259684784209751,0.14715339512010592,0.09263392857142855,0.6715867158671587
1767328448,18380615,764_1767328448-18380615.png,0,0,0,0,0.0,0.0,38.54,104.12,-1549.0,238.0,-3962.0,611.0,-848.0,-6.0,-1475.536774436472,348.7604369992053,-3892.883082342287,610.3252848396945,-825.8023858830766,1.087528685015384,66.26024031639093,104.6786203384398,-0.0,-0.0496858102004722,,,,,,,,,,0.5,0.5,0.19343892124281606,0.1513758366574268,0.1265646731571627,0.7868722815342032,0.31934010899985277,0.1359939474181956,0.1060267857142857,0.6863468634686346
1767328448,84971191,765_1767328448-84971191.png,0,0,0,0,0.0,0.0,38.57,104.0,-1487.0,250.0,-3783.0,622.0,-920.0,-8.0,-1481.0569362042445,328.52229876449496,-3880.4299298228175,612.0679191122583,-840.7394454651773,-0.6122833199064855,83.15431880950922,111.9670441150664,-0.0,-0.0507062499932746,,,,,,,,,,0.5,0.5,0.1934580571909704,0.151302081732749,0.1553082985628187,0.7916172400158166,0.3457062895860952,0.13807452241346702,0.0658482142857143,0.6789667896678966
1767328448,118266357,766_1767328448-118266357.png,0,0,0,0,0.0,0.0,38.58,104.3,-1337.0,244.0,-3899.0,569.0,-923.0,3.0,-1466.5048720426182,329.64301619200853,-3865.927920138461,611.1428016047087,-862.0399186911143,-0.9798496464088268,84.34088897705072,122.84988665580735,-0.0,-0.0466820478436605,,,,,,,,,,0.5,0.5,0.19346443584035516,0.15148646904444346,0.22484932777005096,0.7892447607750099,0.3286198261894241,0.12804993379988652,0.0641741071428571,0.7195571955719556
1767328448,151563232,767_1767328448-151563232.png,0,0,0,0,0.0,0.0,38.9,104.25,-1299.0,43.0,-3894.0,639.0,-868.0,-20.0,-1437.3507194989984,294.44614379475456,-3872.042327394876,609.110017334052,-869.1666939810798,-2.271180300376101,84.73065441846842,122.5042722225188,-0.0,-0.0685251176320103,,,,,,,,,,0.5,0.5,0.19366855262066812,0.15145573782582772,0.24246638850254976,0.7097667062079873,0.32935631168065993,0.1412899564970683,0.0948660714285714,0.6346863468634686
1767328448,184850586,768_1767328448-184850586.png,0,0,0,0,0.0,0.0,39.13,104.45,-1373.0,2.0,-3966.0,674.0,-820.0,-14.0,-1422.2336180272614,246.1207463458809,-3884.391538746319,618.4339682748799,-863.262028224524,-4.622133128288851,96.99313497543328,124.86453795433032,-0.0,-0.0604739291734245,,,,,,,,,,0.5,0.5,0.19381526155651804,0.1515786627002907,0.2081594807603152,0.6935547647291419,0.31875092060686405,0.14790996784565916,0.1216517857142857,0.6568265682656826
1767328448,218139160,769_1767328448-218139160.png,0,0,0,0,0.0,0.0,39.47,104.5,-1412.0,141.0,-3870.0,663.0,-842.0,-15.0,-1419.4286664236215,224.2602608308833,-3884.455614148996,626.4280367909963,-859.0029549633756,-6.38902533867689,96.10125917196268,125.73272943496691,-0.0,-0.0604739291734245,,,,,,,,,,0.5,0.5,0.19403213563560054,0.15160939391890643,0.19007881316643482,0.7485172004744959,0.3328914420385919,0.14582939285038773,0.109375,0.6531365313653136
1767328448,284716553,770_1767328448-284716553.png,0,0,0,0,0.0,0.0,39.66,105.36,-1441.0,408.0,-3996.0,652.0,-837.0,22.0,-1429.957659665275,239.29412828191477,-3903.165568320596,626.7382905254002,-850.8080969742387,-3.041520351535296,78.65506708621973,118.9069876670836,-0.0,-0.0604739291734245,,,,,,,,,,0.5,0.5,0.19415332997391133,0.15213797087909722,0.17663421418636993,0.8540925266903915,0.31433200765944913,0.14374881785511634,0.11216517857142855,0.7896678966789668
1767328448,318005371,771_1767328448-318005371.png,0,0,0,0,0.0,0.0,39.77,105.36,-1469.0,406.0,-4011.0,637.0,-833.0,15.0,-1434.6843757234608,272.6120407811511,-3922.9567042805857,630.3968018046937,-847.7042905115836,1.2972990904683466,86.01723104715342,122.45755982398974,-0.0,-0.0604739291734245,,,,,,,,,,0.5,0.5,0.1942234951171439,0.15213797087909722,0.1636532220676865,0.8533017002767892,0.3121225511857417,0.14091167013429168,0.1143973214285714,0.7638376383763837
1767328448,351295654,772_1767328448-351295654.png,0,0,0,0,0.0,0.0,39.77,105.31,-1469.0,383.0,-4047.0,645.0,-809.0,11.0,-1441.4982248146966,295.7345312062445,-3945.703642819585,632.8778941544881,-841.2747432794712,3.433195471805408,86.14477175474161,122.33562040328968,-0.0,-0.0604739291734245,,,,,,,,,,0.5,0.5,0.1942234951171439,0.15210723966048148,0.1636532220676865,0.8442071965203638,0.30681985564884373,0.14242481558539816,0.12779017857142855,0.7490774907749077
1767328448,384585205,773_1767328448-384585205.png,0,0,0,0,0.0,0.0,39.61,105.48,-1426.0,452.0,-4180.0,624.0,-754.0,-9.0,-1439.2317360947577,318.5870789381121,-3979.9675702707286,631.5795746889659,-828.5115253275067,1.614942244318033,90.5881757140159,123.43178558349597,-0.0,-0.0604739291734245,,,,,,,,,,0.5,0.5,0.19412143672698745,0.152211725803775,0.1835883171070931,0.8714907077896401,0.2872293415819709,0.13845280877624364,0.15848214285714285,0.6752767527675276
1767328448,417876221,774_1767328448-417876221.png,0,0,0,0,0.0,0.0,39.51,105.53,-1312.0,356.0,-4254.0,643.0,-744.0,0.0,-1420.625134491998,324.0584128863935,-4020.042573589172,633.2497185573025,-816.152405418624,1.378770139198658,90.5881757140159,123.43178558349597,-0.0,-0.0604739291734245,,,,,,,,,,0.5,0.5,0.19405765023313964,0.15224245702239075,0.23643949930458963,0.8335310399367339,0.27632935631168065,0.14204652922262154,0.1640625,0.7084870848708487
1767328448,451166748,775_1767328448-451166748.png,0,0,0,0,0.0,0.0,39.37,105.75,-1314.0,330.0,-4224.0,606.0,-716.0,15.0,-1405.0320799662336,324.9273214441501,-4049.869680360112,629.2646699165653,-801.5059346214754,3.370763686868112,89.91514521837229,124.06297612190234,-0.0,-0.0604739291734245,,,,,,,,,,0.5,0.5,0.19396834914175273,0.1523776743843,0.23551228558182657,0.8232502965599051,0.2807482692590956,0.13504823151125403,0.1796875,0.7638376383763837
1767328448,484458740,776_1767328448-484458740.png,0,0,0,0,0.0,0.0,39.18,105.95,-1482.0,421.0,-3893.0,582.0,-898.0,17.0,-1393.1126245947337,326.93621891894577,-4017.6591742992823,614.295443523069,-805.2879322763379,8.701606723892827,82.37309950590128,128.26594567298878,-0.0,-0.0604739291734245,,,,,,,,,,0.5,0.5,0.19384715480344195,0.15250059925876297,0.15762633286972638,0.8592328983788058,0.32950360877890705,0.13050879515793457,0.078125,0.7712177121771218
1767328448,517750000,777_1767328448-517750000.png,0,0,0,0,0.0,0.0,39.07,105.99,-1523.0,263.0,-4028.0,650.0,-842.0,-5.0,-1410.9865000916293,333.50903042536726,-4004.389427738436,612.8816089264088,-817.8781730584476,8.78744535614293,82.37309950590128,128.26594567298878,-0.0,-0.0604739291734245,,,,,,,,,,0.5,0.5,0.19377698966020937,0.15252518423365558,0.13861845155308294,0.7967576117042309,0.30961850051553985,0.14337053149233972,0.109375,0.6900369003690037
1767328448,551042725,778_1767328448-551042725.png,0,0,0,0,0.0,0.0,38.96,105.95,-1624.0,164.0,-3954.0,634.0,-886.0,-7.0,-1433.5573021215334,317.13048703242714,-4003.307221674519,617.3293169088247,-824.1023148589068,6.648574980410207,85.29848331212992,116.68184399604785,-0.0,-0.0558397595124817,,,,,,,,,,0.5,0.5,0.1937068245169768,0.15250059925876297,0.09179415855354656,0.7576117042309213,0.3205184857858301,0.14034424059012673,0.08482142857142855,0.6826568265682657
1767328448,584334717,779_1767328448-584334717.png,0,0,0,0,0.0,0.0,38.92,106.12,-1596.0,140.0,-3915.0,674.0,-941.0,-16.0,-1472.0284017627846,279.3944691935412,-3986.5831272248097,626.9050564357135,-845.9803745856353,2.281803861388989,99.4379682540893,141.69576025009144,-0.0,-0.05594162895646,,,,,,,,,,0.5,0.5,0.19368130991943766,0.15260508540205653,0.10477515067222987,0.7481217872676947,0.32626307261746945,0.14790996784565916,0.0541294642857143,0.6494464944649446
1767328448,617628418,780_1767328448-617628418.png,0,0,0,0,0.0,0.0,38.99,106.02,-1561.0,188.0,-3987.0,652.0,-977.0,-9.0,-1485.0397708847756,266.0287749950955,-3986.644091461289,630.5749868436163,-865.1409240448696,0.6319322471794715,89.10275506973261,115.30296850204456,-0.0,-0.0558284447059242,,,,,,,,,,0.5,0.5,0.19372596046513113,0.15254362296482504,0.12100139082058414,0.7671016211941479,0.3156576815436736,0.14374881785511634,0.0340401785714286,0.6752767527675276
1767328448,650921143,781_1767328448-650921143.png,0,0,0,0,0.0,0.0,39.18,106.6,-1532.0,47.0,-3974.0,608.0,-951.0,-1.0,-1491.907320610503,233.99760666427144,-3984.7949964188874,627.2735795117705,-877.6971122201876,0.3932754929923739,88.51531451940531,115.86151123046862,-0.0,-0.0558284447059242,,,,,,,,,,0.5,0.5,0.19384715480344195,0.15290010510076762,0.13444598980064904,0.7113483590351918,0.31757254382088673,0.13542651787403065,0.048549107142857095,0.7047970479704797
1767328448,684215576,782_1767328448-684215576.png,0,0,0,0,0.0,0.0,39.18,106.83,-1444.0,-35.0,-4070.0,532.0,-766.0,30.0,-1484.9012664936947,194.65890507200345,-3997.255531854909,613.3405971313047,-861.3623224024027,4.723016991247708,77.12431883811945,121.28459143638598,-0.0,-0.0558284447059242,,,,,,,,,,0.5,0.5,0.19384715480344195,0.15304146870640006,0.1752433936022253,0.678924476077501,0.303432022389159,0.12105163608851902,0.1517857142857143,0.8191881918819188
1767328448,750804443,783_1767328448-750804443.png,0,0,0,0,0.0,0.0,39.33,107.02,-1399.0,63.0,-4215.0,569.0,-725.0,39.0,-1461.4452591484728,162.43867267373042,-4030.36187621405,601.9669544463669,-827.1597838376138,8.926103347776685,83.74059045314783,104.23012399673448,-0.0,-0.0558284447059242,,,,,,,,,,0.5,0.5,0.19394283454421363,0.1531582473371399,0.19610570236439495,0.7176749703440095,0.2820739431433201,0.12804993379988652,0.17466517857142855,0.8523985239852399
1767328448,784099121,784_1767328448-784099121.png,0,0,0,0,0.0,0.0,39.18,106.73,-1597.0,240.0,-4250.0,623.0,-837.0,23.0,-1478.0017578769728,168.57853127417218,-4072.142832510369,603.3179613742694,-823.2536088165197,12.55782861298353,67.81124961376185,105.92853522300707,-0.0,-0.0558284447059242,,,,,,,,,,0.5,0.5,0.19384715480344195,0.15298000626916858,0.1043115438108484,0.7876631079478055,0.27691854470466937,0.1382636655948553,0.11216517857142855,0.7933579335793357
1767328448,817395020,785_1767328448-817395020.png,0,0,0,0,0.0,0.0,39.04,107.41,-1569.0,418.0,-3890.0,627.0,-920.0,15.0,-1511.109400296725,202.24769246062425,-4071.73300399971,611.1382582864946,-840.2221826972776,13.369691434412935,67.12523126602167,106.58666419982896,-0.0,-0.0558284447059242,,,,,,,,,,0.5,0.5,0.19375785371205503,0.1533979508423427,0.1172925359295317,0.8580466587584026,0.32994550007364853,0.13902023832040855,0.0658482142857143,0.7638376383763837
1767328448,883987305,786_1767328448-883987305.png,0,0,0,0,0.0,0.0,38.99,107.47,-1683.0,543.0,-4032.0,565.0,-859.0,28.0,-1539.275960155369,263.36857134996933,-4056.413703501145,605.2208365435498,-847.142437157595,15.594555851909217,88.20750242471689,108.15654468536364,-0.0,-0.0558284447059242,,,,,,,,,,0.5,0.5,0.19372596046513113,0.15343482830468158,0.06444135373203519,0.9074733096085409,0.30902931212255125,0.12729336107433328,0.09988839285714285,0.8118081180811808
1767328448,917283447,787_1767328448-917283447.png,0,0,0,0,0.0,0.0,39.17,107.55,-1624.0,637.0,-3862.0,533.0,-896.0,29.0,-1551.6661585756065,318.00911428796184,-4027.98228820969,594.6591294236922,-854.287456434966,17.55499250260304,88.34153705835337,108.03517842292771,-0.0,-0.0558284447059242,,,,,,,,,,0.5,0.5,0.19384077615405715,0.15348399825446676,0.09179415855354656,0.944642151047845,0.3340698188245692,0.12124077926990734,0.0792410714285714,0.8154981549815498
1767328448,950581055,788_1767328448-950581055.png,0,0,0,0,0.0,0.0,39.42,107.48,-1479.0,354.0,-3892.0,606.0,-833.0,-23.0,-1539.9467540476178,342.5462348384873,-3997.455863860248,583.8932890734338,-839.9530338273563,12.613739458771668,65.497853398323,110.662965774536,-0.0,-0.0558284447059242,,,,,,,,,,0.5,0.5,0.19400024238867664,0.15344097454840472,0.15901715345387113,0.8327402135231317,0.3296509058771543,0.13504823151125403,0.1143973214285714,0.6236162361623616
1767328448,983878174,789_1767328448-983878174.png,0,0,0,0,0.0,0.0,39.51,107.37,-1524.0,313.0,-3885.0,627.0,-894.0,-8.0,-1534.7607493298406,339.6542865885908,-3978.399654133104,590.2087748455557,-845.9990502329263,8.24129724247534,69.57928591966623,113.27513456344592,-0.0,-0.0632158477578225,,,,,,,,,,0.5,0.5,0.19405765023313964,0.1533733658674501,0.13815484469170136,0.8165282720442862,0.3306819855648844,0.13902023832040855,0.08035714285714285,0.6789667896678966
1767328449,17176514,790_1767328449-17176514.png,0,0,0,0,0.0,0.0,39.55,107.44,-1476.0,332.0,-3877.0,632.0,-844.0,-10.0,-1525.8815062832728,337.8265800747949,-3961.088715668296,597.2981157361686,-846.9823162864466,5.142049005007073,69.4926569461822,113.35852909088122,-0.0,-0.0774906591596992,,,,,,,,,,0.5,0.5,0.19408316483067878,0.1534163895735121,0.16040797403801577,0.8240411229735073,0.3318603623508617,0.13996595422735011,0.10825892857142855,0.6715867158671587
1767328449,50474609,791_1767328449-50474609.png,0,0,0,0,0.0,0.0,39.57,107.48,-1466.0,338.0,-3902.0,611.0,-805.0,-7.0,-1517.12432537083,337.85194132158216,-3952.447473904213,599.3019043311332,-840.8427456299464,3.36637356889506,95.0602828264236,118.98336100578295,-0.0,-0.0695788215692584,,,,,,,,,,0.5,0.5,0.19409592212944832,0.15344097454840472,0.16504404265183126,0.8264136022143139,0.3281779348946826,0.1359939474181956,0.1300223214285714,0.6826568265682657
1767328449,83773682,792_1767328449-83773682.png,0,0,0,0,0.0,0.0,39.39,107.54,-1423.0,321.0,-4092.0,574.0,-784.0,-14.0,-1503.3594120161997,335.3874826257562,-3972.855890352993,595.6017076024655,-832.5299586287874,0.8266833610960747,95.0602828264236,118.98336100578295,-0.0,-0.0695788215692584,,,,,,,,,,0.5,0.5,0.1939811064405223,0.15347785201074363,0.18497913769123775,0.8196915776986952,0.3001914862277213,0.12899564970682809,0.1417410714285714,0.6568265682656826
1767328449,117072510,793_1767328449-117072510.png,0,0,0,0,0.0,0.0,39.36,107.13,-1527.0,323.0,-4186.0,569.0,-734.0,3.0,-1493.4176063502018,332.396582114392,-4005.865090581196,594.1216684341704,-820.8865656930005,-0.923078571516844,94.89754503965372,125.43970227241503,-0.0,-0.0695788215692584,,,,,,,,,,0.5,0.5,0.19396197049236796,0.15322585601809452,0.13676402410755673,0.8204824041122973,0.2863455589924879,0.12804993379988652,0.16964285714285715,0.7195571955719556
1767328449,183661621,794_1767328449-183661621.png,0,0,0,0,0.0,0.0,39.38,107.21,-1513.0,302.0,-3986.0,600.0,-754.0,3.0,-1498.8188100447258,328.6301805416248,-4023.532661334374,591.9390238804174,-805.4440924476476,-0.1440962297136853,80.62493461370462,125.84048318862902,-0.0,-0.0695788215692584,,,,,,,,,,0.5,0.5,0.19397472779113753,0.1532750259678797,0.14325452016689844,0.8121787267694741,0.3158049786419208,0.13391337242292417,0.15848214285714285,0.7195571955719556
1767328449,216952881,795_1767328449-216952881.png,0,0,0,0,0.0,0.0,39.45,106.99,-1458.0,250.0,-3941.0,612.0,-750.0,5.0,-1494.7348186967142,317.84974999430005,-4011.699795510636,594.7578542158452,-796.0784495796418,0.6368823008552569,89.05379086732859,104.486039161682,-0.0,-0.0695788215692584,,,,,,,,,,0.5,0.5,0.19401937833683097,0.15313980860597043,0.16875289754288358,0.7916172400158166,0.32243334806304325,0.1361830905995839,0.1607142857142857,0.7269372693726937
1767328449,250243652,796_1767328449-250243652.png,0,0,0,0,0.0,0.0,39.5,106.71,-1456.0,279.0,-3907.0,630.0,-763.0,5.0,-1488.09395125673,310.36520484401734,-3994.509480259965,600.3699348623139,-790.0164757139805,1.3909011482570868,69.95775192975992,110.87173867225634,-0.0,-0.0695788215692584,,,,,,,,,,0.5,0.5,0.19405127158375488,0.15296771378172228,0.16968011126564664,0.8030842230130486,0.32744144940344677,0.1395876678645735,0.1534598214285714,0.7269372693726937
1767328449,283535645,797_1767328449-283535645.png,0,0,0,0,0.0,0.0,39.55,106.55,-1440.0,394.0,-3874.0,571.0,-872.0,16.0,-1481.06060393315,322.5961101303902,-3976.885953635422,596.0748219144322,-802.005896130629,3.527362462494469,89.32121074199671,95.65524649620043,-0.0,-0.0695788215692584,,,,,,,,,,0.5,0.5,0.19408316483067878,0.15286937388215188,0.1770978210477515,0.8485567417951759,0.3323022536456032,0.12842822016266314,0.09263392857142855,0.7675276752767527
1767328449,316827148,798_1767328449-316827148.png,0,0,0,0,0.0,0.0,39.3,106.07,-1474.0,527.0,-3732.0,602.0,-841.0,8.0,-1472.1891658053853,342.7596721128041,-3947.1760056302783,597.9489293991248,-804.777407395813,4.300308147992971,81.4894060492515,104.58003711700428,-0.0,-0.0695788215692584,,,,,,,,,,0.5,0.5,0.1939236985960593,0.15257435418344079,0.16133518776077882,0.9011466982997232,0.35321844159670057,0.1342916587857008,0.1099330357142857,0.7380073800738007
1767328449,350119873,799_1767328449-350119873.png,0,0,0,0,0.0,0.0,39.23,105.78,-1647.0,249.0,-3869.0,609.0,-823.0,-1.0,-1483.1043411097176,357.5623310338916,-3918.386023819352,599.0780134466904,-809.9341475140862,4.388114778415365,82.17490488290781,103.92147827148425,-0.0,-0.0695788215692584,,,,,,,,,,0.5,0.5,0.19387904805036582,0.15239611311546947,0.08113120074177094,0.7912218268090154,0.333038739136839,0.13561566105541897,0.11997767857142855,0.7047970479704797
1767328449,383412109,800_1767328449-383412109.png,0,0,0,0,0.0,0.0,39.21,105.52,-1528.0,-15.0,-3878.0,549.0,-829.0,14.0,-1499.7798761547012,325.5068468705836,-3911.715282709144,596.8519477847368,-812.2126291702949,4.519415803419083,119.29912155866616,120.53146147727954,-0.0,-0.0695788215692584,,,,,,,,,,0.5,0.5,0.19386629075159628,0.15223631077866762,0.13630041724617525,0.6868327402135231,0.33171306525261457,0.1242670701721203,0.1166294642857143,0.7601476014760147
1767328449,416705566,801_1767328449-416705566.png,0,0,0,0,0.0,0.0,39.15,105.13,-1444.0,-90.0,-4041.0,572.0,-810.0,-1.0,-1497.0544669930014,259.87385677105766,-3920.640831927255,590.6639260511286,-813.3941935062321,4.800261552914526,89.90930068492884,96.9087436199187,-0.0,-0.0695788215692584,,,,,,,,,,0.5,0.5,0.1938280188552876,0.1519966072734648,0.1752433936022253,0.6571767497034401,0.3077036382383267,0.12861736334405147,0.12723214285714285,0.7047970479704797
1767328449,449998535,802_1767328449-449998535.png,0,0,0,0,0.0,0.0,39.09,105.38,-1722.0,-58.0,-3879.0,638.0,-838.0,32.0,-1520.9158950981048,203.21189981285912,-3922.193119416862,595.2801735846562,-816.1343951296518,7.718721702374728,85.81539982557291,97.98355865478504,-0.0,-0.0476219718767574,,,,,,,,,,0.5,0.5,0.19378974695897894,0.15215026336654353,0.046360686138154805,0.6698299723210756,0.33156576815436745,0.14110081331567997,0.11160714285714285,0.8265682656826567
1767328449,483292969,803_1767328449-483292969.png,0,0,0,0,0.0,0.0,39.09,105.45,-1743.0,152.0,-3903.0,667.0,-786.0,26.0,-1558.7376301078716,188.780950266927,-3918.238438391533,606.9038786148466,-812.3085579927057,11.037476922450352,85.81539982557291,97.98355865478504,-0.0,-0.0476219718767574,,,,,,,,,,0.5,0.5,0.19378974695897894,0.15219328707260554,0.03662494204914224,0.752866745749308,0.3280306377964355,0.146585965575941,0.140625,0.8044280442804428
1767328449,516586670,804_1767328449-516586670.png,0,0,0,0,0.0,0.0,39.17,105.37,-1822.0,248.0,-3935.0,613.0,-751.0,46.0,-1597.2376001934244,197.441252322828,-3920.689679792944,607.7953865468859,-803.3426824303353,16.150460191394764,82.40219229459757,94.96186828613268,-0.0,-0.0476219718767574,,,,,,,,,,0.5,0.5,0.19384077615405715,0.1521441171228204,0.0,0.7908264136022143,0.3233171306525262,0.1363722337809722,0.16015625,0.8782287822878229
1767328449,583176270,805_1767328449-583176270.png,0,0,0,0,0.0,0.0,39.28,105.02,-1515.0,777.0,-3973.0,645.0,-636.0,18.0,-1581.3404110890626,277.4011772548549,-3941.126237964069,609.5637485114958,-779.0834491884802,14.464566265397869,71.08470785617823,93.82271623611436,-0.0,-0.0476219718767574,,,,,,,,,,0.5,0.5,0.19391094129728972,0.15192899859251016,0.14232730644413538,1.0,0.31771984091913397,0.14242481558539816,0.22433035714285715,0.7749077490774907
1767328449,616472168,806_1767328449-616472168.png,0,0,0,0,0.0,0.0,39.18,105.23,-1376.0,697.0,-3900.0,692.0,-679.0,-12.0,-1547.8399768323009,364.9041931306641,-3936.779567608936,623.4734797651286,-756.9606196270918,10.779321456108804,116.2120389938354,98.78340101242053,-0.0,-0.0476219718767574,,,,,,,,,,0.5,0.5,0.19384715480344195,0.1520580697106963,0.20676866017617057,0.9683669434559115,0.32847252909117697,0.15131454511064876,0.2003348214285714,0.6642066420664207
1767328449,649767334,807_1767328449-649767334.png,0,0,0,0,0.0,0.0,39.16,105.65,-1400.0,497.0,-4083.0,664.0,-852.0,3.0,-1526.2195884424805,384.2221253325972,-3958.1631108599486,629.4001521465761,-770.859352297491,9.64165926964133,122.29178243875498,107.399116039276,-0.0,-0.0476219718767574,,,,,,,,,,0.5,0.5,0.19383439750467238,0.1523162119470685,0.19564209550301337,0.88928430209569,0.30151716011194585,0.14601853603177606,0.10379464285714285,0.7195571955719556
1767328449,683063965,808_1767328449-683063965.png,0,0,0,0,0.0,0.0,39.12,105.84,-1314.0,156.0,-4109.0,609.0,-936.0,-10.0,-1495.1842079969135,350.8465046475501,-3980.221773182518,626.4167966153404,-795.0098224123826,6.769227122875865,114.51218891143792,95.7760396003722,-0.0,-0.0476219718767574,,,,,,,,,,0.5,0.5,0.19380888290713325,0.15243299057780835,0.23551228558182657,0.7544483985765125,0.29768743555751953,0.13561566105541897,0.056919642857142905,0.6715867158671587
1767328449,716360107,809_1767328449-716360107.png,0,0,0,0,0.0,0.0,39.24,106.16,-1466.0,241.0,-3797.0,647.0,-897.0,16.0,-1479.2305937926824,304.32463618608097,-3963.0596412392033,628.444688828762,-819.5170676020192,6.680214295672208,114.25606846809382,96.02937555313098,-0.0,-0.0476219718767574,,,,,,,,,,0.5,0.5,0.19388542669975062,0.1526296703769491,0.16504404265183126,0.7880585211546065,0.3436441302106349,0.14280310194817478,0.0786830357142857,0.7675276752767527
1767328449,749657471,810_1767328449-749657471.png,0,0,0,0,0.0,0.0,39.26,106.51,-1368.0,282.0,-3900.0,654.0,-690.0,42.0,-1471.2898382345006,297.576593654764,-3945.0870880987086,631.5872435402423,-818.162404113656,9.6365560024504,100.27113896608348,83.71635985374438,-0.0,-0.0476219718767574,,,,,,,,,,0.5,0.5,0.19389818399852016,0.15284478890725933,0.2104775150672229,0.8042704626334519,0.32847252909117697,0.14412710421789296,0.19419642857142855,0.8634686346863468
1767328449,782954102,811_1767328449-782954102.png,0,0,0,0,0.0,0.0,39.21,106.71,-1286.0,228.0,-3870.0,667.0,-745.0,22.0,-1436.211683939542,286.1980086072598,-3930.62241267077,638.4978652489806,-797.5601099295906,13.945276798292872,87.04534941911692,104.94814801216113,-0.0,-0.0476219718767574,,,,,,,,,,0.5,0.5,0.19386629075159628,0.15296771378172228,0.24849327770050988,0.7829181494661922,0.3328914420385919,0.146585965575941,0.1635044642857143,0.7896678966789668
1767328449,816252197,812_1767328449-816252197.png,0,0,0,0,0.0,0.0,39.16,110.03,-1269.0,151.0,-3756.0,593.0,-756.0,-2.0,-1411.7583417005235,266.42640475389254,-3905.085311918975,631.8441742875265,-791.4822835022999,11.61341037928405,84.73571968078608,107.32962059974658,-0.0,-0.0832787800224587,,,,,,,,,,0.5,0.5,0.19383439750467238,0.15500826669780762,0.25637459434399623,0.7524713325425069,0.3496833112387686,0.132589370153206,0.1573660714285714,0.7011070110701106
1767328449,882848633,813_1767328449-882848633.png,0,0,0,0,0.0,0.0,39.33,112.22,-1413.0,544.0,-4140.0,638.0,-772.0,37.0,-1413.248128955142,309.29487673628404,-3918.336321476896,637.5837660330133,-791.657667874035,14.72542444876236,22.324544608592934,88.77433824539172,-0.0,-0.0832787800224587,,,,,,,,,,0.5,0.5,0.19394283454421363,0.15635429407317716,0.18961520630505324,0.907868722815342,0.2931212255118575,0.14110081331567997,0.1484375,0.8450184501845017
1767328449,916146973,814_1767328449-916146973.png,0,0,0,0,0.0,0.0,39.45,113.67,-1410.0,354.0,-4209.0,594.0,-703.0,23.0,-1412.8362295122076,339.1793074068315,-3976.078520032096,632.4490102629559,-779.0658575888212,18.04063038965924,22.324544608592934,88.77433824539172,-0.0,-0.0832787800224587,,,,,,,,,,0.5,0.5,0.19401937833683097,0.1572454994130337,0.19100602688919788,0.8327402135231317,0.2829577257328031,0.13277851333459428,0.1869419642857143,0.7933579335793357
1767328449,949446777,815_1767328449-949446777.png,0,0,0,0,0.0,0.0,39.6,114.96,-1546.0,441.0,-4252.0,544.0,-630.0,9.0,-1428.5800724302303,351.6834757569736,-4015.250357832381,620.8854882419317,-759.2684715625153,17.1025104862672,13.821203023195215,103.28398299217211,-0.0,-0.0832787800224587,,,,,,,,,,0.5,0.5,0.19411505807760265,0.15803836485331987,0.12795549374130732,0.867141162514828,0.276623950508175,0.12332135426517873,0.2276785714285714,0.7416974169741697
1767328449,982745605,816_1767328449-982745605.png,0,0,0,0,0.0,0.0,39.62,115.83,-1605.0,396.0,-4163.0,584.0,-668.0,16.0,-1457.5004443291466,360.53796503751846,-4043.149086098673,613.4480782918665,-742.4859327091642,16.72595555704047,47.45590853691096,109.74276018142687,-0.0,-0.0832787800224587,,,,,,,,,,0.5,0.5,0.19412781537637222,0.1585730880572338,0.10060268891979596,0.8493475682087781,0.28973339225217265,0.13088708152071118,0.2064732142857143,0.7675276752767527
1767328450,16046143,817_1767328450-16046143.png,0,0,0,0,0.0,0.0,39.57,116.51,-1566.0,476.0,-4105.0,577.0,-728.0,22.0,-1473.3676176336155,377.42334403754046,-4052.194276780277,608.1178447135252,-740.367483436704,17.497241454706046,46.478702545165966,110.79120993614184,-0.0,-0.0832787800224587,,,,,,,,,,0.5,0.5,0.19409592212944832,0.15899103263040792,0.11868335651367634,0.8809806247528668,0.29827662395050825,0.129563079250993,0.1729910714285714,0.7896678966789668
1767328450,49345947,818_1767328450-49345947.png,0,0,0,0,0.0,0.0,39.66,114.39,-1462.0,454.0,-3842.0,558.0,-844.0,24.0,-1473.103383007452,379.7469413398052,-4031.313419837795,607.1079019302864,-757.8518256341299,16.495678635949094,10.49150738120074,107.22544908523548,-0.0,-0.0832787800224587,,,,,,,,,,0.5,0.5,0.19415332997391133,0.1576880289611004,0.16689847009735737,0.8722815342032424,0.33701576078951245,0.1259693588046151,0.10825892857142855,0.7970479704797048
1767328450,115947754,819_1767328450-115947754.png,-1,0,0,0,-9.574142156862743e-06,0.0,39.9,114.24,-1364.0,456.0,-3443.0,477.0,-895.0,36.0,-1456.4231163150544,414.2159387535539,-3875.654771571079,571.0790741752919,-805.9889531179286,21.93372061287101,10.75145924091334,107.0062160491942,-0.0,-0.0832787800224587,,,,,,,,,,0.25000000000000006,0.5,0.19430641755914604,0.15759583530525317,0.21233194251274912,0.8730723606168446,0.3957873029901311,0.1106487611121619,0.07979910714285715,0.8413284132841328
1767328450,149248779,820_1767328450-149248779.png,-1,0,0,0,-9.574142156862743e-06,0.0,40.03,113.54,-1465.0,235.0,-3720.0,581.0,-752.0,31.0,-1456.9487470734175,403.2327642978794,-3866.115533471424,571.6870739985912,-802.6802625243489,22.48934378380813,89.62252891063685,100.28220987319932,-0.0,-0.0832787800224587,,,,,,,,,,0.25000000000000006,0.5,0.19438934000114816,0.15716559824463278,0.16550764951321273,0.7856860419137999,0.3549860067756666,0.13031965197654624,0.1595982142857143,0.8228782287822878
1767328450,182542236,821_1767328450-182542236.png,-1,0,0,0,-9.574142156862743e-06,0.0,40.09,112.36,-1523.0,260.0,-3746.0,605.0,-768.0,18.0,-1461.6806829527775,380.1622120295482,-3846.340730043571,574.5198433596131,-796.249241676626,22.937258095381164,95.58369326591486,92.178755044937,-0.0,-0.0832787800224587,,,,,,,,,,0.25000000000000006,0.5,0.19442761189745686,0.15644034148530123,0.13861845155308294,0.7955713720838276,0.3511562822212403,0.1348590883298657,0.15066964285714285,0.7749077490774907
1767328450,215837158,822_1767328450-215837158.png,1,0,100,0,9.574142156862743e-06,0.0,40.3,112.19,-1554.0,370.0,-3898.0,584.0,-756.0,22.0,-1479.9196676957042,369.39134227416935,-3846.1423189183465,578.2613885392676,-788.1803482671687,22.418698241621804,95.58369326591486,92.178755044937,-0.0,-0.1119921227353129,,,,,,,,,,0.75,0.5,0.1945615635345372,0.15633585534200772,0.124246638850255,0.8390668248319494,0.3287671232876712,0.13088708152071118,0.1573660714285714,0.7896678966789668
1767328450,249131348,823_1767328450-249131348.png,1,0,0,0,9.574142156862743e-06,0.0,40.8,112.68,-1460.0,366.0,-3990.0,566.0,-749.0,15.0,-1477.0065790886504,368.8953861823098,-3867.180329099938,576.4682606715721,-782.45054253441,21.333774253080588,73.68033009767527,156.12989139556873,-0.0,-0.0957151478622091,,,,,,,,,,0.75,0.5,0.19488049600377616,0.156637021284442,0.16782568382012053,0.8374851720047449,0.3152157902489321,0.12748250425572158,0.1612723214285714,0.7638376383763837
1767328450,282427002,824_1767328450-282427002.png,1,0,0,0,9.574142156862743e-06,0.0,41.88,112.52,-1392.0,285.0,-4073.0,583.0,-725.0,17.0,-1464.5750616130265,356.62637158801624,-3897.2797739082393,577.4234741677286,-774.0488702031921,20.69999518632864,51.91924884915347,147.53695940971363,-0.0,-0.084946936062207,,,,,,,,,,0.75,0.5,0.19556939013733235,0.15653868138487162,0.1993509503940658,0.8054567022538552,0.3029901310944175,0.1306979383393229,0.17466517857142855,0.7712177121771218
1767328450,349018066,825_1767328450-349018066.png,0,0,0,0,0.0,0.0,42.6,112.07,-1402.0,183.0,-4039.0,692.0,-784.0,11.0,-1443.2735500507,328.8586509060831,-3926.8275767054415,597.0471996627758,-780.5292531597904,18.398941672678276,122.01527106761928,183.75955867767323,-0.0,-0.0993253480983345,,,,,,,,,,0.5,0.5,0.19602865289303645,0.1562621004173299,0.19471488178025032,0.7651245551601423,0.30799823243482105,0.15131454511064876,0.1417410714285714,0.7490774907749077
1767328450,382313721,826_1767328450-382313721.png,0,0,0,0,0.0,0.0,48.16,111.67,-1452.0,124.0,-4039.0,727.0,-791.0,10.0,-1442.3901984626025,291.2680996665524,-3949.1009865775113,621.019875545672,-782.2421114768043,16.783536073414314,145.66407167911524,172.44398164749134,-0.0,-0.0954324740287833,,,,,,,,,,0.5,0.5,0.1995751819509737,0.156016250668404,0.17153453871117286,0.741795175958877,0.30799823243482105,0.15793455645923965,0.1378348214285714,0.7453874538745386
1767328450,415610596,827_1767328450-415610596.png,0,0,0,0,0.0,0.0,57.57,113.15,-1445.0,156.0,-4094.0,771.0,-738.0,22.0,-1442.771860608849,271.48624556858266,-3970.291283103664,642.953243034862,-775.7720642418859,17.546401291136867,149.23053586482996,169.41985535621632,-0.0,-0.062100420584175,,,,,,,,,,0.5,0.5,0.205577491022051,0.15692589473942997,0.1747797867408437,0.7544483985765125,0.29989689203122705,0.16625685644032534,0.1674107142857143,0.7896678966789668
1767328450,448906982,828_1767328450-448906982.png,0,0,0,0,0.0,0.0,71.1,114.28,-1393.0,130.0,-4067.0,847.0,-743.0,19.0,-1435.4931327552324,250.7950384502254,-3984.434142597965,672.7934136693159,-770.979417676137,17.758978222775674,165.73030316829676,115.92068982124316,-0.0,-0.062100420584175,,,,,,,,,,0.5,0.5,0.21420780363965736,0.15762042028014578,0.19888734353268422,0.7441676551996836,0.3038739136839005,0.18063173822583697,0.1646205357142857,0.7785977859778597
1767328450,482204834,829_1767328450-482204834.png,0,0,0,0,0.0,0.0,90.36,115.3,-1292.0,177.0,-4119.0,991.0,-612.0,-1.0,-1414.508434787109,240.0031171666784,-4004.113299503823,719.3285263775127,-747.7299770999626,15.015630965405292,177.49392032623285,114.7051644325255,-0.0,-0.062100420584175,,,,,,,,,,0.5,0.5,0.22649308235474222,0.1582473371399069,0.2457116365322206,0.7627520759193357,0.29621446457504785,0.20786835634575374,0.23772321428571425,0.7047970479704797
1767328450,515501709,830_1767328450-515501709.png,0,0,0,0,0.0,0.0,155.0,122.29,-1199.0,179.0,-4166.0,1195.0,-508.0,-18.0,-1377.63853631109,229.1495030333292,-4031.218448423893,808.6915661303483,-705.0556058857867,8.749703161560683,199.85900163650507,108.85866355895983,-0.0,-0.062100420584175,,,,,,,,,,0.5,0.5,0.2677246719779554,0.1625435615023878,0.2888270746407047,0.7635429023329379,0.28929150095743117,0.24645356534896917,0.29575892857142855,0.6420664206642066
1767328450,548800293,831_1767328450-548800293.png,0,0,0,0,0.0,0.0,202.02,129.68,-1252.0,-398.0,-4560.0,1721.0,-373.0,-37.0,-1349.4214630025235,149.83879380427516,-4102.56066710653,966.237017924916,-646.6976162476842,-0.2547921869883354,237.00659644603724,84.2475342750548,-0.0,-0.062100420584175,,,,,,,,,,0.5,0.5,0.2977170813851875,0.1670856356137946,0.2642559109874826,0.5353894820086991,0.23125644424804837,0.34594287875922075,0.37109375,0.5719557195571956
1767328450,615397217,832_1767328450-615397217.png,0,0,0,0,0.0,0.0,313.15,145.0,-1118.0,-589.0,-4866.0,2270.0,-74.0,3.0,-1290.0245925361653,-48.82573629527992,-4301.853892875522,1275.888592536666,-511.223957635349,-0.6134322955870919,273.589869081974,45.51464509963977,-0.0,-0.062100420584175,,,,,,,,,,0.5,0.5,0.3686030119982395,0.17650168099765826,0.3263792304126101,0.4598655595096876,0.18618353218441597,0.44978248534140347,0.5379464285714285,0.7195571955719556
1767328450,648695801,833_1767328450-648695801.png,0,0,0,0,0.0,0.0,372.4,152.41,-1164.0,-365.0,-4926.0,2574.0,-124.0,-10.0,-1282.301227666072,-68.20234487605282,-4340.104428112821,1355.4428115990495,-487.49309803823394,-1.1886842031718068,273.589869081974,45.51464509963977,-0.0,-0.062100420584175,,,,,,,,,,0.5,0.5,0.4063965096030566,0.18105604759651137,0.30505331478905884,0.5484381178331357,0.17734570628958612,0.5072820124834501,0.5100446428571428,0.6715867158671587
1767328450,681995605,834_1767328450-681995605.png,0,0,0,0,0.0,0.0,432.46,160.14,-982.0,-488.0,-4978.0,2791.0,-84.0,-7.0,-1240.2327870478775,-134.10792933538983,-4447.53516123089,1591.8121340439543,-419.9229484725543,-2.3549850872902978,294.6926610469817,13.12074303627002,-0.0,-0.062100420584175,,,,,,,,,,0.5,0.5,0.4447066778080409,0.18580709399450523,0.38942976356050063,0.49980229339659943,0.1696862571807336,0.5483260828447135,0.5323660714285714,0.6826568265682657
1767328450,715294922,835_1767328450-715294922.png,0,0,0,0,0.0,0.0,491.66,169.38,-947.0,-755.0,-5153.0,2964.0,-158.0,11.0,-1206.383649004806,-200.3195335767828,-4526.399628321981,1749.9488300671828,-386.7080866389957,-1.2778079005833685,310.6652514338493,-21.48211097717297,-0.0,-0.062100420584175,,,,,,,,,,0.5,0.5,0.48246828216593424,0.19148622319469455,0.40565600370885485,0.3942269671807038,0.1439092649874798,0.5810478532248913,0.49107142857142855,0.7490774907749077
1767328450,748595459,836_1767328450-748595459.png,0,0,0,0,0.0,0.0,546.49,176.06,-993.0,-699.0,-5118.0,3104.0,-102.0,-8.0,-1173.916325165147,-274.7834699523525,-4613.876343843489,1944.1277636238583,-346.60784937053944,-1.7397328634014828,315.30749940872187,-35.66304945945752,-0.0,-0.062100420584175,,,,,,,,,,0.5,0.5,0.517442416742679,0.1955919140017578,0.3843300880853036,0.41637010676156583,0.14906466342613056,0.6075278986192548,0.5223214285714285,0.6789667896678966
1767328450,815196777,837_1767328450-815196777.png,0,0,0,0,0.0,0.0,650.46,184.55,-971.0,-695.0,-5305.0,3321.0,12.0,-6.0,-1133.97400042261,-369.3462041410516,-4761.199172922706,2237.922581990834,-277.0795608426477,-2.849898172034904,324.8079833388328,-57.23543691635144,-0.0,-0.1041437031052677,,,,,,,,,,0.5,0.5,0.5837612343962291,0.20081007492271097,0.39452943903569765,0.41795175958877023,0.12152010605391073,0.6485719689805184,0.5859375,0.6863468634686346
1767328450,848497314,838_1767328450-848497314.png,0,0,0,0,0.0,0.0,694.79,187.55,-1031.0,-761.0,-5335.0,3354.0,25.0,5.0,-1112.9382018812903,-433.4662445393812,-4858.741344302664,2429.0171009859946,-225.57726131956088,-2.087340760659791,337.6268634796142,-71.12220191955578,-0.0,-0.108818822699687,,,,,,,,,,0.5,0.5,0.6120377871189555,0.20265394803965556,0.36671302735280475,0.3918544879398972,0.1171011931064958,0.6548136939663326,0.5931919642857143,0.7269372693726937
1767328450,881799561,839_1767328450-881799561.png,0,0,0,0,0.0,0.0,729.86,189.71,-1025.0,-840.0,-5391.0,3382.0,48.0,1.0,-1102.489967773666,-481.7678899998843,-4921.980788839433,2542.244210665835,-193.072624976779,-1.7205234008856038,334.9250006079673,-74.89515948295605,-0.0,-0.1423117174623542,,,,,,,,,,0.5,0.5,0.6344077105113763,0.20398153668385566,0.3694946685210941,0.36061684460260973,0.10885255560465457,0.6601097030452053,0.6060267857142857,0.7121771217712176
1767328450,915100830,840_1767328450-915100830.png,0,0,0,0,0.0,0.0,748.67,191.5,-983.0,-911.0,-5304.0,3435.0,50.0,0.0,-1089.4819670925258,-530.7564187130314,-4969.832717729348,2646.8151233410395,-164.24896656364967,-1.4877925734092587,331.00137048959726,-78.63645005226147,-0.0,-0.1374825726875118,,,,,,,,,,0.5,0.5,0.6464059500041461,0.20508171431029926,0.3889661566991191,0.3325425069197311,0.12166740315215796,0.6701342916587858,0.6071428571428571,0.7084870848708487
1767328450,948403564,841_1767328450-948403564.png,0,0,0,0,0.0,0.0,798.87,192.5,-897.0,-1031.0,-5529.0,3641.0,168.0,-16.0,-1062.7454460000731,-640.6706291156453,-5058.586078634637,2847.824918283045,-103.36483544015094,-5.155957305616046,329.72011888027185,-98.09832549095164,-0.0,-0.1374825726875118,,,,,,,,,,0.5,0.5,0.678426769915738,0.2056963386826141,0.42883634677793225,0.28509292210359827,0.08852555604654588,0.7090977870247779,0.6729910714285714,0.6494464944649446
1767328450,981705811,842_1767328450-981705811.png,0,0,0,0,0.0,0.0,816.69,192.86,-860.0,-932.0,-5322.0,3670.0,71.0,1.0,-1029.7057989800749,-696.3634717358628,-5115.287011182458,2988.344268888487,-67.99340392479182,-5.010159813923528,325.780903339386,-115.54182410240185,-0.0,-0.1374825726875118,,,,,,,,,,0.5,0.5,0.6897935231194148,0.20591760345664745,0.44598980064904953,0.32423882957690786,0.11901605538370896,0.7145829392850389,0.6188616071428571,0.7121771217712176
1767328451,15009277,843_1767328451-15009277.png,0,0,0,0,0.0,0.0,833.36,193.1,-715.0,-789.0,-5337.0,3740.0,172.0,-1.0,-987.6597741654108,-713.8330763611183,-5147.299296983908,3096.3477846258324,-35.66660416515872,-4.368849798936741,330.41704702377314,-114.12454700469982,-0.0,-0.1374825726875118,,,,,,,,,,0.5,0.5,0.7004267316438417,0.20606511330600302,0.513212795549374,0.3807829181494662,0.11680659891000145,0.7278229619822206,0.6752232142857142,0.7047970479704797
1767328451,48312012,844_1767328451-48312012.png,0,0,0,0,0.0,0.0,849.34,193.29,-789.0,-777.0,-5411.0,3780.0,190.0,5.0,-956.577699877052,-723.3998642030919,-5183.833663843306,3195.22919567353,-2.664707565858018,-2.9987320827477624,331.719209074974,-109.79906487464916,-0.0,-0.1374825726875118,,,,,,,,,,0.5,0.5,0.710619813360719,0.20618189193674283,0.4789058878071395,0.38552787663107946,0.10590661363971132,0.735388689237753,0.6852678571428571,0.7269372693726937
1767328451,81616455,845_1767328451-81616455.png,0,0,0,0,0.0,0.0,864.9,193.44,-677.0,-819.0,-5842.0,3843.0,265.0,-14.0,-915.6917461182046,-737.3806027714784,-5280.085111643207,3289.960381900724,36.47906842638216,-4.607577607806701,321.6218034625053,-94.5301287174226,-0.0,-0.1374825726875118,,,,,,,,,,0.5,0.5,0.7205449918034356,0.20627408559259008,0.530829856281873,0.36892052194543296,0.0424215642951834,0.7473047096652167,0.7271205357142857,0.6568265682656826
1767328451,148224121,846_1767328451-148224121.png,0,0,0,0,0.0,0.0,896.51,193.63,-726.0,-959.0,-5566.0,4014.0,130.0,-48.0,-898.4957551159865,-747.9088969463786,-5361.517823938922,3404.034589844789,58.45031272455704,-10.656590097679976,351.2841094732284,-102.96644520759594,-0.0,-0.1374825726875118,,,,,,,,,,0.5,0.5,0.7407079025087229,0.2063908642233299,0.5081131200741771,0.31356267299327795,0.08307556341140077,0.7796481936826178,0.6517857142857142,0.5313653136531364
1767328451,181520020,847_1767328451-181520020.png,0,0,0,0,0.0,0.0,929.48,198.57,-839.0,-1416.0,-5647.0,3985.0,255.0,-18.0,-878.984258272427,-832.1280207403279,-5413.9767267058205,3561.4341521391493,78.22059251722297,-16.138197315682337,384.5187242031097,-110.88921189308178,-0.0,-0.1374825726875118,,,,,,,,,,0.5,0.5,0.76173830953034,0.2094271086225653,0.4557255447380621,0.13285883748517202,0.07114449845338044,0.7741630414223568,0.7215401785714285,0.6420664206642066
1767328451,214817383,848_1767328451-214817383.png,0,0,0,0,0.0,0.0,929.48,198.57,-839.0,-1416.0,-5647.0,3985.0,255.0,-18.0,-876.5338395923636,-867.910372759851,-5428.257461335913,3587.392209401672,89.05444516480514,-16.252297120789645,372.9527821540832,-116.96626567840588,-0.0,-0.1374825726875118,,,,,,,,,,0.5,0.5,0.76173830953034,0.2094271086225653,0.4557255447380621,0.13285883748517202,0.07114449845338044,0.7741630414223568,0.7215401785714285,0.6420664206642066
1767328451,248113770,849_1767328451-248113770.png,0,0,0,0,0.0,0.0,946.47,201.02,-688.0,-1501.0,-5746.0,3995.0,411.0,1.0,-853.1040034437461,-958.1631379230724,-5472.0092935617495,3646.7272330267383,131.85751207266304,-14.25043035585714,379.73737633228296,-116.7327036857606,-0.0,-0.1374825726875118,,,,,,,,,,0.5,0.5,0.7725756348350801,0.2109329383347367,0.5257301808066759,0.09924871490707787,0.05656208572691124,0.7760544732362399,0.80859375,0.7121771217712176
1767328451,281411865,850_1767328451-281411865.png,0,0,0,0,0.0,0.0,964.2,204.04,-603.0,-1416.0,-5825.0,4082.0,499.0,-16.0,-818.8597558115338,-1027.4494562280056,-5521.464451411211,3707.996042118584,183.13539619099444,-14.040006838561371,405.7303543686866,-117.25384783744823,-0.0,-0.0489738625186356,,,,,,,,,,0.5,0.5,0.7838849801942938,0.2127891039391276,0.5651367640241075,0.13285883748517202,0.04492561496538516,0.792509930017023,0.8577008928571428,0.6494464944649446
1767328451,314708984,851_1767328451-314708984.png,0,0,0,0,0.0,0.0,999.29,209.13,-600.0,-1077.0,-5810.0,4231.0,478.0,-18.0,-766.0670747392329,-1053.3501090872498,-5590.837828745622,3810.335748416488,245.254169935692,-13.59080397061055,400.8319859504699,-134.38526177406322,-0.0,-0.0572917238915057,,,,,,,,,,0.5,0.5,0.8062676608854841,0.2159175419942102,0.5665275846082521,0.2669039145907473,0.04713507143909268,0.8206922640438813,0.8459821428571428,0.6420664206642066
1767328451,381305420,852_1767328451-381305420.png,0,0,0,0,0.0,0.0,1010.21,212.17,-558.0,-1064.0,-5872.0,4255.0,441.0,-14.0,-732.377778108116,-1055.8926272887531,-5636.079102951902,3885.885004260837,281.0804012615028,-13.877532435450652,417.57566511631006,-129.76130747795116,-0.0,-0.0506685395893539,,,,,,,,,,0.5,0.5,0.8132331460136631,0.21778600008604737,0.5859990727862772,0.2720442862791617,0.03800265134776848,0.8252317003972007,0.8253348214285714,0.6568265682656826
1767328451,414604736,853_1767328451-414604736.png,0,0,0,0,0.0,0.0,1026.43,213.02,-564.0,-1143.0,-5933.0,4270.0,490.0,-8.0,-707.5893333811762,-1066.4645205116333,-5677.8282216454645,3941.6472563445104,310.2891907590524,-13.182562096557277,446.1525763273239,-132.30999898910534,-0.0,-0.0905376486378558,,,,,,,,,,0.5,0.5,0.8235793153157751,0.21830843080251505,0.5832174316179879,0.24080664294187426,0.029017528354691402,0.8280688481180254,0.8526785714285714,0.6789667896678966
1767328451,447903320,854_1767328451-447903320.png,0,0,0,0,0.0,0.0,1036.08,212.94,-585.0,-1089.0,-5802.0,4268.0,449.0,9.0,-693.0240815695328,-1069.1420367717435,-5692.581489077059,3980.4223255912175,326.7698894452031,-10.546977141060768,443.25459688901896,-127.75109815597546,-0.0,-0.0262409463730284,,,,,,,,,,0.5,0.5,0.829734711972087,0.21825926085272984,0.5734816875289754,0.26215895610913403,0.04831344822507,0.8276905617552488,0.8297991071428571,0.7416974169741697
1767328451,481203125,855_1767328451-481203125.png,0,0,0,0,0.0,0.0,1052.41,211.6,-680.0,-1193.0,-5664.0,4198.0,421.0,-2.0,-688.8242840708734,-1077.1923820255613,-5694.532666674961,4025.29398220334,341.72642969945656,-7.653020258302374,380.461578965187,-128.9494287967683,-0.0,-0.0099084582711199,,,,,,,,,,0.5,0.5,0.8401510464174317,0.21743566419382793,0.5294390356977283,0.2210359826018189,0.06864044778317868,0.8144505390580671,0.8141741071428571,0.7011070110701106
1767328451,514502441,856_1767328451-514502441.png,0,0,0,0,0.0,0.0,1058.68,209.3,-694.0,-1225.0,-5838.0,4193.0,507.0,-7.0,-688.1572861368601,-1099.1669590814815,-5699.919635075026,4054.8340134551386,360.6966871184348,-7.128603558778103,455.40122580528254,-120.75842404365552,-0.0,-0.0397946052638498,,,,,,,,,,0.5,0.5,0.8441504595816882,0.21602202813750376,0.5229485396383866,0.20838275998418343,0.043010752688172116,0.8135048231511255,0.8621651785714286,0.6826568265682657
1767328451,547802979,857_1767328451-547802979.png,0,0,0,0,0.0,0.0,1063.5,208.25,-634.0,-1116.0,-5898.0,4194.0,568.0,-28.0,-682.0382014611711,-1107.9623308694077,-5730.91100637356,4078.830192761115,393.2279330939356,-9.601459506097596,457.79202961921686,-119.11675548553478,-0.0,-0.0342715890057498,,,,,,,,,,0.5,0.5,0.8472249685851518,0.21537667254657317,0.5507649513212796,0.2514827995255041,0.03417292679334216,0.8136939663325138,0.8962053571428571,0.6051660516605165
1767328451,581103027,858_1767328451-581103027.png,0,0,0,0,0.0,0.0,1067.11,206.96,-701.0,-974.0,-5933.0,4193.0,524.0,-44.0,-682.9735028722378,-1092.266275767476,-5759.504874103139,4095.5540224749006,413.5591312794132,-14.631964931330092,452.5610423088073,-121.56629061698924,-0.0,-0.0185546105702071,,,,,,,,,,0.5,0.5,0.8495276610130571,0.214583807106287,0.5197032916087158,0.30763147489126136,0.029017528354691402,0.8135048231511255,0.8716517857142856,0.5461254612546125
1767328451,614404297,859_1767328451-614404297.png,0,0,0,0,0.0,0.0,1069.51,206.63,-797.0,-818.0,-5758.0,4100.0,392.0,-70.0,-696.521375252793,-1059.6797752962343,-5759.326074939683,4096.082264047115,410.9976182401952,-21.210427762052305,476.34621536731714,-116.50544643402112,-0.0,-0.0480872015156552,,,,,,,,,,0.5,0.5,0.8510585368654041,0.21438098106342307,0.4751970329160871,0.36931593515223404,0.0547945205479452,0.7959145072820126,0.7979910714285714,0.4501845018450184
1767328451,647704834,860_1767328451-647704834.png,0,0,0,0,0.0,0.0,1070.3,209.94,-905.0,-782.0,-5739.0,3973.0,302.0,-50.0,-724.0473969088904,-1020.0588019705652,-5756.874693289181,4081.565902936447,397.5261685404202,-25.96923657136506,476.5888284444808,-125.56206345558178,-0.0,-0.0472211530372485,,,,,,,,,,0.5,0.5,0.8515624501668017,0.21641538773578523,0.42512749188687987,0.3835508105970739,0.05759316541464132,0.771893323245697,0.7477678571428571,0.5239852398523985
1767328451,681006592,861_1767328451-681006592.png,0,0,0,0,0.0,0.0,1064.13,223.13,-894.0,-822.0,-5723.0,3810.0,238.0,-27.0,-751.7533805424349,-982.2354475437072,-5770.90023324753,4048.405940824525,377.068600521249,-29.060889580306146,444.5781888961792,-146.1245460510255,-0.0,-0.0472211530372485,,,,,,,,,,0.5,0.5,0.847626823496393,0.22452228320661827,0.4302271673620769,0.36773428232502964,0.05994991898659596,0.7410629846794023,0.7120535714285714,0.6088560885608856
1767328451,747610596,862_1767328451-747610596.png,0,0,0,0,0.0,0.0,1054.41,231.58,-852.0,-820.0,-5702.0,3718.0,222.0,-35.0,-778.5567784064103,-946.1835762278992,-5757.6989654589615,3984.188969656959,344.08434660671253,-29.550766856018928,433.8671072721481,-154.4300391674043,-0.0,-0.0472211530372485,,,,,,,,,,0.5,0.5,0.8414267762943876,0.22971585915267884,0.44969865554010197,0.36852510873863187,0.06304315804978644,0.7236618119916778,0.703125,0.5793357933579335
1767328451,780912354,863_1767328451-780912354.png,0,0,0,0,0.0,0.0,1039.93,240.13,-756.0,-706.0,-5706.0,3516.0,162.0,-21.0,-775.8767315500722,-917.6465561439188,-5751.556437152931,3928.56186042647,322.4502917820653,-28.53482143070761,397.9782950878143,-130.61330723762524,-0.0,-0.0472211530372485,,,,,,,,,,0.5,0.5,0.8321904919852271,0.2349708975359709,0.4942049142327306,0.41360221431395805,0.062453969656797836,0.685454889351239,0.6696428571428571,0.6309963099630996
1767328451,814215576,864_1767328451-814215576.png,0,0,0,0,0.0,0.0,1020.59,253.68,-836.0,-609.0,-5697.0,3304.0,171.0,-7.0,-782.4749915946587,-875.1700801095358,-5743.824860200188,3843.039625583268,300.0550682176287,-25.76952819631258,289.03813987970346,-77.8993685245515,-0.0,-0.0472211530372485,,,,,,,,,,0.5,0.5,0.8198541840750639,0.2432990577808372,0.45711636532220673,0.45195729537366547,0.06377964354102228,0.645356534896917,0.6746651785714285,0.6826568265682657
1767328451,847518311,865_1767328451-847518311.png,0,0,0,0,0.0,0.0,995.45,265.25,-965.0,-619.0,-5457.0,3033.0,59.0,-14.0,-805.62951135679,-837.4330148668477,-5708.461898298271,3732.0110624016174,267.8747217653452,-23.85633168076533,304.0746957659721,-75.03873562812817,-0.0,-0.0472211530372485,,,,,,,,,,0.5,0.5,0.8038182595217289,0.25041026176852016,0.397311080203987,0.4480031633056544,0.09913094712034176,0.5940987327406848,0.6121651785714285,0.6568265682656826
1767328451,880822266,866_1767328451-880822266.png,0,0,0,0,0.0,0.0,964.0,275.62,-1067.0,-460.0,-5165.0,2814.0,-108.0,-21.0,-843.8528092710839,-782.2365210131011,-5628.985037113383,3597.7594469688825,212.90611554254625,-23.43861651581813,294.1084674596786,-13.976603507995726,-0.0,-0.0472211530372485,,,,,,,,,,0.5,0.5,0.7837574072065981,0.2567839165094252,0.350023180343069,0.5108738631870304,0.14214169980851377,0.5526763760166447,0.5189732142857143,0.6309963099630996
1767328451,914125488,867_1767328451-914125488.png,0,0,0,0,0.0,0.0,880.04,278.91,-1140.0,-283.0,-4712.0,2274.0,-289.0,-13.0,-893.6935549345432,-709.9016920554789,-5503.0821947504965,3402.116923555259,139.1061490537275,-21.969246888909037,275.85144376754755,38.09138584136951,-0.0,-0.0472211530372485,,,,,,,,,,0.5,0.5,0.7302022669719913,0.25880603069434116,0.31617987946221604,0.5808620007908264,0.2088672853144793,0.4505390580669567,0.41796875,0.6605166051660516
1767328451,947429932,868_1767328451-947429932.png,0,0,0,0,0.0,0.0,763.24,277.6,-1108.0,-27.0,-4605.0,1715.0,-507.0,16.0,-953.2750081301376,-595.2351200819451,-5310.043865130769,3102.5264890274125,21.55438621422259,-18.371163677650777,268.49382555484766,77.92932415008532,-0.0,-0.0472211530372485,,,,,,,,,,0.5,0.5,0.6556996421577695,0.25800087276660866,0.33101529902642557,0.6820877817319099,0.22462807482692593,0.34480801967089086,0.29631696428571425,0.7675276752767527
1767328452,14039063,869_1767328452-14039063.png,0,0,0,0,0.0,0.0,691.0,271.98,-1194.0,55.0,-4449.0,1424.0,-562.0,18.0,-985.2845181775012,-492.009364162494,-5178.64023773698,2844.905165881184,-73.15919929314884,-12.308689373686642,258.1091286540031,111.5619645118712,-0.0,-0.0091172729036877,,,,,,,,,,0.5,0.5,0.6096202790021241,0.25454668379419915,0.29114510894761236,0.7145116646896006,0.2476064221534836,0.2897673538868924,0.265625,0.7749077490774907
1767328452,47343750,870_1767328452-47343750.png,0,0,0,0,0.0,0.0,608.89,262.2,-1182.0,-23.0,-4356.0,1093.0,-540.0,31.0,-1025.302147626824,-392.6604161577248,-5022.71027886431,2523.4372661222837,-167.61151088192508,-4.745899667851539,246.2122561335563,124.47278428077684,-0.0,-0.0137176848235116,,,,,,,,,,0.5,0.5,0.5572451889037016,0.2485356574329598,0.2967083912841909,0.6836694345591142,0.26130505229046996,0.22716096084736145,0.2779017857142857,0.8228782287822878
1767328452,80649658,871_1767328452-80649658.png,0,0,0,0,0.0,0.0,520.44,247.13,-1384.0,221.0,-4169.0,849.0,-615.0,30.0,-1072.2182286414022,-309.61013909036683,-4902.991249099257,2278.5645002869783,-233.0384211339456,0.3354041977788904,213.0962204933166,124.44627571105944,-0.0,-0.022872517822628,,,,,,,,,,0.5,0.5,0.500826035095329,0.23927326814217487,0.20305980528511813,0.7801502570185844,0.2888496096626897,0.1810100245886136,0.23604910714285715,0.8191881918819188
1767328452,113954834,872_1767328452-113954834.png,0,0,0,0,0.0,0.0,341.3,196.06,-1446.0,424.0,-3891.0,668.0,-754.0,18.0,-1133.808138212136,-178.21860756339333,-4726.756477690779,1964.9418773469667,-323.9902277754445,5.35303179211049,31.658784031867928,147.309272289276,-0.0,-0.0578781608406011,,,,,,,,,,0.5,0.5,0.38655891001639314,0.207884401448055,0.17431617987946213,0.8604191379992092,0.3297982029754014,0.1467751087573293,0.15848214285714285,0.7749077490774907
1767328452,147260742,873_1767328452-147260742.png,0,0,0,0,0.0,0.0,260.33,174.85,-1499.0,424.0,-4083.0,610.0,-686.0,17.0,-1184.2603440706528,-90.1490578375664,-4621.91063837114,1770.0255109521445,-380.7213893652008,7.112043809544177,44.36116313934321,147.9097988605498,-0.0,-0.0862992933737742,,,,,,,,,,0.5,0.5,0.3349109859478354,0.19484821851125683,0.14974501622624015,0.8604191379992092,0.30151716011194585,0.13580480423680727,0.1964285714285714,0.7712177121771218
1767328452,180559570,874_1767328452-180559570.png,0,0,0,0,0.0,0.0,190.79,155.81,-1464.0,366.0,-4057.0,586.0,-702.0,22.0,-1227.1208161434297,-20.20817609855677,-4540.746264888566,1598.2091708659018,-426.8139508921088,9.010595221340653,52.66689455509181,136.5369060039519,-0.0,-0.064233492979904,,,,,,,,,,0.5,0.5,0.29055385812608037,0.1831457704623819,0.1659712563745943,0.8374851720047449,0.30534688466637205,0.1312653678834878,0.1875,0.7896678966789668
1767328452,213859619,875_1767328452-213859619.png,0,0,0,0,0.0,0.0,134.72,139.03,-1472.0,416.0,-4011.0,583.0,-733.0,30.0,-1262.486490693005,40.7967996527776,-4465.839155684115,1449.9103407271637,-469.8632771118344,11.634219319525986,76.79351824522013,38.633020401000856,-0.0,-0.0501879723249333,,,,,,,,,,0.5,0.5,0.25478877102562303,0.17283237349493855,0.16226240148354187,0.8572558323448003,0.3121225511857417,0.1306979383393229,0.17020089285714285,0.8191881918819188
1767328452,247158936,876_1767328452-247158936.png,0,0,0,0,0.0,0.0,92.17,125.14,-1368.0,264.0,-4023.0,657.0,-782.0,24.0,-1283.4847376584846,83.40935585368827,-4388.990334411948,1310.915801708445,-522.5035012196553,13.930678786276644,70.14217942953104,109.328080177307,-0.0,-0.04092650547745,,,,,,,,,,0.5,0.5,0.22764761789338728,0.16429524096348513,0.2104775150672229,0.797153024911032,0.3103549860067757,0.14469453376205788,0.14285714285714285,0.7970479704797048
1767328452,313759521,877_1767328452-313759521.png,0,0,0,0,0.0,0.0,48.82,112.43,-1406.0,194.0,-4057.0,687.0,-720.0,6.0,-1300.5483956591895,109.60573677421554,-4325.524256538033,1200.684113191893,-559.609645974448,14.82716318597739,50.91840496659274,95.31650996208178,-0.0,-0.0735338432975947,,,,,,,,,,0.5,0.5,0.19999617281036913,0.1564833651913633,0.1928604543347241,0.7694741004349546,0.30534688466637205,0.1503688292037072,0.17745535714285715,0.7306273062730627
1767328452,347060791,878_1767328452-347060791.png,0,0,0,0,0.0,0.0,42.15,112.45,-1389.0,153.0,-4037.0,687.0,-731.0,5.0,-1317.7303377344897,121.67779224821648,-4277.893135421012,1111.9110088052048,-588.0018803484712,13.240398916300972,45.75424015521998,99.44726157188404,-0.0,-0.1111366532122271,,,,,,,,,,0.5,0.5,0.19574161367072138,0.15649565767880957,0.20074177097821044,0.7532621589561092,0.3082928266313154,0.1503688292037072,0.1713169642857143,0.7269372693726937
1767328452,380361328,879_1767328452-380361328.png,0,0,0,0,0.0,0.0,40.14,112.37,-1376.0,157.0,-3948.0,667.0,-780.0,5.0,-1328.870364810053,127.4528023106051,-4228.20798881084,1036.669289491437,-617.1490013025576,11.816321794975892,36.40376591682429,106.09475111961352,-0.0,-0.1238170069952368,,,,,,,,,,0.5,0.5,0.19445950514438073,0.1564464877290244,0.20676866017617057,0.7548438117833136,0.32140226837531305,0.146585965575941,0.1439732142857143,0.7269372693726937
1767328452,413663330,880_1767328452-413663330.png,0,0,0,0,0.0,0.0,39.31,112.81,-1641.0,337.0,-3942.0,610.0,-832.0,-1.0,-1382.6553728620484,164.78825600612865,-4152.233451696881,927.1711497648369,-672.5209229103876,8.893389578967769,25.817822247743557,84.75807499885546,-0.0,-0.1266743495781832,,,,,,,,,,0.5,0.5,0.19393007724544406,0.1567169224528429,0.08391284191006021,0.8260181890075129,0.322286050964796,0.13580480423680727,0.11495535714285715,0.7047970479704797
1767328452,446964600,881_1767328452-446964600.png,0,0,0,0,0.0,0.0,39.31,112.81,-1641.0,337.0,-3942.0,610.0,-832.0,-1.0,-1398.4879161574534,175.34218129176756,-4139.349381828628,907.7334474354452,-682.2945319871666,8.287077303064793,41.36090436577792,98.39580273628222,-0.0,-0.1025935502802709,,,,,,,,,,0.5,0.5,0.19393007724544406,0.1567169224528429,0.08391284191006021,0.8260181890075129,0.322286050964796,0.13580480423680727,0.11495535714285715,0.7047970479704797
1767328452,480267090,882_1767328452-480267090.png,0,0,0,0,0.0,0.0,39.47,113.11,-1431.0,442.0,-4020.0,661.0,-703.0,0.0,-1426.635219411316,218.30788385236977,-4112.206105472412,860.5597564417624,-702.308795595613,6.146484396358708,30.817430973052925,93.63013505935656,-0.0,-0.1368563788400277,,,,,,,,,,0.5,0.5,0.19403213563560054,0.15690130976453737,0.18127028280018542,0.8675365757216291,0.31079687730151717,0.14545110648761111,0.1869419642857143,0.7084870848708487
1767328452,513568848,883_1767328452-513568848.png,0,0,0,0,0.0,0.0,39.73,112.88,-1429.0,371.0,-3831.0,675.0,-724.0,7.0,-1427.2669564632474,252.61437292470853,-4084.6885799718216,826.9305166081248,-703.7152234279718,5.513262406010509,23.69891911745066,77.42308211326586,-0.0,-0.0754822249712789,,,,,,,,,,0.5,0.5,0.1941979805196048,0.15675994615890498,0.18219749652294848,0.8394622380387504,0.33863602887023125,0.14809911102704748,0.1752232142857143,0.7343173431734317
1767328452,546872070,884_1767328452-546872070.png,0,0,0,0,0.0,0.0,39.81,112.76,-1454.0,205.0,-3882.0,636.0,-791.0,8.0,-1429.8290481695258,258.0497473779233,-4045.4626906645353,797.1447670912266,-713.2845176833938,5.86069895912542,23.69891911745066,77.42308211326586,-0.0,-0.0934904139709706,,,,,,,,,,0.5,0.5,0.19424900971468304,0.15668619123422717,0.1706073249884098,0.7738236457097667,0.33112387685962585,0.14072252695290335,0.1378348214285714,0.7380073800738007
1767328452,580174561,885_1767328452-580174561.png,0,0,0,0,0.0,0.0,39.97,113.09,-1456.0,181.0,-3837.0,628.0,-799.0,2.0,-1434.243814857512,246.03035340359196,-4011.867034534357,768.3457811486501,-727.6655443860328,5.5175253157482365,89.54265362024302,74.93715143203723,-0.0,-0.0897564303246863,,,,,,,,,,0.5,0.5,0.1943510681048395,0.1568890172770911,0.16968011126564664,0.7643337287465402,0.3377522462807483,0.13920938150179687,0.1333705357142857,0.7158671586715867
1767328452,646781494,886_1767328452-646781494.png,0,0,0,0,0.0,0.0,41.87,113.2,-1420.0,273.0,-3985.0,583.0,-779.0,2.0,-1438.7184568660352,247.3165064258039,-4001.588056791395,734.2599995015794,-737.3818431683295,5.952589649940311,92.29594838619226,73.72162604331957,-0.0,-0.0897564303246863,,,,,,,,,,0.5,0.5,0.19556301148794755,0.15695662595804571,0.18636995827538239,0.800711743772242,0.31595227574016793,0.1306979383393229,0.14453125,0.7158671586715867
1767328452,680085938,887_1767328452-680085938.png,0,0,0,0,0.0,0.0,44.5,112.86,-1404.0,222.0,-3898.0,567.0,-740.0,1.0,-1434.5030447986255,248.6295247432464,-3993.38960752146,707.1392183604675,-742.1840496694982,5.208232249081257,94.73740482330317,71.2742402553557,-0.0,-0.0897564303246863,,,,,,,,,,0.5,0.5,0.19724059627614451,0.15674765367145865,0.19378766805748726,0.7805456702253856,0.3287671232876712,0.1276716474371099,0.16629464285714285,0.7121771217712176
1767328452,713389648,888_1767328452-713389648.png,0,0,0,0,0.0,0.0,49.92,112.84,-1429.0,190.0,-4006.0,585.0,-677.0,3.0,-1431.5743384112138,242.77406765503665,-3986.058392187145,687.7481254951082,-738.003721391117,4.715381844687787,118.23320853710167,123.77195501327502,-0.0,-0.0897564303246863,,,,,,,,,,0.5,0.5,0.20069782424269486,0.15673536118401238,0.18219749652294848,0.7678924476077501,0.31285903667697745,0.1310762247020995,0.20145089285714285,0.7195571955719556
1767328452,746694580,889_1767328452-746694580.png,0,0,0,0,0.0,0.0,60.61,112.57,-1445.0,141.0,-4102.0,603.0,-667.0,13.0,-1432.5775097981964,229.2191540135452,-3998.1929892532658,671.6206183590035,-726.5562328733288,5.323972768398339,101.33289587497704,134.01114082336414,-0.0,-0.0897564303246863,,,,,,,,,,0.5,0.5,0.2075166004350239,0.15656941260348736,0.1747797867408437,0.7485172004744959,0.2987185152452497,0.1344808019670891,0.20703125,0.7564575645756457
1767328452,779999023,890_1767328452-779999023.png,0,0,0,0,0.0,0.0,78.43,113.05,-1400.0,176.0,-4181.0,659.0,-675.0,9.0,-1429.377719765762,218.1318941534008,-4025.51881254401,666.4153901315099,-717.2144385095831,6.175263655707868,106.66544818878168,123.5306553840636,-0.0,-0.0897564303246863,,,,,,,,,,0.5,0.5,0.21888335363870057,0.1568644323021985,0.19564209550301337,0.7623566627125345,0.28708204448372365,0.1450728201248345,0.2025669642857143,0.7416974169741697
1767328452,813304688,891_1767328452-813304688.png,0,0,0,0,0.0,0.0,104.73,113.96,-1389.0,181.0,-4028.0,689.0,-686.0,21.0,-1423.7745212705777,212.56451580573568,-4030.078219946525,668.895351023751,-712.3478689437628,8.014118699594288,173.43547630310053,116.07128715515124,-0.0,-0.0897564303246863,,,,,,,,,,0.5,0.5,0.23565920152067005,0.157423740481005,0.20074177097821044,0.7643337287465402,0.30961850051553985,0.15074711556648382,0.1964285714285714,0.7859778597785977
1767328452,846609619,892_1767328452-846609619.png,0,0,0,0,0.0,0.0,144.2,116.29,-1360.0,221.0,-4016.0,761.0,-631.0,22.0,-1415.243444002635,212.70099812570533,-4028.348536824909,680.390054263439,-701.959973094666,10.032011082581135,186.29396939277643,102.0975453853606,-0.0,-0.0897564303246863,,,,,,,,,,0.5,0.5,0.2608357306423938,0.15885581526849862,0.21418636995827534,0.7801502570185844,0.3113860656945059,0.1643654246264422,0.2271205357142857,0.7896678966789668
1767328452,879916016,893_1767328452-879916016.png,0,0,0,0,0.0,0.0,270.37,128.82,-1186.0,24.0,-4128.0,1055.0,-524.0,13.0,-1385.648356053341,198.157434485586,-4040.5853640569753,727.4555075050147,-674.8602888277989,11.719582623524266,219.60131609439844,91.0914738178252,-0.0,-0.0897564303246863,,,,,,,,,,0.5,0.5,0.34131514993015377,0.16655705865360382,0.2948539638386648,0.7022538552787663,0.2948887906908234,0.21997351995460565,0.28683035714285715,0.7564575645756457
1767328452,913221680,894_1767328452-913221680.png,0,0,0,0,0.0,0.0,324.66,145.04,-1064.0,-147.0,-4346.0,1224.0,-427.0,-8.0,-1340.1043660215378,152.5840144308635,-4075.421870035904,799.3557387513507,-640.0102762713054,10.04028166893827,288.2618559598922,18.21927237510669,-0.0,-0.0897564303246863,,,,,,,,,,0.5,0.5,0.37594483744012047,0.17652626597255083,0.3514140009272137,0.6346381969157769,0.26277802327294153,0.2519387176092302,0.3409598214285714,0.6789667896678966
1767328452,979834717,895_1767328452-979834717.png,0,0,0,0,0.0,0.0,420.54,158.13,-1054.0,-291.0,-4460.0,1541.0,-357.0,-14.0,-1291.2008347134918,83.70182026559516,-4135.726966890054,910.4051234211277,-594.8816442309824,6.0451718808590815,301.6610333323478,-0.5413439273835436,-0.0,-0.0566663995185907,,,,,,,,,,0.5,0.5,0.43710332774138405,0.18457169900615236,0.35605006954102913,0.5776986951364176,0.2459861540727648,0.31189710610932475,0.3800223214285714,0.6568265682656826
1767328453,13142334,896_1767328453-13142334.png,0,0,0,0,0.0,0.0,587.42,186.22,-835.0,-374.0,-4551.0,1959.0,-237.0,17.0,-1228.7978074084108,-12.257704618360624,-4185.247711959355,1061.1563416458316,-540.401650901433,3.545963499723659,304.4775789380073,-55.21362113952649,-0.0,-0.1082359621174257,,,,,,,,,,0.5,0.5,0.5435502286745804,0.20183649762447678,0.45757997218358826,0.5448793989719256,0.2325821181322728,0.39095895592963875,0.4469866071428571,0.7712177121771218
1767328453,46449219,897_1767328453-46449219.png,0,0,0,0,0.0,0.0,647.96,199.27,-827.0,-270.0,-4781.0,2044.0,-118.0,45.0,-1139.610076450408,-77.90161946288482,-4300.632671141682,1274.264043421783,-455.1855331427271,10.64784802167769,311.8298721313476,-62.8045291900636,-0.0,-0.1173266520839586,,,,,,,,,,0.5,0.5,0.5821665720500342,0.2098573456831857,0.46128882707464064,0.5860023724792408,0.198703785535425,0.4070361263476452,0.5133928571428571,0.8745387453874538
1767328453,79757324,898_1767328453-79757324.png,0,0,0,0,0.0,0.0,706.06,214.66,-790.0,-309.0,-4876.0,2120.0,-40.0,47.0,-1088.4824599571596,-111.69786896540305,-4384.775440798911,1397.946015295999,-394.4680420235104,15.964053160620798,299.88845127820963,-147.07240653038036,-0.0,-0.0985520774816116,,,,,,,,,,0.5,0.5,0.6192265249756017,0.21931641477311137,0.4784422809457579,0.5705812574139976,0.1847105612019444,0.4214110081331568,0.5569196428571428,0.8819188191881918
1767328453,146373047,899_1767328453-146373047.png,0,0,0,0,0.0,0.0,808.37,225.98,-760.0,-523.0,-4882.0,2146.0,40.0,39.0,-1020.9468374380664,-171.0174215619377,-4468.295335668337,1525.8052089196676,-319.9515431250262,20.79518427464091,287.6694800257682,-223.3352689743043,-0.0,-0.0968153454341187,,,,,,,,,,0.5,0.5,0.6844864868312783,0.2262739626677156,0.4923504867872044,0.48596283115856065,0.18382677861246133,0.4263287308492529,0.6015625,0.8523985239852399
1767328453,179674072,900_1767328453-179674072.png,0,0,0,0,0.0,0.0,847.09,228.06,-656.0,-587.0,-5094.0,2192.0,67.0,49.0,-966.4385238082627,-237.63806675292835,-4558.97712877504,1637.1482901210295,-255.30236698252108,24.84631455838929,307.1254123449325,-215.49188470840463,-0.0,-0.1164027138116406,,,,,,,,,,0.5,0.5,0.7091846172491437,0.22755238136213052,0.5405656003708854,0.46065638592328984,0.15259979378406252,0.4350293171931152,0.6166294642857143,0.8892988929889298
1767328453,212976563,901_1767328453-212976563.png,0,0,0,0,0.0,0.0,881.55,228.89,-592.0,-530.0,-5094.0,2240.0,93.0,38.0,-905.185560621979,-291.24122061839046,-4651.43792321424,1738.7388773444366,-196.51404367852484,27.7135235204433,338.774599969387,-213.49887013435372,-0.0,-0.0824636398174804,,,,,,,,,,0.5,0.5,0.731165443029093,0.2280625195911518,0.5702364394993045,0.4831949387109529,0.15259979378406252,0.44410818989975415,0.6311383928571428,0.8487084870848708
1767328453,246278076,902_1767328453-246278076.png,0,0,0,0,0.0,0.0,937.33,229.89,-879.0,-162.0,-5008.0,2186.0,105.0,76.0,-877.4927859697092,-296.06807097042497,-4730.3081298941015,1822.878434587417,-142.5391433515708,31.940278451072277,337.5767303705215,-210.72636032104504,-0.0,-0.0824636398174804,,,,,,,,,,0.5,0.5,0.7667455492973918,0.22867714396346672,0.4371812702828001,0.6287069988137604,0.16526734423331868,0.43389445810478533,0.6378348214285714,0.9889298892988929
1767328453,279581055,903_1767328453-279581055.png,0,0,0,0,0.0,0.0,937.33,229.89,-879.0,-162.0,-5008.0,2186.0,105.0,76.0,-877.6718631477942,-280.1389916637145,-4763.301636772569,1866.0221314539876,-113.12818355017134,37.175162444736,337.5767303705215,-210.72636032104504,-0.0,-0.0824636398174804,,,,,,,,,,0.5,0.5,0.7667455492973918,0.22867714396346672,0.4371812702828001,0.6287069988137604,0.16526734423331868,0.43389445810478533,0.6378348214285714,0.9889298892988929
1767328453,312883301,904_1767328453-312883301.png,0,0,0,0,0.0,0.0,984.14,230.61,-651.0,-282.0,-4868.0,2306.0,64.0,60.0,-865.4727719959725,-264.9959422743252,-4798.779869042657,1937.4614987203452,-69.72012784515888,44.178384708352525,368.06545341014856,-198.79592776298531,-0.0,-0.0824636398174804,,,,,,,,,,0.5,0.5,0.7966040070675435,0.2291196735115334,0.5428836346777932,0.5812574139976275,0.18588893798792172,0.4565916398713827,0.6149553571428571,0.9298892988929889
1767328453,346186768,905_1767328453-346186768.png,0,0,0,0,0.0,0.0,1003.93,231.37,-714.0,-282.0,-5037.0,2306.0,210.0,59.0,-839.8096165857163,-267.4826467510787,-4824.19787712843,1991.3572426523588,-36.95110803055441,46.40166291698911,392.9512170553207,-197.02587175369277,-0.0,-0.0824636398174804,,,,,,,,,,0.5,0.5,0.8092273542000217,0.22958678803449273,0.5136764024107556,0.5812574139976275,0.16099572838415088,0.4565916398713827,0.6964285714285714,0.9261992619926198
1767328453,379489746,906_1767328453-379489746.png,0,0,0,0,0.0,0.0,1021.49,231.95,-631.0,-304.0,-4942.0,2287.0,291.0,39.0,-808.2061258906614,-272.6053794575259,-4849.686330789214,2043.4752571764589,15.3500077446924,46.20259637910012,424.0093275308608,-198.96629905700692,-0.0,-0.0824636398174804,,,,,,,,,,0.5,0.5,0.8204282625196941,0.2299432701704353,0.5521557719054242,0.5725583234480032,0.17498895271763149,0.4529979194250047,0.7416294642857142,0.8523985239852399
1767328453,446097168,907_1767328453-446097168.png,0,0,0,0,0.0,0.0,1036.79,232.35,-540.0,-377.0,-4887.0,2328.0,260.0,38.0,-778.9158298743216,-282.9422520929682,-4855.67672400442,2076.119905274632,45.29529673971542,45.256327905689616,424.8848386406898,-200.17165088653576,-0.0,-0.0824636398174804,,,,,,,,,,0.5,0.5,0.8301875960784063,0.23018911991936125,0.594343996291145,0.5436931593515223,0.1830902931212255,0.46075278986192547,0.7243303571428571,0.8487084870848708
1767328453,479401855,908_1767328453-479401855.png,0,0,0,0,0.0,0.0,1069.3,229.98,-549.0,-507.0,-4895.0,2494.0,230.0,79.0,-738.8342742117138,-330.4648337557048,-4856.441376522438,2156.3188431163253,93.36734621097256,46.97080990065575,435.2475860714912,-198.7070882320405,-0.0,-0.0824636398174804,,,,,,,,,,0.5,0.5,0.8509245852283237,0.22873246015697501,0.5901715345387111,0.4922894424673784,0.18191191633524817,0.4921505579723851,0.7075892857142857,1.0
1767328453,512705811,909_1767328453-512705811.png,0,0,0,0,0.0,0.0,1089.3,228.27,-488.0,-562.0,-4911.0,2544.0,337.0,78.0,-705.5518357638888,-361.2593639963346,-4863.528319696141,2210.227138894447,123.03265384195446,51.564313468546544,476.2589370012283,-186.55957198143017,-0.0,-0.0824636398174804,,,,,,,,,,0.5,0.5,0.8636818839978823,0.22768145248031663,0.6184515530829856,0.4705417160933175,0.17955516276329364,0.5016077170418007,0.7672991071428571,0.9963099630996309
1767328453,546011230,910_1767328453-546011230.png,0,0,0,0,0.0,0.0,1111.95,226.03,-353.0,-514.0,-4989.0,2550.0,332.0,62.0,-661.518654762765,-386.27186262830014,-4877.529955578974,2259.5817144270127,153.8711109416329,53.98225696779839,521.4758843183516,-188.3665966987611,-0.0,-0.0824636398174804,,,,,,,,,,0.5,0.5,0.8781295248544074,0.22630469388633134,0.6810384793694946,0.48952155001977066,0.1680659891000148,0.5027425761301305,0.7645089285714285,0.9372693726937269
1767328453,579315674,911_1767328453-579315674.png,0,0,0,0,0.0,0.0,1135.2,221.49,-480.0,-547.0,-5022.0,2612.0,293.0,45.0,-631.489620847865,-408.8719000673593,-4897.752379793228,2309.419444182436,175.28728378271506,53.13495907313168,553.4213248491286,-177.53060984611523,-0.0,-0.0748040307982586,,,,,,,,,,0.5,0.5,0.8929598846740192,0.2235142992360219,0.6221604079740379,0.4764729141953341,0.1632051848578583,0.5144694533762059,0.7427455357142857,0.8745387453874538
1767328453,612621582,912_1767328453-612621582.png,0,0,0,0,0.0,0.0,1159.63,218.75,-306.0,-685.0,-5201.0,2652.0,410.0,52.0,-588.6619754865353,-445.4682508757826,-4937.190172045444,2358.421912427409,206.40297079974883,52.77698138085557,574.4369683265685,-170.45167541503918,-0.0,-0.0643786821914474,,,,,,,,,,0.5,0.5,0.908542925121035,0.22183022845587919,0.7028280018544274,0.42190589165678133,0.13683900427161588,0.5220351806317383,0.8080357142857142,0.9003690036900368
1767328453,645926758,913_1767328453-645926758.png,0,0,0,0,0.0,0.0,1212.89,213.27,-328.0,-720.0,-5578.0,2757.0,650.0,13.0,-549.4245598846403,-494.187082474175,-5027.245990472372,2417.2428175970645,262.37715827760564,51.00369432503204,574.4369683265685,-170.45167541503918,-0.0,-0.0681527812541711,,,,,,,,,,0.5,0.5,0.9425156117443694,0.21846208689559377,0.6926286509040334,0.40806642941874255,0.08130799823243484,0.541895214677511,0.9419642857142856,0.7564575645756457
1767328453,679233154,914_1767328453-679233154.png,0,0,0,0,0.0,0.0,1238.62,212.27,-471.0,-682.0,-5384.0,2777.0,540.0,-17.0,-524.1007692336661,-529.772145044793,-5104.867662822015,2477.76854837624,319.4093817257822,41.720916091383,590.7826997041701,-156.78571963310253,-0.0,-0.0693239575444072,,,,,,,,,,0.5,0.5,0.9589278766114062,0.21784746252327886,0.6263328697264718,0.42309213127718465,0.10988363529238476,0.5456780783052771,0.8805803571428571,0.6457564575645756
1767328453,712539063,915_1767328453-712539063.png,0,0,0,0,0.0,0.0,1260.58,210.48,-484.0,-510.0,-4956.0,2714.0,378.0,-6.0,-517.5117641326025,-536.4675839385793,-5106.952891348186,2515.8269679919263,337.00735331691993,34.12900299171923,635.2447930574416,-134.2541518211366,-0.0,-0.0746474789126322,,,,,,,,,,0.5,0.5,0.9729353906603816,0.21674728489683526,0.6203059805285118,0.49110320284697506,0.1729267933421712,0.5337620578778136,0.7901785714285714,0.6863468634686346
1767328453,779152344,916_1767328453-779152344.png,0,0,0,0,0.0,0.0,1277.6,209.33,-629.0,-486.0,-5136.0,2717.0,285.0,15.0,-529.8388811371498,-529.7453952164657,-5106.263671230989,2545.164594464086,331.9525494821871,30.75554502607369,641.774046063423,-131.8514723777772,-0.0,-0.0827674434587313,,,,,,,,,,0.5,0.5,0.9837918519132759,0.21604046686867318,0.5530829856281873,0.5005931198102016,0.14641331565768156,0.5343294874219785,0.73828125,0.7638376383763837
1767328453,812459961,917_1767328453-812459961.png,0,0,0,0,0.0,0.0,1290.25,209.24,-645.0,-484.0,-5299.0,2647.0,326.0,33.0,-546.2413982950512,-523.110361935428,-5129.978945585517,2561.9771823068863,329.9574710055395,30.59006598619781,641.774046063423,-131.8514723777772,-0.0,-0.0639983745863956,,,,,,,,,,0.5,0.5,0.9918608433850217,0.21598515067516488,0.5456652758460825,0.5013839462238039,0.1224038886433938,0.5210894647247968,0.7611607142857142,0.8302583025830258
1767328453,845766846,918_1767328453-845766846.png,0,0,0,0,0.0,0.0,1303.01,211.4,-746.0,-627.0,-5115.0,2490.0,213.0,36.0,-587.1652887922046,-538.2173574756456,-5142.990786480441,2556.1310460319064,315.2548424501244,32.19826019439367,638.8655464649199,-140.22488474845898,-0.0,-0.0611839383103837,,,,,,,,,,0.5,0.5,1.0,0.21731273931936496,0.4988409828465461,0.44483985765124556,0.14950655472087204,0.49139398524683187,0.6981026785714285,0.8413284132841328
1767328453,879075195,919_1767328453-879075195.png,0,0,0,0,0.0,0.0,1301.38,218.49,-936.0,-456.0,-5024.0,2439.0,45.0,22.0,-627.5892751032592,-535.7249562829351,-5130.661523678285,2541.8442309974907,285.0962815102917,31.48718141217048,638.4266869425772,-161.63076972961437,-0.0,-0.0629137531267533,,,,,,,,,,0.5,0.5,0.998960280150281,0.22167042611907734,0.41075567918405187,0.5124555160142349,0.16291059066136404,0.481747682996028,0.6043526785714285,0.7896678966789668
1767328453,912382568,920_1767328453-912382568.png,0,0,0,0,0.0,0.0,1291.97,224.57,-896.0,-376.0,-5144.0,2357.0,52.0,1.0,-667.9392883377803,-514.5607633873581,-5129.320751918273,2517.0614063773533,250.81585611500668,27.604677896911127,609.2464900016784,-173.775706768036,-0.0,-0.0616842902393501,,,,,,,,,,0.5,0.5,0.9929579710792037,0.22540734230275167,0.42929995363931384,0.5440885725583234,0.14523493887170424,0.4662379421221865,0.6082589285714285,0.7121771217712176
1767328453,945691406,921_1767328453-945691406.png,0,0,0,0,0.0,0.0,1284.67,231.04,-853.0,-321.0,-5078.0,2246.0,25.0,6.0,-696.1823286873976,-487.7626487855322,-5123.625789571331,2480.4654497383344,218.53270099331544,24.30802803061505,604.222269296646,-175.70581722259533,-0.0,-0.0542805962949003,,,,,,,,,,0.5,0.5,0.9883015570283149,0.2293839619916288,0.4492350486787204,0.5658362989323843,0.15495654735601716,0.445243048988084,0.5931919642857143,0.7306273062730627
1767328453,978999512,922_1767328453-978999512.png,0,0,0,0,0.0,0.0,1284.67,238.57,-741.0,-424.0,-5061.0,2125.0,-36.0,7.0,-701.5072672466912,-480.1867936101808,-5116.185008470309,2438.231401775293,188.29081304097707,22.251602894139012,563.0268805027007,-179.7457232475282,-0.0,-0.0625239840314438,,,,,,,,,,0.5,0.5,0.9883015570283149,0.23401208351515967,0.5011590171534538,0.5251087386318702,0.15746059802621892,0.4223567240400984,0.5591517857142857,0.7343173431734317
1767328454,12309082,923_1767328454-12309082.png,0,0,0,0,0.0,0.0,1256.1,246.64,-847.0,-346.0,-4896.0,1956.0,-135.0,8.0,-719.8769738659757,-462.7024913796896,-5088.510445948967,2372.344409637148,143.7275910307816,20.13999398445462,509.767465531826,-180.08818531036388,-0.0,-0.0625239840314438,,,,,,,,,,0.5,0.5,0.9700777557360004,0.23897210219974058,0.45201668984700966,0.5559509687623566,0.18176461923700105,0.3903915263854738,0.50390625,0.7380073800738007
1767328454,45617676,924_1767328454-45617676.png,0,0,0,0,0.0,0.0,1143.44,262.55,-1060.0,-142.0,-4649.0,1580.0,-324.0,-2.0,-754.2316819716989,-426.7450813162852,-5040.646251269318,2267.968846878361,79.31554611999866,17.845850193257206,420.2945420742034,-127.56080961227428,-0.0,-0.0625239840314438,,,,,,,,,,0.5,0.5,0.8982158917670773,0.24875077596327005,0.35326842837273986,0.6366152629497825,0.21814700250405072,0.3192736901834689,0.3984375,0.7011070110701106
1767328454,78927734,925_1767328454-78927734.png,0,0,0,0,0.0,0.0,1070.29,265.09,-1142.0,-44.0,-4575.0,1413.0,-415.0,-2.0,-822.3675808955434,-361.33558165859455,-4956.182112529809,2116.2488490646188,-9.004258318967125,13.90517794395255,356.4674313664436,-92.477362394333,-0.0,-0.0625239840314438,,,,,,,,,,0.5,0.5,0.8515560715174169,0.25031192186894974,0.3152526657394529,0.675365757216291,0.22904698777434085,0.287686778891621,0.34765625,0.7011070110701106
1767328454,145546875,926_1767328454-145546875.png,0,0,0,0,0.0,0.0,987.45,265.02,-1271.0,-25.0,-4477.0,1268.0,-469.0,2.0,-884.4381347101593,-312.6703922374881,-4888.7936335330805,1996.1765135545584,-74.79373951454788,12.054429134245066,324.4106849431991,-25.58964967727673,-0.0,-0.0625239840314438,,,,,,,,,,0.5,0.5,0.7987153400139055,0.2502688981628877,0.2554473806212332,0.682878608145512,0.24348210340256304,0.2602610175903159,0.3175223214285714,0.7158671586715867
1767328454,178851318,927_1767328454-178851318.png,0,0,0,0,0.0,0.0,709.83,256.43,-1313.0,92.0,-4303.0,903.0,-505.0,-6.0,-998.614938040855,-208.00554440569448,-4744.316419621085,1688.4315793306953,-190.93175498014955,12.379551004331995,282.6017500162124,30.186530351638677,-0.0,-0.0625239840314438,,,,,,,,,,0.5,0.5,0.6216312757936635,0.24498927480470306,0.23597589244320816,0.7291419533412415,0.2691117984975696,0.19122375638358238,0.2974330357142857,0.6863468634686346
1767328454,212157227,928_1767328454-212157227.png,0,0,0,0,0.0,0.0,709.83,256.43,-1313.0,92.0,-4303.0,903.0,-505.0,-6.0,-1008.4007167295284,-198.6673530659588,-4730.579682935259,1663.9836632543763,-200.7076721937472,11.807455697370644,278.9768404960632,56.9022967815398,-0.0,-0.0625239840314438,,,,,,,,,,0.5,0.5,0.6216312757936635,0.24498927480470306,0.23597589244320816,0.7291419533412415,0.2691117984975696,0.19122375638358238,0.2974330357142857,0.6863468634686346
1767328454,245462402,929_1767328454-245462402.png,0,0,0,0,0.0,0.0,620.82,250.72,-1325.0,191.0,-4136.0,827.0,-603.0,-23.0,-1054.03191727861,-147.19975931917548,-4652.935526516708,1545.8177384915264,-254.07730342057195,7.6646974969961885,261.35245507955545,113.02251505851731,-0.0,-0.0625239840314438,,,,,,,,,,0.5,0.5,0.5648549176197433,0.24147976963878526,0.2304126101066295,0.7682878608145511,0.2937104139048461,0.17684887459807075,0.2427455357142857,0.6236162361623616
1767328454,278768799,930_1767328454-278768799.png,0,0,0,0,0.0,0.0,543.88,242.82,-1484.0,269.0,-4036.0,666.0,-691.0,2.0,-1119.7510060590178,-79.48580864983285,-4551.719187182528,1402.4652008693351,-324.8324885647444,5.335665223124779,248.3288863897323,133.25041651725758,-0.0,-0.0625239840314438,,,,,,,,,,0.5,0.5,0.5157775892532515,0.23662423709749786,0.15669911914696333,0.7991300909450376,0.30844012372956253,0.14639682239455268,0.19363839285714285,0.7158671586715867
1767328454,312074463,931_1767328454-312074463.png,0,0,0,0,0.0,0.0,471.76,232.77,-1487.0,419.0,-4065.0,629.0,-701.0,22.0,-1163.3850966180294,-20.25902988157181,-4493.890440363022,1310.5671938610428,-369.5262182416778,7.315610994948224,245.16504561901087,113.35695290565478,-0.0,-0.0625239840314438,,,,,,,,,,0.5,0.5,0.46977476989022343,0.23044726215573352,0.1553082985628187,0.8584420719652036,0.30416850788039484,0.13939852468318517,0.1880580357142857,0.7896678966789668
1767328454,345381348,932_1767328454-345381348.png,0,0,0,0,0.0,0.0,404.03,212.75,-1439.0,310.0,-3918.0,583.0,-746.0,21.0,-1212.2914925668106,39.71183089239135,-4398.273535378401,1186.0539944758293,-433.39124821480647,9.70707427555259,234.6860569119453,74.60414648056017,-0.0,-0.0799079629170949,,,,,,,,,,0.5,0.5,0.42657217760711347,0.21814248222199,0.17756142790913299,0.8153420324238829,0.32582118132272797,0.1306979383393229,0.16294642857142855,0.7859778597785977
1767328454,411995117,933_1767328454-411995117.png,0,0,0,0,0.0,0.0,309.9,174.63,-1406.0,110.0,-3931.0,552.0,-703.0,16.0,-1251.6195194863406,66.95995294174126,-4310.460587643996,1067.069530215765,-490.167661490205,10.30826114556288,234.6860569119453,74.60414648056017,-0.0,-0.090381765146885,,,,,,,,,,0.5,0.5,0.36652995094818624,0.19471300114934756,0.1928604543347241,0.7362593910636616,0.3239063190455148,0.12483449971628524,0.1869419642857143,0.7675276752767527
1767328454,445302002,934_1767328454-445302002.png,0,0,0,0,0.0,0.0,309.9,159.15,-1299.0,-74.0,-3991.0,569.0,-725.0,9.0,-1265.5859873779432,52.53632433388902,-4252.012328969726,980.076830158784,-529.5625011898296,10.460194097409662,196.984270453453,100.26071643829331,-0.0,-0.090381765146885,,,,,,,,,,0.5,0.5,0.36652995094818624,0.18519861586591352,0.24246638850254976,0.6635033610122578,0.31506849315068497,0.12804993379988652,0.17466517857142855,0.7416974169741697
1767328454,478610107,935_1767328454-478610107.png,0,0,0,0,0.0,0.0,254.08,144.97,-1249.0,1.0,-3968.0,564.0,-780.0,14.0,-1264.531845153447,42.94242375969053,-4211.108701473139,919.36613642315,-564.6783735222396,10.84071949354906,202.29630196094507,96.57086682319628,-0.0,-0.090381765146885,,,,,,,,,,0.5,0.5,0.3309243300823484,0.17648324226648882,0.2656467315716272,0.6931593515223409,0.3184563264103698,0.12710421789294496,0.1439732142857143,0.7601476014760147
1767328454,511917480,936_1767328454-511917480.png,0,0,0,0,0.0,0.0,202.71,127.76,-1225.0,309.0,-4102.0,632.0,-909.0,-13.0,-1258.7506358736778,81.85116992984665,-4195.152445573329,877.3411874704174,-615.0325974268349,7.354209105848046,161.2946919202804,53.47681641578662,-0.0,-0.090381765146885,,,,,,,,,,0.5,0.5,0.2981572081927373,0.16590555681895008,0.2767732962447844,0.8149466192170819,0.2987185152452497,0.13996595422735011,0.0719866071428571,0.6605166051660516
1767328454,545226074,937_1767328454-545226074.png,0,0,0,0,0.0,0.0,123.0,112.26,-1491.0,179.0,-3992.0,632.0,-775.0,11.0,-1304.0103999333894,134.5554074433098,-4171.425860247103,816.3866542281936,-654.6441167593051,6.439997112249776,150.78427261114115,76.81797027587878,-0.0,-0.090381765146885,,,,,,,,,,0.5,0.5,0.24731299394666173,0.15637887904806974,0.15345387111729247,0.7635429023329379,0.31492119605243785,0.13996595422735011,0.14676339285714285,0.7490774907749077
1767328454,611843262,938_1767328454-611843262.png,0,0,0,0,0.0,0.0,95.72,108.92,-1321.0,262.0,-3880.0,657.0,-668.0,-8.0,-1311.4641825156698,154.37423925294567,-4124.039021555531,788.177638717723,-659.7957269551791,4.449446251613098,167.5483427047729,76.60876750946032,-0.0,-0.1089434634386083,,,,,,,,,,0.5,0.5,0.22991203842498392,0.15432603364453812,0.23226703755215572,0.7963621984974298,0.3314184710561202,0.14469453376205788,0.2064732142857143,0.6789667896678966
1767328454,645151611,939_1767328454-645151611.png,0,0,0,0,0.0,0.0,60.5,105.51,-1446.0,355.0,-3979.0,605.0,-752.0,-4.0,-1324.425092965975,206.3847642816663,-4097.265308680073,744.6123825274988,-668.97302247002,1.5834917696526831,161.67965185642237,68.77226114273058,-0.0,-0.1165283533996614,,,,,,,,,,0.5,0.5,0.20744643529179133,0.15223016453494445,0.17431617987946213,0.8331356267299328,0.3168360583296509,0.1348590883298657,0.1595982142857143,0.6937269372693726
1767328454,678461426,940_1767328454-678461426.png,0,0,0,0,0.0,0.0,50.88,104.85,-1364.0,183.0,-4009.0,540.0,-706.0,7.0,-1333.443416307623,206.9143388386977,-4081.2143636014175,710.9793366734765,-676.5943323040798,2.2272322163394387,101.55849486589426,51.54942846298206,-0.0,-0.0557989970179114,,,,,,,,,,0.5,0.5,0.20131017458363368,0.15182451244921663,0.21233194251274912,0.7651245551601423,0.312417145382236,0.1225647815396255,0.18526785714285715,0.7343173431734317
1767328454,711770508,941_1767328454-711770508.png,0,0,0,0,0.0,0.0,44.78,104.82,-1419.0,185.0,-4096.0,514.0,-625.0,22.0,-1345.9553674616309,203.7095458784268,-4083.376642089128,682.1727184982004,-669.0490828591817,5.118837911796158,100.5494686365127,52.6743948459624,-0.0,-0.0634724569318287,,,,,,,,,,0.5,0.5,0.1974191984589183,0.1518060737180472,0.18683356513676397,0.7659153815737445,0.2996022978347327,0.11764705882352941,0.23046875,0.7896678966789668
1767328454,745080811,942_1767328454-745080811.png,0,0,0,0,0.0,0.0,41.36,104.52,-1333.0,256.0,-4174.0,556.0,-589.0,14.0,-1344.060750848081,211.3565974500792,-4096.629567564388,663.7209895641184,-657.3425586919896,6.417635285917252,84.44894790649408,118.71598267555224,-0.0,-0.0874260860004174,,,,,,,,,,0.5,0.5,0.1952377003693238,0.15162168640635273,0.22670375521557717,0.7939897192566232,0.28811312417145385,0.12559107244183848,0.2505580357142857,0.7601476014760147
1767328454,778390381,943_1767328454-778390381.png,0,0,0,0,0.0,0.0,41.36,104.52,-1418.0,327.0,-4089.0,605.0,-696.0,0.0,-1354.873761768189,228.268499977538,-4095.5138056607216,655.1335247375313,-662.9958935554273,5.479108573462897,84.29854857921595,118.84580302238452,-0.0,-0.0905966041561423,,,,,,,,,,0.5,0.5,0.1952377003693238,0.15162168640635273,0.18729717199814555,0.8220640569395018,0.3006333775224629,0.1348590883298657,0.1908482142857143,0.7084870848708487
1767328454,811701172,944_1767328454-811701172.png,0,0,0,0,0.0,0.0,40.72,104.4,-1491.0,327.0,-3963.0,614.0,-819.0,-4.0,-1380.5997561159868,258.2635423276855,-4051.6103187882095,644.8167187907255,-699.8308170697348,2.6158603094055324,76.95807433128351,102.35159778594958,-0.0,-0.0859865549175144,,,,,,,,,,0.5,0.5,0.19482946680869795,0.15154793148167495,0.15345387111729247,0.8220640569395018,0.31919281190160553,0.1365613769623605,0.1222098214285714,0.6937269372693726
1767328454,845011475,945_1767328454-845011475.png,0,0,0,0,0.0,0.0,40.33,104.4,-1493.0,341.0,-4041.0,610.0,-796.0,5.0,-1396.9825162780407,269.9790746921705,-4047.9192266845366,639.8347720375904,-714.5256286559054,2.71766513627381,74.54311311244959,123.57263922691332,-0.0,-0.0455459809536695,,,,,,,,,,0.5,0.5,0.19458069948269155,0.15154793148167495,0.15252665739452942,0.8275998418347172,0.3077036382383267,0.13580480423680727,0.13504464285714285,0.7269372693726937
1767328454,911633545,946_1767328454-911633545.png,0,0,0,0,0.0,0.0,40.12,104.34,-1462.0,367.0,-4056.0,603.0,-750.0,10.0,-1409.042427687937,286.05495185907324,-4048.917097372327,633.6551375594572,-721.8786224812129,3.84329945825015,67.3556357622146,89.03741788864123,-0.0,-0.0455459809536695,,,,,,,,,,0.5,0.5,0.1944467478456112,0.15151105401933607,0.16689847009735737,0.8378805852115461,0.3054941817646193,0.1344808019670891,0.1607142857142857,0.7453874538745386
1767328454,944945557,947_1767328454-944945557.png,0,0,0,0,0.0,0.0,40.16,104.21,-1562.0,155.0,-4253.0,635.0,-752.0,-14.0,-1433.786539270381,283.3641229137661,-4057.821926377916,627.1724016682078,-729.0100744646446,3.7123269238622902,62.43531787395472,102.97877621650684,-0.0,-0.0455459809536695,,,,,,,,,,0.5,0.5,0.1944722624431503,0.1514311528509351,0.12053778395920256,0.7540529853697113,0.2764766534099279,0.14053338377151506,0.1595982142857143,0.6568265682656826
1767328454,978256836,948_1767328454-978256836.png,0,0,0,0,0.0,0.0,40.28,104.45,-1512.0,158.0,-4154.0,626.0,-822.0,-12.0,-1448.0115237954087,264.86343017010194,-4077.4052557135183,627.5025904223627,-738.707423984484,1.3030513164999156,72.0491857528686,120.2607874870299,-0.0,-0.0455459809536695,,,,,,,,,,0.5,0.5,0.19454880623576765,0.1515786627002907,0.14371812702828002,0.7552392249901146,0.2910590661363971,0.13883109513902026,0.1205357142857143,0.6642066420664207
1767328455,11569336,949_1767328455-11569336.png,0,0,0,0,0.0,0.0,40.23,104.64,-1420.0,231.0,-3970.0,582.0,-884.0,1.0,-1447.2630861998753,254.31984884424224,-4065.705721544106,620.7695895831732,-764.3133279274124,0.5626874216201668,72.31348854303354,120.01504588127123,-0.0,-0.0455459809536695,,,,,,,,,,0.5,0.5,0.19451691298884374,0.15169544133103052,0.18636995827538239,0.7841043890865955,0.31816173221387545,0.13050879515793457,0.0859375,0.7121771217712176
1767328455,44881104,950_1767328455-44881104.png,0,0,0,0,0.0,0.0,40.42,104.59,-1421.0,290.0,-3986.0,554.0,-806.0,3.0,-1443.4223244781608,259.5377793548106,-4054.0494111631247,611.0050827809663,-770.4096630337874,0.9191244672762336,117.3552297353744,122.39795136451708,-0.0,-0.0455459809536695,,,,,,,,,,0.5,0.5,0.19463810732715456,0.15166471011241478,0.18590635141400091,0.8074337682878608,0.3158049786419208,0.12521278607906186,0.1294642857142857,0.7195571955719556
1767328455,78194336,951_1767328455-78194336.png,0,0,0,0,0.0,0.0,40.57,104.86,-1446.0,300.0,-4068.0,551.0,-758.0,6.0,-1443.799288457182,265.45504844675537,-4056.089570769359,602.2298298156644,-768.5948512330414,1.6621609904923471,56.3877843022346,78.31262373924243,-0.0,-0.0455459809536695,,,,,,,,,,0.5,0.5,0.19473378706792627,0.1518306586929398,0.17431617987946213,0.8113879003558719,0.30372661658565325,0.12464535653489692,0.15625,0.7306273062730627
1767328455,111506592,952_1767328455-111506592.png,0,0,0,0,0.0,0.0,40.98,104.82,-1424.0,302.0,-3989.0,571.0,-747.0,1.0,-1440.903804329963,270.7994489478767,-4046.278269333718,597.6627224308427,-765.436780724086,1.5653253571421606,146.28683918714518,136.01375579833973,-0.0,-0.0455459809536695,,,,,,,,,,0.5,0.5,0.1949953116927022,0.1518060737180472,0.18451553082985628,0.8121787267694741,0.3153630873471793,0.12842822016266314,0.16238839285714285,0.7121771217712176
1767328455,144819824,953_1767328455-144819824.png,0,0,0,0,0.0,0.0,41.96,104.57,-1375.0,186.0,-3898.0,517.0,-751.0,-13.0,-1431.2659115454096,258.39822256257014,-4024.593784247509,585.8664584912634,-763.325519527749,-0.5647344412486556,128.6837538480758,85.75565695762621,-0.0,-0.0455459809536695,,,,,,,,,,0.5,0.5,0.19562041933241056,0.15165241762496848,0.20723226703755215,0.7663107947805456,0.3287671232876712,0.11821448836769435,0.16015625,0.6605166051660516
1767328455,178125488,954_1767328455-178125488.png,0,0,0,0,0.0,0.0,47.86,104.32,-1313.0,84.0,-4051.0,495.0,-791.0,-24.0,-1410.544227861119,243.84520518593,-4013.713026789914,574.1305470560621,-765.8410903640339,-4.331356047577641,131.69940322637552,82.85518956184374,-0.0,-0.0455459809536695,,,,,,,,,,0.5,0.5,0.19938382246943034,0.15149876153188976,0.23597589244320816,0.7259786476868327,0.3062306672558551,0.11405333837715151,0.1378348214285714,0.6199261992619925
1767328455,211432617,955_1767328455-211432617.png,0,0,0,0,0.0,0.0,53.88,104.16,-1382.0,296.0,-4110.0,553.0,-812.0,-6.0,-1397.9156095531548,229.2136440256229,-4023.772622523058,564.0099866765722,-771.475942036735,-6.627300252689953,129.48432505130762,136.5003671646117,-0.0,-0.0820957066778172,,,,,,,,,,0.5,0.5,0.20322376939906744,0.15140042163231937,0.2039870190078813,0.8098062475286675,0.2975401384592724,0.12502364289767354,0.1261160714285714,0.6863468634686346
1767328455,244738770,956_1767328455-244738770.png,0,0,0,0,0.0,0.0,63.03,104.27,-1438.0,249.0,-4006.0,545.0,-784.0,11.0,-1401.4088904888135,236.89078449408564,-4028.537688735561,560.8732922505934,-776.1957884639954,-4.482913690261165,129.48432505130762,136.5003671646117,-0.0,-0.0680425137780155,,,,,,,,,,0.5,0.5,0.20906023358614048,0.15146803031327402,0.17802503477051457,0.7912218268090154,0.31285903667697745,0.12351049744656706,0.1417410714285714,0.7490774907749077
1767328455,278046143,957_1767328455-278046143.png,0,0,0,0,0.0,0.0,75.84,103.98,-1438.0,238.0,-4027.0,575.0,-791.0,28.0,-1406.7600412140582,237.35471123049192,-4027.7368167148993,562.116354080106,-778.1687842104669,-0.1988368090025051,170.0094107985496,110.51265501976,-0.0,-0.0502889165911869,,,,,,,,,,0.5,0.5,0.2172312834480427,0.15128978924530273,0.17802503477051457,0.7868722815342032,0.3097657976137871,0.12918479288821638,0.1378348214285714,0.8118081180811808
1767328455,311353027,958_1767328455-311353027.png,0,0,0,0,0.0,0.0,92.97,104.34,-1510.0,168.0,-3972.0,570.0,-789.0,19.0,-1419.8831925101174,229.13214354707867,-4021.0943279480025,563.4064151548687,-779.8076179168208,2.855692290364666,190.89452636241907,98.5160226821898,-0.0,-0.0502889165911869,,,,,,,,,,0.5,0.5,0.22815790984416962,0.15151105401933607,0.14464534075104307,0.7591933570581257,0.3178671380173811,0.12823907698127485,0.13895089285714285,0.7785977859778597
1767328455,377968262,959_1767328455-377968262.png,0,0,0,0,0.0,0.0,114.13,104.79,-1431.0,178.0,-3833.0,612.0,-838.0,8.0,-1423.6757829047438,221.38020085453925,-3997.3996252941256,569.3608345878102,-786.9737837963952,3.9097182847824783,205.7453559637069,75.82927227020251,-0.0,-0.0502889165911869,,,,,,,,,,0.5,0.5,0.24165513194236254,0.15178763498687775,0.18127028280018542,0.7631474891261368,0.338341434673737,0.1361830905995839,0.11160714285714285,0.7380073800738007
1767328455,411276855,960_1767328455-411276855.png,0,0,0,0,0.0,0.0,172.48,107.9,-1222.0,418.0,-3819.0,719.0,-702.0,3.0,-1379.2997109688408,261.66081582916445,-3950.306432211439,600.3822811438957,-773.1930422820077,3.386460459609395,255.2438786029815,47.24658608436573,-0.0,-0.0502889165911869,,,,,,,,,,0.5,0.5,0.27887455110254955,0.15369911678477696,0.27816411682892905,0.8580466587584026,0.3404035940491973,0.15642141100813317,0.1875,0.7195571955719556
1767328455,444584473,961_1767328455-444584473.png,0,0,0,0,0.0,0.0,212.56,111.3,-1234.0,399.0,-3988.0,758.0,-579.0,9.0,-1357.721674209895,282.2666898045725,-3951.1833991135495,622.3628745492683,-748.167597176727,4.042823995081625,231.1646605730056,83.12170815467822,-0.0,-0.0502889165911869,,,,,,,,,,0.5,0.5,0.3044401778367449,0.1557888396506475,0.2726008344923504,0.8505338078291815,0.31551038444542645,0.1637979950822773,0.25613839285714285,0.7416974169741697
1767328455,477893555,962_1767328455-477893555.png,0,0,0,0,0.0,0.0,260.98,118.75,-1344.0,196.0,-4276.0,776.0,-576.0,30.0,-1352.697861159775,275.2188683301539,-3990.785776638053,644.3373363103401,-723.0717785017957,7.262851240990138,264.06146126985544,61.32836818695056,-0.0,-0.0502889165911869,,,,,,,,,,0.5,0.5,0.3353255981578461,0.1603677912243932,0.2216040797403801,0.7702649268485567,0.27308882015024305,0.16720257234726688,0.2578125,0.8191881918819188
1767328455,544511475,963_1767328455-544511475.png,0,0,0,0,0.0,0.0,356.69,131.82,-1157.0,54.0,-4377.0,930.0,-505.0,47.0,-1344.3153422855437,245.5698190757084,-4065.00300401714,684.7234142450376,-684.8499044561654,15.427779067734832,263.5228550434112,58.27801990509021,-0.0,-0.0502889165911869,,,,,,,,,,0.5,0.5,0.39637565141956843,0.1684009317705484,0.3082985628187297,0.7141162514827996,0.2582118132272795,0.19633062228106676,0.2974330357142857,0.8819188191881918
1767328455,577820313,964_1767328455-577820313.png,0,0,0,0,0.0,0.0,402.14,140.3,-1140.0,86.0,-4302.0,1046.0,-491.0,53.0,-1310.405592052927,215.35950749705228,-4112.133461855327,737.6096941104577,-652.5018164382636,21.42700299096132,291.2147740125656,25.284021139144777,-0.0,-0.0502889165911869,,,,,,,,,,0.5,0.5,0.42536661287339017,0.17361294644777842,0.31617987946221604,0.7267694741004349,0.26925909559581684,0.21827123132211085,0.3052455357142857,0.9040590405904059
1767328455,611130371,965_1767328455-611130371.png,0,0,0,0,0.0,0.0,451.96,149.89,-1043.0,0.0,-4303.0,1168.0,-424.0,45.0,-1262.3837114931937,177.09656353476905,-4149.980371109638,816.6864229965402,-610.6351603867793,26.526330303757728,288.31978178024286,8.596088409423707,-0.0,-0.0502889165911869,,,,,,,,,,0.5,0.5,0.4571450441083605,0.17950719417827793,0.3611497450162262,0.6927639383155397,0.2691117984975696,0.2413466994514848,0.34263392857142855,0.8745387453874538
1767328455,644439453,966_1767328455-644439453.png,0,0,0,0,0.0,0.0,554.55,172.68,-1014.0,12.0,-4355.0,1249.0,-336.0,34.0,-1221.7259378880085,155.3662591062585,-4180.026939015143,885.1630028232647,-570.3998454775116,29.80156111252028,299.1573650836944,-29.10282325744641,-0.0,-0.0502889165911869,,,,,,,,,,0.5,0.5,0.5225836081468109,0.19351448362333357,0.3745943439962911,0.697508896797153,0.2614523493887171,0.256667297143938,0.3917410714285714,0.8339483394833948
1767328455,677750244,967_1767328455-677750244.png,0,0,0,0,0.0,0.0,603.4,179.48,-1013.0,-56.0,-4298.0,1301.0,-340.0,26.0,-1180.360222474376,118.8195659290806,-4207.997935320395,963.586243176213,-524.3317179822254,29.684713152793503,302.47355335950846,-51.78527498245251,-0.0,-0.0742405994497131,,,,,,,,,,0.5,0.5,0.5537433103914577,0.19769392935507463,0.37505795085767263,0.6706207987346777,0.26984828398880545,0.26650274257613016,0.38950892857142855,0.8044280442804428
1767328455,711060059,968_1767328455-711060059.png,0,0,0,0,0.0,0.0,649.64,185.58,-1030.0,-139.0,-4423.0,1368.0,-291.0,19.0,-1157.9049849767073,83.39212342358324,-4236.0116729744095,1020.8907433811264,-491.5528555532744,28.31416037827477,311.90559130907053,-79.33914208412182,-0.0,-0.0539382765016188,,,,,,,,,,0.5,0.5,0.583238185146677,0.2014431380261953,0.36717663421418634,0.6378015025701859,0.2514361467079099,0.279175335729147,0.41685267857142855,0.7785977859778597
1767328455,744371094,969_1767328455-744371094.png,0,0,0,0,0.0,0.0,692.69,190.54,-959.0,-106.0,-4432.0,1417.0,-292.0,28.0,-1130.7641769648646,54.789934078436296,-4264.426507969202,1077.4744905365908,-462.3424528162938,28.021360871922635,311.8577960133552,-101.12345480918896,-0.0,-0.0834484100901143,,,,,,,,,,0.5,0.5,0.6106982707481519,0.20449167491287695,0.40009272137227625,0.6508501383946224,0.25011047282368537,0.2884433516171742,0.4162946428571428,0.8118081180811808
1767328455,777681396,970_1767328455-777681396.png,0,0,0,0,0.0,0.0,733.52,197.16,-869.0,-84.0,-4500.0,1493.0,-247.0,44.0,-1092.4833053509456,34.493040479912935,-4298.877205954833,1138.2417004142517,-430.8503789776592,30.358106259008867,314.3656203746795,-112.10975241661085,-0.0,-0.0834484100901143,,,,,,,,,,0.5,0.5,0.6367422961862055,0.20856048825760135,0.4418173388966156,0.6595492289442467,0.2400942701428782,0.3028182334026858,0.44140625,0.8708487084870848
1767328455,844303711,971_1767328455-844303711.png,0,0,0,0,0.0,0.0,817.75,204.69,-846.0,-213.0,-4479.0,1521.0,-201.0,9.0,-1018.9444504154948,-42.78942134452608,-4394.726421340147,1263.1225079108715,-347.17997249439725,33.715865148157114,297.7901338934898,-166.04724073410046,-0.0,-0.0834484100901143,,,,,,,,,,0.5,0.5,0.6904696599542013,0.21318860978113224,0.45248029670839124,0.6085409252669038,0.24318750920606869,0.30811424248155855,0.46707589285714285,0.7416974169741697
1767328455,877615967,972_1767328455-877615967.png,0,0,0,0,0.0,0.0,817.75,204.69,-846.0,-213.0,-4479.0,1521.0,-201.0,9.0,-1013.5612553404684,-48.08751993360595,-4397.349582201953,1271.1493907743532,-342.6298680758468,32.94654110670378,297.2343837022781,-178.42817568779003,-0.0,-0.0834484100901143,,,,,,,,,,0.5,0.5,0.6904696599542013,0.21318860978113224,0.45248029670839124,0.6085409252669038,0.24318750920606869,0.30811424248155855,0.46707589285714285,0.7416974169741697
1767328455,910927246,973_1767328455-910927246.png,0,0,0,0,0.0,0.0,831.35,209.86,-841.0,-98.0,-4188.0,1440.0,-382.0,-2.0,-993.2002193021468,-57.27339897768278,-4380.714159329717,1293.5041818480902,-342.1835205150364,29.105830878459507,298.1262595057487,-186.8663549423219,-0.0,-0.0834484100901143,,,,,,,,,,0.5,0.5,0.6991446231175011,0.21636621778600007,0.454798331015299,0.6540134440490313,0.28605096479599357,0.29279364478910536,0.36607142857142855,0.7011070110701106
1767328455,944239746,974_1767328455-944239746.png,0,0,0,0,0.0,0.0,833.37,227.77,-1085.0,-70.0,-4347.0,1147.0,-442.0,29.0,-969.468957660324,-49.77709061141222,-4349.957613315766,1307.0673728743232,-360.74344936658525,23.54336079387655,287.62103533744806,-197.7506303787233,-0.0,-0.0834484100901143,,,,,,,,,,0.5,0.5,0.7004331102932265,0.2273741402941592,0.3416782568382012,0.6650850138394623,0.2626307261746944,0.23737469264233024,0.3325892857142857,0.8154981549815498
1767328455,977551758,975_1767328455-977551758.png,0,0,0,0,0.0,0.0,833.37,227.77,-1085.0,-70.0,-4347.0,1147.0,-442.0,29.0,-979.924947420148,-51.607339254536434,-4349.689938291662,1292.5806792743897,-368.0974699322753,24.03720697155174,302.03664201498026,-117.50761365890514,-0.0,-0.0834484100901143,,,,,,,,,,0.5,0.5,0.7004331102932265,0.2273741402941592,0.3416782568382012,0.6650850138394623,0.2626307261746944,0.23737469264233024,0.3325892857142857,0.8154981549815498
1767328456,10864746,976_1767328456-10864746.png,0,0,0,0,0.0,0.0,819.04,232.69,-1147.0,-109.0,-4422.0,1050.0,-413.0,23.0,-1002.6577440675112,-58.93083700030696,-4358.207559541806,1259.7657978089337,-375.459523259583,24.05009467420378,304.45134347677225,-57.42758822441113,-0.0,-0.0834484100901143,,,,,,,,,,0.5,0.5,0.6912925057248378,0.2303980922059483,0.3129346314325452,0.649663898774219,0.25158344380615705,0.2190278040476641,0.3487723214285714,0.7933579335793357
1767328456,44177246,977_1767328456-44177246.png,0,0,0,0,0.0,0.0,739.61,237.09,-1240.0,391.0,-4084.0,868.0,-645.0,31.0,-1041.6075808421815,0.9564768724742994,-4312.591210503413,1179.7835408305389,-422.00488942817793,26.534513648700685,310.61446893215174,-5.766541242599608,-0.0,-0.0834484100901143,,,,,,,,,,0.5,0.5,0.6406268936615361,0.23310243944413372,0.2698191933240611,0.8473705021747726,0.3013698630136986,0.1846037450349915,0.2193080357142857,0.8228782287822878
1767328456,110803711,978_1767328456-110803711.png,0,0,0,0,0.0,0.0,592.57,218.47,-1504.0,404.0,-4409.0,684.0,-672.0,21.0,-1120.257478358816,102.95324556347786,-4295.545185738756,1077.5877529562422,-482.59748358422775,24.790401059670216,293.55596423149103,40.390896797180055,-0.0,-0.0911837010238482,,,,,,,,,,0.5,0.5,0.5468352331077418,0.221658133631631,0.14742698191933234,0.852510873863187,0.2534983060833702,0.14980139965954228,0.2042410714285714,0.7859778597785977
1767328456,144117188,979_1767328456-144117188.png,0,0,0,0,0.0,0.0,592.57,218.47,-1504.0,404.0,-4409.0,684.0,-672.0,21.0,-1143.7749795953628,121.40277101465854,-4302.498216962061,1053.466890803017,-494.2049382258531,24.558107903241872,293.55596423149103,40.390896797180055,-0.0,-0.0820027732716544,,,,,,,,,,0.5,0.5,0.5468352331077418,0.221658133631631,0.14742698191933234,0.852510873863187,0.2534983060833702,0.14980139965954228,0.2042410714285714,0.7859778597785977
1767328456,177424561,980_1767328456-177424561.png,0,0,0,0,0.0,0.0,503.41,205.63,-1594.0,455.0,-4446.0,511.0,-650.0,29.0,-1209.6167093664967,170.1886394311038,-4323.484179963335,974.135541332614,-516.9886927755034,25.207698321038816,238.8791849613189,46.25444912910449,-0.0,-0.112456910836447,,,,,,,,,,0.5,0.5,0.48996319519304987,0.21376635669110822,0.10570236439499303,0.8726769474100435,0.2480483134482251,0.1170796292793645,0.21651785714285715,0.8154981549815498
1767328456,210733154,981_1767328456-210733154.png,0,0,0,0,0.0,0.0,321.02,171.78,-1519.0,414.0,-4161.0,505.0,-762.0,25.0,-1277.3166047636246,212.4413708086452,-4294.354413481843,881.0901518913903,-561.2086554883899,25.706758489000787,240.233298420906,48.83122539520252,-0.0,-0.0862010015218207,,,,,,,,,,0.5,0.5,0.37362300906406076,0.1929613216882502,0.14047287899860916,0.8564650059311981,0.290027986448667,0.11594477019103461,0.15401785714285715,0.8007380073800737
1767328456,244041016,982_1767328456-244041016.png,0,0,0,0,0.0,0.0,240.94,153.72,-1386.0,348.0,-4110.0,553.0,-775.0,13.0,-1303.281311552298,239.43235066775145,-4265.249085027217,821.798599779478,-597.4532920953144,24.158858502859868,159.0687039494514,48.41582894325244,-0.0,-0.0830721512488018,,,,,,,,,,0.5,0.5,0.3225427847907484,0.18186120552424384,0.20213259156235508,0.830367734282325,0.2975401384592724,0.12502364289767354,0.14676339285714285,0.7564575645756457
1767328456,277350098,983_1767328456-277350098.png,0,0,0,0,0.0,0.0,174.04,131.55,-1459.0,283.0,-4256.0,547.0,-713.0,17.0,-1324.0516197214686,247.5866130708238,-4259.89192711882,781.7761210983848,-616.0516181930642,23.002220122126417,144.30684113502497,99.64557433128344,-0.0,-0.0769082734141246,,,,,,,,,,0.5,0.5,0.27986962040657515,0.1682349831900234,0.168289290681502,0.8046658758402531,0.2760347621151864,0.12388878380934368,0.18136160714285715,0.7712177121771218
1767328456,310658203,984_1767328456-310658203.png,0,0,0,0,0.0,0.0,121.64,121.05,-1614.0,195.0,-4362.0,535.0,-708.0,15.0,-1366.4542007346683,239.89625067320188,-4274.824398299678,745.6871301650831,-629.4983175843693,21.831960827392752,144.30684113502497,99.64557433128344,-0.0,-0.0453968417897995,,,,,,,,,,0.5,0.5,0.24644549763033177,0.16178142728071737,0.09643022716736205,0.7698695136417556,0.2604212697009869,0.12161906563268396,0.1841517857142857,0.7638376383763837
1767328456,343967773,985_1767328456-343967773.png,0,0,0,0,0.0,0.0,85.33,113.55,-1562.0,131.0,-4263.0,544.0,-760.0,7.0,-1395.0511757795848,223.97106396662852,-4273.095176683221,716.1920356660919,-648.5831221129268,19.662907770555613,133.55757522583002,111.9130239486693,-0.0,-0.1071931738851301,,,,,,,,,,0.5,0.5,0.22328462171419824,0.1571717444883559,0.12053778395920256,0.7445630684064848,0.2750036824274562,0.12332135426517873,0.15513392857142855,0.7343173431734317
1767328456,377276611,986_1767328456-377276611.png,0,0,0,0,0.0,0.0,49.0,104.84,-1382.0,77.0,-4202.0,629.0,-740.0,-1.0,-1404.5559701212326,201.4058310858534,-4237.713318135026,691.0638352458443,-680.8174859909543,18.21736277923386,129.04780334234232,75.66663861274706,-0.0,-0.0688608701887172,,,,,,,,,,0.5,0.5,0.20011098849929518,0.1518183662054935,0.2039870190078813,0.723210755239225,0.2839888054205333,0.13939852468318517,0.16629464285714285,0.7047970479704797
1767328456,410586670,987_1767328456-410586670.png,0,0,0,0,0.0,0.0,43.35,104.5,-1349.0,246.0,-4156.0,664.0,-730.0,-18.0,-1398.6355343937134,190.26354231378608,-4227.378295149543,683.5058091877135,-690.1401652611585,13.357721550729078,93.5435614585876,105.16609144210804,-0.0,-0.0717532374968756,,,,,,,,,,0.5,0.5,0.19650705159689488,0.15160939391890643,0.2192860454334724,0.7900355871886121,0.29076447193990285,0.14601853603177606,0.171875,0.6420664206642066
1767328456,477206299,988_1767328456-477206299.png,0,0,0,0,0.0,0.0,41.62,104.56,-1343.0,306.0,-4289.0,619.0,-684.0,-2.0,-1387.9022510476236,210.10530833941385,-4232.655295346599,673.0517746176305,-691.3277711314219,9.471074823289944,93.5435614585876,105.16609144210804,-0.0,-0.0717532374968756,,,,,,,,,,0.5,0.5,0.19540354525332806,0.15164627138124534,0.22206768660176168,0.8137603795966786,0.2711739578730299,0.13750709286930207,0.19754464285714285,0.7011070110701106
1767328456,510515869,989_1767328456-510515869.png,0,0,0,0,0.0,0.0,41.22,104.39,-1459.0,320.0,-4073.0,579.0,-808.0,16.0,-1398.2997157857028,226.17650888063525,-4209.307013184727,659.2974712177347,-708.3901310999034,10.425876772756348,112.39997452497477,92.9685671329497,-0.0,-0.0711693488615192,,,,,,,,,,0.5,0.5,0.1951483992779369,0.1515417852379518,0.168289290681502,0.819296164491894,0.3029901310944175,0.12994136561376962,0.1283482142857143,0.7675276752767527
1767328456,543826904,990_1767328456-543826904.png,0,0,0,0,0.0,0.0,41.22,104.5,-1250.0,1.0,-4212.0,507.0,-611.0,39.0,-1376.6120943311632,193.24628471139337,-4209.700840498032,637.0252107029081,-694.1476203471866,14.604608772778011,92.27140134572976,58.92139005660999,-0.0,-0.0558723151132024,,,,,,,,,,0.5,0.5,0.1951483992779369,0.15160939391890643,0.26518312471024563,0.6931593515223409,0.2825158344380616,0.11632305655381125,0.23828125,0.8523985239852399
1767328456,577136963,991_1767328456-577136963.png,0,0,0,0,0.0,0.0,40.79,104.94,-1378.0,324.0,-4315.0,495.0,-708.0,37.0,-1374.443220807003,193.8807690226123,-4218.546748882185,605.9631763551259,-683.222699501148,19.04166169511352,91.04365968704218,59.96152901649463,-0.0,-0.0558723151132024,,,,,,,,,,0.5,0.5,0.1948741173543914,0.15187982864272498,0.20584144645340752,0.8208778173190985,0.2673442333186037,0.11405333837715151,0.1841517857142857,0.8450184501845017
1767328456,610448486,992_1767328456-610448486.png,0,0,0,0,0.0,0.0,41.67,105.31,-1383.0,350.0,-4214.0,546.0,-868.0,25.0,-1375.1190043422168,213.7189381131556,-4229.508448944795,591.3231818488056,-691.8264538789463,21.294401157299838,131.61017668247217,108.75893402099597,-0.0,-0.0558723151132024,,,,,,,,,,0.5,0.5,0.19543543850025197,0.15210723966048148,0.20352341214649972,0.8311585606959273,0.28222124024156725,0.12369964062795538,0.0948660714285714,0.8007380073800737
1767328456,643759033,993_1767328456-643759033.png,0,0,0,0,0.0,0.0,43.7,105.25,-1385.0,347.0,-4273.0,562.0,-843.0,19.0,-1376.6035398108988,237.0867041608993,-4230.444123182739,584.4711403338939,-720.7400396301836,21.56708236873652,142.21631646156305,139.468180656433,-0.0,-0.0558723151132024,,,,,,,,,,0.5,0.5,0.19673030432536218,0.15207036219814257,0.20259619842373666,0.8299723210755239,0.27353071144498453,0.12672593153016834,0.1088169642857143,0.7785977859778597
1767328456,677071045,994_1767328456-677071045.png,0,0,0,0,0.0,0.0,47.14,105.17,-1439.0,233.0,-4229.0,562.0,-802.0,26.0,-1381.140821090666,246.1741827060609,-4233.971050633611,581.1849197054096,-736.1068916745573,21.62065964771286,112.50985175371164,139.16311717033375,-0.0,-0.0558723151132024,,,,,,,,,,0.5,0.5,0.19892455971372625,0.15202119224835742,0.17756142790913299,0.7848952155001977,0.28001178376785985,0.12672593153016834,0.13169642857142855,0.8044280442804428
1767328456,710382080,995_1767328456-710382080.png,0,0,0,0,0.0,0.0,53.5,105.08,-1504.0,113.0,-4216.0,547.0,-812.0,19.0,-1397.0225856086147,233.03701912766115,-4231.935422494428,576.511892627544,-748.3993470612073,21.7439559581473,112.50985175371164,139.16311717033375,-0.0,-0.0558723151132024,,,,,,,,,,0.5,0.5,0.20298138072244584,0.15196587605484907,0.14742698191933234,0.7374456306840649,0.2819266460450729,0.12388878380934368,0.1261160714285714,0.7785977859778597
1767328456,743694336,996_1767328456-743694336.png,0,0,0,0,0.0,0.0,64.39,105.88,-1559.0,124.0,-3997.0,532.0,-789.0,26.0,-1422.044786168858,213.5995854464407,-4203.161390117589,569.6295492918334,-756.6578835058008,22.101448608613964,161.7434222102165,152.41582584381092,-0.0,-0.0558723151132024,,,,,,,,,,0.5,0.5,0.20992772990247047,0.15245757555270095,0.1219286045433472,0.741795175958877,0.314184710561202,0.12105163608851902,0.13895089285714285,0.8044280442804428
1767328456,777006104,997_1767328456-777006104.png,0,0,0,0,0.0,0.0,81.53,107.59,-1589.0,147.0,-3885.0,582.0,-732.0,29.0,-1445.637768022176,203.22908583480543,-4159.7048742386905,570.0672037298395,-754.6152916434411,23.028019998372425,178.61139512062067,119.40663838386524,-0.0,-0.0558723151132024,,,,,,,,,,0.5,0.5,0.22086073494798214,0.15350858322935934,0.10802039870190072,0.7508896797153025,0.3306819855648844,0.13050879515793457,0.17075892857142855,0.8154981549815498
1767328456,810318848,998_1767328456-810318848.png,0,0,0,0,0.0,0.0,106.35,109.66,-1638.0,300.0,-3961.0,619.0,-718.0,48.0,-1472.4251779460226,213.1844871567937,-4128.561347517972,576.208372349545,-749.6446028855453,26.15882729553517,178.61139512062067,119.40663838386524,-0.0,-0.0558723151132024,,,,,,,,,,0.5,0.5,0.23669254272100426,0.15478085568005112,0.08530366249420485,0.8113879003558719,0.3194874060980999,0.13750709286930207,0.17857142857142855,0.8856088560885609
1767328456,843630859,999_1767328456-843630859.png,0,0,0,0,0.0,0.0,139.47,113.34,-1470.0,439.0,-4304.0,612.0,-655.0,47.0,-1476.6784963699288,242.39560482528915,-4144.809855710662,581.6346045897027,-737.5315960258863,29.23410693673413,216.63489067554468,100.1006619930266,-0.0,-0.0558723151132024,,,,,,,,,,0.5,0.5,0.2578186294833932,0.1570426733701698,0.16318961520630504,0.8663503361012258,0.2689645013993225,0.1361830905995839,0.21372767857142855,0.8819188191881918
1767328456,876944092,1000_1767328456-876944092.png,0,0,0,0,0.0,0.0,180.87,118.57,-1371.0,389.0,-4391.0,626.0,-582.0,46.0,-1461.2238799331187,263.8352994954756,-4180.813152324535,588.1226810923569,-714.786371188746,31.68598177801053,230.182259440422,93.71424603462206,-0.0,-0.0558723151132024,,,,,,,,,,0.5,0.5,0.28422623793637936,0.1602571588373765,0.20908669448307826,0.8465796757611704,0.2561496538518192,0.13883109513902026,0.2544642857142857,0.8782287822878229
1767328456,910256592,1001_1767328456-910256592.png,0,0,0,0,0.0,0.0,284.03,140.86,-1254.0,177.0,-4232.0,763.0,-560.0,11.0,-1423.7832139065868,249.20124105830945,-4196.605477511411,615.7084967431603,-689.6798213073246,28.95128418240887,246.0158798098564,80.91949081420886,-0.0,-0.0313264293529731,,,,,,,,,,0.5,0.5,0.3500283849897623,0.17395713609627475,0.2633286972647195,0.7627520759193357,0.27956989247311836,0.16474371098921883,0.2667410714285714,0.7490774907749077
1767328456,943570557,1002_1767328456-943570557.png,0,0,0,0,0.0,0.0,343.58,150.11,-1150.0,273.0,-4188.0,868.0,-554.0,28.0,-1382.085278077729,248.1297568472536,-4197.49444768545,653.6383066224533,-666.5561247552959,27.868832884008587,287.0348935723304,25.19073963165271,-0.0,-0.0594908063827492,,,,,,,,,,0.5,0.5,0.3880132420761228,0.1796424115401872,0.31154381084840055,0.800711743772242,0.28605096479599357,0.1846037450349915,0.2700892857142857,0.8118081180811808
1767328456,976883545,1003_1767328456-976883545.png,0,0,0,0,0.0,0.0,442.71,160.55,-1049.0,230.0,-4277.0,942.0,-522.0,36.0,-1336.144552516377,246.6578517510422,-4206.6803522250575,693.7791417803202,-646.2936835380348,28.838521961883085,310.8865644335746,-0.9073054790498034,-0.0,-0.0762770660937307,,,,,,,,,,0.5,0.5,0.45124479342743967,0.18605908998715434,0.3583681038479369,0.7837089758797944,0.2729415230519959,0.1986003404577265,0.28794642857142855,0.8413284132841328
1767328457,10197754,1004_1767328457-10197754.png,0,0,0,0,0.0,0.0,540.77,171.05,-921.0,123.0,-4630.0,1051.0,-367.0,16.0,-1278.9438970531364,231.50874649043115,-4258.905145596302,743.030071028561,-609.7006757774452,27.50956219998396,306.342504620552,-64.63132786750805,-0.0,-0.0762770660937307,,,,,,,,,,0.5,0.5,0.5137938292945852,0.19251264589646036,0.4177097821047751,0.7413997627520759,0.22094564737074684,0.2192169472290524,0.3744419642857143,0.7675276752767527
1767328457,43511230,1005_1767328457-43511230.png,0,0,0,0,0.0,0.0,630.69,180.14,-880.0,-79.0,-4971.0,1138.0,-194.0,19.0,-1220.6016124772852,186.09937994829124,-4363.043198459124,800.79119524971,-548.9078492579031,26.26510827261571,315.6694708466529,-77.94149565696728,-0.0,-0.0762770660937307,,,,,,,,,,0.5,0.5,0.5711506445625204,0.19809958144080242,0.4367176634214186,0.6615262949782522,0.1707173368684637,0.23567240400983544,0.47098214285714285,0.7785977859778597
1767328457,110139893,1006_1767328457-110139893.png,0,0,0,0,0.0,0.0,785.84,196.86,-931.0,-71.0,-5046.0,1233.0,4.0,32.0,-1160.7633946891706,144.1091318499345,-4493.299963250874,874.8062895324223,-452.57361821601273,26.854733728542165,280.5930488109588,-197.52623891830456,-0.0,-0.0762770660937307,,,,,,,,,,0.5,0.5,0.6701153897673707,0.20837610094590692,0.4130737134909596,0.6646896006326611,0.15967005449992633,0.25364100624172503,0.5814732142857143,0.8265682656826567
1767328457,143454590,1007_1767328457-143454590.png,0,0,0,0,0.0,0.0,852.71,202.26,-869.0,106.0,-4869.0,1296.0,-95.0,51.0,-1131.5345742781694,124.06072206933848,-4553.458686086914,919.3254752863548,-401.4081142236568,28.05746800807083,294.68032258749,-204.9505012035371,-0.0,-0.0762770660937307,,,,,,,,,,0.5,0.5,0.7127694182033897,0.21169507255640713,0.4418173388966156,0.7346777382364571,0.1857416408896745,0.2655570266691886,0.5262276785714285,0.8966789667896679
1767328457,176764404,1008_1767328457-176764404.png,0,0,0,0,0.0,0.0,909.27,206.68,-879.0,195.0,-4809.0,1415.0,-218.0,48.0,-1086.7771068007592,126.39385888407342,-4604.312364955872,991.7139240653788,-359.5876863517208,31.75080552920693,321.3228231072425,-210.48305463790905,-0.0,-0.0762770660937307,,,,,,,,,,0.5,0.5,0.7488470591237012,0.2144117122820388,0.4371812702828001,0.7698695136417556,0.19457946678450433,0.28806506525439757,0.4575892857142857,0.8856088560885609
1767328457,210075439,1009_1767328457-210075439.png,0,0,0,0,0.0,0.0,963.11,210.08,-765.0,133.0,-4766.0,1482.0,-191.0,49.0,-1037.32506465805,130.88370498535608,-4634.576796246714,1072.825249393626,-331.91103315173524,34.67774825313184,398.0790808200836,-219.0329997539521,-0.0,-0.0762770660937307,,,,,,,,,,0.5,0.5,0.7831897074113527,0.21650143514790932,0.49003245248029664,0.745353894820087,0.2009132420091324,0.3007376584074144,0.47265625,0.8892988929889298
1767328457,243385742,1010_1767328457-243385742.png,0,0,0,0,0.0,0.0,1015.04,215.14,-852.0,-111.0,-4799.0,1433.0,-188.0,56.0,-1002.9858317774916,95.56642982926292,-4662.114878186409,1136.3715591578452,-307.1205523122513,38.17656285051753,439.60059458017344,-212.9661195278169,-0.0,-0.0762770660937307,,,,,,,,,,0.5,0.5,0.8163140336665115,0.21961143447182252,0.44969865554010197,0.6488730723606169,0.196052437766976,0.2914696425193872,0.4743303571428571,0.9151291512915128
1767328457,276697021,1011_1767328457-276697021.png,0,0,0,0,0.0,0.0,1096.61,217.18,-709.0,-306.0,-4753.0,1335.0,-8.0,62.0,-961.8346480514384,35.80458538284377,-4679.66534313029,1168.1821076996982,-268.6719106204925,41.77566093493906,462.6179258227348,-203.75761556625375,-0.0,-0.0762770660937307,,,,,,,,,,0.5,0.5,0.8683446766981558,0.22086526819134483,0.5159944367176634,0.5717674970344009,0.20282810428634557,0.2729336107433327,0.5747767857142857,0.9372693726937269
1767328457,310007813,1012_1767328457-310007813.png,0,0,0,0,0.0,0.0,1125.27,219.34,-630.0,-123.0,-4678.0,1381.0,46.0,55.0,-913.2991600593092,-12.04981687631308,-4687.742439949987,1199.8300873947887,-220.3141287587703,44.8417688759152,496.2975043654441,-189.9500896930696,-0.0,-0.0512307248904497,,,,,,,,,,0.5,0.5,0.8866258858349333,0.22219285683554496,0.5526193787668057,0.6441281138790036,0.21387538665488293,0.281634197087195,0.6049107142857143,0.9114391143911439
1767328457,376630859,1013_1767328457-376630859.png,0,0,0,0,0.0,0.0,1148.46,220.94,-596.0,-143.0,-4748.0,1421.0,35.0,51.0,-853.0064789094305,-36.45680119646073,-4694.124877578068,1240.55645249045,-168.74066573790373,46.3835748371378,515.2058688402175,-184.4453344345094,-0.0,-0.0611022018572739,,,,,,,,,,0.5,0.5,0.9014179737582365,0.22317625583124873,0.5683820120537784,0.6362198497429814,0.2035645897775814,0.28919992434272745,0.5987723214285714,0.8966789667896679
1767328457,409943359,1014_1767328457-409943359.png,0,0,0,0,0.0,0.0,1173.04,224.45,-653.0,-153.0,-4685.0,1377.0,83.0,40.0,-817.4502252743902,-57.5892206364812,-4697.932160240362,1268.9536056177271,-134.30386525054118,45.98883659301174,528.8176573514937,-187.2331762313844,-0.0,-0.0932281201383148,,,,,,,,,,0.5,0.5,0.9170966939460239,0.22533358737807385,0.54195642095503,0.6322657176749703,0.21284430696715273,0.28087762436164176,0.6255580357142857,0.8560885608856088
1767328457,443254883,1015_1767328457-443254883.png,0,0,0,0,0.0,0.0,1179.44,225.86,-549.0,-191.0,-4593.0,1407.0,71.0,32.0,-787.0271269433367,-73.87108160904134,-4690.402755661055,1286.593045341181,-103.260365894629,44.62274150397699,531.065075278282,-186.61129951477065,-0.0,-0.100497260072709,,,,,,,,,,0.5,0.5,0.9211790295522827,0.22620020774303784,0.5901715345387111,0.6172400158165283,0.22639564000589196,0.2865519198032911,0.6188616071428571,0.8265682656826567
1767328457,476567871,1016_1767328457-476567871.png,0,0,0,0,0.0,0.0,1183.51,227.05,-505.0,-272.0,-4763.0,1447.0,75.0,23.0,-749.5210831582365,-95.9642800836235,-4686.576778142,1306.6529618397535,-77.53107318448708,42.225207452155,532.0211110711097,-186.201061487198,-0.0,-0.0816606037273952,,,,,,,,,,0.5,0.5,0.9237751398518877,0.22693161074609253,0.6105702364394993,0.5852115460656386,0.2013551333038739,0.29411764705882354,0.62109375,0.7933579335793357
1767328457,509879883,1017_1767328457-509879883.png,0,0,0,0,0.0,0.0,1184.75,228.15,-568.0,-241.0,-4773.0,1474.0,2.0,23.0,-719.4636078102596,-118.90244997472708,-4698.658087026598,1329.6211697773283,-61.83142226349311,39.413677980245296,530.1606012582778,-186.22284150123608,-0.0,-0.0816606037273952,,,,,,,,,,0.5,0.5,0.9245660923756004,0.22760769755563887,0.5813630041724617,0.597469355476473,0.19988216232140232,0.2992245129563079,0.5803571428571428,0.7933579335793357
1767328457,543193115,1018_1767328457-543193115.png,0,0,0,0,0.0,0.0,1184.74,230.21,-746.0,-196.0,-4938.0,1413.0,86.0,39.0,-714.4369729910112,-134.65632287305195,-4731.109804264753,1347.3246022169235,-40.81997448740047,38.478137075615685,523.6582331061362,-183.1348080635072,-0.0,-0.0816606037273952,,,,,,,,,,0.5,0.5,0.9245597137262156,0.22887382376260745,0.4988409828465461,0.6152629497825227,0.1755781411106202,0.287686778891621,0.6272321428571428,0.8523985239852399
1767328457,576505615,1019_1767328457-576505615.png,0,0,0,0,0.0,0.0,1184.19,234.14,-755.0,-73.0,-4623.0,1319.0,-95.0,59.0,-713.7956853629958,-129.95206279522347,-4738.072496754267,1351.4977898901295,-33.32209239507807,39.4742377932608,513.4995248317717,-177.5748863220216,-0.0,-0.0816606037273952,,,,,,,,,,0.5,0.5,0.9242088880100529,0.23128929754580485,0.49466852109411213,0.663898774219059,0.22197672705847693,0.26990731984111976,0.5262276785714285,0.9261992619926198
1767328457,609819336,1020_1767328457-609819336.png,0,0,0,0,0.0,0.0,1182.97,236.43,-859.0,-50.0,-4647.0,1290.0,-178.0,68.0,-723.0586594734625,-120.907374280397,-4721.991126034538,1345.842578559968,-44.92550084347029,42.60986150456097,511.9739717245101,-179.71047401428234,-0.0,-0.0816606037273952,,,,,,,,,,0.5,0.5,0.9234306927851097,0.23269678735840588,0.4464534075104311,0.6729932779754844,0.21844159670054508,0.26442216758085874,0.47991071428571425,0.9594095940959408
1767328457,676446533,1021_1767328457-676446533.png,0,0,0,0,0.0,0.0,1175.57,243.66,-701.0,-153.0,-4671.0,1315.0,-14.0,42.0,-745.9907685009513,-121.04614850837793,-4709.377876807287,1331.1206192056266,-66.71271031432121,47.899652232460525,501.71564662456507,-182.40489101409923,-0.0,-0.0816606037273952,,,,,,,,,,0.5,0.5,0.918710492240373,0.23714052157024235,0.5197032916087158,0.6322657176749703,0.21490646634261312,0.2691507471155665,0.5714285714285714,0.8634686346863468
1767328457,709760010,1022_1767328457-709760010.png,0,0,0,0,0.0,0.0,1171.7,247.7,-556.0,-271.0,-4653.0,1315.0,46.0,49.0,-719.8292809797808,-141.41101209408714,-4699.618769772208,1327.9196438819893,-49.117059248283226,47.55988702266968,488.9352105259895,-178.52919483184826,-0.0,-0.0816606037273952,,,,,,,,,,0.5,0.5,0.9162419549284635,0.23962360403439437,0.5869262865090403,0.5856069592724397,0.217557814111062,0.2691507471155665,0.6049107142857143,0.8892988929889298
1767328457,776388672,1023_1767328457-776388672.png,0,0,0,0,0.0,0.0,1167.78,250.13,-519.0,-186.0,-4702.0,1362.0,56.0,34.0,-691.4744928449991,-150.26320606890278,-4698.623010809454,1331.614479934863,-34.018832978286255,45.98829122792692,484.2329586744308,-182.82802510261547,-0.0,-0.0816606037273952,,,,,,,,,,0.5,0.5,0.91374152436963,0.24111714125911948,0.6040797403801575,0.6192170818505338,0.21034025629695097,0.2780404766408171,0.6104910714285714,0.8339483394833948
1767328457,809703613,1024_1767328457-809703613.png,0,0,0,0,0.0,0.0,1163.81,254.35,-550.0,-139.0,-4569.0,1384.0,30.0,13.0,-670.7850044664168,-148.61605422985397,-4679.666704822358,1339.2754341238356,-24.65660184899142,41.16402323258414,477.7124075293541,-182.73288083076488,-0.0,-0.0816606037273952,,,,,,,,,,0.5,0.5,0.9112092005638726,0.2437108561102882,0.5897079276773296,0.6378015025701859,0.2299307703638238,0.28220162663135995,0.5959821428571428,0.7564575645756457
1767328457,843018066,1025_1767328457-843018066.png,0,0,0,0,0.0,0.0,1156.65,255.21,-506.0,-315.0,-4591.0,1468.0,-42.0,19.0,-647.6819960050831,-158.74513591803236,-4671.786113994832,1357.5954630893675,-11.999389832089662,37.30334675872465,482.03203725814814,-180.1189925670625,-0.0,-0.0917721419443256,,,,,,,,,,0.5,0.5,0.9066420876043707,0.24423943307047896,0.6101066295781177,0.5682087781731909,0.2266902342023862,0.2980896538679781,0.5558035714285714,0.7785977859778597
1767328457,876333496,1026_1767328457-876333496.png,0,0,0,0,0.0,0.0,1154.27,254.92,-668.0,-295.0,-4728.0,1497.0,-139.0,51.0,-642.4447714476447,-183.37229144853632,-4674.102370024163,1380.1207794436368,-28.708887966799757,37.94225377697651,480.3563445806503,-177.30034351348888,-0.0,-0.1054428843480015,,,,,,,,,,0.5,0.5,0.9051239690507932,0.24406119200250764,0.5350023180343069,0.5761170423092131,0.20651053174252465,0.30357480612823906,0.5016741071428571,0.8966789667896679
1767328457,909648438,1027_1767328457-909648438.png,0,0,0,0,0.0,0.0,1155.01,253.78,-1067.0,-160.0,-4681.0,1484.0,-27.0,64.0,-675.1499595895629,-184.85907532558164,-4688.471545670482,1398.4978949547635,-38.04847012972864,40.745185406280896,481.5688904523849,-177.16135263443005,-0.0,-0.1054428843480015,,,,,,,,,,0.5,0.5,0.9055959891052668,0.2433605202180687,0.350023180343069,0.6294978252273626,0.21343349536014145,0.30111594477019105,0.5641741071428571,0.9446494464944649
1767328457,942964355,1028_1767328457-942964355.png,0,0,0,0,0.0,0.0,1155.92,253.34,-962.0,55.0,-4650.0,1533.0,50.0,53.0,-729.1865190397656,-174.53139194158337,-4686.413964572111,1412.5270887827387,-31.713808611638992,43.47188155422892,477.8460525274276,-178.07754611969006,-0.0,-0.1054428843480015,,,,,,,,,,0.5,0.5,0.9061764461992818,0.24309008549425015,0.3987019007881316,0.7145116646896006,0.2179997054058035,0.31038396065821827,0.6071428571428571,0.9040590405904059
1767328458,9595947,1029_1767328458-9595947.png,0,0,0,0,0.0,0.0,1157.33,252.85,-796.0,-60.0,-4696.0,1556.0,68.0,57.0,-756.9465454203923,-140.04661247833138,-4685.002198939828,1442.8175660095296,-10.817592309862944,46.18647978921168,490.317767381668,-174.99094557762157,-0.0,-0.1054428843480015,,,,,,,,,,0.5,0.5,0.9070758357625356,0.24278891955181586,0.47566063977746864,0.6690391459074733,0.21122403888643393,0.3147342538301494,0.6171875,0.9188191881918819
1767328458,42911621,1030_1767328458-42911621.png,0,0,0,0,0.0,0.0,1159.41,252.55,-595.0,-90.0,-4989.0,1551.0,89.0,45.0,-737.705130616876,-134.10040579817857,-4721.12120212308,1455.6710855548904,1.0420722068246158,46.04551012714852,491.6895443201065,-175.19083452224743,-0.0,-0.1054428843480015,,,,,,,,,,0.5,0.5,0.9084025948345698,0.2426045322401214,0.5688456189151598,0.6571767497034401,0.1680659891000148,0.3137885379232079,0.62890625,0.8745387453874538
1767328458,76228760,1031_1767328458-76228760.png,0,0,0,0,0.0,0.0,1165.35,252.05,-658.0,-140.0,-4958.0,1553.0,87.0,54.0,-715.2440449835128,-135.01816807692924,-4783.59967923965,1478.6821764454155,21.961659265006844,47.27466581998466,499.7683779597282,-175.7790381908418,-0.0,-0.1054428843480015,,,,,,,,,,0.5,0.5,0.9121915125691286,0.24229722005396398,0.5396383866481224,0.6374060893633847,0.17263219914567685,0.3141668242859845,0.6277901785714285,0.9077490774907748
1767328458,109544922,1032_1767328458-109544922.png,0,0,0,0,0.0,0.0,1170.58,251.82,-752.0,-78.0,-5048.0,1527.0,180.0,62.0,-718.0410280012167,-128.38029134845834,-4819.797504154734,1486.4614031608628,42.52262847160845,49.20869794015603,507.01585918664927,-171.0784239768983,-0.0,-0.1054428843480015,,,,,,,,,,0.5,0.5,0.9155275461973682,0.2421558564483316,0.49605934167825677,0.6619217081850534,0.15937546030343208,0.30924910156988844,0.6796875,0.9372693726937269
1767328458,176172852,1033_1767328458-176172852.png,0,0,0,0,0.0,0.0,1189.71,251.58,-712.0,-236.0,-4912.0,1665.0,87.0,54.0,-716.9256972811282,-158.53624933156183,-4907.92537469745,1527.7302068174697,79.29421663852047,51.29247245641004,514.0320267677306,-172.32504320144665,-0.0,-0.1054428843480015,,,,,,,,,,0.5,0.5,0.927729902470451,0.24200834659897602,0.5146036161335188,0.5994464215104784,0.1794078656650464,0.33535086060147534,0.6277901785714285,0.9077490774907748
1767328458,209485352,1034_1767328458-209485352.png,0,0,0,0,0.0,0.0,1189.71,251.58,-712.0,-236.0,-4912.0,1665.0,87.0,54.0,-716.7723764357288,-160.94744252156917,-4908.052204455841,1532.0029664974406,79.53407247050049,51.376748933065606,511.6788877248764,-168.83150029182443,-0.0,-0.1054428843480015,,,,,,,,,,0.5,0.5,0.927729902470451,0.24200834659897602,0.5146036161335188,0.5994464215104784,0.1794078656650464,0.33535086060147534,0.6277901785714285,0.9077490774907748
1767328458,242797119,1035_1767328458-242797119.png,0,0,0,0,0.0,0.0,1196.05,251.63,-770.0,-234.0,-5011.0,1683.0,126.0,42.0,-722.9656308378869,-171.68563894613862,-4920.39206090998,1553.5913363872382,85.25962478214076,50.33461752440526,521.3956193923949,-170.08571386337292,-0.0,-0.108469625259308,,,,,,,,,,0.5,0.5,0.931773966180401,0.24203907781759176,0.4877144181733889,0.6002372479240806,0.1648254529385771,0.33875543786646495,0.6495535714285714,0.8634686346863468
1767328458,276109863,1036_1767328458-276109863.png,0,0,0,0,0.0,0.0,1202.08,251.77,-693.0,-184.0,-5031.0,1686.0,136.0,40.0,-720.6953934579957,-174.85793649175625,-4936.01899890651,1572.8727359582415,92.40570540602552,48.878121086324455,522.591151177883,-169.8730721473695,-0.0,-0.1001460208261222,,,,,,,,,,0.5,0.5,0.9356202917594229,0.24212512522971585,0.5234121464997681,0.620007908264136,0.16187951097363384,0.33932286741062984,0.6551339285714285,0.8560885608856088
1767328458,309421875,1037_1767328458-309421875.png,0,0,0,0,0.0,0.0,1208.01,251.32,-600.0,-83.0,-5015.0,1646.0,122.0,41.0,-706.3551670309954,-163.9439855059862,-4945.40299780375,1581.5612326299129,95.92190327626685,47.94209497165311,524.096573114395,-167.9022674560548,-0.0,-0.0922529418363831,,,,,,,,,,0.5,0.5,0.939402830844597,0.24184854426217417,0.5665275846082521,0.6599446421510479,0.16423626454558848,0.33175714015509744,0.6473214285714285,0.8597785977859778
1767328458,376047852,1038_1767328458-376047852.png,0,0,0,0,0.0,0.0,1217.56,251.14,-533.0,-222.0,-4943.0,1616.0,127.0,47.0,-671.42227861303,-161.39705696696717,-4955.725475898212,1589.7520531756825,104.96153977416424,48.36177800222351,542.1156593561171,-169.77233958244335,-0.0,-0.0922529418363831,,,,,,,,,,0.5,0.5,0.9454944410070611,0.24173791187515747,0.597589244320816,0.6049822064056939,0.17484165561938436,0.3260828447134481,0.6501116071428571,0.8819188191881918
1767328458,409361572,1039_1767328458-409361572.png,0,0,0,0,0.0,0.0,1222.13,251.06,-503.0,-223.0,-4752.0,1617.0,59.0,51.0,-647.6147505249448,-170.37855547801266,-4931.171125397944,1593.7094142573385,100.10517532037058,48.63788257808809,542.1156593561171,-169.77233958244335,-0.0,-0.0922529418363831,,,,,,,,,,0.5,0.5,0.9484094837759054,0.24168874192537226,0.6114974501622623,0.6045867931988929,0.2029754013845928,0.3262719878948364,0.6121651785714285,0.8966789667896679
1767328458,442674316,1040_1767328458-442674316.png,0,0,0,0,0.0,0.0,1225.99,250.75,-490.0,-237.0,-4840.0,1629.0,59.0,40.0,-629.2560362457732,-177.8977387892567,-4917.847528059436,1597.562691943932,95.2213309206189,47.92299272692621,502.11151635646814,-180.4944112300874,-0.0,-0.0922529418363831,,,,,,,,,,0.5,0.5,0.9508716424384301,0.24149820836995467,0.6175243393602224,0.5990510083036773,0.19001325673884228,0.32854170607149613,0.6121651785714285,0.8560885608856088
1767328458,475988525,1041_1767328458-475988525.png,0,0,0,0,0.0,0.0,1229.35,250.77,-555.0,-186.0,-4922.0,1606.0,74.0,49.0,-616.6138480573761,-180.4814796138071,-4916.205659620522,1599.4274338183163,91.7064578405871,47.83364012026906,542.0577335357665,-167.82833003997814,-0.0,-0.0922529418363831,,,,,,,,,,0.5,0.5,0.9530148686317159,0.241510500857401,0.5873898933704218,0.6192170818505338,0.17793489468257473,0.324191412899565,0.6205357142857143,0.8892988929889298
1767328458,509301758,1042_1767328458-509301758.png,0,0,0,0,0.0,0.0,1235.95,250.2,-552.0,-180.0,-5067.0,1665.0,254.0,47.0,-610.4771805690267,-181.018180568992,-4938.527197486919,1605.0474061627365,107.94799724619938,47.97295292544423,550.242937684059,-169.95603680610668,-0.0,-0.0922529418363831,,,,,,,,,,0.5,0.5,0.9572247772256703,0.2411601649651815,0.5887807139545664,0.6215895610913404,0.15657681543673596,0.33535086060147534,0.7209821428571428,0.8819188191881918
1767328458,542616211,1043_1767328458-542616211.png,0,0,0,0,0.0,0.0,1237.71,250.32,-397.0,-400.0,-5004.0,1714.0,156.0,22.0,-597.100727789174,-187.71716040623764,-4955.354310971036,1615.3401927798725,126.25648957748338,47.05249828151036,550.9047986268996,-169.9918591976167,-0.0,-0.0922529418363831,,,,,,,,,,0.5,0.5,0.9583474195173914,0.24123391988985926,0.6606397774687065,0.5345986555950969,0.16585653262630728,0.34461887648950257,0.6662946428571428,0.7896678966789668
1767328458,575930176,1044_1767328458-575930176.png,0,0,0,0,0.0,0.0,1237.71,250.27,-399.0,-385.0,-4967.0,1705.0,134.0,28.0,-562.701022425542,-223.04558758931415,-4960.41245215068,1631.5757044815034,129.40557778346934,43.26603489119209,549.0098710060118,-167.3103382587434,-0.0,-0.0922529418363831,,,,,,,,,,0.5,0.5,0.9583474195173914,0.24120318867124357,0.6597125637459433,0.5405298536971135,0.1713065252614524,0.3429165878570078,0.6540178571428571,0.8118081180811808
1767328458,609245117,1045_1767328458-609245117.png,0,0,0,0,0.0,0.0,1241.62,250.25,-581.0,-306.0,-5053.0,1640.0,201.0,46.0,-555.2327638101441,-239.580302506027,-4969.159147592714,1636.4306654740124,136.14122410319695,42.66256911167113,554.3474885821341,-166.88061285018932,-0.0,-0.0922529418363831,,,,,,,,,,0.5,0.5,0.9608414714268401,0.24119089618379724,0.5753361149745015,0.5717674970344009,0.15863897481219624,0.33062228106676755,0.69140625,0.8782287822878229
1767328458,675874512,1046_1767328458-675874512.png,0,0,0,0,0.0,0.0,1247.29,250.0,-548.0,-35.0,-5020.0,1704.0,16.0,54.0,-561.5706039547824,-231.5847180096027,-4950.302277814017,1647.011937298815,116.83725263896926,42.70942125622552,558.1665664911269,-168.18469119071972,-0.0,-0.0784306322487653,,,,,,,,,,0.5,0.5,0.9644581656280099,0.24103724009071853,0.5906351414000927,0.678924476077501,0.16349977905435265,0.34272744467561944,0.5881696428571428,0.9077490774907748
1767328458,709188965,1047_1767328458-709188965.png,0,0,0,0,0.0,0.0,1247.29,250.0,-548.0,-35.0,-5020.0,1704.0,16.0,54.0,-561.1481954403779,-225.465678726918,-4952.471739938477,1648.7857892942463,113.69851878262894,43.06086004331387,558.8007633090018,-166.0084092617036,-0.0,-0.0577909309432295,,,,,,,,,,0.5,0.5,0.9644581656280099,0.24103724009071853,0.5906351414000927,0.678924476077501,0.16349977905435265,0.34272744467561944,0.5881696428571428,0.9077490774907748
1767328458,742504883,1048_1767328458-742504883.png,0,0,0,0,0.0,0.0,1248.38,249.95,-640.0,20.0,-5155.0,1681.0,50.0,56.0,-570.1562093407455,-191.0768944494943,-4978.387001033122,1654.1277088644597,103.45056342788712,44.898246601661576,548.1153976321219,-167.01358556747448,-0.0,-0.0905984695525767,,,,,,,,,,0.5,0.5,0.9651534384109509,0.2410065088721028,0.5479833101529902,0.7006722024515619,0.14361467079098544,0.3383771515036883,0.6071428571428571,0.9151291512915128
1767328458,775819824,1049_1767328458-775819824.png,0,0,0,0,0.0,0.0,1249.34,249.71,-613.0,33.0,-5119.0,1737.0,64.0,39.0,-576.0109848823796,-164.8215888805018,-4996.112852483484,1662.3887049672803,98.36697402355816,44.67871999858241,551.1946874856948,-164.52135014534008,-0.0,-0.0812628736883364,,,,,,,,,,0.5,0.5,0.9657657887518897,0.2408589990227472,0.560500695410292,0.7058125741399762,0.14891736632788333,0.3489691696614337,0.6149553571428571,0.8523985239852399
1767328458,809135986,1050_1767328458-809135986.png,0,0,0,0,0.0,0.0,1250.54,250.02,-637.0,-296.0,-5064.0,1692.0,49.0,29.0,-584.2718469280536,-174.98139689721614,-5007.549358168841,1667.9533954600909,91.5588843882796,42.660119909212455,554.6884196996688,-168.24888491630566,-0.0,-0.0917314523024574,,,,,,,,,,0.5,0.5,0.9665312266780632,0.24104953257816486,0.5493741307371349,0.575721629102412,0.15701870673147744,0.3404577264989597,0.6065848214285714,0.8154981549815498
1767328458,842451416,1051_1767328458-842451416.png,0,0,0,0,0.0,0.0,1251.35,250.34,-682.0,-258.0,-5037.0,1683.0,37.0,46.0,-597.3295100391755,-188.16447052087807,-5012.596842206853,1670.400694524213,83.90923492020237,42.68226629792965,554.7354357242583,-168.26937532424938,-0.0,-0.0801236806140807,,,,,,,,,,0.5,0.5,0.9670478972782303,0.2412462123773056,0.5285118219749652,0.5907473309608541,0.16099572838415088,0.33875543786646495,0.5998883928571428,0.8782287822878229
1767328458,875768066,1052_1767328458-875768066.png,0,0,0,0,0.0,0.0,1251.12,250.21,-738.0,-151.0,-4945.0,1679.0,16.0,32.0,-627.9727501573974,-189.70030854443283,-5009.192826655986,1669.1305728136808,74.05108936674085,44.01885076814459,554.8629764318465,-168.48230361938488,-0.0,-0.08231808438353,,,,,,,,,,0.5,0.5,0.9669011883423804,0.24116631120890464,0.5025498377375985,0.6330565440885726,0.17454706142289,0.3379988651409117,0.5881696428571428,0.8265682656826567
1767328458,909083740,1053_1767328458-909083740.png,0,0,0,0,0.0,0.0,1251.03,250.55,-818.0,-162.0,-5004.0,1672.0,30.0,25.0,-651.303634301307,-185.0362456801369,-5005.144870186567,1669.9403698022654,66.8286441283447,41.627665987795154,552.3838552236556,-169.70227098464977,-0.0,-0.0808515026778983,,,,,,,,,,0.5,0.5,0.9668437804979174,0.2413752834954917,0.4654612888270746,0.6287069988137604,0.16585653262630728,0.3366748628711935,0.5959821428571428,0.8007380073800737
1767328458,975717041,1054_1767328458-975717041.png,0,0,0,0,0.0,0.0,1250.79,250.98,-893.0,-113.0,-5156.0,1707.0,112.0,-1.0,-691.0796583377295,-173.88935216032988,-5027.175775477443,1675.4147719023938,72.45587561330147,34.95184298559223,552.3838552236556,-169.70227098464977,-0.0,-0.086530333004617,,,,,,,,,,0.5,0.5,0.9666906929126827,0.2416395719755871,0.4306907742234585,0.6480822459470146,0.14346737369273832,0.3432948742197844,0.6417410714285714,0.7047970479704797
1767328459,9034668,1055_1767328459-9034668.png,0,0,0,0,0.0,0.0,1250.66,252.48,-652.0,-186.0,-5045.0,1704.0,168.0,39.0,-705.5097198868227,-177.96273739864412,-5045.553191112576,1682.7032355530605,87.46445885540112,32.09039991638436,558.438012599945,-169.71674323081982,-0.0,-0.1037229444885477,,,,,,,,,,0.5,0.5,0.9666077704706806,0.2425615085340594,0.5424200278164116,0.6192170818505338,0.15981735159817356,0.34272744467561944,0.6729910714285714,0.8523985239852399
1767328459,42351074,1056_1767328459-42351074.png,0,0,0,0,0.0,0.0,1250.66,252.69,-598.0,-183.0,-5042.0,1727.0,150.0,52.0,-687.133833843622,-179.4027068409116,-5045.073107189337,1690.195985499794,103.32632689772508,35.17933928895117,557.230661869049,-171.73569321632397,-0.0,-0.1000331152363284,,,,,,,,,,0.5,0.5,0.9666077704706806,0.2426905796522455,0.5674547983310152,0.6204033214709371,0.16025924289291504,0.3470777378475506,0.6629464285714285,0.9003690036900368
1767328459,75668945,1057_1767328459-75668945.png,0,0,0,0,0.0,0.0,1250.43,253.1,-523.0,-29.0,-4890.0,1778.0,208.0,32.0,-663.1306020274085,-157.40754013123757,-5022.394932597543,1703.036605042323,118.6339961435568,34.71438690108579,551.0879273414611,-168.71013402938854,-0.0,-0.1006911054086125,,,,,,,,,,0.5,0.5,0.9664610615348307,0.24294257564489458,0.6022253129346313,0.6812969553183076,0.182648401826484,0.35672404009835446,0.6953125,0.8265682656826567
1767328459,142303955,1058_1767328459-142303955.png,0,0,0,0,0.0,0.0,1249.26,253.41,-617.0,-284.0,-5253.0,1804.0,223.0,55.0,-637.5854083878737,-142.7881244055139,-5019.741783366358,1736.5391523951555,143.5624800099885,36.71205296068199,550.748684644699,-165.7833013534547,-0.0,-0.1006911054086125,,,,,,,,,,0.5,0.5,0.9657147595568114,0.24313310920031223,0.5586462679647658,0.5804665875840253,0.12917955516276336,0.36164176281445054,0.7036830357142857,0.9114391143911439
1767328459,175624023,1059_1767328459-175624023.png,0,0,0,0,0.0,0.0,1249.26,253.41,-617.0,-284.0,-5253.0,1804.0,223.0,55.0,-636.3238401750361,-151.44223561712897,-5034.036916401538,1740.6734624533171,148.43077546654496,37.83282220791494,551.0689650774001,-165.87686944007885,-0.0,-0.1006911054086125,,,,,,,,,,0.5,0.5,0.9657147595568114,0.24313310920031223,0.5586462679647658,0.5804665875840253,0.12917955516276336,0.36164176281445054,0.7036830357142857,0.9114391143911439
1767328459,208945557,1060_1767328459-208945557.png,0,0,0,0,0.0,0.0,1249.11,253.05,-646.0,-321.0,-5145.0,1784.0,193.0,55.0,-636.9434742003043,-175.22382001601707,-5053.2266339542975,1747.5581836357137,155.77151404101616,40.343381661282535,553.3275525569915,-168.50866889953625,-0.0,-0.1006911054086125,,,,,,,,,,0.5,0.5,0.9656190798160397,0.2429118444262789,0.5452016689847009,0.5658362989323843,0.14508764177345712,0.35785889918668434,0.6869419642857142,0.9114391143911439
1767328459,242266357,1061_1767328459-242266357.png,0,0,0,0,0.0,0.0,1248.68,252.48,-702.0,-106.0,-4824.0,1734.0,82.0,29.0,-641.6330695500621,-176.91730202137967,-5035.150967819789,1750.2275235457253,151.382778455112,40.91584159703368,560.5136012434958,-167.0680356025697,-0.0,-0.1006911054086125,,,,,,,,,,0.5,0.5,0.9653447978924943,0.2425615085340594,0.5192396847473342,0.6508501383946224,0.19237001031079692,0.34840174011726877,0.625,0.8154981549815498
1767328459,275588379,1062_1767328459-275588379.png,0,0,0,0,0.0,0.0,1248.58,252.39,-670.0,-148.0,-4974.0,1693.0,158.0,32.0,-650.7236520973424,-166.63683229718782,-5006.799536833026,1743.2946681125147,144.4841366062321,38.821295091830606,550.8285599350928,-169.549237728119,-0.0,-0.1006911054086125,,,,,,,,,,0.5,0.5,0.9652810113986464,0.24250619234055104,0.5340751043115437,0.6342427837089759,0.1702754455737222,0.340646869680348,0.6674107142857142,0.8265682656826567
1767328459,308909912,1063_1767328459-308909912.png,0,0,0,0,0.0,0.0,1248.17,252.47,-752.0,-141.0,-4953.0,1638.0,117.0,47.0,-660.9639659453901,-163.2778218036561,-5000.102294386719,1730.961779023449,142.75006841760654,39.18129231640155,561.101431429386,-169.47458386421215,-0.0,-0.1006911054086125,,,,,,,,,,0.5,0.5,0.9650194867738706,0.24255536229033625,0.49605934167825677,0.6370106761565836,0.17336868463691268,0.3302439947039909,0.64453125,0.8819188191881918
1767328459,342232422,1064_1767328459-342232422.png,0,0,0,0,0.0,0.0,1246.12,254.18,-819.0,-198.0,-5003.0,1580.0,35.0,44.0,-682.2377377167388,-166.79223451408043,-4999.154637270589,1710.4757031175684,129.24163502289397,39.96827430708412,558.3291743993758,-168.92277574539196,-0.0,-0.1006911054086125,,,,,,,,,,0.5,0.5,0.9637118636499907,0.24360636996699464,0.464997681965693,0.6144721233689205,0.1660038297245544,0.3192736901834689,0.5987723214285714,0.8708487084870848
1767328459,408877686,1065_1767328459-408877686.png,0,0,0,0,0.0,0.0,1239.85,257.05,-730.0,-254.0,-4974.0,1602.0,-52.0,45.0,-691.6637109661099,-178.0096638848637,-4996.271402416724,1694.008591986627,105.12280290989156,40.67669461029369,547.2528743743895,-171.97140455245983,-0.0,-0.1006911054086125,,,,,,,,,,0.5,0.5,0.9597124504857342,0.2453703419155383,0.5062586926286509,0.5923289837880585,0.1702754455737222,0.32343484017401175,0.5502232142857143,0.8745387453874538
1767328459,442199951,1066_1767328459-442199951.png,0,0,0,0,0.0,0.0,1215.28,266.55,-914.0,-88.0,-4863.0,1550.0,-112.0,38.0,-716.3431858692124,-183.28290664883727,-4980.891150588414,1671.671943629117,77.80205962850823,40.35580734179998,489.40394210815424,-170.43648672103893,-0.0,-0.1006911054086125,,,,,,,,,,0.5,0.5,0.9440401089473315,0.25120927345252947,0.42095503013444596,0.6579675761170423,0.18662542347915745,0.3135993947418196,0.5167410714285714,0.8487084870848708
1767328459,475523926,1067_1767328459-475523926.png,0,0,0,0,0.0,0.0,1211.23,272.42,-939.0,-19.0,-4847.0,1497.0,-135.0,34.0,-758.5610562384488,-156.16502496224842,-4955.581193186345,1641.2151619895428,37.38148780906917,39.412775232139744,485.9243666529655,-152.66370868682873,-0.0,-0.1009794247388155,,,,,,,,,,0.5,0.5,0.9414567559464959,0.2548171185180177,0.40936485859990723,0.6852510873863187,0.1889821770511121,0.30357480612823906,0.50390625,0.8339483394833948
1767328459,508846924,1068_1767328459-508846924.png,0,0,0,0,0.0,0.0,1211.23,276.18,-944.0,25.0,-4871.0,1428.0,-205.0,31.0,-790.4750969617671,-126.0260013203796,-4940.326372348802,1606.2017124646054,-2.645810148194641,38.03863273290182,437.1097843050956,-124.18634033203136,-0.0,-0.0961565112454098,,,,,,,,,,0.5,0.5,0.9414567559464959,0.2571281061579216,0.4070468242929995,0.7026492684855674,0.18544704669318013,0.29052392661244564,0.46484375,0.8228782287822878
1767328459,542171387,1069_1767328459-542171387.png,0,0,0,0,0.0,0.0,1144.56,282.65,-1095.0,148.0,-4791.0,1373.0,-383.0,11.0,-819.0083766382239,-89.40539105321085,-4930.575696083793,1576.8175868874814,-48.8300639095668,35.35071975018852,410.6326191425323,-100.40027236938488,-0.0,-0.0746051352681128,,,,,,,,,,0.5,0.5,0.8989303004981725,0.26110472584679867,0.3370421882243857,0.7512850929221035,0.19723081455295333,0.2801210516360885,0.36551339285714285,0.7490774907749077
1767328459,575494873,1070_1767328459-575494873.png,0,0,0,0,0.0,0.0,1098.82,284.3,-1096.0,279.0,-4315.0,1235.0,-532.0,36.0,-859.4010227431169,-50.609191281316456,-4895.347568113598,1542.715441874153,-102.33756871074291,32.56779422297344,386.1110348701477,-96.2275369167329,-0.0,-0.0901980137185306,,,,,,,,,,0.5,0.5,0.8697543582121922,0.26211885606111823,0.3365785813630041,0.8030842230130486,0.2673442333186037,0.2540192926045016,0.2823660714285714,0.8413284132841328
1767328459,608819824,1071_1767328459-608819824.png,0,0,0,0,0.0,0.0,1048.4,284.73,-1168.0,198.0,-4247.0,1173.0,-472.0,61.0,-906.8055045171988,-0.978077373733508,-4788.899663629325,1483.9258969330658,-171.16011430433514,35.42352924632533,347.26800584793085,-84.86567735672008,-0.0,-0.0682598813075607,,,,,,,,,,0.5,0.5,0.8375932080141352,0.26238314454121364,0.3031988873435326,0.7710557532621589,0.27736043599941085,0.24229241535842633,0.31584821428571425,0.933579335793358
1767328459,675469727,1072_1767328459-675469727.png,0,0,0,0,0.0,0.0,996.45,284.87,-1358.0,209.0,-4271.0,1172.0,-558.0,42.0,-974.5187703618816,34.71556996422561,-4698.101966687677,1430.0739499191286,-233.3681683262246,37.58611206546944,301.339583992958,-13.099098205566529,-0.0,-0.0684955096454063,,,,,,,,,,0.5,0.5,0.8044561244602069,0.2624691919533377,0.2151135836810384,0.7754052985369712,0.2738253056414789,0.24210327217703803,0.26785714285714285,0.8634686346863468
1767328459,708794434,1073_1767328459-708794434.png,0,0,0,0,0.0,0.0,943.81,284.71,-1451.0,240.0,-4468.0,1149.0,-465.0,31.0,-1044.200256154597,64.73674017037958,-4664.45143456745,1388.969181819728,-267.2424306978511,36.6229470008817,285.6241530776024,-20.36889433860791,-0.0,-0.0833910488344865,,,,,,,,,,0.5,0.5,0.7708789140987288,0.2623708520537673,0.17199814557255444,0.7876631079478055,0.2448077772867875,0.23775297900510686,0.31975446428571425,0.8228782287822878
1767328459,742120605,1074_1767328459-742120605.png,0,0,0,0,0.0,0.0,829.26,283.65,-1352.0,100.0,-4513.0,975.0,-493.0,9.0,-1101.077073620573,78.19868374521091,-4649.329927868918,1330.747306544465,-307.673967732728,34.25797179787947,263.1780275702476,-11.942608118057372,-0.0,-0.1043634005819056,,,,,,,,,,0.5,0.5,0.6978114853960823,0.2617193502191136,0.21789522484932777,0.7323052589956505,0.23817940786566505,0.20484206544354078,0.30412946428571425,0.7416974169741697
1767328459,775446045,1075_1767328459-775446045.png,0,0,0,0,0.0,0.0,774.36,280.08,-1407.0,156.0,-4263.0,916.0,-534.0,23.0,-1149.4184071980665,87.0345201394399,-4603.143931804282,1263.9285727454917,-343.41202173254743,31.160028993273876,269.3116706013679,49.10834741592395,-0.0,-0.0833145307401706,,,,,,,,,,0.5,0.5,0.662792700273644,0.2595251412099495,0.1923968474733425,0.7544483985765125,0.2750036824274562,0.19368261774163043,0.28125,0.7933579335793357
1767328459,808772705,1076_1767328459-808772705.png,0,0,0,0,0.0,0.0,722.99,275.52,-1389.0,166.0,-4217.0,861.0,-576.0,26.0,-1185.4585429986396,98.0251952052934,-4549.23749022364,1208.0691575163205,-375.0851124515533,30.238202617773805,275.69870662689203,30.76742625236499,-0.0,-0.0952359432219981,,,,,,,,,,0.5,0.5,0.630025578384033,0.25672245407219374,0.20074177097821044,0.7584025306445236,0.28177934894682577,0.1832797427652733,0.2578125,0.8044280442804428
1767328459,842098633,1077_1767328459-842098633.png,0,0,0,0,0.0,0.0,668.9,268.62,-1306.0,57.0,-4203.0,754.0,-586.0,26.0,-1207.713008414108,98.10104878685485,-4499.383420329548,1147.6292310071117,-405.3723100355,29.618400121626475,257.5220777392387,105.71732640266406,-0.0,-0.0880167145771556,,,,,,,,,,0.5,0.5,0.5955234638617619,0.25248154590322125,0.2392211404728789,0.7153024911032029,0.28384150832228605,0.16304142235672403,0.25223214285714285,0.8044280442804428
1767328459,875425781,1078_1767328459-875425781.png,0,0,0,0,0.0,0.0,610.46,259.43,-1277.0,164.0,-4198.0,682.0,-631.0,11.0,-1220.4576119459196,106.64598382459246,-4447.432257847735,1069.0741828217815,-443.1686423221683,26.79945336699225,258.5240905284881,141.92158460617054,-0.0,-0.0945246805026551,,,,,,,,,,0.5,0.5,0.558246636857112,0.24683314792164768,0.2526657394529439,0.7576117042309213,0.2845779938135219,0.14942311329676566,0.2271205357142857,0.7490774907749077
1767328459,908752441,1079_1767328459-908752441.png,0,0,0,0,0.0,0.0,546.88,247.1,-1453.0,261.0,-4076.0,617.0,-708.0,8.0,-1254.4650357466453,129.21899723236925,-4393.11332566686,1002.9620281594164,-481.8980640488307,24.05018695056322,253.5050649642944,151.8009703159331,-0.0,-0.0675930641292164,,,,,,,,,,0.5,0.5,0.5176911840686853,0.23925482941100545,0.17107093184979139,0.7959667852906287,0.30254823979967593,0.13712880650652545,0.1841517857142857,0.7380073800738007
1767328459,942080322,1080_1767328459-942080322.png,0,0,0,0,0.0,0.0,371.17,205.24,-1560.0,170.0,-4332.0,615.0,-656.0,0.0,-1284.0669494074932,149.3420426954167,-4354.821651170021,947.0315578480732,-512.1938834625936,22.37488523195169,242.54552572965616,145.09315586090077,-0.0,-0.0675930641292164,,,,,,,,,,0.5,0.5,0.40561193572872883,0.2135266531859054,0.12146499768196561,0.7599841834717279,0.2648401826484018,0.13675052014374883,0.21316964285714285,0.7084870848708487
1767328459,975407471,1081_1767328459-975407471.png,0,0,0,0,0.0,0.0,269.95,185.75,-1484.0,152.0,-4287.0,580.0,-639.0,-1.0,-1322.0542715750323,151.8028189984676,-4350.083468382224,897.3852205179486,-532.6951983545711,19.071614396280097,179.75458586215967,115.15752959251392,-0.0,-0.0675930641292164,,,,,,,,,,0.5,0.5,0.34104724665599306,0.2015476241694888,0.15669911914696333,0.752866745749308,0.27146855206952425,0.13013050879515795,0.22265625,0.7047970479704797
1767328460,8735840,1082_1767328460-8735840.png,0,0,0,0,0.0,0.0,184.07,166.8,-1549.0,204.0,-4278.0,569.0,-673.0,-8.0,-1354.0246679480204,155.02369356123032,-4338.6300412028095,841.8616785691136,-553.1501008666172,15.173915610283451,166.79504728317255,125.43783950805653,-0.0,-0.0675930641292164,,,,,,,,,,0.5,0.5,0.2862674057395087,0.1899004923141222,0.1265646731571627,0.7734282325029656,0.2727942259537487,0.12804993379988652,0.2036830357142857,0.6789667896678966
1767328460,42063477,1083_1767328460-42063477.png,0,0,0,0,0.0,0.0,118.73,149.49,-1637.0,241.0,-3969.0,509.0,-775.0,9.0,-1390.5025446822158,165.5347159681414,-4301.797741950321,796.5276645009573,-579.9085491579949,13.323483177085375,108.1564536094665,190.56452345848072,-0.0,-0.0675930641292164,,,,,,,,,,0.5,0.5,0.24458931065936101,0.179261344429352,0.08576726935558643,0.7880585211546065,0.31830902931212257,0.11670134291658787,0.14676339285714285,0.7416974169741697
1767328460,75392578,1084_1767328460-75392578.png,0,0,0,0,0.0,0.0,74.92,128.43,-1660.0,301.0,-3869.0,497.0,-839.0,18.0,-1435.8340863175572,185.7051664525856,-4232.40345502355,745.4123716837047,-621.227631801418,13.645634159147022,110.4575113654136,108.15840744972216,-0.0,-0.0675930641292164,,,,,,,,,,0.5,0.5,0.21664444770464303,0.16631735514840104,0.07510431154381081,0.811783313562673,0.333038739136839,0.11443162473992813,0.11104910714285715,0.7749077490774907
1767328460,108720703,1085_1767328460-108720703.png,0,0,0,0,0.0,0.0,50.33,118.26,-1629.0,270.0,-4024.0,531.0,-850.0,15.0,-1464.933304731546,198.88287914550287,-4197.674741973359,713.1237470508303,-654.3820079750291,13.92598446765458,127.61511337757103,115.06940650939929,-0.0,-0.0675930641292164,,,,,,,,,,0.5,0.5,0.2009593488674708,0.16006662528195892,0.08947612424663887,0.7995255041518387,0.31020768890852857,0.12086249290713069,0.1049107142857143,0.7638376383763837
1767328460,142049805,1086_1767328460-142049805.png,0,0,0,0,0.0,0.0,42.38,110.86,-1512.0,354.0,-4123.0,577.0,-861.0,19.0,-1475.0255538026463,219.26349993674984,-4184.038753935379,691.9550524655524,-684.2964876898426,14.558303941432255,125.15417516231533,108.68843555450428,-0.0,-0.0675930641292164,,,,,,,,,,0.5,0.5,0.1958883226065713,0.15551840492682895,0.14371812702828002,0.8327402135231317,0.29562527618205925,0.129563079250993,0.0987723214285714,0.7785977859778597
1767328460,208655273,1087_1767328460-208655273.png,0,0,0,0,0.0,0.0,39.17,103.71,-1751.0,391.0,-4252.0,469.0,-776.0,13.0,-1499.6226748682757,234.8314669044822,-4178.314289626544,657.7055962789392,-708.9576423583463,12.464247859673788,65.12756973505014,113.4106864929198,-0.0,-0.0675930641292164,,,,,,,,,,0.5,0.5,0.19384077615405715,0.1511238406647777,0.03291608715808991,0.8473705021747726,0.276623950508175,0.10913561566105542,0.14620535714285715,0.7564575645756457
1767328460,241971191,1088_1767328460-241971191.png,0,0,0,0,0.0,0.0,38.67,103.15,-1643.0,441.0,-4141.0,477.0,-804.0,19.0,-1540.01393433659,277.04880630740865,-4178.550948956554,616.6979198796744,-728.0370591254828,13.461444851423185,52.27160927653308,76.04105424880969,-0.0,-0.0675930641292164,,,,,,,,,,0.5,0.5,0.1935218436848182,0.15077965101628138,0.08298562818729716,0.867141162514828,0.29297392841361025,0.1106487611121619,0.13058035714285715,0.7785977859778597
1767328460,275288330,1089_1767328460-275288330.png,0,0,0,0,0.0,0.0,38.32,103.23,-1567.0,265.0,-4097.0,446.0,-742.0,8.0,-1543.960425896298,275.28676685379463,-4166.624789146619,591.7347441256677,-730.0790251162756,12.662753175549248,51.9749667346477,76.2976858615874,-0.0,-0.1172929029466387,,,,,,,,,,0.5,0.5,0.1932985909563509,0.1508288209660666,0.11821974965229487,0.7975484381178332,0.29945500073648557,0.10478532248912428,0.1651785714285714,0.7380073800738007
1767328460,308604736,1090_1767328460-308604736.png,0,0,0,0,0.0,0.0,38.13,103.2,-1432.0,18.0,-4140.0,526.0,-734.0,-6.0,-1513.6296230760124,236.69129689825743,-4151.042104039022,577.4466724526308,-735.6623707634357,9.50611928433046,96.66415268182747,79.37740850448596,-0.0,-0.1148910813753879,,,,,,,,,,0.5,0.5,0.19317739661804012,0.15081038223489712,0.18080667593880384,0.6998813760379596,0.2931212255118575,0.11991677700018916,0.16964285714285715,0.6863468634686346
1767328460,375238770,1091_1767328460-375238770.png,0,0,0,0,0.0,0.0,38.12,103.14,-1435.0,182.0,-4100.0,555.0,-728.0,1.0,-1495.8233014711957,211.7952379581644,-4142.724408907924,570.1888333666739,-734.4133631047554,7.064037449650968,96.66415268182747,79.37740850448596,-0.0,-0.0691055383342342,,,,,,,,,,0.5,0.5,0.19317101796865532,0.15077350477255824,0.1794158553546592,0.7647291419533412,0.2990131094417441,0.12540192926045016,0.1729910714285714,0.7121771217712176
1767328460,408556641,1092_1767328460-408556641.png,0,0,0,0,0.0,0.0,37.87,103.16,-1526.0,148.0,-3784.0,507.0,-747.0,-18.0,-1492.395256043388,195.10277458926956,-4105.526617035829,560.5439668224348,-736.5885419788614,2.3074881532600098,105.27211141586298,85.26689624786364,-0.0,-0.0467178628741407,,,,,,,,,,0.5,0.5,0.19301155173403584,0.15078579726000452,0.1372276309689383,0.7512850929221035,0.34555899248784805,0.11632305655381125,0.16238839285714285,0.6420664206642066
1767328460,441873779,1093_1767328460-441873779.png,0,0,0,0,0.0,0.0,37.95,103.28,-1593.0,269.0,-3799.0,546.0,-795.0,-15.0,-1499.395166068859,191.9807129863265,-4058.972877907975,553.9275417014791,-739.6052156285173,-0.5689358386443081,105.03261542320246,85.50375390052783,-0.0,-0.0431874825857024,,,,,,,,,,0.5,0.5,0.19306258092911407,0.15085955218468233,0.1061659712563745,0.7991300909450376,0.34334953601414053,0.12369964062795538,0.13560267857142855,0.6531365313653136
1767328460,475191895,1094_1767328460-475191895.png,0,0,0,0,0.0,0.0,38.05,103.23,-1510.0,327.0,-3773.0,590.0,-828.0,-10.0,-1510.4552843054505,216.08647874731815,-3997.777160394732,557.3834441565386,-755.9073518986894,-3.200357913708221,97.00014841556543,64.80070424079882,-0.0,-0.0662465997427212,,,,,,,,,,0.5,0.5,0.19312636742296188,0.1508288209660666,0.14464534075104307,0.8220640569395018,0.34717926056856685,0.13202194060904104,0.1171875,0.6715867158671587
1767328460,541828125,1095_1767328460-541828125.png,0,0,0,0,0.0,0.0,38.11,103.09,-1424.0,452.0,-3621.0,530.0,-853.0,-12.0,-1497.7998064878332,253.53439671878417,-3936.703194419296,554.2456144080643,-772.0221986491032,-4.667932098508468,93.1066501140594,67.83314132690417,-0.0,-0.1026648388244091,,,,,,,,,,0.5,0.5,0.19316463931927055,0.1507427735539425,0.18451553082985628,0.8714907077896401,0.3695684195021358,0.1206733497257424,0.10323660714285715,0.6642066420664207
1767328460,575145752,1096_1767328460-575145752.png,0,0,0,0,0.0,0.0,37.98,103.34,-1396.0,389.0,-3610.0,509.0,-793.0,-4.0,-1482.9124167476946,273.3451341063005,-3888.925522216651,547.6288130705747,-775.0900306556339,-4.570252487775291,91.60850137472148,69.15355467796313,-0.0,-0.1026648388244091,,,,,,,,,,0.5,0.5,0.1930817168772684,0.1508964296470212,0.1974965229485396,0.8465796757611704,0.3711886875828546,0.11670134291658787,0.13671875,0.6937269372693726
1767328460,608464844,1097_1767328460-608464844.png,0,0,0,0,0.0,0.0,37.97,103.96,-1296.0,383.0,-3532.0,477.0,-802.0,-5.0,-1445.391804218411,294.5289467288748,-3835.883340724836,537.2958206677106,-773.5233165672195,-5.996369379730149,39.638130724430034,54.25917744636524,-0.0,-0.0492477644977814,,,,,,,,,,0.5,0.5,0.19307533822788364,0.1512774967578564,0.2438572090866944,0.8442071965203638,0.38267786124613345,0.1106487611121619,0.13169642857142855,0.6900369003690037
1767328460,641782959,1098_1767328460-641782959.png,0,0,0,0,0.0,0.0,37.99,104.26,-1150.0,446.0,-3527.0,498.0,-694.0,-25.0,-1402.2276794558989,317.303449193119,-3782.773210336031,529.3707871185478,-765.612714148706,-8.200447681783974,34.76820570230479,54.87489271163928,-0.0,-0.0894742251221362,,,,,,,,,,0.5,0.5,0.1930880955266532,0.15146188406955088,0.31154381084840055,0.8691182285488335,0.3834143467373693,0.11462076792131645,0.1919642857142857,0.6162361623616236
1767328460,675102295,1099_1767328460-675102295.png,0,0,0,0,0.0,0.0,37.89,104.38,-1044.0,367.0,-3675.0,535.0,-590.0,-20.0,-1343.1369341786744,327.99123576021043,-3760.2151629114674,529.3603442588858,-738.0277035444785,-10.372478830074495,57.00977253913874,52.96269345283496,-0.0,-0.0815956315200939,,,,,,,,,,0.5,0.5,0.1930243090328054,0.15153563899422867,0.3606861381548446,0.8378805852115461,0.36161437619678893,0.12161906563268396,0.25,0.6346863468634686
1767328460,741740723,1100_1767328460-741740723.png,0,0,0,0,0.0,0.0,37.95,104.7,-1044.0,291.0,-3877.0,582.0,-630.0,-8.0,-1284.1241786904022,322.38344805397264,-3783.790634655793,539.396757019372,-706.5670663971867,-11.83730175416032,51.450062692165325,64.38072252273547,-0.0,-0.1054371995127073,,,,,,,,,,0.5,0.5,0.19306258092911407,0.1517323187933694,0.3606861381548446,0.8078291814946619,0.3318603623508617,0.13050879515793457,0.2276785714285714,0.6789667896678966
1767328460,775059814,1101_1767328460-775059814.png,0,0,0,0,0.0,0.0,37.95,104.85,-1173.0,294.0,-3798.0,607.0,-755.0,-25.0,-1255.3093467176222,316.5905492105126,-3790.745558702693,551.5122748741169,-709.6438285775737,-13.5614626715345,65.46174716949457,68.49384951591479,-0.0,-0.1009917295737606,,,,,,,,,,0.5,0.5,0.19306258092911407,0.15182451244921663,0.30088085303662493,0.8090154211150652,0.34349683311238777,0.13523737469264233,0.15792410714285715,0.6162361623616236
1767328460,808379883,1102_1767328460-808379883.png,0,0,0,0,0.0,0.0,38.34,104.88,-1383.0,186.0,-3947.0,546.0,-712.0,-25.0,-1266.7988938396068,273.3627501142003,-3807.220449764795,548.6331023384267,-708.1897670921492,-17.205539466165717,93.56758898496622,38.10571479797351,-0.0,-0.0745941184889765,,,,,,,,,,0.5,0.5,0.19331134825512047,0.1518429511803861,0.20352341214649972,0.7663107947805456,0.3215495654735602,0.12369964062795538,0.18191964285714285,0.6162361623616236
1767328460,841699219,1103_1767328460-841699219.png,0,0,0,0,0.0,0.0,39.13,105.14,-1383.0,252.0,-3915.0,544.0,-769.0,-17.0,-1283.7923559622654,264.6314445006489,-3825.700959914365,548.1254634701899,-712.2402038683643,-17.85513893796506,116.82519549131388,98.62535262107836,-0.0,-0.1018387850386984,,,,,,,,,,0.5,0.5,0.19381526155651804,0.15200275351718795,0.20352341214649972,0.7924080664294187,0.32626307261746945,0.12332135426517873,0.15011160714285715,0.6457564575645756
1767328460,875019775,1104_1767328460-875019775.png,0,0,0,0,0.0,0.0,41.02,105.17,-1361.0,297.0,-3892.0,579.0,-727.0,-24.0,-1300.877532712111,267.46989545791257,-3840.699830834024,551.4647627108491,-718.5204969274533,-18.517032682428574,127.18625450134272,134.35030722618092,-0.0,-0.134825998550308,,,,,,,,,,0.5,0.5,0.1950208262902413,0.15202119224835742,0.21372276309689375,0.8102016607354685,0.3296509058771543,0.12994136561376962,0.17354910714285715,0.6199261992619925
1767328460,908339355,1105_1767328460-908339355.png,0,0,0,0,0.0,0.0,45.09,105.27,-1344.0,317.0,-3930.0,621.0,-719.0,-33.0,-1307.6501249140874,274.1646993102842,-3852.71696937986,560.4817276681174,-718.8100479939683,-20.388192172098584,112.36620610952372,112.2647998332976,-0.0,-0.1266021722074961,,,,,,,,,,0.5,0.5,0.19761693658984647,0.15208265468558888,0.2216040797403801,0.8181099248714907,0.32405361614376205,0.1378853792320787,0.17801339285714285,0.5867158671586715
1767328460,941660400,1106_1767328460-941660400.png,0,0,0,0,0.0,0.0,53.07,105.59,-1377.0,320.0,-4050.0,700.0,-674.0,-24.0,-1318.7579643887498,282.00607268846863,-3883.621773623372,582.4933896816588,-712.2619926023428,-21.251544551847523,157.69705688953394,159.01989865303028,-0.0,-0.136477081884087,,,,,,,,,,0.5,0.5,0.20270709879890034,0.15227933448472963,0.206305053314789,0.819296164491894,0.30637796435410225,0.15282769056175524,0.203125,0.6199261992619925
1767328460,974980469,1107_1767328460-974980469.png,0,0,0,0,0.0,0.0,66.41,106.15,-1323.0,271.0,-4098.0,791.0,-677.0,-22.0,-1319.378327428868,280.3965245048863,-3914.972837225344,612.9857774208765,-707.1052143628115,-21.361000044389225,94.28542757034296,138.46587014198292,-0.0,-0.1287005332724513,,,,,,,,,,0.5,0.5,0.21121621707819588,0.15262352413322597,0.23133982382939267,0.7999209173586398,0.29930770363823833,0.17003972006809154,0.20145089285714285,0.6273062730627306
1767328461,41622314,1108_1767328461-41622314.png,0,0,0,0,0.0,0.0,86.25,107.73,-1460.0,241.0,-4127.0,905.0,-722.0,-30.0,-1339.943097812069,274.63510476406134,-3945.98007698959,655.6904709874458,-709.2834550346457,-22.62438318568811,171.9523934721946,108.741166114807,-0.0,-0.1287005332724513,,,,,,,,,,0.5,0.5,0.22387145745759796,0.15359463064148343,0.16782568382012053,0.7880585211546065,0.29503608778907053,0.191602042746359,0.1763392857142857,0.5977859778597785
1767328461,74943848,1109_1767328461-74943848.png,0,0,0,0,0.0,0.0,150.39,116.1,-1283.0,204.0,-4376.0,1247.0,-455.0,-35.0,-1362.81883108071,261.0213511642563,-4015.030315958025,747.4320230739124,-687.8951492067526,-23.159823284964787,201.56586515903467,108.39454865455616,-0.0,-0.1287005332724513,,,,,,,,,,0.5,0.5,0.26478411461157214,0.15873903663775882,0.24988409828465452,0.7734282325029656,0.2583591103255266,0.25628901078116134,0.3253348214285714,0.5793357933579335
1767328461,108264893,1110_1767328461-108264893.png,0,0,0,0,0.0,0.0,192.52,123.14,-1039.0,52.0,-4427.0,1437.0,-364.0,-39.0,-1320.0343556555622,233.10748707120456,-4083.471324949632,856.340166096504,-636.8350017193591,-25.681254982788985,217.09141367673868,102.21762204170214,-0.0,-0.1287005332724513,,,,,,,,,,0.5,0.5,0.29165736446964724,0.16306599221885543,0.3630041724617524,0.7133254250691973,0.2508469583149212,0.2922262152449404,0.3761160714285714,0.5645756457564575
1767328461,141586914,1111_1767328461-141586914.png,0,0,0,0,0.0,0.0,240.05,128.81,-924.0,-67.0,-4481.0,1646.0,-347.0,-37.0,-1265.2718403562203,192.48320617063723,-4140.12550816245,966.0889156707116,-594.9152851732496,-27.39138585435917,234.0517302155494,92.97917056083666,-0.0,-0.1287005332724513,,,,,,,,,,0.5,0.5,0.3219750849955031,0.16655091240988068,0.41631896152063047,0.6662712534598656,0.24289291500957433,0.33175714015509744,0.38560267857142855,0.5719557195571956
1767328461,174908936,1112_1767328461-174908936.png,0,0,0,0,0.0,0.0,289.76,135.07,-992.0,-208.0,-4439.0,1763.0,-376.0,-9.0,-1223.4429319000812,137.78322273958912,-4184.985455262216,1079.4215194591302,-562.1052885306385,-25.469792789846927,260.44109749794,56.58777618408191,-0.0,-0.1287005332724513,,,,,,,,,,0.5,0.5,0.3536833510872408,0.1703984609805717,0.38479369494668514,0.6105179913009094,0.24907939313595528,0.3538868923775298,0.36941964285714285,0.6752767527675276
1767328461,208226807,1113_1767328461-208226807.png,0,0,0,0,0.0,0.0,339.19,144.36,-1037.0,-259.0,-4494.0,1856.0,-376.0,7.0,-1200.0170848778964,92.08386278622656,-4221.700514667681,1171.689425716609,-539.9934920458758,-21.611947288840035,263.5916906595229,57.36239957809436,-0.0,-0.1287005332724513,,,,,,,,,,0.5,0.5,0.38521301499620475,0.17610832139937677,0.3639313861845155,0.5903519177540529,0.24097805273236117,0.3714772082466427,0.36941964285714285,0.7343173431734317
1767328461,241543945,1114_1767328461-241543945.png,0,0,0,0,0.0,0.0,430.82,156.95,-1204.0,-327.0,-4657.0,1929.0,-247.0,21.0,-1196.2674236300682,21.46632468427237,-4292.595783893524,1300.6252559210477,-492.7875105617819,-14.619944344329229,304.8968268036842,9.5261809825896,-0.0,-0.1039246526492664,,,,,,,,,,0.5,0.5,0.44366057930893715,0.18384644224682084,0.28650904033379687,0.5634638196915777,0.2169686257180734,0.3852846604879894,0.44140625,0.7859778597785977
1767328461,274862305,1115_1767328461-274862305.png,0,0,0,0,0.0,0.0,471.01,161.51,-1197.0,-341.0,-4799.0,2198.0,-98.0,19.0,-1195.4536361507892,-29.469341276110804,-4366.768377009993,1419.6567780295263,-440.8088184572484,-10.048647537797416,304.8968268036842,9.5261809825896,-0.0,-0.0885241792680253,,,,,,,,,,0.5,0.5,0.469296371186365,0.1866491293845766,0.2897542883634677,0.5579280347963622,0.196052437766976,0.43616417628144505,0.5245535714285714,0.7785977859778597
1767328461,308179932,1116_1767328461-308179932.png,0,0,0,0,0.0,0.0,507.67,166.11,-1050.0,-364.0,-5081.0,2311.0,-40.0,15.0,-1191.104150033426,-75.74406890245827,-4438.75645709513,1537.0004336341397,-388.8704800685318,-5.925027152213152,310.111709177494,-15.681032896041993,-0.0,-0.1626718813885484,,,,,,,,,,0.5,0.5,0.49268049983096585,0.18947640149722494,0.35790449698655535,0.5488335310399367,0.15451465606127557,0.4575373557783242,0.5569196428571428,0.7638376383763837
1767328461,374816406,1117_1767328461-374816406.png,0,0,0,0,0.0,0.0,604.88,182.41,-945.0,-532.0,-5107.0,2634.0,-17.0,9.0,-1094.581411951767,-238.8160794781193,-4719.8637116263735,1927.08097074738,-233.10632252033955,-0.2670362924771365,311.9342944622039,-38.48743009567273,-0.0,-0.1626718813885484,,,,,,,,,,0.5,0.5,0.5546873505004051,0.19949477876595717,0.40658321743161796,0.4824041122973507,0.15068493150684936,0.5186306033667487,0.5697544642857143,0.7416974169741697
1767328461,408135498,1118_1767328461-408135498.png,0,0,0,0,0.0,0.0,604.88,182.41,-945.0,-532.0,-5107.0,2634.0,-17.0,9.0,-1089.9254318483308,-247.94193597850744,-4731.9139980387445,1949.0850479384808,-226.3796395404657,0.0214162367014668,313.1025517582893,-28.77726936340344,-0.0,-0.1626718813885484,,,,,,,,,,0.5,0.5,0.5546873505004051,0.19949477876595717,0.40658321743161796,0.4824041122973507,0.15068493150684936,0.5186306033667487,0.5697544642857143,0.7416974169741697
1767328461,441453857,1119_1767328461-441453857.png,0,0,0,0,0.0,0.0,635.65,187.67,-862.0,-406.0,-5059.0,2718.0,56.0,21.0,-1062.8448432066905,-266.72134720326414,-4770.7761881757615,2040.442424552077,-192.82916297820768,2.5139524691483963,316.61264866590494,-59.87382769584668,-0.0,-0.1626718813885484,,,,,,,,,,0.5,0.5,0.5743144546573709,0.20272770296433332,0.4450625869262865,0.5322261763542903,0.15775519222271328,0.5345186306033668,0.6104910714285714,0.7859778597785977
1767328461,508091797,1120_1767328461-508091797.png,0,0,0,0,0.0,0.0,681.26,197.45,-904.0,-601.0,-5179.0,2819.0,184.0,0.0,-1021.00800961151,-312.6424287517602,-4830.419163249754,2182.543533711592,-136.53716769146882,3.250287023168757,317.0738472938537,-71.03522515296947,-0.0,-0.1626718813885484,,,,,,,,,,0.5,0.5,0.6034074745013491,0.20873872932557264,0.4255910987482614,0.45512060102807433,0.14007954043305348,0.5536220919235862,0.6819196428571428,0.7084870848708487
1767328461,541411621,1121_1767328461-541411621.png,0,0,0,0,0.0,0.0,716.56,208.04,-780.0,-662.0,-5333.0,3034.0,230.0,-5.0,-993.8736980375542,-385.0930956364965,-4923.139038767232,2341.39014195473,-62.77134580845459,3.404217209801742,314.4479633569717,-54.92145371437085,-0.0,-0.1626718813885484,,,,,,,,,,0.5,0.5,0.62592410682962,0.215247601428387,0.4830783495595734,0.4310003954132068,0.11739578730299016,0.5942878759220731,0.7075892857142857,0.6900369003690037
1767328461,574730469,1122_1767328461-574730469.png,0,0,0,0,0.0,0.0,716.56,208.04,-780.0,-662.0,-5333.0,3034.0,230.0,-5.0,-974.5173315468804,-410.1542021392548,-4960.232982756775,2404.0739145288767,-36.274448249591856,2.643604241153369,300.71201097965235,-138.50669956207287,-0.0,-0.1626718813885484,,,,,,,,,,0.5,0.5,0.62592410682962,0.215247601428387,0.4830783495595734,0.4310003954132068,0.11739578730299016,0.5942878759220731,0.7075892857142857,0.6900369003690037
1767328461,608050537,1123_1767328461-608050537.png,0,0,0,0,0.0,0.0,750.11,211.53,-635.0,-653.0,-5292.0,3084.0,265.0,-16.0,-919.6964568912796,-452.361141802763,-5018.65736910739,2520.24764422476,14.860641072656913,-0.2859969996385556,299.28620457649225,-148.89977836608898,-0.0,-0.1626718813885484,,,,,,,,,,0.5,0.5,0.6473244755155544,0.21739264048776585,0.5503013444598979,0.43455911427441674,0.12343496833112388,0.6037450349914887,0.7271205357142857,0.6494464944649446
1767328461,674690430,1124_1767328461-674690430.png,0,0,0,0,0.0,0.0,811.67,214.93,-562.0,-618.0,-5462.0,3085.0,321.0,0.0,-834.3034466874805,-493.6756702321825,-5109.163801284081,2646.370815928274,79.30741020101743,-1.687828317456007,311.05164003372187,-178.96221590042126,-0.0,-0.0699624658987823,,,,,,,,,,0.5,0.5,0.6865914411282555,0.2194823633536364,0.5841446453407511,0.4483985765124555,0.09839446162910592,0.603934178172877,0.7583705357142857,0.7084870848708487
1767328461,708010010,1125_1767328461-708010010.png,0,0,0,0,0.0,0.0,839.35,217.25,-611.0,-657.0,-5522.0,3091.0,397.0,21.0,-794.4107603044365,-520.8644003895289,-5178.914237375423,2723.05063909961,132.1902630476571,1.6749346879833555,302.23704457283014,-132.96755480766308,-0.0,-0.0699624658987823,,,,,,,,,,0.5,0.5,0.7042475426253245,0.2209082918974069,0.5614279091330552,0.43297746144721233,0.08955663573427608,0.6050690372612069,0.80078125,0.7859778597785977
1767328461,741330811,1126_1767328461-741330811.png,0,0,0,0,0.0,0.0,889.93,217.53,-524.0,-723.0,-5457.0,3180.0,477.0,-6.0,-759.4700004733032,-538.2228794599563,-5219.812237700551,2786.5374108628803,182.84609931667896,2.854840179260393,330.2084621191024,-185.9871301651002,-0.0,-0.0699624658987823,,,,,,,,,,0.5,0.5,0.736510751213538,0.22108038672165503,0.6017617060732499,0.40688018979833923,0.09913094712034176,0.6219027804047665,0.8454241071428571,0.6863468634686346
1767328461,774650879,1127_1767328461-774650879.png,0,0,0,0,0.0,0.0,913.12,217.54,-605.0,-838.0,-5375.0,3201.0,481.0,3.0,-716.4639546855642,-593.1859739213675,-5263.083407275303,2876.9753632915463,249.06772729425097,1.9450140914047556,338.8474618196487,-175.12004947662365,-0.0,-0.0525257397217028,,,,,,,,,,0.5,0.5,0.7513028391368411,0.22108653296537817,0.5642095503013445,0.3614076710162119,0.1112093091766092,0.625874787213921,0.84765625,0.7195571955719556
1767328461,841292480,1128_1767328461-841292480.png,0,0,0,0,0.0,0.0,934.95,217.11,-461.0,-847.0,-5285.0,3343.0,357.0,-9.0,-694.5607337254303,-628.6368881229612,-5284.457872637535,2945.795573373453,286.55600880912385,2.6747331280819626,350.2572898864745,-172.96454453468334,-0.0,-0.0124947286333933,,,,,,,,,,0.5,0.5,0.7652274307438144,0.22082224448528281,0.6309689383402873,0.35784895215500195,0.12446604801885408,0.6527331189710612,0.7784598214285714,0.6752767527675276
1767328461,874614014,1129_1767328461-874614014.png,0,0,0,0,0.0,0.0,947.84,216.71,-423.0,-798.0,-5248.0,3352.0,377.0,-8.0,-659.2215694830313,-659.0454989320147,-5283.385465353297,3004.163615178049,297.4804014014526,0.9985255490339496,348.9143459796905,-178.5039758682252,-0.0,-0.0338662924697881,,,,,,,,,,0.5,0.5,0.7734495098007949,0.22057639473635687,0.6485859990727862,0.37722419928825623,0.1299160406539991,0.654435407603556,0.7896205357142857,0.6789667896678966
1767328461,907934814,1130_1767328461-907934814.png,0,0,0,0,0.0,0.0,959.44,216.68,-571.0,-903.0,-5316.0,3284.0,398.0,-1.0,-627.4686968560129,-689.4940146483607,-5281.437623915765,3060.1081393577365,312.50967854279725,-0.127576288012933,353.7437489032745,-177.58477330207836,-0.0,-0.0806706366449386,,,,,,,,,,0.5,0.5,0.7808487430871388,0.2205579560051874,0.579972183588317,0.33570581257413995,0.11989983797319193,0.6415736712691509,0.8013392857142857,0.7047970479704797
1767328461,941256592,1131_1767328461-941256592.png,0,0,0,0,0.0,0.0,969.99,216.68,-636.0,-912.0,-5398.0,3281.0,487.0,11.0,-625.4328418273423,-727.4606978470018,-5297.153270044495,3098.443913014662,337.85820890436844,1.1474149147459225,372.17727750539774,-176.60280990600597,-0.0,-0.0806706366449386,,,,,,,,,,0.5,0.5,0.7875782181880809,0.2205579560051874,0.5498377375985164,0.33214709371293,0.10782147591692448,0.6410062417249859,0.8510044642857142,0.7490774907749077
1767328461,974577881,1132_1767328461-974577881.png,0,0,0,0,0.0,0.0,979.77,213.64,-716.0,-1108.0,-5821.0,3382.0,686.0,-18.0,-638.9583676025453,-788.015537319641,-5376.441544702161,3144.7630465171515,392.7344989362174,-1.3909085469881424,379.7478964924812,-171.90018963813793,-0.0,-0.0576755649168406,,,,,,,,,,0.5,0.5,0.793816537286395,0.21868949791335024,0.5127491886879925,0.254646105179913,0.04551480335837388,0.6601097030452053,0.9620535714285714,0.6420664206642066
1767328462,7900146,1133_1767328462-7900146.png,0,0,0,0,0.0,0.0,1000.35,210.58,-492.0,-773.0,-5761.0,3523.0,754.0,-39.0,-610.7502628476616,-795.0836010280686,-5447.938312043632,3214.032048045666,466.63004373552303,-7.237817037088985,362.61665982007975,-144.601807832718,-0.0,-0.0576755649168406,,,,,,,,,,0.5,0.5,0.8069437977202707,0.2168087473340668,0.6165971256374594,0.38710952945828386,0.05435262925320372,0.6867788916209572,1.0,0.5645756457564575
1767328462,74544189,1134_1767328462-74544189.png,0,0,0,0,0.0,0.0,1011.18,207.79,-529.0,-639.0,-5420.0,3483.0,546.0,-10.0,-596.7326452414711,-779.726555618965,-5462.859254965035,3255.595936953092,489.8307763738928,-9.25816867522678,375.7395855784416,-136.5202763080598,-0.0,-0.0576755649168406,,,,,,,,,,0.5,0.5,0.8138518750039867,0.2150939453353083,0.5994436717663421,0.44009489916963224,0.10458093975548688,0.6792131643654247,0.8839285714285714,0.6715867158671587
1767328462,107865967,1135_1767328462-107865967.png,0,0,0,0,0.0,0.0,1020.46,207.3,-391.0,-916.0,-5570.0,3474.0,668.0,2.0,-570.4310543749241,-792.0577504068341,-5474.41344467714,3287.7826023854554,512.5402974129846,-7.940895005174302,375.7395855784416,-136.5202763080598,-0.0,-0.0576755649168406,,,,,,,,,,0.5,0.5,0.8197712616330619,0.21479277939287406,0.6634214186369958,0.33056544088572554,0.08248637501841216,0.6775108757329299,0.9520089285714285,0.7158671586715867
1767328462,141188965,1136_1767328462-141188965.png,0,0,0,0,0.0,0.0,1028.13,207.3,-266.0,-1139.0,-5809.0,3517.0,733.0,-16.0,-537.7992804355464,-826.9660775724741,-5507.400795861321,3313.7993791311687,536.8937307266862,-8.388850831559674,439.77606046199793,-127.53859972953808,-0.0,-0.0576755649168406,,,,,,,,,,0.5,0.5,0.8246636857111876,0.21479277939287406,0.7213722763096894,0.24238829576907867,0.0472823685373398,0.6856440325326273,0.98828125,0.6494464944649446
1767328462,174511719,1137_1767328462-174511719.png,0,0,0,0,0.0,0.0,1034.14,207.48,-434.0,-1077.0,-5660.0,3553.0,725.0,-10.0,-518.0115030925009,-865.232059697708,-5533.804022534054,3347.7930905926405,564.6221629707063,-8.789038976000503,383.8251729011535,-137.7438259124757,-0.0,-0.0576755649168406,,,,,,,,,,0.5,0.5,0.8284972539914399,0.2149034117798907,0.6434863235975892,0.2669039145907473,0.0692296361761674,0.6924531870626065,0.9838169642857142,0.6715867158671587
1767328462,207831299,1138_1767328462-207831299.png,0,0,0,0,0.0,0.0,1042.49,208.98,-443.0,-984.0,-5432.0,3760.0,463.0,-22.0,-516.8961886740004,-883.5088506702322,-5549.321684503775,3403.513280721556,568.7574775413483,-7.645107330344978,391.3377361893653,-132.60890102386486,-0.0,-0.0576755649168406,,,,,,,,,,0.5,0.5,0.8338234262277305,0.21582534833836298,0.6393138618451553,0.30367734282325026,0.10281337457652084,0.7316058256099869,0.8376116071428571,0.6273062730627306
1767328462,241150391,1139_1767328462-241150391.png,0,0,0,0,0.0,0.0,1045.35,212.05,-328.0,-885.0,-5116.0,3681.0,284.0,-25.0,-502.5099011386766,-895.1233138050296,-5522.328300528573,3453.1875384221185,547.7196262265807,-9.837773255556712,401.7951650619506,-153.44621300697338,-0.0,-0.0576755649168406,,,,,,,,,,0.5,0.5,0.8356477199517773,0.2177122451613696,0.6926286509040334,0.3428232502965599,0.1493592576226248,0.7166635142803103,0.7377232142857142,0.6162361623616236
1767328462,274470215,1140_1767328462-274470215.png,0,0,0,0,0.0,0.0,1047.5,214.87,-293.0,-843.0,-5107.0,3708.0,280.0,-18.0,-474.844293799306,-891.0689093182327,-5462.354546027267,3488.1579329295973,508.90764779851,-11.626132907736242,412.6779460906982,-130.8432869911195,-0.0,-0.0576755649168406,,,,,,,,,,0.5,0.5,0.837019129569505,0.21944548589129753,0.7088548910523875,0.3594306049822064,0.15068493150684936,0.7217703801777947,0.7354910714285714,0.6420664206642066
1767328462,307789551,1141_1767328462-307789551.png,0,0,0,0,0.0,0.0,1048.94,216.83,-512.0,-740.0,-5362.0,3687.0,467.0,-5.0,-463.23891041791217,-873.4399236141838,-5424.021857590501,3524.249697197653,486.2728198120101,-11.551094048372295,372.0958436727523,-157.62210083007824,-0.0,0.0029529348887188,,,,,,,,,,0.5,0.5,0.8379376550809132,0.22065014966103463,0.6073249884098284,0.4001581652827204,0.11312417145382236,0.7177983733686402,0.83984375,0.6900369003690037
1767328462,341109863,1142_1767328462-341109863.png,0,0,0,0,0.0,0.0,1050.28,217.41,-488.0,-924.0,-5445.0,3740.0,481.0,-24.0,-467.518300392018,-875.7870853829538,-5424.8131774923,3554.34770751018,485.11771460005,-12.850504110519218,372.2184489965438,-158.7109582424165,-0.0,-0.0230331254646456,,,,,,,,,,0.5,0.5,0.8387923940984736,0.22100663179697727,0.6184515530829856,0.3274021352313167,0.10089851229930769,0.7278229619822206,0.84765625,0.6199261992619925
1767328462,374429443,1143_1767328462-374429443.png,0,0,0,0,0.0,0.0,1051.1,217.92,-458.0,-995.0,-5386.0,3715.0,478.0,-21.0,-466.9491804763238,-891.2735793879754,-5420.755346483749,3578.52750379658,484.1590923821353,-14.124586655452385,405.13979673385614,-146.3224289417268,-0.0,-0.0433646484419485,,,,,,,,,,0.5,0.5,0.8393154433480254,0.22132009022685784,0.6323597589244321,0.2993277975484381,0.1095890410958904,0.7230943824475129,0.8459821428571428,0.6309963099630996
1767328462,407750244,1144_1767328462-407750244.png,0,0,0,0,0.0,0.0,1051.84,218.33,-444.0,-972.0,-5725.0,3796.0,569.0,-16.0,-459.86600725999097,-904.3743002441024,-5443.15392392635,3608.0340268245377,491.73651349222047,-14.732068671715172,369.9886945486068,-176.39976859092724,-0.0,-0.0433646484419485,,,,,,,,,,0.5,0.5,0.8397874634024991,0.22157208621950691,0.6388502549837737,0.3084223013048636,0.059655324790101605,0.7384149801399661,0.8967633928571428,0.6494464944649446
1767328462,441070068,1145_1767328462-441070068.png,0,0,0,0,0.0,0.0,1052.05,218.64,-547.0,-901.0,-5704.0,3821.0,500.0,-27.0,-468.9533658123696,-909.3665833298415,-5496.623339501378,3648.3276446345135,498.88014121987226,-16.290781311183295,375.5235975980758,-172.54012084007277,-0.0,-0.0433646484419485,,,,,,,,,,0.5,0.5,0.8399214150395795,0.2217626197749245,0.5910987482614742,0.3364966389877422,0.06274856385329208,0.7431435596746738,0.8582589285714286,0.6088560885608856
1767328462,474391113,1146_1767328462-474391113.png,0,0,0,0,0.0,0.0,1052.14,218.35,-701.0,-765.0,-5701.0,3815.0,482.0,-18.0,-498.6643071894866,-891.9844205886337,-5526.594041204302,3672.866685222908,496.905270756394,-16.787596694341048,384.43845927715296,-148.34567761421215,-0.0,-0.0433646484419485,,,,,,,,,,0.5,0.5,0.8399788228840426,0.22158437870695324,0.5197032916087158,0.39027283511269273,0.06319045514803356,0.7420087005863439,0.8482142857142856,0.6420664206642066
1767328462,541032715,1147_1767328462-541032715.png,0,0,0,0,0.0,0.0,1052.23,218.5,-767.0,-898.0,-5929.0,3855.0,562.0,-28.0,-530.5461751141967,-892.6991518503418,-5574.405249232824,3694.506558120896,504.6393948999344,-18.1197801156574,469.62058603763575,-134.10226488113415,-0.0,-0.0433646484419485,,,,,,,,,,0.5,0.5,0.8400362307285055,0.22167657236280047,0.48910523875753353,0.3376828786081455,0.029606716747680117,0.7495744278418764,0.8928571428571428,0.6051660516605165
1767328462,574353271,1148_1767328462-574353271.png,0,0,0,0,0.0,0.0,1052.25,218.24,-683.0,-1099.0,-6130.0,3882.0,454.0,0.0,-559.124990402747,-923.0098333453258,-5665.079689859901,3729.5293445365455,511.1905687027853,-17.344085607631374,405.4691686630249,-140.86997437477123,-0.0,-0.0433646484419485,,,,,,,,,,0.5,0.5,0.8400489880272751,0.22151677002599862,0.5280482151135837,0.25820482404112294,0.0,0.7546812937393608,0.8325892857142856,0.7084870848708487
1767328462,607675049,1149_1767328462-607675049.png,0,0,0,0,0.0,0.0,1052.25,218.24,-608.0,-1066.0,-5826.0,3882.0,454.0,0.0,-564.9319949964255,-939.9989769067672,-5684.199174191465,3747.644896921568,504.3955645092552,-15.283376348919948,412.5310534834861,-137.9768147468568,-0.0,-0.0433646484419485,,,,,,,,,,0.5,0.5,0.8400489880272751,0.22151677002599862,0.5628187297171998,0.2712534598655595,0.04477831786713804,0.7546812937393608,0.8325892857142856,0.7084870848708487
1767328462,640995850,1150_1767328462-640995850.png,0,0,0,0,0.0,0.0,1052.23,217.68,-547.0,-812.0,-5948.0,3962.0,492.0,-5.0,-551.9067070790586,-922.2283839962462,-5725.996230690424,3786.585044378448,505.37630047192863,-13.394707021261915,412.5205333232879,-137.71473813056957,-0.0,-0.0433646484419485,,,,,,,,,,0.5,0.5,0.8400362307285055,0.22117258037750226,0.5910987482614742,0.37168841439304073,0.026808071880983997,0.7698127482504257,0.8537946428571428,0.6900369003690037
1767328462,674317871,1151_1767328462-674317871.png,0,0,0,0,0.0,0.0,1052.16,217.73,-563.0,-926.0,-6045.0,3937.0,538.0,-25.0,-552.5068066133178,-913.4965222276322,-5773.141012458287,3814.6370546412886,507.2278260608905,-13.754037422133544,449.8337232470512,-152.42140603065502,-0.0,-0.0433646484419485,,,,,,,,,,0.5,0.5,0.8399915801828122,0.221203311596118,0.5836810384793694,0.3266113088177145,0.012520253351009036,0.7650841687157179,0.8794642857142856,0.6162361623616236
1767328462,707639160,1152_1767328462-707639160.png,0,0,0,0,0.0,0.0,1052.08,217.77,-682.0,-1001.0,-6053.0,3868.0,548.0,-52.0,-568.1801414074845,-924.23605640898,-5813.848674578375,3824.333512866641,512.9161387128623,-18.606628528583308,428.98549318313593,-155.77753424644482,-0.0,-0.0433646484419485,,,,,,,,,,0.5,0.5,0.8399405509877338,0.2212278965710106,0.5285118219749652,0.29695531830763144,0.011341876565031717,0.7520332891999244,0.8850446428571428,0.5166051660516605
1767328462,740961426,1153_1767328462-740961426.png,0,0,0,0,0.0,0.0,1052.0,217.86,-562.0,-1085.0,-5918.0,3811.0,570.0,-46.0,-570.8430152894681,-940.9589521876054,-5830.04504650291,3824.362962992256,519.0756524654292,-22.03118517121402,428.7950912714004,-157.13219380378737,-0.0,-0.0263884349694472,,,,,,,,,,0.5,0.5,0.8398895217926556,0.22128321276451896,0.5841446453407511,0.26374060893633844,0.031226984828398918,0.7412521278607908,0.8973214285714286,0.5387453874538745
1767328462,774283203,1154_1767328462-774283203.png,0,0,0,0,0.0,0.0,1051.94,219.17,-471.0,-818.0,-5409.0,3857.0,458.0,14.0,-578.5815904680752,-947.080508515021,-5794.401815693851,3819.882523230567,516.0662968774299,-20.813922060764508,385.8446540236473,-155.6114616394044,-0.0,-0.0145024540024429,,,,,,,,,,0.5,0.5,0.839851249896347,0.2220883706922514,0.6263328697264718,0.36931593515223404,0.10620120783620568,0.749952714204653,0.8348214285714286,0.7601476014760147
1767328462,807605713,1155_1767328462-807605713.png,0,0,0,0,0.0,0.0,1052.08,220.06,-568.0,-772.0,-5393.0,3932.0,367.0,0.0,-568.7932668303134,-925.3844481387838,-5737.059396482041,3829.906994750545,501.9976782587229,-16.58065466794088,366.9404456615448,-172.734278202057,-0.0,-0.0124993419551435,,,,,,,,,,0.5,0.5,0.8399405509877338,0.22263538638361163,0.5813630041724617,0.387504942665085,0.10855796140816032,0.7641384528087763,0.7840401785714285,0.7084870848708487
1767328462,874250732,1156_1767328462-874250732.png,0,0,0,0,0.0,0.0,1052.04,220.45,-504.0,-989.0,-5913.0,4030.0,566.0,-30.0,-562.8639387702412,-918.5163889904262,-5724.662183857881,3856.419718456321,496.6780897610269,-16.430355283278512,383.9589477777481,-154.08456802368175,-0.0,0.0044444382536873,,,,,,,,,,0.5,0.5,0.8399150363901947,0.22287508988881444,0.6110338433008808,0.3017002767892447,0.03196347031963476,0.7826744845848308,0.8950892857142856,0.5977859778597785
1767328462,907572998,1157_1767328462-907572998.png,0,0,0,0,0.0,0.0,1051.98,220.75,-558.0,-971.0,-5786.0,4014.0,532.0,-27.0,-560.671490764596,-926.6854004153836,-5737.115752302166,3879.9034021293455,502.7761980240334,-18.058364815534368,365.3590447902679,-161.53218650817882,-0.0,0.0044444382536873,,,,,,,,,,0.5,0.5,0.8398767644938862,0.2230594772005089,0.5859990727862772,0.3088177145116647,0.05067020179702464,0.7796481936826178,0.8761160714285714,0.6088560885608856
1767328462,940896484,1158_1767328462-940896484.png,0,0,0,0,0.0,0.0,1052.16,221.23,-446.0,-1188.0,-5956.0,4065.0,527.0,-35.0,-557.5153690116523,-956.8137412527244,-5755.456274563145,3911.328657711544,506.1534644734769,-21.885575914344127,451.5337032079696,-150.15800404548656,-0.0,0.0044444382536873,,,,,,,,,,0.5,0.5,0.8399915801828122,0.22335449689922,0.6379230412610106,0.22301304863582444,0.025629695095006677,0.7892944959334217,0.8733258928571428,0.5793357933579335
1767328462,974218994,1159_1767328462-974218994.png,0,0,0,0,0.0,0.0,1052.38,221.15,-450.0,-1201.0,-5950.0,4049.0,537.0,-51.0,-538.6056851410885,-997.9430959993896,-5789.570522339097,3936.437545765846,510.6611275984142,-25.60002474804102,370.34923732280726,-174.3719346523286,-0.0,0.0044444382536873,,,,,,,,,,0.5,0.5,0.8401319104692774,0.22330532694943483,0.6360686138154844,0.21787267694741003,0.02651347768448964,0.7862682050312088,0.87890625,0.5202952029520295
1767328463,7542725,1160_1767328463-7542725.png,0,0,0,0,0.0,0.0,1052.52,220.79,-318.0,-1110.0,-5961.0,4054.0,668.0,-36.0,-509.96446299344046,-1016.82649206732,-5814.338969406226,3953.49295163062,530.0775238884173,-27.532362999038032,370.4454773068428,-178.62290620803844,-0.0,0.0044444382536873,,,,,,,,,,0.5,0.5,0.8402212115606642,0.2230840621754015,0.6972647195178487,0.25385527876631075,0.02489320960377084,0.7872139209381502,0.9520089285714285,0.5756457564575646
1767328463,40865723,1161_1767328463-40865723.png,0,0,0,0,0.0,0.0,1052.51,220.74,-458.0,-1030.0,-5763.0,4025.0,606.0,-24.0,-499.82703983680057,-1020.6564524774182,-5813.84452300423,3962.809924701317,540.8533270686497,-27.11267104744593,370.4454773068428,-178.62290620803844,-0.0,0.0044444382536873,,,,,,,,,,0.5,0.5,0.8402148329112794,0.22305333095678576,0.6323597589244321,0.28548833531039935,0.054058035056709364,0.7817287686778892,0.9174107142857142,0.6199261992619925
1767328463,74189697,1162_1767328463-74189697.png,0,0,0,0,0.0,0.0,1052.47,220.34,-555.0,-939.0,-5724.0,4058.0,551.0,-25.0,-505.23507397143993,-1011.2108532824406,-5801.775205615892,3975.825556171874,543.8457602298348,-26.7762817149451,364.12013357877726,-179.05033898353588,-0.0,0.0044444382536873,,,,,,,,,,0.5,0.5,0.8401893183137403,0.22280748120785981,0.5873898933704218,0.3214709371293001,0.05980262188834884,0.7879704936637035,0.88671875,0.6162361623616236
1767328463,107512939,1163_1767328463-107512939.png,0,0,0,0,0.0,0.0,1052.12,220.41,-732.0,-902.0,-5606.0,3975.0,413.0,-44.0,-541.561920691854,-987.5649218781156,-5767.279030810059,3980.3060035392086,528.8146722467443,-27.981639519334877,408.5223529338836,-145.67175102233898,-0.0,0.0044444382536873,,,,,,,,,,0.5,0.5,0.839966065585273,0.22285050491392183,0.5053314789058878,0.33610122578094104,0.07718367948151428,0.7722716096084737,0.8097098214285714,0.5461254612546125
1767328463,174161621,1164_1767328463-174161621.png,0,0,0,0,0.0,0.0,1051.83,221.46,-747.0,-902.0,-5718.0,3882.0,366.0,-45.0,-590.9231969408545,-966.3722265803624,-5743.712571418584,3965.391324147492,493.2563615653154,-32.09530427418882,463.31186676025385,-158.04552149772655,-0.0,0.0044444382536873,,,,,,,,,,0.5,0.5,0.8397810847531143,0.22349586050485243,0.4983773759851645,0.33610122578094104,0.0606864044778318,0.7546812937393608,0.7834821428571428,0.5424354243542435
1767328463,207482178,1165_1767328463-207482178.png,0,0,0,0,0.0,0.0,1050.53,223.39,-762.0,-831.0,-5775.0,3788.0,365.0,-18.0,-611.2494084223993,-950.2881961507736,-5747.4299362435495,3944.314863136197,478.0177910378501,-30.420593673740942,368.8281000852584,-170.18401050567638,-0.0,0.0044444382536873,,,,,,,,,,0.5,0.5,0.8389518603330931,0.22468208554342012,0.4914232730644413,0.3641755634638197,0.05229046987774344,0.7369018346888595,0.7829241071428571,0.6420664206642066
1767328463,240801758,1166_1767328463-240801758.png,0,0,0,0,0.0,0.0,1045.82,229.16,-798.0,-737.0,-5802.0,3632.0,316.0,-9.0,-638.5601562218017,-919.0965405610632,-5755.410362094198,3898.641366795098,454.3240131886252,-27.288006908713637,359.027596771717,-178.47947335243236,-0.0,0.0044444382536873,,,,,,,,,,0.5,0.5,0.835947516472862,0.22822846817167686,0.47473342605470553,0.40134440490312373,0.04831344822507,0.707395498392283,0.7555803571428571,0.6752767527675276
1767328463,274122803,1167_1767328463-274122803.png,0,0,0,0,0.0,0.0,1021.13,244.3,-721.0,-572.0,-5584.0,3273.0,153.0,-6.0,-663.875754112504,-829.2617787001888,-5727.388523230892,3774.095149581475,386.1354852254509,-20.98446872093693,346.7939492464065,-166.71955537796032,-0.0,-0.0440372939102547,,,,,,,,,,0.5,0.5,0.820198631141842,0.23753388116852386,0.5104311543810848,0.4665875840253064,0.08042421564295188,0.6394930962738794,0.6646205357142857,0.6863468634686346
1767328463,340763916,1168_1767328463-340763916.png,0,0,0,0,0.0,0.0,997.88,251.0,-768.0,-381.0,-5222.0,3022.0,-45.0,-1.0,-679.1030741183671,-763.7071569837414,-5653.479581995031,3664.107380451232,323.0854439650861,-18.06190349352901,361.1911131739616,-97.72720551490796,-0.0,-0.0343260868858835,,,,,,,,,,0.5,0.5,0.8053682713222302,0.24165186446303338,0.488641631896152,0.5421115065243178,0.1337457652084254,0.5920181577454133,0.5541294642857143,0.7047970479704797
1767328463,374083984,1169_1767328463-374083984.png,0,0,0,0,0.0,0.0,924.16,264.25,-1089.0,-290.0,-4965.0,2317.0,-195.0,-23.0,-750.8843028524552,-675.2744065077106,-5518.556925686078,3438.3532479221185,224.1934079154468,-18.08147569569805,339.789470732212,-76.03431153297436,-0.0,-0.0433868718972343,,,,,,,,,,0.5,0.5,0.7583448680576375,0.2497956373962053,0.33982382939267497,0.5780941083432186,0.17160111945794676,0.4586722148666541,0.4704241071428571,0.6236162361623616
1767328463,407405518,1170_1767328463-407405518.png,0,0,0,0,0.0,0.0,869.2,270.46,-1292.0,-104.0,-4814.0,1900.0,-248.0,-5.0,-833.4353974255579,-586.5933348560932,-5404.952321471308,3195.01969889767,145.45275043866306,-16.792837325614943,273.2393269538879,50.371588230132936,-0.0,-0.0433868718972343,,,,,,,,,,0.5,0.5,0.7232878110388907,0.25361245474828054,0.2457116365322206,0.6516409648082245,0.1938429812932686,0.3797995082277284,0.4408482142857143,0.6900369003690037
1767328463,440726074,1171_1767328463-440726074.png,0,0,0,0,0.0,0.0,799.77,270.99,-1385.0,52.0,-4786.0,1559.0,-362.0,9.0,-911.5463663336214,-497.4831179235034,-5315.203599655815,2965.1182923470355,74.368777011281,-13.40484406521577,271.3954415917396,82.14533305168139,-0.0,-0.0433868718972343,,,,,,,,,,0.5,0.5,0.6790008483603682,0.25393820566560743,0.20259619842373666,0.7133254250691973,0.19796730004418917,0.31530168337431436,0.37723214285714285,0.7416974169741697
1767328463,474047852,1172_1767328463-474047852.png,0,0,0,0,0.0,0.0,718.29,266.94,-1362.0,95.0,-4461.0,1280.0,-490.0,15.0,-978.052383451011,-412.0167276715408,-5199.19755290707,2726.336053390665,-4.6547017496749366,-9.415438504876745,241.33531767129887,110.19856429100024,-0.0,-0.0433868718972343,,,,,,,,,,0.5,0.5,0.6270276131731867,0.2514489769577323,0.21325915623551228,0.7303281929616449,0.24583885697451768,0.2625307357669756,0.3058035714285714,0.7638376383763837
1767328463,507368652,1173_1767328463-507368652.png,0,0,0,0,0.0,0.0,528.5,239.86,-1184.0,233.0,-4047.0,875.0,-628.0,-4.0,-1023.4201313188456,-310.8905322113539,-5039.326847437361,2428.7815744855143,-103.73599361630964,-6.779283657726919,242.7426813244819,96.67088294029224,-0.0,-0.0433868718972343,,,,,,,,,,0.5,0.5,0.505967226499461,0.23480494895544585,0.29578117756142785,0.7848952155001977,0.30681985564884373,0.18592774730470968,0.22879464285714285,0.6937269372693726
1767328463,574011963,1174_1767328463-574011963.png,0,0,0,0,0.0,0.0,429.54,209.76,-1210.0,232.0,-3877.0,781.0,-760.0,-23.0,-1057.658616120557,-202.9839329621437,-4826.900783364512,2111.7490730499057,-219.7824660602388,-7.946988645588818,162.1944903135299,72.61543059349047,-0.0,-0.0433868718972343,,,,,,,,,,0.5,0.5,0.44284411218768543,0.21630475534876858,0.2837273991655076,0.7844998022933966,0.3318603623508617,0.16814828825420844,0.15513392857142855,0.6236162361623616
1767328463,607334473,1175_1767328463-607334473.png,0,0,0,0,0.0,0.0,290.78,188.77,-1261.0,167.0,-3713.0,690.0,-773.0,-15.0,-1085.996780367696,-147.0939567145991,-4668.500164197595,1906.32588000036,-300.329439280831,-9.197861576343696,63.97424846887584,138.8795471191405,-0.0,-0.0433868718972343,,,,,,,,,,0.5,0.5,0.35433397332448824,0.20340378977387968,0.26008344923504867,0.7587979438513246,0.3560170864633967,0.15093625874787214,0.1478794642857143,0.6531365313653136
1767328463,640656006,1176_1767328463-640656006.png,0,0,0,0,0.0,0.0,148.26,167.71,-1347.0,142.0,-3620.0,655.0,-761.0,-7.0,-1121.807520836052,-104.13061672455945,-4517.71643060699,1724.2896925248683,-368.02788544814825,-9.095869943715485,67.98879355192179,131.67595076560963,-0.0,-0.0433868718972343,,,,,,,,,,0.5,0.5,0.26342546229261415,0.19045980049292874,0.22021325915623546,0.7489126136812969,0.36971571660038305,0.14431624739928126,0.15457589285714285,0.6826568265682657
1767328463,673978516,1177_1767328463-673978516.png,0,0,0,0,0.0,0.0,48.47,130.02,-1357.0,355.0,-3676.0,632.0,-771.0,1.0,-1175.500391418116,-24.582262945472543,-4360.404678392772,1508.5500877274824,-442.09805350055007,-7.074109435137013,81.42121982574457,108.27891397476183,-0.0,-0.0433868718972343,,,,,,,,,,0.5,0.5,0.19977292008190187,0.16729460790038167,0.21557719054241997,0.8331356267299328,0.3614670790985418,0.13996595422735011,0.1489955357142857,0.7121771217712176
1767328463,707300293,1178_1767328463-707300293.png,0,0,0,0,0.0,0.0,37.63,114.71,-1261.0,479.0,-3446.0,603.0,-779.0,-2.0,-1198.1781657521428,52.23828740568613,-4221.31238195142,1354.44313783261,-499.661775403972,-5.950281061359782,26.774442493915505,69.87272500991808,-0.0,-0.0433868718972343,,,,,,,,,,0.5,0.5,0.19285846414880115,0.15788470876024116,0.26008344923504867,0.8821668643732701,0.3953454116953896,0.1344808019670891,0.14453125,0.7011070110701106
1767328463,740623291,1179_1767328463-740623291.png,0,0,0,0,0.0,0.0,36.9,110.95,-1267.0,312.0,-3520.0,562.0,-757.0,-21.0,-1209.7476971822755,106.14793163600176,-4096.11777817997,1219.709996393079,-545.3221430829855,-7.525061235812895,38.04517066478724,66.80675816535937,-0.0,-0.0697095976384997,,,,,,,,,,0.5,0.5,0.19239282274371225,0.1555737211203373,0.2573018080667594,0.8161328588374852,0.3844454264250995,0.12672593153016834,0.1568080357142857,0.6309963099630996
1767328463,773945557,1180_1767328463-773945557.png,0,0,0,0,0.0,0.0,36.76,109.96,-1322.0,203.0,-3781.0,595.0,-684.0,-21.0,-1227.685141827234,125.78221195660188,-4034.724221623874,1110.8728193894935,-571.2279217380865,-9.85375335378492,29.8799678087234,75.0404632091521,-0.0,-0.1250960294461003,,,,,,,,,,0.5,0.5,0.19230352165232534,0.15496524299174558,0.23180343069077414,0.7730328192961645,0.34600088378258953,0.1329676565159826,0.19754464285714285,0.6309963099630996
1767328463,807268799,1181_1767328463-807268799.png,0,0,0,0,0.0,0.0,36.51,110.7,-1120.0,185.0,-3695.0,728.0,-779.0,-22.0,-1226.2198351399556,155.85259610292488,-3998.968008758829,1033.3708846632635,-588.4313173970556,-7.560441784631843,10.791007250547358,73.11966657638537,-0.0,-0.1086381877214816,,,,,,,,,,0.5,0.5,0.19214405541770588,0.15542006502725858,0.3254520166898469,0.7659153815737445,0.3586684342318457,0.15812369964062795,0.14453125,0.6273062730627306
1767328463,873914795,1182_1767328463-873914795.png,0,0,0,0,0.0,0.0,36.24,110.84,-1060.0,154.0,-3587.0,716.0,-706.0,-51.0,-1195.3498245382573,158.68412146404393,-3918.196237810378,963.6916402584616,-622.3519710676148,-14.233416943028011,83.78435951471323,106.02683186531054,-0.0,-0.1462512466228828,,,,,,,,,,0.5,0.5,0.19197183188431682,0.15550611243938267,0.35326842837273986,0.7536575721629102,0.37457652084253945,0.15585398146396823,0.18526785714285715,0.5202952029520295
1767328463,907237549,1183_1767328463-907237549.png,0,0,0,0,0.0,0.0,35.22,104.18,-1344.0,489.0,-3705.0,636.0,-716.0,-18.0,-1221.4654633134542,225.65155650038503,-3849.01456942329,877.1015812603927,-651.6351888161582,-18.710658232200597,113.36172497272486,93.43239545822132,-0.0,-0.0793133123342707,,,,,,,,,,0.5,0.5,0.19132120964706933,0.1514127141197657,0.2216040797403801,0.8861209964412812,0.357195463249374,0.14072252695290335,0.1796875,0.6420664206642066
1767328463,940561523,1184_1767328463-940561523.png,0,0,0,0,0.0,0.0,34.72,104.35,-1499.0,292.0,-4207.0,664.0,-606.0,-24.0,-1230.104205681026,227.71676653415432,-3860.1574849790186,870.4684260480385,-650.2147146518075,-18.87529814106232,112.56479036808008,94.17391896247852,-0.0,-0.0877547815133776,,,,,,,,,,0.5,0.5,0.1910022771778304,0.1515172002630592,0.14974501622624015,0.808224594701463,0.28325231992929745,0.14601853603177606,0.24107142857142855,0.6199261992619925
1767328463,973884521,1185_1767328463-973884521.png,0,0,0,0,0.0,0.0,34.72,104.35,-1499.0,292.0,-4207.0,664.0,-606.0,-24.0,-1262.052621153437,235.35447412968708,-3901.3670130099463,845.9372165732904,-644.9614154052808,-19.48418123860665,96.03411197662348,87.07535386085497,-0.0,-0.1258745613684011,,,,,,,,,,0.5,0.5,0.1910022771778304,0.1515172002630592,0.14974501622624015,0.808224594701463,0.28325231992929745,0.14601853603177606,0.24107142857142855,0.6199261992619925
1767328464,7208740,1186_1767328464-7208740.png,0,0,0,0,0.0,0.0,33.79,104.63,-1283.0,422.0,-4076.0,736.0,-525.0,-40.0,-1282.392070547477,269.8769424435378,-3935.797173243117,820.703897522977,-620.2627858912862,-22.321204795608285,85.7214976549148,49.37114048004138,-0.0,-0.1277911312384907,,,,,,,,,,0.5,0.5,0.1904090627850459,0.15168929508730739,0.24988409828465452,0.8596283115856069,0.30254823979967593,0.15963684509173445,0.2862723214285714,0.5608856088560885
1767328464,40531982,1187_1767328464-40531982.png,0,0,0,0,0.0,0.0,34.08,104.39,-1209.0,535.0,-3944.0,673.0,-705.0,-17.0,-1277.9620715042693,303.09147903811265,-3951.936973593066,802.2047352713151,-614.8310274106934,-23.966847325284288,100.3694570064544,59.286921739578126,-0.0,-0.116589120638391,,,,,,,,,,0.5,0.5,0.1905940436172045,0.1515417852379518,0.2841910060268892,0.9043100039541321,0.32199145676830165,0.14772082466427086,0.18582589285714285,0.6457564575645756
1767328464,73856445,1188_1767328464-73856445.png,0,0,0,0,0.0,0.0,34.62,104.06,-1128.0,354.0,-3930.0,626.0,-685.0,-27.0,-1250.7027623981255,328.4556102857433,-3948.115594064668,766.4528031168702,-632.0598690073158,-23.872104698292336,44.715276926755855,67.39424538612353,-0.0,-0.1296948159831806,,,,,,,,,,0.5,0.5,0.19093849068398258,0.15133895919508789,0.3217431617987946,0.8327402135231317,0.32405361614376205,0.13883109513902026,0.19698660714285715,0.6088560885608856
1767328464,107180176,1189_1767328464-107180176.png,0,0,0,0,0.0,0.0,35.11,104.05,-1202.0,443.0,-3785.0,610.0,-652.0,-21.0,-1243.580381420624,345.2067911676663,-3924.261271494564,743.5728592712364,-634.9759502043167,-23.45208285843676,53.9180143475532,110.2528710365294,-0.0,-0.0879610170034934,,,,,,,,,,0.5,0.5,0.1912510445038368,0.15133281295136475,0.28743625405656004,0.8679319889284303,0.3454116953896008,0.13580480423680727,0.2154017857142857,0.6309963099630996
1767328464,140505127,1190_1767328464-140505127.png,0,0,0,0,0.0,0.0,35.58,110.97,-1250.0,337.0,-3944.0,618.0,-722.0,-17.0,-1244.519198173538,344.00661502937885,-3927.147899223767,725.2088548467497,-647.7025062830693,-22.508518470024143,111.33990603685372,111.47699379920948,-0.0,-0.07751131561633,,,,,,,,,,0.5,0.5,0.1915508410249214,0.15558601360778357,0.26518312471024563,0.8260181890075129,0.32199145676830165,0.13731794968791375,0.1763392857142857,0.6457564575645756
1767328464,207151367,1191_1767328464-207151367.png,0,0,0,0,0.0,0.0,36.37,111.27,-1233.0,267.0,-3759.0,648.0,-778.0,-36.0,-1250.4686670796248,332.01057720513325,-3915.4499268759178,705.7595687469035,-675.2222569094793,-21.34361676973664,90.87897372245784,110.62012219429003,-0.0,-0.0854360480827997,,,,,,,,,,0.5,0.5,0.19205475432631897,0.15577040091947802,0.273064441353732,0.7983392645314353,0.34924141994402713,0.1429922451295631,0.1450892857142857,0.5756457564575646
1767328464,240472168,1192_1767328464-240472168.png,0,0,0,0,0.0,0.0,36.48,111.18,-1279.0,152.0,-3861.0,664.0,-711.0,-46.0,-1250.7331081979785,315.45558429743204,-3898.82143134055,698.2932572197473,-686.1465946816868,-24.099838889227907,88.13360154628748,97.135284423828,-0.0,-0.1235912050435388,,,,,,,,,,0.5,0.5,0.19212491946955154,0.1557150847259697,0.25173852573018074,0.752866745749308,0.33421711592281633,0.14601853603177606,0.18247767857142855,0.5387453874538745
1767328464,273794189,1193_1767328464-273794189.png,0,0,0,0,0.0,0.0,36.44,110.98,-1316.0,150.0,-3924.0,670.0,-774.0,-59.0,-1258.9667321156296,287.02675045870944,-3897.9869976482023,692.9098379634221,-696.1434085873304,-29.06109710527776,79.14496886730188,110.40791034698474,-0.0,-0.1068840703936602,,,,,,,,,,0.5,0.5,0.1920994048720124,0.15559215985150673,0.23458507185906352,0.7520759193357058,0.324937398733245,0.14715339512010592,0.14732142857142855,0.49077490774907745
1767328464,307115479,1194_1767328464-307115479.png,0,0,0,0,0.0,0.0,36.67,111.25,-1399.0,216.0,-3937.0,636.0,-727.0,-32.0,-1275.714661331917,264.8302896464652,-3912.990581940741,682.1968749437057,-701.5971435986116,-33.35373550767256,41.5552675724029,115.0741350650786,-0.0,-0.1171169653399701,,,,,,,,,,0.5,0.5,0.19224611380786233,0.15575810843203175,0.19610570236439495,0.7781731909845788,0.32302253645603185,0.14072252695290335,0.17354910714285715,0.5904059040590406
1767328464,340437744,1195_1767328464-340437744.png,1,0,50,0,9.574142156862743e-06,0.0,36.71,111.63,-1487.0,271.0,-3864.0,659.0,-809.0,-27.0,-1308.1590244661295,260.11205482861243,-3911.151217086079,675.1054223751242,-714.0625429702608,-32.63241368399828,70.54181563854212,119.46495723724352,-0.0,-0.083689733777903,,,,,,,,,,0.75,0.5,0.19227162840540146,0.1559916656935114,0.1553082985628187,0.7999209173586398,0.33377522462807485,0.1450728201248345,0.12779017857142855,0.6088560885608856
1767328464,407081787,1196_1767328464-407081787.png,1,0,0,0,9.574142156862743e-06,0.0,36.72,111.85,-1480.0,338.0,-3808.0,653.0,-844.0,-22.0,-1342.6467188130955,272.07221168343466,-3893.5991384533536,671.0300136305783,-738.0321722239912,-30.78280971406711,68.26283723115915,114.0434532165526,-0.0,-0.0609132607136629,,,,,,,,,,0.75,0.5,0.19227800705478623,0.15612688305542066,0.15855354659248955,0.8264136022143139,0.3420238621299161,0.14393796103650464,0.10825892857142855,0.6273062730627306
1767328464,440403564,1197_1767328464-440403564.png,-2,0,-150,0,-1.914828431372549e-05,0.0,36.89,111.91,-1386.0,336.0,-3903.0,621.0,-778.0,-28.0,-1351.4140904789765,280.42788387828546,-3892.389966741311,661.2504820502058,-746.2144815892798,-29.451755417707112,91.863063275814,89.29018068313586,-0.0,-0.0803408985149814,,,,,,,,,,0.0,0.5,0.19238644409432748,0.15616376051775954,0.20213259156235508,0.8256227758007118,0.3280306377964355,0.1378853792320787,0.1450892857142857,0.6051660516605165
1767328464,473726563,1198_1767328464-473726563.png,-1,0,50,0,-9.574142156862743e-06,0.0,36.92,111.96,-1366.0,266.0,-3849.0,656.0,-821.0,-41.0,-1356.1654155408487,285.74174302192546,-3890.9141882426434,656.4394940142241,-754.3427816487508,-29.997567695175693,43.27343052625651,101.71782803535449,-0.0,-0.0898254455223196,,,,,,,,,,0.25000000000000006,0.5,0.19240558004248182,0.15619449173637528,0.21140472878998606,0.7979438513246342,0.33598468110178237,0.14450539058066958,0.12109375,0.5571955719557196
1767328464,507048584,1199_1767328464-507048584.png,-1,0,0,0,-9.574142156862743e-06,0.0,36.96,112.44,-1310.0,312.0,-3590.0,652.0,-845.0,-29.0,-1351.4646616775042,287.2871577284175,-3851.818874768378,655.8769728263642,-770.4300292908969,-30.756494696749268,96.01774728298182,134.09381890296925,-0.0,-0.0898254455223196,,,,,,,,,,0.25000000000000006,0.5,0.19243109464002095,0.15648951143508644,0.2373667130273528,0.8161328588374852,0.37413462954779797,0.14374881785511634,0.10770089285714285,0.6014760147601476
1767328464,540371826,1200_1767328464-540371826.png,1,0,50,0,9.574142156862743e-06,0.0,37.07,112.88,-1311.0,400.0,-3562.0,630.0,-766.0,-30.0,-1344.4451246831086,304.4272261208206,-3802.477474973199,651.9896476424209,-771.7638482702863,-30.59918521116852,73.89216196537012,108.21744275093066,-0.0,-0.0898254455223196,,,,,,,,,,0.75,0.5,0.1925012597832535,0.15675994615890498,0.2369031061659712,0.8509292210359826,0.37825894829871853,0.1395876678645735,0.1517857142857143,0.5977859778597785
1767328464,607017578,1201_1767328464-607017578.png,1,0,0,0,9.574142156862743e-06,0.0,37.13,113.07,-1458.0,324.0,-3752.0,581.0,-688.0,-14.0,-1360.2436593136483,314.32745562124046,-3782.844018633632,645.8141245908754,-761.9638342543885,-29.997608436752063,68.38011753559107,102.49861288070666,-0.0,-0.0898254455223196,,,,,,,,,,0.75,0.5,0.19253953167956217,0.1568767247896448,0.16875289754288358,0.8208778173190985,0.35027249963175733,0.13031965197654624,0.1953125,0.6568265682656826
1767328464,640340332,1202_1767328464-640340332.png,1,0,0,0,9.574142156862743e-06,0.0,37.39,113.25,-1367.0,306.0,-3522.0,609.0,-769.0,-41.0,-1363.058142580016,295.8017041449263,-3745.7713095558656,632.0052330145415,-749.663439982093,-28.32072895771903,64.37933957576746,115.50486350059496,-0.0,-0.0898254455223196,,,,,,,,,,0.75,0.5,0.19270537656356646,0.15698735717666146,0.21094112192860448,0.8137603795966786,0.38415083222860513,0.13561566105541897,0.15011160714285715,0.5571955719557196
1767328464,673664063,1203_1767328464-673664063.png,1,0,0,0,9.574142156862743e-06,0.0,37.39,113.25,-1367.0,306.0,-3522.0,609.0,-769.0,-41.0,-1363.299717676652,296.4267024754648,-3732.057577685139,630.5953668533648,-750.8484730406834,-29.097772823329965,87.56927937269205,98.15908837318408,-0.0,-0.0898254455223196,,,,,,,,,,0.75,0.5,0.19270537656356646,0.15698735717666146,0.21094112192860448,0.8137603795966786,0.38415083222860513,0.13561566105541897,0.15011160714285715,0.5571955719557196
1767328464,706987061,1204_1767328464-706987061.png,0,0,-50,0,0.0,0.0,37.43,113.39,-1552.0,213.0,-3377.0,577.0,-810.0,-50.0,-1390.8955918137765,284.2262290429807,-3680.133308656004,622.7574824590844,-759.4989004427522,-32.15455272450978,87.4000476598739,98.36084008216844,-0.0,-0.0898254455223196,,,,,,,,,,0.5,0.5,0.19273089116110556,0.15707340458878555,0.12517385257301805,0.7769869513641756,0.405508911474444,0.129563079250993,0.12723214285714285,0.5239852398523985
1767328464,740311035,1205_1767328464-740311035.png,0,0,0,0,0.0,0.0,37.58,113.23,-1648.0,174.0,-3401.0,497.0,-754.0,-58.0,-1428.49501032577,268.1065438690727,-3639.312343481448,604.3664784022075,-758.694731192752,-35.93423816668605,65.99346983432764,138.2983646392821,-0.0,-0.0898254455223196,,,,,,,,,,0.5,0.5,0.19282657090187724,0.15697506468921518,0.08066759388038935,0.7615658362989324,0.40197378111651205,0.11443162473992813,0.15848214285714285,0.49446494464944646
1767328464,773634277,1206_1767328464-773634277.png,0,0,0,0,0.0,0.0,37.58,113.3,-1612.0,57.0,-3800.0,535.0,-689.0,-39.0,-1455.3311153714792,237.23393709601208,-3662.811600027748,594.2221978332852,-748.5024463358578,-36.382580779876,65.84605771303171,138.4718883037566,-0.0,-0.0898254455223196,,,,,,,,,,0.5,0.5,0.19282657090187724,0.1570180883952772,0.0973574408901251,0.7153024911032029,0.3432022389158934,0.12161906563268396,0.1947544642857143,0.5645756457564575
1767328464,806958496,1207_1767328464-806958496.png,0,0,0,0,0.0,0.0,37.81,113.17,-1354.0,335.0,-3955.0,652.0,-575.0,-51.0,-1431.5850728413673,258.5219122697161,-3712.5981355347594,606.0491243086449,-716.9597683691608,-38.90871240234123,86.86897438764566,117.81282854080187,-0.0,-0.0898254455223196,,,,,,,,,,0.5,0.5,0.19297327983772716,0.15693818722687627,0.2169680111265646,0.8252273625939106,0.32037118868758285,0.14374881785511634,0.2583705357142857,0.5202952029520295
1767328464,840281982,1208_1767328464-840281982.png,0,0,0,0,0.0,0.0,37.87,112.87,-1311.0,427.0,-3713.0,624.0,-706.0,-33.0,-1406.0804256806134,290.91823122341,-3737.245637512328,613.3354528441295,-700.956893077887,-39.271126149873794,92.31296247243876,116.30312967300402,-0.0,-0.0906470400505237,,,,,,,,,,0.5,0.5,0.19301155173403584,0.15675379991518182,0.2369031061659712,0.8616053776196124,0.3560170864633967,0.13845280877624364,0.18526785714285715,0.5867158671586715
1767328464,906930420,1209_1767328464-906930420.png,0,0,0,0,0.0,0.0,37.91,112.75,-1136.0,344.0,-3593.0,670.0,-675.0,-66.0,-1391.5696486065474,282.3804134298439,-3745.75639967754,613.634806635759,-709.5065743580126,-37.79765599490532,68.14802461862558,74.30037260055529,-0.0,-0.0622704915035457,,,,,,,,,,0.5,0.5,0.19303706633157497,0.15668004499050403,0.31803430690774215,0.8287860814551206,0.3736927382530565,0.14715339512010592,0.2025669642857143,0.4649446494464944
1767328464,940255371,1210_1767328464-940255371.png,0,0,0,0,0.0,0.0,37.87,112.49,-1151.0,344.0,-3675.0,638.0,-677.0,-53.0,-1354.6615770782882,291.391774379786,-3725.969416420601,620.8817001863979,-704.522523321464,-41.51737084243004,68.49012464284891,73.90417695045458,-0.0,-0.0907917613551434,,,,,,,,,,0.5,0.5,0.19301155173403584,0.15652024265370218,0.31108020398701897,0.8287860814551206,0.36161437619678893,0.14110081331567997,0.20145089285714285,0.5129151291512914
1767328464,973579590,1211_1767328464-973579590.png,0,0,0,0,0.0,0.0,37.98,112.41,-1351.0,171.0,-3901.0,562.0,-765.0,-13.0,-1332.3224560785072,286.1807318118789,-3736.30256502812,617.4024958557803,-707.021867676835,-40.17725908521186,107.79552119970316,116.52035665512072,-0.0,-0.0796468831194597,,,,,,,,,,0.5,0.5,0.1930817168772684,0.15647107270391697,0.21835883171070924,0.7603795966785291,0.32832523199292973,0.12672593153016834,0.15234375,0.6605166051660516
1767328465,6904785,1212_1767328465-6904785.png,0,0,0,0,0.0,0.0,38.01,112.43,-1428.0,259.0,-3991.0,534.0,-717.0,5.0,-1344.698873832377,276.7311743199665,-3775.458207026225,604.5012545811776,-711.3384053887187,-33.34193890029625,30.895293146371788,92.103528022766,-0.0,-0.0867386990703756,,,,,,,,,,0.5,0.5,0.19310085282542275,0.1564833651913633,0.18266110338433006,0.7951759588770265,0.31506849315068497,0.12142992245129564,0.1791294642857143,0.7269372693726937
1767328465,40229004,1213_1767328465-40229004.png,0,0,0,0,0.0,0.0,38.25,112.09,-1485.0,406.0,-3972.0,523.0,-712.0,8.0,-1367.430469314574,295.16448299820644,-3809.92879637609,590.7088125169389,-711.5856133688789,-26.277092700849515,78.68454951047892,102.2074484825133,-0.0,-0.106787940346637,,,,,,,,,,0.5,0.5,0.19325394041065747,0.15627439290477624,0.15623551228558175,0.8533017002767892,0.3178671380173811,0.11934934745602421,0.18191964285714285,0.7380073800738007
1767328465,73554443,1214_1767328465-73554443.png,0,0,0,0,0.0,0.0,39.69,111.35,-1344.0,180.0,-3920.0,626.0,-771.0,-24.0,-1381.5175910936773,299.0660430397068,-3837.877376760196,583.7722515773621,-711.5100460818302,-23.191467291715963,33.174011796712826,82.0948951244353,-0.0,-0.0662752369399879,,,,,,,,,,0.5,0.5,0.19417246592206566,0.15581957086926324,0.2216040797403801,0.763938315539739,0.3255265871262336,0.13883109513902026,0.1489955357142857,0.6199261992619925
1767328465,106879150,1215_1767328465-106879150.png,0,0,0,0,0.0,0.0,40.84,111.11,-1035.0,-51.0,-3768.0,833.0,-903.0,-60.0,-1366.4127906853255,274.4633328665379,-3845.155876423385,596.3909476227461,-724.318693915467,-24.43027084383315,74.69494110345835,177.23916697502125,-0.0,-0.0807007368581358,,,,,,,,,,0.5,0.5,0.1949060106013153,0.15567206101990766,0.3648585999072786,0.6725978647686832,0.3479157460598027,0.1779837336864006,0.0753348214285714,0.48708487084870844
1767328465,173530273,1216_1767328465-173530273.png,0,0,0,0,0.0,0.0,40.84,111.41,-1035.0,14.0,-3744.0,955.0,-907.0,-53.0,-1284.32856578792,203.3583867621164,-3822.536127230818,672.8357127753765,-769.159395843549,-32.21647836191601,139.0822178721427,165.1449544429778,-0.0,-0.0721407285882233,,,,,,,,,,0.5,0.5,0.1949060106013153,0.15585644833160212,0.3648585999072786,0.6982997232107552,0.35145087641773465,0.20105920181577455,0.0731026785714286,0.5129151291512914
1767328465,206853516,1217_1767328465-206853516.png,0,0,0,0,0.0,0.0,91.73,115.84,-1369.0,61.0,-4130.0,1346.0,-579.0,-35.0,-1263.2088662870406,153.77820394698898,-3854.323476310688,834.1031436168355,-754.1903178911484,-35.9676064092003,173.6378270387649,126.57570195198046,-0.0,-0.0896155312151335,,,,,,,,,,0.5,0.5,0.22736695732045697,0.15857923430095694,0.21001390820584143,0.7168841439304072,0.29459419649432905,0.27501418573860414,0.25613839285714285,0.5793357933579335
1767328465,240176025,1218_1767328465-240176025.png,0,0,0,0,0.0,0.0,135.17,120.96,-1350.0,-42.0,-4541.0,1707.0,-494.0,-18.0,-1265.9103904032356,147.68426880912864,-3875.697470512755,861.2735676865217,-746.0914443252368,-35.40833359009773,189.2003909349441,111.01803731918322,-0.0,-0.0896155312151335,,,,,,,,,,0.5,0.5,0.25507581024793813,0.16172611108720902,0.21882243857209083,0.6761565836298933,0.23405508911474449,0.3432948742197844,0.30357142857142855,0.6420664206642066
1767328465,273499756,1219_1767328465-273499756.png,0,0,0,0,0.0,0.0,185.75,127.69,-1483.0,-47.0,-4612.0,2028.0,-527.0,-27.0,-1282.3476635684335,119.78886104407768,-3975.202526040048,994.945826788614,-710.2523128731333,-33.142647634931684,211.48936343193049,111.44718956947314,-0.0,-0.0896155312151335,,,,,,,,,,0.5,0.5,0.28733901883615165,0.16586253311288804,0.1571627260083449,0.6741795175958877,0.22359699513919584,0.40400983544543223,0.28515625,0.6088560885608856
1767328465,306822266,1220_1767328465-306822266.png,0,0,0,0,0.0,0.0,242.59,140.62,-1483.0,-47.0,-4612.0,2028.0,-527.0,-21.0,-1306.187843836264,99.97211440323804,-4050.8625798589674,1117.6864743872688,-688.4794880404542,-32.22605859416532,249.36583650112144,72.69868183135974,-0.0,-0.0896155312151335,,,,,,,,,,0.5,0.5,0.32359526193923704,0.17380962624691917,0.1571627260083449,0.6741795175958877,0.22359699513919584,0.40400983544543223,0.28515625,0.6309963099630996
1767328465,340146240,1221_1767328465-340146240.png,0,0,0,0,0.0,0.0,305.88,150.43,-1320.0,-432.0,-5003.0,2460.0,-316.0,-15.0,-1317.575266786081,22.869504409659516,-4227.928140189749,1365.41917967903,-628.4582359214675,-29.45394465990177,249.9818503260612,72.11248421668994,-0.0,-0.0896155312151335,,,,,,,,,,0.5,0.5,0.363965733895505,0.17983909133932796,0.2327306444135373,0.5219454329774614,0.1660038297245544,0.48571968980518254,0.4029017857142857,0.6531365313653136
1767328465,373469238,1222_1767328465-373469238.png,0,0,0,0,0.0,0.0,374.55,165.72,-1177.0,-694.0,-5040.0,2688.0,-206.0,2.0,-1304.9878314347188,-67.36341931014493,-4344.624703262838,1546.1275286394057,-572.8083626608748,-25.80161004219515,275.99301135540003,32.870343923568605,-0.0,-0.0896155312151335,,,,,,,,,,0.5,0.5,0.4077679192207842,0.18923669799202214,0.2990264255910987,0.4183471727955714,0.1605538370894094,0.5288443351617175,0.46428571428571425,0.7158671586715867
1767328465,406793457,1223_1767328465-406793457.png,0,0,0,0,0.0,0.0,446.63,175.09,-1114.0,-847.0,-5063.0,2858.0,-126.0,-5.0,-1278.7854147645785,-177.18234364312366,-4449.050364964961,1733.3153185068716,-509.6605677710663,-22.567545371357696,297.7787045836448,-4.3042712211610095,-0.0,-0.0896155312151335,,,,,,,,,,0.5,0.5,0.45374522398627315,0.1949957283606124,0.3282336578581363,0.35784895215500195,0.15716600382972457,0.5609986759977303,0.5089285714285714,0.6900369003690037
1767328465,440116699,1224_1767328465-440116699.png,0,0,0,0,0.0,0.0,506.65,183.82,-1019.0,-815.0,-5049.0,3020.0,-23.0,-14.0,-1243.399624424124,-271.3356739654168,-4537.172094408252,1917.039027614274,-441.31556810102296,-21.067755760538887,306.4549794197082,-26.082422494888423,-0.0,-0.0896155312151335,,,,,,,,,,0.5,0.5,0.4920298775937183,0.2003613991309211,0.37227630968938336,0.37050217477263736,0.15922816320518485,0.5916398713826367,0.56640625,0.6568265682656826
1767328465,473441162,1225_1767328465-473441162.png,0,0,0,0,0.0,0.0,595.22,198.64,-932.0,-1054.0,-5078.0,3081.0,48.0,-37.0,-1197.8599742648796,-385.7939353253959,-4616.26375568611,2087.2588073570573,-369.7571651967122,-23.397716274327124,309.858835697174,-35.82453680038464,-0.0,-0.0896155312151335,,,,,,,,,,0.5,0.5,0.5485255751947082,0.20947013232862732,0.4126101066295781,0.27599841834717276,0.15495654735601716,0.6031776054473237,0.6060267857142857,0.5719557195571956
1767328465,506764648,1226_1767328465-506764648.png,0,0,0,0,0.0,0.0,630.55,201.33,-806.0,-908.0,-5211.0,3238.0,37.0,-12.0,-1128.132519512606,-477.1550931881725,-4709.229196995334,2278.095603867561,-301.9165073187599,-24.66242884518375,323.27866375446314,-59.86594676971448,-0.0,-0.0745422453341093,,,,,,,,,,0.5,0.5,0.5710613434711334,0.21112347189015432,0.47102457116365315,0.3337287465401344,0.1353660332891442,0.6328730849252885,0.5998883928571428,0.6642066420664207
1767328465,573413086,1227_1767328465-573413086.png,0,0,0,0,0.0,0.0,661.28,203.33,-667.0,-952.0,-5294.0,3359.0,60.0,-14.0,-1059.8826784104465,-555.5943775622379,-4803.455293719939,2454.933898606248,-241.26454791097223,-22.655159320816644,323.27866375446314,-59.86594676971448,-0.0,-0.0987938837331491,,,,,,,,,,0.5,0.5,0.5906629330305602,0.21235272063478405,0.5354659248956883,0.3163305654408857,0.12314037413462953,0.6557594098732742,0.6127232142857143,0.6568265682656826
1767328465,606738037,1228_1767328465-606738037.png,0,0,0,0,0.0,0.0,686.32,205.16,-736.0,-990.0,-5138.0,3408.0,112.0,-6.0,-1008.6715545955554,-617.004601794287,-4861.0748668366,2591.580860013537,-192.50087612914973,-20.66538319922881,328.22495734691614,-72.39432668685924,-0.0,-0.0932112051837878,,,,,,,,,,0.5,0.5,0.6066350710900474,0.2134774832361202,0.5034770514603615,0.3013048635824436,0.1461187214611872,0.6650274257613014,0.6417410714285714,0.6863468634686346
1767328465,640062256,1229_1767328465-640062256.png,0,0,0,0,0.0,0.0,706.62,207.22,-884.0,-909.0,-5123.0,3467.0,73.0,-13.0,-986.379946887458,-661.9282475166277,-4899.790703843316,2717.985475876369,-152.6038329537674,-19.352384348388597,328.22495734691614,-72.39432668685924,-0.0,-0.0881323706756972,,,,,,,,,,0.5,0.5,0.6195837293411492,0.21474360944308885,0.4348632359758924,0.3333333333333333,0.14832817793489472,0.6761868734632117,0.6199776785714285,0.6605166051660516
1767328465,673387451,1230_1767328465-673387451.png,0,0,0,0,0.0,0.0,730.91,209.5,-994.0,-897.0,-5249.0,3494.0,75.0,-7.0,-984.7736010631724,-702.8714277560525,-4956.791429451364,2851.37609390648,-113.32327842307284,-17.37713638249204,329.0024101734161,-86.0449504852296,-0.0,-0.0503637610812113,,,,,,,,,,0.5,0.5,0.6350774686967782,0.21614495301196673,0.3838664812239221,0.3380782918149466,0.12976874355575196,0.6812937393606961,0.62109375,0.6826568265682657
1767328465,706711670,1231_1767328465-706711670.png,0,0,0,0,0.0,0.0,764.43,210.19,-993.0,-953.0,-5426.0,3559.0,64.0,0.0,-977.9185877964314,-735.3065437326806,-5011.595536491994,2951.867314561945,-85.20401126011652,-15.756792987566293,330.3322363495826,-89.55955696105968,-0.0,-0.0514465310424684,,,,,,,,,,0.5,0.5,0.6564587014345582,0.216569043828864,0.3843300880853036,0.3159351522340846,0.1036971571660038,0.6935880461509364,0.6149553571428571,0.7084870848708487
1767328465,740037354,1232_1767328465-740037354.png,0,0,0,0,0.0,0.0,773.5,210.27,-864.0,-1120.0,-5561.0,3558.0,124.0,13.0,-976.1087730113692,-772.340596389147,-5076.400911002657,3040.624381287448,-61.51654023069235,-13.047843305870105,317.24840402603144,-94.97919821739208,-0.0,-0.0514465310424684,,,,,,,,,,0.5,0.5,0.662244136426553,0.21661821377864915,0.44413537320352336,0.24990114669829971,0.0838120489026366,0.693398902969548,0.6484375,0.7564575645756457
1767328465,773361816,1233_1767328465-773361816.png,0,0,0,0,0.0,0.0,781.16,210.26,-946.0,-1048.0,-5348.0,3585.0,137.0,21.0,-964.1558297231036,-825.9056188329102,-5140.87034895886,3132.4790394299166,-28.279667624444865,-7.8223156862513346,330.01676142215723,-107.20452070236216,-0.0,-0.0514465310424684,,,,,,,,,,0.5,0.5,0.6671301818552939,0.216612067534926,0.4061196105702364,0.2783708975879794,0.11518633082928265,0.6985057688670324,0.6556919642857142,0.7859778597785977
1767328465,806687744,1234_1767328465-806687744.png,0,0,0,0,0.0,0.0,787.06,209.29,-911.0,-1069.0,-5431.0,3619.0,155.0,15.0,-958.333057606874,-860.2856852513522,-5178.673176885829,3201.733658358738,-2.479799920432689,-4.150309921344631,339.32372635602945,-104.67073130607616,-0.0,-0.0514465310424684,,,,,,,,,,0.5,0.5,0.6708935849923137,0.21601588189378057,0.4223458507185906,0.27006722024515617,0.10296067167476808,0.704936637034235,0.6657366071428571,0.7638376383763837
1767328465,840012695,1235_1767328465-840012695.png,-1,0,0,0,-9.574142156862743e-06,0.0,792.07,207.73,-877.0,-1044.0,-5416.0,3621.0,117.0,-1.0,-945.1809008466764,-892.698922561572,-5220.085794697992,3274.136661985641,19.17812272013102,-3.180689110923677,342.05455213785166,-110.1739103794099,-0.0,-0.0514465310424684,,,,,,,,,,0.25000000000000006,0.5,0.6740892883340882,0.2150570678729694,0.43810848400556324,0.27995255041518385,0.10517012814847548,0.7053149233970116,0.64453125,0.7047970479704797
1767328465,906663818,1236_1767328465-906663818.png,-1,0,0,0,-9.574142156862743e-06,0.0,799.29,207.55,-849.0,-871.0,-5412.0,3646.0,148.0,-8.0,-930.6783584986404,-900.1021843069668,-5249.571187049282,3336.058621780061,37.983181949618206,-4.571205390066277,332.4001621603965,-107.99132370948804,-0.0,-0.0514465310424684,,,,,,,,,,0.25000000000000006,0.5,0.6786946731898987,0.21494643548595277,0.4510894761242466,0.3483590351917754,0.1057593165414642,0.7100435029317194,0.6618303571428571,0.6789667896678966
1767328465,939990234,1237_1767328465-939990234.png,-1,0,0,0,-9.574142156862743e-06,0.0,801.69,207.44,-923.0,-840.0,-5438.0,3625.0,161.0,-1.0,-923.2521627890178,-890.6403224669392,-5284.912856450554,3395.106754135956,61.373139938068704,-4.420347120880016,325.2143732309341,-105.8239257335664,-0.0,-0.0514465310424684,,,,,,,,,,0.25000000000000006,0.5,0.6802255490422459,0.2148788268049981,0.416782568382012,0.36061684460260973,0.10192959198703788,0.7060714961225649,0.6690848214285714,0.7047970479704797
1767328465,973315674,1238_1767328465-973315674.png,-1,0,0,0,-9.574142156862743e-06,0.0,803.12,207.8,-952.0,-906.0,-5548.0,3595.0,137.0,-15.0,-925.8468105221074,-890.5968209951195,-5313.057065683931,3419.7060336226577,71.0380534980628,-5.281016312335559,326.8453876972198,-114.1810030937196,-0.0,-0.0514465310424684,,,,,,,,,,0.25000000000000006,0.5,0.6811376959042692,0.21510009157903148,0.4033379694019471,0.33451957295373663,0.08572691117984976,0.7003972006809155,0.6556919642857142,0.6531365313653136
1767328466,6642334,1239_1767328466-6642334.png,1,0,0,0,9.574142156862743e-06,0.0,803.8,208.75,-947.0,-904.0,-5502.0,3530.0,116.0,-28.0,-929.0774338969102,-892.611783302354,-5341.950134742052,3437.618474572888,78.18936833240053,-8.246912056858553,337.0446180701255,-111.32037019729626,-0.0,-0.0514465310424684,,,,,,,,,,0.75,0.5,0.6815714440624342,0.2156839847327306,0.40565600370885485,0.33531039936733886,0.09250257769921932,0.6881028938906754,0.6439732142857142,0.6051660516605165
1767328466,39968018,1240_1767328466-39968018.png,1,0,0,0,9.574142156862743e-06,0.0,804.04,210.22,-955.0,-871.0,-5496.0,3479.0,76.0,-37.0,-931.9309041778928,-890.9782327588356,-5360.423176229971,3443.978944916419,79.06162787256535,-11.408376531964658,336.59173166751856,-120.79066419601452,-0.0,-0.0514465310424684,,,,,,,,,,0.75,0.5,0.6817245316476689,0.2165874825600334,0.40194714881780247,0.3483590351917754,0.09338636028870229,0.6784565916398715,0.6216517857142857,0.5719557195571956
1767328466,73294922,1241_1767328466-73294922.png,1,0,0,0,9.574142156862743e-06,0.0,803.91,212.38,-1010.0,-726.0,-5555.0,3374.0,65.0,-30.0,-941.839306253714,-870.8286408558039,-5387.260167528564,3436.6250841743936,77.30694274855497,-14.319248727441927,336.59173166751856,-120.79066419601452,-0.0,-0.0477118352943251,,,,,,,,,,0.75,0.5,0.6816416092056667,0.21791507120423353,0.37644877144181726,0.4056939501779359,0.08469583149211968,0.6585965575940989,0.6155133928571428,0.5977859778597785
1767328466,106621094,1242_1767328466-106621094.png,1,0,0,0,9.574142156862743e-06,0.0,803.21,214.83,-1056.0,-677.0,-5471.0,3304.0,30.0,-36.0,-957.2726656859415,-843.8267806177762,-5401.81042410328,3419.149741524926,71.34868500387651,-17.325310669489145,327.57933121919626,-116.89462089538586,-0.0,-0.0175696921291052,,,,,,,,,,0.75,0.5,0.6811951037487323,0.21942090091640493,0.3551228558182661,0.4250691973111902,0.09706878774488148,0.645356534896917,0.5959821428571428,0.5756457564575646
1767328466,139948242,1243_1767328466-139948242.png,0,0,0,0,0.0,0.0,795.31,223.03,-1132.0,-523.0,-5116.0,3053.0,-133.0,-38.0,-983.5011224270849,-792.4916147761331,-5378.488582030222,3374.0093089648235,51.903112323326106,-18.63120191134486,318.10248517990107,-99.19592356681837,-0.0,-0.011560979145539,,,,,,,,,,0.5,0.5,0.6761559707347566,0.22446082076938678,0.31988873435326837,0.48596283115856065,0.1493592576226248,0.597881596368451,0.5050223214285714,0.5682656826568265
1767328466,173274414,1244_1767328466-173274414.png,0,0,0,0,0.0,0.0,784.06,230.34,-1134.0,-482.0,-4966.0,2829.0,-189.0,-32.0,-1013.2252866649316,-734.1089220510734,-5308.54578248174,3283.654207910443,8.534454080408144,-21.764268546739515,310.2957470417022,-87.0648856163026,-0.0,-0.0382596845542046,,,,,,,,,,0.5,0.5,0.6689799901768799,0.2289537249310084,0.3189615206305053,0.5021747726374061,0.17145382235969953,0.5555135237374693,0.4737723214285714,0.5904059040590406
1767328466,206598633,1245_1767328466-206598633.png,0,0,0,0,0.0,0.0,771.01,236.16,-1051.0,-576.0,-4996.0,2715.0,-259.0,-40.0,-1020.0631281249802,-712.6623616537145,-5270.561875492781,3219.317784609765,-21.27054087377109,-23.704440099185213,303.30737346410746,-62.04480791091931,-0.0,-0.0381184286998091,,,,,,,,,,0.5,0.5,0.660655852729743,0.2325308387778809,0.3574408901251738,0.46500593119810196,0.1670349094122846,0.5339512010592019,0.4347098214285714,0.5608856088560885
1767328466,239921875,1246_1767328466-239921875.png,0,0,0,0,0.0,0.0,740.72,241.8,-1059.0,-504.0,-4843.0,2476.0,-357.0,-33.0,-1025.5378997643045,-684.1220455026119,-5212.230999465078,3117.1690347428125,-67.68024167673694,-25.25583897001667,289.0924291014671,27.83185291290271,-0.0,-0.0381184286998091,,,,,,,,,,0.5,0.5,0.6413349237432466,0.23599732023773667,0.3537320352341214,0.4934756820877817,0.1895713654441008,0.4887459807073955,0.3800223214285714,0.5867158671586715
1767328466,273246582,1247_1767328466-273246582.png,0,0,0,0,0.0,0.0,711.66,248.91,-1123.0,-447.0,-4809.0,2270.0,-456.0,-30.0,-1038.03551412782,-651.0083063111409,-5154.19432875661,2998.9277491668445,-121.75341548554648,-26.0319191218404,274.40823364257807,59.74172282218921,-0.0,-0.0381184286998091,,,,,,,,,,0.5,0.5,0.6227985686310781,0.24036729952489533,0.3240611961057023,0.5160142348754448,0.19457946678450433,0.44978248534140347,0.3247767857142857,0.5977859778597785
1767328466,306570068,1248_1767328466-306570068.png,0,0,0,0,0.0,0.0,627.13,253.14,-1360.0,-96.0,-4488.0,1677.0,-504.0,-43.0,-1090.1340534311698,-570.5378863445378,-5069.953314500175,2810.7166892466507,-182.99448953332495,-26.413867568751,257.17127585411066,93.43497467041004,-0.0,-0.0381184286998091,,,,,,,,,,0.5,0.5,0.5688798453815389,0.24296716061978718,0.21418636995827534,0.6548042704626335,0.24186183532184424,0.33762057877813506,0.2979910714285714,0.5498154981549815
1767328466,373218750,1249_1767328466-373218750.png,0,0,0,0,0.0,0.0,570.27,249.48,-1330.0,-15.0,-4447.0,1410.0,-553.0,-38.0,-1146.0645694946047,-452.6282770116059,-4933.884942717163,2518.2729647379247,-261.90832018211233,-29.389826929653523,257.17127585411066,93.43497467041004,-0.0,-0.0381184286998091,,,,,,,,,,0.5,0.5,0.532610844979684,0.24071763541711483,0.2280945757997218,0.6868327402135231,0.24790101634997797,0.28711934934745603,0.2706473214285714,0.5682656826568265
1767328466,406543701,1250_1767328466-406543701.png,0,0,0,0,0.0,0.0,504.96,240.89,-1319.0,58.0,-4121.0,1130.0,-581.0,-25.0,-1166.6116107664095,-391.9588106584943,-4837.303343339718,2353.327575469583,-299.8206779652854,-28.868256798905467,252.90983170270917,108.26214909553516,-0.0,-0.0381184286998091,,,,,,,,,,0.5,0.5,0.4909518858476906,0.23543801205893017,0.23319425127491877,0.7156979043100039,0.2959198703785536,0.23415925855872896,0.2550223214285714,0.6162361623616236
1767328466,439867676,1251_1767328466-439867676.png,0,0,0,0,0.0,0.0,434.21,228.81,-1295.0,168.0,-4056.0,912.0,-678.0,-17.0,-1186.0456464206563,-313.0865411991835,-4724.826964320989,2148.524600563104,-352.46575275481246,-27.352048896262463,249.58624035120005,134.10528206825245,-0.0,-0.0381184286998091,,,,,,,,,,0.5,0.5,0.4458229414503773,0.22801334964136666,0.24432081594807598,0.7591933570581257,0.3054941817646193,0.19292604501607719,0.20089285714285715,0.6457564575645756
1767328466,473193115,1252_1767328466-473193115.png,0,0,0,0,0.0,0.0,361.53,203.0,-1289.0,206.0,-4065.0,798.0,-733.0,-13.0,-1201.266449983064,-238.2166581717237,-4628.085807105035,1954.148259057966,-406.6072113304375,-25.36289286772032,252.0257486104965,111.60079598426806,-0.0,-0.0381184286998091,,,,,,,,,,0.5,0.5,0.3994629177218016,0.21214989459192013,0.24710245711636525,0.7742190589165678,0.30416850788039484,0.17136372233780972,0.17020089285714285,0.6605166051660516
1767328466,506517334,1253_1767328466-506517334.png,0,0,0,0,0.0,0.0,289.65,184.46,-1181.0,173.0,-3975.0,735.0,-730.0,-8.0,-1198.3026473005614,-178.07958258139382,-4532.577345158325,1775.857789657353,-453.90076374646736,-22.823711684022115,75.49979829788202,203.6657750606536,-0.0,-0.0381184286998091,,,,,,,,,,0.5,0.5,0.35361318594400826,0.20075475872920262,0.2971719981455725,0.7611704230921312,0.3174252467226396,0.15944770191034613,0.171875,0.6789667896678966
1767328466,539843018,1254_1767328466-539843018.png,0,0,0,0,0.0,0.0,167.95,148.59,-1324.0,173.0,-3836.0,633.0,-698.0,-33.0,-1213.240221417756,-101.09199001979262,-4406.068164674706,1558.948726892496,-500.5854620164698,-21.54964964724279,119.06521034240716,175.774604320526,-0.0,-0.0371814575229091,,,,,,,,,,0.5,0.5,0.27598502293124455,0.17870818249426862,0.23087621696801108,0.7611704230921312,0.3378995433789954,0.1401550974087384,0.18973214285714285,0.5867158671586715
1767328466,573167480,1255_1767328466-573167480.png,0,0,0,0,0.0,0.0,121.77,133.74,-1378.0,252.0,-3764.0,619.0,-724.0,-36.0,-1243.1301895296697,-35.11407198030661,-4282.343713584034,1373.0412185708776,-543.5871783221991,-24.26200298849688,126.8697405457496,77.61308407783496,-0.0,-0.0452934038756777,,,,,,,,,,0.5,0.5,0.2465284200723339,0.16958101056539293,0.20584144645340752,0.7924080664294187,0.3485049344527913,0.13750709286930207,0.1752232142857143,0.5756457564575646
1767328466,639818115,1256_1767328466-639818115.png,0,0,0,0,0.0,0.0,64.12,112.69,-1445.0,260.0,-4163.0,693.0,-635.0,-18.0,-1289.117291921884,1.5202580269914776,-4251.233252599398,1234.3029395079625,-563.5231107191714,-25.90146297166963,79.57395762205118,94.26863336563098,-0.0,-0.083955279752966,,,,,,,,,,0.5,0.5,0.2097555063690814,0.15664316752816515,0.1747797867408437,0.7955713720838276,0.28973339225217265,0.1515036882920371,0.22488839285714285,0.6420664206642066
1767328466,673144287,1257_1767328466-673144287.png,0,0,0,0,0.0,0.0,49.41,110.08,-1472.0,296.0,-4251.0,720.0,-620.0,-15.0,-1318.500000734647,49.4479634427766,-4243.949416181536,1143.2004460716553,-574.5179425965129,-24.26444840620503,75.63669025897974,97.49465465545642,-0.0,-0.0911915024797714,,,,,,,,,,0.5,0.5,0.20037251312407112,0.15503899791642334,0.16226240148354187,0.8098062475286675,0.27677124760642213,0.15661055418952147,0.23325892857142855,0.6531365313653136
1767328466,706469238,1258_1767328466-706469238.png,0,0,0,0,0.0,0.0,42.89,109.58,-1497.0,380.0,-3910.0,663.0,-738.0,13.0,-1348.6833831807126,104.34054362104771,-4195.299410411742,1061.728630613971,-599.6345294403685,-18.568627438560668,22.97659972310061,89.29018068313586,-0.0,-0.0886045153488777,,,,,,,,,,0.5,0.5,0.19621363372519504,0.1547316857302659,0.1506722299490032,0.8430209568999605,0.3269995581087053,0.14582939285038773,0.1674107142857143,0.7564575645756457
1767328466,739795654,1259_1767328466-739795654.png,0,0,0,0,0.0,0.0,40.12,109.72,-1346.0,231.0,-4034.0,601.0,-635.0,15.0,-1341.2768501297364,118.294762303308,-4145.46228785711,983.949076179507,-606.5964060225617,-13.334173021403696,12.377733141183802,99.1058025360106,-0.0,-0.0640771079991043,,,,,,,,,,0.5,0.5,0.1944467478456112,0.15481773314239,0.22067686601761705,0.7841043890865955,0.3087347179260569,0.13410251560431247,0.22488839285714285,0.7638376383763837
1767328466,773121094,1260_1767328466-773121094.png,0,0,0,0,0.0,0.0,39.49,109.83,-1282.0,206.0,-4002.0,579.0,-602.0,8.0,-1338.1708750380467,136.2399754218147,-4124.23865566048,916.4208859659084,-609.482625177012,-8.866551742022677,12.377733141183802,99.1058025360106,-0.0,-0.0852555531892937,,,,,,,,,,0.5,0.5,0.1940448929343701,0.15488534182334462,0.2503477051460361,0.7742190589165678,0.31344822506996617,0.12994136561376962,0.2433035714285714,0.7380073800738007
1767328466,806447510,1261_1767328466-806447510.png,0,0,0,0,0.0,0.0,39.18,109.72,-1454.0,319.0,-3913.0,638.0,-729.0,-7.0,-1344.0302603103082,158.52258158705712,-4095.0589641485376,863.448700149137,-619.683477038909,-7.309288733223644,33.38707751035685,133.35401487350452,-0.0,-0.0408946336178345,,,,,,,,,,0.5,0.5,0.19384715480344195,0.15481773314239,0.1706073249884098,0.8189007512850929,0.3265576668139638,0.14110081331567997,0.1724330357142857,0.6826568265682657
1767328466,839773193,1262_1767328466-839773193.png,0,0,0,0,0.0,0.0,38.98,110.05,-1423.0,306.0,-3973.0,636.0,-739.0,-10.0,-1359.351634325503,184.711157881094,-4070.724968459305,824.2498120461764,-639.7633125732362,-7.612278638197293,79.95398217439646,127.88551187515246,-0.0,-0.0246676599980588,,,,,,,,,,0.5,0.5,0.19371958181574633,0.15502055918525393,0.18497913769123775,0.8137603795966786,0.31771984091913397,0.14072252695290335,0.16685267857142855,0.6715867158671587
1767328466,906426025,1263_1767328466-906426025.png,0,0,0,0,0.0,0.0,38.71,110.31,-1403.0,607.0,-3955.0,640.0,-604.0,-24.0,-1380.0104542163417,218.0222164237457,-4054.585647042377,785.0110180382136,-657.6747685527532,-7.813719465259879,79.14055299758905,128.65597987174976,-0.0,-0.0246676599980588,,,,,,,,,,0.5,0.5,0.1935473582823573,0.15518036152205578,0.19425127491886873,0.9327797548438118,0.32037118868758285,0.1414790996784566,0.2421875,0.6199261992619925
1767328466,939752930,1264_1767328466-939752930.png,0,0,0,0,0.0,0.0,38.71,110.31,-1403.0,607.0,-3955.0,640.0,-604.0,-24.0,-1382.741919623149,264.2379777029652,-4042.7535407245496,767.7817703138462,-651.2974884229097,-9.736866001584822,69.7937153577804,95.77833223342884,-0.0,-0.0246676599980588,,,,,,,,,,0.5,0.5,0.1935473582823573,0.15518036152205578,0.19425127491886873,0.9327797548438118,0.32037118868758285,0.1414790996784566,0.2421875,0.6199261992619925
1767328466,973079102,1265_1767328466-973079102.png,0,0,0,0,0.0,0.0,38.78,110.63,-1374.0,552.0,-3916.0,690.0,-646.0,-25.0,-1381.4634853215834,306.3208217293771,-4024.216871286632,756.4068220768025,-650.5227740347723,-11.968974610922144,69.7937153577804,95.77833223342884,-0.0,-0.0246676599980588,,,,,,,,,,0.5,0.5,0.19359200882805078,0.15537704132119654,0.20769587389893363,0.9110320284697508,0.32611577551922233,0.15093625874787214,0.21875,0.6162361623616236
1767328467,6406494,1266_1767328467-6406494.png,0,0,0,0,0.0,0.0,38.61,110.97,-1484.0,236.0,-3911.0,670.0,-795.0,-16.0,-1402.7845064261696,299.3588874127354,-4020.543357313765,736.0921066216506,-670.0130324595552,-10.29836106929696,92.10281902551644,118.71053767204272,-0.0,-0.0246676599980588,,,,,,,,,,0.5,0.5,0.1934835717885095,0.15558601360778357,0.15669911914696333,0.786081455120601,0.32685226101045817,0.14715339512010592,0.13560267857142855,0.6494464944649446
1767328467,39732910,1267_1767328467-39732910.png,0,0,0,0,0.0,0.0,38.65,111.0,-1415.0,257.0,-3820.0,665.0,-826.0,-21.0,-1410.4329722537352,291.38014421678486,-3998.946639302414,726.1202532401749,-690.1911771457256,-11.43860209194334,74.05996501445765,115.4806475639342,-0.0,-0.0246676599980588,,,,,,,,,,0.5,0.5,0.19350908638604863,0.15560445233895304,0.1886879925822902,0.7943851324634242,0.34025629695095005,0.14620767921316435,0.1183035714285714,0.6309963099630996
1767328467,73060547,1268_1767328467-73060547.png,0,0,0,0,0.0,0.0,38.62,111.29,-1341.0,303.0,-3684.0,686.0,-764.0,-32.0,-1402.5476303752089,290.0188988003275,-3947.255652832759,716.4790494209909,-709.791497140935,-14.644098985207064,73.31809890270227,116.19365644454945,-0.0,-0.0246676599980588,,,,,,,,,,0.5,0.5,0.1934899504378943,0.15578269340692436,0.22299490032452474,0.8125741399762751,0.3602887023125645,0.1501796860223189,0.1529017857142857,0.5904059040590406
1767328467,106387207,1269_1767328467-106387207.png,0,0,0,0,0.0,0.0,38.5,111.16,-1373.0,356.0,-3649.0,634.0,-728.0,-21.0,-1396.5909211323717,300.0130644831372,-3896.642261249993,703.6071909254783,-713.8949165456453,-16.0348254179958,73.10626703500742,119.38514494895922,-0.0,-0.0246676599980588,,,,,,,,,,0.5,0.5,0.19341340664527695,0.1557027922385234,0.2081594807603152,0.8335310399367339,0.36544410075121525,0.14034424059012673,0.1729910714285714,0.6309963099630996
1767328467,139714844,1270_1767328467-139714844.png,0,0,0,0,0.0,0.0,38.39,111.41,-1410.0,382.0,-3786.0,604.0,-676.0,-12.0,-1398.5518893310928,312.00298376441816,-3880.461734765832,689.040453292188,-708.3530946969714,-15.444765175216263,71.96268665790552,132.48152470588673,-0.0,-0.0246676599980588,,,,,,,,,,0.5,0.5,0.19334324150204438,0.15585644833160212,0.19100602688919788,0.8438117833135627,0.3452643982913537,0.1346699451484774,0.20200892857142855,0.6642066420664207
1767328467,173041504,1271_1767328467-173041504.png,0,0,0,0,0.0,0.0,38.43,111.64,-1499.0,317.0,-3824.0,545.0,-756.0,23.0,-1414.0690155840848,321.2262488219478,-3863.052964780596,665.5647803925918,-721.5464103118175,-9.50932336726305,82.84403902292246,136.90644979476917,-0.0,-0.0246676599980588,,,,,,,,,,0.5,0.5,0.19336875609958348,0.15599781193723455,0.14974501622624015,0.8181099248714907,0.33966710855796145,0.12351049744656706,0.1573660714285714,0.7933579335793357
1767328467,206367188,1272_1767328467-206367188.png,0,0,0,0,0.0,0.0,38.43,111.73,-1551.0,175.0,-3731.0,568.0,-779.0,10.0,-1431.9332917674387,311.79347208970955,-3850.6045006231175,646.1387392317685,-728.9101054804373,-4.687874616449363,64.23283660411829,103.35003948211656,-0.0,-0.0246676599980588,,,,,,,,,,0.5,0.5,0.19336875609958348,0.15605312813074287,0.12563745943439963,0.7619612495057335,0.3533657386949477,0.1278607906184982,0.14453125,0.7453874538745386
1767328467,239691650,1273_1767328467-239691650.png,0,0,0,0,0.0,0.0,38.42,111.89,-1505.0,194.0,-3754.0,633.0,-683.0,-4.0,-1448.3468153786675,289.8728701222656,-3832.016451908816,638.5178158653395,-728.878109423879,-3.4166192961693773,63.991262555122326,103.6049516201018,-0.0,-0.0246676599980588,,,,,,,,,,0.5,0.5,0.1933623774501987,0.15615146803031327,0.14696337505795076,0.7694741004349546,0.34997790543526297,0.1401550974087384,0.19810267857142855,0.6937269372693726
1767328467,273017334,1274_1767328467-273017334.png,0,0,0,0,0.0,0.0,38.32,112.01,-1658.0,337.0,-3817.0,674.0,-751.0,-10.0,-1470.4789506557622,288.79427915548695,-3826.308918122314,641.4215331409708,-728.3230642035054,-4.044956310319496,73.59487003087992,131.46445536613453,-0.0,-0.0246676599980588,,,,,,,,,,0.5,0.5,0.1932985909563509,0.15622522295499103,0.07603152526657386,0.8260181890075129,0.34069818824569165,0.14790996784565916,0.16015625,0.6715867158671587
1767328467,339668213,1275_1767328467-339668213.png,0,0,0,0,0.0,0.0,38.25,112.38,-1614.0,409.0,-3954.0,623.0,-751.0,-28.0,-1501.2792479336715,308.895613557781,-3844.495632072639,640.4321120296132,-732.8258882560054,-7.859766756069118,73.39277905225748,131.69644117355335,-0.0,-0.0846097368340957,,,,,,,,,,0.5,0.5,0.19325394041065747,0.15645263397274753,0.09643022716736205,0.8544879398971925,0.3205184857858301,0.1382636655948553,0.16015625,0.6051660516605165
1767328467,372993408,1276_1767328467-372993408.png,0,0,0,0,0.0,0.0,38.41,112.8,-1288.0,456.0,-3796.0,672.0,-734.0,-4.0,-1484.7381962573645,326.4365013482992,-3846.5348972157913,636.5416796157381,-725.5086544531166,-7.093355864305057,73.39277905225748,131.69644117355335,-0.0,-0.0641190820679846,,,,,,,,,,0.5,0.5,0.19335599880081392,0.15671077620911977,0.24756606397774683,0.8730723606168446,0.343791427308882,0.14753168148288254,0.16964285714285715,0.6937269372693726
1767328467,406319580,1277_1767328467-406319580.png,0,0,0,0,0.0,0.0,38.6,113.07,-1317.0,349.0,-3930.0,699.0,-785.0,-17.0,-1445.0062308271283,339.7473793146721,-3854.836241012811,648.4155025057827,-734.8648893426304,-8.303103272377676,69.84982287883753,117.73201322555528,-0.0,-0.0607728289048061,,,,,,,,,,0.5,0.5,0.19347719313912473,0.1568767247896448,0.23412146499768194,0.8307631474891262,0.32405361614376205,0.15263854738036695,0.1411830357142857,0.6457564575645756
1767328467,439644775,1278_1767328467-439644775.png,0,0,0,0,0.0,0.0,38.67,113.22,-1433.0,129.0,-4022.0,645.0,-779.0,-30.0,-1443.2504176895573,308.92729742242096,-3879.2825746192143,647.9160131774992,-741.3192885821705,-11.476097100949003,98.24061816930764,143.87705731391895,-0.0,-0.0721722505396324,,,,,,,,,,0.5,0.5,0.1935218436848182,0.15696891844549202,0.18034306907742226,0.7437722419928825,0.3105022831050228,0.14242481558539816,0.14453125,0.5977859778597785
1767328467,472971436,1279_1767328467-472971436.png,0,0,0,0,0.0,0.0,38.6,113.0,-1437.0,167.0,-3869.0,583.0,-768.0,-21.0,-1442.4211478565835,265.7821785498983,-3900.8528917685535,640.2426465469886,-742.22417586015,-14.602716884811702,70.20880711078638,135.94612312316883,-0.0,-0.056103216109234,,,,,,,,,,0.5,0.5,0.19347719313912473,0.15683370108358274,0.17848864163189615,0.7587979438513246,0.333038739136839,0.1306979383393229,0.15066964285714285,0.6309963099630996
1767328467,506296875,1280_1767328467-506296875.png,0,0,0,0,0.0,0.0,38.64,113.14,-1337.0,217.0,-3947.0,630.0,-665.0,-28.0,-1432.4339113470992,253.2361718116577,-3902.40747624068,634.6038462833071,-737.3567805252248,-16.34179921417929,70.20880711078638,135.94612312316883,-0.0,-0.056103216109234,,,,,,,,,,0.5,0.5,0.19350270773666386,0.15691974849570683,0.22484932777005096,0.77856860419138,0.3215495654735602,0.1395876678645735,0.2081473214285714,0.6051660516605165
1767328467,572949463,1281_1767328467-572949463.png,0,0,0,0,0.0,0.0,38.83,113.0,-1412.0,192.0,-4047.0,648.0,-744.0,-12.0,-1424.4523051422236,242.3849253497015,-3925.886130791977,636.3220408474076,-734.5424300250482,-16.31682945520302,75.31485128402704,128.49879121780384,-0.0,-0.056103216109234,,,,,,,,,,0.5,0.5,0.19362390207497465,0.15683370108358274,0.19007881316643482,0.7686832740213523,0.30681985564884373,0.1429922451295631,0.1640625,0.6642066420664207
1767328467,606276367,1282_1767328467-606276367.png,0,0,0,0,0.0,0.0,38.91,112.94,-1414.0,251.0,-4052.0,679.0,-728.0,0.0,-1422.923740936615,243.64480961062796,-3944.329253498316,642.5633435879417,-733.5856531018807,-13.930626496634408,75.6526653170585,128.12523531913746,-0.0,-0.056103216109234,,,,,,,,,,0.5,0.5,0.1936749312700529,0.15679682362124386,0.18915159944367177,0.7920126532226176,0.3060833701576079,0.14885568375260072,0.1729910714285714,0.7084870848708487
1767328467,639602539,1283_1767328467-639602539.png,0,0,0,0,0.0,0.0,39.05,112.79,-1322.0,333.0,-3912.0,639.0,-816.0,-31.0,-1396.3760712766857,273.8580917873516,-3941.6255555822113,644.9590537590273,-751.3410619208007,-15.218682718392555,73.1357494592666,124.35070157051074,-0.0,-0.056103216109234,,,,,,,,,,0.5,0.5,0.1937642323614398,0.15670462996539664,0.23180343069077414,0.8244365361803084,0.32670496391221093,0.1412899564970683,0.12388392857142855,0.5940959409594095
1767328467,672929688,1284_1767328467-672929688.png,0,0,0,0,0.0,0.0,39.05,112.48,-1440.0,371.0,-3905.0,609.0,-764.0,-17.0,-1397.5426345981932,288.5936990171739,-3935.6740763685566,640.3648296878223,-756.3368998010491,-16.282567983090402,77.20016789436335,118.85769605636584,-0.0,-0.056103216109234,,,,,,,,,,0.5,0.5,0.1937642323614398,0.15651409640997904,0.1770978210477515,0.8394622380387504,0.32773604359994113,0.13561566105541897,0.1529017857142857,0.6457564575645756
1767328467,706255859,1285_1767328467-706255859.png,0,0,0,0,0.0,0.0,39.19,112.66,-1467.0,293.0,-3835.0,600.0,-725.0,-12.0,-1406.9596382925197,291.3775042191322,-3922.871307491148,634.7086593459694,-752.8238441527469,-15.793419702899428,70.78325980901712,129.54165267944325,-0.0,-0.056103216109234,,,,,,,,,,0.5,0.5,0.19385353345282672,0.15662472879699568,0.16458043579044968,0.8086200079082642,0.33804684047724265,0.13391337242292417,0.17466517857142855,0.6642066420664207
1767328467,739583496,1286_1767328467-739583496.png,0,0,0,0,0.0,0.0,39.07,113.12,-1343.0,205.0,-3817.0,603.0,-743.0,-32.0,-1399.2016184688418,278.7886174847757,-3905.053340417709,629.1491548655202,-750.6477769351536,-18.062690634655617,98.61401891708368,141.69977235794056,-0.0,-0.056103216109234,,,,,,,,,,0.5,0.5,0.19377698966020937,0.15690745600826053,0.22206768660176168,0.7738236457097667,0.34069818824569165,0.1344808019670891,0.1646205357142857,0.5904059040590406
1767328467,772909912,1287_1767328467-772909912.png,0,0,0,0,0.0,0.0,39.12,113.16,-1328.0,296.0,-3955.0,598.0,-729.0,-10.0,-1387.605251041162,277.654024700469,-3898.807519896392,621.2156497451977,-747.1900629047018,-20.63663877807786,88.63740032911295,132.67124009132374,-0.0,-0.056103216109234,,,,,,,,,,0.5,0.5,0.19380888290713325,0.1569320409831531,0.22902178952248486,0.8098062475286675,0.32037118868758285,0.13353508606014755,0.1724330357142857,0.6715867158671587
1767328467,806237549,1288_1767328467-806237549.png,0,0,0,0,0.0,0.0,38.88,113.09,-1431.0,185.0,-3946.0,583.0,-761.0,-2.0,-1382.0945233079613,276.8819067141876,-3906.745070315802,617.3536497617858,-745.5259701975959,-18.832103451078392,89.06586956977839,165.48684334754932,-0.0,-0.056103216109234,,,,,,,,,,0.5,0.5,0.19365579532189856,0.1568890172770911,0.18127028280018542,0.7659153815737445,0.3216968625718074,0.1306979383393229,0.15457589285714285,0.7011070110701106
1767328467,872892334,1289_1767328467-872892334.png,0,0,0,0,0.0,0.0,38.01,113.16,-1393.0,190.0,-3914.0,585.0,-741.0,-2.0,-1388.650228296446,254.85583156241745,-3911.78798155564,609.1374313016365,-746.4337369087112,-14.663132898319668,98.1329488754272,121.05676102638232,-0.0,-0.0707235088930407,,,,,,,,,,0.5,0.5,0.19310085282542275,0.1569320409831531,0.19888734353268422,0.7678924476077501,0.3264103697157167,0.1310762247020995,0.16573660714285715,0.7011070110701106
1767328467,906219482,1290_1767328467-906219482.png,0,0,0,0,0.0,0.0,34.43,113.42,-1388.0,232.0,-3871.0,560.0,-652.0,-15.0,-1398.8170756701836,252.10211819444623,-3908.4937360580366,602.9497701864454,-733.0364911744869,-16.102817169697442,73.66838127374643,140.99507427215565,-0.0,-0.0707235088930407,,,,,,,,,,0.5,0.5,0.1908172963456718,0.157091843319955,0.20120537783959203,0.7844998022933966,0.33274414494034465,0.12634764516739172,0.2154017857142857,0.6531365313653136
1767328467,939547607,1291_1767328467-939547607.png,0,0,0,0,0.0,0.0,32.66,113.73,-1408.0,161.0,-3949.0,575.0,-674.0,-17.0,-1399.0454607904878,239.6748110725346,-3910.316271094112,596.203690724645,-719.5594520014539,-16.121464073675728,73.66838127374643,140.99507427215565,-0.0,-0.0707235088930407,,,,,,,,,,0.5,0.5,0.18968827540456584,0.1572823768753726,0.19193324061196104,0.756425464610518,0.3212549712770659,0.12918479288821638,0.203125,0.6457564575645756
1767328468,6203369,1292_1767328468-6203369.png,0,0,0,0,0.0,0.0,31.87,113.91,-1410.0,194.0,-3834.0,617.0,-695.0,-17.0,-1400.592615708707,232.09010412929183,-3902.3099127665,598.0929857786837,-715.3918352484679,-16.249942773067623,70.3407636880874,135.80168724060047,-0.0,-0.0707235088930407,,,,,,,,,,0.5,0.5,0.1891843621031683,0.15739300926238925,0.19100602688919788,0.7694741004349546,0.3381941375754898,0.13712880650652545,0.19140625,0.6457564575645756
1767328468,39530762,1293_1767328468-39530762.png,0,0,0,0,0.0,0.0,30.73,113.62,-1447.0,199.0,-3774.0,657.0,-810.0,-25.0,-1418.0646323166566,228.64972704133515,-3886.028277778402,605.9261040846316,-723.1403321263217,-17.498029788509726,81.6712359786033,146.65486884117115,-0.0,-0.0707235088930407,,,,,,,,,,0.5,0.5,0.18845719607330347,0.157214768194418,0.17385257301808066,0.7714511664689601,0.3470319634703196,0.14469453376205788,0.12723214285714285,0.6162361623616236
1767328468,72859375,1294_1767328468-72859375.png,0,0,0,0,0.0,0.0,30.26,113.67,-1439.0,295.0,-3895.0,666.0,-767.0,-27.0,-1422.5748653843968,229.40908436203415,-3874.0833746945896,615.3040786602754,-735.5158810988111,-18.91706339594109,79.61824619770044,131.0183949470519,-0.0,-0.0707235088930407,,,,,,,,,,0.5,0.5,0.18815739955221883,0.1572454994130337,0.17756142790913299,0.8094108343218663,0.3292090145824128,0.14639682239455268,0.15122767857142855,0.6088560885608856
1767328468,106187256,1295_1767328468-106187256.png,0,0,0,0,0.0,0.0,29.65,113.46,-1410.0,219.0,-3846.0,640.0,-749.0,-43.0,-1423.1996541187027,234.34359126238152,-3874.139315532928,621.1245436304488,-739.0170536518254,-21.079680178624905,57.65189194679255,119.99082994461048,-0.0,-0.0707235088930407,,,,,,,,,,0.5,0.5,0.1877683019397473,0.15711642829484757,0.19100602688919788,0.7793594306049823,0.33642657239652385,0.1414790996784566,0.1612723214285714,0.5498154981549815
1767328468,139516113,1296_1767328468-139516113.png,0,0,0,0,0.0,0.0,28.18,113.61,-1514.0,296.0,-3751.0,624.0,-755.0,-54.0,-1435.458547864396,242.17476401101052,-3853.956920046687,623.0035299636734,-742.1257941821843,-27.587753658785815,58.484023630619,168.05072355270374,-0.0,-0.0707235088930407,,,,,,,,,,0.5,0.5,0.18683064048018475,0.1572086219506948,0.14279091330551685,0.8098062475286675,0.35041979673000445,0.13845280877624364,0.15792410714285715,0.5092250922509225
1767328468,172843994,1297_1767328468-172843994.png,0,0,0,0,0.0,0.0,-1.22,113.42,-1551.0,355.0,-3763.0,608.0,-804.0,-41.0,-1449.1864171546652,255.5799105075496,-3843.150021861082,621.2209100084368,-749.4772770846954,-29.18130784438656,66.37661147117609,210.95591831207264,-0.0,-0.0707235088930407,,,,,,,,,,0.5,0.5,0.1680774112889337,0.157091843319955,0.12563745943439963,0.8331356267299328,0.3486522315510385,0.13542651787403065,0.13058035714285715,0.5571955719557196
1767328468,206170410,1298_1767328468-206170410.png,0,0,0,0,0.0,0.0,-62.3,113.41,-1529.0,297.0,-3886.0,640.0,-835.0,-18.0,-1461.4619274369109,263.22811063169854,-3846.042780686314,623.0894878040575,-761.1339941908234,-28.1769874764272,43.0165308117866,239.85212206840504,-0.0,-0.0483116221102805,,,,,,,,,,0.5,0.5,0.12911662084670195,0.15708569707623182,0.13583681038479367,0.8102016607354685,0.33053468846663725,0.1414790996784566,0.11328125,0.6420664206642066
1767328468,239495850,1299_1767328468-239495850.png,0,0,0,0,0.0,0.0,-128.41,113.21,-1520.0,271.0,-4086.0,639.0,-800.0,-20.0,-1470.2694982654907,265.0778258339648,-3875.648871438742,625.4436986416978,-767.7778259244702,-26.92631296918967,15.684245467185924,217.85000920295704,-0.0,-0.0622474114195243,,,,,,,,,,0.5,0.5,0.0869473697639262,0.15696277220176885,0.14000927213722758,0.7999209173586398,0.30107526881720437,0.1412899564970683,0.1328125,0.6346863468634686
1767328468,272822510,1300_1767328468-272822510.png,0,0,0,0,0.0,0.0,-262.49,113.18,-1532.0,111.0,-3905.0,636.0,-739.0,3.0,-1492.556112596221,243.40977401557035,-3883.1299581000735,630.2434877323126,-766.3467869387715,-23.0297596773543,3.849779576063105,213.98391342163077,-0.0,-0.0287102103282282,,,,,,,,,,0.5,0.5,0.001422438812805793,0.15694433347059944,0.13444598980064904,0.7366548042704626,0.32773604359994113,0.14072252695290335,0.16685267857142855,0.7195571955719556
1767328468,306148193,1301_1767328468-306148193.png,0,0,0,0,0.0,0.0,-264.72,113.35,-1383.0,92.0,-3946.0,677.0,-720.0,-28.0,-1489.1930555891672,222.88151956687545,-3888.840940985505,633.5979985968171,-761.1831357230147,-21.122942191811067,3.724901378154704,210.5982675552367,-0.0,-0.0287102103282282,,,,,,,,,,0.5,0.5,0.0,0.15704881961389294,0.20352341214649972,0.7291419533412415,0.3216968625718074,0.1484773973898241,0.17745535714285715,0.6051660516605165
1767328468,372801025,1302_1767328468-372801025.png,0,0,0,0,0.0,0.0,-225.82,113.27,-1414.0,46.0,-4159.0,674.0,-742.0,-40.0,-1473.6467560320857,196.0998585347003,-3917.9962646108,640.8270705646656,-756.0570912030881,-23.39745614558103,37.53741058707232,225.92007756233204,-0.0,-0.0287102103282282,,,,,,,,,,0.5,0.5,0.024812946106791356,0.15699964966410776,0.18915159944367177,0.7109529458283906,0.29032258064516137,0.14790996784565916,0.1651785714285714,0.5608856088560885
1767328468,406128174,1303_1767328468-406128174.png,0,0,0,0,0.0,0.0,-158.7,113.52,-1461.0,106.0,-4137.0,667.0,-734.0,-38.0,-1470.508133810235,181.27778310821043,-3950.627197171353,644.8466467996533,-753.0508495370614,-25.58781576025371,32.342724323272655,150.24498891830433,-0.0,-0.0287102103282282,,,,,,,,,,0.5,0.5,0.06762644077742981,0.15715330575718647,0.16736207695873895,0.7346777382364571,0.29356311680659897,0.146585965575941,0.16964285714285715,0.5682656826568265
1767328468,439454346,1304_1767328468-439454346.png,0,0,0,0,0.0,0.0,-20.09,113.59,-1484.0,282.0,-3804.0,607.0,-796.0,-15.0,-1472.625761688697,196.0498382694964,-3938.048213850144,637.7762426047758,-760.8876418411069,-23.254790012178898,77.99138784408564,182.30559945106492,-0.0,-0.0287102103282282,,,,,,,,,,0.5,0.5,0.15604089989985523,0.15719632946324852,0.15669911914696333,0.8042704626334519,0.3426130505229047,0.13523737469264233,0.13504464285714285,0.6531365313653136
1767328468,506108154,1305_1767328468-506108154.png,0,0,0,0,0.0,0.0,5.67,114.26,-1367.0,396.0,-3654.0,636.0,-892.0,-18.0,-1453.988021317482,245.2304461439448,-3862.42205096286,634.2968008434628,-789.3852880984558,-21.71119685079848,43.51695275306697,170.32931423187244,-0.0,-0.0287102103282282,,,,,,,,,,0.5,0.5,0.1724723007150466,0.15760812779269948,0.21094112192860448,0.8493475682087781,0.3647076152599794,0.14072252695290335,0.0814732142857143,0.6420664206642066
1767328468,539435791,1306_1767328468-539435791.png,0,0,0,0,0.0,0.0,7.74,114.21,-1463.0,328.0,-3766.0,630.0,-843.0,-9.0,-1454.803638963717,252.72139913820237,-3853.695496116028,633.9079243587588,-794.2376192751298,-20.5607861783466,59.717220187187145,157.76181626319874,-0.0,-0.0287102103282282,,,,,,,,,,0.5,0.5,0.17379268113769591,0.1575773965740837,0.1664348632359759,0.8224594701463028,0.34821034025629694,0.1395876678645735,0.1088169642857143,0.6752767527675276
1767328468,572762451,1307_1767328468-572762451.png,0,0,0,0,0.0,0.0,7.17,114.24,-1578.0,289.0,-3865.0,642.0,-801.0,-8.0,-1473.2489517109475,261.9655911971405,-3850.760264785178,634.8868530287328,-797.7779179785551,-18.118987908085845,56.90418130159373,152.63319611549366,-0.0,-0.0287102103282282,,,,,,,,,,0.5,0.5,0.1734290981227635,0.15759583530525317,0.1131200741770978,0.8070383550810597,0.33362792752982773,0.1418573860412332,0.1322544642857143,0.6789667896678966
1767328468,606090088,1308_1767328468-606090088.png,0,0,0,0,0.0,0.0,6.55,114.48,-1555.0,344.0,-4044.0,645.0,-771.0,-10.0,-1485.2043744129492,273.9624530585232,-3879.019996809012,636.365818123608,-793.8618663166704,-16.931652278940106,56.330377995967815,153.2560758590697,-0.0,-0.0287102103282282,,,,,,,,,,0.5,0.5,0.17303362186090718,0.15774334515460875,0.12378303198887342,0.8287860814551206,0.3072617469435852,0.14242481558539816,0.1489955357142857,0.6715867158671587
1767328468,672745117,1309_1767328468-672745117.png,0,0,0,0,0.0,0.0,-0.12,114.27,-1490.0,271.0,-3854.0,623.0,-768.0,-38.0,-1490.7984627844644,272.36927003040694,-3889.920567508032,634.043454458262,-787.815464602854,-19.2465261169013,40.40103715658183,135.64765095710743,-0.0,-0.0440790013153201,,,,,,,,,,0.5,0.5,0.16877906272125942,0.1576142740364226,0.15391747797867406,0.7999209173586398,0.33524819561054653,0.1382636655948553,0.15066964285714285,0.5682656826568265
1767328468,706072266,1310_1767328468-706072266.png,0,0,0,0,0.0,0.0,-12.19,111.23,-1471.0,300.0,-3844.0,633.0,-789.0,-23.0,-1488.4030211912425,275.57822526613086,-3882.524766086633,633.3230967122565,-786.8861055981625,-20.70523579310373,71.38446748256678,99.20725154876696,-0.0,-0.0775979647813324,,,,,,,,,,0.5,0.5,0.16108003291383083,0.15574581594458545,0.16272600834492346,0.8113879003558719,0.3367211665930182,0.1401550974087384,0.13895089285714285,0.6236162361623616
1767328468,739400391,1311_1767328468-739400391.png,0,0,0,0,0.0,0.0,-31.5,107.14,-1519.0,446.0,-3912.0,675.0,-824.0,-14.0,-1491.5610133229202,296.49646223806405,-3884.970143042585,638.2660079939959,-791.3537133248,-19.971505975392397,58.4131099581718,132.47665286064137,-0.0,-0.0273596977802594,,,,,,,,,,0.5,0.5,0.14876286095182206,0.15323200226181766,0.14047287899860916,0.8691182285488335,0.32670496391221093,0.14809911102704748,0.11941964285714285,0.6568265682656826
1767328468,772727783,1312_1767328468-772727783.png,0,0,0,0,0.0,0.0,-31.37,92.6,-1539.0,472.0,-3830.0,629.0,-804.0,-13.0,-1489.6992786025614,341.56211306487694,-3892.048100172021,643.8908683585764,-799.4901721717678,-16.216298165865176,71.16276484727854,118.86156487464892,-0.0,-0.0413745083571868,,,,,,,,,,0.5,0.5,0.1488457833938242,0.14429536388835962,0.13120074177097818,0.8793989719256623,0.3387833259684785,0.13939852468318517,0.13058035714285715,0.6605166051660516
1767328468,806056396,1313_1767328468-806056396.png,0,0,0,0,0.0,0.0,-31.23,85.88,-1529.0,389.0,-3825.0,600.0,-780.0,-12.0,-1497.6064121988352,359.0173151005405,-3881.01874007133,639.5402272368611,-798.7987149109613,-15.59918410210036,82.54791599512095,111.06073760986315,-0.0,-0.0413745083571868,,,,,,,,,,0.5,0.5,0.14893508448521112,0.14016508810640377,0.13583681038479367,0.8465796757611704,0.3395198114597143,0.13391337242292417,0.1439732142857143,0.6642066420664207
1767328468,839383789,1314_1767328468-839383789.png,0,0,0,0,0.0,0.0,-31.09,82.88,-1540.0,287.0,-4031.0,561.0,-673.0,-13.0,-1502.8715982871838,357.1510100501235,-3885.451081686266,631.3676933257208,-789.4921058784955,-15.134117426625458,71.08172065019602,84.26300954818713,-0.0,-0.0413745083571868,,,,,,,,,,0.5,0.5,0.14902438557659803,0.13832121498945918,0.1307371349095966,0.8062475286674575,0.30917660922079837,0.12653678834878004,0.2036830357142857,0.6605166051660516
1767328468,872712646,1315_1767328468-872712646.png,0,0,0,0,0.0,0.0,-31.19,82.22,-1520.0,303.0,-4192.0,547.0,-569.0,-8.0,-1508.245335367656,343.8114184111577,-3941.527672536724,613.5924159561301,-748.2457909146095,-13.9259114407724,72.78157073259348,82.79830360412585,-0.0,-0.0413745083571868,,,,,,,,,,0.5,0.5,0.14896059908275022,0.13791556290373136,0.14000927213722758,0.8125741399762751,0.28546177640300485,0.12388878380934368,0.26171875,0.6789667896678966
1767328468,906040283,1316_1767328468-906040283.png,0,0,0,0,0.0,0.0,-26.75,81.63,-1472.0,412.0,-3993.0,552.0,-570.0,-14.0,-1502.944751285064,353.7834411974845,-3949.0550797707383,604.5850284864374,-722.1788007067039,-13.93674628707084,72.78157073259348,82.79830360412585,-0.0,-0.0413745083571868,,,,,,,,,,0.5,0.5,0.1517927194095922,0.13755293452406558,0.16226240148354187,0.855674179517596,0.3147738989541906,0.12483449971628524,0.26116071428571425,0.6568265682656826
1767328468,939369385,1317_1767328468-939369385.png,0,0,0,0,0.0,0.0,1.24,87.65,-1266.0,328.0,-3893.0,584.0,-731.0,-58.0,-1468.2935178401112,350.012823637472,-3940.857482464292,601.5746363013984,-723.4688290121155,-20.38063703573729,115.56641286611551,113.6429588794707,-0.0,-0.0413745083571868,,,,,,,,,,0.5,0.5,0.1696465590375894,0.14125297324540106,0.25776541492814087,0.8224594701463028,0.32950360877890705,0.13088708152071118,0.1713169642857143,0.49446494464944646
1767328468,972697266,1318_1767328468-972697266.png,0,0,0,0,0.0,0.0,33.81,93.28,-1209.0,412.0,-4032.0,534.0,-789.0,-50.0,-1430.373959931731,359.0779415904217,-3954.186330791853,591.6923979958938,-733.052227215735,-24.712226805078416,101.4066668748855,64.21464991569506,-0.0,-0.0413745083571868,,,,,,,,,,0.5,0.5,0.19042182008381547,0.1447133084615337,0.2841910060268892,0.855674179517596,0.30902931212255125,0.12142992245129564,0.13895089285714285,0.5239852398523985
1767328469,6026611,1319_1767328469-6026611.png,0,0,0,0,0.0,0.0,36.03,98.05,-1100.0,628.0,-3943.0,615.0,-697.0,-67.0,-1382.0594682722167,398.4055948678588,-3952.55042133381,595.1009443076654,-727.7798836221858,-30.896468038097108,83.90125018358225,44.18119239807117,-0.0,-0.0413745083571868,,,,,,,,,,0.5,0.5,0.19183788024723647,0.1476450667174756,0.3347241539174779,0.941083432186635,0.3221387538665489,0.13675052014374883,0.19029017857142855,0.46125461254612543
1767328469,72684326,1320_1767328469-72684326.png,0,0,0,0,0.0,0.0,35.78,106.01,-1153.0,409.0,-3553.0,657.0,-683.0,-66.0,-1344.029991693051,402.2366220311098,-3867.2370494682928,610.5320866210657,-720.8302734667691,-36.74736682268308,37.72950091958041,40.70771002769458,-0.0,-0.0413745083571868,,,,,,,,,,0.5,0.5,0.19167841401261698,0.15253747672110188,0.3101529902642559,0.8544879398971925,0.3795846221829431,0.14469453376205788,0.19810267857142855,0.4649446494464944
1767328469,106012695,1321_1767328469-106012695.png,0,0,0,0,0.0,0.0,35.52,109.22,-1278.0,280.0,-3708.0,600.0,-731.0,-38.0,-1325.8685232233618,388.0785208062137,-3831.347766275958,611.7901479416605,-719.995618747749,-38.47593093533855,69.54291993379587,104.38100790977464,-0.0,-0.0413745083571868,,,,,,,,,,0.5,0.5,0.19151256912861273,0.15451042095623257,0.2522021325915623,0.8034796362198497,0.35675357195463253,0.13391337242292417,0.1713169642857143,0.5682656826568265
1767328469,139342285,1322_1767328469-139342285.png,0,0,0,0,0.0,0.0,35.3,109.71,-1257.0,185.0,-3601.0,645.0,-809.0,-45.0,-1314.524972912553,355.5077925908454,-3794.383358159471,616.3334977598533,-733.3042202420619,-39.41737499654401,61.01509624719615,119.70310449600208,-0.0,-0.0813871944411938,,,,,,,,,,0.5,0.5,0.19137223884214757,0.15481158689866686,0.2619378766805748,0.7659153815737445,0.37251436146707917,0.14242481558539816,0.12779017857142855,0.5424354243542435
1767328469,172670898,1323_1767328469-172670898.png,0,0,0,0,0.0,0.0,35.11,110.54,-1215.0,74.0,-3512.0,598.0,-851.0,-33.0,-1311.6360823215743,318.05208758983144,-3758.193238935172,619.8245868440658,-753.2189267422456,-37.59989754886477,83.82968711853022,110.68775486946092,-0.0,-0.0826768647843966,,,,,,,,,,0.5,0.5,0.1912510445038368,0.15532172512768821,0.2814093648585999,0.7220245156188216,0.3856238032110768,0.13353508606014755,0.10435267857142855,0.5867158671586715
1767328469,205998291,1324_1767328469-205998291.png,0,0,0,0,0.0,0.0,34.99,110.61,-1340.0,229.0,-3634.0,582.0,-816.0,-17.0,-1301.3946861904433,287.1861073212667,-3725.986950717248,616.134891712284,-766.4291740685132,-36.42917245776867,58.18166643381114,111.2670745849608,-0.0,-0.0362060279542217,,,,,,,,,,0.5,0.5,0.19117450071121941,0.15536474883375023,0.22345850718590632,0.7833135626729932,0.36765355722492266,0.13050879515793457,0.12388392857142855,0.6457564575645756
1767328469,239324951,1325_1767328469-239324951.png,0,0,0,0,0.0,0.0,34.82,110.46,-1456.0,340.0,-3810.0,562.0,-712.0,-5.0,-1315.175334319876,283.93317528750504,-3720.876172353735,609.0101265764001,-768.6222351898008,-32.33607533068356,67.1138019561767,108.59056878089892,-0.0,-0.0730369507993457,,,,,,,,,,0.5,0.5,0.19106606367167817,0.155272555177903,0.16968011126564664,0.8272044286279161,0.34172926793342173,0.12672593153016834,0.18191964285714285,0.6900369003690037
1767328469,272652588,1326_1767328469-272652588.png,0,0,0,0,0.0,0.0,34.59,110.13,-1445.0,394.0,-3840.0,575.0,-661.0,-8.0,-1338.516622968233,298.5096503959712,-3738.99335448473,602.0625482038345,-754.2212871485661,-27.88346090877833,67.1138019561767,108.59056878089892,-0.0,-0.1036012797800646,,,,,,,,,,0.5,0.5,0.19091935473582825,0.15506972913503908,0.1747797867408437,0.8485567417951759,0.3373103549860068,0.12918479288821638,0.2103794642857143,0.6789667896678966
1767328469,305979248,1327_1767328469-305979248.png,0,0,0,0,0.0,0.0,34.38,110.14,-1384.0,345.0,-3736.0,596.0,-732.0,-16.0,-1348.5682193593775,308.03965107408806,-3744.352363447268,600.0054499362664,-747.014200274925,-25.69969705360245,70.60532623529429,117.82271552085864,-0.0,-0.2399824436390786,,,,,,,,,,0.5,0.5,0.1907854030987479,0.15507587537876225,0.20305980528511813,0.8291814946619217,0.35262925320371197,0.13315679969737093,0.17075892857142855,0.6494464944649446
1767328469,339307129,1328_1767328469-339307129.png,0,0,0,0,0.0,0.0,34.26,110.07,-1392.0,343.0,-3685.0,591.0,-768.0,-21.0,-1355.6419235921558,314.18938347021776,-3736.8494551401454,598.7191751399915,-748.6967796446697,-24.617495945869518,70.60532623529429,117.82271552085864,-0.0,-0.151783788532472,,,,,,,,,,0.5,0.5,0.19070885930613052,0.1550328516727002,0.1993509503940658,0.8283906682483195,0.36014140521431737,0.13221108379042937,0.15066964285714285,0.6309963099630996
1767328469,372634277,1329_1767328469-372634277.png,0,0,0,0,0.0,0.0,34.22,110.42,-1380.0,321.0,-3787.0,606.0,-717.0,-16.0,-1360.1702981531969,315.9510139528835,-3742.805678784245,599.5788015139784,-744.5743619426524,-23.26112372277012,74.67169284820551,111.28899788856494,-0.0,-0.0710549405771096,,,,,,,,,,0.5,0.5,0.1906833447085914,0.1552479702030104,0.20491423273064435,0.8196915776986952,0.34511710119310657,0.13504823151125403,0.1791294642857143,0.6494464944649446
1767328469,405962402,1330_1767328469-405962402.png,0,0,0,0,0.0,0.0,34.14,110.71,-1487.0,411.0,-3886.0,570.0,-676.0,-5.0,-1378.7181055328167,329.8511513746332,-3763.746678006757,595.253143525253,-734.54592193237,-20.590583617310685,69.99333864450449,112.75871896743762,-0.0,-0.07178498778032,,,,,,,,,,0.5,0.5,0.19063231551351317,0.15542621127098172,0.1553082985628187,0.8552787663107948,0.33053468846663725,0.12823907698127485,0.20200892857142855,0.6900369003690037
1767328469,439289551,1331_1767328469-439289551.png,0,0,0,0,0.0,0.0,34.13,110.54,-1516.0,352.0,-3883.0,566.0,-634.0,-7.0,-1398.794460662645,333.0902394746737,-3781.186501750743,590.9751103559395,-719.841902561099,-18.603071832295377,70.40752124786371,112.359227657318,-0.0,-0.0619111077744617,,,,,,,,,,0.5,0.5,0.1906259368641284,0.15532172512768821,0.1418636995827538,0.8319493871095295,0.33097657976137873,0.12748250425572158,0.22544642857142855,0.6826568265682657
1767328469,472617920,1332_1767328469-472617920.png,0,0,0,0,0.0,0.0,33.73,113.47,-1461.0,252.0,-3605.0,576.0,-717.0,-28.0,-1416.774701813453,313.00752940880346,-3757.7336721104953,588.0015919006821,-713.2373067569379,-19.78256659131092,102.4510200619697,74.77322816848742,-0.0,-0.0733764283579662,,,,,,,,,,0.5,0.5,0.19037079088873723,0.15712257453857073,0.16736207695873895,0.7924080664294187,0.37192517307409045,0.1293739360696047,0.1791294642857143,0.6051660516605165
1767328469,505945313,1333_1767328469-505945313.png,0,0,0,0,0.0,0.0,33.46,95.77,-1475.0,248.0,-3791.0,603.0,-678.0,-38.0,-1425.6846164080732,302.10240515651657,-3748.172462320052,588.3711190631569,-710.3579170348478,-22.10771214985854,109.28613698482508,81.77321004867541,-0.0,-0.0727390009051506,,,,,,,,,,0.5,0.5,0.19019856735534818,0.1462437231485977,0.16087158089939724,0.7908264136022143,0.34452791280011785,0.1344808019670891,0.20089285714285715,0.5682656826568265
1767328469,572601563,1334_1767328469-572601563.png,0,0,0,0,0.0,0.0,33.19,78.38,-1475.0,223.0,-3852.0,610.0,-688.0,-29.0,-1435.4768783516076,287.7035671700811,-3765.597222827172,592.2995815976997,-705.395216483372,-23.947172628909595,158.6080248355865,23.49347472190845,-0.0,-0.0623627439677553,,,,,,,,,,0.5,0.5,0.19002634382195915,0.1355554053140423,0.16087158089939724,0.7809410834321866,0.3355427898070409,0.13580480423680727,0.1953125,0.6014760147601476
1767328469,605930176,1335_1767328469-605930176.png,0,0,0,0,0.0,0.0,32.89,50.13,-1341.0,172.0,-3719.0,622.0,-716.0,-29.0,-1421.6604070047772,270.7828660586191,-3758.782759804404,596.6430250624285,-706.9460794051078,-24.68610733771037,284.882157087326,-77.72412538528454,-0.0,-0.0663419668638921,,,,,,,,,,0.5,0.5,0.18983498434041576,0.11819226679614753,0.22299490032452474,0.7607750098853302,0.35513330387391373,0.13807452241346702,0.1796875,0.6014760147601476
1767328469,639258057,1336_1767328469-639258057.png,0,0,0,0,0.0,0.0,32.21,4.21,-1289.0,238.0,-3717.0,615.0,-700.0,-7.0,-1395.4676294579797,257.73628855381094,-3735.744231106196,599.94795640349,-709.6497650560451,-22.196153682691584,299.5255706906318,-90.89501571655283,-0.0,-0.0663419668638921,,,,,,,,,,0.5,0.5,0.1894012361822508,0.08996871561944916,0.24710245711636525,0.7868722815342032,0.3554278980704081,0.13675052014374883,0.1886160714285714,0.6826568265682657
1767328469,672587158,1337_1767328469-672587158.png,0,0,0,0,0.0,0.0,31.93,-41.59,-1321.0,267.0,-3757.0,586.0,-613.0,-2.0,-1380.870291339885,257.77111943805573,-3737.2574529818585,599.1036105743829,-697.6453629927903,-18.97594033093192,317.6553134322166,-156.8178164958955,-0.0,-0.0663419668638921,,,,,,,,,,0.5,0.5,0.18922263399947697,0.06181891936742858,0.23226703755215572,0.7983392645314353,0.3495360141405215,0.1312653678834878,0.23716517857142855,0.7011070110701106
1767328469,705915283,1338_1767328469-705915283.png,0,0,0,0,0.0,0.0,31.72,-41.24,-1355.0,244.0,-3771.0,570.0,-640.0,-8.0,-1375.4959376586394,256.0024604917782,-3742.716676975536,594.499220864495,-686.9657746812561,-16.919668246391854,307.47764289379114,-181.14881467819225,-0.0,-0.0663419668638921,,,,,,,,,,0.5,0.5,0.1890886823623966,0.062034037897738786,0.21650440426518303,0.7892447607750099,0.3474738547650612,0.12823907698127485,0.2220982142857143,0.6789667896678966
1767328469,739244385,1339_1767328469-739244385.png,0,0,0,0,0.0,0.0,31.55,-41.57,-1422.0,242.0,-3650.0,587.0,-685.0,-21.0,-1382.2967767217106,253.9547150799349,-3729.1576206947134,593.4025211004295,-686.678296199412,-17.516383418854268,307.8729931116104,-185.36682963371288,-0.0,-0.0663419668638921,,,,,,,,,,0.5,0.5,0.18898024532285534,0.061831211854874876,0.18544274455261933,0.7884539343614076,0.3652968036529681,0.13145451106487613,0.19698660714285715,0.6309963099630996
1767328469,805902100,1340_1767328469-805902100.png,0,0,0,0,0.0,0.0,31.2,-51.75,-1550.0,79.0,-4336.0,622.0,-481.0,-37.0,-1447.9685761761536,243.26235329198371,-3851.5943549768,600.1050610814419,-655.6666596251148,-22.15634807136481,308.02053511142725,-187.1176848411561,-0.0,-0.0663419668638921,,,,,,,,,,0.5,0.5,0.18875699259438808,0.05557433574470961,0.1261010662957811,0.7240015816528272,0.2642509942554132,0.13807452241346702,0.31082589285714285,0.5719557195571956
1767328469,839230469,1341_1767328469-839230469.png,0,0,0,0,0.0,0.0,31.2,-51.75,-1550.0,79.0,-4336.0,622.0,-481.0,-37.0,-1454.2215296556944,233.19560311756757,-3881.280953967973,601.446883329571,-644.9622858534793,-23.06603512166506,313.0364435911178,-160.38859248161327,-0.0,-0.0663419668638921,,,,,,,,,,0.5,0.5,0.18875699259438808,0.05557433574470961,0.1261010662957811,0.7240015816528272,0.2642509942554132,0.13807452241346702,0.31082589285714285,0.5719557195571956
1767328469,872560303,1342_1767328469-872560303.png,0,0,0,0,0.0,0.0,31.13,-56.22,-1321.0,56.0,-4035.0,629.0,-640.0,-32.0,-1434.7389696962234,207.28219429232163,-3903.761108181572,605.4763014648327,-644.2365921016788,-24.37255447231213,315.9514371156692,-128.13067221641552,-0.0,-0.0663419668638921,,,,,,,,,,0.5,0.5,0.18871234204869464,0.05282696480046219,0.23226703755215572,0.7149070778964017,0.30858742082780977,0.13939852468318517,0.2220982142857143,0.5904059040590406
1767328469,905888916,1343_1767328469-905888916.png,0,0,0,0,0.0,0.0,31.01,-53.63,-1225.0,221.0,-3854.0,598.0,-703.0,-27.0,-1404.066359469445,209.28831126833097,-3896.483952782571,604.382953475659,-652.8302602629792,-24.756796907943365,315.9514371156692,-128.13067221641552,-0.0,-0.0663419668638921,,,,,,,,,,0.5,0.5,0.18863579825607726,0.05441884192475767,0.2767732962447844,0.7801502570185844,0.33524819561054653,0.13353508606014755,0.1869419642857143,0.6088560885608856
1767328469,972547607,1344_1767328469-972547607.png,0,0,0,0,0.0,0.0,30.86,-54.3,-1364.0,133.0,-3756.0,615.0,-732.0,-38.0,-1384.090063958234,201.5917164141406,-3861.8951213892783,606.0126512017332,-678.2883028146198,-25.849886202220667,311.0202094316482,-151.8304798603059,-0.0,-0.0651529581985047,,,,,,,,,,0.5,0.5,0.18854011851530558,0.05400704359530672,0.21233194251274912,0.745353894820087,0.3496833112387686,0.13675052014374883,0.17075892857142855,0.5682656826568265
1767328470,5877686,1345_1767328470-5877686.png,0,0,0,0,0.0,0.0,30.67,-56.14,-1257.0,169.0,-3728.0,588.0,-780.0,-53.0,-1365.504180747626,196.8254442443072,-3842.3140541436974,603.3784481718342,-693.1628072893477,-29.82036846089728,324.8049961328506,-167.80855607986462,-0.0,-0.0655180960609031,,,,,,,,,,0.5,0.5,0.18841892417699477,0.05287613475024737,0.2619378766805748,0.7595887702649269,0.3538076299896893,0.13164365424626442,0.1439732142857143,0.5129151291512914
1767328470,39206787,1346_1767328470-39206787.png,0,0,0,0,0.0,0.0,30.6,-56.69,-1468.0,429.0,-3790.0,613.0,-822.0,-53.0,-1380.4933566664158,230.77907557750265,-3834.663551261681,604.7855214945912,-712.0041938015909,-33.21020013800046,306.3656229972839,-179.73383021354687,-0.0,-0.0851516773703994,,,,,,,,,,0.5,0.5,0.18837427363130133,0.0525380913454742,0.1641168289290681,0.8623962040332147,0.3446752098983651,0.1363722337809722,0.1205357142857143,0.5129151291512914
1767328470,72537109,1347_1767328470-72537109.png,0,0,0,0,0.0,0.0,30.57,-57.05,-1565.0,342.0,-3374.0,726.0,-1038.0,-48.0,-1404.3086211547247,266.9436218337629,-3751.917556680821,630.9471397036865,-785.6655948987693,-39.30900446567867,309.9089688062667,-169.06950426101696,-0.0,-0.0851516773703994,,,,,,,,,,0.5,0.5,0.188355137683147,0.05231682657144085,0.11914696337505792,0.8279952550415184,0.4059508027691855,0.15774541327785133,0.0,0.5313653136531364
1767328470,105866455,1348_1767328470-105866455.png,0,0,0,0,0.0,0.0,30.54,-54.37,-1303.0,147.0,-3511.0,659.0,-868.0,-17.0,-1404.096445940915,260.2717772409748,-3709.049212960576,638.784094084253,-807.1818060821358,-37.77437604031907,309.9089688062667,-169.06950426101696,-0.0,-0.0851516773703994,,,,,,,,,,0.5,0.5,0.18833600173499265,0.05396401988924467,0.24061196105702365,0.7508896797153025,0.38577110030932393,0.1450728201248345,0.0948660714285714,0.6457564575645756
1767328470,139197021,1349_1767328470-139197021.png,0,0,0,0,0.0,0.0,30.69,-55.51,-1515.0,199.0,-3721.0,629.0,-771.0,15.0,-1411.8137436840873,246.8748373320377,-3699.773843490292,638.7133356368682,-806.1672982504816,-30.38219268716592,308.15976488590235,-172.35556387901318,-0.0,-0.0851516773703994,,,,,,,,,,0.5,0.5,0.18843168147576433,0.053263348104805736,0.14232730644413538,0.7714511664689601,0.3548387096774194,0.13939852468318517,0.1489955357142857,0.7638376383763837
1767328470,172526367,1350_1767328470-172526367.png,0,0,0,0,0.0,0.0,30.8,-53.28,-1450.0,128.0,-3775.0,642.0,-641.0,-8.0,-1420.1403153410315,228.21810446379305,-3711.3391328237226,638.9358544646176,-781.0783703296582,-25.902961794541817,314.6577171683311,-149.1678731441499,-0.0,-0.0851516773703994,,,,,,,,,,0.5,0.5,0.1885018466189969,0.05463396045506787,0.17246175243393602,0.7433768287860815,0.3468846663720725,0.1418573860412332,0.22154017857142855,0.6789667896678966
1767328470,239183105,1351_1767328470-239183105.png,0,0,0,0,0.0,0.0,30.82,-53.19,-1397.0,44.0,-3877.0,586.0,-564.0,-58.0,-1422.5495852590832,191.565710798794,-3732.0062267448,628.5672254964985,-736.682355410118,-29.48580202286853,317.29516029357904,-159.16131734848034,-0.0,-0.0851516773703994,,,,,,,,,,0.5,0.5,0.18851460391776648,0.05468927664857621,0.197032916087158,0.7101621194147885,0.3318603623508617,0.1312653678834878,0.26450892857142855,0.49446494464944646
1767328470,272512207,1352_1767328470-272512207.png,0,0,0,0,0.0,0.0,30.9,-50.18,-1296.0,162.0,-3767.0,579.0,-623.0,-45.0,-1406.1340443108836,180.08389481001348,-3743.9940763789104,620.379211835438,-713.8499793076547,-32.86895287721383,317.6280389428138,-159.07448387146007,-0.0,-0.0851516773703994,,,,,,,,,,0.5,0.5,0.1885656331128447,0.05653929600924394,0.2438572090866944,0.7568208778173191,0.3480630431580498,0.12994136561376962,0.2315848214285714,0.5424354243542435
1767328470,305840332,1353_1767328470-305840332.png,0,0,0,0,0.0,0.0,30.91,-48.81,-1316.0,434.0,-3654.0,632.0,-736.0,-22.0,-1390.0258978251309,216.73647599594216,-3731.4445536904464,620.979017016084,-714.6749279187617,-31.60183627658588,317.714148402214,-169.4665596485139,-0.0,-0.0851516773703994,,,,,,,,,,0.5,0.5,0.18857201176222949,0.0573813313993153,0.23458507185906352,0.8643732700672202,0.3647076152599794,0.13996595422735011,0.1685267857142857,0.6273062730627306
1767328470,339169434,1354_1767328470-339169434.png,0,0,0,0,0.0,0.0,30.76,-46.0,-1213.0,288.0,-3666.0,700.0,-637.0,-69.0,-1352.7734764905915,232.1691662621815,-3715.1755102935663,635.6269774350194,-722.3631965086126,-33.389093719842364,313.44374263286585,-168.17695355415356,-0.0,-0.0851516773703994,,,,,,,,,,0.5,0.5,0.1884763320214578,0.05910842588552005,0.28233657858136296,0.8066429418742586,0.3629400500810135,0.15282769056175524,0.2237723214285714,0.4538745387453874
1767328470,372497803,1355_1767328470-372497803.png,0,0,0,0,0.0,0.0,30.8,-45.24,-1108.0,324.0,-3762.0,700.0,-538.0,-37.0,-1315.516598714301,246.51329645139975,-3714.099379819929,648.4091450496812,-696.4532662551511,-37.56402002166152,313.44374263286585,-168.17695355415356,-0.0,-0.0851516773703994,,,,,,,,,,0.5,0.5,0.1885018466189969,0.059575540408479344,0.33101529902642557,0.8208778173190985,0.34879952864928565,0.15282769056175524,0.27901785714285715,0.5719557195571956
1767328470,405827148,1356_1767328470-405827148.png,0,0,0,0,0.0,0.0,30.9,-47.32,-1105.0,437.0,-3745.0,656.0,-584.0,-6.0,-1284.8974809043602,268.0720145837672,-3719.565890717517,651.9717220314656,-677.4439424041669,-34.675921207834826,311.81077998876566,-156.43637967109692,-0.0,-0.0724931494577769,,,,,,,,,,0.5,0.5,0.1885656331128447,0.05829712171406444,0.3324061196105702,0.8655595096876236,0.3513035793194874,0.14450539058066958,0.25334821428571425,0.6863468634686346
1767328470,439155762,1357_1767328470-439155762.png,0,0,0,0,0.0,0.0,31.0,-44.61,-1247.0,203.0,-3979.0,630.0,-619.0,7.0,-1271.4404735760086,271.5984800854745,-3744.463293141682,650.2077278964028,-666.9461598956889,-29.305753651661774,316.9894262552261,-160.40521407127392,-0.0,-0.0758781142504384,,,,,,,,,,0.5,0.5,0.1886294196066925,0.05996275376303771,0.26657394529439027,0.7730328192961645,0.3168360583296509,0.1395876678645735,0.23381696428571425,0.7343173431734317
1767328470,472485596,1358_1767328470-472485596.png,0,0,0,0,0.0,0.0,30.88,-43.95,-1425.0,328.0,-3789.0,562.0,-629.0,-7.0,-1288.365535656308,274.5952002399668,-3762.420571981973,638.636189391422,-659.8484047612535,-24.694906576065705,316.9894262552261,-160.40521407127392,-0.0,-0.0651179763446272,,,,,,,,,,0.5,0.5,0.18855287581407515,0.060368405848765516,0.1840519239684747,0.8224594701463028,0.3448225069966122,0.12672593153016834,0.22823660714285715,0.6826568265682657
1767328470,505814209,1359_1767328470-505814209.png,0,0,0,0,0.0,0.0,30.79,-43.78,-1380.0,275.0,-3775.0,586.0,-658.0,-10.0,-1305.3973470070614,276.0736153988754,-3764.966550835102,628.9019931628391,-658.7583035862978,-22.07565975954744,319.1200833916664,-166.75652408599865,-0.0,-0.0708902335361559,,,,,,,,,,0.5,0.5,0.18849546796961214,0.06047289199205904,0.20491423273064435,0.8015025701858443,0.3468846663720725,0.1312653678834878,0.2120535714285714,0.6715867158671587
1767328470,572473145,1360_1767328470-572473145.png,0,0,0,0,0.0,0.0,30.85,-48.78,-1255.0,195.0,-3651.0,601.0,-730.0,-27.0,-1306.5026247287358,270.0564238071503,-3742.8190329812983,621.867576857801,-676.2776206756928,-20.915190898425426,311.2254174947738,-169.82507014274609,-0.0,-0.0708902335361559,,,,,,,,,,0.5,0.5,0.1885337398659208,0.05739977013048474,0.26286509040333794,0.7698695136417556,0.3651495065547209,0.13410251560431247,0.171875,0.6088560885608856
1767328470,605803223,1361_1767328470-605803223.png,0,0,0,0,0.0,0.0,30.79,-50.59,-1278.0,230.0,-3628.0,594.0,-761.0,-24.0,-1300.3348275022408,261.24390126633887,-3724.218479086892,617.4296211103242,-689.2449501561412,-21.61030636478828,311.2254174947738,-169.82507014274609,-0.0,-0.0708902335361559,,,,,,,,,,0.5,0.5,0.18849546796961214,0.05628730001659484,0.2522021325915623,0.7837089758797944,0.36853733981440573,0.13277851333459428,0.15457589285714285,0.6199261992619925
1767328470,639132568,1362_1767328470-639132568.png,0,0,0,0,0.0,0.0,30.78,-51.71,-1324.0,170.0,-3799.0,590.0,-840.0,-9.0,-1303.2021242485685,247.0699291112721,-3732.597688206387,612.7956280524817,-713.1985130333129,-19.829657506747875,319.6372596621513,-131.0676784515382,-0.0,-0.0708902335361559,,,,,,,,,,0.5,0.5,0.18848908932022734,0.0555989207196022,0.23087621696801108,0.7599841834717279,0.34334953601414053,0.13202194060904104,0.1104910714285714,0.6752767527675276
1767328470,739122803,1363_1767328470-739122803.png,0,0,0,0,0.0,0.0,30.59,-52.01,-1420.0,129.0,-4140.0,654.0,-603.0,-30.0,-1335.788704461789,218.47004513489895,-3827.770442945,613.7950640759211,-711.3538635345755,-16.212666170717014,311.80974096059794,-153.70083856582653,-0.0,-0.0708902335361559,,,,,,,,,,0.5,0.5,0.18836789498191653,0.055414533407907744,0.18636995827538239,0.7437722419928825,0.2931212255118575,0.14412710421789296,0.2427455357142857,0.5977859778597785
1767328470,772452393,1364_1767328470-772452393.png,0,0,0,0,0.0,0.0,30.84,-57.28,-1501.0,201.0,-3887.0,698.0,-676.0,-12.0,-1366.748673329728,217.0095203843139,-3883.913783755093,626.0800318897947,-696.3176743669918,-18.460133586459573,311.9862458705901,-150.399303674698,-0.0,-0.0708902335361559,,,,,,,,,,0.5,0.5,0.18852736121653602,0.05217546296580843,0.14881780250347698,0.7722419928825622,0.3303873913683901,0.15244940419897862,0.20200892857142855,0.6642066420664207
1767328470,805783203,1365_1767328470-805783203.png,0,0,0,0,0.0,0.0,30.84,-57.35,-1611.0,148.0,-3618.0,638.0,-692.0,7.0,-1389.805772898758,213.01854221818803,-3875.992027503548,634.7301357080181,-693.8444082041985,-16.923983990035175,322.1820994019508,-173.5662174224855,-0.0,-0.0708902335361559,,,,,,,,,,0.5,0.5,0.18852736121653602,0.052132439259746394,0.09782104775150668,0.7512850929221035,0.3700103107968773,0.14110081331567997,0.19308035714285715,0.7343173431734317
1767328470,839113037,1366_1767328470-839113037.png,0,0,0,0,0.0,0.0,30.77,-57.72,-1559.0,77.0,-3558.0,605.0,-650.0,-4.0,-1436.9865205649778,186.5315985861351,-3803.318126512652,630.7140344499938,-687.2454289543518,-12.607158602939208,285.21100950241083,-202.0685181617738,-0.0,-0.0708902335361559,,,,,,,,,,0.5,0.5,0.18848271067084257,0.05190502824198989,0.1219286045433472,0.723210755239225,0.37884813669170725,0.1348590883298657,0.21651785714285715,0.6937269372693726
1767328470,872444092,1367_1767328470-872444092.png,0,0,0,0,0.0,0.0,30.77,-56.36,-1390.0,258.0,-3619.0,544.0,-695.0,-15.0,-1430.1151259295914,196.98326821755077,-3776.3631068496834,618.0328155819486,-688.3794715955622,-12.957092101768003,285.21100950241083,-202.0685181617738,-0.0,-0.0708902335361559,,,,,,,,,,0.5,0.5,0.18848271067084257,0.0527409173883381,0.20027816411682886,0.7947805456702254,0.36986301369863017,0.12332135426517873,0.19140625,0.6531365313653136
1767328470,939105469,1368_1767328470-939105469.png,0,0,0,0,0.0,0.0,30.85,-54.8,-1458.0,429.0,-3688.0,619.0,-831.0,-21.0,-1433.7999849587916,246.07279346253657,-3747.2608426842894,609.8960552358311,-716.2294352423975,-14.175959163128566,314.2230137586593,-157.74876880645763,-0.0,-0.0733500717183303,,,,,,,,,,0.5,0.5,0.1885337398659208,0.053699731409149284,0.16875289754288358,0.8623962040332147,0.3596995139195758,0.13750709286930207,0.11551339285714285,0.6309963099630996
1767328470,972435791,1369_1767328470-972435791.png,0,0,0,0,0.0,0.0,30.95,-52.46,-1405.0,390.0,-3722.0,616.0,-767.0,-21.0,-1430.2313306525275,271.9822067068137,-3741.9918118030537,611.0306418689331,-726.7042086787524,-15.35526620026154,312.0958633422851,-161.5159947872163,-0.0,-0.0463938563254812,,,,,,,,,,0.5,0.5,0.1885975263597686,0.05513795244036605,0.19332406119610568,0.8469750889679715,0.35469141257917225,0.13693966332513713,0.15122767857142855,0.6309963099630996
1767328471,5767090,1370_1767328471-5767090.png,0,0,0,0,0.0,0.0,30.98,-53.82,-1423.0,324.0,-3726.0,593.0,-763.0,-21.0,-1429.1738076426304,279.5893838606346,-3739.6531400199055,608.3938078509848,-732.0121715322057,-16.18076238689804,309.0317692756652,-163.87640380859386,-0.0,-0.0668257780597964,,,,,,,,,,0.5,0.5,0.18861666230792293,0.05430206329401785,0.18497913769123775,0.8208778173190985,0.35410222418618353,0.132589370153206,0.1534598214285714,0.6309963099630996
1767328471,39097656,1371_1767328471-39097656.png,0,0,0,0,0.0,0.0,30.76,-46.25,-1181.0,196.0,-3718.0,564.0,-762.0,-36.0,-1394.3097561197549,258.32403629280617,-3730.274265058257,599.8533527995949,-731.3772620176006,-19.155194130272896,317.61855781078333,-160.78507471084606,-0.0,-0.0975888753544262,,,,,,,,,,0.5,0.5,0.1884763320214578,0.05895476979244134,0.2971719981455725,0.7702649268485567,0.35528060097216085,0.12710421789294496,0.15401785714285715,0.5756457564575646
1767328471,105760010,1372_1767328471-105760010.png,0,0,0,0,0.0,0.0,30.7,-50.36,-1164.0,274.0,-3777.0,590.0,-747.0,-29.0,-1344.1467552426675,255.80084582552908,-3736.1591103890023,595.6420530234534,-736.0281265355463,-21.896485968200665,314.7017459869384,-157.2226095199586,-0.0,-0.0679302013104144,,,,,,,,,,0.5,0.5,0.1884380601251491,0.05642866362222726,0.30505331478905884,0.8011071569790431,0.34659007217557813,0.13202194060904104,0.16238839285714285,0.6014760147601476
1767328471,139092041,1373_1767328471-139092041.png,0,0,0,0,0.0,0.0,30.77,-50.36,-1320.0,477.0,-3982.0,554.0,-634.0,-7.0,-1340.6154896277344,288.1494143739175,-3772.111331360452,589.5522430883653,-721.1073468543749,-19.717996636851947,309.71986567974085,-200.19715642929089,-0.0,-0.0661812597163,,,,,,,,,,0.5,0.5,0.18848271067084257,0.05642866362222726,0.2327306444135373,0.8813760379596678,0.3163941670349094,0.12521278607906186,0.22544642857142855,0.6826568265682657
1767328471,172422852,1374_1767328471-172422852.png,0,0,0,0,0.0,0.0,30.84,-49.39,-1465.0,394.0,-3953.0,550.0,-623.0,11.0,-1358.8057077375256,303.6291974580409,-3798.564820836717,583.7680507773165,-706.759949159011,-15.22574067147605,309.71986567974085,-200.19715642929089,-0.0,-0.0549488040104276,,,,,,,,,,0.5,0.5,0.18852736121653602,0.05702484926337267,0.16550764951321273,0.8485567417951759,0.3206657828840772,0.12445621335350862,0.2315848214285714,0.7490774907749077
1767328471,205752197,1375_1767328471-205752197.png,0,0,0,0,0.0,0.0,30.76,-52.32,-1306.0,93.0,-3706.0,569.0,-614.0,-4.0,-1382.6402573642265,296.94935364675365,-3794.0500010156256,580.9729263668877,-692.8713807406881,-11.349358725824672,311.25425052642817,-162.28445672988903,-0.0,-0.1006479617608607,,,,,,,,,,0.5,0.5,0.1884763320214578,0.05522399985249014,0.2392211404728789,0.7295373665480427,0.3570481661511269,0.12804993379988652,0.23660714285714285,0.6937269372693726
1767328471,239080811,1376_1767328471-239080811.png,0,0,0,0,0.0,0.0,30.75,-55.06,-1258.0,112.0,-3743.0,574.0,-641.0,-14.0,-1368.4905859806838,268.28783456910577,-3783.44093760545,579.5284066601095,-682.9917696821399,-10.887420926118487,315.4851732254028,-162.4854919910432,-0.0,-0.064570542032878,,,,,,,,,,0.5,0.5,0.188469953372073,0.05353992907234742,0.2614742698191933,0.7370502174772637,0.35159817351598177,0.12899564970682809,0.22154017857142855,0.6568265682656826
1767328471,272410645,1377_1767328471-272410645.png,0,0,0,0,0.0,0.0,30.79,-57.33,-1198.0,127.0,-3803.0,577.0,-640.0,-9.0,-1343.9657631128805,242.63626968044488,-3781.882298761155,578.844517798537,-675.6443941599092,-10.972807403252782,314.5312154889106,-128.56412315368664,-0.0,-0.068835233832391,,,,,,,,,,0.5,0.5,0.18849546796961214,0.05214473174719269,0.28929068150208614,0.7429814155792803,0.34276034762115193,0.129563079250993,0.2220982142857143,0.6752767527675276
1767328471,305739258,1378_1767328471-305739258.png,0,0,0,0,0.0,0.0,30.79,-55.97,-1413.0,191.0,-3801.0,596.0,-749.0,-16.0,-1342.077764176998,231.51764871837335,-3784.789582531669,580.2943429321451,-680.2965989134732,-11.317826522832696,314.5312154889106,-128.56412315368664,-0.0,-0.0782352781275354,,,,,,,,,,0.5,0.5,0.18849546796961214,0.0529806208935409,0.18961520630505324,0.7682878608145511,0.3430549418176462,0.13315679969737093,0.1612723214285714,0.6494464944649446
1767328471,339069336,1379_1767328471-339069336.png,0,0,0,0,0.0,0.0,30.86,-55.75,-1459.0,263.0,-3732.0,600.0,-790.0,-17.0,-1359.7997136697943,233.07009201915457,-3779.392888056371,583.483793519503,-697.0410302438034,-12.24579685158337,312.87929058074945,-176.04741954803478,-0.0,-0.0657535686198553,,,,,,,,,,0.5,0.5,0.18854011851530558,0.053115838255450167,0.168289290681502,0.7967576117042309,0.35321844159670057,0.13391337242292417,0.13839285714285715,0.6457564575645756
1767328471,372398193,1380_1767328471-372398193.png,0,0,0,0,0.0,0.0,30.87,-55.66,-1396.0,213.0,-3922.0,636.0,-669.0,-29.0,-1367.7299274923214,230.9303833929698,-3798.988560966151,591.6027727517809,-695.410615417349,-14.822303658090531,312.3174360990524,-176.53302788734447,-0.0,-0.0696506600197048,,,,,,,,,,0.5,0.5,0.18854649716469035,0.05317115444895851,0.1974965229485396,0.7769869513641756,0.32523199292973937,0.14072252695290335,0.20591517857142855,0.6014760147601476
1767328471,439057617,1381_1767328471-439057617.png,0,0,0,0,0.0,0.0,30.72,-60.56,-1468.0,362.0,-3773.0,585.0,-707.0,-10.0,-1387.777237929823,247.89565215564264,-3807.556113008828,592.6254502819572,-693.8680256571993,-13.315649716515413,307.69454002380365,-165.59387254714977,-0.0,-0.0696506600197048,,,,,,,,,,0.5,0.5,0.18845081742391867,0.05015949502461569,0.1641168289290681,0.8359035191775406,0.34717926056856685,0.1310762247020995,0.1847098214285714,0.6715867158671587
1767328471,472387695,1382_1767328471-472387695.png,0,0,0,0,0.0,0.0,30.64,-57.95,-1433.0,394.0,-3597.0,571.0,-753.0,-8.0,-1400.589373378233,278.0788674476748,-3774.093910302353,588.8736993671165,-703.5302789217867,-12.282084785825818,312.296136021614,-159.19026184082043,-0.0,-0.0696506600197048,,,,,,,,,,0.5,0.5,0.18839978822884043,0.051763664636357475,0.18034306907742226,0.8485567417951759,0.3731035498600678,0.12842822016266314,0.15904017857142855,0.6789667896678966
1767328471,505717285,1383_1767328471-505717285.png,0,0,0,0,0.0,0.0,30.65,-54.37,-1196.0,165.0,-3651.0,593.0,-690.0,-30.0,-1370.6698495278952,261.54200722026167,-3756.09243190536,589.4771371124924,-701.5515862056518,-14.873185086273509,312.19106429815287,-156.10122537612926,-0.0,-0.0696506600197048,,,,,,,,,,0.5,0.5,0.18840616687822523,0.05396401988924467,0.2902178952248493,0.7580071174377224,0.3651495065547209,0.132589370153206,0.19419642857142855,0.5977859778597785
1767328471,539047607,1384_1767328471-539047607.png,0,0,0,0,0.0,0.0,30.68,-55.96,-1194.0,1.0,-3834.0,668.0,-622.0,-48.0,-1344.8333278684188,223.4398679433112,-3767.485777039763,600.9604640818566,-689.9178168582482,-19.71771103857993,310.7175924777984,-163.85605669021618,-0.0,-0.0696506600197048,,,,,,,,,,0.5,0.5,0.18842530282637956,0.052986767137264044,0.29114510894761236,0.6931593515223409,0.3381941375754898,0.1467751087573293,0.23214285714285715,0.5313653136531364
1767328471,572377197,1385_1767328471-572377197.png,0,0,0,0,0.0,0.0,30.72,-54.85,-1349.0,225.0,-3766.0,672.0,-557.0,-40.0,-1319.3407850933024,208.26529659331737,-3759.719450931751,619.0465516620616,-667.7975601666373,-25.064793145923076,315.49166715145105,-152.06174921989452,-0.0,-0.0696506600197048,,,,,,,,,,0.5,0.5,0.18845081742391867,0.05366900019053354,0.2192860454334724,0.7817319098457889,0.34821034025629694,0.14753168148288254,0.26841517857142855,0.5608856088560885
1767328471,605708008,1386_1767328471-605708008.png,0,0,0,0,0.0,0.0,30.73,-57.22,-1416.0,319.0,-3576.0,632.0,-731.0,-21.0,-1325.763693740051,213.6385227471791,-3754.723851356878,625.5454915514691,-657.0103733661991,-26.657537235551832,314.8811082243919,-152.27166843414318,-0.0,-0.0696506600197048,,,,,,,,,,0.5,0.5,0.18845719607330347,0.052212340428147326,0.1882243857209086,0.8189007512850929,0.37619678892325825,0.13996595422735011,0.1713169642857143,0.6309963099630996
1767328471,639037842,1387_1767328471-639037842.png,0,0,0,0,0.0,0.0,30.72,-53.98,-1510.0,266.0,-3858.0,627.0,-762.0,-27.0,-1361.8601279662291,231.9836063418697,-3751.697774493544,626.4129332143573,-679.8695995119581,-26.13373100150398,318.71862888336176,-167.01229596138012,-0.0,-0.0696506600197048,,,,,,,,,,0.5,0.5,0.18845081742391867,0.05420372339444747,0.14464534075104307,0.7979438513246342,0.3346590072175578,0.13902023832040855,0.15401785714285715,0.6088560885608856
1767328471,672368652,1388_1767328471-672368652.png,0,0,0,0,0.0,0.0,30.78,-49.67,-1444.0,302.0,-3735.0,591.0,-741.0,-8.0,-1373.8724129632344,242.2229317055395,-3749.25586143639,621.2340811438808,-688.8094209952632,-23.481821040412964,310.4206901788711,-158.64533162117016,-0.0,-0.0696506600197048,,,,,,,,,,0.5,0.5,0.18848908932022734,0.05685275443912451,0.1752433936022253,0.8121787267694741,0.3527765503019591,0.13221108379042937,0.16573660714285715,0.6789667896678966
1767328471,705698730,1389_1767328471-705698730.png,0,0,0,0,0.0,0.0,30.91,-48.29,-1412.0,290.0,-3757.0,607.0,-799.0,-1.0,-1379.4482609697354,249.20993748561293,-3750.388378412362,619.1524631045868,-704.9238926424279,-20.19403844588832,317.79090660810465,-174.8490889072419,-0.0,-0.0742086254846124,,,,,,,,,,0.5,0.5,0.18857201176222949,0.057700936072919026,0.19007881316643482,0.8074337682878608,0.3495360141405215,0.13523737469264233,0.1333705357142857,0.7047970479704797
1767328471,772359863,1390_1767328471-772359863.png,0,0,0,0,0.0,0.0,31.01,-45.97,-1186.0,272.0,-3508.0,637.0,-675.0,-22.0,-1354.4324928081053,258.0279262829604,-3716.296088147342,621.9445106944249,-705.6839579667651,-17.006516408608395,317.3606190681457,-172.44640946388256,-0.0,-0.0661136140027758,,,,,,,,,,0.5,0.5,0.18863579825607726,0.05912686461668949,0.2948539638386648,0.8003163305654408,0.3862129916040654,0.14091167013429168,0.2025669642857143,0.6273062730627306
1767328471,805691162,1391_1767328471-805691162.png,0,0,0,0,0.0,0.0,30.88,-43.82,-1243.0,174.0,-3773.0,655.0,-656.0,-32.0,-1329.323640246801,246.47057863281023,-3713.690059051092,627.5663424139241,-696.8126324979488,-19.460460973726867,310.52043688297266,-161.64065670967113,-0.0,-0.0668257780597964,,,,,,,,,,0.5,0.5,0.18855287581407515,0.06044830701716644,0.2684283727399165,0.7615658362989324,0.34717926056856685,0.14431624739928126,0.21316964285714285,0.5904059040590406
1767328471,839021484,1392_1767328471-839021484.png,0,0,0,0,0.0,0.0,30.85,-42.4,-1340.0,160.0,-3772.0,675.0,-755.0,-37.0,-1330.8849706081785,233.824963188386,-3722.217411376999,634.5031271844197,-705.3220594589837,-22.02547521447305,311.9633872509002,-174.00167441368114,-0.0,-0.0668257780597964,,,,,,,,,,0.5,0.5,0.1885337398659208,0.061321073625853546,0.22345850718590632,0.7560300514037168,0.347326557666814,0.14809911102704748,0.15792410714285715,0.5719557195571956
1767328471,872353027,1393_1767328471-872353027.png,0,0,0,0,0.0,0.0,31.02,-41.58,-1220.0,20.0,-3675.0,634.0,-698.0,-24.0,-1323.482468310072,205.515553338948,-3725.676025746308,629.1736559754388,-694.280090529203,-19.107840382259702,315.1474890708923,-154.9490339756013,-0.0,-0.0668257780597964,,,,,,,,,,0.5,0.5,0.18864217690546206,0.06182506561115173,0.2790913305516921,0.7006722024515619,0.36161437619678893,0.14034424059012673,0.18973214285714285,0.6199261992619925
1767328471,905683594,1394_1767328471-905683594.png,0,0,0,0,0.0,0.0,30.91,-39.71,-1145.0,77.0,-3685.0,652.0,-633.0,-39.0,-1306.0144983398511,180.1596433531001,-3718.5763384226425,630.4397504713755,-692.8008594902416,-20.29017968321596,315.44413161277765,-154.64998865127575,-0.0,-0.0668257780597964,,,,,,,,,,0.5,0.5,0.18857201176222949,0.06297441318738052,0.31386184515530824,0.723210755239225,0.36014140521431737,0.14374881785511634,0.22600446428571425,0.5645756457564575
1767328471,939015381,1395_1767328471-939015381.png,0,0,0,0,0.0,0.0,30.93,-43.04,-1280.0,149.0,-3749.0,625.0,-673.0,-48.0,-1286.2608115453893,166.192115750749,-3717.701523360941,632.2772401913519,-684.5467080864811,-24.81981077822341,318.1718403100967,-152.93495583534252,-0.0,-0.0668257780597964,,,,,,,,,,0.5,0.5,0.18858476906099902,0.060927714027572036,0.25127491886879916,0.7516805061289047,0.3507143909264988,0.13864195195763193,0.2036830357142857,0.5313653136531364
1767328471,972346191,1396_1767328471-972346191.png,0,0,0,0,0.0,0.0,31.01,-47.58,-1284.0,230.0,-3629.0,609.0,-683.0,-37.0,-1285.6540933178435,172.84491697706142,-3708.852813005397,629.1185988975183,-683.7393797962765,-27.518783504575307,316.17275011539454,-165.00466585159313,-0.0,-0.0668257780597964,,,,,,,,,,0.5,0.5,0.18863579825607726,0.058137319377262575,0.24942049142327305,0.7837089758797944,0.3683900427161585,0.13561566105541897,0.19810267857142855,0.5719557195571956
1767328472,5677979,1397_1767328472-5677979.png,0,0,0,0,0.0,0.0,31.04,-48.0,-1321.0,263.0,-3739.0,632.0,-743.0,-16.0,-1289.8082903741306,185.12422197575432,-3710.2444623882575,628.9091257354446,-690.7600537370789,-26.41025316410925,323.384904384613,-136.80542254447948,-0.0,-0.0668257780597964,,,,,,,,,,0.5,0.5,0.1886549342042316,0.05787917714089033,0.23226703755215572,0.7967576117042309,0.3521873619089704,0.13996595422735011,0.1646205357142857,0.6494464944649446
1767328472,72341064,1398_1767328472-72341064.png,0,0,0,0,0.0,0.0,30.92,-51.87,-1165.0,219.0,-3667.0,705.0,-788.0,-30.0,-1272.3850082107074,192.1478030566561,-3704.684482948496,640.1189332987086,-706.3688620554249,-26.65857495273844,319.5493319034576,-157.4355378150941,-0.0,-0.0668257780597964,,,,,,,,,,0.5,0.5,0.18857839041161426,0.05550058082003183,0.30458970792767726,0.7793594306049823,0.36279275298276625,0.1537734064686968,0.13950892857142855,0.5977859778597785
