sec,nanosec,image,motor position #0,motor position #1,motor velocity #0,motor velocity #1,wire length #0,wire length #1,loadcell #0,loadcell #1,fx,fy,fz,tx,ty,tz,fx_kalman,fy_kalman,fz_kalman,tx_kalman,ty_kalman,tz_kalman,fx_estimated,fy_estimated,theta_desired,theta_actual,translation(m)(x),translation(m)(y),translation(m)(z),Rotation(rad)(x),Rotation(rad)(y),Rotation(rad)(z),Rotation(deg)(x),Rotation(deg)(y),Rotation(deg)(z)
1767171597,603729248,1_1767171597-603729248.png,1202,-1202,0,0,0.01150811887254902,-0.01150811887254902,44.15,169.18,-16.0,-66.0,-117.0,31.0,56.0,-20.0,16.989405167079124,7.971549916739317,78.86093034896102,18.680514100842366,-20.88857071862104,-15.999757251667297,90.2199701070785,283.3311915397643,0.003170715121138731,0.005025110235859427
1767171597,670425293,2_1767171597-670425293.png,1202,-1202,0,0,0.01150811887254902,-0.01150811887254902,44.16,169.25,-31.0,4.0,22.0,19.0,19.0,0.0,13.1223908006983,2.0185072564603357,76.99394900957742,16.026504372891353,-8.165786395625595,-13.103786699932698,48.35187551379199,261.3775105476378,0.003170715121138731,0.005025110235859427
1767171597,703773682,3_1767171597-703773682.png,1202,-1202,0,0,0.01150811887254902,-0.01150811887254902,44.19,169.25,-8.0,-40.0,-168.0,-12.0,15.0,-12.0,9.289606320094741,-0.4425866591039309,58.81586142895668,14.47997326958976,-5.183266108767423,-12.28229666537992,-37.579195737838795,192.0753686428069,0.003170715121138731,0.005025110235859427
1767171597,737121338,4_1767171597-737121338.png,1202,-1202,0,0,0.01150811887254902,-0.01150811887254902,44.21,169.05,84.0,-126.0,77.0,-37.0,-27.0,-21.0,16.787342218825042,-18.515216389605335,42.88766261129825,6.251668473842606,-6.165756726537417,-13.295563027217051,36.80009022355075,206.7336046695708,0.003170715121138731,0.005025110235859427
1767171597,803817139,5_1767171597-803817139.png,1202,-1202,0,0,0.01150811887254902,-0.01150811887254902,44.22,169.0,-29.0,-139.0,-37.0,-46.0,26.0,-4.0,11.877473795319709,-38.99150714970608,32.11126994942297,-2.539111103737324,-2.015441432894972,-12.14090599935538,36.80009022355075,206.7336046695708,0.003170715121138731,0.005025110235859427
1767171597,837165771,6_1767171597-837165771.png,1202,-1202,0,0,0.01150811887254902,-0.01150811887254902,44.21,168.97,-123.0,71.0,-22.0,-1.0,49.0,6.0,-15.041622156369353,-22.23048874225847,23.700468203587956,-1.409822233848402,3.035050931059338,-7.989656531024831,-11.678950965404562,242.256950855255,0.003170715121138731,0.005025110235859427
1767171597,870513184,7_1767171597-870513184.png,1202,-1202,0,0,0.01150811887254902,-0.01150811887254902,44.15,168.89,-2.0,9.0,-16.0,41.0,-10.0,4.0,-21.476151330281958,-10.459524049067234,14.363401903088368,4.823933939100094,4.680414524672794,-5.155310335224141,29.07647433876986,252.28249192237843,0.003170715121138731,0.005025110235859427
1767171597,903861816,8_1767171597-903861816.png,1202,-1202,0,0,0.01150811887254902,-0.01150811887254902,44.0,168.99,-55.0,2.0,-39.0,45.0,17.0,18.0,-26.378740224644606,-8.63742048232556,6.559440487052897,10.699355261690279,6.482053218652693,-1.7690354354232243,51.04256883263583,227.56876730918873,0.003170715121138731,0.005025110235859427
1767171597,970557861,9_1767171597-970557861.png,1202,-1202,0,0,0.01150811887254902,-0.01150811887254902,43.87,168.97,-45.0,-52.0,178.0,-18.0,-28.0,-7.0,-33.5999274230404,-11.546069699644317,4.577202644574851,12.265142675581533,0.5040484298254708,-0.14507462560547368,68.54844009876246,161.4982349872588,0.003170715121138731,0.005025110235859427
1767171598,3905273,10_1767171598-3905273.png,1202,-1202,0,0,0.01150811887254902,-0.01150811887254902,43.97,169.41,-82.0,88.0,2.0,11.0,-61.0,-22.0,-33.19064389199041,-9.14570065830458,18.307456970407777,4.702974490062765,-4.6270402381603395,-4.1277779449961995,63.32667416334147,270.4133505821227,0.003170715121138731,0.005025110235859427
1767171598,70601318,11_1767171598-70601318.png,1202,-1202,0,0,0.01150811887254902,-0.01150811887254902,44.01,169.42,-154.0,48.0,167.0,-63.0,33.0,4.0,-55.80914278703344,9.06564550451607,38.39833224527599,-4.559275273733248,-4.842746950448588,-4.752077260057132,89.30458629131311,157.7674045562743,0.003170715121138731,-0.09531664619572693
1767171598,103949707,12_1767171598-103949707.png,1202,-1202,0,0,0.01150811887254902,-0.01150811887254902,44.04,169.51,-55.0,113.0,34.0,32.0,92.0,-4.0,-72.36135914421604,38.931799582838835,47.489395686327505,-1.3032699067818416,20.94736562923314,-4.179203950623348,24.580404639244026,142.7492251396178,0.003170715121138731,-0.06624145826930376
1767171598,170645752,13_1767171598-170645752.png,1202,-1202,50,0,0.01150811887254902,-0.01150811887254902,44.04,169.89,-19.0,2.0,138.0,47.0,-10.0,-29.0,-51.76854163768616,51.22126857916197,95.7237614347997,13.623086202722225,13.087501238692923,-9.057539854123702,24.62826487421984,142.95384263992298,0.003170715121138731,-0.07588675490555928
1767171598,203993408,14_1767171598-203993408.png,1202,-1202,0,0,0.01150811887254902,-0.01150811887254902,44.04,169.87,-1.0,-2.0,206.0,24.0,26.0,-34.0,-42.62953463489546,40.86272718305199,114.06274655335825,16.886979113528486,13.767859442186843,-13.748604503715866,24.391885966062492,147.02140355110157,0.003170715121138731,-0.04102435811343239
1767171598,270689453,15_1767171598-270689453.png,1202,-1202,0,0,0.01150811887254902,-0.01150811887254902,44.01,169.75,-114.0,69.0,344.0,-28.0,25.0,1.0,-46.03707332788376,35.52364751163308,137.36368757062647,12.530322423993633,19.959652895686986,-14.17528764868301,24.41143268346781,147.06324410438526,0.003170715121138731,-0.03389187982415065
1767171598,304037842,16_1767171598-304037842.png,1202,-1202,0,0,0.01150811887254902,-0.01150811887254902,43.95,169.84,-103.0,86.0,307.0,-2.0,-18.0,7.0,-61.2614514014185,46.30117195738356,183.13236252087066,6.294071311326659,14.91964603755664,-9.539225793422638,75.41784495115274,149.60491442680348,0.003170715121138731,-0.016064480213624152
1767171598,370733887,17_1767171598-370733887.png,1202,-1203,0,0,0.01150811887254902,-0.011517693014705883,43.99,169.71,-45.0,74.0,269.0,-7.0,4.0,-8.0,-60.81900593431055,55.551287554975104,169.07304941149047,5.583820552022033,15.006116157582609,-8.264148466266745,146.28554040193552,211.07370233535755,0.003170715121138731,-0.012690218388085523
1767171598,404081543,18_1767171598-404081543.png,1202,-1202,0,50,0.01150811887254902,-0.01150811887254902,43.95,169.16,-191.0,27.0,-97.0,59.0,41.0,-3.0,-66.78694335785507,54.10280113428256,157.6283634895005,11.05992450153469,15.398104335708997,-8.474544357313013,79.37368494272226,150.15228056907642,0.003170715121138731,-0.0278812408867074
1767171598,437429932,19_1767171598-437429932.png,1202,-1202,0,0,0.01150811887254902,-0.01150811887254902,43.93,169.07,-91.0,15.0,59.0,12.0,26.0,3.0,-82.1245538942323,48.68357415028599,123.18476933122354,16.464386349242154,18.903266250532344,-7.160745104100636,61.699556052684734,270.4630720615386,0.003170715121138731,-0.05620011077238575
1767171598,504125977,20_1767171598-504125977.png,1202,-1202,50,0,0.01150811887254902,-0.01150811887254902,43.94,168.69,-22.0,-14.0,85.0,-4.0,7.0,7.0,-74.01761984662527,36.91394135413823,112.64111116370754,13.126681567544376,17.71086336063997,-4.304748406954569,113.70992928743357,298.1440370082854,0.003170715121138731,-0.05620011077238575
1767171598,537473633,21_1767171598-537473633.png,1202,-1202,0,0,0.01150811887254902,-0.01150811887254902,43.89,168.52,20.0,-62.0,-78.0,4.0,33.0,-1.0,-60.268311302859225,22.44858580507576,84.76140667010027,11.791978976077162,19.946774643708945,-3.8214559604869534,113.70044815540308,298.1364426612853,0.003170715121138731,-0.05620011077238575
1767171598,570821777,22_1767171598-570821777.png,1202,-1202,0,0,0.01150811887254902,-0.01150811887254902,43.79,168.41,-90.0,69.0,-92.0,-42.0,111.0,19.0,-79.07622464383252,21.945181308675224,61.88081887365031,-2.321160289758378,39.399465767944136,0.7100646000569493,37.77956908941264,228.39798402786244,0.003170715121138731,-0.05620011077238575
1767171598,604169189,23_1767171598-604169189.png,1202,-1202,0,0,0.01150811887254902,-0.01150811887254902,43.7,168.58,-14.0,104.0,-79.0,-7.0,19.0,9.0,-70.40342012624066,37.58087358074565,29.388041890281503,-6.071318667994161,41.94866184482575,3.335632034406891,37.77956908941264,228.39798402786244,0.003170715121138731,-0.05620011077238575
1767171598,670864502,24_1767171598-670864502.png,1202,-1202,0,0,0.01150811887254902,-0.01150811887254902,43.67,168.44,-143.0,141.0,116.0,-41.0,30.0,25.0,-60.84570048047776,58.00382418712319,26.078035773989438,-7.431808741025035,34.641213086848495,3.3956581233708847,62.977820456027935,129.52015924453724,0.003170715121138731,-0.05620011077238575
1767171598,704212891,25_1767171598-704212891.png,1202,-1202,0,0,0.01150811887254902,-0.01150811887254902,43.68,168.61,-236.0,-22.0,71.0,-82.0,29.0,35.0,-80.74278761406669,62.357547663878854,38.86023099628812,-15.74561496053839,33.77785017525266,7.74209130466679,62.78560024499888,129.80974745750416,0.003170715121138731,-0.05620011077238575
1767171598,737560059,26_1767171598-737560059.png,1202,-1202,0,0,0.01150811887254902,-0.01150811887254902,43.8,169.09,-35.0,-104.0,-27.0,7.0,-51.0,12.0,-86.04973891015639,31.510951961445365,31.712095621602618,-17.53861805676113,21.01060609514054,10.470947795051623,56.164782881736706,248.2241015434264,0.003170715121138731,-0.05620011077238575
1767171598,804255615,27_1767171598-804255615.png,1202,-1202,0,0,0.01150811887254902,-0.01150811887254902,43.96,169.3,-12.0,-80.0,57.0,-16.0,0.0,-5.0,-62.58254000652667,9.380259724656334,44.1475244981518,-17.19472134577336,14.984458971597137,8.476104721691486,99.13431227207178,230.8829116821288,0.003170715121138731,-0.05620011077238575
1767171598,837603760,28_1767171598-837603760.png,1202,-1202,0,0,0.01150811887254902,-0.01150811887254902,44.0,169.48,16.0,-169.0,-36.0,-25.0,-3.0,-11.0,-48.44389519225518,-21.38296865005579,33.0990740374719,-18.27366909272771,11.570358734912858,4.922783920498565,41.791256844997356,112.69337892532336,0.003170715121138731,0.007154374260216232
1767171598,870950928,29_1767171598-870950928.png,1202,-1202,0,0,0.01150811887254902,-0.01150811887254902,43.95,169.51,87.0,-173.0,248.0,-52.0,-16.0,-5.0,-28.636332435339966,-43.55572039511137,64.52657818212062,-23.205869359547002,7.538419088631343,3.4716578660566273,77.21796125173563,135.14556431770313,0.003170715121138731,-0.06776636427794558
1767171598,904299316,30_1767171598-904299316.png,1202,-1202,0,0,0.01150811887254902,-0.01150811887254902,43.97,169.46,-74.0,80.0,67.0,3.0,4.0,4.0,-28.402888059535798,-27.257639112696424,80.60315576713366,-20.838930137442564,5.759960062011971,3.3447848078677027,77.8734581470489,255.49805307388294,0.003170715121138731,-0.05543389489192932
1767171598,970994629,31_1767171598-970994629.png,1202,-1202,0,0,0.01150811887254902,-0.01150811887254902,43.99,169.52,7.0,39.0,255.0,-21.0,-28.0,-3.0,-24.43723455596722,-14.717661360913871,105.74576920240814,-20.22897288514593,0.776071396473388,2.43432402925657,61.21549880504603,246.6365964412688,0.003170715121138731,-0.03988750046550357
1767171599,4341797,32_1767171599-4341797.png,1202,-1202,0,0,0.01150811887254902,-0.01150811887254902,44.0,169.51,78.0,14.0,204.0,4.0,-50.0,2.0,-9.654865902481832,-18.806478724399252,122.25332211704925,-15.079564971988484,-6.715709041798084,1.6722162257546833,61.21549880504603,246.6365964412688,0.003170715121138731,-0.029738553867960656
1767171599,37690186,33_1767171599-37690186.png,1202,-1202,0,0,0.01150811887254902,-0.01150811887254902,43.96,169.36,137.0,-30.0,313.0,34.0,-89.0,-15.0,16.37850647422982,-18.726932085423464,154.42563216945058,-6.903794589176698,-21.013844121413122,-0.7488087703670852,50.06088203191752,269.1673045158385,0.003170715121138731,-0.03978223005418012
1767171599,104385498,34_1767171599-104385498.png,1202,-1202,0,0,0.01150811887254902,-0.01150811887254902,43.89,169.22,47.0,-44.0,72.0,-9.0,5.0,-1.0,29.985388748264675,-9.972760719643738,116.43701019325246,6.394331124317479,-13.635066481607458,-4.9615729619086215,18.02452653646464,220.5722243785857,0.003170715121138731,-0.03246096303938398
1767171599,137732666,35_1767171599-137732666.png,1202,-1202,0,0,0.01150811887254902,-0.01150811887254902,43.89,169.22,47.0,-44.0,72.0,-9.0,5.0,-1.0,30.514997945170265,-11.03191738220609,115.05383141043227,5.915155948168979,-13.055017813578099,-4.838262153110369,17.94270306825633,220.59070873260487,0.003170715121138731,-0.03246096303938398
1767171599,171081055,36_1767171599-171081055.png,1202,-1202,0,0,0.01150811887254902,-0.01150811887254902,43.79,169.26,-1.0,-76.0,72.0,-23.0,-19.0,4.0,30.51286904677623,-15.011707021067707,111.1572992643351,4.129504557403305,-12.168012935636476,-4.335251482228616,26.2749297022819,243.10178613662708,0.003170715121138731,-0.03246096303938398
1767171599,237776367,37_1767171599-237776367.png,1202,-1202,0,0,0.01150811887254902,-0.01150811887254902,43.72,169.02,4.0,-90.0,-30.0,-2.0,-26.0,2.0,23.4389798214593,-32.16465551041109,86.54216421359483,0.4811550310326466,-14.883850323800784,-2.5632624419307874,28.295190095901436,245.22462105751026,0.003170715121138731,-0.03246096303938398
1767171599,271123535,38_1767171599-271123535.png,1202,-1202,0,0,0.01150811887254902,-0.01150811887254902,43.79,168.82,-38.0,23.0,104.0,-17.0,-24.0,6.0,22.49632313352837,-29.859544326476296,100.99101928971966,-2.9899737866174982,-19.02774064142212,-2.6475393820546405,48.17296785116191,206.78963088989246,0.003170715121138731,-0.03246096303938398
1767171599,304471924,39_1767171599-304471924.png,1202,-1202,0,0,0.01150811887254902,-0.01150811887254902,43.79,168.51,-48.0,68.0,-33.0,22.0,-38.0,14.0,9.295794932207297,-14.016937853705503,85.3110629895889,-1.1381398070549844,-21.67843974051126,0.02005795796947052,57.75527524948115,249.3202667236327,0.003170715121138731,-0.03246096303938398
1767171599,371167236,40_1767171599-371167236.png,1202,-1202,0,0,0.01150811887254902,-0.01150811887254902,43.88,168.65,-41.0,-15.0,103.0,18.0,-11.0,-1.0,-2.5326018714453724,-9.062192888643356,92.39047745155342,2.5016099537508554,-23.011345715027332,1.7260309148348336,18.112389355897854,155.97571182250965,0.003170715121138731,-0.03246096303938398
1767171599,404514404,41_1767171599-404514404.png,1202,-1202,0,0,0.01150811887254902,-0.01150811887254902,43.85,168.8,-54.0,-90.0,65.0,-17.0,5.0,-5.0,-9.334692906448897,-16.718328075618988,90.50289184331037,1.6004924397481988,-19.80672495652254,0.9653562694272408,18.112389355897854,155.97571182250965,0.003170715121138731,-0.03246096303938398
1767171599,437862549,42_1767171599-437862549.png,1202,-1202,0,0,0.01150811887254902,-0.01150811887254902,43.81,168.65,-49.0,-161.0,172.0,-65.0,20.0,-12.0,-17.472407723127606,-41.652602876573816,101.08681007579877,-9.112504259253534,-12.687373945336248,-1.2428417813268458,17.74379411339755,131.93501830101002,0.003170715121138731,-0.03246096303938398
1767171599,504558105,43_1767171599-504558105.png,1202,-1202,0,0,0.01150811887254902,-0.01150811887254902,43.78,168.7,47.0,81.0,-40.0,16.0,-37.0,-20.0,-4.63023256400691,-40.00939811519185,93.56576349228285,-12.990656759261775,-12.496613811000078,-5.759596899619414,46.26420816779132,220.19522953033436,0.003170715121138731,-0.058481112104886254
1767171599,537905273,44_1767171599-537905273.png,1202,-1202,0,0,0.01150811887254902,-0.01150811887254902,43.78,168.86,-136.0,128.0,-261.0,16.0,58.0,7.0,-18.60472581082809,-3.164459221302394,28.164789639507184,-5.810259212052382,-4.6726318583005675,-5.338126510654607,46.243882179260204,220.3499822616576,0.003170715121138731,-0.048423800365379514
1767171599,571253662,45_1767171599-571253662.png,1202,-1202,0,0,0.01150811887254902,-0.01150811887254902,43.85,169.1,90.0,13.0,-148.0,51.0,9.0,-4.0,-28.032304036951732,2.887891829212996,10.614374118972467,-4.493895384763932,3.499506600913977,-2.5564597751651914,96.49608987569803,165.4909987449645,0.003170715121138731,-0.055013766317889595
1767171599,637949463,46_1767171599-637949463.png,1202,-1202,0,0,0.01150811887254902,-0.01150811887254902,43.84,169.11,-97.0,93.0,-390.0,22.0,98.0,23.0,-21.519529250033262,12.136090961819576,-42.7826388762895,3.9005887956927685,12.646538390959563,-0.3994943657914599,26.74593415856356,144.63033056259144,0.003170715121138731,-0.05659104701064793
1767171599,671296875,47_1767171599-671296875.png,1202,-1202,0,0,0.01150811887254902,-0.01150811887254902,43.96,168.94,-236.0,-21.0,-247.0,-33.0,71.0,34.0,-46.68410824087743,15.751431655492198,-84.19959697020442,-2.5507471472632046,33.1505161619041,6.164752101478904,140.8892177343368,185.62733817100514,0.003170715121138731,-0.025001365916394198
1767171599,737992676,48_1767171599-737992676.png,1202,-1202,0,0,0.01150811887254902,-0.01150811887254902,44.01,169.05,-60.0,25.0,-123.0,40.0,3.0,-13.0,-73.96740746710066,2.827675230046558,-139.77707878019316,3.935505705812213,26.98410987706668,7.0053250360055,-2.051315963268331,227.55386519432057,0.003170715121138731,-0.046977669531378594
1767171599,771341064,49_1767171599-771341064.png,1202,-1202,0,0,0.01150811887254902,-0.01150811887254902,44.0,169.38,-16.0,-19.0,-122.0,28.0,-25.0,-4.0,-64.07332358353216,1.8846698565861049,-135.47549489462773,11.113047373795906,16.94896125494297,3.3665883191727435,89.51096326112742,147.91567373275745,0.003170715121138731,-0.05596610662564467
1767171599,838036865,50_1767171599-838036865.png,1202,-1202,0,0,0.01150811887254902,-0.01150811887254902,43.89,169.43,11.0,-104.0,-102.0,29.0,21.0,38.0,-50.21981654153296,-6.751902826778462,-128.9244276969209,15.775994340212401,13.066179121160488,9.511429653752467,93.06430971622461,148.46776843070973,0.003170715121138731,-0.029077502655391746
1767171599,871384277,51_1767171599-871384277.png,1202,-1202,0,0,0.01150811887254902,-0.01150811887254902,43.77,169.6,-12.0,-155.0,-167.0,64.0,115.0,11.0,-41.4273242955542,-33.52021136913577,-133.08392326809155,23.520270330020804,28.388282455760024,11.219706015794705,47.49013152718539,229.7724175453185,0.003170715121138731,-0.055397821174308276
1767171599,904732666,52_1767171599-904732666.png,1202,-1202,0,0,0.01150811887254902,-0.01150811887254902,43.61,169.68,-18.0,-126.0,-337.0,62.0,99.0,-13.0,-57.782026349752805,-41.142549185949335,-126.80888069871342,26.06119943477833,40.166084849889494,8.876107909221313,74.51168251037592,232.87979507446278,0.003170715121138731,0.007097148760429609
1767171599,971428467,53_1767171599-971428467.png,1202,-1202,0,0,0.01150811887254902,-0.01150811887254902,43.7,168.85,104.0,-25.0,161.0,2.0,-18.0,-9.0,-22.938136993611025,-51.36844218197201,-120.68217578927516,26.426936804508205,42.69735837824218,4.203586356312132,29.656122177839226,226.96035981178272,0.003170715121138731,-0.03325593651698355
1767171600,4775879,54_1767171600-4775879.png,1202,-1202,0,0,0.01150811887254902,-0.01150811887254902,43.7,168.85,104.0,-25.0,161.0,2.0,-18.0,-9.0,-7.856189169782371,-48.23551870756997,-87.21456724567251,23.524690126663113,35.485700685873866,2.634823766678898,29.857628703117317,225.43446922302235,0.003170715121138731,0.031931384510717475
1767171600,38124268,55_1767171600-38124268.png,1202,-1202,0,0,0.01150811887254902,-0.01150811887254902,43.36,165.91,50.0,-59.0,215.0,-23.0,-33.0,-23.0,-5.703033469694735,-49.41200142837229,-58.093498947186575,23.072444857678523,30.810067831698284,-2.5926099374221288,26.102061390876717,234.62964725494373,0.003170715121138731,-0.04389710182728999
1767171600,71471680,56_1767171600-71471680.png,1202,-1202,0,0,0.01150811887254902,-0.01150811887254902,42.66,165.04,17.0,71.0,31.0,12.0,-19.0,-8.0,0.936748368218124,-39.30348170750101,-27.551114448285695,18.277995347391176,21.0496856842249,-4.761788327239787,102.76052057743067,148.27504396438587,0.003170715121138731,-0.055312414224267976
1767171600,138167480,57_1767171600-138167480.png,1202,-1202,0,0,0.01150811887254902,-0.01150811887254902,41.98,163.91,172.0,130.0,-18.0,73.0,-76.0,-19.0,26.793815817283093,-8.772908610291854,-23.09081799431115,25.952162687487032,4.761474009982443,-7.013440831295335,101.6088877320289,145.45926070213307,0.003170715121138731,-0.0061166956892598715
1767171600,171515869,58_1767171600-171515869.png,1202,-1202,0,0,0.01150811887254902,-0.01150811887254902,40.88,163.32,135.0,-3.0,242.0,26.0,-50.0,-27.0,46.49504026509982,3.9048579157654624,32.29227571971893,26.648058746534268,-7.3477007849707325,-8.785581499245081,45.8469734191894,309.34670186042774,0.003170715121138731,-0.0070832942408888145
1767171600,204863281,59_1767171600-204863281.png,1202,-1202,0,0,0.01150811887254902,-0.01150811887254902,39.44,163.02,-12.0,17.0,216.0,-5.0,22.0,-12.0,44.77924605133574,5.286388824335341,75.36178743502812,21.969714403875077,-6.351509845031101,-10.663061004664847,101.36861246824259,313.02136278152454,0.003170715121138731,-0.010747486640047635
1767171600,238211670,60_1767171600-238211670.png,1202,-1202,0,0,0.01150811887254902,-0.01150811887254902,38.6,162.86,-97.0,50.0,185.0,-17.0,25.0,15.0,24.045190006921732,11.825389036881848,91.39548000459082,16.27071215221836,-1.7666077503443853,-6.910048064045364,60.161404728889416,206.82373380661,0.003170715121138731,-0.010747486640047635
1767171600,304907471,61_1767171600-304907471.png,1202,-1202,0,0,0.01150811887254902,-0.01150811887254902,38.85,163.89,-79.0,92.0,234.0,2.0,1.0,14.0,-5.88773259184629,22.822940809983827,137.92100991188036,7.407758928380188,1.105948905268197,-0.7419765001711798,58.0154219269752,225.8171956539153,0.003170715121138731,-0.010747486640047635
1767171600,338254883,62_1767171600-338254883.png,1202,-1202,0,0,0.01150811887254902,-0.01150811887254902,39.82,164.42,-161.0,108.0,4.0,49.0,19.0,0.0,-28.57163404560559,35.2793896071844,118.33615668144317,13.490284272600828,3.7228076387773226,-0.633468500822551,58.10244053602214,225.69210386276234,0.003170715121138731,-0.010747486640047635
1767171600,404950684,63_1767171600-404950684.png,1202,-1202,0,0,0.01150811887254902,-0.01150811887254902,41.54,164.68,2.0,-83.0,15.0,-7.0,73.0,-8.0,-35.57122967813869,20.015286068095413,109.07214491570124,8.910498316243839,17.21186545971189,-2.1469564644023382,45.01406246423716,209.8285160064696,0.003170715121138731,-0.010747486640047635
1767171600,438299072,64_1767171600-438299072.png,1202,-1202,0,0,0.01150811887254902,-0.01150811887254902,40.71,164.72,41.0,-27.0,-56.0,4.0,14.0,-4.0,-22.407503143669842,7.749696725284464,80.00962974363601,7.359905548424419,19.661115177662186,-2.7241931421344083,12.864777594804712,236.35857915878285,0.003170715121138731,-0.010747486640047635
1767171600,471646484,65_1767171600-471646484.png,1202,-1202,0,0,0.01150811887254902,-0.01150811887254902,39.31,163.6,54.0,42.0,90.0,-18.0,-23.0,-11.0,-12.17778089089928,10.56947113884871,89.40644877170662,2.4616196327579942,13.3866229974471,-4.092911894602557,64.18945717811579,241.0004446506499,0.003170715121138731,-0.010747486640047635
1767171600,504994873,66_1767171600-504994873.png,1202,-1202,0,0,0.01150811887254902,-0.01150811887254902,37.78,162.56,42.0,-25.0,-7.0,17.0,-46.0,-19.0,-0.4630136052581868,8.849948237570441,77.99940982389384,2.557145660213674,3.428840519851579,-6.414918192650543,64.18945717811579,241.0004446506499,0.003170715121138731,-0.010747486640047635
1767171600,571690430,67_1767171600-571690430.png,1202,-1202,0,0,0.01150811887254902,-0.01150811887254902,36.26,161.48,203.0,-17.0,-14.0,11.0,-52.0,-38.0,30.420231157293472,4.170052366031085,62.28641423356311,4.175658621320576,-5.990730994531594,-11.368423044406896,54.40635758638377,209.15433859825123,0.003170715121138731,-0.010747486640047635
1767171600,605037842,68_1767171600-605037842.png,1202,-1202,0,0,0.01150811887254902,-0.01150811887254902,36.59,160.07,-59.0,98.0,-277.0,-60.0,151.0,12.0,37.13871483086766,10.914934947154322,-3.8355257860099616,-2.5698397264890946,14.33593479470603,-11.637256858789922,75.82618302106852,120.41711640357958,0.003170715121138731,-0.010747486640047635
1767171600,671733398,69_1767171600-671733398.png,1202,-1202,0,0,0.01150811887254902,-0.01150811887254902,36.94,157.2,3.0,-71.0,-49.0,21.0,1.0,9.0,-44.75701359356,23.420775276246893,-31.579525488063197,-18.808717993195653,49.82478915610808,4.684354576243783,58.596628308296154,211.80061030387867,0.003170715121138731,-0.05036043242913322
1767171600,705081543,70_1767171600-705081543.png,1202,-1202,0,0,0.01150811887254902,-0.01150811887254902,36.94,157.2,3.0,-71.0,-49.0,21.0,1.0,9.0,-40.43482593748498,14.875343335103473,-33.15614333396251,-15.205880701511147,45.40596383346577,5.074936565672685,62.410900712013195,234.52332639694202,0.003170715121138731,-0.05515514537036677
1767171600,771777100,71_1767171600-771777100.png,1202,-1202,0,0,0.01150811887254902,-0.01150811887254902,37.03,156.97,-52.0,-6.0,-192.0,42.0,127.0,-12.0,-45.295117405073015,2.680658641547061,-91.65338031906674,-1.0126803883976478,59.37762940659226,4.279523309426169,62.45272159576411,234.30309033393848,0.003170715121138731,-0.05152660579521269
1767171600,805124512,72_1767171600-805124512.png,1202,-1202,0,0,0.01150811887254902,-0.01150811887254902,37.02,157.09,-88.0,63.0,-204.0,88.0,78.0,-22.0,-51.89117179041491,11.047678064227108,-113.33351274501337,14.255215390895255,65.63915115498942,-0.41542293051697465,99.94189691543573,266.41184616088856,0.003170715121138731,-0.06162504035294598
1767171600,838472656,73_1767171600-838472656.png,1202,-1202,0,0,0.01150811887254902,-0.01150811887254902,37.14,156.64,-68.0,133.0,201.0,12.0,-100.0,6.0,-58.92573746687127,29.57263843427111,-109.02798537322283,22.933623954861414,51.60801749406103,-1.432078786897956,72.48207086324686,251.62121057510365,0.003170715121138731,-0.07339647673915232
1767171600,871819824,74_1767171600-871819824.png,1202,-1202,0,0,0.01150811887254902,-0.01150811887254902,37.2,156.69,29.0,35.0,188.0,7.0,-165.0,7.0,-49.429030121649504,41.04599048146017,-41.278166063566545,19.89578147133845,9.999221826001001,0.34787942617499035,56.845606088638256,100.52995753288256,0.003170715121138731,-0.02204937923210194
1767171600,938515381,75_1767171600-938515381.png,1202,-1202,0,0,0.01150811887254902,-0.01150811887254902,37.29,156.58,-1.0,25.0,-110.0,11.0,-125.0,-11.0,-40.26245234972238,38.53872512951396,-45.235174296634625,18.2521446152775,-14.393862807296273,-1.1348770944999276,45.56805929541583,197.79663443565357,0.003170715121138731,-0.02204937923210194
1767171600,971863770,76_1767171600-971863770.png,1202,-1202,0,0,0.01150811887254902,-0.01150811887254902,37.42,156.73,151.0,149.0,-203.0,16.0,-1.0,-7.0,-11.459833532572123,46.293075194971244,-54.50493923526186,16.446038827301415,-18.171843257409037,-4.415504028942919,45.564747393131206,197.89493107795704,0.003170715121138731,-0.02204937923210194
1767171601,5210938,77_1767171601-5210938.png,1202,-1202,0,0,0.01150811887254902,-0.01150811887254902,37.81,157.02,55.0,54.0,36.0,9.0,-26.0,18.0,13.445500319754412,57.961842442894266,-59.2986931154162,15.51465104495261,-17.304096707509416,-2.0228307938486534,84.13671994209284,136.72088980674732,0.003170715121138731,-0.02204937923210194
1767171601,38559326,78_1767171601-38559326.png,1202,-1202,0,0,0.01150811887254902,-0.01150811887254902,38.81,157.25,35.0,47.0,1.0,-12.0,-4.0,11.0,17.701968083231694,56.253477799110534,-47.947967911748385,11.317733299586484,-15.589572308088393,0.413752490960838,55.51526039838786,230.2723548412322,0.003170715121138731,-0.02204937923210194
1767171601,105254639,79_1767171601-105254639.png,1202,-1202,0,0,0.01150811887254902,-0.01150811887254902,41.09,158.23,-164.0,126.0,-169.0,13.0,52.0,2.0,-13.203179407387214,68.29451598855067,-66.78103118015676,13.52176290196298,-7.504365922393134,1.093489715564763,54.31745573878283,250.23373770713795,0.003170715121138731,-0.02204937923210194
1767171601,138602051,80_1767171601-138602051.png,1202,-1202,0,0,0.01150811887254902,-0.01150811887254902,42.18,159.75,-171.0,134.0,-242.0,53.0,59.0,-3.0,-36.27967482486833,77.90340604729354,-92.40537339340014,19.29513244174022,2.22135408696451,0.49485029869961344,54.153549045324276,251.44195532798756,0.003170715121138731,-0.02204937923210194
1767171601,205297607,81_1767171601-205297607.png,1202,-1202,0,0,0.01150811887254902,-0.01150811887254902,44.36,163.37,54.0,124.0,-217.0,31.0,27.0,-28.0,-18.672160909785884,91.2740396772528,-105.58150011162675,17.973501127873206,9.313335700335367,-4.483204226665299,101.9624170660972,302.92861890792835,0.003170715121138731,-0.02204937923210194
1767171601,238645752,82_1767171601-238645752.png,1202,-1202,0,0,0.01150811887254902,-0.01150811887254902,45.46,164.91,-57.0,42.0,-255.0,34.0,29.0,-14.0,-24.277294142544353,84.0681140664415,-127.4327345979214,20.31724561139301,12.192349464938227,-5.874957832521811,52.029775470495174,228.27561473846424,0.003170715121138731,-0.02204937923210194
1767171601,271992920,83_1767171601-271992920.png,1202,-1202,0,0,0.01150811887254902,-0.01150811887254902,46.31,167.54,-107.0,-60.0,-160.0,4.0,-32.0,14.0,-29.50499781268247,59.170762950511886,-112.51587562445991,12.254833379225936,2.8549035401628142,-2.156857051323886,45.795281767845104,225.37658023834217,0.003170715121138731,-0.06095186595805686
1767171601,338688477,84_1767171601-338688477.png,1202,-1202,0,0,0.01150811887254902,-0.01150811887254902,46.02,169.26,49.0,111.0,-354.0,51.0,-45.0,-9.0,-25.885212626773694,54.66193508206333,-152.64764445953608,17.083644509197157,-7.679092724510292,-1.5186933656408845,50.78709778189654,233.72219443321217,0.003170715121138731,-0.014285697790013291
1767171601,372036865,85_1767171601-372036865.png,1202,-1202,0,0,0.01150811887254902,-0.01150811887254902,43.84,170.97,88.0,137.0,-56.0,58.0,-69.0,-17.0,7.7342305696652485,80.85438881596491,-124.71512697513909,23.60953808771929,-23.38250281498208,-5.868564323078778,50.584552228450725,234.91063809394825,0.003170715121138731,-0.032289462952490036
1767171601,405384033,86_1767171601-405384033.png,1202,-1202,0,0,0.01150811887254902,-0.01150811887254902,41.82,171.16,-33.0,79.0,-127.0,34.0,-2.0,-17.0,5.096025620271291,82.1740501480922,-123.10185049148059,25.787341209040598,-22.093193186728694,-7.496445819193561,106.41452288627619,160.60840678215015,0.003170715121138731,-0.03000681373391326
1767171601,438732178,87_1767171601-438732178.png,1202,-1202,0,0,0.01150811887254902,-0.01150811887254902,39.26,171.37,68.0,74.0,-57.0,18.0,-19.0,-16.0,13.282827360023225,80.89431268765135,-113.53858722589501,24.866755138213996,-21.106868392575176,-8.992575218815878,86.41543859243387,151.77044963836659,0.003170715121138731,0.0060580606491673055
1767171601,472079590,88_1767171601-472079590.png,1202,-1202,0,0,0.01150811887254902,-0.01150811887254902,33.79,171.4,-53.0,79.0,59.0,22.0,-38.0,15.0,15.430279922809023,78.72497677741794,-89.67203932323332,21.53753651684798,-22.184313355517883,-8.105127045132278,95.72733891010279,153.97338342666615,0.003170715121138731,0.018450029549974878
1767171601,538775146,89_1767171601-538775146.png,1202,-1202,0,0,0.01150811887254902,-0.01150811887254902,31.02,171.61,-85.0,52.0,-175.0,42.0,-8.0,1.0,-3.6666081904232533,75.57848626465946,-84.24466209426386,24.01716918462088,-22.154878324716254,-4.604284437746772,22.156416863202995,220.10180473327625,0.003170715121138731,-0.03634704915157768
1767171601,572123291,90_1767171601-572123291.png,1202,-1202,0,0,0.01150811887254902,-0.01150811887254902,28.18,171.57,10.0,33.0,65.0,11.0,-15.0,-4.0,-3.829388874603982,68.725139435331,-64.83064579200875,22.591402898141308,-20.732374205878205,-4.366980602735202,30.009846329688973,204.12444496154774,0.003170715121138731,-0.04023965457950249
1767171601,605470703,91_1767171601-605470703.png,1203,-1202,0,0,0.011517693014705883,-0.01150811887254902,26.18,171.7,-45.0,-59.0,-223.0,37.0,12.0,-9.0,-2.257919049112417,47.62563606762843,-75.31090130359895,24.481806234753233,-15.145440388260115,-5.934532926760849,54.67702442407603,225.03039264678944,0.003170715121138731,-0.04443847786942505
1767171601,672166260,92_1767171601-672166260.png,1202,-1202,0,0,0.01150811887254902,-0.01150811887254902,26.18,171.6,40.0,60.0,-69.0,53.0,-2.0,3.0,1.6855958926872292,43.85639616523091,-82.11540439876336,29.30733863871012,-11.802717583298689,-4.788322532197323,91.71941763162607,169.275562763214,0.003170715121138731,-0.015199772100548016
1767171601,705514648,93_1767171601-705514648.png,1202,-1202,0,0,0.01150811887254902,-0.01150811887254902,24.46,171.95,-25.0,203.0,-383.0,100.0,76.0,9.0,4.58344317134795,60.16554704344355,-106.9087940546985,33.73125997972797,-4.988654941182594,-1.5553337334013106,-13.853507041931204,201.8117513656615,0.003170715121138731,-0.015199772100548016
1767171601,738861816,94_1767171601-738861816.png,1202,-1202,0,0,0.01150811887254902,-0.01150811887254902,24.67,172.05,-90.0,-65.0,-159.0,-12.0,40.0,3.0,-9.751624891044928,60.24851004978724,-142.00377857615146,35.23589677942871,8.835847963482411,0.09100998742997742,44.849441438913296,221.88160443305958,0.003170715121138731,-0.015199772100548016
1767171601,805557373,95_1767171601-805557373.png,1202,-1202,0,0,0.01150811887254902,-0.01150811887254902,25.26,172.44,-88.0,-46.0,3.0,-37.0,44.0,-11.0,-29.761851229600918,19.278823140228113,-133.12891416872213,23.008801598109986,19.34119674286409,-3.8233308490692823,72.89950042963022,252.85565018653858,0.003170715121138731,-0.015199772100548016
1767171601,838905762,96_1767171601-838905762.png,1202,-1202,0,0,0.01150811887254902,-0.01150811887254902,25.67,172.38,-117.0,-29.0,51.0,-9.0,40.0,-11.0,-47.01968001724528,7.1744564238658555,-95.68311611032189,13.690998146920448,24.267721579824734,-5.42738905312274,72.67143374681467,252.86267137527454,0.003170715121138731,-0.015199772100548016
1767171601,905601318,97_1767171601-905601318.png,1202,-1202,0,0,0.01150811887254902,-0.01150811887254902,27.15,172.62,-12.0,-97.0,244.0,-41.0,8.0,-15.0,-42.66797811494659,-10.40354193807461,-49.59065172238644,2.539212219349168,23.014978210287158,-7.7901434194185475,52.52623611688609,272.3726921081542,0.003170715121138731,-0.015199772100548016
1767171601,938948730,98_1767171601-938948730.png,1202,-1202,0,0,0.01150811887254902,-0.01150811887254902,27.4,172.62,-27.0,-54.0,131.0,-12.0,47.0,-6.0,-37.935976277383126,-23.70682454940198,-1.521025954925249,-3.481501740107612,23.563188732989495,-8.407228160001475,-9.484393596649221,242.40769147872913,0.003170715121138731,-0.015199772100548016
1767171601,972296875,99_1767171601-972296875.png,1202,-1202,0,0,0.01150811887254902,-0.01150811887254902,27.84,173.24,-28.0,33.0,333.0,-1.0,32.0,0.0,-35.9107264421103,-16.99892094669046,54.3337338843201,-3.5643090915673143,26.023269318489973,-7.0517882393389515,100.90416687726969,168.91175055503834,0.003170715121138731,-0.015199772100548016
1767171602,5644287,100_1767171602-5644287.png,1202,-1202,0,0,0.01150811887254902,-0.01150811887254902,28.26,173.41,-61.0,34.0,182.0,17.0,40.0,-14.0,-39.57982765791564,-9.540745546812477,73.00388195144366,-0.5569469486989274,28.067251955858353,-8.06790742508945,21.75191020965571,304.5205659866332,0.003170715121138731,-0.015199772100548016
1767171602,38992432,101_1767171602-38992432.png,1202,-1202,0,0,0.01150811887254902,-0.01150811887254902,28.98,174.84,-23.0,-34.0,271.0,-23.0,-10.0,-28.0,-37.86916429917729,-11.283457392594325,79.88322100125218,1.2101297658302217,25.145104477355552,-12.52293188648488,71.60032558441156,315.14520072937,0.003170715121138731,-0.05264867868281446
1767171602,105688232,102_1767171602-105688232.png,1202,-1202,0,0,0.01150811887254902,-0.01150811887254902,29.3,176.16,-102.0,-28.0,235.0,-38.0,-1.0,-15.0,-46.469787293944705,-14.916694968582993,112.56743551657895,-5.790758892313187,19.482726891453062,-13.694977345928226,41.53559097647662,274.66475200653065,0.003170715121138731,-0.029751342444194803
1767171602,139035400,103_1767171602-139035400.png,1202,-1202,50,0,0.01150811887254902,-0.01150811887254902,31.99,183.2,-78.0,21.0,116.0,-5.0,30.0,-15.0,-58.01139045031864,-8.142937293948558,98.99165961516017,-4.095514911761777,20.875216109745754,-12.928678244408314,95.84293079376215,281.5063989162444,0.003170715121138731,-0.03835778700744708
1767171602,172383789,104_1767171602-172383789.png,1201,-1202,-50,0,0.011498544730392158,-0.01150811887254902,34.72,187.77,-37.0,72.0,-6.0,38.0,26.0,-15.0,-58.26975682299909,2.2594921654162388,91.32744991596941,-0.3834529247355629,22.325055187054534,-13.339968266360328,117.39055669307703,322.50440955162037,0.003170715121138731,-0.029582809955789716
1767171602,239079346,105_1767171602-239079346.png,1202,-1202,0,0,0.01150811887254902,-0.01150811887254902,41.99,200.34,-41.0,-71.0,-24.0,-5.0,82.0,-42.0,-59.59122928295675,3.761173121631415,60.08704123891353,6.4321186075273955,31.974029276176157,-16.53508101999017,73.24887365102762,212.8524990081786,0.003170715121138731,-0.028222774390532543
1767171602,272426514,106_1767171602-272426514.png,1202,-1202,0,0,0.01150811887254902,-0.01150811887254902,45.85,213.71,9.0,-190.0,164.0,-34.0,55.0,-55.0,-51.37449335147999,-21.85365101808894,60.40507879637113,1.537502874007972,39.46378768094187,-22.768046718400033,82.1802299022674,214.31347942352284,0.003170715121138731,-0.04930364198136207
1767171602,305774902,107_1767171602-305774902.png,1202,-1202,0,0,0.01150811887254902,-0.01150811887254902,48.96,224.07,7.0,-156.0,219.0,-23.0,-10.0,-45.0,-39.678773518137774,-50.26924773695887,89.01860568783528,-3.9103072689599916,33.04300202284435,-27.705735397771146,145.48406004905695,284.12702178955067,0.003170715121138731,-0.008000747520757948
1767171602,372470459,108_1767171602-372470459.png,1202,-1202,0,0,0.01150811887254902,-0.01150811887254902,55.35,251.38,-15.0,-52.0,251.0,-23.0,-49.0,-38.0,-37.0889585555617,-43.87276212736834,105.53814024510164,-0.5956821934622205,16.8336629125833,-28.809550168940135,48.27550694346423,240.02249336242664,0.003170715121138731,-0.011769399634129258
1767171602,405817627,109_1767171602-405817627.png,1202,-1202,0,0,0.01150811887254902,-0.01150811887254902,67.75,298.39,-16.0,-163.0,-56.0,25.0,36.0,-45.0,-29.774252881348186,-70.11443907008132,98.59788521058091,-0.8503256705644042,15.675059231053336,-31.64835503570551,48.27550694346423,240.02249336242664,0.003170715121138731,-0.011769399634129258
1767171602,472513184,110_1767171602-472513184.png,1202,-1202,0,0,0.01150811887254902,-0.01150811887254902,75.21,328.8,-64.0,-46.0,287.0,13.0,-46.0,-43.0,-33.38225760034386,-76.01001432977068,110.46807219699642,3.797373643695526,8.717304873254967,-34.66280297417768,-50.05272889137273,187.5793719291686,0.003170715121138731,-0.011769399634129258
1767171602,505861572,111_1767171602-505861572.png,1202,-1202,0,0,0.01150811887254902,-0.01150811887254902,91.06,371.79,23.0,-104.0,-142.0,10.0,-30.0,-29.0,-30.286256591681443,-85.41164386305513,83.53721944046495,6.127227871842915,-0.06879537504741173,-33.81293283698693,-63.32878142595296,183.508228778839,0.003170715121138731,-0.011769399634129258
1767171602,572557373,112_1767171602-572557373.png,1202,-1202,0,0,0.01150811887254902,-0.01150811887254902,102.56,415.89,8.0,3.0,239.0,72.0,-129.0,-55.0,-21.097477731159696,-81.1591404406647,62.34756690970199,11.283328935584407,-10.9887631319294,-32.721712983550205,-72.91303700208668,177.86763501167286,0.003170715121138731,-0.011769399634129258
1767171602,605905273,113_1767171602-605905273.png,1202,-1202,0,0,0.01150811887254902,-0.01150811887254902,107.62,445.29,63.0,94.0,202.0,89.0,-116.0,-83.0,-12.698300504614913,-61.038152832279735,90.60849722216923,22.81801110362283,-30.58635562077868,-38.28773755564698,-94.92614752054219,175.87462043762196,0.003170715121138731,-0.011769399634129258
1767171602,639254395,114_1767171602-639254395.png,1202,-1202,0,0,0.01150811887254902,-0.01150811887254902,113.43,464.19,55.0,134.0,247.0,70.0,-72.0,-59.0,3.0511013257027484,-20.53588313595247,122.08650793745642,34.83176085415152,-43.24252936460803,-44.771576970396076,-110.82879832386975,174.16402959823597,0.003170715121138731,-0.011769399634129258
1767171602,672602295,115_1767171602-672602295.png,1202,-1202,0,0,0.01150811887254902,-0.01150811887254902,120.01,481.88,-44.0,167.0,81.0,75.0,-19.0,-59.0,-3.8297377181534324,6.8897071360652165,116.07794193100419,40.70603755438088,-39.69725756705498,-46.852367556717994,-172.19510069489485,173.80279660224903,0.003170715121138731,-0.011769399634129258
1767171602,739299072,116_1767171602-739299072.png,1202,-1202,0,0,0.01150811887254902,-0.01150811887254902,127.46,524.63,-241.0,-56.0,-157.0,34.0,14.0,-38.0,-63.63109466063175,-3.292469177045744,72.51199369426405,39.51232678317567,-27.76205131420721,-44.327662265240875,-210.06358623504644,170.87109208106983,0.003170715121138731,-0.0013906008212140608
1767171602,805995850,117_1767171602-805995850.png,1202,-1202,0,0,0.01150811887254902,-0.01150811887254902,133.34,561.07,-81.0,-2.0,178.0,44.0,-58.0,-53.0,-78.68575819842033,-14.442139397420227,90.63636866187868,34.79609209297515,-27.604206283794834,-44.93595356563315,-220.3234698772431,157.0502402782439,0.003170715121138731,0.02138966859625953
1767171602,839344727,118_1767171602-839344727.png,1202,-1202,-50,0,0.01150811887254902,-0.01150811887254902,136.04,576.03,-100.0,-61.0,23.0,50.0,-101.0,-47.0,-81.92387812934642,-20.599845718875528,85.31616124061203,37.50110822255242,-39.928116554048444,-45.65973226282031,-238.13786756992346,161.83023691177357,0.003170715121138731,0.01627420947493595
1767171602,872692627,119_1767171602-872692627.png,1202,-1202,0,0,0.01150811887254902,-0.01150811887254902,138.47,611.22,-192.0,29.0,143.0,6.0,-115.0,-58.0,-103.0721981762797,-34.13178109227528,104.91978816192787,33.049024688908524,-48.084325598970196,-46.9421956882474,-245.43372854590422,143.40391516685474,0.003170715121138731,-0.005092931859342481
1767171602,939389648,120_1767171602-939389648.png,1202,-1202,0,0,0.01150811887254902,-0.01150811887254902,139.99,663.75,-36.0,61.0,287.0,25.0,-179.0,-77.0,-124.02476476340003,0.6985057542133821,117.3167411426352,30.98328688578191,-69.20890229042755,-51.8065491090729,-252.8868724107743,169.36956071853626,0.003170715121138731,-0.009084336186058903
1767171602,972738525,121_1767171602-972738525.png,1202,-1202,0,0,0.01150811887254902,-0.01150811887254902,141.11,686.96,-183.0,-66.0,218.0,37.0,-116.0,-80.0,-119.85025926638599,1.1782410876138263,144.76497796526638,30.881265959652126,-85.30773181099343,-57.08057374970672,-246.768295288086,235.84044408798206,0.003170715121138731,-0.009084336186058903
1767171603,6086426,122_1767171603-6086426.png,1201,-1202,0,0,0.011498544730392158,-0.01150811887254902,142.35,715.11,-239.0,-286.0,323.0,17.0,-103.0,-63.0,-140.57906943511296,-44.33414410859729,174.66221191060228,29.171389978136222,-89.50096891106897,-59.14543661954404,-272.4800863265992,240.8279240131377,0.003170715121138731,-0.009084336186058903
1767171603,39435547,123_1767171603-39435547.png,1202,-1202,50,0,0.01150811887254902,-0.01150811887254902,143.53,745.51,-327.0,-217.0,367.0,22.0,-82.0,-40.0,-167.84160700555992,-69.58511442136634,202.79004153850306,28.1226328020035,-88.40401350947798,-56.34557297997672,-284.8922518789769,189.513351202011,0.003170715121138731,-0.009084336186058903
1767171603,106132324,124_1767171603-106132324.png,1202,-1202,0,0,0.01150811887254902,-0.01150811887254902,146.14,818.64,-172.0,-173.0,180.0,53.0,-127.0,-82.0,-168.2272248733759,-102.93086419583948,220.08361967194827,31.835791451000354,-98.86552077036144,-61.92645604376336,-283.0101822316647,219.5551550388335,0.003170715121138731,-0.009084336186058903
1767171603,139480225,125_1767171603-139480225.png,1202,-1202,0,0,0.01150811887254902,-0.01150811887254902,147.57,857.09,-283.0,-106.0,73.0,47.0,-79.0,-70.0,-185.1120656204197,-105.24176644864589,197.50863219028832,34.61586550288505,-96.70801603802691,-63.64059426365656,-353.5847418606282,18.631516456603883,0.003170715121138731,-0.009084336186058903
1767171603,172829346,126_1767171603-172829346.png,1202,-1202,0,0,0.01150811887254902,-0.01150811887254902,148.83,881.76,-347.0,83.0,390.0,-23.0,-95.0,-24.0,-208.7868529946259,-77.71294651097669,225.6589215971551,26.19001603862925,-96.45823265122299,-57.84348131527107,-281.9110852479935,212.04219651222218,0.003170715121138731,-0.009084336186058903
1767171603,206177246,127_1767171603-206177246.png,1202,-1202,0,0,0.01150811887254902,-0.01150811887254902,150.27,933.46,-474.0,130.0,83.0,-19.0,-32.0,-30.0,-254.47837816149843,-40.96657770779185,222.825331081435,15.971707852845972,-86.31061333584759,-52.464908385456205,-314.1851184368134,110.38097190856921,0.003170715121138731,-0.009084336186058903
1767171603,272874268,128_1767171603-272874268.png,1202,-1202,0,0,0.01150811887254902,-0.01150811887254902,150.91,955.84,-119.0,37.0,389.0,-3.0,-197.0,-80.0,-256.9335817030706,-12.222114758006551,232.94343241796778,9.649794527084966,-96.9888777472023,-54.21289769799883,-321.6853432655335,79.84825801849352,0.003170715121138731,-0.009084336186058903
1767171603,306223145,129_1767171603-306223145.png,1202,-1202,0,0,0.01150811887254902,-0.01150811887254902,152.3,984.48,-210.0,124.0,38.0,24.0,-132.0,-83.0,-234.1608731100838,6.040813784145367,218.6704198227142,9.479081271296131,-113.82494868820648,-58.83074545247205,-271.44079840183264,237.4689300060271,0.003170715121138731,0.004417025418707116
1767171603,339571289,130_1767171603-339571289.png,1202,-1202,0,0,0.01150811887254902,-0.01150811887254902,152.95,1000.57,-322.0,-9.0,328.0,-16.0,-95.0,-61.0,-242.67048989290893,13.661088501781789,217.25164809720243,7.609878805176412,-113.03776567077554,-61.01599621189321,-295.454038143158,203.56418275833119,0.003170715121138731,0.004417025418707116
1767171603,406268066,131_1767171603-406268066.png,1202,-1202,0,0,0.01150811887254902,-0.01150811887254902,153.52,1024.67,-215.0,52.0,228.0,-3.0,-144.0,-69.0,-241.5587518475345,17.59470506941338,221.566352483264,5.7017007901809205,-116.22174497965997,-61.96416385575657,-294.00050267577177,198.5292739868163,0.003170715121138731,0.004417025418707116
1767171603,439617188,132_1767171603-439617188.png,1202,-1202,0,0,0.01150811887254902,-0.01150811887254902,154.52,1064.16,-311.0,82.0,136.0,13.0,-122.0,-73.0,-229.95058713691807,21.460116060117127,202.92859810406603,11.818382151964657,-128.7632936527369,-65.52827867516513,-310.7457403838635,182.86141967773426,0.003170715121138731,0.004417025418707116
1767171603,506314209,133_1767171603-506314209.png,1202,-1202,0,0,0.01150811887254902,-0.01150811887254902,155.78,1099.51,-420.0,-14.0,238.0,-30.0,-153.0,-57.0,-263.0622229201087,20.421890264999845,208.99796526032506,6.910573099197668,-133.22619894940362,-65.0599358050505,-280.34819206595427,138.18444943428028,0.003170715121138731,0.004417025418707116
1767171603,539662109,134_1767171603-539662109.png,1202,-1202,0,0,0.01150811887254902,-0.01150811887254902,156.48,1146.68,-324.0,13.0,206.0,22.0,-239.0,-73.0,-284.10018932523167,16.67677868341771,210.80047512974338,6.265261398996457,-150.22264081792164,-65.59832780260018,-289.94959160685545,270.90712642669666,0.003170715121138731,0.004417025418707116
1767171603,606357910,135_1767171603-606357910.png,1202,-1202,0,0,0.01150811887254902,-0.01150811887254902,158.36,1164.07,-451.0,54.0,346.0,-22.0,-213.0,-59.0,-313.55173004691017,24.914199714489985,245.73029143786513,0.15708285549957834,-163.31174530783107,-64.22823149742533,-289.3690346181393,257.34004044532765,0.003170715121138731,0.004417025418707116
1767171603,673053467,136_1767171603-673053467.png,1202,-1202,0,0,0.01150811887254902,-0.01150811887254902,160.14,1194.91,-431.0,51.0,447.0,-23.0,-172.0,-37.0,-340.5764270046326,27.67477761041716,273.18642003621517,0.7326010179687851,-172.94166381984914,-60.32584591817448,-288.7296426594258,253.95740365982044,0.003170715121138731,0.004417025418707116
1767171603,706401855,137_1767171603-706401855.png,1202,-1202,0,0,0.01150811887254902,-0.01150811887254902,160.59,1208.28,-439.0,-53.0,292.0,-51.0,-150.0,-51.0,-354.9700701887592,15.876750699346086,275.9377523519755,-6.832869096334794,-169.5866329768961,-58.96201716809785,-278.0058329403401,273.9775352478026,0.003170715121138731,-0.013332661269760848
1767171603,739749023,138_1767171603-739749023.png,1202,-1202,0,0,0.01150811887254902,-0.01150811887254902,161.19,1230.72,-349.0,-121.0,474.0,-81.0,-212.0,-65.0,-373.55287083517703,0.09214469576619733,270.92452813107747,-20.736117712749923,-168.3988405620926,-58.78814887245919,-298.0226456522942,237.55705308914173,0.003170715121138731,-0.04018375860205192
1767171603,773097168,139_1767171603-773097168.png,1202,-1202,0,0,0.01150811887254902,-0.01150811887254902,161.25,1240.15,-282.0,-42.0,469.0,-29.0,-265.0,-76.0,-361.34923318834484,-11.448322969069267,305.4252590369556,-24.9724173153209,-182.23095011095558,-61.16860647899164,-281.83588558435446,296.8707659244536,0.003170715121138731,-0.04018375860205192
1767171603,839792725,140_1767171603-839792725.png,1202,-1202,0,0,0.01150811887254902,-0.01150811887254902,161.32,1256.76,-345.0,-23.0,370.0,-2.0,-234.0,-73.0,-355.6441692281237,-14.502648439285062,322.6148441964854,-21.66427768467907,-200.05855553889276,-64.30451779889702,-287.4034530818463,272.18211698532093,0.003170715121138731,-0.04018375860205192
1767171603,873140137,141_1767171603-873140137.png,1202,-1202,0,0,0.01150811887254902,-0.01150811887254902,161.45,1273.56,-384.0,-173.0,352.0,-39.0,-208.0,-78.0,-358.7212678936897,-33.56732214402166,327.40589531963366,-23.184632465510557,-201.93306678779317,-66.17022785645045,-287.4034530818463,272.18211698532093,0.003170715121138731,-0.04018375860205192
1767171603,939835449,142_1767171603-939835449.png,1202,-1202,0,0,0.01150811887254902,-0.01150811887254902,161.8,1307.96,-468.0,-19.0,256.0,35.0,-276.0,-88.0,-365.9302910000153,-47.53366481783501,315.13225439933916,-14.670091171490322,-208.93829390140107,-70.38905030709647,-283.5045648217202,257.04371762275684,0.003170715121138731,-0.04018375860205192
1767171603,973183838,143_1767171603-973183838.png,1202,-1202,0,0,0.01150811887254902,-0.01150811887254902,162.3,1324.44,-372.0,-15.0,559.0,-21.0,-324.0,-82.0,-374.79158156793346,-41.39265149308365,339.3911659763981,-11.460945770773954,-227.95737914333864,-73.17307145821268,-304.1307026147843,273.18958592414845,0.003170715121138731,-0.04018375860205192
1767171604,6531006,144_1767171604-6531006.png,1202,-1202,0,0,0.01150811887254902,-0.01150811887254902,162.78,1343.37,-422.0,-56.0,487.0,-29.0,-287.0,-91.0,-380.3240040723411,-42.40429007161881,362.9526005674964,-13.806461453021123,-237.60673284955868,-75.53325794840809,-306.59008228778845,275.78312706947315,0.003170715121138731,-0.04018375860205192
1767171604,39879395,145_1767171604-39879395.png,1202,-1202,0,0,0.01150811887254902,-0.01150811887254902,163.68,1402.65,-560.0,-36.0,406.0,-56.0,-227.0,-83.0,-408.20982524508355,-39.52847176800677,348.3795961799834,-15.689737146345676,-240.27989436332336,-77.77952427428873,-332.0133481919766,211.31514525413502,0.003170715121138731,-0.04018375860205192
1767171604,73226563,146_1767171604-73226563.png,1202,-1202,0,0,0.01150811887254902,-0.01150811887254902,164.11,1422.38,-537.0,-105.0,385.0,-86.0,-274.0,-67.0,-435.617188510536,-47.02596667090948,357.3258557487341,-27.258307005934967,-243.2272132340127,-76.91510912203762,-312.19024929404264,247.02992630004871,0.003170715121138731,-0.04018375860205192
1767171604,139922119,147_1767171604-139922119.png,1202,-1202,0,0,0.01150811887254902,-0.01150811887254902,164.38,1442.15,-395.0,-254.0,364.0,-74.0,-343.0,-76.0,-433.57209761560756,-73.20738736630157,358.8778924108955,-34.423039101267406,-255.92560433044466,-76.53442577316252,-343.16328933835035,195.11425375938404,0.003170715121138731,0.005530169009951236
1767171604,173270264,148_1767171604-173270264.png,1202,-1202,0,0,0.01150811887254902,-0.01150811887254902,164.67,1461.86,-505.0,-104.0,520.0,-102.0,-279.0,-57.0,-444.0178445949411,-77.71055531141718,382.44068387571247,-44.305617360134484,-259.30004612166647,-73.67767564889157,-343.6053958237172,189.58915138244618,0.003170715121138731,0.01074367761070577
1767171604,206617432,149_1767171604-206617432.png,1202,-1202,0,0,0.01150811887254902,-0.01150811887254902,165.1,1498.63,-550.0,141.0,517.0,-47.0,-249.0,-50.0,-458.79450055953043,-41.06312075929708,417.43728986106834,-49.43005666224769,-260.58905427319155,-68.25246905697033,-330.0804960429669,181.64775705337513,0.003170715121138731,9.749926218796667e-05
1767171604,273312988,150_1767171604-273312988.png,1202,-1202,0,0,0.01150811887254902,-0.01150811887254902,165.2,1516.09,-410.0,-90.0,556.0,-22.0,-299.0,-83.0,-444.20568810068596,-39.2553960026522,457.05187488988406,-40.775154002444616,-270.86221302281103,-71.21997760954918,-330.79723066091543,179.24622392654408,0.003170715121138731,0.004453053646160193
1767171604,306661377,151_1767171604-306661377.png,1202,-1202,0,0,0.01150811887254902,-0.01150811887254902,165.3,1522.25,-517.0,-96.0,510.0,-35.0,-299.0,-81.0,-451.91641634015554,-47.38925984643636,466.05681451893014,-39.574014978070245,-274.9771344122193,-72.70508287216316,-324.5305920243264,217.18786811828602,0.003170715121138731,0.0207576901598239
1767171604,340008545,152_1767171604-340008545.png,1202,-1202,0,0,0.01150811887254902,-0.01150811887254902,165.36,1527.96,-530.0,-63.0,372.0,-44.0,-288.0,-95.0,-461.19379004790585,-49.24402449056568,454.8816074247735,-40.09988117361045,-276.5244249583341,-75.35401710755013,-324.7158637344838,215.44546699523914,0.003170715121138731,-0.01978234151011174
1767171604,373356689,153_1767171604-373356689.png,1202,-1202,0,0,0.01150811887254902,-0.01150811887254902,165.4,1540.45,-481.0,108.0,359.0,24.0,-349.0,-116.0,-461.14569693664026,-39.99337541460069,461.823538912465,-39.74951553405507,-285.3775553400007,-82.3173907723687,-314.0254977345467,227.0600893497466,0.003170715121138731,0.0017940785707572515
1767171604,440052246,154_1767171604-440052246.png,1202,-1202,0,0,0.01150811887254902,-0.01150811887254902,165.45,1543.41,-624.0,126.0,38.0,23.0,-281.0,-103.0,-482.0783595163434,-8.4685718107597,403.2673895851358,-27.209967366125426,-289.9313760187808,-87.46097202769593,-325.51727914810186,118.97204113006579,0.003170715121138731,0.0053986235301124175
1767171604,473399414,155_1767171604-473399414.png,1202,-1202,0,0,0.01150811887254902,-0.01150811887254902,165.31,1557.38,-564.0,-62.0,339.0,-50.0,-301.0,-93.0,-506.83270269956836,-0.5135452322689902,387.1485783061572,-29.005540931936938,-288.4970808763227,-89.95181735722912,-331.1432919800282,191.5292921066283,0.003170715121138731,-0.023138705353188294
1767171604,540094971,156_1767171604-540094971.png,1202,-1202,0,0,0.01150811887254902,-0.01150811887254902,165.3,1575.51,-718.0,79.0,279.0,11.0,-386.0,-106.0,-542.131413781295,6.363707382706691,367.61237400058286,-24.777263581172228,-303.7221652041437,-92.53426079191287,-323.28155028820044,216.75470376014698,0.003170715121138731,-0.0577485308810341
1767171604,573443115,157_1767171604-573443115.png,1202,-1202,0,0,0.01150811887254902,-0.01150811887254902,165.44,1601.96,-597.0,175.0,575.0,-74.0,-406.0,-78.0,-570.6000451868716,34.515017204889375,400.3352077061126,-29.74152099212934,-322.95605317176233,-90.02250032019697,-336.18946215510374,194.81119632720936,0.003170715121138731,-0.0577485308810341
1767171604,606790283,158_1767171604-606790283.png,1202,-1202,0,0,0.01150811887254902,-0.01150811887254902,165.37,1616.9,-444.0,22.0,476.0,-72.0,-412.0,-92.0,-561.9950569228768,48.563213332182855,426.057486178315,-38.348656065560014,-339.9886173468438,-88.90231620984747,-349.733324199915,167.7341969013213,0.003170715121138731,-0.0577485308810341
1767171604,640138672,159_1767171604-640138672.png,1202,-1202,0,0,0.01150811887254902,-0.01150811887254902,165.28,1632.45,-491.0,-25.0,349.0,-73.0,-313.0,-108.0,-550.3234725471157,39.09433208530495,418.27187269355665,-43.38870347032392,-338.7571699278365,-91.25634106659041,-375.9471606612206,150.10198593139637,0.003170715121138731,0.012681603206286779
1767171604,706833984,160_1767171604-706833984.png,1202,-1202,0,0,0.01150811887254902,-0.01150811887254902,165.2,1670.77,-492.0,-119.0,572.0,-129.0,-358.0,-118.0,-534.3243967958817,19.757655092818286,428.88607532570813,-52.853506430891784,-340.85270665451213,-93.75877858756995,-368.0311946868897,169.13829135894764,0.003170715121138731,0.01693412096475197
1767171604,740181152,161_1767171604-740181152.png,1202,-1202,0,0,0.01150811887254902,-0.01150811887254902,165.27,1685.99,-489.0,-118.0,409.0,-109.0,-400.0,-119.0,-524.4257401831737,-11.109843625039789,437.03606833784096,-66.94818201811961,-350.8274570529296,-99.32317879260319,-368.0311946868897,169.13829135894764,0.003170715121138731,0.0015933743774735332
1767171604,773529297,162_1767171604-773529297.png,1202,-1202,0,0,0.01150811887254902,-0.01150811887254902,165.36,1720.71,-619.0,239.0,353.0,-70.0,-354.0,-127.0,-520.5080942260097,-9.968599024573859,456.80217792285043,-76.54373365792985,-356.75993722071325,-103.68112151721941,-428.0770221352578,65.16766881942736,0.003170715121138731,0.042562140548063065
1767171604,840224609,163_1767171604-840224609.png,1202,-1202,0,0,0.01150811887254902,-0.01150811887254902,165.4,1747.68,-680.0,200.0,357.0,-2.0,-342.0,-115.0,-545.5857724947061,34.83389112896976,436.66605129147416,-67.16507429455136,-354.7861524893126,-106.88565186613747,-428.0770221352578,65.16766881942736,0.003170715121138731,-0.0017313836179562447
1767171604,873572021,164_1767171604-873572021.png,1202,-1202,0,0,0.01150811887254902,-0.01150811887254902,165.35,1765.41,-606.0,103.0,521.0,-81.0,-377.0,-115.0,-556.4505653954658,47.463187852301004,444.5009350227714,-67.0214709617544,-357.07475012872163,-108.07230896622157,-469.206757336855,-17.66272759437573,0.003170715121138731,0.013842899941459097
1767171604,906920166,165_1767171604-906920166.png,1202,-1202,0,0,0.01150811887254902,-0.01150811887254902,165.34,1797.71,-824.0,-38.0,453.0,-214.0,-319.0,-86.0,-586.3906952677125,22.477449910396796,449.82586059724986,-90.71957427998498,-357.3596322615448,-108.2928338039952,-478.7487374544144,-35.91896462440503,0.003170715121138731,0.0026578689569614344
1767171604,973615479,166_1767171604-973615479.png,1202,-1202,0,0,0.01150811887254902,-0.01150811887254902,165.3,1812.21,-749.0,150.0,720.0,-156.0,-327.0,-86.0,-618.5425073386723,34.362860598030004,482.09757410561497,-105.13329383910224,-351.68096079848715,-104.4402636903116,-469.61821249127394,-16.659700632095458,0.003170715121138731,0.0026578689569614344
1767171605,6962646,167_1767171605-6962646.png,1202,-1202,0,0,0.01150811887254902,-0.01150811887254902,165.0,1838.29,-721.0,-12.0,735.0,-130.0,-379.0,-143.0,-646.8570069978952,30.253360519339726,558.7385214332073,-119.36904007589082,-356.6584883127397,-109.42090794276893,-483.2970183193684,-32.647090673446776,0.003170715121138731,0.0026578689569614344
1767171605,40310791,168_1767171605-40310791.png,1202,-1202,0,0,0.01150811887254902,-0.01150811887254902,164.83,1841.93,-750.0,-129.0,649.0,-165.0,-407.0,-127.0,-661.1454015178202,10.172987581702749,574.2973723664531,-125.08219902946024,-363.2525261679767,-112.43056181283143,-450.28683367371565,37.461055040359376,0.003170715121138731,0.0026578689569614344
1767171605,107006104,169_1767171605-107006104.png,1202,-1202,0,0,0.01150811887254902,-0.01150811887254902,164.46,1854.59,-669.0,31.0,514.0,-76.0,-408.0,-114.0,-664.3655217478869,-0.43785401586836015,576.0020624253445,-121.3117028175972,-369.5616016066731,-114.77719108480078,-481.90049952268606,-21.91384243965161,0.003170715121138731,0.0026578689569614344
1767171605,140353516,170_1767171605-140353516.png,1202,-1202,0,0,0.01150811887254902,-0.01150811887254902,164.48,1862.39,-708.0,55.0,345.0,-68.0,-404.0,-107.0,-668.6960814839026,7.167216145208071,549.9919516991674,-112.75706190167874,-375.8423772155947,-114.00935354121462,-483.87640640139585,-31.643060684204222,0.003170715121138731,0.0026578689569614344
1767171605,173701660,171_1767171605-173701660.png,1202,-1202,0,0,0.01150811887254902,-0.01150811887254902,164.44,1872.13,-693.0,-77.0,465.0,-125.0,-357.0,-112.0,-673.7062476286771,-0.24985310061978216,528.8235589424772,-111.79466399149538,-375.1242514072638,-113.3920882555713,-523.806193947792,-111.46881818771374,0.003170715121138731,0.0026578689569614344
1767171605,207048828,172_1767171605-207048828.png,1202,-1202,0,0,0.01150811887254902,-0.01150811887254902,164.53,1883.87,-701.0,-54.0,228.0,-101.0,-437.0,-141.0,-687.2847209535463,-25.233321285485474,491.0305138978772,-112.05368331964033,-379.21649212899706,-116.23130585401113,-506.28892584145075,-65.40609455108654,0.003170715121138731,0.0026578689569614344
1767171605,273744141,173_1767171605-273744141.png,1202,-1202,0,0,0.01150811887254902,-0.01150811887254902,164.65,1888.49,-660.0,72.0,394.0,-89.0,-424.0,-132.0,-685.136734045102,-15.974864705854408,458.52513105216224,-108.43305883199059,-389.1456452566498,-120.08015757215746,-511.76996177434927,-61.60376262664807,0.003170715121138731,0.0026578689569614344
1767171605,307092285,174_1767171605-307092285.png,1202,-1202,0,0,0.01150811887254902,-0.01150811887254902,164.68,1893.68,-668.0,104.0,650.0,-110.0,-497.0,-81.0,-672.6054593784708,9.254547802646186,453.4828460868856,-102.40383819597845,-404.10926369997037,-117.31392088112749,-489.8932237029076,-36.67094826698315,0.003170715121138731,0.0009645260632595298
1767171605,340439453,175_1767171605-340439453.png,1202,-1202,0,0,0.01150811887254902,-0.01150811887254902,164.6,1894.64,-637.0,108.0,734.0,-131.0,-467.0,-77.0,-668.0077662782321,28.54284131758962,502.48440973929786,-106.40724356206233,-418.9896227516209,-109.62802845759515,-490.1045360565186,-36.970566749572875,0.003170715121138731,-0.005695383584609415
1767171605,407134766,176_1767171605-407134766.png,1202,-1202,0,0,0.01150811887254902,-0.01150811887254902,164.33,1896.4,-622.0,74.0,688.0,-29.0,-527.0,-130.0,-670.9693448302796,41.56730843812937,537.048030902161,-100.68970729254742,-430.9643173475505,-110.1039035869076,-524.7245974391699,-94.4445848464967,0.003170715121138731,3.5645729464128806e-05
1767171605,440482910,177_1767171605-440482910.png,1202,-1202,0,0,0.01150811887254902,-0.01150811887254902,164.01,1899.48,-565.0,49.0,587.0,-44.0,-565.0,-145.0,-657.3479203681467,44.909620411988016,553.99414964606,-89.65809694555008,-451.00001206062547,-114.8998337534365,-524.7245974391699,-94.4445848464967,0.003170715121138731,0.019699674329551387
1767171605,473830078,178_1767171605-473830078.png,1202,-1202,0,0,0.01150811887254902,-0.01150811887254902,163.75,1903.05,-460.0,21.0,601.0,-128.0,-481.0,-139.0,-628.9132696613831,42.28973124932631,561.7454916579976,-94.05193671485046,-458.4167805374712,-119.22418897950757,-518.633651971817,-66.94917988777172,0.003170715121138731,0.015330519440385715
1767171605,540525391,179_1767171605-540525391.png,1202,-1202,0,0,0.01150811887254902,-0.01150811887254902,163.25,1914.36,-656.0,-77.0,788.0,-150.0,-501.0,-111.0,-613.5533981287049,23.740658988463295,577.3349821465225,-103.89676727128867,-463.01332445481285,-122.04122339417276,-502.03511205315596,-47.41709256172192,0.003170715121138731,-0.05727727484693984
1767171605,573874023,180_1767171605-573874023.png,1202,-1202,0,0,0.01150811887254902,-0.01150811887254902,163.07,1922.99,-587.0,37.0,1042.0,-148.0,-545.0,-120.0,-611.5627442351739,22.552885081740065,638.3216153003515,-110.40136153950807,-473.79635358245,-121.49585503616444,-559.3996623754501,-183.68575644493114,0.003170715121138731,-0.012140391356671498
1767171605,607221680,181_1767171605-607221680.png,1202,-1202,0,0,0.01150811887254902,-0.01150811887254902,163.13,1948.27,-744.0,72.0,805.0,-152.0,-512.0,-116.0,-630.2778630021326,30.168049268806705,673.424598627382,-117.48399496597607,-481.27554015431105,-120.65237925399869,-598.3757844120264,-256.26206493377697,0.003170715121138731,0.0018128605473987647
1767171605,640570313,182_1767171605-640570313.png,1202,-1202,0,0,0.01150811887254902,-0.01150811887254902,163.08,1957.86,-724.0,-57.0,745.0,-140.0,-398.0,-108.0,-654.3987856145189,20.207710567232432,663.9716902170269,-117.41633063079483,-466.360916984864,-119.65291611854792,-534.3588887155056,-108.39797949790966,0.003170715121138731,0.023472662098629027
1767171605,707266846,183_1767171605-707266846.png,1202,-1202,0,0,0.01150811887254902,-0.01150811887254902,163.18,1974.73,-632.0,9.0,547.0,-148.0,-491.0,-129.0,-656.441524790687,10.90815148564203,644.1484237730047,-119.84693506722542,-465.1879714136573,-120.27093696698407,-552.0119123458862,-132.95809769630443,0.003170715121138731,2.4724619485605448e-05
1767171605,773963379,184_1767171605-773963379.png,1202,-1202,0,0,0.01150811887254902,-0.01150811887254902,163.15,1988.28,-572.0,-38.0,710.0,-184.0,-506.0,-118.0,-645.2491888924891,15.349786201070003,666.7221584915739,-130.93364494154017,-472.38265424911305,-119.45341213422915,-565.1322405338287,-164.49254894256603,0.003170715121138731,0.009708395443762396
1767171605,807311035,185_1767171605-807311035.png,1202,-1202,0,0,0.01150811887254902,-0.01150811887254902,163.2,1992.03,-691.0,-163.0,640.0,-169.0,-462.0,-127.0,-639.8833840976183,-1.5305117048383652,669.9113637952839,-139.18511934318113,-475.4957654409248,-119.75379976317156,-562.6936089545488,-149.58097696304333,0.003170715121138731,0.0539149957315922
1767171605,840659668,186_1767171605-840659668.png,1202,-1202,0,0,0.01150811887254902,-0.01150811887254902,163.19,1993.53,-738.0,-206.0,573.0,-163.0,-414.0,-143.0,-654.3014085117065,-34.54408278426938,656.7816900054473,-143.6247432501158,-467.4604323742688,-122.90707683986815,-550.7570910155773,-121.19731998443615,0.003170715121138731,-0.007983990160715049
1767171605,907356201,187_1767171605-907356201.png,1202,-1202,0,0,0.01150811887254902,-0.01150811887254902,163.46,1994.94,-737.0,-113.0,531.0,-211.0,-320.0,-89.0,-654.4537959562856,-63.0021709141834,654.5659038389705,-153.0750596988662,-450.660334893494,-121.1069613850306,-539.9878562837839,-95.16103267669689,0.003170715121138731,0.029538138118598067
1767171605,940704102,188_1767171605-940704102.png,1202,-1202,0,0,0.01150811887254902,-0.01150811887254902,164.17,1995.11,-715.0,-61.0,481.0,-172.0,-326.0,-74.0,-668.2306098202615,-66.75164675974425,624.0894899126935,-159.94314860449188,-425.4287707687702,-112.94947277859517,-580.9202410727739,-175.22149848938,0.003170715121138731,0.029538138118598067
1767171605,974052734,189_1767171605-974052734.png,1202,-1202,0,0,0.01150811887254902,-0.01150811887254902,165.9,1992.71,-764.0,27.0,749.0,-149.0,-363.0,-75.0,-683.4789829458831,-52.8883863223499,638.5540709947521,-158.66320975596187,-413.65678354405645,-106.36460199431002,-535.6851757019758,-74.09058856964123,0.003170715121138731,0.029538138118598067
1767171606,40749268,190_1767171606-40749268.png,1202,-1202,0,0,0.01150811887254902,-0.01150811887254902,174.62,1985.9,-430.0,-9.0,608.0,-94.0,-474.0,-85.0,-644.2035253132467,-42.86949419479612,633.9235586446651,-144.31502454827623,-417.4073052398899,-102.1128809416347,-492.82737430930143,-9.29232430458081,0.003170715121138731,0.029538138118598067
1767171606,74096924,191_1767171606-74096924.png,1202,-1202,0,0,0.01150811887254902,-0.01150811887254902,194.48,1922.72,-357.0,-14.0,836.0,-121.0,-472.0,-73.0,-596.5099626024005,-37.74749497630704,662.7866759442114,-139.56828609543848,-426.8949745435708,-97.9761658528201,-468.6151606738568,35.90951561927783,0.003170715121138731,0.029538138118598067
1767171606,107445801,192_1767171606-107445801.png,1202,-1202,0,0,0.01150811887254902,-0.01150811887254902,207.65,1886.82,-461.0,-154.0,496.0,-97.0,-259.0,-74.0,-570.791220063702,-59.534338564804195,639.1781471844162,-133.70920272289996,-402.09383467781186,-93.10730111041103,-461.71841639280325,66.36542630195605,0.003170715121138731,0.029538138118598067
1767171606,174142334,193_1767171606-174142334.png,1202,-1202,0,0,0.01150811887254902,-0.01150811887254902,245.86,1711.54,-163.0,13.0,404.0,-59.0,-277.0,-72.0,-502.69199525018263,-80.286412833344,606.2363635263029,-114.74896053666195,-353.5588639069186,-82.13791191386774,-463.02051350474363,87.64177751541125,0.003170715121138731,0.029538138118598067
1767171606,207489990,194_1767171606-207489990.png,1202,-1202,0,0,0.01150811887254902,-0.01150811887254902,245.86,1711.54,-163.0,13.0,404.0,-59.0,-277.0,-72.0,-492.1184945020325,-77.38271192287907,599.9414070040756,-113.01367773875896,-351.1758368820953,-81.82235187505371,-441.0585101842881,159.81888127326954,0.003170715121138731,0.029538138118598067
1767171606,240838867,195_1767171606-240838867.png,1202,-1202,0,0,0.01150811887254902,-0.01150811887254902,256.09,1599.36,-126.0,90.0,364.0,-22.0,-226.0,-69.0,-430.84528464413086,-52.61445607127509,561.3269587660424,-99.28312685867871,-332.2975445047616,-79.76844702794125,-421.5267937481404,228.03474497795094,0.003170715121138731,0.029538138118598067
1767171606,274186768,196_1767171606-274186768.png,1202,-1202,0,0,0.01150811887254902,-0.01150811887254902,264.04,1524.88,-111.0,51.0,406.0,-7.0,-213.0,-70.0,-393.26803319561185,-40.30367337607916,542.8720393602114,-88.31865757256965,-318.123401222493,-78.60782491795504,-419.0109169185162,239.11919593811024,0.003170715121138731,-0.004631825551530799
1767171606,340883301,197_1767171606-340883301.png,1202,-1202,0,0,0.01150811887254902,-0.01150811887254902,270.67,1377.03,-228.0,-69.0,322.0,18.0,-192.0,-40.0,-357.5809747906738,-39.79485454091723,522.1476756662674,-67.42621359442236,-297.1627715493159,-72.2808837843303,-444.63763752579695,170.33404278755177,0.003170715121138731,0.03118555381344168
1767171606,374231934,198_1767171606-374231934.png,1202,-1202,0,0,0.01150811887254902,-0.01150811887254902,270.58,1303.64,-154.0,-13.0,610.0,-18.0,-210.0,-32.0,-323.0586631804815,-38.94039758310069,516.6237945359401,-54.74092056891293,-278.41986712518127,-64.92055403237107,-408.01572602987295,292.65790939331043,0.003170715121138731,0.019310717738104
1767171606,407579834,199_1767171606-407579834.png,1202,-1202,0,0,0.01150811887254902,-0.01150811887254902,269.55,1210.83,-62.0,59.0,668.0,24.0,-277.0,-21.0,-287.40438529198684,-26.592263802303968,537.1704769218608,-44.37769966540684,-276.37451650200677,-58.79924497950112,-408.01572602987295,292.65790939331043,0.003170715121138731,0.04620331804167915
1767171606,440928711,200_1767171606-440928711.png,1202,-1202,0,0,0.01150811887254902,-0.01150811887254902,266.71,1096.5,50.0,170.0,580.0,45.0,-272.0,-13.0,-237.34475290984744,-5.805491339238076,546.3792143997388,-29.847966712785734,-276.86148375932777,-51.36105710551121,-420.228592991829,127.40248274803149,0.003170715121138731,0.05853838912030809
1767171606,474276367,201_1767171606-474276367.png,1202,-1202,0,0,0.01150811887254902,-0.01150811887254902,265.04,1057.71,66.0,78.0,358.0,96.0,-197.0,-35.0,-186.23877106681329,16.250260331513786,532.0976147061886,-12.29731104878623,-269.23355959660375,-46.72271441101654,-417.1523552834988,186.8432934284209,0.003170715121138731,0.022419601766799246
1767171606,540973145,202_1767171606-540973145.png,1202,-1202,0,0,0.01150811887254902,-0.01150811887254902,260.68,973.58,-175.0,-224.0,233.0,38.0,-116.0,-15.0,-159.1953009139967,-4.717559278536794,472.68629942874105,6.3652546906402705,-245.11705571125862,-43.42712496478233,-414.86240214109426,185.67863583564747,0.003170715121138731,0.020214037662501294
1767171606,574321533,203_1767171606-574321533.png,1202,-1202,0,0,0.01150811887254902,-0.01150811887254902,258.04,934.43,-339.0,-156.0,319.0,50.0,-127.0,-3.0,-177.17615686784038,-42.10491390264375,432.8765391904863,13.73282232339266,-220.47459210308747,-36.69647539576075,-440.4418469667435,-49.15576815605176,0.003170715121138731,0.034999757685534816
1767171606,641017090,204_1767171606-641017090.png,1202,-1202,0,0,0.01150811887254902,-0.01150811887254902,247.91,882.88,-303.0,-71.0,388.0,55.0,-84.0,-16.0,-212.08317188808007,-33.177331920030454,413.8224181658522,27.945508814780716,-192.15096387411313,-30.419758304270697,-415.3473685383797,-22.077049255371215,0.003170715121138731,0.008121310511851804
1767171606,674364258,205_1767171606-674364258.png,1202,-1202,0,0,0.01150811887254902,-0.01150811887254902,242.24,856.33,-55.0,-177.0,360.0,25.0,-63.0,-36.0,-198.33345256556706,-58.046873212010354,403.33195787426826,30.25910260313537,-162.2930857983557,-29.773113255287782,-542.5971807092428,-580.0569362640382,0.003170715121138731,-0.012151411493402431
1767171606,741059814,206_1767171606-741059814.png,1202,-1202,0,0,0.01150811887254902,-0.01150811887254902,231.78,796.59,-78.0,-50.0,207.0,87.0,-66.0,-19.0,-169.8416310244964,-68.61791053717639,371.68636638601754,40.14813321206772,-145.55883665721302,-29.626322140955,-401.8518213033677,-60.97429156303418,0.003170715121138731,-0.03478605836304155
1767171606,774407959,207_1767171606-774407959.png,1202,-1202,0,0,0.01150811887254902,-0.01150811887254902,227.68,775.16,-99.0,-74.0,427.0,59.0,-100.0,-5.0,-154.67626383862068,-68.43086681047915,371.15877771516324,45.356458129173014,-134.73353453663043,-25.46893107038314,-387.46160587668425,2.59024953842151,0.003170715121138731,-0.029750272954758294
1767171606,807755127,208_1767171606-807755127.png,1202,-1202,0,0,0.01150811887254902,-0.01150811887254902,225.22,755.11,-139.0,-101.0,194.0,81.0,-77.0,-20.0,-152.38373836645607,-73.19383636827324,345.2507543040635,50.56903483100956,-126.29047693783933,-24.669144596167417,-352.13490793108946,94.47267770767199,0.003170715121138731,-0.03014454759752569
1767171606,841103516,209_1767171606-841103516.png,1202,-1202,0,0,0.01150811887254902,-0.01150811887254902,222.16,721.9,-101.0,-41.0,172.0,110.0,-29.0,-15.0,-144.03848445987342,-66.25100695992334,288.2936257884892,66.19094363233896,-104.64206004755896,-23.820689755059643,-355.4035606682301,74.18215870857226,0.003170715121138731,0.007945953282221974
1767171606,907798828,210_1767171606-907798828.png,1202,-1202,0,0,0.01150811887254902,-0.01150811887254902,219.08,697.27,-39.0,37.0,32.0,180.0,9.0,-39.0,-131.29569501058145,-59.65931883918326,242.84954688643106,80.46927317052152,-87.58931229458045,-22.674569639166727,-349.24829286336904,100.42435312271105,0.003170715121138731,-0.0036638754253606742
1767171606,941146240,211_1767171606-941146240.png,1202,-1202,0,0,0.01150811887254902,-0.01150811887254902,217.17,692.56,64.0,15.0,167.0,177.0,-36.0,-37.0,-98.42889577541179,-40.66887674203106,211.7623436802318,102.35895804844604,-71.3472248762981,-26.08584184599558,-336.04484242200857,138.50928688049305,0.003170715121138731,-0.0105137932109792
1767171606,974494385,212_1767171606-974494385.png,1202,-1202,0,0,0.01150811887254902,-0.01150811887254902,214.71,690.04,-176.0,84.0,171.0,126.0,28.0,12.0,-105.45653673311115,-20.957688707112734,204.6116382176745,107.79983048317929,-55.87916327603409,-20.80613920505571,-332.21985504031187,147.6051652431487,0.003170715121138731,-0.011922515258434685
1767171607,41189941,213_1767171607-41189941.png,1202,-1202,-50,0,0.01150811887254902,-0.01150811887254902,208.78,690.66,-358.0,45.0,142.0,124.0,28.0,32.0,-139.3236249125726,-12.959665165428243,185.85668368138838,110.31610791945587,-44.358943348465395,-12.105435019683338,-336.8698307871819,156.39096498489369,0.003170715121138731,0.0014474044837805011
1767171607,74537109,214_1767171607-74537109.png,1202,-1202,0,0,0.01150811887254902,-0.01150811887254902,206.88,693.32,-125.0,-52.0,236.0,179.0,-66.0,-11.0,-161.65752196207504,-10.229821112559108,185.65567347208997,118.01094176435619,-38.49840922768009,-7.239341730888398,-336.87009054422384,156.21615171432484,0.003170715121138731,-0.0016267804534146058
1767171607,107885254,215_1767171607-107885254.png,1202,-1202,0,0,0.01150811887254902,-0.01150811887254902,203.5,700.0,-45.0,20.0,62.0,248.0,-63.0,-34.0,-142.67930999815817,-7.994465125258599,170.20616849955275,140.2118618383743,-43.520510795306244,-11.349635273343532,-346.5433778464795,100.29739856719958,0.003170715121138731,-0.003240440303408129
1767171607,141232666,216_1767171607-141232666.png,1202,-1202,0,0,0.01150811887254902,-0.01150811887254902,197.44,713.17,-92.0,-112.0,194.0,242.0,-44.0,-31.0,-126.43073449226546,-25.255467132042057,148.52403205757122,165.48966265837254,-46.021796637198584,-17.603780270491185,-347.6188369393349,97.24719357490527,0.003170715121138731,-0.003240440303408129
1767171607,207927979,217_1767171607-207927979.png,1202,-1202,0,0,0.01150811887254902,-0.01150811887254902,192.86,744.01,-92.0,-185.0,76.0,268.0,-48.0,-22.0,-119.35765137783874,-55.765271800691586,137.9847537710391,187.8618954924743,-47.724127002553146,-18.88698860036679,-370.8002047538758,-4.470630407333495,0.003170715121138731,-0.003240440303408129
1767171607,274623535,218_1767171607-274623535.png,1202,-1202,0,0,0.01150811887254902,-0.01150811887254902,187.64,789.58,47.0,-181.0,-262.0,444.0,-50.0,-36.0,-102.76863002890948,-86.26083401085671,107.5501004534358,244.9725361657059,-59.883701937615015,-24.240082976787786,-397.130607187748,-58.08915615081799,0.003170715121138731,-0.003240440303408129
1767171607,307971680,219_1767171607-307971680.png,1203,-1202,0,0,0.011517693014705883,-0.01150811887254902,187.64,789.58,47.0,-181.0,-262.0,444.0,-50.0,-36.0,-98.10682243908451,-89.20975437539917,96.04721455014705,251.16761013618444,-59.57605462389219,-24.606130729404207,-428.2663200795651,-164.81709980964672,0.003170715121138731,-0.003240440303408129
1767171607,341318848,220_1767171607-341318848.png,1202,-1202,0,0,0.01150811887254902,-0.01150811887254902,186.69,811.71,-47.0,-147.0,-76.0,446.0,-46.0,-24.0,-80.46228189186021,-103.39634206979298,47.0511988770194,289.6948158107903,-57.19934102310968,-25.44278303744471,-431.2956067025662,-168.6827657222749,0.003170715121138731,-0.003240440303408129
1767171607,374667236,221_1767171607-374667236.png,1202,-1202,0,0,0.01150811887254902,-0.01150811887254902,186.1,850.86,-203.0,-113.0,-43.0,462.0,-3.0,-17.0,-97.49317164210592,-105.9595526601524,30.61189835871181,319.0468041253058,-48.975511220876555,-24.16975349126931,-389.3156867027283,33.92395210266101,0.003170715121138731,-0.003240440303408129
1767171607,441362549,222_1767171607-441362549.png,1202,-1202,0,0,0.01150811887254902,-0.01150811887254902,185.63,916.25,-109.0,-235.0,-80.0,569.0,-61.0,-69.0,-120.71431811053843,-132.3270228831749,-8.239369591158972,374.5725561630892,-44.24458390470822,-32.327733089626214,-373.6201272010804,84.04592585563647,0.003170715121138731,-0.003240440303408129
1767171607,474709961,223_1767171607-474709961.png,1202,-1202,0,0,0.01150811887254902,-0.01150811887254902,185.64,957.6,-218.0,-197.0,-119.0,598.0,-26.0,-70.0,-132.2731578179173,-140.0110372352739,-21.399213341225884,401.11872369136563,-42.07688340874047,-36.803702072660855,-376.5930465459824,139.41473364830006,0.003170715121138731,0.0024956910208893957
1767171607,541405273,224_1767171607-541405273.png,1202,-1202,0,0,0.01150811887254902,-0.01150811887254902,185.68,1077.51,-337.0,-191.0,-143.0,731.0,-94.0,-57.0,-180.0904108991573,-150.75283624176421,-51.998676441350966,481.1195947074327,-50.952451701164634,-42.32554932803959,-369.0986662507058,144.45351123809803,0.003170715121138731,0.009172030262143652
1767171607,574753906,225_1767171607-574753906.png,1202,-1202,0,0,0.01150811887254902,-0.01150811887254902,185.76,1169.81,-324.0,-220.0,163.0,765.0,-154.0,-89.0,-201.13601220433753,-160.87966801910426,-20.55687708803999,522.6347839694481,-66.02231348399489,-49.15130629196265,-345.81001877784735,241.34176039695728,0.003170715121138731,-0.024841814205829857
1767171607,641449707,226_1767171607-641449707.png,1202,-1202,0,0,0.01150811887254902,-0.01150811887254902,185.75,1214.24,-331.0,-336.0,-190.0,919.0,-44.0,-104.0,-235.3625489273687,-194.45957951303862,-41.77701990046908,617.5847483591958,-66.75341767118967,-63.38054672641956,-343.07497194409376,214.47682952880848,0.003170715121138731,0.008674661219450125
1767171607,674797119,227_1767171607-674797119.png,1202,-1202,0,0,0.01150811887254902,-0.01150811887254902,185.73,1307.7,-237.0,-480.0,-26.0,933.0,-68.0,-89.0,-228.67919676270648,-260.54186274717097,-46.63009927111368,683.0290069269141,-62.50982393363366,-70.70283064385298,-372.8581948578358,145.82436251640308,0.003170715121138731,-0.005544227220979456
1767171607,741493164,228_1767171607-741493164.png,1202,-1202,0,0,0.01150811887254902,-0.01150811887254902,185.75,1356.11,-255.0,-501.0,52.0,894.0,-15.0,-75.0,-221.68248235534318,-304.19644355072023,-49.775486733756686,735.133998627788,-60.5688776623478,-72.05837478333828,-369.5807103812695,175.1633310317992,0.003170715121138731,-0.0100127916219344
1767171607,774841797,229_1767171607-774841797.png,1202,-1202,0,0,0.01150811887254902,-0.01150811887254902,185.71,1374.24,-182.0,-552.0,1.0,896.0,-7.0,-84.0,-220.4559088173592,-354.24351250745883,-33.08711704845197,770.8797848614779,-49.43326525575921,-73.78517812610195,-354.8626166284085,177.4361901283263,0.003170715121138731,-0.0100127916219344
1767171607,808189209,230_1767171607-808189209.png,1202,-1202,0,0,0.01150811887254902,-0.01150811887254902,185.97,1388.77,-217.0,-398.0,-60.0,982.0,-88.0,-97.0,-218.9905143798217,-364.86652367562783,-35.349770320327615,799.3955435913684,-52.85162995900439,-76.82358615312508,-362.69240820407873,193.92079496383656,0.003170715121138731,-0.0100127916219344
1767171607,874885254,231_1767171607-874885254.png,1202,-1202,0,0,0.01150811887254902,-0.01150811887254902,190.43,1397.07,-123.0,-254.0,79.0,977.0,-180.0,-130.0,-210.43728324694146,-339.4217013552586,-20.69796367652296,845.343238145298,-76.74836026836883,-87.77800816741086,-366.6283767819405,81.3655512332915,0.003170715121138731,-0.0100127916219344
1767171607,908233643,232_1767171607-908233643.png,1202,-1202,0,0,0.01150811887254902,-0.01150811887254902,195.87,1381.21,-68.0,-312.0,-131.0,878.0,-114.0,-128.0,-188.7919402870563,-331.5505950552825,-28.419315527835387,856.3331788581949,-86.75026763500146,-94.83703941667726,-358.7608554959298,202.36327290534962,0.003170715121138731,-0.0100127916219344
1767171607,941581055,233_1767171607-941581055.png,1202,-1202,0,0,0.01150811887254902,-0.01150811887254902,201.62,1348.56,-105.0,-172.0,-287.0,767.0,-4.0,-70.0,-176.53805380953227,-308.2176244553541,-66.23462738178276,843.2689315254025,-74.64871726977285,-91.20482538264125,-390.1473638117314,126.20415210723864,0.003170715121138731,-0.0100127916219344
1767171607,974929688,234_1767171607-974929688.png,1202,-1202,0,0,0.01150811887254902,-0.01150811887254902,212.62,1184.38,-1.0,-234.0,-88.0,530.0,-29.0,-75.0,-127.8172829258109,-291.14692210635985,-57.514899275654614,802.4805813773187,-76.84143895267162,-88.94808594448007,-383.03742393851286,168.19071745872486,0.003170715121138731,-0.0100127916219344
1767171608,41625488,235_1767171608-41625488.png,1202,-1202,0,0,0.01150811887254902,-0.01150811887254902,217.01,934.95,-27.0,-134.0,121.0,241.0,21.0,-47.0,-95.06690050269258,-261.4457258755666,-42.41217900506915,668.3761640837893,-50.91780479903983,-80.49263753515085,-383.03742393851286,168.19071745872486,0.003170715121138731,-0.0100127916219344
1767171608,74973145,236_1767171608-74973145.png,1202,-1202,0,0,0.01150811887254902,-0.01150811887254902,217.01,934.95,-27.0,-134.0,121.0,241.0,21.0,-47.0,-92.9482005231437,-257.47875727831905,-37.32569236091261,655.0733419570761,-48.67923876427675,-79.45012127634229,-356.74130943417555,6.859705448150514,0.003170715121138731,-0.0100127916219344
1767171608,108321533,237_1767171608-108321533.png,1202,-1202,0,0,0.01150811887254902,-0.01150811887254902,212.63,708.08,8.0,-24.0,70.0,152.0,-8.0,-45.0,-68.33197821432407,-203.51679596753067,-8.939166870068446,536.6578654505734,-41.18114344327857,-70.53092609467336,-229.68771123886114,150.55607056617725,0.003170715121138731,-0.01697202647043669
1767171608,175017578,238_1767171608-175017578.png,1202,-1202,0,0,0.01150811887254902,-0.01150811887254902,180.45,463.4,-95.0,-132.0,382.0,26.0,19.0,-35.0,-57.797882557797465,-174.72103095261954,71.5225082185492,415.20405925317635,-32.976544948537864,-63.921364348891515,-101.14148414134984,166.8198661804198,0.003170715121138731,-0.009878681067781336
1767171608,241713623,239_1767171608-241713623.png,1202,-1202,0,0,0.01150811887254902,-0.01150811887254902,134.34,325.66,-217.0,8.0,193.0,0.0,130.0,4.0,-87.0979818739975,-133.77952583776008,124.66596027988112,318.4481086323454,-10.190102060709844,-50.83436867488366,161.95291626453394,268.56692123413075,0.003170715121138731,0.03699775907849881
1767171608,275061035,240_1767171608-275061035.png,1202,-1202,0,0,0.01150811887254902,-0.01150811887254902,109.9,273.88,-141.0,48.0,276.0,-18.0,95.0,8.0,-101.77747288474873,-99.77753688585935,150.3727151575645,252.58341183110434,12.52814741747111,-39.361267430524144,177.8544631004333,305.2861621379851,0.003170715121138731,-0.0139268181199044
1767171608,308409424,241_1767171608-308409424.png,1202,-1202,0,0,0.01150811887254902,-0.01150811887254902,86.4,233.32,12.0,55.0,202.0,31.0,44.0,-3.0,-85.13844732151503,-77.1425870354011,157.92278364189258,220.17864874077821,17.130648654016106,-34.043729231192536,53.3547312021255,277.49085211753834,0.003170715121138731,-0.05349873652219078
1767171608,341757080,242_1767171608-341757080.png,1202,-1202,0,0,0.01150811887254902,-0.01150811887254902,49.41,181.63,56.0,22.0,421.0,11.0,-5.0,-9.0,-49.8683964889921,-52.98811926187622,189.19088037218236,178.0803271536423,14.312327009420954,-28.978227821518374,7.372474700212427,208.93066358566273,0.003170715121138731,-0.05349873652219078
1767171608,408453125,243_1767171608-408453125.png,1202,-1202,0,0,0.01150811887254902,-0.01150811887254902,43.31,177.27,-13.0,-144.0,275.0,-21.0,-16.0,-1.0,-39.77071041737383,-59.75195233100452,211.9045753355485,145.40405745825709,9.667890659705154,-24.575152915839983,7.372474700212427,208.93066358566273,0.003170715121138731,-0.05349873652219078
1767171608,441801514,244_1767171608-441801514.png,1202,-1202,0,0,0.01150811887254902,-0.01150811887254902,40.19,177.27,20.0,-173.0,229.0,-10.0,-21.0,-15.0,-30.318308911726394,-78.55242032829638,216.08138342684293,118.25534628192173,4.500845804478317,-22.54836245184613,8.831270247697779,208.20361232757557,0.003170715121138731,-0.05349873652219078
1767171608,475148926,245_1767171608-475148926.png,1202,-1202,0,0,0.01150811887254902,-0.01150811887254902,38.46,164.02,-38.0,82.0,87.0,43.0,29.0,-16.0,-29.901313779356933,-60.17865589637301,219.4199214450196,89.0490835705569,7.6048633929206915,-20.41100054620759,101.09534806013102,175.07105255126942,0.003170715121138731,-0.05349873652219078
1767171608,541844971,246_1767171608-541844971.png,1202,-1202,0,0,0.01150811887254902,-0.01150811887254902,38.46,163.17,23.0,47.0,-9.0,70.0,33.0,-20.0,-22.380149127168227,-40.726298341768,182.4963550828667,85.03957022162474,11.88726390479676,-20.23367406148461,91.06028413772577,266.70816898345936,0.003170715121138731,-0.05349873652219078
1767171608,575193359,247_1767171608-575193359.png,1202,-1202,0,0,0.01150811887254902,-0.01150811887254902,38.21,161.82,102.0,-19.0,-10.0,21.0,-10.0,-24.0,15.833719627062868,-28.718461797725777,136.678786926938,74.42081433988761,6.453113317987056,-22.253554903135242,92.94962698221201,239.2700798511504,0.003170715121138731,-0.05349873652219078
1767171608,641889160,248_1767171608-641889160.png,1202,-1202,0,0,0.01150811887254902,-0.01150811887254902,38.14,161.1,60.0,-48.0,142.0,51.0,-5.0,-6.0,23.43713454309022,-24.331781664796967,120.39191967086387,64.82526819528263,3.8476294743127655,-20.594078626209892,34.42766422033305,233.7691934108733,0.003170715121138731,-0.05349873652219078
1767171608,675236572,249_1767171608-675236572.png,1202,-1202,0,0,0.01150811887254902,-0.01150811887254902,38.05,161.16,176.0,38.0,178.0,39.0,-23.0,-22.0,45.74820679646224,-15.216268002676589,128.8166306170832,61.048533778673225,-0.07861692410936827,-20.79968313723719,34.40720835328097,233.8640511035918,0.003170715121138731,-0.05349873652219078
1767171608,741932373,250_1767171608-741932373.png,1202,-1202,0,0,0.01150811887254902,-0.01150811887254902,37.99,160.69,93.0,54.0,25.0,-16.0,1.0,-4.0,77.66086414503793,1.1758054675351626,103.4190687012746,45.654535572145875,-3.4070066366229517,-17.493891279082955,105.1905477046966,264.8517093658446,0.003170715121138731,-0.07491676144901421
1767171608,775280762,251_1767171608-775280762.png,1202,-1202,0,0,0.01150811887254902,-0.01150811887254902,37.97,160.66,-91.0,-54.0,376.0,13.0,-26.0,14.0,58.03610631540121,-16.918657341039765,166.32972573694352,27.364485601069326,-3.362940633670873,-12.20129310424904,22.94425997138018,214.09883165359486,0.003170715121138731,-0.005351424096565446
1767171608,841976318,252_1767171608-841976318.png,1202,-1202,0,0,0.01150811887254902,-0.01150811887254902,37.94,160.45,-108.0,-86.0,169.0,81.0,15.0,-11.0,22.238916806358027,-29.88645127670835,182.92109621642362,34.09832192888752,-2.42663762751535,-10.001084549506764,39.77125620841975,275.6941442489623,0.003170715121138731,0.007080187300387945
1767171608,875323730,253_1767171608-875323730.png,1202,-1202,0,0,0.01150811887254902,-0.01150811887254902,38.05,161.32,78.0,42.0,303.0,40.0,-47.0,-29.0,30.3935195160916,-19.373645269363486,200.4816545501799,34.96139411533594,-8.945127598779834,-12.779520665544347,133.86356902122492,256.29474306106556,0.003170715121138731,-0.012596149944367585
1767171608,908672119,254_1767171608-908672119.png,1202,-1201,0,0,0.01150811887254902,-0.011498544730392158,40.27,175.42,-114.0,16.0,88.0,117.0,-49.0,-54.0,17.27302742726051,-22.107789248610466,193.96176173329525,41.72629643822244,-14.971656312685376,-19.33258712290425,64.55857193469996,46.50549244880664,0.003170715121138731,-0.010977062386823045
1767171608,942019531,255_1767171608-942019531.png,1202,-1201,0,50,0.01150811887254902,-0.011498544730392158,40.27,202.79,14.0,-106.0,274.0,167.0,-100.0,-93.0,9.925878296896073,-32.382455504402614,200.12254584534446,63.98503871715425,-29.1867950112817,-31.919720053496036,83.8429347276687,228.05122327804554,0.003170715121138731,-0.026544909890448228
1767171609,8715332,256_1767171609-8715332.png,1202,-1202,0,0,0.01150811887254902,-0.01150811887254902,58.99,245.32,40.0,49.0,279.0,260.0,-78.0,-100.0,14.78078953921405,-25.321736260576625,207.52852768596762,96.02318653166499,-35.35027233457356,-43.187089919807,3.5661248862742867,196.36359548568714,0.003170715121138731,-0.05463246153879583
1767171609,42063721,257_1767171609-42063721.png,1202,-1202,0,0,0.01150811887254902,-0.01150811887254902,71.31,245.32,-25.0,-45.0,-99.0,233.0,51.0,-73.0,11.543005042990492,-43.4353020541243,157.65232082413507,123.28859484981899,-21.913130520666595,-51.00224139960381,-61.11019653081899,152.5965139865874,0.003170715121138731,-0.026900775888238877
1767171609,75411133,258_1767171609-75411133.png,1202,-1202,0,0,0.01150811887254902,-0.01150811887254902,84.09,331.69,-155.0,-82.0,-219.0,290.0,28.0,-52.0,-13.783667747803559,-49.11665533641941,95.74953880766277,150.58432302132945,-12.6760985682231,-51.732739263871345,-157.7638436555863,159.3524737358092,0.003170715121138731,0.001673655166871976
1767171609,142106689,259_1767171609-142106689.png,1202,-1202,0,0,0.01150811887254902,-0.01150811887254902,111.32,505.49,-288.0,-203.0,-471.0,467.0,-1.0,-38.0,-79.00846173782256,-79.59700180701716,-58.89339246222537,227.7486526683213,-8.137336765116226,-48.883821170316,-208.28048402071005,204.88316321372974,0.003170715121138731,-0.01972664795341315
1767171609,208802490,260_1767171609-208802490.png,1202,-1202,0,0,0.01150811887254902,-0.01150811887254902,150.0,802.27,-167.0,-189.0,-274.0,599.0,-2.0,-65.0,-148.06269283377225,-182.92580121866192,-213.7898032591829,358.69389863573514,14.113820002546817,-52.487956612262664,-283.7044478654862,254.510501384735,0.003170715121138731,0.04447897088639857
1767171609,242150879,261_1767171609-242150879.png,1202,-1202,0,0,0.01150811887254902,-0.01150811887254902,150.0,802.27,-167.0,-189.0,-274.0,599.0,-2.0,-65.0,-148.65214926574552,-183.11487115924615,-215.6639497483176,366.17384157842577,13.61224949092201,-52.87741559855315,-338.4639597535134,87.36766457557665,0.003170715121138731,-0.053462734705531284
1767171609,308846680,262_1767171609-308846680.png,1202,-1202,0,0,0.01150811887254902,-0.01150811887254902,155.78,875.75,-214.0,-166.0,-389.0,654.0,16.0,-58.0,-157.00624971758836,-180.13784295850323,-240.41787636511003,425.4273218653246,10.676758389497463,-54.88338491670474,-373.8739098310471,-24.831647872924925,0.003170715121138731,-0.038228097879678014
1767171609,342194092,263_1767171609-342194092.png,1202,-1202,0,0,0.01150811887254902,-0.01150811887254902,157.06,907.7,-216.0,-244.0,-172.0,643.0,-19.0,-50.0,-170.0374135036698,-188.3847544862402,-241.89300851394424,474.9069691479691,6.748092813600835,-54.41004531703794,-356.9328153133393,51.029287338256715,0.003170715121138731,-0.032820638821763434
1767171609,408889648,264_1767171609-408889648.png,1202,-1202,0,0,0.01150811887254902,-0.01150811887254902,159.13,990.46,-344.0,-380.0,-321.0,714.0,-35.0,-85.0,-188.90752949825514,-214.83961523115727,-239.69474669251193,510.4169146483423,-0.8917369860824684,-56.57931949436786,-350.8278754353524,58.50613689422595,0.003170715121138731,0.006369487830913595
1767171609,442238037,265_1767171609-442238037.png,1202,-1202,0,0,0.01150811887254902,-0.01150811887254902,160.41,1015.29,-375.0,-413.0,-356.0,757.0,31.0,-101.0,-227.25548111008246,-255.67547433811438,-262.0257617991681,561.0287699842415,-0.6735966320106059,-64.83264320579136,-330.60845223069197,164.95509576797474,0.003170715121138731,-0.05229640164651487
1767171609,475585449,266_1767171609-475585449.png,1202,-1202,0,0,0.01150811887254902,-0.01150811887254902,161.43,1040.68,-334.0,-365.0,-512.0,838.0,50.0,-99.0,-243.99056139045004,-272.9798587270636,-294.30361183468614,599.3118437607037,6.215862050937134,-69.88419681951515,-301.0255019962788,108.97673416137683,0.003170715121138731,-0.02524944664950121
1767171609,542281006,267_1767171609-542281006.png,1202,-1202,0,0,0.01150811887254902,-0.01150811887254902,162.7,1096.98,-283.0,-273.0,-461.0,882.0,-66.0,-89.0,-251.9771454903811,-289.3508728927821,-358.7868671899935,671.0032276411931,3.664552896397357,-76.42292227014786,-309.61488810181623,117.0535371303557,0.003170715121138731,0.0020186243115652147
1767171609,575629395,268_1767171609-575629395.png,1202,-1202,0,0,0.01150811887254902,-0.01150811887254902,163.41,1168.66,-444.0,-175.0,-473.0,890.0,-41.0,-53.0,-263.50096184701835,-273.4597388130948,-364.39207594398147,710.1333879339641,-7.711580054325763,-77.8212322061288,-298.45936217904097,211.53781723976124,0.003170715121138731,0.014820910639608803
1767171609,608976563,269_1767171609-608976563.png,1202,-1202,0,0,0.01150811887254902,-0.01150811887254902,163.62,1196.54,-417.0,-222.0,-389.0,917.0,-100.0,-78.0,-296.897980011027,-258.1628501162665,-378.35539148181266,748.2920302023412,-19.661183114009027,-75.15522113055906,-316.5020863115788,240.8537161350249,0.003170715121138731,-0.020510276114707876
1767171609,675672119,270_1767171609-675672119.png,1202,-1202,0,0,0.01150811887254902,-0.01150811887254902,163.63,1226.49,-324.0,-182.0,-271.0,941.0,-63.0,-99.0,-306.6039505843293,-247.16077715925985,-366.1749781094993,780.299076487443,-29.148963740862936,-78.14192670239133,-320.1999226212502,183.9230520725249,0.003170715121138731,-0.020510276114707876
1767171609,709020508,271_1767171609-709020508.png,1202,-1202,0,0,0.01150811887254902,-0.01150811887254902,163.65,1256.36,-303.0,-270.0,-515.0,997.0,-116.0,-105.0,-306.17575307048645,-249.8743821906475,-383.85738048433217,806.0460434683462,-39.468028037290125,-81.33302489964538,-312.6997627317906,219.7898633480071,0.003170715121138731,-0.020510276114707876
1767171609,742367676,272_1767171609-742367676.png,1202,-1202,0,0,0.01150811887254902,-0.01150811887254902,163.74,1331.54,-275.0,-478.0,-372.0,1038.0,-126.0,-108.0,-312.2985333491014,-286.7184913017336,-402.8646884975059,865.5645268042181,-57.46639258676101,-85.60427611641911,-310.9438700675965,240.0517244338988,0.003170715121138731,-0.020510276114707876
1767171609,809063232,273_1767171609-809063232.png,1202,-1202,0,0,0.01150811887254902,-0.01150811887254902,163.75,1352.4,-237.0,-490.0,-557.0,1049.0,-34.0,-116.0,-300.2955409106306,-321.5299992330639,-424.58549831412955,896.9728865058966,-55.855884468476845,-90.64456195633005,-349.77339172363287,187.42218327522266,0.003170715121138731,-0.020510276114707876
1767171609,842411377,274_1767171609-842411377.png,1202,-1202,0,0,0.01150811887254902,-0.01150811887254902,163.64,1391.43,-316.0,-427.0,-243.0,998.0,-54.0,-77.0,-301.4509432128115,-351.2338320789861,-437.5534298450452,915.707249566496,-42.4996955682009,-91.40373169767118,-321.45799091458326,228.0972192287444,0.003170715121138731,-0.020510276114707876
1767171609,875758789,275_1767171609-875758789.png,1202,-1202,0,0,0.01150811887254902,-0.01150811887254902,163.57,1413.02,-383.0,-297.0,-166.0,1054.0,-123.0,-96.0,-310.02901029550964,-352.5619937444016,-396.9625949197745,934.9970055251822,-50.73189530863432,-90.63409959801311,-332.37882634997374,173.19653844833363,0.003170715121138731,-0.020510276114707876
1767171609,909106934,276_1767171609-909106934.png,1202,-1202,0,0,0.01150811887254902,-0.01150811887254902,163.56,1424.97,-289.0,-316.0,-300.0,1099.0,-138.0,-113.0,-311.4711465339971,-345.2174169834849,-372.9694329777368,960.9092913709928,-65.00321871837545,-93.58124315753476,-336.98431870341307,187.32933163642872,0.003170715121138731,-0.020510276114707876
1767171609,942454102,277_1767171609-942454102.png,1202,-1202,0,0,0.01150811887254902,-0.01150811887254902,163.59,1431.66,-336.0,-377.0,-492.0,1133.0,-58.0,-124.0,-313.76915338365035,-348.1922240922483,-385.1104167662519,985.1435835382316,-66.1733318235323,-97.72802471479048,-337.10770329833036,185.92681336402882,0.003170715121138731,-0.020510276114707876
1767171610,9149658,278_1767171610-9149658.png,1202,-1202,0,0,0.01150811887254902,-0.01150811887254902,163.64,1438.77,-360.0,-473.0,-421.0,1126.0,-34.0,-116.0,-318.13194733388895,-377.30044941104296,-378.14897823461524,1016.0360037105775,-56.529387768630095,-103.28455305551374,-322.988804101944,175.95557904243458,0.003170715121138731,0.0026145302312591545
1767171610,42498047,279_1767171610-42498047.png,1202,-1202,0,0,0.01150811887254902,-0.01150811887254902,163.7,1442.87,-331.0,-331.0,-158.0,1098.0,-112.0,-97.0,-325.7310297198905,-378.5980985867806,-370.00064692071174,1034.5133965151417,-61.16492230799763,-103.50920340052775,-299.7148329019547,246.30631399154652,0.003170715121138731,0.027161321943476646
1767171610,75845215,280_1767171610-75845215.png,1202,-1202,0,0,0.01150811887254902,-0.01150811887254902,163.67,1443.32,-356.0,-308.0,-235.0,1119.0,-148.0,-104.0,-328.17370949257224,-368.96281504195736,-338.08234446580485,1046.7719071244737,-72.15630894629135,-102.8132975716235,-328.34408515691763,209.9669337272643,0.003170715121138731,-0.008887254925732668
1767171610,109193359,281_1767171610-109193359.png,1202,-1202,0,0,0.01150811887254902,-0.01150811887254902,163.64,1444.68,-300.0,-430.0,-331.0,1131.0,-126.0,-112.0,-327.0454615209724,-371.35302314685674,-329.01998090580224,1062.5395696960038,-84.60224473333342,-103.99944096265351,-333.4640912711621,187.71879267692555,0.003170715121138731,-0.04548682393822426
1767171610,175888916,282_1767171610-175888916.png,1202,-1202,0,0,0.01150811887254902,-0.01150811887254902,163.57,1449.13,-260.0,-472.0,-370.0,1122.0,-83.0,-119.0,-317.2406107024252,-386.07182097441967,-335.01297378920776,1071.2351716877201,-84.36792953542516,-106.19315012982786,-323.85834079980856,186.82996749877918,0.003170715121138731,-0.005903333029982943
1767171610,209236328,283_1767171610-209236328.png,1202,-1202,0,0,0.01150811887254902,-0.01150811887254902,163.64,1462.29,-450.0,-398.0,-280.0,1068.0,-30.0,-89.0,-326.56369934068533,-392.32906246081495,-327.638253954492,1073.9702443950964,-76.20633884028648,-104.87742857907496,-324.3995445966721,184.38444447517384,0.003170715121138731,-0.005903333029982943
1767171610,242584473,284_1767171610-242584473.png,1201,-1202,0,0,0.011498544730392158,-0.01150811887254902,163.61,1468.1,-416.0,-294.0,-348.0,1067.0,-38.0,-98.0,-340.5755949529235,-380.80180026158695,-328.75085778973073,1072.9783315742332,-70.39954636522651,-103.62480473665151,-304.3868879973889,241.66917705535877,0.003170715121138731,-0.032513218799781696
1767171610,309280029,285_1767171610-309280029.png,1202,-1202,0,0,0.01150811887254902,-0.01150811887254902,163.92,1476.9,-404.0,-191.0,-422.0,1112.0,-38.0,-116.0,-337.5546536675647,-350.24688433345415,-321.59485988935506,1082.2206076429873,-71.55227743005378,-107.58490089869244,-329.52636933326727,177.0693688392638,0.003170715121138731,0.021732591353057995
1767171610,342627197,286_1767171610-342627197.png,1202,-1202,0,0,0.01150811887254902,-0.01150811887254902,164.49,1480.27,-435.0,-308.0,-362.0,1092.0,9.0,-124.0,-353.5710043047051,-339.8366846744842,-330.1720178401956,1084.4421422545033,-58.88052348102698,-110.20910371926294,-306.7034662365914,222.85454058647144,0.003170715121138731,0.0021788584558504465
1767171610,375975342,287_1767171610-375975342.png,1202,-1202,0,0,0.01150811887254902,-0.01150811887254902,167.72,1483.66,-238.0,-340.0,-280.0,1042.0,-71.0,-158.0,-340.9187177802051,-325.45477015945767,-309.3645819728411,1076.8383356454522,-56.75679362999291,-116.54122977011178,-333.65774014592176,215.81013894081104,0.003170715121138731,0.04103367078267234
1767171610,442670898,288_1767171610-442670898.png,1202,-1202,0,0,0.01150811887254902,-0.01150811887254902,170.14,1481.12,-445.0,-276.0,-320.0,941.0,5.0,-112.0,-347.7270299835162,-320.3643705910717,-309.04243169683355,1058.8175451158565,-50.188438975688705,-118.24057543753239,-331.64689594507223,169.4055263996123,0.003170715121138731,-0.008011797773676471
1767171610,476018066,289_1767171610-476018066.png,1202,-1202,0,0,0.01150811887254902,-0.01150811887254902,174.53,1475.2,-419.0,-276.0,-158.0,871.0,-35.0,-83.0,-358.8632592681294,-313.87644395985393,-291.3971205882118,1033.2707561139725,-46.87011559851579,-113.88235455405955,-354.4822673797608,198.8463737964629,0.003170715121138731,-0.0007117076831359426
1767171610,509366455,290_1767171610-509366455.png,1202,-1202,0,0,0.01150811887254902,-0.01150811887254902,188.46,1428.94,-145.0,-43.0,-448.0,856.0,-101.0,-122.0,-346.22265575585527,-292.4806440700022,-291.9902624568489,1007.6386641377173,-57.23348642073512,-112.29184789773575,-358.94359457492834,217.09659266471851,0.003170715121138731,-0.009685682800290196
1767171610,542713623,291_1767171610-542713623.png,1202,-1202,0,0,0.01150811887254902,-0.01150811887254902,195.58,1380.27,-90.0,-16.0,-276.0,762.0,-96.0,-124.0,-301.28936679375903,-240.49915816384336,-307.4015458647305,969.0213277144964,-65.47142367274499,-114.40054527961729,-350.71786832809454,225.1365702152251,0.003170715121138731,0.010277568586428615
1767171610,576062012,292_1767171610-576062012.png,1202,-1202,0,0,0.01150811887254902,-0.01150811887254902,202.45,1338.07,-84.0,-139.0,-193.0,709.0,-70.0,-119.0,-264.0621920255156,-216.31603784527448,-292.11333006689455,926.9475122519284,-67.65811858892809,-115.46542285547072,-367.8006603121758,173.2508451938628,0.003170715121138731,0.013879244627410553
1767171610,609409180,293_1767171610-609409180.png,1202,-1202,0,0,0.01150811887254902,-0.01150811887254902,208.71,1285.54,-62.0,-185.0,-228.0,619.0,-58.0,-111.0,-234.5122477946286,-211.73632324065736,-282.7372795106681,881.9127052854881,-66.24569767625147,-114.81239125651713,-366.88748443126684,197.5430119037627,0.003170715121138731,0.021110761521995952
1767171610,676104736,294_1767171610-676104736.png,1202,-1202,0,0,0.01150811887254902,-0.01150811887254902,218.63,1110.58,41.0,-96.0,-10.0,433.0,-73.0,-82.0,-187.35579217966605,-195.6192238755013,-245.05499757245502,804.3062580646373,-66.90046196379993,-111.31717826220928,-453.0647404193879,-166.41721439361584,0.003170715121138731,0.011288800857869263
1767171610,709453125,295_1767171610-709453125.png,1202,-1202,0,0,0.01150811887254902,-0.01150811887254902,219.3,997.43,12.0,-187.0,-6.0,377.0,-17.0,-63.0,-146.25355586074548,-189.14643433418897,-197.79655963890772,722.3886439664462,-59.922068556018004,-102.71724609729318,-378.72052165865904,40.26809763908374,0.003170715121138731,0.011288800857869263
1767171610,776148682,296_1767171610-776148682.png,1202,-1202,0,0,0.01150811887254902,-0.01150811887254902,207.27,750.26,88.0,-64.0,285.0,140.0,-7.0,-42.0,-41.712955986678004,-183.8763007501616,-96.94344148727555,544.6776412037683,-38.10327981672847,-83.47870788786092,-320.51065698266035,69.38425087928759,0.003170715121138731,0.011288800857869263
1767171610,809495850,297_1767171610-809495850.png,1202,-1202,0,0,0.01150811887254902,-0.01150811887254902,197.25,664.21,130.0,2.0,347.0,102.0,7.0,-32.0,-27.39949762939937,-168.98226629652575,-58.57649276734712,505.72399275303883,-34.430332921561615,-79.1118844375867,-253.4022303819657,53.99294543266284,0.003170715121138731,0.011288800857869263
1767171610,842844238,298_1767171610-842844238.png,1202,-1202,0,0,0.01150811887254902,-0.01150811887254902,183.16,548.78,15.0,14.0,517.0,50.0,0.0,-35.0,-9.8091545659404,-133.60557579655907,42.15468822605715,419.38062929903646,-27.03545210689653,-70.11359830435202,-198.22295111417776,118.21719169616686,0.003170715121138731,0.011288800857869263
1767171610,909539795,299_1767171610-909539795.png,1202,-1202,0,0,0.01150811887254902,-0.01150811887254902,164.86,478.36,21.0,67.0,408.0,62.0,-16.0,-38.0,-4.644271672494954,-100.34607597263306,108.27544664341002,357.3004537542508,-24.703148409531035,-64.48411367949208,-64.62185198068623,170.71118092536915,0.003170715121138731,0.011288800857869263
1767171610,942886963,300_1767171610-942886963.png,1202,-1202,0,0,0.01150811887254902,-0.01150811887254902,126.13,353.26,128.0,13.0,575.0,52.0,-77.0,-36.0,13.131661323379447,-74.07668120481183,218.20353099232935,279.1063981117964,-36.49622051635798,-56.913711204296085,135.95292478799814,248.11577463150013,0.003170715121138731,0.011288800857869263
1767171610,976235352,301_1767171610-976235352.png,1202,-1202,0,0,0.01150811887254902,-0.01150811887254902,107.33,301.39,64.0,17.0,495.0,25.0,-21.0,-37.0,23.62333170884442,-58.44342427142276,268.16451139094875,235.91012980143643,-35.30640067459648,-53.44571809602066,107.49173533916468,236.20869827270496,0.003170715121138731,0.011288800857869263
1767171611,42930908,302_1767171611-42930908.png,1202,-1202,0,0,0.01150811887254902,-0.01150811887254902,72.53,222.05,-72.0,-19.0,609.0,23.0,-37.0,-15.0,17.583084661096095,-57.01116099226685,307.9383940958423,198.26560183211754,-28.939662134288366,-49.21038918047702,109.7716228961944,351.33083128929127,0.003170715121138731,0.0029896594983296887
1767171611,76278076,303_1767171611-76278076.png,1202,-1202,0,0,0.01150811887254902,-0.01150811887254902,59.43,195.75,8.0,-19.0,626.0,5.0,-71.0,-16.0,7.065427988519079,-48.515281726697644,377.24853792496856,156.95332496561,-34.78088381767559,-41.682834259627874,89.93605566024775,346.480622768402,0.003170715121138731,0.0682103507810596
1767171611,109626465,304_1767171611-109626465.png,1202,-1202,0,0,0.01150811887254902,-0.01150811887254902,50.39,184.31,-46.0,-18.0,439.0,17.0,-51.0,-8.0,-0.6701212073925202,-43.26831141949692,392.8896799294302,132.44818101791222,-38.115309135142795,-36.07448142085616,46.39843761920924,276.16857600212086,0.003170715121138731,0.03399798632545434
1767171611,142973633,305_1767171611-142973633.png,1202,-1202,0,0,0.01150811887254902,-0.01150811887254902,42.34,171.62,40.0,6.0,463.0,49.0,-12.0,-3.0,5.366519305770115,-29.369720637623285,381.62708531975153,118.02695619483688,-32.18525413301735,-29.508525624886165,120.84636437892908,208.45322275161732,0.003170715121138731,0.0206020362820837
1767171611,209669189,306_1767171611-209669189.png,1202,-1202,0,0,0.01150811887254902,-0.01150811887254902,38.07,168.54,24.0,-52.0,186.0,5.0,50.0,-13.0,17.276074849119794,-14.223351352243482,327.50648112236354,89.04967271866974,-16.58798835693926,-22.56004961512203,59.1982256174087,279.7149927616118,0.003170715121138731,-0.0015847603626230958
1767171611,243017578,307_1767171611-243017578.png,1202,-1202,0,0,0.01150811887254902,-0.01150811887254902,38.07,168.54,24.0,-52.0,186.0,5.0,50.0,-13.0,17.48536864646399,-15.399214864851357,323.10184720417703,86.4334813164611,-14.515322075264404,-22.262476539596957,58.842618227004955,279.6902036666869,0.003170715121138731,-0.04674052071071184
1767171611,276364746,308_1767171611-276364746.png,1202,-1202,0,0,0.01150811887254902,-0.01150811887254902,38.07,168.72,-198.0,41.0,16.0,-12.0,102.0,24.0,-7.9384878745762,-9.70213717121295,282.8535496337483,72.50467290074762,1.0978117612116454,-16.511820357303908,29.51130762696261,285.6617963314055,0.003170715121138731,-0.01462991513084851
1767171611,309713135,309_1767171611-309713135.png,1202,-1202,0,0,0.01150811887254902,-0.01150811887254902,38.0,169.17,-116.0,61.0,14.0,12.0,91.0,31.0,-28.79242845011245,1.9848666332534246,236.44436232911133,61.41067267978898,16.926717390882374,-8.487015470574713,72.46375799179071,301.80064344406117,0.003170715121138731,-0.0033403581272191223
1767171611,376408691,310_1767171611-376408691.png,1202,-1202,0,0,0.01150811887254902,-0.01150811887254902,41.74,181.66,-196.0,169.0,-131.0,77.0,84.0,56.0,-44.42306883775757,21.937926344195755,157.40858007014984,61.83613965102888,29.751748562495187,2.5403243842531493,72.46375799179071,301.80064344406117,0.003170715121138731,-0.03603862753008579
1767171611,409755859,311_1767171611-409755859.png,1202,-1202,0,0,0.01150811887254902,-0.01150811887254902,41.74,181.66,-196.0,169.0,-131.0,77.0,84.0,56.0,-58.14134583034413,35.24759191167645,131.3065290647364,63.20852550782807,34.66141742751935,7.378624199451698,92.20698159933085,303.50149059295643,0.003170715121138731,-0.03603862753008579
1767171611,443104004,312_1767171611-443104004.png,1202,-1202,0,0,0.01150811887254902,-0.01150811887254902,44.14,191.01,-230.0,65.0,19.0,44.0,110.0,62.0,-83.2742694881621,39.59863844310048,114.88261701389418,60.39943563394303,45.679069424335076,15.366554017201624,86.50674319267267,248.23040628433216,0.003170715121138731,-0.03603862753008579
1767171611,509799561,313_1767171611-509799561.png,1202,-1202,0,0,0.01150811887254902,-0.01150811887254902,50.71,229.0,-42.0,-77.0,-7.0,121.0,31.0,8.0,-73.78303964705154,16.330796775437598,114.37490415452905,68.8900321280284,38.27495049771524,16.11416977416227,4.247662425041147,189.51793646812428,0.003170715121138731,-0.03603862753008579
1767171611,543146973,314_1767171611-543146973.png,1202,-1202,0,0,0.01150811887254902,-0.01150811887254902,56.41,247.51,-23.0,-32.0,146.0,121.0,-6.0,10.0,-64.6934760763123,4.379538677545846,112.64921208594438,79.23719802445366,31.41945929736198,14.795471073973008,7.246037960052439,195.43894791603077,0.003170715121138731,-0.03603862753008579
1767171611,609843018,315_1767171611-609843018.png,1202,-1202,0,0,0.01150811887254902,-0.01150811887254902,69.25,289.16,14.0,-213.0,166.0,146.0,-39.0,-11.0,-40.113678098496806,-44.31327565855435,148.21297098547672,92.34218599387039,9.582142926289759,8.176962159687877,-43.986752569675495,178.27658343315113,0.003170715121138731,-0.03603862753008579
1767171611,643191650,316_1767171611-643191650.png,1202,-1202,0,0,0.01150811887254902,-0.01150811887254902,80.6,338.5,74.0,-129.0,451.0,152.0,-3.0,25.0,-23.9069393396482,-58.795263242195425,169.2109421407214,108.03190755162377,11.476724407195066,10.144617989496115,-60.399501264095356,176.66299962997425,0.003170715121138731,-0.03603862753008579
1767171611,709887939,317_1767171611-709887939.png,1202,-1202,0,0,0.01150811887254902,-0.01150811887254902,86.08,353.73,41.0,-126.0,203.0,160.0,25.0,15.0,-6.849727601062584,-74.0480071017259,195.92567587877508,119.02915591916802,12.33580112557704,12.002527973610242,-76.59905436635022,165.31933784484852,0.003170715121138731,-0.03603862753008579
1767171611,743235596,318_1767171611-743235596.png,1202,-1202,0,0,0.01150811887254902,-0.01150811887254902,93.85,366.56,16.0,-87.0,143.0,172.0,21.0,-5.0,-3.5081416787585353,-75.94213021296342,188.1857283164804,126.77570896187649,13.602869402814095,9.516047210594289,-66.97843280434613,178.96695256233204,0.003170715121138731,-0.03603862753008579
1767171611,776584229,319_1767171611-776584229.png,1202,-1202,0,0,0.01150811887254902,-0.01150811887254902,101.17,385.63,66.0,47.0,529.0,185.0,-110.0,-7.0,6.845155250269356,-54.09956393775538,255.35870770779238,143.43412468113263,-8.04425580706886,4.5391760209199905,-66.97843280434613,178.96695256233204,0.003170715121138731,-0.06338257727797225
1767171611,843280518,320_1767171611-843280518.png,1202,-1202,0,0,0.01150811887254902,-0.01150811887254902,104.79,395.98,46.0,4.0,579.0,129.0,-46.0,12.0,3.5517838933381243,-38.67478676713568,297.9704308289816,145.7571225074446,-17.295741853009062,3.278113349793992,-73.3642349839211,176.62302184104908,0.003170715121138731,-3.245662530390603e-06
1767171611,876628174,321_1767171611-876628174.png,1202,-1202,0,0,0.01150811887254902,-0.01150811887254902,105.89,396.96,99.0,-103.0,604.0,165.0,-48.0,-14.0,19.33649849710648,-41.84957050967031,363.75371862474566,146.28901731214054,-23.949060859442408,2.1383956898906056,-73.83614858984951,176.67302989959705,0.003170715121138731,-0.002758230151866513
1767171611,909976807,322_1767171611-909976807.png,1202,-1202,0,0,0.01150811887254902,-0.01150811887254902,106.95,396.43,131.0,-236.0,430.0,210.0,-38.0,-46.0,37.78340663087727,-71.86753841292747,379.82616859719155,156.10346659350662,-26.643042356366724,-5.330324283705431,-91.55515050888066,165.31475257873524,0.003170715121138731,0.009805347669219353
1767171611,943324463,323_1767171611-943324463.png,1202,-1202,0,0,0.01150811887254902,-0.01150811887254902,108.24,393.38,-36.0,-107.0,370.0,128.0,87.0,-17.0,40.84172516370045,-96.96447044918303,379.79695724308897,159.99541123343647,-17.11916890639139,-12.040444922135547,-72.396834820509,175.60408973693836,0.003170715121138731,0.009805347669219353
1767171611,976673340,324_1767171611-976673340.png,1202,-1202,0,0,0.01150811887254902,-0.01150811887254902,108.62,390.73,-15.0,-105.0,462.0,123.0,26.0,3.0,29.462783335363987,-98.51776836087339,386.43022387743173,154.01355675777512,-4.646383012559254,-11.08746349289069,-72.396834820509,175.60408973693836,0.003170715121138731,0.009805347669219353
1767171612,43369629,325_1767171612-43369629.png,1202,-1202,0,0,0.01150811887254902,-0.01150811887254902,109.08,386.7,23.0,12.0,524.0,143.0,14.0,-1.0,29.153115076832325,-88.42276706607967,416.49733879840437,149.89157040423015,-0.8114587546795713,-8.804379122348873,-57.09961274266248,188.22403168678272,0.003170715121138731,0.009805347669219353
1767171612,110065918,326_1767171612-110065918.png,1202,-1202,0,0,0.01150811887254902,-0.01150811887254902,109.37,382.75,43.0,9.0,425.0,131.0,-24.0,-9.0,31.793892827771728,-58.68432220238304,417.5133430451757,149.2280454510335,0.9657744011396998,-8.962373945033846,-72.61743348836903,173.66194295883167,0.003170715121138731,0.009805347669219353
1767171612,143413574,327_1767171612-143413574.png,1202,-1202,0,0,0.01150811887254902,-0.01150811887254902,109.58,380.54,81.0,-81.0,484.0,124.0,-39.0,-22.0,34.61551012948853,-51.58744885842344,420.4446824630328,146.34445566807128,-3.152167010313602,-9.372523927696369,-63.29676637053495,178.8941614627837,0.003170715121138731,0.009805347669219353
1767171612,176762207,328_1767171612-176762207.png,1202,-1202,0,0,0.01150811887254902,-0.01150811887254902,109.69,379.58,114.0,-173.0,295.0,135.0,10.0,-29.0,48.90375436823741,-69.09228180927931,412.1942123884005,142.6571907040001,-5.342665443485113,-13.026586245971654,-63.18708395957952,178.73611307144154,0.003170715121138731,0.009805347669219353
1767171612,210109863,329_1767171612-210109863.png,1202,-1202,0,0,0.01150811887254902,-0.01150811887254902,109.86,378.76,105.0,-248.0,239.0,140.0,26.0,-40.0,58.83728500771053,-98.01738985203936,383.75157328571265,142.06511073791881,-0.3513300474881682,-17.395716236860316,-55.97804677486425,188.85407590866077,0.003170715121138731,0.009805347669219353
1767171612,276806152,330_1767171612-276806152.png,1202,-1202,0,0,0.01150811887254902,-0.01150811887254902,110.08,377.14,12.0,-133.0,471.0,73.0,7.0,2.0,57.36201343093108,-125.00647918955336,377.32662743639764,135.35251547246415,5.226763500723628,-16.427293019053593,-70.85602098703389,172.6094810962676,0.003170715121138731,0.0005708146427850919
1767171612,310155029,331_1767171612-310155029.png,1202,-1202,0,0,0.01150811887254902,-0.01150811887254902,110.19,376.32,-12.0,-32.0,380.0,95.0,-8.0,18.0,43.71334037320728,-112.02268743071971,384.95556814937476,124.63341728012482,3.4294723961052314,-9.968737251318766,-72.94797432422642,170.22256350517262,0.003170715121138731,-0.0011012980030370711
1767171612,343502686,332_1767171612-343502686.png,1202,-1202,0,0,0.01150811887254902,-0.01150811887254902,110.22,376.12,-26.0,41.0,367.0,123.0,-23.0,11.0,33.5183340757551,-89.6443699715721,382.3297130493721,124.39454335200588,-0.4356219470169034,-6.902230795275024,-71.31449216604237,171.68712615966786,0.003170715121138731,0.042321561956323334
1767171612,376851318,333_1767171612-376851318.png,1202,-1202,0,0,0.01150811887254902,-0.01150811887254902,110.3,375.94,53.0,26.0,243.0,179.0,-93.0,-11.0,26.12977688672686,-75.60472108590263,349.72178144929813,134.8253852155041,-0.2828522828450555,-8.539577162113426,-66.78088757395749,174.99338960647572,0.003170715121138731,0.01218360690624705
1767171612,443547607,334_1767171612-443547607.png,1202,-1202,0,0,0.01150811887254902,-0.01150811887254902,110.29,375.73,55.0,-113.0,226.0,138.0,-74.0,-6.0,32.42802741256453,-73.22265140991458,323.38227189219384,138.7029438681776,-18.227478643006798,-8.358297435524904,-58.86134994030004,183.6291651725768,0.003170715121138731,0.023862661592601017
1767171612,476895264,335_1767171612-476895264.png,1202,-1202,0,0,0.01150811887254902,-0.01150811887254902,110.47,375.88,-7.0,-96.0,350.0,139.0,-51.0,3.0,26.662000628949098,-76.55365249338054,327.2748970946329,138.746385899766,-23.020192058104342,-6.697239261241583,-66.171497553587,176.3961944580077,0.003170715121138731,0.023108206647093954
1767171612,510244141,336_1767171612-510244141.png,1202,-1202,0,0,0.01150811887254902,-0.01150811887254902,110.55,381.1,-149.0,-21.0,242.0,230.0,14.0,9.0,-4.786169956745612,-67.17004814932564,309.518692022376,150.00209955667754,-12.374606067254872,-2.6193757666251622,-65.69133666157727,177.5152859687804,0.003170715121138731,0.04250795979166565
1767171612,543591797,337_1767171612-543591797.png,1202,-1202,0,0,0.01150811887254902,-0.01150811887254902,111.12,389.58,-28.0,-97.0,201.0,263.0,12.0,-7.0,-19.3241597081787,-67.96495390258063,288.4316659417282,172.7084204253714,-6.77209827830041,-2.362196900850439,-84.88881072402005,177.16479969024647,0.003170715121138731,0.0034663479283291304
1767171612,610286865,338_1767171612-610286865.png,1202,-1202,0,0,0.01150811887254902,-0.01150811887254902,117.45,434.87,82.0,-138.0,-14.0,370.0,17.0,-22.0,1.6188518343039142,-84.20514658304705,243.7549109199174,202.41115151082062,-1.914534877998186,-7.085235224681385,-130.53357788920408,159.88894987106312,0.003170715121138731,0.008748892924441476
1767171612,643634766,339_1767171612-643634766.png,1202,-1202,0,0,0.01150811887254902,-0.01150811887254902,121.35,462.24,42.0,-163.0,142.0,398.0,5.0,-32.0,11.889893665894837,-95.76437945909395,213.32918361390597,233.90737857895877,0.26816464054050215,-10.567790329784211,-231.24053883552557,175.58517551422108,0.003170715121138731,-0.0019075308130185459
1767171612,676981689,340_1767171612-676981689.png,1202,-1202,0,0,0.01150811887254902,-0.01150811887254902,125.39,490.8,15.0,-213.0,220.0,460.0,0.0,-28.0,13.920148769405678,-116.42704747617744,210.5726350834177,275.55726620469727,0.4765278623758442,-14.238489220329674,-241.04760101437574,171.01509809494007,0.003170715121138731,-0.0019075308130185459
1767171612,710329834,341_1767171612-710329834.png,1202,-1202,0,0,0.01150811887254902,-0.01150811887254902,134.13,556.41,63.0,-63.0,-158.0,697.0,0.0,-47.0,23.940201370587676,-125.72387830602278,149.60523429821467,339.472397361436,6.1476437899964145,-20.05734996361742,-242.13871046900755,196.56047534942616,0.003170715121138731,-0.0019075308130185459
1767171612,777024902,342_1767171612-777024902.png,1202,-1202,0,0,0.01150811887254902,-0.01150811887254902,139.34,608.37,-103.0,-81.0,-211.0,703.0,81.0,-32.0,11.973053499769119,-115.40781210078535,82.2287867523365,411.1774038116266,14.550825745828925,-23.624990933119538,-271.05518907308584,256.2996149063109,0.003170715121138731,-0.0019075308130185459
1767171612,810371826,343_1767171612-810371826.png,1202,-1202,0,0,0.01150811887254902,-0.01150811887254902,144.4,640.4,-246.0,-147.0,-291.0,758.0,108.0,-46.0,-28.80877163068165,-119.11353412901967,19.854660026452734,469.65247188047687,29.98287060110079,-27.119716498187877,-273.0922687351704,249.24876523017872,0.003170715121138731,-0.0019075308130185459
1767171612,843719727,344_1767171612-843719727.png,1202,-1202,0,0,0.01150811887254902,-0.01150811887254902,150.66,701.31,218.0,-371.0,-64.0,970.0,-87.0,-100.0,-0.9267624301095427,-167.4542703124595,-37.12588053393339,583.7845619894587,21.36946899798243,-41.30469390805111,-307.8674375414849,204.7420229911803,0.003170715121138731,-0.0019075308130185459
1767171612,910414795,345_1767171612-910414795.png,1202,-1202,0,0,0.01150811887254902,-0.01150811887254902,153.32,728.78,105.0,-393.0,-21.0,990.0,-131.0,-82.0,20.382073799806225,-205.84765659581618,-35.48177394207232,653.4538091875525,-3.793206670801241,-48.81585995957439,-398.01715797185904,-84.78514862060558,0.003170715121138731,-0.0019075308130185459
1767171612,943761719,346_1767171612-943761719.png,1202,-1202,0,0,0.01150811887254902,-0.01150811887254902,158.39,790.84,-86.0,-463.0,-6.0,984.0,16.0,-49.0,21.47679969774541,-259.73263575205397,-37.005689257806914,731.4574272408171,-18.92116501322093,-53.11322183520236,-313.86269500851637,203.7435812950133,0.003170715121138731,-0.0019075308130185459
1767171613,10456787,347_1767171613-10456787.png,1202,-1202,0,0,0.01150811887254902,-0.01150811887254902,160.45,800.84,-107.0,-422.0,-160.0,1058.0,45.0,-68.0,-2.9353065465145676,-294.0983104606403,-53.37031568097097,792.425196729231,-7.746064307604553,-55.07507860076969,-346.3818739056588,115.7576262950896,0.003170715121138731,0.03872889886756563
1767171613,43804688,348_1767171613-43804688.png,1202,-1202,0,0,0.01150811887254902,-0.01150811887254902,163.07,829.59,4.0,-482.0,-87.0,1033.0,-16.0,-92.0,-14.552828657319873,-331.0419970895817,-70.86237035180966,851.649362866788,-5.866723365265487,-61.06706356783607,-351.18497642874723,95.94397497177111,0.003170715121138731,0.021312478996436277
1767171613,77151611,349_1767171613-77151611.png,1202,-1202,0,0,0.01150811887254902,-0.01150811887254902,163.79,850.98,121.0,-446.0,-234.0,1046.0,-14.0,-105.0,6.241389825985974,-355.75212266660304,-95.56427198049948,889.5602223172901,-7.586344086751726,-69.11037624232631,-380.68473947048193,14.061439037322877,0.003170715121138731,0.0343635587373779
1767171613,110499756,350_1767171613-110499756.png,1202,-1202,0,0,0.01150811887254902,-0.01150811887254902,164.54,874.12,13.0,-285.0,-504.0,1115.0,33.0,-86.0,20.89951419070534,-353.23476959871687,-159.23043026644473,932.6771025127842,-5.1558132868190985,-73.9741222543525,-382.9659907519818,4.669381141662477,0.003170715121138731,0.0343635587373779
1767171613,177194580,351_1767171613-177194580.png,1202,-1202,0,0,0.01150811887254902,-0.01150811887254902,164.74,885.91,-101.0,-402.0,-272.0,1057.0,63.0,-73.0,5.78623054848253,-353.586962157536,-200.12456808954204,961.9886986987617,5.984960356539631,-74.81745535046045,-344.51623389124876,115.40957593917834,0.003170715121138731,0.0343635587373779
1767171613,210541504,352_1767171613-210541504.png,1202,-1202,0,0,0.01150811887254902,-0.01150811887254902,164.89,906.45,-188.0,-442.0,-435.0,1102.0,77.0,-73.0,-35.63120361564631,-369.60473875725035,-251.1637034021013,992.434627177405,22.194692764895994,-74.27395622390974,-333.4071395397187,131.21441507339466,0.003170715121138731,0.0343635587373779
1767171613,277236572,353_1767171613-277236572.png,1202,-1202,0,0,0.01150811887254902,-0.01150811887254902,165.05,911.47,-116.0,-350.0,-122.0,1022.0,31.0,-74.0,-59.15776044395779,-372.33156436597693,-246.47928464300728,1005.2242509241769,27.717109656378895,-74.13545593921587,-319.4057804048062,176.01733684539784,0.003170715121138731,0.0343635587373779
1767171613,310584473,354_1767171613-310584473.png,1202,-1202,0,0,0.01150811887254902,-0.01150811887254902,165.23,919.38,-8.0,-257.0,-88.0,1060.0,-51.0,-67.0,-60.11930478386529,-351.90189291059374,-228.327104571377,1011.9823613807079,19.911651210185866,-72.58133150216409,-358.7400749325753,62.052840232849,0.003170715121138731,0.0343635587373779
1767171613,343931396,355_1767171613-343931396.png,1202,-1202,0,0,0.01150811887254902,-0.01150811887254902,165.28,920.41,29.0,-344.0,-85.0,1078.0,-18.0,-76.0,-45.37419022651888,-343.3945525551866,-200.10674724854542,1023.6555784938417,9.751988263048425,-72.54240008330304,-324.2158963680268,152.5896360874175,0.003170715121138731,0.0343635587373779
1767171613,377279297,356_1767171613-377279297.png,1202,-1202,0,0,0.01150811887254902,-0.01150811887254902,165.26,918.98,-20.0,-322.0,-165.0,1087.0,25.0,-91.0,-39.68695052511029,-340.281863674799,-191.9137451617206,1034.363369124683,11.244384618305055,-75.3335579049899,-355.93080252408987,80.74782991409289,0.003170715121138731,0.0343635587373779
1767171613,443974365,357_1767171613-443974365.png,1202,-1202,0,0,0.01150811887254902,-0.01150811887254902,165.37,917.46,37.0,-294.0,-253.0,1116.0,44.0,-89.0,-15.538494898213916,-325.46826003839635,-204.46624436809535,1056.3872352383003,14.58923133992484,-79.87825544988878,-335.9202889204026,123.75189447402941,0.003170715121138731,0.0343635587373779
1767171613,477321289,358_1767171613-477321289.png,1202,-1202,0,0,0.01150811887254902,-0.01150811887254902,165.6,922.36,39.0,-351.0,-95.0,1079.0,55.0,-68.0,-6.166491024183009,-328.36580879729684,-189.74747071048535,1061.2783585882023,21.28055833695267,-78.38356528514011,-312.8932817280293,196.80177497863758,0.003170715121138731,-0.01876434272870095
1767171613,544016113,359_1767171613-544016113.png,1202,-1202,0,0,0.01150811887254902,-0.01150811887254902,166.19,942.52,27.0,-427.0,-253.0,1039.0,94.0,-81.0,-14.188983282361086,-341.32639243008424,-191.49627395345527,1059.7553177637799,34.3947677410836,-78.12953868242235,-332.80768522620207,128.735505580902,0.003170715121138731,-0.022608044598589616
1767171613,577364502,360_1767171613-577364502.png,1202,-1202,0,0,0.01150811887254902,-0.01150811887254902,168.0,952.85,137.0,-287.0,-146.0,1007.0,-48.0,-65.0,10.30737956790468,-364.6070830618312,-175.8658074176055,1045.4281657692593,34.442358607741106,-78.20148141942161,-315.60365164279943,178.41629076004017,0.003170715121138731,-0.026310387389397644
1767171613,610711670,361_1767171613-610711670.png,1202,-1202,0,0,0.01150811887254902,-0.01150811887254902,168.63,956.63,17.0,-227.0,-178.0,1011.0,-46.0,-77.0,24.84780800413677,-347.5182213930886,-172.6656090296461,1039.0322819648263,20.31752569057653,-76.65546227163061,-334.2658313810826,126.7737281322478,0.003170715121138731,-0.005945634159243762
1767171613,644059814,362_1767171613-644059814.png,1202,-1202,0,0,0.01150811887254902,-0.01150811887254902,168.63,961.2,-115.0,-235.0,-35.0,949.0,5.0,-84.0,7.606150693333932,-324.5381430684104,-156.7345153728307,1026.0996497927656,13.208731538264464,-77.55556866514299,-334.8254129886628,123.52420735359179,0.003170715121138731,-0.005945634159243762
1767171613,710755371,363_1767171613-710755371.png,1202,-1202,0,0,0.01150811887254902,-0.01150811887254902,170.26,965.06,-53.0,-291.0,-215.0,966.0,20.0,-95.0,-4.515225145987406,-317.2540144946807,-162.02030816760316,1015.261667154733,13.983754475760149,-80.2779330090668,-347.64370867609983,84.92113852500903,0.003170715121138731,-0.005945634159243762
1767171613,744102539,364_1767171613-744102539.png,1202,-1202,0,0,0.01150811887254902,-0.01150811887254902,173.26,951.35,-190.0,-376.0,-531.0,1016.0,152.0,-95.0,-33.5209028455896,-308.73877458832567,-209.88970784021762,1012.38812543846,23.130650289914414,-82.78936777741407,-361.1625041663647,47.51396441459644,0.003170715121138731,-0.005945634159243762
1767171613,777450928,365_1767171613-777450928.png,1202,-1202,0,0,0.01150811887254902,-0.01150811887254902,174.62,949.95,-158.0,-374.0,-616.0,1025.0,146.0,-77.0,-63.81582660432213,-323.47985569257935,-294.0916640481855,1014.5115924131863,51.05680351873455,-82.88621479133141,-330.9154201149941,136.31810283660877,0.003170715121138731,-0.005945634159243762
1767171613,844146240,366_1767171613-844146240.png,1202,-1202,0,0,0.01150811887254902,-0.01150811887254902,177.26,952.71,-257.0,-237.0,-310.0,1059.0,40.0,-77.0,-104.93473635142935,-313.2672567104843,-367.8227545361839,1034.0758663017612,53.53209622377191,-84.83079478061619,-339.7172225415707,119.22480392456042,0.003170715121138731,-0.005945634159243762
1767171613,877493408,367_1767171613-877493408.png,1202,-1202,0,0,0.01150811887254902,-0.01150811887254902,177.26,952.71,-257.0,-237.0,-310.0,1059.0,40.0,-77.0,-123.00212276879833,-304.2056869284103,-360.9526382133906,1037.0371866180496,51.92430226974351,-83.9003916638105,-342.8072923123837,117.25758147239672,0.003170715121138731,-0.005945634159243762
1767171613,910841797,368_1767171613-910841797.png,1202,-1202,0,0,0.01150811887254902,-0.01150811887254902,177.18,955.93,7.0,-534.0,-123.0,1021.0,26.0,-76.0,-114.76014628044662,-340.49957164032736,-330.58917365556704,1027.4006434909068,56.38623004573358,-80.9588633767479,-331.02659612894064,162.58035778999317,0.003170715121138731,-0.005945634159243762
1767171613,977537109,369_1767171613-977537109.png,1202,-1202,0,0,0.01150811887254902,-0.01150811887254902,176.62,958.84,36.0,-482.0,-110.0,1068.0,36.0,-84.0,-83.30450802144868,-376.144301137228,-282.28974817821086,1032.843400770109,51.05701830827237,-81.02044183390295,-325.4556517899037,176.25777673721302,0.003170715121138731,-0.017043510574274695
1767171614,10884521,370_1767171614-10884521.png,1202,-1202,0,0,0.01150811887254902,-0.01150811887254902,176.04,963.46,-55.0,-421.0,-196.0,1112.0,65.0,-68.0,-79.16520504184481,-382.70408051280265,-269.67057770993523,1044.4194065003376,53.09606543169863,-79.11630862522848,-325.17693248391157,175.07148241996754,0.003170715121138731,-0.013596408852638436
1767171614,44232666,371_1767171614-44232666.png,1202,-1202,0,0,0.01150811887254902,-0.01150811887254902,174.89,970.93,-77.0,-295.0,-110.0,1157.0,110.0,-37.0,-75.16600727287418,-379.8408262308224,-254.43927719946345,1066.7738642985275,59.72763917257449,-74.18551055663812,-324.86879569292074,173.99351501464832,0.003170715121138731,0.0005957391085387176
1767171614,110928223,372_1767171614-110928223.png,1202,-1202,0,0,0.01150811887254902,-0.01150811887254902,174.62,974.5,-111.0,-397.0,-325.0,1166.0,131.0,-63.0,-80.54814534781214,-375.7947091368709,-253.5976295116303,1088.2564954269365,74.0350990979438,-69.67646003647613,-316.0813448429108,221.14609909057606,0.003170715121138731,-0.0047248429001091885
1767171614,144275391,373_1767171614-144275391.png,1202,-1202,0,0,0.01150811887254902,-0.01150811887254902,174.0,983.14,54.0,-460.0,-136.0,1196.0,59.0,-95.0,-66.55325079055667,-386.3413439623718,-241.9969050484907,1113.0093805750232,74.95039842138975,-73.62899297116628,-334.40330779552465,155.86652517318714,0.003170715121138731,-0.0057892130347479975
1767171614,177623535,374_1767171614-177623535.png,1202,-1202,0,0,0.01150811887254902,-0.01150811887254902,173.36,990.47,118.0,-401.0,-186.0,1256.0,8.0,-98.0,-36.36017971732947,-390.4425092553279,-230.99097942659932,1136.1260408428702,64.735572760271,-77.7609816656313,-328.0325065851212,185.3437681198119,0.003170715121138731,-0.006562959606435492
1767171614,244319092,375_1767171614-244319092.png,1202,-1202,0,0,0.01150811887254902,-0.01150811887254902,172.55,1000.47,189.0,-482.0,-189.0,1221.0,67.0,-89.0,8.11368976209734,-406.15150453609033,-232.3999222880132,1155.8618259239204,65.45976550341001,-80.26720549996134,-326.2155710160733,160.5523805618285,0.003170715121138731,-0.008069633782184699
1767171614,277666260,376_1767171614-277666260.png,1202,-1202,0,0,0.01150811887254902,-0.01150811887254902,172.34,1006.38,80.0,-586.0,-137.0,1221.0,43.0,-89.0,31.080549511448353,-433.5688789124446,-217.60396302234085,1168.7959251160626,62.91407981470692,-82.00122448176714,-318.82989904284483,196.0903422832488,0.003170715121138731,-0.008069633782184699
1767171614,344361816,377_1767171614-344361816.png,1202,-1202,0,0,0.01150811887254902,-0.01150811887254902,172.29,1030.09,-118.0,-534.0,-325.0,1267.0,184.0,-88.0,-10.485119820308407,-456.1345098554397,-251.35115921553137,1201.921747847663,75.25148803640568,-81.7792755123493,-329.55741029977804,188.24452209472645,0.003170715121138731,-0.008069633782184699
1767171614,377709961,378_1767171614-377709961.png,1202,-1202,0,0,0.01150811887254902,-0.01150811887254902,172.27,1039.86,-128.0,-515.0,-459.0,1321.0,142.0,-95.0,-27.11332963794084,-465.80213064619903,-274.2491995221937,1216.326111558094,87.35391268684587,-83.3225317093515,-324.44954782724386,214.6641089916228,0.003170715121138731,-0.008069633782184699
1767171614,444405518,379_1767171614-444405518.png,1202,-1202,0,0,0.01150811887254902,-0.01150811887254902,172.35,1046.62,65.0,-546.0,-317.0,1331.0,42.0,-100.0,-21.617233235712487,-477.9875500274338,-289.3056926859266,1235.6036231189582,84.91632271818351,-85.93465807225957,-305.22772154212004,197.34785151481617,0.003170715121138731,-0.008069633782184699
1767171614,477752686,380_1767171614-477752686.png,1202,-1202,0,0,0.01150811887254902,-0.01150811887254902,172.52,1061.37,15.0,-455.0,-436.0,1383.0,59.0,-112.0,-11.38601243892152,-482.7925854443014,-302.6553116515557,1259.8518187124218,80.78248037405992,-90.91285949540728,-306.12751993536955,184.47457361221302,0.003170715121138731,-0.008069633782184699
1767171614,511100830,381_1767171614-511100830.png,1202,-1202,0,0,0.01150811887254902,-0.01150811887254902,172.57,1068.7,-61.0,-429.0,-296.0,1397.0,27.0,-91.0,-13.70435655870482,-475.63647048623346,-313.0289559871646,1282.4009118607476,74.12198854689036,-92.6564876419082,-305.359807997942,184.07536888122547,0.003170715121138731,-0.008069633782184699
1767171614,544447998,382_1767171614-544447998.png,1202,-1202,0,0,0.01150811887254902,-0.01150811887254902,172.66,1073.81,-57.0,-413.0,-179.0,1419.0,49.0,-75.0,-20.145704408884598,-466.9152538958325,-296.63744606596464,1301.7739860778936,69.84467696385143,-90.51322594367348,-308.5276100635529,228.59128165245045,0.003170715121138731,-0.008069633782184699
1767171614,611143555,383_1767171614-611143555.png,1202,-1202,0,0,0.01150811887254902,-0.01150811887254902,172.46,1085.73,159.0,-485.0,-195.0,1470.0,14.0,-104.0,-14.26583754981366,-456.38547852191715,-290.9649359567827,1330.8722930532815,68.37615951609635,-89.31053475278594,-307.37337964773184,227.90922331809986,0.003170715121138731,-0.005628655349491779
1767171614,644491699,384_1767171614-644491699.png,1202,-1202,0,0,0.01150811887254902,-0.01150811887254902,172.27,1095.47,108.0,-638.0,-74.0,1452.0,22.0,-127.0,9.485411987860555,-465.33250800383524,-273.1645141129329,1350.658302047712,60.67310440953185,-92.17466376720672,-303.0840116143227,195.06926083564747,0.003170715121138731,-0.01150489650339323
1767171614,677839111,385_1767171614-677839111.png,1202,-1202,0,0,0.01150811887254902,-0.01150811887254902,172.22,1106.17,31.0,-662.0,1.0,1437.0,48.0,-124.0,19.898237387326503,-502.46958417061904,-224.70660024522715,1368.998918759846,56.08316406335339,-98.73328321552287,-310.5684562027455,237.0445063114165,0.003170715121138731,-0.017216704780835257
1767171614,744534424,386_1767171614-744534424.png,1202,-1202,0,0,0.01150811887254902,-0.01150811887254902,171.76,1122.14,-36.0,-401.0,-61.0,1514.0,-48.0,-101.0,-4.995566585938603,-493.38268773594547,-203.28654223030622,1407.1348598809177,45.6065538828573,-101.31635809365693,-309.1455720663071,236.1450777053832,0.003170715121138731,-0.018073115020361824
1767171614,777882813,387_1767171614-777882813.png,1202,-1202,0,0,0.01150811887254902,-0.01150811887254902,171.63,1130.59,-46.0,-514.0,58.0,1504.0,-54.0,-84.0,-9.584345057895295,-492.63331028480746,-175.61105530566047,1418.9268300457952,33.94182141830898,-99.74020718642873,-289.017388522625,249.14946556091297,0.003170715121138731,-0.009676594047418469
1767171614,811229980,388_1767171614-811229980.png,1202,-1202,0,0,0.01150811887254902,-0.01150811887254902,171.48,1138.81,-38.0,-490.0,-132.0,1555.0,-57.0,-78.0,-13.959330027190006,-492.9064931590558,-164.0218879322605,1437.4275677557066,20.724608630562756,-96.72545030288127,-306.8012647628785,218.82136917114246,0.003170715121138731,-0.01186894569937011
1767171614,844578125,389_1767171614-844578125.png,1202,-1202,0,0,0.01150811887254902,-0.01150811887254902,171.23,1156.75,-166.0,-500.0,-329.0,1582.0,108.0,-101.0,-43.7763177646014,-487.65082359212425,-199.65583906402793,1472.6334161662119,36.00737856436848,-98.18769876347457,-306.45163178443914,217.93369030952442,0.003170715121138731,-0.01186894569937011
1767171614,911273682,390_1767171614-911273682.png,1202,-1202,0,0,0.01150811887254902,-0.01150811887254902,170.95,1168.07,130.0,-493.0,-617.0,1638.0,-17.0,-149.0,-40.2396694388639,-504.1465540427151,-258.70710637408456,1502.852062307236,39.08435188211315,-102.31559635393876,-285.5241758227349,247.5480613708495,0.003170715121138731,-0.01186894569937011
1767171614,944620850,391_1767171614-944620850.png,1202,-1202,0,0,0.01150811887254902,-0.01150811887254902,170.77,1172.91,138.0,-399.0,-545.0,1649.0,52.0,-153.0,-10.095411213633241,-493.7128950747086,-314.10977163151466,1527.2034005047,35.6368060438623,-110.74544775696668,-294.2740268409253,273.42429423332203,0.003170715121138731,-0.01186894569937011
1767171615,11316162,392_1767171615-11316162.png,1202,-1202,0,0,0.01150811887254902,-0.01150811887254902,170.58,1182.22,71.0,-687.0,-412.0,1670.0,98.0,-122.0,21.901284841842102,-486.98799327359313,-351.70740972586265,1553.033315610254,40.742846927166624,-117.17892529214869,-293.71080863475805,273.0745244026183,0.003170715121138731,-0.01186894569937011
1767171615,44664551,393_1767171615-44664551.png,1202,-1202,0,0,0.01150811887254902,-0.01150811887254902,170.44,1186.5,70.0,-669.0,-293.0,1657.0,70.0,-132.0,31.531710855306635,-524.5645453011509,-349.5405591910798,1574.7141195395616,48.78528436973426,-119.32435107620216,-287.33305892348295,286.11989307403553,0.003170715121138731,-0.01186894569937011
1767171615,78011719,394_1767171615-78011719.png,1202,-1202,0,0,0.01150811887254902,-0.01150811887254902,170.19,1191.15,31.0,-619.0,-270.0,1606.0,96.0,-116.0,45.71447201462015,-552.9189917162054,-328.347797206793,1582.2819521025287,55.67824986855406,-119.86573404970754,-287.06966528296476,285.2383756637572,0.003170715121138731,-0.01186894569937011
1767171615,144707031,395_1767171615-144707031.png,1202,-1202,0,0,0.01150811887254902,-0.01150811887254902,170.17,1193.96,233.0,-600.0,-354.0,1636.0,58.0,-98.0,61.07445954319852,-564.3207330930965,-324.364335653175,1589.7066153523808,60.24555801709728,-117.46907120631597,-299.01063156127935,235.1148257255553,0.003170715121138731,-0.01186894569937011
1767171615,178055176,396_1767171615-178055176.png,1202,-1202,0,0,0.01150811887254902,-0.01150811887254902,170.05,1197.37,196.0,-572.0,-376.0,1649.0,41.0,-104.0,85.37508671985313,-566.3919289136973,-332.70318844423383,1599.608021065062,57.371377412002275,-114.9819449026822,-298.772369414568,257.4983754158019,0.003170715121138731,-0.022913907859428567
1767171615,244750732,397_1767171615-244750732.png,1202,-1202,0,0,0.01150811887254902,-0.01150811887254902,170.06,1198.19,-77.0,-437.0,-452.0,1704.0,120.0,-106.0,60.49455720837479,-534.7494073991628,-377.2703782259756,1624.6158331566878,68.5426962130233,-113.60256981161156,-303.65164569020277,252.41317200660694,0.003170715121138731,-0.01261455365291636
1767171615,278097900,398_1767171615-278097900.png,1202,-1202,0,0,0.01150811887254902,-0.01150811887254902,170.42,1198.88,44.0,-613.0,-481.0,1584.0,96.0,-122.0,50.65563181770187,-543.5262841977246,-386.1159624439088,1621.881182731581,77.43959382278305,-112.81107652262669,-294.17109811306005,246.90626740455616,0.003170715121138731,-0.042176663030698586
1767171615,311446045,399_1767171615-311446045.png,1202,-1202,0,0,0.01150811887254902,-0.01150811887254902,171.33,1197.96,101.0,-576.0,-325.0,1507.0,27.0,-132.0,54.84101241947874,-550.3376095110058,-385.8733962956829,1609.3725824660212,73.90914447155657,-115.05991874122198,-292.7262645065785,279.8773398399352,0.003170715121138731,0.007247452345744199
1767171615,378141602,400_1767171615-378141602.png,1202,-1202,0,0,0.01150811887254902,-0.01150811887254902,173.68,1186.71,52.0,-583.0,-174.0,1392.0,1.0,-111.0,55.65219879266415,-555.7961875008369,-353.2709514119347,1574.863098147504,62.00018152714565,-114.91636637292191,-323.22180616855627,208.25791907310474,0.003170715121138731,-0.016016088669505102
1767171615,411488770,401_1767171615-411488770.png,1202,-1202,0,0,0.01150811887254902,-0.01150811887254902,182.64,1168.27,-16.0,-438.0,-260.0,1204.0,41.0,-78.0,44.55795442550913,-530.2004244246448,-327.08441519302914,1503.906871340405,51.966893968438086,-108.44502958872803,-323.22180616855627,208.25791907310474,0.003170715121138731,-0.011237924008540595
1767171615,444836914,402_1767171615-444836914.png,1202,-1202,0,0,0.01150811887254902,-0.01150811887254902,187.59,1141.38,143.0,-312.0,-127.0,1100.0,10.0,-80.0,54.593174313119384,-501.7463812541187,-301.47168952286034,1447.6913519265452,46.67986088586772,-104.23031956309856,-333.28200158476835,194.71390271186817,0.003170715121138731,-0.02458732144882511
1767171615,511532227,403_1767171615-511532227.png,1202,-1202,0,0,0.01150811887254902,-0.01150811887254902,197.18,1030.65,146.0,-345.0,-216.0,835.0,32.0,-57.0,77.3757173377509,-458.9873297395776,-264.14532697427217,1301.1879523755988,42.8950801526536,-93.58792580363932,-380.5101827383042,53.340977907180665,0.003170715121138731,-0.03469684343136489
1767171615,544879639,404_1767171615-544879639.png,1202,-1202,0,0,0.01150811887254902,-0.01150811887254902,200.66,970.02,21.0,-306.0,-176.0,724.0,82.0,-37.0,70.67752838086031,-440.81038954267433,-253.67248363636187,1232.6103066936757,47.54126745901342,-86.86452364379724,-328.0706908702851,167.38127470016468,0.003170715121138731,-0.03469684343136489
1767171615,578227539,405_1767171615-578227539.png,1202,-1202,0,0,0.01150811887254902,-0.01150811887254902,202.73,818.79,44.0,-205.0,-122.0,480.0,63.0,-53.0,62.905555773176474,-389.6629782675562,-232.0415734700053,1086.81738353393,59.15807582492414,-76.01345390826408,-323.4968239367009,128.1325430870055,0.003170715121138731,-0.03469684343136489
1767171615,644922852,406_1767171615-644922852.png,1202,-1202,0,0,0.01150811887254902,-0.01150811887254902,199.36,701.95,37.0,-211.0,-29.0,376.0,44.0,-66.0,58.127899392931624,-353.8730016924702,-196.59078379623338,951.1161204928217,57.14234909913081,-73.34495321650667,-234.64803171157843,113.78438568115222,0.003170715121138731,-0.03469684343136489
1767171615,678270020,407_1767171615-678270020.png,1202,-1202,0,0,0.01150811887254902,-0.01150811887254902,183.1,558.3,-226.0,120.0,-56.0,186.0,161.0,24.0,47.56552759788058,-303.2933606292,-149.90738477779502,831.7851814368255,57.09606331117904,-65.30690394622347,-222.80434444546705,142.78648042678822,0.003170715121138731,-0.03469684343136489
1767171615,711617920,408_1767171615-711617920.png,1202,-1202,0,0,0.01150811887254902,-0.01150811887254902,169.06,489.67,-190.0,97.0,-19.0,123.0,153.0,16.0,-3.496615438652846,-221.3241052967933,-127.91211694846623,697.8537302452705,77.00361924889964,-48.29779384432244,-144.72131270170217,138.10134148597706,0.003170715121138731,-0.03469684343136489
1767171615,744965088,409_1767171615-744965088.png,1202,-1202,0,0,0.01150811887254902,-0.01150811887254902,152.21,423.89,-232.0,67.0,38.0,76.0,161.0,18.0,-46.6716382481256,-162.50363881929317,-97.95030251797384,576.8350835948621,93.26370247717297,-35.238080293573134,-14.089561253786139,197.48240041732777,0.003170715121138731,-0.03469684343136489
1767171615,811660400,410_1767171615-811660400.png,1202,-1202,0,0,0.01150811887254902,-0.01150811887254902,117.77,283.82,110.0,-76.0,211.0,132.0,-3.0,-43.0,-29.516797494536306,-131.02686761262174,-27.615164715769506,465.6275269911062,75.0912553696159,-35.09868884864135,153.37469971179956,269.40975046157826,0.003170715121138731,-0.03469684343136489
1767171615,845008301,411_1767171615-845008301.png,1202,-1202,0,0,0.01150811887254902,-0.01150811887254902,83.84,224.22,105.0,-240.0,317.0,4.0,10.0,-29.0,0.2619604744828208,-139.76083425255516,31.802067730262465,378.54646896377693,55.825459192280285,-34.77121256345214,138.6628401279449,258.01149535179127,0.003170715121138731,-0.03469684343136489
1767171615,911703613,412_1767171615-911703613.png,1202,-1202,0,0,0.01150811887254902,-0.01150811887254902,69.96,201.82,26.0,-157.0,320.0,-7.0,3.0,-21.0,11.672912827501323,-149.80321856010832,88.7885623001992,302.86806076090176,45.89447715774694,-32.674750305252275,81.05937826633448,305.8644788265227,0.003170715121138731,0.016511021866000453
1767171615,945050537,413_1767171615-945050537.png,1202,-1202,0,0,0.01150811887254902,-0.01150811887254902,58.71,186.71,16.0,12.0,524.0,-2.0,-32.0,-13.0,12.686451998815443,-126.33207248585413,158.57905276298186,250.04894782771152,33.36313862781421,-29.48722588457636,74.9233974218368,249.43633127212513,0.003170715121138731,0.033473270712177663
1767171616,11745850,414_1767171616-11745850.png,1202,-1202,0,0,0.01150811887254902,-0.01150811887254902,47.65,169.15,24.0,-34.0,361.0,-8.0,-68.0,3.0,10.259893890550872,-103.6733741631083,234.55528209434925,178.71924992360366,6.008752724639068,-20.55518180931317,110.23204225301737,278.52439975738514,0.003170715121138731,0.02704900862403055
1767171616,45093750,415_1767171616-45093750.png,1202,-1202,0,0,0.01150811887254902,-0.01150811887254902,45.96,165.05,-73.0,-62.0,297.0,9.0,41.0,14.0,-1.916185149632327,-97.5789837673175,243.68731175872333,153.89919665249406,11.125936672764933,-15.501768871852676,101.29665976762766,248.90257763862598,0.003170715121138731,0.0322334060821282
1767171616,78440918,416_1767171616-78440918.png,1202,-1202,0,0,0.01150811887254902,-0.01150811887254902,43.41,161.21,79.0,-56.0,117.0,60.0,32.0,-7.0,-5.480102751453513,-93.9903942148396,252.5770724789537,131.41036772174462,20.62467393213072,-12.578108152823539,55.042112946510265,236.62939643859852,0.003170715121138731,-0.036914113720165544
1767171616,111789063,417_1767171616-111789063.png,1202,-1202,0,0,0.01150811887254902,-0.01150811887254902,42.08,160.29,132.0,-99.0,123.0,28.0,20.0,-5.0,21.15287225610756,-91.78755511683507,223.15167530957606,110.76968917469965,21.41227252974716,-11.038860858941913,21.59027639031405,230.99052214622486,0.003170715121138731,0.01653161707384887
1767171616,178484131,418_1767171616-178484131.png,1202,-1202,0,0,0.01150811887254902,-0.01150811887254902,41.86,159.16,-193.0,121.0,173.0,-67.0,152.0,35.0,31.184729487825155,-82.78554922216941,217.03505332160307,92.65854089492454,22.018071402683653,-7.900037944112288,158.0427935123443,169.07438421249378,0.003170715121138731,-0.00958882941077941
1767171616,211831299,419_1767171616-211831299.png,1202,-1202,0,0,0.01150811887254902,-0.01150811887254902,41.89,158.46,-221.0,99.0,191.0,-51.0,127.0,25.0,-22.24960131286781,-39.8513102045663,209.33141379909836,58.87425471312553,48.1000139930935,0.5004211109814269,116.62271487712854,158.34543466567982,0.003170715121138731,-0.028595007007792654
1767171616,245179199,420_1767171616-245179199.png,1202,-1202,-50,0,0.01150811887254902,-0.01150811887254902,41.92,158.13,-251.0,150.0,131.0,-21.0,137.0,19.0,-60.98420976721714,-8.397175811173417,197.38893288229173,44.273422438413824,63.19765382553633,3.856902281090848,140.30346560478205,180.13662528991688,0.003170715121138731,-0.04005239558487575
1767171616,278526367,421_1767171616-278526367.png,1202,-1202,0,0,0.01150811887254902,-0.01150811887254902,41.94,156.87,-207.0,67.0,229.0,-63.0,174.0,35.0,-50.30393210728431,-3.9965260069603357,224.66951120930503,37.11256213332627,58.8413597528287,1.1176369174658745,137.96513271331781,153.86605954170216,0.003170715121138731,-0.05427555905532799
1767171616,345221436,422_1767171616-345221436.png,1202,-1202,0,0,0.01150811887254902,-0.01150811887254902,41.99,156.58,-284.0,-94.0,193.0,-110.0,162.0,58.0,-90.56676633729582,-9.028121323014176,221.25210925529313,11.649578665478435,80.28196449732226,10.578163421865726,30.65936881303782,251.28906536102284,0.003170715121138731,-0.022591266449748702
1767171616,378569580,423_1767171616-378569580.png,1202,-1202,0,0,0.01150811887254902,-0.01150811887254902,41.97,156.57,-157.0,-130.0,327.0,-86.0,80.0,35.0,-105.4225138811242,-28.977372073713795,235.96608274030868,-5.863675163298761,82.41236172618154,15.409878487923793,118.21528530120844,274.2942051887511,0.003170715121138731,-0.036082793413038196
1767171616,411916504,424_1767171616-411916504.png,1202,-1202,0,0,0.01150811887254902,-0.01150811887254902,42.1,156.96,74.0,-38.0,441.0,-9.0,-23.0,6.0,-65.14690711606502,-45.40715668608033,261.5849218063223,-11.208708957974348,57.20647769814253,13.982585218976212,75.75500959157938,264.7810676097869,0.003170715121138731,-0.03216985492983261
1767171616,478611572,425_1767171616-478611572.png,1202,-1202,0,0,0.01150811887254902,-0.01150811887254902,42.04,157.51,152.0,-195.0,587.0,-83.0,-89.0,-7.0,-33.39094658298784,-67.28388747353985,309.17421753809714,-21.70759855869369,35.824975206924464,10.914053610835056,58.040228724479626,145.22125673294056,0.003170715121138731,-0.055891948535112514
1767171616,511959717,426_1767171616-511959717.png,1202,-1202,0,0,0.01150811887254902,-0.01150811887254902,41.91,157.68,150.0,-77.0,430.0,-87.0,6.0,-17.0,14.382112690135257,-89.14048377418041,329.13066397242835,-33.77398968225254,20.513375510067256,4.142954468117953,58.80897969007487,160.85629773139942,0.003170715121138731,0.03494067939294944
1767171616,578655029,427_1767171616-578655029.png,1202,-1202,0,0,0.01150811887254902,-0.01150811887254902,41.29,158.67,-53.0,-65.0,619.0,-36.0,0.0,24.0,14.732381745250256,-58.27912988295746,440.7885325386986,-43.93895192826069,5.909498380005913,8.983307240960333,78.34400802850718,96.9792420864104,0.003170715121138731,0.009077461929447498
1767171616,612002197,428_1767171616-612002197.png,1202,-1202,0,0,0.01150811887254902,-0.01150811887254902,41.29,158.67,-53.0,-65.0,619.0,-36.0,0.0,24.0,12.624094240477186,-58.48832858709069,446.33567262701064,-43.691838321444116,5.725555024213366,9.450727769976643,72.49960446357721,244.77411866188038,0.003170715121138731,-0.04277442406753133
1767171616,645350586,429_1767171616-645350586.png,1202,-1202,0,0,0.01150811887254902,-0.01150811887254902,40.98,158.4,32.0,-35.0,710.0,4.0,-3.0,10.0,14.980742396001546,-50.46184288031153,482.83307890657056,-35.449900459291406,5.067773695731281,11.245928661987957,87.05625921487803,262.7330298423766,0.003170715121138731,-0.02439683699229358
1767171616,712045898,430_1767171616-712045898.png,1202,-1202,0,0,0.01150811887254902,-0.01150811887254902,40.76,158.5,65.0,-124.0,498.0,-7.0,-11.0,-1.0,22.705559961399192,-57.5803543978736,508.4187509458798,-27.939395427398278,2.3140376462145262,9.660503924807072,85.6018795371055,199.57758045196522,0.003170715121138731,-0.051575529902755934
1767171616,745393066,431_1767171616-745393066.png,1202,-1202,0,0,0.01150811887254902,-0.01150811887254902,40.71,158.21,64.0,-116.0,441.0,-25.0,17.0,-8.0,29.86849637029051,-67.88883225148115,498.2824344247292,-26.95307472842447,4.107923070689641,6.794499868564449,36.655665308237026,266.56459283828724,0.003170715121138731,-0.04062008024918703
1767171616,778741455,432_1767171616-778741455.png,1202,-1202,0,0,0.01150811887254902,-0.01150811887254902,40.7,158.84,-65.0,62.0,403.0,-3.0,-2.0,7.0,19.95418894182139,-50.47162751537492,492.2670380581201,-23.295091032485722,3.306947545330784,5.4625102277345805,30.813404738902992,271.66226243972767,0.003170715121138731,-0.04062008024918703
1767171616,845436768,433_1767171616-845436768.png,1202,-1202,0,0,0.01150811887254902,-0.01150811887254902,40.71,158.95,-39.0,-8.0,360.0,-19.0,-35.0,17.0,4.768355244242422,-35.57000814997329,466.02655282679484,-21.098801981252507,-2.7051892604045014,7.268573030736804,30.80704069137568,271.75554394721973,0.003170715121138731,-0.04062008024918703
1767171616,878783936,434_1767171616-878783936.png,1202,-1202,0,0,0.01150811887254902,-0.01150811887254902,40.7,159.44,-66.0,71.0,326.0,8.0,-28.0,12.0,-1.1842074742508686,-28.548820629837213,459.5006303381997,-18.752812660461903,-14.042684203062286,7.796225925150366,39.83996194601054,210.08271169662464,0.003170715121138731,-0.04062008024918703
1767171616,912132324,435_1767171616-912132324.png,1202,-1202,0,0,0.01150811887254902,-0.01150811887254902,40.68,159.92,-76.0,151.0,397.0,19.0,-16.0,14.0,-15.24242698130539,0.7230652523086274,441.42795470980445,-12.133718950665358,-15.388344817149774,8.8685710407021,56.24920392036433,236.9750108718871,0.003170715121138731,-0.04062008024918703
1767171616,945479492,436_1767171616-945479492.png,1202,-1202,0,0,0.01150811887254902,-0.01150811887254902,40.7,160.03,2.0,87.0,466.0,-9.0,28.0,20.0,-14.335477190609911,17.33392623463952,443.84075597539896,-10.848068940906428,-9.059408531444126,10.632817736705872,99.49472516775126,146.42302632331837,0.003170715121138731,-0.04062008024918703
1767171617,12174805,437_1767171617-12174805.png,1202,-1202,0,0,0.01150811887254902,-0.01150811887254902,40.68,160.23,34.0,-11.0,381.0,22.0,0.0,7.0,-10.64080610809798,21.591948249822792,441.10968291157053,-2.8155495347839357,-4.652226049375409,9.499632386436707,88.83858215808863,128.74582242965687,0.003170715121138731,-0.04062008024918703
1767171617,45522949,438_1767171617-45522949.png,1202,-1202,0,0,0.01150811887254902,-0.01150811887254902,40.76,160.03,167.0,-138.0,470.0,-10.0,-2.0,-13.0,4.980740316040153,16.50928934024136,435.2263638961121,3.184842105102952,-2.428699112919145,7.2661609860274625,63.38200241327281,284.1089673042296,0.003170715121138731,-0.04062008024918703
1767171617,112218506,439_1767171617-112218506.png,1202,-1202,0,0,0.01150811887254902,-0.01150811887254902,40.83,159.84,127.0,-76.0,495.0,10.0,-52.0,33.0,43.975630978662814,-41.4281375940367,433.09210067265013,4.889399623099212,-4.093817803788065,7.992622578511908,63.44044774770732,283.7653589248656,0.003170715121138731,-0.04062008024918703
1767171617,145565674,440_1767171617-145565674.png,1202,-1202,0,0,0.01150811887254902,-0.01150811887254902,40.84,159.73,39.0,47.0,672.0,16.0,-73.0,43.0,43.8207558605822,-38.67565890133319,440.52852215916835,5.235236272299718,-6.238641877335096,9.082287735573566,39.25018358230586,249.02881574630726,0.003170715121138731,-0.04062008024918703
1767171617,178913818,441_1767171617-178913818.png,1202,-1202,0,0,0.01150811887254902,-0.01150811887254902,40.8,159.91,88.0,34.0,326.0,18.0,-47.0,27.0,45.9905942470261,-24.666188693331534,459.3261525896597,7.218134523328729,-16.182708708521478,13.963275608779535,39.19914132356639,249.24604272842396,0.003170715121138731,-0.03524465301884317
1767171617,212260986,442_1767171617-212260986.png,1202,-1202,0,0,0.01150811887254902,-0.01150811887254902,40.86,160.48,83.0,-38.0,177.0,29.0,38.0,2.0,52.79799521987456,-21.043969961183244,422.80013482702026,10.07696005109039,-13.8156292791063,13.953643899541085,80.17919152975077,306.4478106498717,0.003170715121138731,-0.04844003079932983
1767171617,278956543,443_1767171617-278956543.png,1202,-1202,0,0,0.01150811887254902,-0.01150811887254902,41.61,165.86,-155.0,-25.0,272.0,3.0,91.0,43.0,17.41598428945752,-19.253072924707975,380.67735578173904,8.754009238080489,13.667968590814068,18.672089662204137,129.13702988624567,232.2031817436217,0.003170715121138731,0.0008607620586581696
1767171617,312304688,444_1767171617-312304688.png,1202,-1202,0,0,0.01150811887254902,-0.01150811887254902,43.21,169.94,-93.0,16.0,281.0,2.0,80.0,39.0,7.422926340088123,-16.062538484454944,371.65618372067604,8.142746238968153,19.671264563195084,20.511841282428335,74.1291902661323,113.00575017929064,0.003170715121138731,-0.03562772987922201
1767171617,345651855,445_1767171617-345651855.png,1202,-1202,0,0,0.01150811887254902,-0.01150811887254902,45.43,176.26,82.0,-22.0,443.0,60.0,-27.0,4.0,13.07486389828742,-15.253260662191417,377.3463014218933,15.405043706325854,16.0025066322863,19.064460860727465,159.3584629297256,303.7115530967711,0.003170715121138731,-0.04801403435225704
1767171617,412347168,446_1767171617-412347168.png,1202,-1202,0,0,0.01150811887254902,-0.01150811887254902,50.22,200.45,-216.0,-29.0,355.0,100.0,93.0,33.0,-23.76256136598533,-5.764997059962165,367.14339224100644,27.260499757674914,29.094968884710124,21.968837310088123,125.36185091733927,258.493664741516,0.003170715121138731,-0.008701852882811082
1767171617,445695557,447_1767171617-445695557.png,1202,-1202,0,0,0.01150811887254902,-0.01150811887254902,53.03,213.65,-142.0,-177.0,209.0,103.0,130.0,30.0,-55.90767966901658,-32.602045893355836,343.0779143332961,43.95723988020653,48.78933786182931,23.995688356312744,47.45097315311427,215.95070600509632,0.003170715121138731,-0.029192124094066896
1767171617,479042725,448_1767171617-479042725.png,1202,-1202,0,0,0.01150811887254902,-0.01150811887254902,56.53,228.21,28.0,-226.0,298.0,181.0,25.0,-1.0,-43.636867252760695,-60.88491613707435,336.4856377612128,63.99862356605392,45.31034161785103,20.340273211413173,-26.344963431358387,160.88223314285267,0.003170715121138731,-0.029192124094066896
1767171617,512390869,449_1767171617-512390869.png,1202,-1202,0,0,0.01150811887254902,-0.01150811887254902,67.36,263.9,257.0,-265.0,378.0,356.0,-74.0,-47.0,19.90262937360371,-101.96395023834623,330.72639267305624,116.76297800982461,20.24680324782048,6.007960107654641,-26.980848670005848,165.34799575805653,0.003170715121138731,-0.029192124094066896
1767171617,579086426,450_1767171617-579086426.png,1202,-1202,0,0,0.01150811887254902,-0.01150811887254902,72.41,291.94,97.0,-189.0,381.0,342.0,11.0,-29.0,49.49759942508613,-127.28977887018807,341.7312479399,168.18748861592638,11.612244007117337,-3.2075026765071315,-44.302357375621845,176.49348807334889,0.003170715121138731,-0.029192124094066896
1767171617,612434082,451_1767171617-612434082.png,1202,-1202,0,0,0.01150811887254902,-0.01150811887254902,77.41,310.7,-196.0,-144.0,205.0,346.0,139.0,4.0,13.595581837788611,-129.7335121461756,321.73542036452943,194.19111523346723,30.241662244905196,-2.1534643133686147,-63.02019006013875,168.3966245651244,0.003170715121138731,-0.029192124094066896
1767171617,645782471,452_1767171617-645782471.png,1202,-1202,0,0,0.01150811887254902,-0.01150811887254902,88.76,348.86,-110.0,1.0,181.0,470.0,115.0,30.0,-28.380547714765957,-120.2480723639159,306.28285697418374,236.60169126273692,49.268091784047584,2.8582629764219574,-63.41560521721845,178.0037600994109,0.003170715121138731,-0.029192124094066896
1767171617,712478516,453_1767171617-712478516.png,1202,-1202,0,0,0.01150811887254902,-0.01150811887254902,94.62,368.95,22.0,-98.0,-38.0,544.0,96.0,-3.0,-27.319400297117713,-107.62584172920982,246.25390998963576,299.5904711721906,61.18124394637233,4.098735647152639,-87.95595693588261,160.26694774627674,0.003170715121138731,-0.029192124094066896
1767171617,745826172,454_1767171617-745826172.png,1202,-1202,0,0,0.01150811887254902,-0.01150811887254902,104.74,411.73,231.0,-163.0,354.0,587.0,-5.0,-37.0,12.71662864973803,-111.48262666376597,230.44567617263348,355.1495951507862,59.70878249458839,-0.6300090169578374,-108.38597816228871,167.20474195480335,0.003170715121138731,-0.029192124094066896
1767171617,779174561,455_1767171617-779174561.png,1202,-1202,0,0,0.01150811887254902,-0.01150811887254902,109.01,433.46,223.0,-234.0,377.0,619.0,-2.0,-46.0,60.33523719078201,-133.38045086311513,261.42488031066455,411.65024611687227,45.68444004797123,-10.075246619557543,-108.10186889767651,167.56912732124317,0.003170715121138731,-0.029192124094066896
1767171617,812522217,456_1767171617-812522217.png,1202,-1202,0,0,0.01150811887254902,-0.01150811887254902,117.92,460.11,103.0,-223.0,218.0,640.0,111.0,-36.0,79.24016377472613,-159.0005999564098,261.3135868954391,454.3839867470633,53.574421759137486,-17.694000702093657,-140.36109593510633,155.34724378585804,0.003170715121138731,-0.0007258851828678622
1767171617,879218262,457_1767171617-879218262.png,1202,-1202,0,0,0.01150811887254902,-0.01150811887254902,121.57,475.79,24.0,-244.0,212.0,675.0,94.0,-43.0,76.19646182561843,-171.96133223688653,253.28526088491134,489.6291318998118,61.95994741228421,-21.49110600248692,-144.60325312614447,156.17402458190907,0.003170715121138731,-0.015499180864108036
1767171617,912566650,458_1767171617-912566650.png,1202,-1202,0,0,0.01150811887254902,-0.01150811887254902,124.72,488.91,3.0,-226.0,137.0,723.0,91.0,-39.0,62.76104296252639,-183.63326845854465,234.11935550846724,533.4567286271104,67.88322430655552,-25.177031643088156,-175.5630455613137,144.20963239669788,0.003170715121138731,-0.001242435343635162
1767171617,945914307,459_1767171617-945914307.png,1202,-1202,0,0,0.01150811887254902,-0.01150811887254902,126.22,506.44,1.0,-269.0,137.0,740.0,125.0,-29.0,51.8829653984232,-209.23091058443546,199.77658868081863,578.6901958183076,83.04351701318883,-26.03150377044628,-206.9748152494431,147.57034587860096,0.003170715121138731,-0.004220550627160438
1767171618,12610352,460_1767171618-12610352.png,1202,-1202,0,0,0.01150811887254902,-0.01150811887254902,128.77,515.86,98.0,-378.0,-71.0,827.0,87.0,-58.0,55.9648953415044,-237.03926181740093,156.89311531199806,623.4435616898811,85.8173764561401,-30.86195338070162,-224.30645447969442,149.2009811401366,0.003170715121138731,0.04324210013289877
1767171618,45958740,461_1767171618-45958740.png,1202,-1202,0,0,0.01150811887254902,-0.01150811887254902,132.49,535.21,78.0,-232.0,-230.0,843.0,138.0,-23.0,59.5599003195216,-246.15442837878098,80.26106095097191,674.6447505598991,91.22942038694775,-32.695899940440896,-198.55199834704405,183.86874532699574,0.003170715121138731,-0.006676392717791746
1767171618,79306396,462_1767171618-79306396.png,1202,-1202,0,0,0.01150811887254902,-0.01150811887254902,132.94,540.91,182.0,-119.0,-427.0,889.0,132.0,-21.0,78.430591123906,-226.8185413471145,-10.155269686053048,714.8011735984785,99.63892479901806,-30.478159193638692,-229.4777626097203,152.84325861930836,0.003170715121138731,0.0034864948019340397
1767171618,146002441,463_1767171618-146002441.png,1202,-1202,0,0,0.01150811887254902,-0.01150811887254902,133.9,548.93,127.0,-430.0,-184.0,704.0,159.0,-46.0,99.43457968027047,-241.10325510265156,-59.3266349007633,730.7874668054717,106.07187511178132,-31.602002038394108,-208.0517030060292,161.12668514251698,0.003170715121138731,0.0034864948019340397
1767171618,179350830,464_1767171618-179350830.png,1202,-1202,0,0,0.01150811887254902,-0.01150811887254902,135.39,548.48,37.0,-418.0,-231.0,641.0,183.0,-59.0,93.1002105999239,-286.1342447445186,-97.07906408587864,714.9395195811765,122.69090175631824,-37.06923779951854,-239.4235350489617,157.49630069732655,0.003170715121138731,0.0034864948019340397
1767171618,212698486,465_1767171618-212698486.png,1202,-1202,0,0,0.01150811887254902,-0.01150811887254902,136.86,538.09,179.0,-320.0,24.0,551.0,114.0,-59.0,105.66235278383458,-291.0868346828183,-79.3722404817186,690.9647046378127,121.41992840083326,-40.27643254223043,-191.24087664484983,182.25731086730946,0.003170715121138731,0.0034864948019340397
1767171618,246046875,466_1767171618-246046875.png,1202,-1202,0,0,0.01150811887254902,-0.01150811887254902,137.0,498.3,124.0,-132.0,145.0,326.0,148.0,-12.0,115.20744218628046,-270.2534209246207,-51.64881336333189,646.454135430057,125.73002446497051,-37.65683443982657,-178.1750324964524,155.86967754364002,0.003170715121138731,0.0034864948019340397
1767171618,312742920,467_1767171618-312742920.png,1202,-1202,0,0,0.01150811887254902,-0.01150811887254902,133.86,466.71,-18.0,-183.0,99.0,221.0,151.0,-11.0,100.30116933952645,-245.41186368458673,-13.161227932129256,562.3539883925797,131.06402954381724,-31.803458850649758,-138.84281602501875,154.9315607547759,0.003170715121138731,0.0034864948019340397
1767171618,346090576,468_1767171618-346090576.png,1202,-1202,0,0,0.01150811887254902,-0.01150811887254902,118.51,361.46,-55.0,-41.0,566.0,140.0,-33.0,-15.0,76.36757088304863,-216.69717314923872,47.87509689417277,488.50985038600965,113.42602091693792,-29.639114242230097,-90.94030559062962,153.89256811141956,0.003170715121138731,0.0034864948019340397
1767171618,412786621,469_1767171618-412786621.png,1202,-1202,0,0,0.01150811887254902,-0.01150811887254902,108.37,316.96,-101.0,-14.0,139.0,146.0,48.0,-34.0,37.10336455781601,-169.23201837772007,113.75886387510232,403.06848161298524,89.00485410112654,-28.791897349975923,168.07889646291727,255.47842240333546,0.003170715121138731,0.0034864948019340397
1767171618,446135010,470_1767171618-446135010.png,1202,-1202,0,0,0.01150811887254902,-0.01150811887254902,64.46,239.51,104.0,-26.0,425.0,33.0,1.0,-20.0,37.7591188371553,-137.5189941991274,164.29964971981184,309.236500864237,76.75853312572832,-26.533295659883354,151.4254828691482,217.88110303878773,0.003170715121138731,-0.05437005966078501
1767171618,512831299,471_1767171618-512831299.png,1202,-1202,0,0,0.01150811887254902,-0.01150811887254902,41.66,171.08,155.0,17.0,627.0,-22.0,-46.0,-11.0,92.46968682000826,-86.99631014059187,272.0011097830792,211.97651003647067,29.333540598840877,-24.561214152687423,46.651960492134045,254.79306840896595,0.003170715121138731,-0.03325447575136409
1767171618,546178711,472_1767171618-546178711.png,1202,-1202,0,0,0.01150811887254902,-0.01150811887254902,41.66,171.08,155.0,17.0,627.0,-22.0,-46.0,-11.0,96.30183112146032,-80.62293941829665,293.75706949258335,197.6373566880943,24.716755816665348,-23.730120769444607,68.24958962202066,140.803066253662,0.003170715121138731,0.0055929179213247415
1767171618,612875000,473_1767171618-612875000.png,1202,-1202,0,0,0.01150811887254902,-0.01150811887254902,41.6,160.46,-31.0,104.0,507.0,-1.0,18.0,24.0,70.6124264911643,-48.08184588721759,329.235475006796,155.037692542883,30.658860888539643,-14.93903230988553,80.90884906053537,144.6094102859496,0.003170715121138731,-0.00898052055662437
1767171618,646223389,474_1767171618-646223389.png,1202,-1202,0,0,0.01150811887254902,-0.01150811887254902,41.64,159.23,-70.0,48.0,424.0,-36.0,85.0,16.0,42.197589283729336,-22.279556159758613,356.82957415549527,115.04322474048956,37.62767977800219,-7.405699032081568,120.61583000421518,151.9250590801238,0.003170715121138731,-0.017017530402570986
1767171618,679571045,475_1767171618-679571045.png,1202,-1202,0,0,0.01150811887254902,-0.01150811887254902,41.92,157.31,45.0,-144.0,526.0,-26.0,33.0,-15.0,49.3434612586179,-38.34937158444152,401.265815015711,87.3116707268921,32.7276846965395,-8.50181576200214,52.24459454417224,211.6146204471587,0.003170715121138731,-0.00012641915997676362
1767171618,712919678,476_1767171618-712919678.png,1202,-1202,0,0,0.01150811887254902,-0.01150811887254902,41.92,156.58,81.0,-137.0,633.0,-14.0,-7.0,-15.0,51.85097349235483,-55.974020176831296,432.50584229995167,68.81558603775187,29.154596255566606,-9.624809393436912,99.06184005737299,110.3494482040404,0.003170715121138731,-0.001706613738524352
1767171618,779615967,477_1767171618-779615967.png,1202,-1202,0,0,0.01150811887254902,-0.01150811887254902,42.03,155.66,93.0,-156.0,665.0,-33.0,-22.0,-23.0,59.3938239725482,-74.8414610335799,476.9965113122222,49.59279373582371,19.78196604085105,-11.862063591689735,99.84292948245997,108.9641246795653,0.003170715121138731,-0.01819274275974102
1767171618,812963379,478_1767171618-812963379.png,1202,-1202,0,0,0.01150811887254902,-0.01150811887254902,42.19,154.61,60.0,-93.0,560.0,-52.0,-15.0,-30.0,72.41845776608189,-73.50503346415654,482.9075013528313,36.83320860122354,9.855370172476707,-15.051767201594606,-43.54204851388936,283.1179766654967,0.003170715121138731,-0.04662566657129798
1767171618,846312012,479_1767171618-846312012.png,1202,-1202,0,0,0.01150811887254902,-0.01150811887254902,42.18,153.96,342.0,-239.0,803.0,-17.0,-164.0,-70.0,103.45796889448744,-94.7227848398632,527.0869484454178,23.352595503108397,-12.783204730605934,-22.772483535983312,146.8915535807609,141.65492272377003,0.003170715121138731,-0.01982899546912538
1767171618,913008301,480_1767171618-913008301.png,1202,-1202,0,0,0.01150811887254902,-0.01150811887254902,42.15,153.48,325.0,-185.0,580.0,-2.0,-179.0,-47.0,142.1958631721041,-111.75921339547264,542.157356219863,18.572627507729685,-41.10959351677073,-27.570616874804763,35.02562493085856,173.38496422767628,0.003170715121138731,-0.01325202865516146
1767171618,946355957,481_1767171618-946355957.png,1202,-1202,0,0,0.01150811887254902,-0.01150811887254902,42.0,152.2,118.0,20.0,479.0,-21.0,-104.0,-7.0,155.94076402695737,-94.54628396271424,536.9524763850185,8.796699888487634,-59.95446630171587,-24.56895253586449,48.75118702650065,224.53862285614002,0.003170715121138731,-0.018355754238308524
1767171618,979704590,482_1767171618-979704590.png,1202,-1202,0,0,0.01150811887254902,-0.01150811887254902,41.94,151.53,106.0,100.0,651.0,-18.0,-126.0,0.0,146.6521906007501,-60.10216451891036,550.59879270788,3.3188721758419457,-71.9176457499001,-20.05669749818323,58.11062288284297,222.25559020042408,0.003170715121138731,-0.05328900864577478
1767171619,13052246,483_1767171619-13052246.png,1202,-1202,0,0,0.01150811887254902,-0.01150811887254902,41.66,150.81,87.0,52.0,707.0,-59.0,-73.0,-8.0,137.92854523279416,-43.70813911272638,573.4711910858108,-5.7947535790215365,-72.07593121343935,-18.293504022409188,28.28902086615557,46.2075934410094,0.003170715121138731,-0.03974480105212715
1767171619,79748291,484_1767171619-79748291.png,1202,-1202,0,0,0.01150811887254902,-0.01150811887254902,40.81,150.32,137.0,20.0,668.0,-35.0,-2.0,-4.0,129.06451842442334,-27.155727439513335,588.2500143608939,-16.24995921100838,-56.008208110493705,-14.624426704529663,136.10423326492304,139.1651232242583,0.003170715121138731,-0.025940802871309506
1767171619,113096924,485_1767171619-113096924.png,1202,-1202,0,0,0.01150811887254902,-0.01150811887254902,40.46,150.23,155.0,48.0,690.0,-31.0,-70.0,10.0,133.0682536849577,-14.911667227973108,605.2494501076998,-18.90530883015925,-56.61914142866243,-10.740964595682533,135.36132812499994,129.51557397842396,0.003170715121138731,-0.09066362930492856
1767171619,146444580,486_1767171619-146444580.png,1202,-1202,0,0,0.01150811887254902,-0.01150811887254902,39.62,151.39,86.0,-5.0,964.0,-92.0,-71.0,14.0,135.71565584786003,-4.582919034229388,661.2266653077064,-27.661347593807275,-62.892556032734184,-6.807185325045556,122.39919197559351,203.41487503051746,0.003170715121138731,-0.0795155902577029
1767171619,213140869,487_1767171619-213140869.png,1202,-1202,0,0,0.01150811887254902,-0.01150811887254902,39.25,152.72,4.0,-16.0,914.0,-57.0,-41.0,16.0,113.85208437175343,-6.274396419535308,714.0344713536124,-35.31822656821206,-60.115148059456104,-2.383142830380085,38.00393423438067,83.67709851264941,0.003170715121138731,-0.0795155902577029
1767171619,246489502,488_1767171619-246489502.png,1202,-1202,0,0,0.01150811887254902,-0.01150811887254902,38.61,154.32,197.0,-156.0,1023.0,-123.0,-70.0,-20.0,104.84260174601634,-27.615381696822105,770.6876863068373,-46.078702398814904,-59.55637707731754,-1.7436921608270208,14.689246118068644,159.73047161102284,0.003170715121138731,-0.0795155902577029
1767171619,279837158,489_1767171619-279837158.png,1202,-1202,0,0,0.01150811887254902,-0.01150811887254902,38.53,155.49,291.0,-66.0,730.0,-83.0,-84.0,-28.0,131.6490975381225,-44.96261524581721,794.2702477739497,-57.732357210227605,-62.897157226526595,-6.092768259122386,121.7049912810325,206.2540144920348,0.003170715121138731,-0.0795155902577029
1767171619,313185791,490_1767171619-313185791.png,1202,-1202,0,0,0.01150811887254902,-0.01150811887254902,38.46,155.89,98.0,96.0,875.0,-71.0,-101.0,-14.0,135.06578426396985,-25.448707359466443,802.7135525251051,-60.99470058727595,-69.5735340719987,-8.395371177467856,54.33726221323008,205.43325185775745,0.003170715121138731,-0.0795155902577029
1767171619,379882324,491_1767171619-379882324.png,1202,-1202,0,0,0.01150811887254902,-0.01150811887254902,38.29,157.19,-124.0,127.0,819.0,-103.0,-41.0,27.0,77.7303613442471,12.18087839071961,806.3607761327869,-72.04289280810629,-61.72325129333078,-1.1750519188936492,73.16458249092096,118.04510092735278,0.003170715121138731,-0.0795155902577029
1767171619,413229980,492_1767171619-413229980.png,1202,-1202,0,0,0.01150811887254902,-0.01150811887254902,38.22,157.8,75.0,21.0,929.0,-127.0,-54.0,25.0,71.97014459105644,16.521886498453377,824.6316439299793,-80.90259641720534,-60.043074735414834,3.4015790451131043,141.51263463497156,157.95153164863575,0.003170715121138731,-0.0795155902577029
1767171619,446578613,493_1767171619-446578613.png,1202,-1202,0,0,0.01150811887254902,-0.01150811887254902,38.09,158.21,129.0,-36.0,838.0,-91.0,-50.0,1.0,80.31029486823958,8.840989833062874,826.5866567523577,-82.37925917017925,-58.57435713236783,3.05036773666507,98.51401245594019,268.80306243896473,0.003170715121138731,-0.0795155902577029
1767171619,479926270,494_1767171619-479926270.png,1202,-1202,0,0,0.01150811887254902,-0.01150811887254902,37.98,158.79,141.0,30.0,634.0,-60.0,-23.0,-21.0,98.30803821038633,4.7046776079563575,824.6179448976193,-82.90413705479514,-60.5028387557353,0.5943442856296032,77.48590064048761,193.78323698043812,0.003170715121138731,-0.0795155902577029
1767171619,546622559,495_1767171619-546622559.png,1202,-1202,0,0,0.01150811887254902,-0.01150811887254902,38.11,159.38,-114.0,5.0,821.0,-115.0,62.0,54.0,79.03411771001844,14.341854310401857,796.3914209248327,-84.12802513758203,-36.65518522977697,6.085568412390029,78.36439895629877,239.17536544799793,0.003170715121138731,-0.09751288921890647
1767171619,579970703,496_1767171619-579970703.png,1202,-1202,0,0,0.01150811887254902,-0.01150811887254902,38.19,159.52,-170.0,-6.0,705.0,-120.0,55.0,72.0,63.77216512227809,13.095212208159554,790.7905356087686,-86.32642423491508,-31.038135227711564,10.125107006492824,78.6110382676124,149.97904348373402,0.003170715121138731,-0.04694813006233151
1767171619,646666260,497_1767171619-646666260.png,1202,-1202,0,0,0.01150811887254902,-0.01150811887254902,38.36,159.79,125.0,-14.0,705.0,-120.0,-44.0,6.0,28.51445824592383,7.975011896497017,775.7763114674834,-97.2171021770243,-16.918784908735983,19.71196387946505,43.870741844177196,201.06005430221546,0.003170715121138731,-0.0703285168559728
1767171619,680013672,498_1767171619-680013672.png,1202,-1202,0,0,0.01150811887254902,-0.01150811887254902,38.33,159.57,176.0,33.0,640.0,-101.0,-82.0,-4.0,56.1394354074278,8.647602671277847,752.2342203489503,-100.05185644190605,-27.486618678342317,15.459067448438587,112.57284283637995,151.61612677574146,0.003170715121138731,-0.03996778840193439
1767171619,746708984,499_1767171619-746708984.png,1202,-1202,0,0,0.01150811887254902,-0.01150811887254902,38.39,159.82,89.0,-95.0,740.0,-85.0,-1.0,8.0,80.61787409681703,3.3633144812763955,732.1789588144231,-99.28322276299504,-31.686711771336757,11.57062499724633,4.318381279706903,101.73731541633593,0.003170715121138731,-0.002132732949139106
1767171619,780057373,500_1767171619-780057373.png,1202,-1202,0,0,0.01150811887254902,-0.01150811887254902,38.43,159.89,62.0,-103.0,824.0,-80.0,8.0,16.0,78.54283474518047,-19.791816648895608,746.2113542013186,-95.35956875008812,-23.511744603912437,11.94248878524075,44.6664426028728,258.0238182544707,0.003170715121138731,-0.03527070068015599
1767171619,846752930,501_1767171619-846752930.png,1202,-1202,0,0,0.01150811887254902,-0.01150811887254902,38.5,160.63,81.0,-87.0,799.0,-62.0,1.0,17.0,73.37276097080992,-38.803717888699516,760.9362916522459,-89.89846339733623,-15.50600000651965,14.136944916641337,44.600464314222286,258.5595779418944,0.003170715121138731,-0.056077415160068624
1767171619,880100098,502_1767171619-880100098.png,1202,-1202,0,0,0.01150811887254902,-0.01150811887254902,38.51,161.55,167.0,-77.0,736.0,-32.0,-12.0,18.0,87.46405355384447,-46.911348242796635,759.2811403371873,-79.97157688919906,-14.129645670525123,14.851686536561246,62.75780624151225,198.12577056884754,0.003170715121138731,-0.031336128698214435
1767171619,913448242,503_1767171619-913448242.png,1202,-1202,0,0,0.01150811887254902,-0.01150811887254902,38.86,163.68,186.0,-76.0,624.0,-13.0,-8.0,12.0,101.87413043677707,-51.16532583534157,739.4973791477119,-70.17753109422671,-13.233235085727333,14.43465068599146,45.40110045671458,196.77942180633534,0.003170715121138731,-0.04765561305871993
1767171619,946795654,504_1767171619-946795654.png,1202,-1202,0,0,0.01150811887254902,-0.01150811887254902,44.54,180.51,142.0,-30.0,957.0,42.0,-146.0,7.0,106.40969887805512,-53.96390551452999,748.5029939011961,-49.138622116775124,-26.96623057556063,11.99744018375591,79.55629414319986,271.2905693054198,0.003170715121138731,-0.05554232400207196
1767171619,980143799,505_1767171619-980143799.png,1202,-1202,0,0,0.01150811887254902,-0.01150811887254902,48.41,189.09,122.0,-215.0,785.0,18.0,-161.0,32.0,111.10038555930538,-71.18600898145407,769.4671027450704,-33.893289721643924,-52.38425762332296,13.975462503943888,85.20419150590891,272.9961450099944,0.003170715121138731,-0.013909871898856225
1767171620,46839355,506_1767171620-46839355.png,1202,-1202,0,0,0.01150811887254902,-0.01150811887254902,52.48,200.21,166.0,-271.0,875.0,11.0,-122.0,34.0,119.41865948203568,-104.22898577494698,785.3132085771887,-25.948964412911014,-65.45142171941828,17.38288412873771,102.76974195241922,245.0240156650542,0.003170715121138731,-0.006487095074574128
1767171620,80186523,507_1767171620-80186523.png,1202,-1202,0,0,0.01150811887254902,-0.01150811887254902,64.85,245.81,26.0,-324.0,514.0,300.0,74.0,0.0,115.14613638086263,-150.47591657101566,758.2096552540066,22.161965351623135,-42.8407235713066,12.695753258776278,64.01632910966867,214.83963871002186,0.003170715121138731,-0.058317234626081835
1767171620,113534668,508_1767171620-113534668.png,1202,-1202,0,0,0.01150811887254902,-0.01150811887254902,71.79,281.06,154.0,-362.0,594.0,356.0,67.0,-17.0,111.32468758433588,-183.90288758451837,723.2464888394036,75.24517818805141,-23.282241597959004,8.963153937663574,33.476563811302135,221.22634124755848,0.003170715121138731,-0.038943005212346206
1767171620,146882080,509_1767171620-146882080.png,1202,-1202,0,0,0.01150811887254902,-0.01150811887254902,79.39,305.62,113.0,-359.0,611.0,468.0,89.0,-1.0,113.80255522233468,-218.82784477333604,700.068894551421,147.37207535296736,-2.138114498494032,6.147674365211208,-64.41313719749455,171.34022212028492,0.003170715121138731,-0.038943005212346206
1767171620,213577393,510_1767171620-213577393.png,1202,-1202,0,0,0.01150811887254902,-0.01150811887254902,98.63,360.63,37.0,-335.0,423.0,731.0,185.0,-13.0,104.31806657831295,-240.79722192619374,651.6423886586292,244.17775099378133,30.078725618481158,3.5811498509545943,-65.73426151275639,175.33054995536793,0.003170715121138731,-0.038943005212346206
1767171620,246925781,511_1767171620-246925781.png,1202,-1202,0,0,0.01150811887254902,-0.01150811887254902,106.38,390.72,177.0,-363.0,295.0,892.0,149.0,-37.0,107.58499090248948,-262.82928075055565,591.0341202406229,359.9720974860182,56.56323887596113,-2.5627911768729934,-88.43163701891903,168.92779898643482,0.003170715121138731,-0.038943005212346206
1767171620,280272949,512_1767171620-280272949.png,1202,-1202,0,0,0.01150811887254902,-0.01150811887254902,112.64,432.63,319.0,-403.0,275.0,980.0,142.0,-44.0,140.34739119760732,-285.9901096525287,536.9496951745064,464.7845926544733,71.51414610259539,-9.537802795748844,-89.49625125527386,181.35430002212513,0.003170715121138731,-0.038943005212346206
1767171620,313621094,513_1767171620-313621094.png,1202,-1202,0,0,0.01150811887254902,-0.01150811887254902,122.83,469.6,429.0,-493.0,170.0,1147.0,144.0,-75.0,181.44656508350465,-307.02910097995215,465.31671502343164,574.8897511020263,85.4577976029059,-17.16681762130102,-185.31990969181066,150.69520473480213,0.003170715121138731,-0.038943005212346206
1767171620,346968506,514_1767171620-346968506.png,1202,-1202,0,0,0.01150811887254902,-0.01150811887254902,125.43,484.84,319.0,-574.0,202.0,1173.0,193.0,-67.0,220.64636613473704,-351.28703633001606,409.57355337105264,690.8433719787447,101.51685654835563,-27.92637832341748,-166.22809180617338,171.0226924419402,0.003170715121138731,-0.038943005212346206
1767171620,413663818,515_1767171620-413663818.png,1202,-1202,0,0,0.01150811887254902,-0.01150811887254902,127.56,494.11,218.0,-532.0,1.0,1278.0,205.0,-60.0,225.40543673193264,-389.36766604909485,338.96230208515635,801.9377332408873,121.43702130000239,-34.66130182203327,-170.0296361148358,172.96555566787708,0.003170715121138731,-0.038943005212346206
1767171620,447012207,516_1767171620-447012207.png,1202,-1202,0,0,0.01150811887254902,-0.01150811887254902,128.64,506.2,216.0,-418.0,-17.0,1371.0,190.0,-55.0,212.86990739561708,-391.19863101044257,285.94752118117617,895.7470242678155,130.4520412008897,-38.034475205915136,-176.57655259966856,180.42993903160084,0.003170715121138731,-0.038943005212346206
1767171620,480359375,517_1767171620-480359375.png,1202,-1202,0,0,0.01150811887254902,-0.01150811887254902,128.54,501.71,237.0,-495.0,-203.0,1404.0,216.0,-43.0,216.0645955460616,-406.3376377691871,196.1363966851851,1005.8917164963937,146.8507604086401,-40.40068129929337,-232.90194487571722,147.54068493843067,0.003170715121138731,0.031661379216037386
1767171620,547054688,518_1767171620-547054688.png,1202,-1202,0,0,0.01150811887254902,-0.01150811887254902,128.3,514.86,239.0,-476.0,-101.0,1488.0,232.0,-55.0,217.7611757239515,-419.93503304356926,143.936177795795,1081.840126178614,160.99919707554434,-41.50678687546252,-229.07604834437376,159.95858860015858,0.003170715121138731,0.014690155627911788
1767171620,580403076,519_1767171620-580403076.png,1202,-1202,0,0,0.01150811887254902,-0.01150811887254902,128.28,530.77,282.0,-492.0,-96.0,1549.0,193.0,-55.0,227.61724285377684,-434.3671346175415,89.78452943948383,1179.8685850633806,172.2348738386105,-44.52265659946244,-234.06721496582037,152.17610239982594,0.003170715121138731,0.03564679323744262
1767171620,613750732,520_1767171620-613750732.png,1202,-1202,0,0,0.01150811887254902,-0.01150811887254902,128.21,555.02,334.0,-570.0,-24.0,1586.0,195.0,-54.0,243.17485167355017,-454.2023327204155,73.1444719127898,1239.2619853897163,175.56408749176745,-45.9086406182218,-228.57660049200064,203.66892743110645,0.003170715121138731,-0.008295527449206044
1767171620,680446533,521_1767171620-680446533.png,1202,-1202,0,0,0.01150811887254902,-0.01150811887254902,128.13,590.94,335.0,-609.0,-303.0,1783.0,293.0,-82.0,259.97452273930486,-495.8505174163924,-8.134490896072142,1348.4233409236003,200.2161259640497,-53.310392803518674,-240.12578821182257,114.07153797149645,0.003170715121138731,-0.011188075814346624
1767171620,713794922,522_1767171620-713794922.png,1202,-1202,0,0,0.01150811887254902,-0.01150811887254902,128.08,613.78,280.0,-564.0,-375.0,1877.0,314.0,-93.0,264.4116502991488,-507.0511028852626,-59.81072444687457,1423.1450825063844,216.28009003348942,-58.812960459043985,-237.43587416410452,204.76437616348255,0.003170715121138731,-0.011188075814346624
1767171620,780490723,523_1767171620-780490723.png,1202,-1202,0,0,0.01150811887254902,-0.01150811887254902,128.21,662.25,354.0,-725.0,-248.0,1907.0,318.0,-74.0,282.817221416736,-549.9589737181116,-117.87033118919737,1540.7979715542078,244.30351052462808,-63.34779452618073,-264.7210136055947,100.16628861427294,0.003170715121138731,-0.011188075814346624
1767171620,813838135,524_1767171620-813838135.png,1202,-1202,0,0,0.01150811887254902,-0.01150811887254902,128.33,677.95,337.0,-724.0,-230.0,1915.0,290.0,-95.0,285.08722350201435,-587.2351172013849,-159.7268295403357,1614.8950590587674,259.0572635894566,-65.97491102643798,-261.72653442621237,81.31697607040392,0.003170715121138731,-0.011188075814346624
1767171620,847186523,525_1767171620-847186523.png,1202,-1202,0,0,0.01150811887254902,-0.01150811887254902,128.38,683.64,450.0,-684.0,-238.0,1937.0,278.0,-100.0,300.98376736026285,-607.2502002282107,-172.5952246015111,1668.7492346343947,263.3186351221985,-71.44344472525174,-242.693486571312,176.49305820465077,0.003170715121138731,-0.011188075814346624
1767171620,980578125,526_1767171620-980578125.png,1202,-1202,0,0,0.01150811887254902,-0.01150811887254902,128.51,693.86,351.0,-714.0,-411.0,2023.0,306.0,-127.0,354.32282926660804,-625.6682237351404,-236.94283987368462,1813.2114287534478,275.92012370322846,-88.28838823519001,-296.12252289056784,33.85545969009387,0.003170715121138731,-0.011188075814346624
1767171621,13925537,527_1767171621-13925537.png,1202,-1202,0,0,0.01150811887254902,-0.01150811887254902,128.48,693.86,250.0,-722.0,-426.0,2024.0,334.0,-123.0,341.7484390941972,-641.8839214869033,-268.80499432431805,1849.5851743981218,284.44519781259015,-94.5031410531183,-243.6635492444039,163.15681171417225,0.003170715121138731,-0.011188075814346624
1767171621,80621338,528_1767171621-80621338.png,1202,-1202,0,0,0.01150811887254902,-0.01150811887254902,128.38,701.46,278.0,-647.0,-578.0,2088.0,396.0,-123.0,324.5912847470127,-649.0142120840303,-347.00834549598983,1911.721611187935,314.06309233586853,-103.22739477867297,-251.26553389430052,157.75106954574574,0.003170715121138731,-0.004281470399039436
1767171621,147317139,529_1767171621-147317139.png,1202,-1202,0,0,0.01150811887254902,-0.01150811887254902,128.41,703.01,414.0,-813.0,-450.0,2064.0,297.0,-150.0,332.63960783805373,-679.6989807751725,-393.68948903734116,1947.432520637213,322.60353532758506,-111.69230721331385,-273.9321281909943,58.1516385078429,0.003170715121138731,-0.004281470399039436
1767171621,180665527,530_1767171621-180665527.png,1202,-1202,0,0,0.01150811887254902,-0.01150811887254902,128.52,704.49,521.0,-773.0,-322.0,2086.0,229.0,-170.0,357.25093085238234,-694.440630638882,-386.7163297221164,1967.0934559841278,310.7799183782133,-119.67076161163632,-273.9321281909943,58.1516385078429,0.003170715121138731,-0.004281470399039436
1767171621,214012939,531_1767171621-214012939.png,1202,-1203,0,0,0.01150811887254902,-0.011517693014705883,128.77,705.71,299.0,-665.0,-328.0,2028.0,242.0,-120.0,369.5711953342158,-693.6034970330958,-380.6781816792507,1985.9788114555695,287.4167381438962,-123.97835337863265,-295.2691560685635,39.48817253112781,0.003170715121138731,-0.004281470399039436
1767171621,247361572,532_1767171621-247361572.png,1202,-1202,0,0,0.01150811887254902,-0.01150811887254902,128.88,705.4,429.0,-623.0,-318.0,1999.0,291.0,-146.0,365.3423225217161,-686.086387441891,-370.66948401937816,1990.6161592739452,284.00265774965925,-125.64392503166002,-295.2691560685635,39.48817253112781,0.003170715121138731,-0.004281470399039436
1767171621,314057373,533_1767171621-314057373.png,1202,-1202,0,0,0.01150811887254902,-0.01150811887254902,129.01,705.49,489.0,-689.0,-567.0,2048.0,326.0,-155.0,386.7569579740142,-683.2116599141534,-396.6254333826692,1999.4467381312027,290.51054227906525,-131.00208602261526,-263.39729171991354,153.73537945747364,0.003170715121138731,-0.004281470399039436
1767171621,347404785,534_1767171621-347404785.png,1202,-1202,0,0,0.01150811887254902,-0.01150811887254902,129.09,705.28,516.0,-724.0,-275.0,2020.0,241.0,-135.0,416.6910537135638,-696.6208336943442,-378.9683223429143,2005.4016580071611,281.3289764430867,-132.9426277973663,-265.0963625311852,128.3354411125182,0.003170715121138731,-0.004281470399039436
1767171621,414100586,535_1767171621-414100586.png,1202,-1202,0,0,0.01150811887254902,-0.01150811887254902,132.75,702.41,382.0,-549.0,-126.0,1696.0,172.0,-126.0,392.498501964039,-670.9907998691227,-320.2135804595969,1933.4949382111763,264.7930195796958,-129.54774174460434,-252.89226236939436,145.1451699733733,0.003170715121138731,-0.004281470399039436
1767171621,447448975,536_1767171621-447448975.png,1202,-1202,0,0,0.01150811887254902,-0.01150811887254902,135.59,695.29,378.0,-425.0,17.0,1534.0,126.0,-118.0,392.0472110195735,-663.3339108554779,-309.717224657483,1921.0599674520124,260.4728468441472,-129.18829831442844,-303.82230606675154,6.024900436401246,0.003170715121138731,-0.004281470399039436
1767171621,480796387,537_1767171621-480796387.png,1202,-1202,0,0,0.01150811887254902,-0.01150811887254902,138.47,681.7,260.0,-297.0,-67.0,1371.0,133.0,-103.0,386.3199671629588,-624.4953028384334,-267.08540579831066,1854.4662230823094,241.2362840681809,-126.63283234529786,-259.1735772788525,90.18029546737658,0.003170715121138731,0.0006943934999751877
1767171621,547492188,538_1767171621-547492188.png,1202,-1202,0,0,0.01150811887254902,-0.01150811887254902,143.65,619.22,231.0,-389.0,212.0,873.0,136.0,-96.0,350.72984365119675,-563.1061052243704,-186.59865421269734,1685.4981646763883,214.8051120718673,-121.83678028674397,-222.04325631260878,168.17567205429066,0.003170715121138731,-0.006891901237182779
1767171621,614188965,539_1767171621-614188965.png,1202,-1202,0,0,0.01150811887254902,-0.01150811887254902,144.21,602.22,221.0,-406.0,159.0,610.0,128.0,-83.0,319.61277205735587,-522.4696661100146,-95.62467077355495,1445.7972517642013,194.1167499071687,-113.53639020170988,-186.27269852161413,121.85846614837634,0.003170715121138731,-0.01851922837694385
1767171621,647537842,540_1767171621-647537842.png,1202,-1202,0,0,0.01150811887254902,-0.01150811887254902,134.44,523.52,50.0,-126.0,468.0,211.0,78.0,-43.0,292.0056620685036,-475.631694429485,-13.098441434740185,1256.6328346512323,174.8999952549498,-101.48822602182126,-180.0474911332131,119.30389976501452,0.003170715121138731,-0.027115722852683086
1767171621,680885742,541_1767171621-680885742.png,1202,-1202,0,0,0.01150811887254902,-0.01150811887254902,124.78,430.42,13.0,-30.0,493.0,137.0,31.0,-43.0,233.51885210720758,-386.0793879226651,97.40226459239477,1014.1311218812215,147.6576370200844,-88.41551543453322,80.49479633569712,214.42409896850575,0.003170715121138731,-0.03377637836546121
1767171621,714234619,542_1767171621-714234619.png,1202,-1202,0,0,0.01150811887254902,-0.01150811887254902,111.97,371.18,83.0,21.0,612.0,79.0,6.0,-35.0,205.64647788612749,-317.0846515839195,183.17086876408408,854.0663417305587,123.84122366155552,-79.39702916787657,118.3633468151092,199.98165702819813,0.003170715121138731,-0.014534549074845263
1767171621,747582520,543_1767171621-747582520.png,1202,-1202,0,0,0.01150811887254902,-0.01150811887254902,76.82,268.85,175.0,93.0,642.0,51.0,-56.0,-28.0,199.9251906216486,-259.9591567260255,254.67118680804856,713.8663076719223,97.15407171743479,-69.66463430555238,148.22086024284357,336.793101787567,0.003170715121138731,-0.03926928677542349
1767171621,814279297,544_1767171621-814279297.png,1202,-1202,0,0,0.01150811887254902,-0.01150811887254902,57.24,227.01,149.0,8.0,631.0,66.0,-27.0,-28.0,191.26501058494193,-191.16834866248126,339.9361503847741,567.4911783155172,66.36817404957725,-60.35216677065965,115.31561744213099,332.09606981277454,0.003170715121138731,-0.009179203446193482
1767171621,847628174,545_1767171621-847628174.png,1202,-1202,0,0,0.01150811887254902,-0.01150811887254902,40.54,167.44,156.0,25.0,700.0,53.0,19.0,-30.0,183.071021716623,-146.0222069979808,390.9623356788741,456.6653156687173,55.18250579612612,-54.891052662704126,59.15043032169337,203.60373067855824,0.003170715121138731,-0.020070950354861117
1767171621,914324951,546_1767171621-914324951.png,1202,-1202,0,0,0.01150811887254902,-0.01150811887254902,39.96,162.34,70.0,83.0,642.0,53.0,-18.0,-17.0,164.4435771600947,-99.31498649534103,451.5533560219053,366.4420313465937,41.68440186064082,-47.42650666502241,76.56908816099161,241.8199176788329,0.003170715121138731,-0.0350269749799325
1767171621,947672852,547_1767171621-947672852.png,1202,-1202,0,0,0.01150811887254902,-0.01150811887254902,40.83,157.64,178.0,70.0,898.0,4.0,-38.0,-11.0,160.1341429400434,-64.1850442165205,538.1424147259481,296.3959886917441,24.351870835026237,-40.87990952150074,31.25336822867388,201.91133761405933,0.003170715121138731,0.013253210141501673
1767171621,981021729,548_1767171621-981021729.png,1202,-1202,0,0,0.01150811887254902,-0.01150811887254902,40.98,157.1,201.0,40.0,623.0,33.0,-23.0,-22.0,167.49090488006544,-38.580583315231955,578.3577252798088,235.2835383166074,12.609223933165362,-35.81010737414788,72.03788632154459,199.81171560287464,0.003170715121138731,-0.03250683737475432
1767171622,47718506,549_1767171622-47718506.png,1202,-1202,0,0,0.01150811887254902,-0.01150811887254902,41.08,156.23,81.0,25.0,671.0,-31.0,-8.0,9.0,154.84231688809632,-29.28244261756435,591.905900838839,196.3417470394673,9.595293361779708,-29.256995381188187,101.6126542091369,228.87485170364369,0.003170715121138731,0.04207824677245974
1767171622,81066406,550_1767171622-81066406.png,1202,-1202,0,0,0.01150811887254902,-0.01150811887254902,41.3,154.87,209.0,-6.0,501.0,20.0,-48.0,-6.0,140.5394633681884,-11.940010758180748,601.8417121682517,160.34107664952606,4.884397311197732,-23.962594032668875,45.225115060806225,207.35003638267506,0.003170715121138731,0.012801704889761498
1767171622,114415527,551_1767171622-114415527.png,1202,-1202,0,0,0.01150811887254902,-0.01150811887254902,41.15,154.25,220.0,-74.0,529.0,-2.0,-10.0,-17.0,157.14803339446908,-18.69166737604793,582.6293430433783,126.35953121980776,-2.42089277633974,-21.254719501328303,102.75350713729853,116.31459283828723,0.003170715121138731,-0.03355840669120956
1767171622,181112305,552_1767171622-181112305.png,1202,-1202,0,0,0.01150811887254902,-0.01150811887254902,40.82,152.71,128.0,-30.0,563.0,25.0,29.0,-5.0,167.20525583708516,-34.80925236868478,553.9190321672326,100.97191391127916,7.610201985349842,-18.05825756550008,85.81591933965677,187.67895817756641,0.003170715121138731,-0.03355840669120956
1767171622,214460205,553_1767171622-214460205.png,1202,-1202,0,0,0.01150811887254902,-0.01150811887254902,40.77,152.88,58.0,-96.0,494.0,23.0,59.0,6.0,148.2055563608316,-43.386296395762095,545.8580343060893,83.69893843978568,16.77829319381941,-13.530944709440847,45.774566143751095,211.1447739601134,0.003170715121138731,-0.03355840669120956
1767171622,247809082,554_1767171622-247809082.png,1202,-1202,0,0,0.01150811887254902,-0.01150811887254902,40.7,152.02,-69.0,-100.0,563.0,38.0,54.0,-3.0,117.18657717423865,-48.21093710904356,543.5779267658962,76.79323519789884,20.235333538358276,-9.869056048732695,91.4227750897407,102.90713143348681,0.003170715121138731,-0.03355840669120956
1767171622,314506104,555_1767171622-314506104.png,1202,-1202,0,0,0.01150811887254902,-0.01150811887254902,40.76,150.56,103.0,-59.0,545.0,45.0,-32.0,-38.0,92.97116857518203,-51.50070954013955,530.4131356105133,66.43767509155656,11.745441352863994,-16.650675997074813,10.834451615810343,224.7800657749175,0.003170715121138731,-0.03355840669120956
1767171622,347854004,556_1767171622-347854004.png,1202,-1202,0,0,0.01150811887254902,-0.01150811887254902,40.64,149.38,41.0,-26.0,547.0,18.0,-37.0,-35.0,88.26758419280898,-49.19280032007039,531.9143086345924,62.053885034007195,7.333797302037315,-18.311358182475516,74.76949137449259,215.1318061351775,0.003170715121138731,-0.03355840669120956
1767171622,414551025,557_1767171622-414551025.png,1202,-1202,0,0,0.01150811887254902,-0.01150811887254902,40.32,143.05,-10.0,2.0,225.0,43.0,45.0,0.0,39.629809739595586,-12.243591770684223,471.427714945241,50.66840403601402,6.848677869001227,-16.07676851460343,129.54484844207758,126.90096926689135,0.003170715121138731,-0.03355840669120956
1767171622,447899902,558_1767171622-447899902.png,1202,-1202,0,0,0.01150811887254902,-0.01150811887254902,40.32,143.05,-10.0,2.0,225.0,43.0,45.0,0.0,36.588267439490856,-11.37067915821865,456.3254946696287,50.198449076037164,9.186765818062547,-15.091510425911899,78.81559693813318,159.31106305122364,0.003170715121138731,-0.03355840669120956
1767171622,481248047,559_1767171622-481248047.png,1202,-1202,0,0,0.01150811887254902,-0.01150811887254902,40.06,141.76,26.0,24.0,142.0,75.0,12.0,-20.0,32.602218494736434,-5.498422843101432,398.2544975378368,53.448834404903785,11.472006079243389,-15.01971565220756,123.32042032480234,160.56413030624378,0.003170715121138731,-0.06529217501569293
1767171622,514596924,560_1767171622-514596924.png,1202,-1202,0,0,0.01150811887254902,-0.01150811887254902,39.68,139.96,141.0,-2.0,429.0,32.0,-107.0,-11.0,50.05993844295095,15.084423923677955,400.5923427398812,54.84295405473191,-5.3179798099012086,-15.033491342599174,59.949702739715526,217.19116377830494,0.003170715121138731,-0.05003044348735423
1767171622,581292969,561_1767171622-581292969.png,1202,-1202,0,0,0.01150811887254902,-0.01150811887254902,39.47,139.15,107.0,-85.0,318.0,28.0,-66.0,-6.0,67.61172465890513,-1.2851129740028022,391.3955002857051,48.60025043927708,-24.50663846514898,-13.303268226771902,60.65390408039088,215.32739639282215,0.003170715121138731,-0.04546942884884828
1767171622,614639893,562_1767171622-614639893.png,1202,-1202,50,0,0.01150811887254902,-0.01150811887254902,39.27,136.23,142.0,53.0,105.0,113.0,0.0,-52.0,82.45090521685044,-5.5059688682129995,344.4520409540552,53.636930191447156,-22.821902677908714,-19.707323420317067,74.73338514566416,271.23841190338123,0.003170715121138731,-0.0857588713073404
1767171622,681334961,563_1767171622-681334961.png,1202,-1202,-50,0,0.01150811887254902,-0.01150811887254902,39.46,139.13,83.0,69.0,155.0,146.0,18.0,-46.0,88.75074188784339,9.471721343100402,296.87275434240155,70.82601842742545,-15.582335747159274,-26.212183312592447,74.73948943614954,271.2399880886077,0.003170715121138731,-0.04047479315134826
1767171622,714682861,564_1767171622-714682861.png,1202,-1202,0,0,0.01150811887254902,-0.01150811887254902,40.47,145.17,84.0,-70.0,34.0,188.0,44.0,-20.0,87.90316047495314,-0.5684223074155952,254.6595365416157,89.95948159422605,-5.976465601708231,-25.82955755320513,107.5127756595611,297.9791107177733,0.003170715121138731,-0.038894040054877003
1767171622,748030029,565_1767171622-748030029.png,1202,-1202,0,0,0.01150811887254902,-0.01150811887254902,42.63,152.77,83.0,-83.0,-28.0,217.0,85.0,-6.0,87.18611332656005,-12.623366873058606,213.3228893568796,108.5381191726977,7.328098987565452,-22.929646818066793,108.31672370433802,160.19444322586048,0.003170715121138731,-0.027902136214985038
1767171622,814724854,566_1767171622-814724854.png,1202,-1202,0,0,0.01150811887254902,-0.01150811887254902,50.8,189.68,76.0,-34.0,-137.0,332.0,131.0,-22.0,36.40396458692788,-21.039505372224674,141.9574979632946,155.51117008196232,45.07798965453738,-14.877019434751345,102.71934908628458,239.7807638645171,0.003170715121138731,-0.017937435779739115
1767171622,848072998,567_1767171622-848072998.png,1202,-1202,0,0,0.01150811887254902,-0.01150811887254902,55.09,211.5,226.0,-96.0,-135.0,526.0,126.0,-42.0,46.86357054783304,-24.864729002429076,101.22449712413886,187.3598045680164,57.48774782410154,-16.541231713909827,63.59863978624339,204.44527029991139,0.003170715121138731,0.0008221411523243998
1767171622,881419922,568_1767171622-881419922.png,1202,-1202,0,0,0.01150811887254902,-0.01150811887254902,61.16,237.33,31.0,-68.0,-143.0,627.0,168.0,-7.0,62.714873628098665,-38.388721340646825,41.54654684148809,286.00453557686626,80.59899953839314,-17.728388174993544,24.807627111673302,198.67901158332813,0.003170715121138731,-0.028745341101968587
1767171622,948114990,569_1767171622-948114990.png,1202,-1202,0,0,0.01150811887254902,-0.01150811887254902,73.74,307.83,106.0,-351.0,128.0,793.0,111.0,0.0,60.84373218509726,-85.47031671196754,56.62882215615441,356.33557558919455,86.13617444918445,-12.39759293849465,-52.237350553274204,181.7792968749999,0.003170715121138731,-0.028745341101968587
1767171622,981462891,570_1767171622-981462891.png,1202,-1202,0,0,0.01150811887254902,-0.01150811887254902,79.08,331.65,179.0,-422.0,93.0,912.0,125.0,-20.0,82.70367704746633,-161.61980222714297,69.187551041849,481.89127239831583,94.34182521191708,-12.251797227042914,-52.237350553274204,181.7792968749999,0.003170715121138731,-0.07532423229249136
1767171623,14809814,571_1767171623-14809814.png,1201,-1202,-50,0,0.011498544730392158,-0.01150811887254902,89.49,380.02,125.0,-411.0,-18.0,1101.0,218.0,-38.0,95.08331020849435,-207.84303553133984,66.28958148212746,593.8416477281002,115.32662643423065,-16.540787720589364,-75.88751488924031,170.3939378261565,0.003170715121138731,-0.0255491881988152
1767171623,81504883,572_1767171623-81504883.png,1202,-1203,0,-50,0.01150811887254902,-0.011517693014705883,94.66,405.57,98.0,-394.0,-48.0,1182.0,239.0,-42.0,97.82146387848366,-250.76456256347777,43.06275193943938,719.0422614100406,141.3462431576808,-21.922106204853677,-99.13947167992596,170.35911846160877,0.003170715121138731,-0.0255491881988152
1767171623,114852783,573_1767171623-114852783.png,1202,-1202,0,50,0.01150811887254902,-0.01150811887254902,98.62,423.89,159.0,-399.0,-232.0,1306.0,224.0,-61.0,106.76832480479604,-272.44278383476455,2.837072418065209,804.8800337679228,153.43367960821388,-27.63692880838796,-101.85802394151692,170.88728380203236,0.003170715121138731,-0.0255491881988152
1767171623,148199707,574_1767171623-148199707.png,1202,-1202,0,0,0.01150811887254902,-0.01150811887254902,102.87,442.98,312.0,-505.0,-136.0,1424.0,155.0,-75.0,128.35014995188712,-307.81506112441076,-19.597680472773305,901.1057714638988,162.63082291598508,-35.39698088377232,-113.12888199090962,169.2007656097411,0.003170715121138731,-0.0255491881988152
1767171623,181547852,575_1767171623-181547852.png,1202,-1202,0,0,0.01150811887254902,-0.01150811887254902,104.34,451.48,228.0,-514.0,-389.0,1469.0,223.0,-72.0,159.4174274388842,-352.95721137873215,-75.67455980032318,1023.3245264012479,169.00456590063322,-43.892216444621766,-97.67262366414074,177.95274901390064,0.003170715121138731,-0.0255491881988152
1767171623,248242676,576_1767171623-248242676.png,1202,-1202,0,0,0.01150811887254902,-0.01150811887254902,107.13,468.81,355.0,-447.0,-252.0,1554.0,185.0,-82.0,194.22068365536705,-372.3806498556449,-125.45957959946858,1132.625418925198,178.0329696302465,-49.61655748853187,-124.02159872651104,167.73663282394398,0.003170715121138731,-0.0255491881988152
1767171623,281589600,577_1767171623-281589600.png,1202,-1202,0,0,0.01150811887254902,-0.01150811887254902,108.37,475.55,236.0,-520.0,-384.0,1614.0,247.0,-85.0,207.86721569305985,-393.949482792205,-163.01122039630812,1212.574712761272,186.60341655505005,-55.56939166343487,-135.20569792389875,158.843509197235,0.003170715121138731,-0.0255491881988152
1767171623,348284668,578_1767171623-348284668.png,1202,-1202,0,0,0.01150811887254902,-0.01150811887254902,110.11,481.76,288.0,-563.0,-313.0,1651.0,269.0,-92.0,219.58598051293657,-418.67173936884427,-184.9458536303583,1276.6908279901866,198.65324349796694,-60.89707040358656,-147.59571918845182,153.23845124244679,0.003170715121138731,-0.0255491881988152
1767171623,381632568,579_1767171623-381632568.png,1202,-1202,0,0,0.01150811887254902,-0.01150811887254902,114.05,494.95,217.0,-593.0,-316.0,1705.0,336.0,-65.0,228.54478035385375,-454.65985817049983,-211.38033314659575,1357.344686149923,221.80698701597032,-63.908236016407294,-156.46830540895468,149.49286198616016,0.003170715121138731,-0.0255491881988152
1767171623,414979492,580_1767171623-414979492.png,1202,-1202,0,0,0.01150811887254902,-0.01150811887254902,115.68,504.73,207.0,-671.0,-253.0,1711.0,304.0,-58.0,224.78998381729568,-493.5360985736889,-222.94080203198578,1427.2539817711936,239.8018748657722,-63.101328294375435,-199.8677976429463,125.10741376876818,0.003170715121138731,-0.008117722328052357
1767171623,481674316,581_1767171623-481674316.png,1202,-1202,0,0,0.01150811887254902,-0.01150811887254902,118.22,515.54,341.0,-671.0,-388.0,1860.0,272.0,-99.0,241.98567659873382,-536.5262369263593,-258.3701332883248,1513.735604907418,249.92462251207888,-69.34520001839051,-200.23736697435385,123.01065754890429,0.003170715121138731,0.022758761712098036
1767171623,515022217,582_1767171623-515022217.png,1202,-1202,0,0,0.01150811887254902,-0.01150811887254902,118.23,520.57,353.0,-578.0,-252.0,1909.0,174.0,-99.0,257.8914726405023,-545.1422823895165,-261.16882358998737,1570.1957979692913,241.5092558094449,-73.68197216190964,-201.27938234806066,114.46056914329516,0.003170715121138731,-0.00735482038236869
1767171623,548369385,583_1767171623-548369385.png,1202,-1202,0,0,0.01150811887254902,-0.01150811887254902,118.2,531.29,345.0,-640.0,-211.0,1891.0,201.0,-85.0,281.77011503070423,-557.3623309279293,-250.0321084684971,1636.8131353133172,229.08983718999335,-77.85123793602158,-193.87422859668737,136.10288190841663,0.003170715121138731,0.002727084295080298
1767171623,581717773,584_1767171623-581717773.png,1202,-1202,0,0,0.01150811887254902,-0.01150811887254902,118.31,534.8,364.0,-637.0,-558.0,1976.0,264.0,-90.0,296.5827506506865,-573.414760485639,-283.50997455979024,1697.384643260111,230.99744785604145,-79.8647918826794,-193.82903087139135,134.55306196212757,0.003170715121138731,0.022565745607701998
1767171623,648413818,585_1767171623-648413818.png,1202,-1202,0,0,0.01150811887254902,-0.01150811887254902,118.43,538.63,424.0,-625.0,-410.0,1939.0,287.0,-69.0,313.5707745941213,-581.287821675691,-306.06751876746915,1733.7337675139486,238.5565089012873,-78.85190247217045,-213.28100189566618,97.62304210662829,0.003170715121138731,0.008280235908060651
1767171623,681761230,586_1767171623-681761230.png,1202,-1202,0,0,0.01150811887254902,-0.01150811887254902,118.61,541.38,281.0,-699.0,-655.0,1948.0,323.0,-80.0,321.5177329764217,-604.2493893298606,-360.1149431296794,1776.0047779793333,254.91211151772586,-77.56979932342783,-213.40568527579313,97.2308585643767,0.003170715121138731,0.003687490358723955
1767171623,748457275,587_1767171623-748457275.png,1202,-1202,0,0,0.01150811887254902,-0.01150811887254902,118.59,542.18,301.0,-631.0,-387.0,1917.0,300.0,-89.0,315.8486355049966,-614.9841444999018,-386.8265290841376,1806.4736301578812,265.699210420303,-79.12167012385811,-194.41283482313162,126.39100170135485,0.003170715121138731,0.018317819766614438
1767171623,781805908,588_1767171623-781805908.png,1202,-1202,0,0,0.01150811887254902,-0.01150811887254902,118.46,541.9,37.0,-546.0,-526.0,1920.0,414.0,-98.0,251.55154017610158,-594.805379149516,-412.27633040345097,1833.3031454321917,297.1467873587441,-82.25105333251659,-194.3808847069741,126.50620651245104,0.003170715121138731,0.018317819766614438
1767171623,815153320,589_1767171623-815153320.png,1202,-1202,0,0,0.01150811887254902,-0.01150811887254902,118.43,541.41,109.0,-548.0,-503.0,1901.0,427.0,-100.0,228.72969347947674,-587.90561805054,-426.174780168012,1843.7243978549511,315.7801885334663,-84.79183481418306,-191.60992646217352,166.97820115089405,0.003170715121138731,0.018317819766614438
1767171623,848501953,590_1767171623-848501953.png,1202,-1202,0,0,0.01150811887254902,-0.01150811887254902,118.6,541.16,220.0,-484.0,-227.0,1860.0,256.0,-90.0,230.6216133168393,-581.1425040307846,-412.2991070773219,1856.4553767332966,307.99960033053327,-90.084275563255,-200.8438996672631,112.69724774360644,0.003170715121138731,0.018317819766614438
1767171623,915197998,591_1767171623-915197998.png,1202,-1202,0,0,0.01150811887254902,-0.01150811887254902,118.84,542.23,351.0,-383.0,-362.0,1924.0,256.0,-72.0,249.4280999099232,-532.8142831825049,-386.68365310387526,1870.7199619961618,289.90455397339844,-87.01695901904317,-209.17352873086935,95.37038683891284,0.003170715121138731,0.018317819766614438
1767171623,948545410,592_1767171623-948545410.png,1202,-1202,0,0,0.01150811887254902,-0.01150811887254902,120.53,543.4,266.0,-516.0,-979.0,2054.0,373.0,-95.0,253.00711968593347,-527.772831974547,-404.37611758131703,1878.031681817306,291.46855476563354,-86.81256568724667,-185.12515684962278,170.97211122512806,0.003170715121138731,0.018317819766614438
1767171623,981894043,593_1767171623-981894043.png,1202,-1202,0,0,0.01150811887254902,-0.01150811887254902,124.07,548.64,162.0,-522.0,-1412.0,2123.0,304.0,-93.0,243.2304480614959,-526.1480510805561,-569.9219479879994,1921.1707850216924,299.45964563299765,-88.20066900564353,-201.81870290637022,114.21339464187609,0.003170715121138731,0.018317819766614438
1767171624,48590088,594_1767171624-48590088.png,1202,-1202,0,0,0.01150811887254902,-0.01150811887254902,131.66,562.21,-150.0,-774.0,-2660.0,2243.0,390.0,-104.0,186.73470598089824,-562.2175099977197,-879.7830207516519,1975.0086024632417,306.4313324059324,-92.1439698269602,-202.7438925504685,135.91574573516834,0.003170715121138731,0.018317819766614438
1767171624,81937500,595_1767171624-81937500.png,1202,-1202,0,0,0.01150811887254902,-0.01150811887254902,135.69,566.68,-358.0,-694.0,-3634.0,2448.0,472.0,-112.0,103.82820265549961,-589.3119547956337,-1303.1581585804024,2045.6786858632058,330.6160756316602,-95.14339474389863,-191.7798075675965,174.08335757255543,0.003170715121138731,0.018317819766614438
1767171624,148633545,596_1767171624-148633545.png,1202,-1202,0,0,0.01150811887254902,-0.01150811887254902,143.47,573.49,-520.0,-585.0,-4837.0,2615.0,415.0,-112.0,0.3254805737476296,-591.4634199823882,-1806.840024856922,2131.8010165951655,352.92998554691246,-96.79022863897293,-194.1835342943669,174.48915362358082,0.003170715121138731,-0.04970009315245691
1767171624,181982178,597_1767171624-181982178.png,1202,-1202,0,0,0.01150811887254902,-0.01150811887254902,147.38,575.68,-677.0,-512.0,-5521.0,2696.0,347.0,-135.0,-149.911956560285,-581.973584703816,-2565.3797983619943,2249.424763730093,358.72395295418096,-102.9224740128842,-199.4210804700852,150.96057701110828,0.003170715121138731,-0.01847361590826084
1767171624,215329834,598_1767171624-215329834.png,1202,-1202,0,0,0.01150811887254902,-0.01150811887254902,150.38,570.0,-818.0,-502.0,-6069.0,2805.0,286.0,-150.0,-261.6215792975565,-568.4185745426565,-3156.300338037432,2342.540704277926,347.77710864499073,-110.65962805937447,-185.02651411294943,117.45102238655078,0.003170715121138731,-0.03280108426126245
1767171624,282025879,599_1767171624-282025879.png,1202,-1202,0,0,0.01150811887254902,-0.01150811887254902,150.79,561.02,-1412.0,-319.0,-6473.0,2729.0,439.0,-74.0,-493.9296710418092,-509.4253989452448,-3884.424496277577,2426.929030659388,365.54892947887697,-104.87385540535332,-185.02651411294943,117.45102238655078,0.003170715121138731,-0.03280108426126245
1767171624,315374268,600_1767171624-315374268.png,1202,-1202,0,0,0.01150811887254902,-0.01150811887254902,151.12,537.39,-1046.0,-289.0,-6075.0,2697.0,248.0,-115.0,-637.0508703534713,-463.49585566054924,-4330.205505573867,2474.221917793924,374.13912468172356,-100.2389633466852,-147.48123127222067,168.0133249759673,0.003170715121138731,-0.03280108426126245
1767171624,382070313,601_1767171624-382070313.png,1202,-1202,0,0,0.01150811887254902,-0.01150811887254902,151.3,518.49,-929.0,-295.0,-5809.0,2643.0,170.0,-105.0,-714.5539763100572,-425.20714573283436,-4688.580381095704,2517.599152356755,336.6783105681127,-102.35007076453351,-161.1176317632199,149.40502548217762,0.003170715121138731,-0.03280108426126245
1767171624,415417969,602_1767171624-415417969.png,1202,-1202,0,0,0.01150811887254902,-0.01150811887254902,151.66,477.22,-624.0,-214.0,-4871.0,2483.0,196.0,-78.0,-732.3435448899493,-404.85969728442177,-4821.130331868911,2526.6389655717335,312.50846331751677,-102.10929044093932,-143.90307801961904,160.34059858322132,0.003170715121138731,-0.03280108426126245
1767171624,448766602,603_1767171624-448766602.png,1202,-1202,0,0,0.01150811887254902,-0.01150811887254902,151.73,464.37,-603.0,-378.0,-4193.0,2353.0,234.0,-46.0,-705.6325850867196,-381.6860155466676,-4751.721242736943,2501.439476927099,290.98255041647826,-92.91859213456756,-132.73255112767225,162.20307636260975,0.003170715121138731,-0.03280108426126245
1767171624,515462646,604_1767171624-515462646.png,1202,-1202,0,0,0.01150811887254902,-0.01150811887254902,151.76,438.91,-495.0,-398.0,-3489.0,2135.0,359.0,-75.0,-690.6353916371669,-387.08195534579204,-4610.458971217389,2461.4034586097896,293.3855631740961,-88.40506529680135,-124.91022756695752,160.67317366600025,0.003170715121138731,-0.03280108426126245
1767171624,548810059,605_1767171624-548810059.png,1202,-1202,0,0,0.01150811887254902,-0.01150811887254902,151.67,433.1,-340.0,-362.0,-3098.0,2057.0,356.0,-80.0,-628.4928288725614,-385.24496753240186,-4313.345511087938,2379.181538604185,307.69461390446,-86.00296435406587,-134.9908139109612,153.66960954666126,0.003170715121138731,-0.03280108426126245
1767171624,582158447,606_1767171624-582158447.png,1202,-1202,0,0,0.01150811887254902,-0.01150811887254902,151.65,428.23,-152.0,-450.0,-2573.0,1965.0,347.0,-72.0,-563.9661968175863,-392.3011575505981,-4073.2341433074967,2318.610873481087,313.4427053977466,-83.95514525648082,-118.3061645328999,166.19813275337208,0.003170715121138731,0.02728021386326339
1767171624,648854004,607_1767171624-648854004.png,1202,-1202,-50,0,0.01150811887254902,-0.01150811887254902,151.65,436.03,113.0,-476.0,-1783.0,1814.0,282.0,-85.0,-445.46946896779536,-404.5277954452215,-3652.9331365095695,2226.650065814201,310.08218330729454,-82.78982126085913,-119.3290228247643,166.3023042678832,0.003170715121138731,0.02728021386326339
1767171624,682201172,608_1767171624-682201172.png,1202,-1202,0,0,0.01150811887254902,-0.01150811887254902,151.57,439.57,67.0,-477.0,-1662.0,1771.0,278.0,-84.0,-353.11988631793275,-416.998186979099,-3315.4013684889937,2150.228339692847,304.7538644396402,-83.05296330458626,-122.91905996203427,164.2062644958495,0.003170715121138731,0.02728021386326339
1767171624,715549561,609_1767171624-715549561.png,1202,-1202,-50,0,0.01150811887254902,-0.01150811887254902,151.58,441.37,-38.0,-382.0,-1749.0,1786.0,303.0,-60.0,-304.15619021133233,-414.4856916291192,-3083.9416939471985,2096.5514948039436,303.81166465850606,-80.3399388042639,-123.32921633124356,164.40930581092823,0.003170715121138731,0.02728021386326339
1767171624,748896729,610_1767171624-748896729.png,1202,-1202,0,0,0.01150811887254902,-0.01150811887254902,151.73,446.82,188.0,-445.0,-1618.0,1806.0,303.0,-96.0,-218.71945857436575,-415.35362042202576,-2794.0006702861324,2037.785805294566,298.63155986104505,-80.40344639832439,-139.04906311631208,154.71949219703663,0.003170715121138731,0.02728021386326339
1767171624,815592529,611_1767171624-815592529.png,1202,-1202,0,0,0.01150811887254902,-0.01150811887254902,151.78,448.24,174.0,-367.0,-1605.0,1812.0,312.0,-90.0,-139.62298572926102,-411.97288255713465,-2558.944648923913,1992.4743589261088,300.5682953252484,-82.78748091754984,-128.32272076606756,161.87465667724598,0.003170715121138731,0.02728021386326339
1767171624,848940674,612_1767171624-848940674.png,1202,-1202,0,0,0.01150811887254902,-0.01150811887254902,151.67,442.9,36.0,-366.0,-1261.0,1586.0,302.0,-76.0,-92.17225760139254,-393.6179002115989,-2291.254053036669,1919.4718549324841,305.8924105725454,-82.37607756431183,-126.98133540153508,161.6198878288268,0.003170715121138731,0.02728021386326339
1767171624,882288086,613_1767171624-882288086.png,1202,-1202,0,0,0.01150811887254902,-0.01150811887254902,151.65,437.75,110.0,-365.0,-1390.0,1575.0,279.0,-63.0,-61.22978382061382,-388.7262572457316,-2128.536050439658,1860.5354600616208,302.4870301884882,-79.72961217556374,-107.46942543983464,168.43044090270985,0.003170715121138731,0.02728021386326339
1767171624,948983643,614_1767171624-948983643.png,1202,-1202,0,0,0.01150811887254902,-0.01150811887254902,151.62,430.22,128.0,-403.0,-1158.0,1564.0,276.0,-58.0,-34.05018665387322,-389.7713940821692,-1992.9664869326077,1817.471285496768,298.6958038614558,-76.68897626815597,-106.75476887822155,167.46423935890186,0.003170715121138731,0.02728021386326339
1767171624,982331787,615_1767171624-982331787.png,1202,-1202,0,0,0.01150811887254902,-0.01150811887254902,151.24,418.77,199.0,-411.0,-1297.0,1621.0,317.0,-72.0,14.284392475026129,-384.1025109387294,-1837.8871942530461,1773.791651169011,293.4071942935454,-75.07151689438194,-113.06816378235821,158.81069588661182,0.003170715121138731,0.012237609801129673
1767171625,15679199,616_1767171625-15679199.png,1202,-1202,0,0,0.01150811887254902,-0.01150811887254902,150.83,411.91,93.0,-429.0,-1337.0,1659.0,375.0,-55.0,38.368053084863135,-391.58202576881706,-1735.2389810010243,1747.9676312462566,306.5739031732647,-71.97551301444025,-117.04303097724919,156.5434250831603,0.003170715121138731,0.006853361763412266
1767171625,49027344,617_1767171625-49027344.png,1202,-1202,0,0,0.01150811887254902,-0.01150811887254902,150.0,407.27,34.0,-538.0,-1321.0,1699.0,357.0,-72.0,31.803899613924756,-419.43588791652485,-1663.0848797898118,1735.1128315518185,318.68892123980805,-69.99608760188761,-107.86704853177075,162.16868686676014,0.003170715121138731,-0.022593007551077668
1767171625,115723145,618_1767171625-115723145.png,1202,-1202,0,0,0.01150811887254902,-0.01150811887254902,149.57,406.35,-53.0,-449.0,-1464.0,1700.0,331.0,-70.0,24.366142053773046,-434.9236257727888,-1612.1494349356453,1728.0609350879517,323.2069763094174,-70.15636580950783,-115.2233030200005,156.76624035835255,0.003170715121138731,0.023930467117057347
1767171625,149070313,619_1767171625-149070313.png,1202,-1202,0,0,0.01150811887254902,-0.01150811887254902,149.21,405.18,24.0,-352.0,-1270.0,1535.0,305.0,-58.0,13.16573376674337,-418.12272845565184,-1540.2405532836588,1700.5574394106684,323.629955694488,-67.87592741109248,-117.98562434315686,155.02584528923023,0.003170715121138731,0.016510152499670805
1767171625,182418701,620_1767171625-182418701.png,1202,-1202,0,0,0.01150811887254902,-0.01150811887254902,149.24,404.62,137.0,-374.0,-1335.0,1534.0,218.0,-73.0,28.463984826753737,-409.30952230966096,-1501.2613884693917,1671.8275643525496,310.0736282738277,-67.95140448394119,-118.97679227590565,151.42397546768177,0.003170715121138731,-0.003662115131088231
1767171625,249114258,621_1767171625-249114258.png,1202,-1202,0,0,0.01150811887254902,-0.01150811887254902,149.27,401.27,124.0,-337.0,-1120.0,1451.0,235.0,-73.0,45.31965825950344,-397.7965056785761,-1441.086679836745,1635.8706116817066,296.6478946802059,-68.82388522695734,-131.17725583910948,142.18280148506153,0.003170715121138731,0.030011560676190097
1767171625,282461426,622_1767171625-282461426.png,1202,-1202,0,0,0.01150811887254902,-0.01150811887254902,149.37,398.54,107.0,-425.0,-1095.0,1408.0,295.0,-47.0,51.358279299530736,-397.1761698444607,-1346.876626249629,1583.5781654664029,294.8138189953199,-65.62117400578276,-114.51793277263646,150.53242778778065,0.003170715121138731,0.03102411613430532
1767171625,349156982,623_1767171625-349156982.png,1202,-1202,0,0,0.01150811887254902,-0.01150811887254902,149.27,384.55,171.0,-430.0,-893.0,1354.0,350.0,-11.0,62.55686761442985,-407.95744841393804,-1257.9867322488408,1539.0991830348537,299.96331310016416,-56.269042632590235,-101.49631226062779,157.25715041160572,0.003170715121138731,0.03102411613430532
1767171625,382505371,624_1767171625-382505371.png,1202,-1202,0,0,0.01150811887254902,-0.01150811887254902,149.28,377.75,-5.0,-320.0,-669.0,1300.0,347.0,-19.0,61.05644382298129,-396.79758080309705,-1143.6503335006528,1489.8305831979326,310.7082936569599,-47.3208879694977,-105.45819160342221,150.41894245147694,0.003170715121138731,0.03102411613430532
1767171625,449200928,625_1767171625-449200928.png,1202,-1202,0,0,0.01150811887254902,-0.01150811887254902,149.11,367.0,162.0,-520.0,-551.0,1283.0,284.0,-59.0,89.40863977305621,-420.0958054197891,-1002.0175226876657,1439.7626407903194,302.41792868695114,-50.9867651448146,-106.55202850699429,147.10580110549915,0.003170715121138731,0.03102411613430532
1767171625,482548340,626_1767171625-482548340.png,1202,-1202,0,0,0.01150811887254902,-0.01150811887254902,149.06,363.91,135.0,-383.0,-435.0,1320.0,225.0,-65.0,98.00509719085738,-417.32577098621334,-907.110188836923,1418.082413272384,290.60673839519916,-53.249035527064294,-110.88665920495991,143.24572348594654,0.003170715121138731,0.03102411613430532
1767171625,515896484,627_1767171625-515896484.png,1202,-1202,0,0,0.01150811887254902,-0.01150811887254902,149.07,360.0,175.0,-356.0,-231.0,1272.0,135.0,-83.0,120.70660709571771,-401.57941206264826,-808.0025574809731,1395.5278332107773,260.53251206248603,-58.88194839765105,-110.84230569005017,143.01717662811268,0.003170715121138731,0.03102411613430532
1767171625,549243896,628_1767171625-549243896.png,1202,-1202,0,0,0.01150811887254902,-0.01150811887254902,149.08,362.74,82.0,-347.0,-229.0,1236.0,185.0,-45.0,121.67255620795578,-392.8880028391213,-708.1059720096296,1370.9220479713654,243.3636055920815,-59.61080473750503,-114.93055683374409,141.6767027378081,0.003170715121138731,0.03102411613430532
1767171625,615939209,629_1767171625-615939209.png,1202,-1202,0,0,0.01150811887254902,-0.01150811887254902,149.12,365.98,-60.0,-312.0,-599.0,1208.0,358.0,-6.0,93.02867354954424,-378.6578315118736,-667.0822294021615,1340.0366094787876,257.07452826493335,-51.0061930061167,-114.93055683374409,141.6767027378081,0.003170715121138731,0.03102411613430532
1767171625,649287598,630_1767171625-649287598.png,1202,-1202,0,0,0.01150811887254902,-0.01150811887254902,149.11,371.36,-144.0,-427.0,-594.0,1105.0,435.0,-6.0,46.700685453193536,-377.09320058681703,-658.7279951615417,1291.3607335251322,302.69495380213,-40.547834083526766,-108.58241942524914,146.04975700378407,0.003170715121138731,0.03102411613430532
1767171625,682634766,631_1767171625-682634766.png,1202,-1202,0,0,0.01150811887254902,-0.01150811887254902,149.16,371.77,49.0,-550.0,-548.0,1167.0,278.0,-39.0,37.05905907232576,-404.99064122961494,-639.1482186878899,1263.4231861423514,306.00601175438254,-38.51385678178157,-102.28902581334118,150.65293431282032,0.003170715121138731,0.029437957811028773
1767171625,749330322,632_1767171625-749330322.png,1202,-1202,0,0,0.01150811887254902,-0.01150811887254902,149.07,371.37,6.0,-458.0,-379.0,1150.0,291.0,-26.0,32.51116011222281,-421.8930126202563,-572.0910297356081,1232.884706372696,303.3170482090158,-35.45087031979487,-106.89711573719983,147.36744785308827,0.003170715121138731,0.009763107991336756
1767171625,782678467,633_1767171625-782678467.png,1202,-1202,0,0,0.01150811887254902,-0.01150811887254902,148.94,369.63,139.0,-420.0,-440.0,1183.0,238.0,-50.0,46.69716003595487,-423.50537256650006,-542.6708456998098,1221.2527642877221,293.1205084623401,-37.084071160154174,-107.71197357773785,145.84642910957325,0.003170715121138731,0.001286077013033765
1767171625,816025879,634_1767171625-816025879.png,1202,-1202,0,0,0.01150811887254902,-0.01150811887254902,148.82,369.25,165.0,-462.0,-417.0,1226.0,245.0,-44.0,63.99798355098262,-429.13489723138673,-524.292511560938,1221.9470087138689,286.08327736447836,-38.095469232567545,-103.50871500372891,149.0059640407561,0.003170715121138731,0.001286077013033765
1767171625,882721191,635_1767171625-882721191.png,1202,-1202,0,0,0.01150811887254902,-0.01150811887254902,147.29,328.42,279.0,-430.0,-470.0,1347.0,264.0,-50.0,132.60633156467847,-437.4620905989622,-496.78056303849735,1278.3300449603014,274.2086115350046,-45.69407433505356,-106.78204336762433,139.63611602783192,0.003170715121138731,0.001286077013033765
1767171625,916069580,636_1767171625-916069580.png,1202,-1202,0,0,0.01150811887254902,-0.01150811887254902,147.29,328.42,279.0,-430.0,-470.0,1347.0,264.0,-50.0,137.16308763891357,-437.2298201256095,-495.946971704928,1280.4675160551176,273.89085084822875,-45.82810371718915,-104.23343715071682,135.47341084480274,0.003170715121138731,0.001286077013033765
1767171625,949416748,637_1767171625-949416748.png,1202,-1202,0,0,0.01150811887254902,-0.01150811887254902,146.96,309.56,239.0,-419.0,-475.0,1297.0,289.0,-50.0,155.82517712513538,-434.3717276185693,-492.1941153077514,1284.6533374841388,275.8375940436964,-46.54907634354338,-100.5364450514317,131.05034852027882,0.003170715121138731,0.001286077013033765
1767171626,16112305,638_1767171626-16112305.png,1202,-1202,0,0,0.01150811887254902,-0.01150811887254902,146.61,283.82,186.0,-366.0,-480.0,1334.0,263.0,-54.0,160.23799836690705,-424.37292122215547,-490.4108256003748,1291.8698835915866,273.96020083001645,-47.638713035642056,-89.48293870687489,124.60919594764697,0.003170715121138731,0.017484990127214113
1767171626,49460449,639_1767171626-49460449.png,1202,-1202,0,0,0.01150811887254902,-0.01150811887254902,146.03,256.31,222.0,-383.0,-276.0,1412.0,223.0,-88.0,168.19014946370237,-412.3325201717725,-435.17248376615987,1310.606790442654,262.30406728413,-54.26575409528766,-88.04167675971989,115.45972728729235,0.003170715121138731,-0.00053855906390117
1767171626,82807617,640_1767171626-82807617.png,1202,-1202,0,0,0.01150811887254902,-0.01150811887254902,145.79,241.25,213.0,-387.0,-562.0,1564.0,254.0,-99.0,176.42006061959566,-407.7386293888162,-441.6454717257627,1346.188844997126,259.19488934802825,-61.40253638031524,-82.9316063523293,116.44040107727038,0.003170715121138731,0.01249200834772838
1767171626,149503174,641_1767171626-149503174.png,1202,-1202,0,0,0.01150811887254902,-0.01150811887254902,145.46,240.27,253.0,-467.0,-481.0,1662.0,252.0,-84.0,192.16569945163337,-422.8030676861031,-436.5731605327427,1415.0016181951153,257.5417275620535,-68.54586580314461,-85.90868180990223,119.76128005981433,0.003170715121138731,0.01249200834772838
1767171626,182851318,642_1767171626-182851318.png,1202,-1202,0,0,0.01150811887254902,-0.01150811887254902,145.3,244.89,254.0,-542.0,-571.0,1664.0,313.0,-74.0,201.1810321085276,-438.17751057945793,-453.7634260167178,1451.3607396800985,263.97891075917863,-69.61777293165042,-85.90868180990223,119.76128005981433,0.003170715121138731,0.01249200834772838
1767171626,249546875,643_1767171626-249546875.png,1202,-1202,0,0,0.01150811887254902,-0.01150811887254902,144.89,256.08,424.0,-567.0,-421.0,1702.0,221.0,-89.0,254.84051253076873,-464.97554506520294,-448.16955180504215,1505.6520683973492,252.90961876264797,-73.94989688608702,-87.0165455937386,122.22342467308032,0.003170715121138731,0.01249200834772838
1767171626,282894043,644_1767171626-282894043.png,1202,-1202,0,0,0.01150811887254902,-0.01150811887254902,144.34,259.18,315.0,-503.0,-410.0,1687.0,275.0,-65.0,271.1234103362921,-475.0030013571126,-442.1672571547509,1537.8020354606485,253.8110312461549,-73.69928255896905,-95.56716296076779,116.90336966514575,0.003170715121138731,0.01249200834772838
1767171626,316242188,645_1767171626-316242188.png,1202,-1202,0,0,0.01150811887254902,-0.01150811887254902,144.05,257.23,187.0,-442.0,-720.0,1672.0,346.0,-59.0,258.8210490730056,-470.17658212559496,-482.79802520835483,1557.4273910419422,267.29291451224907,-71.549632614576,-82.85315972566609,123.44009637832629,0.003170715121138731,0.01249200834772838
1767171626,349589600,646_1767171626-349589600.png,1202,-1202,0,0,0.01150811887254902,-0.01150811887254902,139.72,253.06,229.0,-421.0,-486.0,1362.0,292.0,-40.0,254.2838450854873,-465.56942527894233,-492.8241467963321,1536.4914847816997,278.26846051448325,-66.22705351540797,-87.05622348189358,118.93779492378222,0.003170715121138731,0.01249200834772838
1767171626,416284912,647_1767171626-416284912.png,1202,-1202,0,0,0.01150811887254902,-0.01150811887254902,132.94,256.54,169.0,-370.0,-515.0,1203.0,251.0,-29.0,241.13986913996965,-450.40875879186467,-495.88583444521345,1483.0840218280846,274.64558255034086,-60.08592511245159,-53.342097252607395,140.99650716781605,0.003170715121138731,0.01249200834772838
1767171626,449633057,648_1767171626-449633057.png,1202,-1202,0,0,0.01150811887254902,-0.01150811887254902,116.97,250.29,112.0,-220.0,-252.0,989.0,177.0,-44.0,215.86914236541867,-398.68318281488746,-432.01651335380933,1354.5081058966582,252.16952470062304,-54.85109325968661,43.32109594345088,206.03134250640858,0.003170715121138731,0.01249200834772838
1767171626,482980469,649_1767171626-482980469.png,1202,-1202,0,0,0.01150811887254902,-0.01150811887254902,108.53,242.82,-25.0,-106.0,-419.0,968.0,206.0,3.0,180.6439987970418,-355.88065928091373,-430.1129546532431,1297.9844541459647,245.41760903350163,-46.39084365839694,75.49746048450464,214.9102804660796,0.003170715121138731,0.012742933786060756
1767171626,549675781,650_1767171626-549675781.png,1202,-1202,0,0,0.01150811887254902,-0.01150811887254902,98.26,236.12,88.0,-275.0,-424.0,910.0,231.0,-14.0,148.23256427892994,-307.4775546065126,-422.89436592754737,1216.054231411852,243.1261722471381,-34.89495749839042,129.4595182538032,261.6433126926421,0.003170715121138731,0.03024963072269727
1767171626,583023926,651_1767171626-583023926.png,1202,-1202,0,0,0.01150811887254902,-0.01150811887254902,96.09,231.3,110.0,-285.0,-434.0,863.0,268.0,-22.0,139.4898630060809,-302.49109833512347,-424.5763233739704,1148.409499981248,246.12929807833362,-31.9159048811516,103.4999189972877,237.63973116874683,0.003170715121138731,0.011525937415563604
1767171626,616371338,652_1767171626-616371338.png,1202,-1202,0,0,0.01150811887254902,-0.01150811887254902,93.44,226.02,104.0,-332.0,-466.0,835.0,261.0,-30.0,134.29976058227325,-306.8065340421741,-430.6341975456161,1102.5759219474778,248.30401670359677,-31.635719450011845,140.3281425237655,238.34113359451283,0.003170715121138731,-0.01330181362246343
1767171626,649719482,653_1767171626-649719482.png,1202,-1202,0,0,0.01150811887254902,-0.01150811887254902,86.69,204.17,32.0,-105.0,-442.0,744.0,198.0,-27.0,121.01305498145258,-287.2335278708276,-450.02624117363507,1050.9514317067596,245.70331254848605,-30.126141526089807,116.01111692190165,229.727711200714,0.003170715121138731,0.012705053644932962
1767171626,716415039,654_1767171626-716415039.png,1202,-1202,0,0,0.01150811887254902,-0.01150811887254902,81.88,196.5,137.0,-16.0,-490.0,711.0,82.0,-32.0,114.32171895383138,-229.08245733235646,-455.0579117829941,970.099808874363,216.9241177947931,-30.08306882747057,142.08929526805872,276.9016454219817,0.003170715121138731,-0.005987357945230351
1767171626,749762207,655_1767171626-749762207.png,1202,-1202,0,0,0.01150811887254902,-0.01150811887254902,72.39,181.69,75.0,11.0,-254.0,382.0,20.0,-26.0,122.12032521803636,-192.69307359529253,-404.44252440779013,891.1368100482306,178.64168175435557,-29.944206244403084,108.24217343330378,328.73134422302235,0.003170715121138731,-0.005987357945230351
1767171626,816457520,656_1767171626-816457520.png,1202,-1202,0,0,0.01150811887254902,-0.01150811887254902,66.54,167.64,-84.0,24.0,-437.0,192.0,72.0,-37.0,86.68577255798165,-143.01881993283988,-422.77125513372226,733.3116782375889,152.13041915081004,-30.775925627990738,26.780222088098473,262.8880691528319,0.003170715121138731,-0.005987357945230351
1767171626,849805664,657_1767171626-849805664.png,1202,-1202,0,0,0.01150811887254902,-0.01150811887254902,65.05,160.83,-97.0,-50.0,-426.0,153.0,38.0,-30.0,51.617167058688835,-116.5521635033855,-424.6010312577298,622.2969976335271,133.1422724923158,-31.37827691911103,1.8283502757548775,207.2471544742583,0.003170715121138731,-0.005987357945230351
1767171626,883153076,658_1767171626-883153076.png,1202,-1202,0,0,0.01150811887254902,-0.01150811887254902,64.06,156.96,-78.0,-112.0,-694.0,189.0,73.0,-22.0,24.88573624463381,-112.40429015905816,-464.0716259176525,534.3761942492577,119.36890217743164,-29.934666061789986,2.962059885263392,203.78585171699513,0.003170715121138731,-0.005987357945230351
1767171626,949848389,659_1767171626-949848389.png,1202,-1202,0,0,0.01150811887254902,-0.01150811887254902,63.39,151.25,-139.0,19.0,-562.0,188.0,91.0,-13.0,9.915692476213854,-107.04132117367884,-486.53682786181696,465.59833675230027,112.63762260604418,-27.670285965473422,66.07867014408106,217.2397389411925,0.003170715121138731,-0.005987357945230351
1767171626,983196533,660_1767171626-983196533.png,1202,-1202,0,0,0.01150811887254902,-0.01150811887254902,63.38,150.02,-201.0,124.0,-692.0,193.0,124.0,-27.0,-27.020038407403916,-69.53864302956377,-516.9668384979406,411.0713555518894,112.26200998887228,-26.420681852030157,66.50012594461435,216.07995319366444,0.003170715121138731,-0.005987357945230351
1767171627,16543945,661_1767171627-16543945.png,1202,-1202,0,0,0.01150811887254902,-0.01150811887254902,63.33,149.39,-63.0,9.0,-851.0,235.0,146.0,-31.0,-58.404232718152706,-45.59851589496937,-571.2653297988659,366.527131818406,121.51189188406079,-28.36049809530097,44.86119544506068,194.86521649360645,0.003170715121138731,-0.005987357945230351
1767171627,49892090,662_1767171627-49892090.png,1202,-1202,0,0,0.01150811887254902,-0.01150811887254902,63.39,149.39,60.0,-16.0,-720.0,239.0,81.0,-34.0,-51.66045328711243,-37.69510463017429,-611.5798233156845,344.04220803954377,121.76034364639386,-29.000501402723735,134.7657052278518,93.29526734352099,0.003170715121138731,-0.005987357945230351
1767171627,116587402,663_1767171627-116587402.png,1202,-1201,0,50,0.01150811887254902,-0.011498544730392158,63.49,148.98,32.0,-51.0,-812.0,257.0,76.0,-36.0,-30.79798281808896,-37.96449309017681,-649.2670784631836,323.19656410427325,111.91878509037123,-30.410423603724503,75.06665343046183,261.91327023506153,0.003170715121138731,-0.03792725666517025
1767171627,149934814,664_1767171627-149934814.png,1202,-1201,0,0,0.01150811887254902,-0.011498544730392158,63.59,148.71,0.0,-103.0,-563.0,193.0,62.0,-40.0,-26.294029527394056,-47.47540447319333,-636.6512232554625,304.156380635173,104.6185707320719,-31.812820780886614,75.06665343046183,261.91327023506153,0.003170715121138731,-0.019888121146542703
1767171627,183282959,665_1767171627-183282959.png,1202,-1202,0,0,0.01150811887254902,-0.01150811887254902,63.68,148.39,-225.0,50.0,-907.0,176.0,176.0,-3.0,-38.813476375072675,-36.29763551952645,-640.2982614024588,281.3003910397519,108.31138376414681,-28.39207693728883,143.2759953141212,232.99786567687977,0.003170715121138731,-0.0687455744148099
1767171627,249978271,666_1767171627-249978271.png,1202,-1202,0,0,0.01150811887254902,-0.01150811887254902,63.59,148.03,-85.0,-85.0,-807.0,140.0,125.0,-26.0,-85.58097538393694,-24.280422302443682,-711.6118085251293,238.437196789791,125.45399289676176,-23.081458699796777,48.96288901567454,119.7393567562102,0.003170715121138731,-0.035432772059684314
1767171627,283325439,667_1767171627-283325439.png,1202,-1202,0,0,0.01150811887254902,-0.01150811887254902,63.34,147.68,-24.0,6.0,-854.0,159.0,40.0,-15.0,-76.55982175821994,-21.46576253478206,-734.9698303796152,224.2042170412923,112.94498008341087,-21.97717076850947,173.16195213794703,140.1879241466521,0.003170715121138731,-0.01512335644858905
1767171627,316673828,668_1767171627-316673828.png,1202,-1202,0,0,0.01150811887254902,-0.01150811887254902,63.02,147.68,-34.0,4.0,-723.0,128.0,26.0,-9.0,-70.33579564613518,-17.741602882961597,-733.2193405100104,210.13513652776723,100.22998730388115,-20.079365599516112,123.73343402147287,186.60944485664356,0.003170715121138731,-0.0755933363094159
1767171627,383369141,669_1767171627-383369141.png,1202,-1202,0,0,0.01150811887254902,-0.01150811887254902,62.3,148.44,-114.0,29.0,-745.0,113.0,100.0,-5.0,-81.69126409551528,3.080117509571296,-726.1429701601276,190.1535333874406,92.33120537454151,-16.17694915180005,62.89898419380183,233.6059865951537,0.003170715121138731,-0.011117230673777765
1767171627,416716309,670_1767171627-416716309.png,1202,-1202,0,0,0.01150811887254902,-0.01150811887254902,61.86,149.25,-94.0,61.0,-691.0,113.0,64.0,-4.0,-85.18178076789064,12.906612648617969,-721.990239557243,174.8336158734514,88.58924644952312,-13.811367113347867,107.05859047174448,111.19342374801623,0.003170715121138731,-0.04190610156923731
1767171627,483411865,671_1767171627-483411865.png,1203,-1202,50,0,0.011517693014705883,-0.01150811887254902,61.29,150.96,1.0,-35.0,-277.0,76.0,-51.0,-38.0,-68.68519356787006,4.788625559199926,-630.5708345579155,152.03548577426207,58.363187371595714,-18.995425799925606,29.868798255920357,227.19993996620167,0.003170715121138731,-0.08271632447458634
1767171627,516760010,672_1767171627-516760010.png,1202,-1202,0,0,0.01150811887254902,-0.01150811887254902,61.1,152.25,-15.0,164.0,-342.0,88.0,-44.0,8.0,-63.928261173082255,9.083667647845118,-594.8239178535856,143.02688618930867,38.86121578886737,-18.989003766298023,29.720217227935738,227.84574604034412,0.003170715121138731,-0.014323065099181123
1767171627,550107178,673_1767171627-550107178.png,1202,-1202,0,0,0.01150811887254902,-0.01150811887254902,61.33,152.62,-32.0,207.0,-235.0,82.0,-45.0,11.0,-57.0112123439074,39.74743037430773,-541.4478677980483,132.97430847579173,24.45092453246208,-14.053346692857462,39.68839371204371,196.33995270729054,0.003170715121138731,-0.06538702542434872
1767171627,616802979,674_1767171627-616802979.png,1202,-1202,0,0,0.01150811887254902,-0.01150811887254902,61.63,153.57,13.0,203.0,-270.0,48.0,-80.0,2.0,-45.464002665296114,72.37280947580213,-485.716804190336,117.8804215653669,5.542004211077831,-10.394829332685557,72.18101245164866,206.20056748390186,0.003170715121138731,0.009253184632085073
1767171627,650151123,675_1767171627-650151123.png,1202,-1202,0,0,0.01150811887254902,-0.01150811887254902,62.27,154.38,36.0,58.0,-239.0,32.0,31.0,-12.0,-41.3546515266803,79.40183365280868,-417.4054676307824,95.49312445077729,7.640951252838682,-8.758505266826626,99.43744874000544,177.34376835823048,0.003170715121138731,-0.051196393475923176
1767171627,683498535,676_1767171627-683498535.png,1202,-1202,50,0,0.01150811887254902,-0.01150811887254902,62.62,154.46,94.0,34.0,-319.0,54.0,-12.0,-22.0,-17.512773186741192,71.64239517702883,-393.679902901423,86.10299316806389,5.990819827953095,-10.864567841128842,98.261918246746,196.29968833923328,0.003170715121138731,-0.054276698185349165
1767171627,750194336,677_1767171627-750194336.png,1202,-1202,0,0,0.01150811887254902,-0.01150811887254902,63.97,153.52,-106.0,11.0,164.0,-43.0,49.0,18.0,-9.886590159374958,39.70134258663892,-251.7156163109556,48.43651187647336,8.036089959560199,-9.362808985838683,36.299992978572796,162.71204090118397,0.003170715121138731,-0.016704297820892732
1767171627,783542725,678_1767171627-783542725.png,1202,-1202,0,0,0.01150811887254902,-0.01150811887254902,63.97,153.52,-106.0,11.0,164.0,-43.0,49.0,18.0,-15.77686060714447,37.94239271346596,-226.23865723216417,42.832863180144734,10.546546191800791,-7.685890589076916,-15.942473173141531,162.4297604560851,0.003170715121138731,-0.07493744043259744
1767171627,816890137,679_1767171627-816890137.png,1202,-1202,0,0,0.01150811887254902,-0.01150811887254902,64.02,153.21,-52.0,-23.0,-44.0,-12.0,51.0,-20.0,-28.735210838314366,33.6663539249896,-176.1873874429269,33.86694059175941,18.167309156194552,-6.973602409696872,-15.942473173141531,162.4297604560851,0.003170715121138731,-0.025098595669281094
1767171627,883585693,680_1767171627-883585693.png,1202,-1202,0,0,0.01150811887254902,-0.01150811887254902,63.91,152.93,90.0,-39.0,-83.0,-24.0,4.0,-38.0,-16.48326290719701,20.51343967458344,-154.57344679664135,23.333654993387697,19.102472604812263,-11.69881723777304,114.48556381463999,148.01397037506092,0.003170715121138731,-0.03900357265120118
1767171627,916934082,681_1767171627-916934082.png,1202,-1202,0,0,0.01150811887254902,-0.01150811887254902,63.17,152.29,34.0,161.0,-250.0,-3.0,11.0,-8.0,3.0590772400531554,35.891646391268225,-186.79142875476464,17.280660562610073,17.455070072832633,-13.578757982660324,62.31686866283412,233.46599268913258,0.003170715121138731,-0.06464530677677137
1767171627,950281494,682_1767171627-950281494.png,1202,-1202,0,0,0.01150811887254902,-0.01150811887254902,62.8,152.34,-138.0,137.0,-165.0,16.0,23.0,14.0,-6.363808857035489,58.561577469717136,-191.64956152746566,14.973221395794909,17.259369969706395,-10.479935278949803,-19.228139996528675,252.1582598686217,0.003170715121138731,-0.057704480633505785
1767171628,16977295,683_1767171628-16977295.png,1202,-1202,0,0,0.01150811887254902,-0.01150811887254902,62.29,153.06,-1.0,171.0,-131.0,14.0,-5.0,7.0,-30.67132943254584,78.7102554988069,-209.2888307686046,16.69905112455903,19.512877846358034,-6.076447826619873,111.64161384105677,198.01300168037403,0.003170715121138731,-0.08108993505286652
1767171628,50325439,684_1767171628-50325439.png,1202,-1202,0,0,0.01150811887254902,-0.01150811887254902,62.05,153.2,-79.0,97.0,-150.0,11.0,16.0,-1.0,-31.838960902589097,90.33840458783311,-195.46305480403564,15.891605444307006,16.546079956517456,-4.2039652844905655,111.5151121616363,198.28496527671803,0.003170715121138731,-0.08108993505286652
1767171628,83672852,685_1767171628-83672852.png,1202,-1202,0,0,0.01150811887254902,-0.01150811887254902,61.9,152.52,-116.0,84.0,-258.0,-2.0,99.0,-17.0,-46.614395111054456,89.76001414755831,-202.22984420945707,13.019164733451317,28.57571979527315,-5.907642224300898,113.88851225376123,218.80188179016102,0.003170715121138731,-0.08108993505286652
1767171628,150368652,686_1767171628-150368652.png,1202,-1202,0,0,0.01150811887254902,-0.01150811887254902,61.9,151.92,-52.0,64.0,-57.0,12.0,51.0,-22.0,-44.75898518460926,87.06153735626592,-169.23747829003023,9.998236755989137,33.587773420139065,-9.504447088758946,66.94145315885538,66.13430023193347,0.003170715121138731,-0.08108993505286652
1767171628,183717041,687_1767171628-183717041.png,1202,-1202,0,0,0.01150811887254902,-0.01150811887254902,61.86,151.92,-112.0,47.0,-100.0,-8.0,26.0,3.0,-54.971300011229125,79.99623419561402,-153.23954941763716,7.470878408621505,33.389169838301285,-8.329568905624416,105.57044237852091,227.20997023582447,0.003170715121138731,-0.08108993505286652
1767171628,217064453,688_1767171628-217064453.png,1202,-1202,0,0,0.01150811887254902,-0.01150811887254902,61.96,151.19,15.0,-63.0,-146.0,-21.0,19.0,-16.0,-62.43229504577298,57.97622779330858,-146.60422331656278,2.5506400830786253,36.1450059976389,-8.379937987841037,118.75817751884455,206.69391345977772,0.003170715121138731,-0.08108993505286652
1767171628,250412842,689_1767171628-250412842.png,1202,-1202,0,0,0.01150811887254902,-0.01150811887254902,61.99,151.08,48.0,-101.0,-181.0,-29.0,55.0,-22.0,-44.07040254348912,30.515557332349196,-149.65187668971336,-2.8497000300608253,35.998758414433674,-10.436030662071706,-19.278662741184284,160.39246940612782,0.003170715121138731,-0.08108993505286652
1767171628,317108398,690_1767171628-317108398.png,1202,-1202,0,0,0.01150811887254902,-0.01150811887254902,61.91,150.74,-176.0,98.0,-87.0,-42.0,65.0,-1.0,-56.393429961381436,33.949961007477555,-164.70339658661877,-3.442803869049754,39.9341189682163,-10.436210268372765,94.55609440803522,196.57193851470936,0.003170715121138731,-0.08108993505286652
1767171628,350455811,691_1767171628-350455811.png,1202,-1202,0,0,0.01150811887254902,-0.01150811887254902,61.98,151.34,-94.0,80.0,-27.0,-53.0,38.0,3.0,-62.1929341810648,38.643605631860176,-153.99387459200713,-7.606504205929625,40.54799078967875,-9.337059742549368,116.49855101108545,90.30424094200121,0.003170715121138731,-0.08108993505286652
1767171628,383804199,692_1767171628-383804199.png,1202,-1202,0,0,0.01150811887254902,-0.01150811887254902,62.06,151.76,-69.0,-14.0,-108.0,-46.0,32.0,2.0,-65.5383395158277,35.687041727960505,-138.40134038969055,-15.788326663259934,39.329171217846906,-7.006176652371034,97.26328229904169,202.3482275009154,0.003170715121138731,-0.027806002954188898
1767171628,450500000,693_1767171628-450500000.png,1202,-1202,0,0,0.01150811887254902,-0.01150811887254902,61.99,152.72,-43.0,-151.0,-22.0,-93.0,36.0,2.0,-55.65821224956815,-2.2099505809672184,-110.54872109688803,-29.127862345408015,34.778738069787664,-4.032248797372554,100.38893878459925,204.66908860206593,0.003170715121138731,-0.060067553852355335
1767171628,483847412,694_1767171628-483847412.png,1202,-1202,0,0,0.01150811887254902,-0.01150811887254902,61.96,153.59,66.0,-95.0,-178.0,-92.0,-8.0,-24.0,-36.88861447604134,-27.276490475207073,-113.57091065077392,-43.25768985600454,28.617062063830897,-6.486267642264696,136.85908722877497,227.44467854499806,0.003170715121138731,-0.0533985464788834
1767171628,517195801,695_1767171628-517195801.png,1202,-1202,0,0,0.01150811887254902,-0.01150811887254902,61.88,153.39,20.0,-131.0,89.0,-121.0,-21.0,-24.0,-28.56911953100393,-42.445206063041915,-83.94657047844474,-54.626867365695716,21.360972232332276,-9.047507868642171,-18.27327311038976,270.69849681854237,0.003170715121138731,-0.0533985464788834
1767171628,583891602,696_1767171628-583891602.png,1202,-1202,0,0,0.01150811887254902,-0.01150811887254902,61.85,153.84,-58.0,102.0,205.0,-46.0,-1.0,4.0,-31.82205931047492,-34.10139180937733,-28.40852200877891,-62.80716137273407,14.36797262114598,-8.525372931986052,120.74791646003717,273.4652750492095,0.003170715121138731,-0.0533985464788834
1767171628,617239014,697_1767171628-617239014.png,1202,-1202,0,0,0.01150811887254902,-0.01150811887254902,61.81,154.13,33.0,106.0,221.0,-49.0,-7.0,-11.0,-25.534023442878624,-10.105568485456768,13.82934204150201,-60.25904622622945,10.999252747289438,-8.142982031594034,120.74791646003717,273.4652750492095,0.003170715121138731,-0.0533985464788834
1767171628,650587402,698_1767171628-650587402.png,1202,-1202,0,0,0.01150811887254902,-0.01150811887254902,61.66,154.04,-82.0,-78.0,0.0,-19.0,92.0,-30.0,-23.300126665950582,-8.931132518357838,24.424782081422602,-54.82256584838643,16.74114564398622,-11.710417486463065,122.08748352527613,210.066090106964,0.003170715121138731,-0.0533985464788834
1767171628,683934814,699_1767171628-683934814.png,1202,-1202,0,0,0.01150811887254902,-0.01150811887254902,61.55,153.63,-148.0,-118.0,-179.0,-12.0,89.0,-13.0,-37.48921752618535,-23.318757721603546,9.23383533206683,-48.20284233641748,29.56326571996733,-13.829321668401356,102.06398206949228,206.13293480873097,0.003170715121138731,-0.0533985464788834
1767171628,750630615,700_1767171628-750630615.png,1202,-1202,-50,0,0.01150811887254902,-0.01150811887254902,61.25,153.73,174.0,0.0,-225.0,-10.0,-38.0,-21.0,12.517530577904111,-31.628751721140233,-37.78159372503602,-35.80918395331675,17.536473934432994,-11.275955817802958,16.95705497264857,249.367838859558,0.003170715121138731,-0.0533985464788834
1767171628,783979248,701_1767171628-783979248.png,1202,-1202,0,0,0.01150811887254902,-0.01150811887254902,61.25,153.73,174.0,0.0,-225.0,-10.0,-38.0,-21.0,17.543951674433444,-30.64425213132733,-43.609090358737575,-35.005828473484044,15.80780514945658,-11.578633507807929,16.953872948884914,249.37557649612415,0.003170715121138731,-0.0533985464788834
1767171628,817326660,702_1767171628-817326660.png,1202,-1202,0,0,0.01150811887254902,-0.01150811887254902,61.11,153.55,6.0,-36.0,-16.0,-47.0,-10.0,-17.0,15.855743084968632,-31.42748648728238,-39.57148652900581,-36.75987803689512,12.03362456058253,-12.371464051184626,46.57546204328532,193.21007871627796,0.003170715121138731,-0.0533985464788834
1767171628,884022461,703_1767171628-884022461.png,1202,-1202,0,0,0.01150811887254902,-0.01150811887254902,59.71,153.36,129.0,105.0,-274.0,43.0,-15.0,-5.0,26.05741395756216,-31.937827708941136,-55.71396283186306,-34.1695469467228,11.895840981053103,-11.097553235387064,80.10905712842936,201.2430350780486,0.003170715121138731,-0.09490381194354136
1767171628,917370850,704_1767171628-917370850.png,1202,-1202,0,0,0.01150811887254902,-0.01150811887254902,58.76,153.3,6.0,201.0,-210.0,5.0,18.0,1.0,34.45207952069201,10.075246503647172,-96.89904615721471,-21.436280079110695,9.805189463828636,-9.021808142914802,79.92255157232279,201.566582918167,0.003170715121138731,-0.01364388354014728
1767171628,950718262,705_1767171628-950718262.png,1202,-1202,0,0,0.01150811887254902,-0.01150811887254902,57.62,153.29,-117.0,63.0,-211.0,-16.0,55.0,1.0,11.547345170915955,22.888827114703002,-116.59100202156277,-19.938732348137844,16.6323357772077,-7.289874065985329,44.70423725247378,267.75174689292896,0.003170715121138731,-0.025192558827756825
1767171629,17414307,706_1767171629-17414307.png,1202,-1202,0,0,0.01150811887254902,-0.01150811887254902,55.16,152.95,-72.0,-35.0,-209.0,-7.0,12.0,-11.0,-13.909658478198406,16.33439531965879,-152.80709699857917,-17.04679469062568,23.84335846883727,-8.119124769531547,41.92340824007983,126.62456369400012,0.003170715121138731,-0.025192558827756825
1767171629,50762695,707_1767171629-50762695.png,1202,-1202,0,0,0.01150811887254902,-0.01150811887254902,54.51,152.66,-138.0,8.0,-250.0,-26.0,83.0,-8.0,-35.096272159766954,12.429628827377977,-169.96090192882104,-17.830457241135484,31.87486308231269,-8.25243751989847,41.83866250514979,126.23610568046557,0.003170715121138731,-0.025192558827756825
1767171629,84110107,708_1767171629-84110107.png,1202,-1202,0,0,0.01150811887254902,-0.01150811887254902,54.07,152.22,-80.0,-72.0,-466.0,0.0,58.0,-9.0,-48.85688901222206,0.07606557650662404,-207.93128090601152,-16.904316688668697,39.1771660159297,-6.025410150899263,31.755088955163902,187.98115587234486,0.003170715121138731,-0.025192558827756825
1767171629,150805908,709_1767171629-150805908.png,1202,-1202,0,0,0.01150811887254902,-0.01150811887254902,55.84,150.35,-122.0,23.0,-663.0,77.0,26.0,-19.0,-54.1657429361532,-18.605177949693264,-288.96286880553066,0.6216176818132428,32.868949783934696,-11.285104834455131,55.71579283475871,194.5644516944884,0.003170715121138731,-0.025192558827756825
1767171629,184154541,710_1767171629-184154541.png,1202,-1202,0,0,0.01150811887254902,-0.01150811887254902,55.84,150.35,-122.0,23.0,-663.0,77.0,26.0,-19.0,-56.27720148638056,-17.31014484226309,-300.60542129961544,2.9990269050981686,32.655141844109835,-11.525244287092836,56.63273519277568,191.04984521865833,0.003170715121138731,-0.025192558827756825
1767171629,217501953,711_1767171629-217501953.png,1202,-1202,0,0,0.01150811887254902,-0.01150811887254902,55.84,150.38,-203.0,115.0,-530.0,67.0,29.0,-8.0,-81.17297409809129,4.148248617984358,-353.1137909162548,16.230541026871265,31.77239545592845,-11.400801898668849,77.40576559305185,271.5032110214232,0.003170715121138731,-0.025192558827756825
1767171629,250850342,712_1767171629-250850342.png,1202,-1202,0,0,0.01150811887254902,-0.01150811887254902,56.92,150.54,16.0,252.0,-737.0,92.0,-22.0,-42.0,-66.9622207821744,40.394541689680835,-409.2540116855062,27.311205175945283,23.908622075289077,-15.875684549105612,81.62642788887018,191.55637383460987,0.003170715121138731,-0.06219633142850976
1767171629,317546143,713_1767171629-317546143.png,1202,-1202,0,0,0.01150811887254902,-0.01150811887254902,59.25,151.57,-74.0,-36.0,-639.0,48.0,34.0,-16.0,-55.99314273838495,59.639265999940996,-503.933556987596,39.104579112925556,18.143019680097602,-21.139690829934068,142.71725791692728,236.19050049781788,0.003170715121138731,-0.057902495674522894
1767171629,350893555,714_1767171629-350893555.png,1202,-1202,0,0,0.01150811887254902,-0.01150811887254902,60.01,151.16,-74.0,-60.0,-660.0,40.0,25.0,-7.0,-60.45307597783953,32.441556180896576,-540.4578532128769,40.137859785661455,20.754295568021416,-18.55051723250144,115.07988792657846,182.5372986793517,0.003170715121138731,-0.07289352455588699
1767171629,384241943,715_1767171629-384241943.png,1202,-1202,0,0,0.01150811887254902,-0.01150811887254902,60.88,151.21,-234.0,74.0,-656.0,62.0,55.0,-3.0,-65.08237885331377,33.67257060173756,-562.8341722975274,44.19937852448367,21.429996754250705,-16.429890043199233,114.83311873674387,79.6363327503203,0.003170715121138731,-0.059310188527058626
1767171629,450937988,716_1767171629-450937988.png,1202,-1202,0,0,0.01150811887254902,-0.01150811887254902,61.05,151.94,-147.0,57.0,-606.0,65.0,8.0,8.0,-94.19680779500891,41.17474567553067,-578.597366393659,49.04695682612331,22.871239632583436,-11.494918628509504,87.15977239608759,183.03308057785023,0.003170715121138731,-0.04204693659730928
1767171629,484285400,717_1767171629-484285400.png,1202,-1202,0,0,0.01150811887254902,-0.01150811887254902,61.22,150.73,-60.0,15.0,-482.0,30.0,41.0,6.0,-89.19580412832953,37.346903033538965,-564.4707910003625,46.26149505151787,25.522422679061666,-8.936429756276139,86.72182202339167,165.7959189414977,0.003170715121138731,-0.07011794629944854
1767171629,517633789,718_1767171629-517633789.png,1202,-1202,0,0,0.01150811887254902,-0.01150811887254902,61.54,149.42,-165.0,-13.0,-493.0,0.0,122.0,-11.0,-82.14579902823553,32.840996730323226,-567.3019145535984,46.136069776276535,30.402336873248288,-8.934342233369332,113.77941429615015,87.3410127162932,0.003170715121138731,-0.0822734520903585
1767171629,550981201,719_1767171629-550981201.png,1202,-1202,0,0,0.01150811887254902,-0.01150811887254902,61.79,149.77,-262.0,-167.0,-524.0,-43.0,94.0,17.0,-114.85000893926002,0.07382848120744168,-555.2281811513787,29.535792567121042,46.780570647487515,-5.3012664846336,98.72909128665918,276.35327625274647,0.003170715121138731,-0.03066885311634478
1767171629,617677002,720_1767171629-617677002.png,1202,-1202,0,0,0.01150811887254902,-0.01150811887254902,62.04,151.2,-233.0,-145.0,-540.0,-14.0,47.0,12.0,-132.12847955133674,-21.142033318607247,-553.0011841102684,23.16903870035391,46.81266039700654,-2.771097655820341,91.69058459997171,76.5564668178557,0.003170715121138731,-0.05842698686908359
1767171629,651025391,721_1767171629-651025391.png,1202,-1202,0,0,0.01150811887254902,-0.01150811887254902,62.24,155.04,-188.0,45.0,-619.0,31.0,130.0,-8.0,-138.96689134398642,-28.600522442944204,-529.5898400523891,16.624498027162275,44.52338915215895,-1.063780489756454,81.03911721706385,193.3694167137145,0.003170715121138731,-0.020828206101544636
1767171629,684372803,722_1767171629-684372803.png,1202,-1202,0,0,0.01150811887254902,-0.01150811887254902,62.24,156.75,-190.0,-84.0,-728.0,12.0,135.0,-8.0,-150.21877114165977,-31.015256372792834,-565.5142750899636,17.058973517553905,64.35948608673088,-2.614095765064766,120.4633526206016,212.34425091743458,0.003170715121138731,-0.0508399920304345
1767171629,717721191,723_1767171629-717721191.png,1202,-1202,0,0,0.01150811887254902,-0.01150811887254902,61.98,158.87,-60.0,-60.0,-491.0,18.0,39.0,-30.0,-137.02501317491175,-35.2540382505148,-554.6171713258149,17.196590950074672,60.65086849689386,-6.619060448178573,122.37230712175364,222.39644384384144,0.003170715121138731,-0.017823872937090902
1767171629,784416992,724_1767171629-784416992.png,1202,-1202,0,0,0.01150811887254902,-0.01150811887254902,60.92,160.1,-76.0,18.0,-489.0,42.0,34.0,2.0,-131.2720098622575,0.18692654764690841,-542.7530549726035,15.822448728904284,54.963944689242496,-8.023429040952555,28.21466541290278,211.03687691688526,0.003170715121138731,-0.05848728348753965
1767171629,817764404,725_1767171629-817764404.png,1202,-1202,0,0,0.01150811887254902,-0.01150811887254902,60.65,160.16,130.0,-41.0,-592.0,70.0,28.0,-8.0,-109.09546854347181,-0.35047048699697214,-539.7759509684249,22.062330607114887,50.973321066264354,-6.904060697380427,84.81923156976694,180.65332746505726,0.003170715121138731,-0.05275733462046623
1767171629,884459961,726_1767171629-884459961.png,1202,-1202,0,0,0.01150811887254902,-0.01150811887254902,60.41,160.18,112.0,-73.0,-603.0,65.0,45.0,-13.0,-58.287563875650264,-14.11579030500064,-553.0572146891772,32.045675847924635,48.32466231848549,-7.880223363128013,31.384090960025734,70.04610538482653,0.003170715121138731,-0.03613585604059246
1767171629,917808350,727_1767171629-917808350.png,1202,-1202,0,0,0.01150811887254902,-0.01150811887254902,59.72,160.0,-81.0,-51.0,-259.0,30.0,21.0,-19.0,-63.07199593232281,-17.87040219933949,-547.2460576221104,37.954333238713154,40.97705448860784,-11.323726288341941,104.42777115106577,198.19096732139576,0.003170715121138731,-0.01556772738453727
1767171629,951155762,728_1767171629-951155762.png,1202,-1202,0,0,0.01150811887254902,-0.01150811887254902,59.82,159.96,-3.0,127.0,-305.0,81.0,-11.0,2.0,-57.3644100498019,-3.299969238026483,-495.4761700835513,42.434370536616605,33.208301947476635,-10.352877463291557,-29.213070809841206,190.6009190082549,0.003170715121138731,-0.03735553646731901
1767171630,17851563,729_1767171630-17851563.png,1202,-1202,0,0,0.01150811887254902,-0.01150811887254902,60.02,160.17,4.0,369.0,-656.0,167.0,16.0,17.0,-46.94564872327386,54.60854116173584,-513.8896213578818,61.675945844957994,29.516906085502367,-6.024468669824255,75.33043670654291,144.65182399749744,0.003170715121138731,-0.06590424718003811
1767171630,251287354,730_1767171630-251287354.png,1202,-1202,0,0,0.01150811887254902,-0.01150811887254902,60.64,159.0,-135.0,-26.0,-188.0,29.0,78.0,-11.0,-58.836847276917275,-32.012823513106994,-330.4416805690029,21.307092394553614,13.304681458632668,-6.161235123454234,-5.8900055289269,226.839709997177,0.003170715121138731,-0.04084455990716444
1767171630,317983154,731_1767171630-317983154.png,1202,-1202,0,0,0.01150811887254902,-0.01150811887254902,60.6,159.32,-70.0,15.0,-253.0,35.0,81.0,-14.0,-68.19519630057263,-24.52765418318673,-304.6674847872208,24.08992050778845,29.767124873019014,-7.798424502090459,60.812875390052746,204.2488203048705,0.003170715121138731,-0.09743071708598458
1767171630,351330566,732_1767171630-351330566.png,1202,-1202,0,0,0.01150811887254902,-0.01150811887254902,60.41,159.14,-43.0,-58.0,37.0,-57.0,30.0,2.0,-57.152040119208294,-25.957439098728944,-228.03872238034876,14.165953652590536,25.283143393164146,-6.264648092157686,92.53648340702051,214.58486986160267,0.003170715121138731,-0.03042321621881363
1767171630,384678955,733_1767171630-384678955.png,1202,-1202,0,0,0.01150811887254902,-0.01150811887254902,60.39,159.32,48.0,-66.0,1.0,-21.0,-25.0,-16.0,-43.5299371577203,-33.27044649551063,-179.68884345359297,4.312235494039441,19.685006166855548,-6.762226811801621,23.97114449739451,235.69916057586659,0.003170715121138731,-0.056784488578986124
1767171630,418026367,734_1767171630-418026367.png,1202,-1202,0,0,0.01150811887254902,-0.01150811887254902,60.29,159.53,124.0,-77.0,214.0,-32.0,-49.0,-23.0,-16.597672416819833,-40.53531436301518,-117.31331581298019,-1.6707972356808196,8.452894734704065,-9.382359483371046,96.6354495286941,191.97778844833363,0.003170715121138731,-0.0578751629665951
1767171630,484721924,735_1767171630-484721924.png,1202,-1202,0,0,0.01150811887254902,-0.01150811887254902,60.35,159.66,-174.0,64.0,-20.0,85.0,12.0,10.0,-29.566617658567672,-33.92941945635326,-51.271674344174045,11.582709033408591,0.7332992434297684,-6.513276302778754,83.42056977748865,110.35059452056872,0.003170715121138731,-0.0714818510197878
1767171630,518070313,736_1767171630-518070313.png,1202,-1202,0,0,0.01150811887254902,-0.01150811887254902,60.31,159.66,-66.0,34.0,-299.0,86.0,105.0,-32.0,-42.45177661682582,-18.871412834602783,-85.86371413099569,26.306984974534515,16.570950853573642,-9.376490153541871,18.309415072202633,220.01095914840687,0.003170715121138731,-0.04912662081981354
1767171630,551417725,737_1767171630-551417725.png,1202,-1202,0,0,0.01150811887254902,-0.01150811887254902,60.31,159.7,-138.0,-277.0,-432.0,-4.0,153.0,-20.0,-56.697051973475716,-54.12877212195903,-130.2375969495995,24.04492284170515,33.34703500945421,-11.495787824611204,-45.34307396411901,202.34020328521717,0.003170715121138731,-0.00103144023420957
1767171630,618113525,738_1767171630-618113525.png,1202,-1202,0,0,0.01150811887254902,-0.01150811887254902,60.36,159.82,-90.0,-144.0,-182.0,-12.0,58.0,-9.0,-69.16604212559155,-88.14056946403335,-167.98120627426707,16.826091731056422,48.80341378218509,-12.089618264442704,105.48212498426432,195.31428599357594,0.003170715121138731,-0.09914908352355734
1767171630,651461914,739_1767171630-651461914.png,1202,-1202,0,0,0.01150811887254902,-0.01150811887254902,60.39,159.84,-53.0,34.0,-200.0,30.0,-18.0,-3.0,-67.355546750309,-71.76295695080199,-173.0362384128906,17.986623427894347,39.2783569819052,-10.678230201395186,-3.644795536994985,179.24321484565723,0.003170715121138731,-0.05187282624019917
1767171630,718157715,740_1767171630-718157715.png,1202,-1202,0,0,0.01150811887254902,-0.01150811887254902,60.27,159.46,-187.0,89.0,-475.0,93.0,43.0,-1.0,-87.41940368395389,-22.80137824641086,-262.451195451053,38.08272436602499,23.730099596186783,-9.403997952573826,57.11536377668376,184.98525762557972,0.003170715121138731,-0.03599679878795213
1767171630,751505127,741_1767171630-751505127.png,1202,-1202,0,0,0.01150811887254902,-0.01150811887254902,60.38,159.31,-104.0,182.0,-378.0,100.0,74.0,-5.0,-91.34519808686787,-6.983470565107111,-275.7430493870505,43.4819345093076,27.37391951472511,-8.88854316805216,7.765032529830881,213.86985492706287,0.003170715121138731,-0.07968942436941036
1767171630,784853516,742_1767171630-784853516.png,1202,-1202,0,0,0.01150811887254902,-0.01150811887254902,60.34,159.32,-33.0,236.0,-521.0,114.0,31.0,-8.0,-83.79050466530478,43.1533068551431,-319.5110943203842,58.16167985914745,31.506921912500427,-8.458139889102087,117.80941492319101,237.08305120468128,0.003170715121138731,-0.054462733294999226
1767171630,851549316,743_1767171630-851549316.png,1202,-1202,0,0,0.01150811887254902,-0.01150811887254902,60.25,159.27,-191.0,99.0,-379.0,-21.0,100.0,15.0,-90.99277457259743,78.90761935620883,-332.83706308109925,41.98264650936554,37.943252637121,-7.467505496714136,-41.347101509571125,260.67295575141895,0.003170715121138731,-0.043581069142232365
1767171630,884896729,744_1767171630-884896729.png,1202,-1202,0,0,0.01150811887254902,-0.01150811887254902,60.25,159.41,-131.0,53.0,-43.0,-64.0,53.0,17.0,-92.23806864458902,78.10119990424644,-323.81538330594714,38.683753371385116,38.4119199349443,-6.705912078875906,105.96345478296274,118.88305830955493,0.003170715121138731,-0.043581069142232365
1767171630,918245117,745_1767171630-918245117.png,1202,-1202,0,0,0.01150811887254902,-0.01150811887254902,60.22,159.36,-56.0,-154.0,103.0,-127.0,19.0,-17.0,-95.57217963338411,67.98712161299494,-278.20392599713546,21.70610968387174,39.486998630545614,-4.297424966716579,124.40919196605677,245.12904691696156,0.003170715121138731,-0.043581069142232365
1767171630,984940918,746_1767171630-984940918.png,1202,-1202,0,0,0.01150811887254902,-0.01150811887254902,60.09,159.18,-64.0,-82.0,371.0,-104.0,-54.0,-35.0,-86.940888157117,23.53482661166825,-144.59463722280597,-11.761814858578429,23.737131280863984,-10.075948000969337,69.00470334291452,179.16712808608997,0.003170715121138731,-0.09410663567623669
1767171631,18288330,747_1767171631-18288330.png,1202,-1202,0,0,0.01150811887254902,-0.01150811887254902,60.06,159.33,-48.0,11.0,557.0,-96.0,-76.0,-23.0,-81.24610150846623,21.701710660556213,-41.99215530968587,-24.08096099911825,9.151390932535834,-11.965984984039457,69.00470334291452,179.16712808608997,0.003170715121138731,-0.07020183682772849
1767171631,51636719,748_1767171631-51636719.png,1202,-1202,0,0,0.01150811887254902,-0.01150811887254902,59.97,159.23,22.0,-65.0,468.0,-89.0,-83.0,4.0,-64.69478073454924,5.639842255991658,82.38956022682574,-41.1910206954748,-14.18810450324672,-7.624935375189734,109.62187296152109,177.30293083190907,0.003170715121138731,-0.10126702297890261
1767171631,118332520,749_1767171631-118332520.png,1202,-1202,0,0,0.01150811887254902,-0.01150811887254902,60.04,159.14,-59.0,26.0,299.0,-43.0,-34.0,-9.0,-61.55807785174473,6.7401163563267055,124.31454833283952,-42.72607839039051,-18.91408774763394,-7.517098175260671,135.69745373725885,150.70566487312306,0.003170715121138731,-0.03948674500243782
1767171631,151679932,750_1767171631-151679932.png,1202,-1202,0,0,0.01150811887254902,-0.01150811887254902,59.92,159.18,74.0,-110.0,528.0,-113.0,-14.0,-3.0,-37.776934108053794,-2.457491660892871,221.85078464345247,-54.71911671680215,-17.954700590722098,-7.0426363111901695,64.86885172128672,201.69024181365955,0.003170715121138731,-0.08268164534493182
1767171631,218375732,751_1767171631-218375732.png,1202,-1202,0,0,0.01150811887254902,-0.01150811887254902,59.95,159.34,71.0,-204.0,296.0,-92.0,16.0,2.0,-18.89875804587194,-34.789346235796586,240.83032478665947,-61.71993817532563,-12.884008144478916,-5.612792806693555,57.41538316011424,235.11668848991383,0.003170715121138731,-0.030214536233139123
1767171631,451811523,752_1767171631-451811523.png,1202,-1202,0,0,0.01150811887254902,-0.01150811887254902,60.05,159.98,11.0,32.0,292.0,-39.0,47.0,-5.0,44.54149576364693,-18.746928460813248,307.3495778914715,-57.501052214643416,-5.132878832222041,-11.050265115879876,72.83754837512964,274.3030891418456,0.003170715121138731,-0.030214536233139123
1767171631,518507080,753_1767171631-518507080.png,1202,-1202,0,0,0.01150811887254902,-0.01150811887254902,59.93,159.77,71.0,15.0,252.0,0.0,28.0,-14.0,49.59177879233829,-4.85374206832528,311.32245794011345,-47.40631728328124,3.2250688767982894,-10.726232944780724,125.13365435600275,197.17002916336048,0.003170715121138731,-0.030214536233139123
1767171631,551854492,754_1767171631-551854492.png,1202,-1202,0,0,0.01150811887254902,-0.01150811887254902,59.99,159.66,-43.0,-68.0,550.0,-123.0,-21.0,-19.0,49.05271036605228,-17.255038879927646,363.6572961225727,-56.788046773003046,-4.742586267900289,-11.957267208014118,125.13287508487696,197.17719364166248,0.003170715121138731,-0.030214536233139123
1767171631,585202881,755_1767171631-585202881.png,1202,-1202,0,0,0.01150811887254902,-0.01150811887254902,60.03,159.75,-47.0,8.0,524.0,-99.0,-46.0,-9.0,30.29909855563754,-18.301347405424625,397.5691091535898,-67.08383901716968,-10.941058313023419,-12.167567005401587,-25.010591506958058,265.8984396457671,0.003170715121138731,-0.030214536233139123
1767171631,651898438,756_1767171631-651898438.png,1202,-1202,0,0,0.01150811887254902,-0.01150811887254902,60.01,159.65,-66.0,-100.0,536.0,-100.0,8.0,-19.0,14.161942085028045,-29.55015726316982,421.173358537772,-72.74572093902042,-9.102764168488237,-13.082577351695353,19.87763327360148,285.53125953674305,0.003170715121138731,-0.0729486120922348
1767171631,685245605,757_1767171631-685245605.png,1202,-1202,0,0,0.01150811887254902,-0.01150811887254902,60.11,159.71,-32.0,-27.0,194.0,-72.0,-12.0,11.0,0.3861144065987976,-38.024606314010214,394.4719711531174,-72.31303196574386,-5.361114595480552,-8.89693510308604,19.88165950775141,285.5263876914977,0.003170715121138731,-0.043991443221662214
1767171631,751941162,758_1767171631-751941162.png,1202,-1202,0,0,0.01150811887254902,-0.01150811887254902,59.95,159.28,101.0,-9.0,373.0,-47.0,-68.0,-11.0,15.89087997702753,-19.913848844744834,384.6177577351381,-68.78147326113269,-15.104870159196173,-6.552643919107355,68.23530298471445,256.00200247764576,0.003170715121138731,-0.09479729555560729
1767171631,785289307,759_1767171631-785289307.png,1202,-1202,0,0,0.01150811887254902,-0.01150811887254902,59.84,159.14,59.0,-28.0,431.0,-70.0,-60.0,-4.0,27.80032940166718,-20.00420492237262,389.20206424337925,-67.18916337740689,-24.657434031366037,-6.604035333544247,-30.133065313100865,252.5611901283263,0.003170715121138731,-0.05598409318084296
1767171631,818636475,760_1767171631-818636475.png,1202,-1202,0,0,0.01150811887254902,-0.01150811887254902,59.75,159.23,85.0,13.0,333.0,-57.0,-29.0,-16.0,36.99443563123422,-15.390095530236477,382.0937392389459,-65.77377864279553,-26.231716882690854,-7.908916921193915,-1.636094331741384,216.86732935905445,0.003170715121138731,-0.053089533960459186
1767171631,851984863,761_1767171631-851984863.png,1202,-1202,0,0,0.01150811887254902,-0.01150811887254902,59.57,159.11,-22.0,54.0,142.0,-50.0,69.0,-13.0,40.3810023384677,-3.9454684062005247,341.5582875032208,-62.50439392578355,-16.382566378587246,-9.331661333422014,44.838921278715084,187.95006203651417,0.003170715121138731,-0.053089533960459186
1767171631,918680176,762_1767171631-918680176.png,1202,-1202,0,0,0.01150811887254902,-0.01150811887254902,59.48,158.86,-14.0,-28.0,16.0,-46.0,71.0,-4.0,27.608151458177353,-2.985899495463928,278.5285198691669,-59.12456799243072,2.993785182595951,-8.835395712168431,49.56870737671847,218.04588603973377,0.003170715121138731,-0.053089533960459186
1767171631,952027588,763_1767171631-952027588.png,1202,-1202,0,0,0.01150811887254902,-0.01150811887254902,59.47,158.92,-30.0,139.0,229.0,-67.0,71.0,38.0,30.404592596223875,6.107422576362614,262.8846831938672,-53.68446250864658,12.337656476185504,-4.850469421719324,40.74592956900592,202.04674625396717,0.003170715121138731,-0.053089533960459186
1767171631,985375732,764_1767171631-985375732.png,1202,-1202,0,0,0.01150811887254902,-0.01150811887254902,59.56,159.23,-170.0,259.0,-23.0,-66.0,118.0,50.0,0.26968289567325865,50.06786327782707,225.37014427583165,-56.54180656014385,31.03351247259784,6.152804704431835,111.85110789537424,241.18571805953968,0.003170715121138731,-0.053089533960459186
1767171632,18722900,765_1767171632-18722900.png,1202,-1202,0,0,0.01150811887254902,-0.01150811887254902,59.61,159.66,-264.0,117.0,170.0,-140.0,139.0,49.0,-42.90246413092998,65.40845000725986,210.6723512541011,-68.99823393671144,49.13383718490142,13.58408288402193,65.23004388809198,276.6385657787322,0.003170715121138731,-0.053089533960459186
1767171632,85418457,766_1767171632-85418457.png,1202,-1202,0,0,0.01150811887254902,-0.01150811887254902,59.6,159.67,-3.0,1.0,75.0,-32.0,21.0,0.0,-31.47303714717848,46.878456728437705,200.52273668161274,-62.54071517829086,42.68112183663404,10.735046505916477,65.14705151319498,276.9674153327941,0.003170715121138731,-0.053089533960459186
1767171632,118766602,767_1767171632-118766602.png,1202,-1202,0,0,0.01150811887254902,-0.01150811887254902,59.61,159.86,-49.0,-22.0,273.0,-60.0,36.0,-9.0,-33.27954982103116,35.58633914265966,207.78621512155422,-61.35754602093671,41.12789307316932,7.563676604693141,-20.063908278942158,195.94461679458607,0.003170715121138731,-0.053089533960459186
1767171632,152114014,768_1767171632-152114014.png,1202,-1202,0,0,0.01150811887254902,-0.01150811887254902,59.5,160.03,158.0,-24.0,92.0,-38.0,21.0,1.0,-18.642956052215148,23.021798195054096,206.19611726271063,-60.43815158999739,38.641289081796735,6.2876750121654785,118.76337265968317,245.21029210090626,0.003170715121138731,-0.053089533960459186
1767171632,218809326,769_1767171632-218809326.png,1202,-1202,0,0,0.01150811887254902,-0.01150811887254902,59.5,159.91,160.0,-73.0,173.0,-52.0,-22.0,0.0,16.61299090389675,9.250277283887034,190.8516763122656,-57.24979365400436,31.246703196723647,5.1472291585215455,117.75148910284037,213.52008509635914,0.003170715121138731,-0.07434373898682589
1767171632,252157715,770_1767171632-252157715.png,1202,-1202,0,0,0.01150811887254902,-0.01150811887254902,59.53,160.03,-37.0,95.0,165.0,-32.0,-5.0,-12.0,16.274855112487508,17.486956716505585,186.13704067101406,-53.28253685159491,23.15993360603546,2.370272597010529,36.05569148063655,209.41813468933094,0.003170715121138731,-0.08503066401721994
1767171632,285504883,771_1767171632-285504883.png,1202,-1202,0,0,0.01150811887254902,-0.01150811887254902,59.53,159.95,1.0,83.0,-140.0,9.0,38.0,-8.0,7.1173770064027,24.13293000070498,174.40745628329955,-45.91964028956249,23.17412598050693,1.7116364852773998,89.56746041774744,214.9604318141936,0.003170715121138731,-0.054313931742787966
1767171632,352200195,772_1767171632-352200195.png,1202,-1202,0,0,0.01150811887254902,-0.01150811887254902,59.47,159.75,-4.0,47.0,127.0,-15.0,-22.0,-29.0,4.871017687339558,33.44840321603694,135.58167567392917,-35.82696340198962,18.07168455321735,-3.7648172301670124,25.615471512079186,217.9010202884673,0.003170715121138731,-0.03713115509489033
1767171632,385548584,773_1767171632-385548584.png,1202,-1202,0,0,0.01150811887254902,-0.01150811887254902,59.55,159.78,-170.0,8.0,68.0,-38.0,-2.0,-26.0,-16.261412252280447,28.120706472377798,136.30216907644817,-37.356685996472514,9.693227071585456,-7.905366100177399,41.760021060705135,250.2510757446288,0.003170715121138731,-0.03713115509489033
1767171632,418895752,774_1767171632-418895752.png,1202,-1202,0,0,0.01150811887254902,-0.01150811887254902,59.54,159.75,-5.0,-124.0,221.0,-115.0,14.0,-26.0,-27.184161754390654,8.442092823530903,140.9182598385359,-46.63305450743772,9.272386547866487,-11.49830976225264,124.44646710157389,238.5926067829131,0.003170715121138731,-0.03713115509489033
