sec,nanosec,image,motor position #0,motor position #1,motor velocity #0,motor velocity #1,wire length #0,wire length #1,loadcell #0,loadcell #1,fx,fy,fz,tx,ty,tz,fx_kalman,fy_kalman,fz_kalman,tx_kalman,ty_kalman,tz_kalman,fx_estimated,fy_estimated,theta_desired,theta_actual,translation(m)(x),translation(m)(y),translation(m)(z),Rotation(rad)(x),Rotation(rad)(y),Rotation(rad)(z),Rotation(deg)(x),Rotation(deg)(y),Rotation(deg)(z),wire length #0_normalized,wire length #1_normalized,loadcell #0_normalized,loadcell #1_normalized,fx_normalized,fy_normalized,fz_normalized,tx_normalized,ty_normalized,tz_normalized
1767329003,761501953,1_1767329003-761501953.png,-195757,201226,0,0,-1.8742053462009804,1.9265663296568627,148.01,367.39,19.0,-16.0,-72.0,20.0,102.0,-11.0,-73.95580330276131,-17.129331379014094,-82.00187671069976,-10.980011561533525,19.81108096171486,4.889387550876493,-364.3866085708142,364.5490071773528,-0.5235987755982988,0.5304881766216774,,,,,,,,,,1.0,0.0,0.9034785383756182,0.03926396468018431,0.544892766266812,0.7886977886977887,0.2751191216076238,0.15552779512804496,0.6074821852731591,0.7323943661971831
1767329003,794859375,2_1767329003-794859375.png,-195757,201226,0,0,-1.8742053462009804,1.9265663296568627,148.01,367.39,19.0,-16.0,-72.0,20.0,102.0,-11.0,-71.06239318562635,-17.094178987000497,-81.69055100281665,-10.015705130990993,22.36935318800304,4.394802887398912,-364.40823334455496,364.5491504669188,-0.5235987755982988,0.5304881766216774,,,,,,,,,,1.0,0.0,0.9034785383756182,0.03926396468018431,0.544892766266812,0.7886977886977887,0.2751191216076238,0.15552779512804496,0.6074821852731591,0.7323943661971831
1767329003,828215820,3_1767329003-828215820.png,-195757,201226,0,0,-1.8742053462009804,1.9265663296568627,147.91,367.3,27.0,-50.0,-59.0,28.0,93.0,-1.0,-59.41126979171813,-21.0038304705675,-78.99461017350049,-5.498931095615642,30.761218353279755,3.753828176452226,-369.4400519430638,366.10240936279286,-0.5235987755982988,0.5213147940905402,,,,,,,,,,1.0,0.0,0.9033189723950852,0.039194498259480265,0.5478007997091966,0.7678132678132679,0.2778123057799876,0.1580262336039975,0.6021377672209026,0.7793427230046949
1767329003,861572998,4_1767329003-861572998.png,-195757,201227,0,50,-1.8742053462009804,1.92657590379902,147.95,367.64,-60.0,-21.0,-98.0,15.0,-13.0,24.0,-57.11109096107284,-21.79869556628822,-80.70428326726436,-2.144560001402714,27.268914314409397,6.028953903558653,-369.4875225424767,368.5695691108703,-0.5235987755982988,0.5213147940905402,,,,,,,,,,1.0,0.5000000000291038,0.9033827987872984,0.0394569269599179,0.5161759360232642,0.7856265356265356,0.26973275326289625,0.15396627108057465,0.5391923990498813,0.8967136150234741
1767329003,894929443,5_1767329003-894929443.png,-195757,201227,0,0,-1.8742053462009804,1.92657590379902,147.9,368.14,-151.0,93.0,-208.0,16.0,39.0,32.0,-70.84157660110186,-5.010324531819615,-99.32024151544636,0.5089336124235126,28.984489723653624,9.827007146842927,-369.5707746744157,368.5753006935119,-0.5235987755982988,0.5213147940905402,,,,,,,,,,1.0,0.5000000000291038,0.903303015797032,0.03984285151938502,0.4830970556161395,0.8556511056511057,0.2469442718044334,0.15427857589006871,0.5700712589073634,0.9342723004694835
1767329003,961643311,6_1767329003-961643311.png,-195757,201227,0,0,-1.8742053462009804,1.92657590379902,148.02,368.82,-137.0,-54.0,-162.0,-23.0,36.0,12.0,-82.70614935117256,-18.698836897473974,-142.49808860756073,2.444083262165112,37.12607696757157,12.025973783242208,-366.5585670769215,364.818248271942,-0.5235987755982988,0.5213147940905402,,,,,,,,,,1.0,0.5000000000291038,0.9034944949736715,0.04036770892026029,0.48818611414031254,0.7653562653562653,0.25647400041433605,0.14209868831980013,0.5682897862232779,0.8403755868544601
1767329003,995000488,7_1767329003-995000488.png,-195757,201227,0,0,-1.8742053462009804,1.92657590379902,147.89,368.79,-192.0,-55.0,-224.0,-32.0,65.0,7.0,-86.10810944373368,-19.828773371074387,-145.03497653289713,1.3719516098616211,37.99370102159202,11.869531658316198,-376.3803055286408,371.5623149871825,-0.5235987755982988,0.5213147940905402,,,,,,,,,,1.0,0.5000000000291038,0.9032870591989786,0.04034455344669227,0.46819338422391854,0.7647420147420148,0.24362958359229336,0.13928794503435354,0.5855106888361045,0.8169014084507042
1767329004,28356934,8_1767329004-28356934.png,-195757,201227,0,0,-1.8742053462009804,1.92657590379902,147.89,368.79,-192.0,-55.0,-224.0,-32.0,65.0,7.0,-95.69172005506512,-23.011900416628567,-152.18160535261066,-1.6483343430005473,40.43787169512189,11.428820901074062,-386.1443779170514,384.733778476715,-0.5235987755982988,0.5213147940905402,,,,,,,,,,1.0,0.5000000000291038,0.9032870591989786,0.04034455344669227,0.46819338422391854,0.7647420147420148,0.24362958359229336,0.13928794503435354,0.5855106888361045,0.8169014084507042
1767329004,61714111,9_1767329004-61714111.png,-195757,201227,0,0,-1.8742053462009804,1.92657590379902,147.89,368.86,-62.0,-70.0,-132.0,2.0,25.0,-24.0,-98.27389416247324,-23.826694204586477,-158.5061290470949,-3.87833832475854,46.775882085695216,8.777598062849327,-362.6057792305947,358.58314609527577,-0.5235987755982988,0.5213147940905402,,,,,,,,,,1.0,0.5000000000291038,0.9032870591989786,0.04039858288501766,0.515448927662668,0.7555282555282555,0.26268904081209865,0.14990630855715179,0.5617577197149644,0.6713615023474179
1767329004,95070557,10_1767329004-95070557.png,-195757,201227,0,0,-1.8742053462009804,1.92657590379902,147.83,369.07,-13.0,-118.0,-95.0,-2.0,-34.0,-24.0,-91.44392385865112,-32.07324582760337,-153.4781353147776,-3.143186302277299,41.754860271110914,3.9841422210096926,-362.6511068344117,358.4686577320098,-0.5235987755982988,0.5213147940905402,,,,,,,,,,1.0,0.5000000000291038,0.9031913196106589,0.04056067119999382,0.5332606324972736,0.726044226044226,0.2703542573026725,0.1486570893191755,0.5267220902612827,0.6713615023474179
1767329004,128427734,11_1767329004-128427734.png,-195757,201227,0,0,-1.8742053462009804,1.92657590379902,147.8,368.95,-16.0,61.0,-40.0,51.0,-2.0,-19.0,-76.13929237271562,-32.93504263884565,-136.88877543431747,1.8805068510826417,29.60878816656569,-1.1199835674415517,-381.0007339119912,379.3650050163268,-0.5235987755982988,0.5213147940905402,,,,,,,,,,1.0,0.5000000000291038,0.903143449816499,0.040468049305721704,0.5321701199563794,0.835995085995086,0.2817484980319039,0.16520924422236102,0.5457244655581948,0.6948356807511737
1767329004,161784180,12_1767329004-161784180.png,-195757,201227,0,0,-1.8742053462009804,1.92657590379902,147.83,369.05,70.0,236.0,-66.0,92.0,86.0,-15.0,-55.52827892158197,4.090824918903925,-123.233941381326,15.240515227699248,34.60184372516111,-3.73469242940584,-373.6276601552964,368.8409595489501,-0.5235987755982988,0.5213147940905402,,,,,,,,,,1.0,0.5000000000291038,0.9031913196106589,0.04054523421761516,0.5634314794620138,0.9434889434889435,0.27636212968717633,0.17801374141161774,0.597980997624703,0.7136150234741784
1767329004,195141357,13_1767329004-195141357.png,-195757,201227,0,0,-1.8742053462009804,1.92657590379902,147.78,368.93,20.0,267.0,-112.0,83.0,123.0,-6.0,-44.4828853840032,42.53914314982701,-121.59106926366968,25.14978611139969,47.529351646607765,-4.065975148383821,-376.328678816557,372.47120070457447,-0.5235987755982988,0.5213147940905402,,,,,,,,,,1.0,0.5000000000291038,0.9031115366203923,0.040452612323343046,0.5452562704471101,0.9625307125307125,0.2668324010772737,0.17520299812617113,0.6199524940617577,0.755868544600939
1767329004,228497559,14_1767329004-228497559.png,-195757,201227,0,0,-1.8742053462009804,1.92657590379902,147.75,368.85,-157.0,-117.0,-94.0,-8.0,7.0,7.0,-57.85142294188167,23.58375992275848,-118.3128813455718,21.2111483123561,42.71392279799856,-2.7511893498801805,-375.9180678725243,370.6240549087523,-0.5235987755982988,0.5243789634425233,,,,,,,,,,1.0,0.5000000000291038,0.9030636668262325,0.0403908643938283,0.4809160305343511,0.7266584766584767,0.27056142531593125,0.14678326046221113,0.5510688836104513,0.8169014084507042
1767329004,261854736,15_1767329004-261854736.png,-195757,201227,0,0,-1.8742053462009804,1.92657590379902,147.67,369.04,-178.0,-156.0,-20.0,-13.0,-29.0,-2.0,-78.05701405777026,-6.414868484007694,-103.28931839634312,15.431769975540332,31.27726090652789,-2.382199120406664,-363.4690817594529,361.68436217308033,-0.5235987755982988,0.5203261934599911,,,,,,,,,,1.0,0.5000000000291038,0.9029360140418061,0.040537515726425805,0.47328244274809156,0.7027027027027027,0.28589185829707897,0.1452217364147408,0.5296912114014252,0.7746478873239436
1767329004,328568359,16_1767329004-328568359.png,-195757,201227,0,0,-1.8742053462009804,1.92657590379902,147.82,369.25,42.0,109.0,335.0,-18.0,-101.0,11.0,-67.01245679071754,12.415408826687564,-34.014533220559606,6.196717402806756,5.183137770921187,-0.2925978291995671,-373.274520456791,368.3966186046599,-0.5235987755982988,0.5132364677832036,,,,,,,,,,1.0,0.5000000000291038,0.9031753630126056,0.04069960404140202,0.5532533624136677,0.8654791154791155,0.3594365030039362,0.14366021236727045,0.4869358669833729,0.8356807511737089
1767329004,361925293,17_1767329004-361925293.png,-195757,201227,0,0,-1.8742053462009804,1.92657590379902,147.85,368.96,-154.0,-90.0,-17.0,-14.0,54.0,20.0,-63.39927702187988,23.342123250720512,25.88125112684843,0.7532576897993559,-1.9809587247715543,2.92617992125906,-369.1001598536969,361.4403400421141,-0.5235987755982988,0.5133191007920814,,,,,,,,,,1.0,0.5000000000291038,0.9032232328067654,0.04047576779691106,0.4820065430752453,0.7432432432432432,0.2865133623368552,0.14490943160524672,0.578978622327791,0.8779342723004695
1767329004,395283203,18_1767329004-395283203.png,-195757,201227,0,0,-1.8742053462009804,1.92657590379902,147.85,368.96,-154.0,-90.0,-17.0,-14.0,54.0,20.0,-71.59897999786978,13.084238823590864,22.00033813938913,-0.5819670965835082,3.085526605208986,4.471424249441493,-380.3870579004288,375.8019666671752,-0.5235987755982988,0.523056549507015,,,,,,,,,,1.0,0.5000000000291038,0.9032232328067654,0.04047576779691106,0.4820065430752453,0.7432432432432432,0.2865133623368552,0.14490943160524672,0.578978622327791,0.8779342723004695
1767329004,428640137,19_1767329004-428640137.png,-195757,201227,0,0,-1.8742053462009804,1.92657590379902,147.87,369.22,-197.0,-176.0,-81.0,-30.0,0.0,31.0,-89.93785433360584,-14.567785813810298,6.937380456552949,-4.8841139898953765,2.634293555656943,8.351011648230461,-383.43660557270056,375.38742995262135,-0.5235987755982988,0.518499391389307,,,,,,,,,,1.0,0.5000000000291038,0.903255146002872,0.040676448567834006,0.4663758633224282,0.6904176904176904,0.27325460948829505,0.13991255465334165,0.5469121140142518,0.9295774647887324
1767329004,461998047,20_1767329004-461998047.png,-195757,201227,0,0,-1.8742053462009804,1.92657590379902,147.69,368.98,-170.0,-152.0,-131.0,-44.0,-42.0,12.0,-101.64628882959684,-34.666123974055594,-13.234834142262674,-10.604492644376014,-3.89310710318652,8.884646373327032,-365.6949398517609,363.8157944679259,-0.5235987755982988,0.5181093464202802,,,,,,,,,,1.0,0.5000000000291038,0.9029679272379127,0.040491204779289774,0.47619047619047616,0.7051597051597052,0.26289620882535736,0.13554028732042472,0.5219714964370546,0.8403755868544601
1767329004,495354980,21_1767329004-495354980.png,-195757,201227,0,0,-1.8742053462009804,1.92657590379902,147.71,368.91,-175.0,-177.0,-108.0,-39.0,-68.0,9.0,-112.37366960521614,-55.48129011954381,-27.09346518083564,-14.757103532911144,-13.268216275896458,8.90151589850068,-365.7462418675423,363.78584694862354,-0.5235987755982988,0.5318677595140338,,,,,,,,,,1.0,0.5000000000291038,0.9029998404340194,0.04043717534096439,0.47437295528898576,0.6898034398034398,0.2676610731303087,0.13710181136789507,0.5065320665083135,0.8262910798122065
1767329004,528712891,22_1767329004-528712891.png,-195757,201227,0,0,-1.8742053462009804,1.92657590379902,147.82,368.86,-53.0,-90.0,-45.0,2.0,14.0,3.0,-108.77233872604327,-61.02162428235643,-26.36238579886988,-13.84485626711184,-11.10623420252496,7.03149763079686,-365.7462418675423,363.78584694862354,-0.5235987755982988,0.5186405532144822,,,,,,,,,,1.0,0.5000000000291038,0.9031753630126056,0.04039858288501766,0.5187204652853508,0.7432432432432432,0.2807126579656101,0.14990630855715179,0.5552256532066508,0.7981220657276995
1767329004,562069824,23_1767329004-562069824.png,-195757,201227,0,0,-1.8742053462009804,1.92657590379902,147.85,368.64,-69.0,-58.0,-222.0,13.0,28.0,1.0,-99.59897158445536,-62.97365988524189,-51.09311229540436,-9.391690478634803,-4.457651658628949,5.993360422473929,-377.5937605500222,374.2760760784148,-0.5235987755982988,0.5265442427517133,,,,,,,,,,1.0,0.5000000000291038,0.9032232328067654,0.040228776078852085,0.5129043984005816,0.7628992628992629,0.24404391961881086,0.1533416614615865,0.5635391923990498,0.7887323943661971
1767329004,628784668,24_1767329004-628784668.png,-195757,201227,0,0,-1.8742053462009804,1.92657590379902,147.79,368.41,-70.0,-5.0,-254.0,36.0,14.0,1.0,-94.45720541475973,-54.36331240007757,-85.308385538907,-2.158474265227249,-0.8958186113468252,5.130425216496391,-378.01086542010313,372.14693641662586,-0.5235987755982988,0.5183550782484401,,,,,,,,,,1.0,0.5000000000291038,0.9031274932184457,0.040051250781497266,0.5125408942202835,0.7954545454545454,0.23741454319453079,0.16052467207995003,0.5552256532066508,0.7887323943661971
1767329004,662142578,25_1767329004-662142578.png,-195757,201227,0,0,-1.8742053462009804,1.92657590379902,147.84,368.52,-122.0,10.0,-219.0,-6.0,-2.0,9.0,-93.19433065957578,-44.91324741579305,-108.7471018566592,-2.041629808206278,-1.9788949385150825,4.906896156852577,-378.5712262988091,375.3593451976775,-0.5235987755982988,0.519620531792013,,,,,,,,,,1.0,0.5000000000291038,0.9032072762087122,0.04013615418457997,0.4936386768447837,0.8046683046683046,0.24466542365858712,0.14740787008119924,0.5457244655581948,0.8262910798122065
1767329004,695499512,26_1767329004-695499512.png,-195757,201227,0,0,-1.8742053462009804,1.92657590379902,147.86,368.58,-73.0,40.0,-155.0,-4.0,35.0,1.0,-94.40397971483888,-35.04409620565349,-120.94847372005052,-2.4979399287185893,0.2855482686328117,5.015202461968828,-363.2625749111176,358.2329463958739,-0.5235987755982988,0.5305495270060379,,,,,,,,,,1.0,0.5000000000291038,0.9032391894048188,0.040182465131716055,0.5114503816793893,0.8230958230958231,0.25792417650714733,0.14803247970018737,0.5676959619952494,0.7887323943661971
1767329004,728857422,27_1767329004-728857422.png,-195757,201227,0,0,-1.8742053462009804,1.92657590379902,148.02,368.67,0.0,-25.0,-111.0,-5.0,44.0,-2.0,-81.48054296635176,-27.86590610961913,-122.482094170179,-2.915008419052236,8.247910480735646,3.8614875183577775,-368.17406105995184,365.4470028877257,-0.5235987755982988,0.5305495270060379,,,,,,,,,,1.0,0.5000000000291038,0.9034944949736715,0.040251931552420156,0.5379861868411486,0.7831695331695332,0.26703956909053245,0.1477201748906933,0.5730403800475059,0.7746478873239436
1767329004,762214111,28_1767329004-762214111.png,-195757,201227,0,0,-1.8742053462009804,1.92657590379902,147.98,368.63,-148.0,-86.0,-22.0,13.0,42.0,17.0,-91.20846992739838,-36.36754224032578,-107.7874090874962,-0.5875685031390909,13.183877734046574,5.78288759433199,-355.06944817304617,348.5290904045104,-0.5235987755982988,0.5305495270060379,,,,,,,,,,1.0,0.5000000000291038,0.9034306685814583,0.040221057587662784,0.4841875681570338,0.7457002457002457,0.28547752227056145,0.1533416614615865,0.5718527315914489,0.863849765258216
1767329004,795572021,29_1767329004-795572021.png,-195757,201227,0,0,-1.8742053462009804,1.92657590379902,147.98,368.83,-85.0,-144.0,-115.0,-7.0,99.0,36.0,-90.47082069346057,-49.155717256346,-108.64436131945216,-1.3494510984729058,23.379980411396826,9.373084547608435,-357.9732721447945,354.77823495864857,-0.5235987755982988,0.5305495270060379,,,,,,,,,,1.0,0.5000000000291038,0.9034306685814583,0.04037542741144959,0.5070883315158123,0.7100737100737101,0.26621089703749745,0.1470955652717052,0.6057007125890737,0.9530516431924883
1767329004,828928955,30_1767329004-828928955.png,-195757,201227,0,0,-1.8742053462009804,1.92657590379902,147.88,369.04,-85.0,-21.0,-72.0,-57.0,84.0,40.0,-89.6707578773127,-48.41187399637428,-104.4648466297483,-8.116466190745422,32.65658972342003,13.742306803671347,-357.9732721447945,354.77823495864857,-0.5235987755982988,0.5305495270060379,,,,,,,,,,1.0,0.5000000000291038,0.9032711026009254,0.040537515726425805,0.5070883315158123,0.7856265356265356,0.2751191216076238,0.1314803247970019,0.5967933491686461,0.971830985915493
1767329004,862286621,31_1767329004-862286621.png,-195757,201227,0,0,-1.8742053462009804,1.92657590379902,147.9,369.05,-19.0,-117.0,-90.0,-85.0,95.0,38.0,-81.14601529674397,-55.80919495737264,-101.85576878706766,-18.592057866703463,41.47209094125116,17.344653102910378,-357.98749384284025,354.7862591743468,-0.5235987755982988,0.5305495270060379,,,,,,,,,,1.0,0.5000000000291038,0.903303015797032,0.04054523421761516,0.5310796074154852,0.7266584766584767,0.27139009736896624,0.12273579013116802,0.6033254156769596,0.9624413145539906
1767329004,895643555,32_1767329004-895643555.png,-195757,201227,0,0,-1.8742053462009804,1.92657590379902,147.91,369.35,-114.0,62.0,-262.0,33.0,90.0,38.0,-80.73106552654316,-28.081949560650408,-119.47136299545237,-7.97582003555744,41.07374818465595,22.04775679834652,-372.43329727649694,366.0459532737731,-0.5235987755982988,0.5305495270060379,,,,,,,,,,1.0,0.5000000000291038,0.9033189723950852,0.04077678895329542,0.49654671028716824,0.8366093366093366,0.23575719908846077,0.15958775765146782,0.600356294536817,0.9624413145539906
1767329004,929001465,33_1767329004-929001465.png,-195757,201227,0,0,-1.8742053462009804,1.92657590379902,148.04,369.34,-69.0,123.0,-260.0,-12.0,110.0,36.0,-83.7226809063096,-8.775940204394153,-143.98009786197446,-3.652327459415576,50.75470480228731,24.681998895112123,-372.43329727649694,366.0459532737731,-0.5235987755982988,0.5305495270060379,,,,,,,,,,1.0,0.5000000000291038,0.903526408169778,0.040769070462106066,0.5129043984005816,0.874078624078624,0.23617153511497826,0.14553404122423486,0.6122327790973872,0.9530516431924883
1767329004,962358154,34_1767329004-962358154.png,-195757,201227,0,0,-1.8742053462009804,1.92657590379902,148.09,369.45,-134.0,32.0,-190.0,-51.0,109.0,19.0,-88.90122736769814,3.185103456106678,-155.71331851319206,-9.72866466164992,60.8744575860711,24.618109249837456,-363.1693221330643,357.4302382469176,-0.5235987755982988,0.5305495270060379,,,,,,,,,,1.0,0.5000000000291038,0.9036061911600446,0.040853973865188825,0.4892766266812068,0.8181818181818182,0.25067329604309097,0.13335415365396627,0.6116389548693587,0.8732394366197183
1767329004,995716064,35_1767329004-995716064.png,-195757,201227,0,0,-1.8742053462009804,1.92657590379902,148.05,369.39,-7.0,-13.0,-65.0,-8.0,4.0,1.0,-80.40725631945736,2.052444940897923,-145.87579423649612,-10.655285259691228,55.43702101971378,21.6578660280065,-363.04957413673407,357.4073119163512,-0.5235987755982988,0.5305495270060379,,,,,,,,,,1.0,0.5000000000291038,0.9035423647678313,0.040807662918052795,0.5354416575790621,0.7905405405405406,0.2765692977004351,0.14678326046221113,0.5492874109263658,0.7887323943661971
1767329005,62430420,36_1767329005-62430420.png,-195757,201227,0,0,-1.8742053462009804,1.92657590379902,147.92,369.25,-12.0,-40.0,22.0,-4.0,-34.0,-4.0,-70.26611185283883,-3.35681310267599,-123.71160710619834,-9.791718011212788,43.39986900869033,18.04275509832541,-374.6564928591252,370.2211246490477,-0.5235987755982988,0.5305495270060379,,,,,,,,,,1.0,0.5000000000291038,0.9033349289931385,0.04069960404140202,0.5336241366775718,0.773955773955774,0.29459291485394656,0.14803247970018737,0.5267220902612827,0.7652582159624413
1767329005,95787354,37_1767329005-95787354.png,-195757,201227,0,0,-1.8742053462009804,1.92657590379902,148.04,369.36,-42.0,-23.0,-54.0,17.0,-24.0,0.0,-51.86774894171688,-13.289367050973032,-77.98156542252303,-4.318826080665508,16.833267487810037,13.872336894157344,-363.1469830274583,359.797238588333,-0.5235987755982988,0.5392804162654302,,,,,,,,,,1.0,0.5000000000291038,0.903526408169778,0.04078450744448478,0.5227190112686295,0.7843980343980343,0.27884814584628137,0.15459088069956278,0.5326603325415676,0.784037558685446
1767329005,129145020,38_1767329005-129145020.png,-195757,201227,0,0,-1.8742053462009804,1.92657590379902,148.04,369.36,-42.0,-23.0,-54.0,17.0,-24.0,0.0,-51.26300804163037,-13.88447916262984,-76.5118651347716,-3.0123106687962604,14.330817630208037,13.022176482778203,-375.6812993288041,371.7616307735442,-0.5235987755982988,0.5351310283544761,,,,,,,,,,1.0,0.5000000000291038,0.903526408169778,0.04078450744448478,0.5227190112686295,0.7843980343980343,0.27884814584628137,0.15459088069956278,0.5326603325415676,0.784037558685446
1767329005,162501709,39_1767329005-162501709.png,-195757,201227,0,0,-1.8742053462009804,1.92657590379902,148.11,368.83,-44.0,78.0,23.0,53.0,-95.0,-3.0,-50.29121981220877,7.237199922415742,-65.83230090875513,3.833746372147005,1.9543761357297096,11.670177566380191,-375.6080478429795,371.8365712165832,-0.5235987755982988,0.520623396637021,,,,,,,,,,1.0,0.5000000000291038,0.9036381043561512,0.04037542741144959,0.5219920029080334,0.8464373464373465,0.2948000828672053,0.16583385384134916,0.4904988123515439,0.7699530516431925
1767329005,229216309,40_1767329005-229216309.png,-195757,201227,0,0,-1.8742053462009804,1.92657590379902,147.98,368.84,18.0,160.0,212.0,26.0,-108.0,0.0,-41.51863956548018,32.79609839666969,-23.52165550441177,11.61494077679512,-21.26048220020725,8.747684484987408,-369.2090629935265,365.7651057243346,-0.5235987755982988,0.5244209238136819,,,,,,,,,,1.0,0.5000000000291038,0.9034306685814583,0.040383145902638945,0.544529262086514,0.8968058968058968,0.3339548373731096,0.15740162398500937,0.4827790973871734,0.784037558685446
1767329005,262573975,41_1767329005-262573975.png,-195757,201227,0,0,-1.8742053462009804,1.92657590379902,148.07,368.52,136.0,133.0,240.0,25.0,-37.0,-3.0,-15.557989299741791,47.45010008997905,15.016232982926253,13.572396298820136,-23.56225804725042,7.029681636985048,-381.0006040334702,376.4421844482421,-0.5235987755982988,0.5257418084091912,,,,,,,,,,1.0,0.5000000000291038,0.903574277963938,0.04013615418457997,0.5874227553616866,0.8802211302211302,0.3397555417443547,0.1570893191755153,0.5249406175771971,0.7699530516431925
1767329005,295930664,42_1767329005-295930664.png,-195757,201227,0,0,-1.8742053462009804,1.92657590379902,147.94,368.17,136.0,144.0,-389.0,-6.0,14.0,-7.0,11.90894422088468,71.78676754687883,-6.913297593110549,9.481513757844176,-11.970046348835536,3.8966717936934407,-360.7811158895493,356.72611331939686,-0.5235987755982988,0.5289504872865475,,,,,,,,,,1.0,0.5000000000291038,0.9033668421892451,0.039866006992953035,0.5874227553616866,0.8869778869778869,0.20944686140459914,0.14740787008119924,0.5552256532066508,0.7511737089201878
1767329005,329288574,43_1767329005-329288574.png,-195757,201228,0,50,-1.8742053462009804,1.9265854779411764,147.76,367.89,271.0,92.0,-313.0,-22.0,60.0,-6.0,45.57193246767767,79.56021384488923,-66.06591134417641,5.3579927080413485,-3.3188217544856995,2.104050544738061,-362.2807582318784,361.00989818572987,-0.5235987755982988,0.5194011816147627,,,,,,,,,,1.0,1.0,0.9030796234242858,0.03964988923965143,0.6364958197019265,0.855036855036855,0.22519163041226437,0.1424109931292942,0.582541567695962,0.755868544600939
1767329005,362644775,44_1767329005-362644775.png,-195757,201228,0,0,-1.8742053462009804,1.9265854779411764,147.18,367.89,94.0,-50.0,-166.0,37.0,66.0,8.0,62.519785594038005,68.52790186382565,-88.87395607139825,6.696829670904935,6.484060808061058,2.185951541988816,-372.2894568145276,368.8306427001952,-0.5235987755982988,0.5311673633827317,,,,,,,,,,1.0,1.0,0.9021541407371947,0.03964988923965143,0.5721555797891675,0.7678132678132679,0.25564532836130105,0.1608369768894441,0.586104513064133,0.8215962441314554
1767329005,396002197,45_1767329005-396002197.png,-195757,201228,0,0,-1.8742053462009804,1.9265854779411764,146.37,367.59,-4.0,6.0,-170.0,50.0,-26.0,3.0,56.31637666577463,54.69787023195925,-102.6778645994147,13.478292131062524,5.838568686932048,2.596648354517756,-371.618309557438,368.3408789634704,-0.5235987755982988,0.5118738966367403,,,,,,,,,,1.0,1.0,0.9008616562948778,0.03941833450397117,0.5365321701199564,0.8022113022113022,0.254816656308266,0.16489693941286696,0.5314726840855106,0.7981220657276995
1767329005,429358398,46_1767329005-429358398.png,-195757,201227,0,0,-1.8742053462009804,1.92657590379902,145.34,367.27,-115.0,80.0,-201.0,41.0,-52.0,5.0,35.961700636689415,57.70410153510606,-114.359848841185,16.74823898811196,-1.03342656840358,2.8821986625493,-371.89637947082525,368.9042935371398,-0.5235987755982988,0.5202558448962668,,,,,,,,,,1.0,0.5000000000291038,0.8992181266953885,0.039171342785912194,0.49618320610687017,0.8476658476658476,0.24839444789724469,0.16208619612742037,0.5160332541567696,0.8075117370892019
1767329005,496071777,47_1767329005-496071777.png,-195757,201227,0,0,-1.8742053462009804,1.92657590379902,144.16,367.5,-222.0,212.0,-227.0,-9.0,-15.0,20.0,-5.7748517112011335,80.86112250311666,-133.13498637316516,13.627252723290344,-4.430345161368336,5.441817146970096,-351.76676726341253,350.9568455219268,-0.5235987755982988,0.524818686609471,,,,,,,,,,1.0,0.5000000000291038,0.8973352481250996,0.03934886808326707,0.4572882588149763,0.9287469287469288,0.2430080795525171,0.14647095565271706,0.5380047505938242,0.8779342723004695
1767329005,529429199,48_1767329005-529429199.png,-195757,201227,0,0,-1.8742053462009804,1.92657590379902,141.89,367.77,-79.0,80.0,-97.0,-10.0,44.0,17.0,-33.59771160918292,92.08856436732562,-130.90541343219408,8.205689664787364,-2.0835059696773777,7.662326048998967,-351.2111469507218,350.24741888046253,-0.5235987755982988,0.5261079236746674,,,,,,,,,,1.0,0.5000000000291038,0.8937131003670016,0.039557267345379316,0.5092693565976009,0.8476658476658476,0.26993992127615496,0.146158650843223,0.5730403800475059,0.863849765258216
1767329005,562785400,49_1767329005-562785400.png,-195757,201227,0,0,-1.8742053462009804,1.92657590379902,140.24,367.61,61.0,19.0,-116.0,5.0,58.0,5.0,-28.77345581324169,84.47873339308583,-126.76556842566336,6.417001491080899,7.147537640358312,8.189985723135223,-364.3290723860264,361.905028104782,-0.5235987755982988,0.5151601451987913,,,,,,,,,,1.0,0.5000000000291038,0.891080261688208,0.03943377148634988,0.5601599418393312,0.8101965601965602,0.2660037290242387,0.150843222985634,0.581353919239905,0.8075117370892019
1767329005,596142578,50_1767329005-596142578.png,-195757,201227,0,0,-1.8742053462009804,1.92657590379902,139.2,367.67,39.0,21.0,-55.0,-29.0,21.0,5.0,-15.873013105679156,73.40055283936556,-117.657484716474,2.1324656384459395,11.539588885811906,7.638703469471014,-366.9693728387357,362.41958093643177,-0.5235987755982988,0.5341590882444955,,,,,,,,,,1.0,0.5000000000291038,0.8894207754906652,0.039480082433485914,0.5521628498727735,0.8114250614250614,0.2786409778330226,0.14022485946283572,0.5593824228028503,0.8075117370892019
1767329005,629498779,51_1767329005-629498779.png,-195757,201227,0,0,-1.8742053462009804,1.92657590379902,136.72,367.7,33.0,9.0,17.0,-46.0,33.0,1.0,-10.066245721892464,65.74890613371146,-101.6583751763357,-3.5863148051949203,14.08937264952342,6.849936738559629,-356.64955025911337,353.0139105319976,-0.5235987755982988,0.5234950737874765,,,,,,,,,,1.0,0.5000000000291038,0.8854635391734481,0.03950323790705393,0.549981824790985,0.8040540540540541,0.2935570747876528,0.13491567770143661,0.5665083135391924,0.7887323943661971
1767329005,662855957,52_1767329005-662855957.png,-195757,201227,0,0,-1.8742053462009804,1.92657590379902,131.06,367.78,-34.0,-3.0,54.0,-13.0,16.0,14.0,-10.384596656797928,48.47920628265698,-53.358716532613016,-10.838688442612364,14.175440932068444,7.242606505574746,-356.65338167548185,352.88967847824085,-0.5235987755982988,0.5222091607933169,,,,,,,,,,1.0,0.5000000000291038,0.8764321046752831,0.03956498583656867,0.5256270447110142,0.7966830466830467,0.30122229127822664,0.1452217364147408,0.5564133016627079,0.8497652582159625
1767329005,696212158,53_1767329005-696212158.png,-195757,201227,0,0,-1.8742053462009804,1.92657590379902,127.97,367.84,-71.0,8.0,-34.0,-6.0,32.0,12.0,-18.23425108485373,42.25774014631993,-48.11395817896729,-10.323069005332826,16.343281702795707,7.993193339569209,-354.74501162767416,350.8847708702086,-0.5235987755982988,0.5162962888555102,,,,,,,,,,1.0,0.5000000000291038,0.8715015158768149,0.0396112967837047,0.5121773900399854,0.8034398034398035,0.2829915061114564,0.14740787008119924,0.5659144893111638,0.8403755868544601
1767329005,729569336,54_1767329005-729569336.png,-195757,201227,0,0,-1.8742053462009804,1.92657590379902,127.97,367.79,-129.0,99.0,-85.0,-30.0,40.0,28.0,-32.84198608936755,48.05984228126332,-52.109389006001024,-12.542376370946569,19.58345575838781,10.48016998628557,-356.6540960073472,354.56989192962635,-0.5235987755982988,0.5339180133925989,,,,,,,,,,1.0,0.5000000000291038,0.8715015158768149,0.03957270432775803,0.49109414758269715,0.8593366093366094,0.27242593743526,0.13991255465334165,0.5706650831353919,0.9154929577464789
1767329005,762925537,55_1767329005-762925537.png,-195757,201227,0,0,-1.8742053462009804,1.92657590379902,108.37,367.87,-172.0,58.0,-73.0,-50.0,35.0,21.0,-52.01328467791868,50.63807587378628,-55.49361162673775,-17.47167855211212,21.97514165010585,12.210608355783643,-344.8661915659905,340.19049739837635,-0.5235987755982988,0.5259975754609651,,,,,,,,,,1.0,0.5000000000291038,0.8402265836923567,0.03963445225727277,0.47546346782988,0.8341523341523341,0.27491195359436504,0.13366645846346034,0.5676959619952494,0.8826291079812206
1767329005,829638672,56_1767329005-829638672.png,-195757,201227,0,0,-1.8742053462009804,1.92657590379902,41.88,367.55,-105.0,41.0,39.0,-16.0,-74.0,16.0,-56.35990695758929,22.833740500655097,-35.24302000037988,-16.062039782944694,3.885533320539549,12.830568528093217,-317.9841950535775,315.84746289253223,-0.5235987755982988,0.5196829763462546,,,,,,,,,,1.0,0.5000000000291038,0.7341311632359979,0.0393874605392138,0.4998182479098509,0.8237100737100738,0.29811477107934536,0.14428482198625858,0.5029691211401425,0.8591549295774648
1767329005,862995850,57_1767329005-862995850.png,-195757,201227,0,0,-1.8742053462009804,1.92657590379902,41.88,367.55,-105.0,41.0,39.0,-16.0,-74.0,16.0,-57.87391396206769,23.399196740699686,-32.93207762170892,-16.06010868742124,1.4612114161382608,12.92922256324272,-260.5046373009682,262.52525997161854,-0.5235987755982988,0.5233143539884219,,,,,,,,,,1.0,0.5000000000291038,0.7341311632359979,0.0393874605392138,0.4998182479098509,0.8237100737100738,0.29811477107934536,0.14428482198625858,0.5029691211401425,0.8591549295774648
1767329005,896352051,58_1767329005-896352051.png,-195757,201227,0,0,-1.8742053462009804,1.92657590379902,27.38,367.4,-122.0,48.0,20.0,-30.0,-21.0,14.0,-65.49295034212044,26.322101077949537,-26.64303910416992,-17.71635415017557,-1.2074808040353495,13.056445238906528,-260.5046373009682,262.52525997161854,-0.5235987755982988,0.5271083211439365,,,,,,,,,,1.0,0.5000000000291038,0.7109940960587202,0.03927168317137367,0.4936386768447837,0.828009828009828,0.29417857882742904,0.13991255465334165,0.5344418052256532,0.8497652582159625
1767329005,929708984,59_1767329005-929708984.png,-195757,201227,0,0,-1.8742053462009804,1.92657590379902,9.39,366.72,27.0,-37.0,21.0,-17.0,15.0,11.0,-53.46827011387901,17.63784494336389,-18.436109252703087,-17.938027406590784,0.63675055917599,12.780781613191293,-181.4280998110772,187.9236967563628,-0.5235987755982988,0.5232826827375116,,,,,,,,,,1.0,0.5000000000291038,0.6822881761608424,0.0387468257704984,0.5478007997091966,0.7757985257985258,0.2943857468406878,0.14397251717676451,0.5558194774346793,0.8356807511737089
1767329005,963065186,60_1767329005-963065186.png,-195757,201227,0,0,-1.8742053462009804,1.92657590379902,-15.32,365.57,37.0,-82.0,-18.0,-28.0,33.0,6.0,-40.238024961473776,3.0666244104777465,-18.37233183859722,-19.409508666926765,5.369611301307675,11.789147718185715,-138.94516029953962,146.3579728603362,-0.5235987755982988,0.5289168987135198,,,,,,,,,,1.0,0.5000000000291038,0.6428594223711503,0.03785919928372403,0.5514358415121774,0.7481572481572482,0.28630619432359644,0.1405371642723298,0.5665083135391924,0.812206572769953
1767329005,996422119,61_1767329005-996422119.png,-195757,201227,0,0,-1.8742053462009804,1.92657590379902,-62.07,364.66,227.0,-161.0,204.0,-76.0,200.0,9.0,2.119497840025895,-23.30314263875332,-0.9128078278761144,-29.07774889519548,35.882064742791094,11.864796605445486,-119.17420762777331,118.9559926986693,-0.5235987755982988,0.5233464231736609,,,,,,,,,,1.0,0.5000000000291038,0.568262326471996,0.037156816585493885,0.6205016357688113,0.6996314496314496,0.3322974932670396,0.12554653341661462,0.6656769596199525,0.8262910798122065
1767329006,63135254,62_1767329006-63135254.png,-195757,201227,0,0,-1.8742053462009804,1.92657590379902,-82.75,365.7,-37.0,46.0,-2.0,-85.0,203.0,21.0,67.66233740332596,-34.70506344091265,61.1078779627228,-33.428758779116905,84.86948767215591,7.248963616265525,-113.38636615872387,112.47142338752734,-0.5235987755982988,0.5132337405243187,,,,,,,,,,1.0,0.5000000000291038,0.535264081697782,0.0379595396691855,0.5245365321701199,0.8267813267813268,0.2896208825357365,0.12273579013116802,0.667458432304038,0.8826291079812206
1767329006,96491211,63_1767329006-96491211.png,-195757,201227,0,0,-1.8742053462009804,1.92657590379902,-82.75,365.7,-37.0,46.0,-2.0,-85.0,203.0,21.0,64.40454116935182,-32.19297878597837,59.14353613488087,-35.03400283919678,88.54650413984716,7.676988402025259,-107.55059951543812,106.79558038711536,-0.5235987755982988,0.5132337405243187,,,,,,,,,,1.0,0.5000000000291038,0.535264081697782,0.0379595396691855,0.5245365321701199,0.8267813267813268,0.2896208825357365,0.12273579013116802,0.667458432304038,0.8826291079812206
1767329006,129848389,64_1767329006-129848389.png,-195757,201227,0,0,-1.8742053462009804,1.92657590379902,-99.01,366.56,-40.0,44.0,9.0,-69.0,249.0,16.0,49.21851564206477,-20.995521410266665,51.50874073937172,-40.44010765870878,110.74980755339882,9.031303116492124,-96.46968880295758,98.34507822990405,-0.5235987755982988,0.5132337405243187,,,,,,,,,,1.0,0.5000000000291038,0.5093186532631242,0.03862332991146891,0.5234460196292257,0.8255528255528255,0.29189973068158276,0.12773266708307307,0.6947743467933492,0.8591549295774648
1767329006,196561279,65_1767329006-196561279.png,-195757,201227,0,0,-1.8742053462009804,1.92657590379902,-75.27,368.45,91.0,-33.0,50.0,-38.0,135.0,19.0,36.07870579937457,29.334105325363524,46.251505727635866,-29.194432235917635,129.46164012293443,11.742514452581718,-102.67067384719851,100.252405643463,-0.5235987755982988,0.5132337405243187,,,,,,,,,,1.0,0.5000000000291038,0.5471996170416467,0.04008212474625458,0.5710650672482733,0.7782555282555282,0.30039361922519164,0.13741411617738913,0.6270783847980997,0.8732394366197183
1767329006,229917236,66_1767329006-229917236.png,-195757,201227,0,0,-1.8742053462009804,1.92657590379902,-75.27,368.45,91.0,-33.0,50.0,-38.0,135.0,19.0,37.78822605136636,27.39384850886839,46.368184093766,-29.46852075917777,129.6340311510496,11.968416239901726,-110.94614356756216,106.54396390914904,-0.5235987755982988,0.5132337405243187,,,,,,,,,,1.0,0.5000000000291038,0.5471996170416467,0.04008212474625458,0.5710650672482733,0.7782555282555282,0.30039361922519164,0.13741411617738913,0.6270783847980997,0.8732394366197183
1767329006,263274170,67_1767329006-263274170.png,-195757,201227,0,0,-1.8742053462009804,1.92657590379902,-49.84,369.16,185.0,-183.0,22.0,-100.0,224.0,15.0,58.152556787252784,-0.8652121226166232,43.66904754823806,-38.30933030445647,141.13574917145138,12.708336644656114,-170.7879967987538,174.2997248172759,-0.5235987755982988,0.5132337405243187,,,,,,,,,,1.0,0.5000000000291038,0.5877772458911759,0.04063013762069792,0.6052344601962922,0.6861179361179361,0.29459291485394656,0.11805121798875703,0.6799287410926366,0.8544600938967136
1767329006,296630127,68_1767329006-296630127.png,-195757,201227,0,0,-1.8742053462009804,1.92657590379902,-19.2,369.56,160.0,-251.0,-102.0,-89.0,246.0,7.0,73.73262444938923,-35.5802455060601,25.76726856813644,-46.02413951176463,155.86786278479912,12.092966722637412,-238.0712398886681,239.74809384346,-0.5235987755982988,0.5132337405243187,,,,,,,,,,1.0,0.5000000000291038,0.6366682623264719,0.04093887726827164,0.5961468556888404,0.6443488943488944,0.2689040812098612,0.12148657089319176,0.6929928741092637,0.8169014084507042
1767329006,329987061,69_1767329006-329987061.png,-195757,201227,0,0,-1.8742053462009804,1.92657590379902,52.84,366.54,-127.0,18.0,94.0,-9.0,-10.0,-6.0,48.40192435333944,-42.5742835469,19.77017001539801,-43.855172333069525,142.79613452438844,8.835071809563004,-301.9254952073098,303.621567249298,-0.5235987755982988,0.5132337405243187,,,,,,,,,,1.0,0.5000000000291038,0.7516195947024094,0.038607892929090254,0.4918211559432933,0.8095823095823096,0.30950901180857676,0.14647095565271706,0.5409738717339667,0.755868544600939
1767329006,363343018,70_1767329006-363343018.png,-195757,201227,0,0,-1.8742053462009804,1.92657590379902,89.19,362.23,-236.0,97.0,-111.0,-42.0,79.0,11.0,16.070806609064334,-28.87430739589097,18.062336055316223,-40.78027954255989,125.90527665309676,7.707401744263444,-332.16679966449743,329.8842520713805,-0.5235987755982988,0.5132337405243187,,,,,,,,,,1.0,0.5000000000291038,0.8096218286261367,0.03528122322648372,0.4521992002908033,0.8581081081081081,0.26703956909053245,0.13616489693941286,0.5938242280285035,0.8356807511737089
1767329006,430056152,71_1767329006-430056152.png,-195757,201227,0,0,-1.8742053462009804,1.92657590379902,148.48,348.47,-292.0,-175.0,-291.0,-69.0,-60.0,38.0,-81.51874920712199,-42.19200965488662,-64.43864418922544,-47.595047190403065,78.59962965217754,15.047850493057656,-372.69734030962,380.0976445674895,-0.5235987755982988,0.5216202315820704,,,,,,,,,,1.0,0.5000000000291038,0.904228498484123,0.024660579349948725,0.4318429661941112,0.691031941031941,0.22974932670395692,0.12773266708307307,0.5112826603325415,0.9624413145539906
1767329006,463412842,72_1767329006-463412842.png,-195757,201227,0,0,-1.8742053462009804,1.92657590379902,148.47,341.2,-238.0,-173.0,-288.0,-51.0,-123.0,28.0,-86.38949872570097,-46.26363454778237,-71.39737797152057,-47.70103223445208,72.32449257282377,15.45100854334066,-371.4856386482716,384.2016010284423,-0.5235987755982988,0.5119618881404319,,,,,,,,,,1.0,0.5000000000291038,0.9042125418860698,0.019049236255296836,0.45147219193020716,0.6922604422604423,0.23037083074373318,0.13335415365396627,0.4738717339667458,0.9154929577464789
1767329006,496768799,73_1767329006-496768799.png,-195757,201227,0,0,-1.8742053462009804,1.92657590379902,148.68,330.52,-122.0,-48.0,-244.0,20.0,-1.0,-10.0,-104.950594913159,-60.90695109226871,-101.70416517383067,-45.973481536032935,47.55734278567,16.103380277604476,-380.27081662416464,403.0169539451598,-0.5235987755982988,0.5119618881404319,,,,,,,,,,1.0,0.5000000000291038,0.9045476304451889,0.010805887665079256,0.4936386768447837,0.769041769041769,0.2394862233271183,0.15552779512804496,0.5463182897862233,0.7370892018779343
1767329006,530125732,74_1767329006-530125732.png,-195757,201227,0,0,-1.8742053462009804,1.92657590379902,148.92,323.93,-143.0,-24.0,-326.0,26.0,-20.0,-3.0,-111.25639030746682,-55.17059598979109,-143.25142103731002,-30.51486034936145,34.44683110324174,11.100704132461932,-363.51401972770697,398.039647579193,-0.5235987755982988,0.5119618881404319,,,,,,,,,,1.0,0.5000000000291038,0.904930588798468,0.00571940197130269,0.48600508905852413,0.7837837837837838,0.22249844623990056,0.15740162398500937,0.5350356294536817,0.7699530516431925
1767329006,563481689,75_1767329006-563481689.png,-195757,201227,0,0,-1.8742053462009804,1.92657590379902,148.95,318.64,-191.0,12.0,-264.0,45.0,-31.0,-8.0,-119.3721343786642,-48.20897831539485,-157.59796661335233,-21.542685314445823,26.67087255121337,8.831285107203366,-348.99132820963865,385.6852211952208,-0.5235987755982988,0.5119618881404319,,,,,,,,,,1.0,0.5000000000291038,0.9049784585926279,0.001636320132140573,0.4685568884042166,0.8058968058968059,0.23534286306194324,0.16333541536539664,0.5285035629453682,0.7464788732394366
1767329006,596838623,76_1767329006-596838623.png,-195757,201227,0,0,-1.8742053462009804,1.92657590379902,148.97,316.61,-159.0,63.0,-98.0,-21.0,-28.0,9.0,-126.04509651070664,-33.34442543010476,-153.4353750239352,-19.653043819936435,18.593418865355943,8.389674502055383,-348.1777042150498,386.5479676723479,-0.5235987755982988,0.5119618881404319,,,,,,,,,,1.0,0.5000000000291038,0.9050103717887346,6.94664207041007e-05,0.480189022173755,0.8372235872235873,0.26973275326289625,0.14272329793878827,0.5302850356294537,0.8262910798122065
1767329006,663551270,77_1767329006-663551270.png,-195757,201227,0,0,-1.8742053462009804,1.92657590379902,149.48,318.82,-45.0,16.0,75.0,-12.0,-173.0,14.0,-102.706788248751,-10.04806958698461,-85.72074581882968,-17.699558986739003,-36.10881125689046,7.812737657131303,-363.3945314884186,397.9261622428893,-0.5235987755982988,0.5119618881404319,,,,,,,,,,1.0,0.5000000000291038,0.9058241582894525,0.0017752529735487466,0.5216284987277353,0.8083538083538083,0.3055728195566605,0.14553404122423486,0.44418052256532065,0.8497652582159625
1767329006,696906982,78_1767329006-696906982.png,-195757,201227,0,0,-1.8742053462009804,1.92657590379902,149.37,318.82,2.0,70.0,46.0,-26.0,-88.0,30.0,-99.44760840534852,-7.556435001828752,-81.62070983347616,-17.95792456641377,-37.72401423685345,8.50335456380567,-363.7111753225327,397.8602490425109,-0.5235987755982988,0.5119618881404319,,,,,,,,,,1.0,0.5000000000291038,0.9056486357108663,0.0017752529735487466,0.5387131952017448,0.8415233415233415,0.29956494717215665,0.14116177389131793,0.49465558194774345,0.9248826291079812
1767329006,730263916,79_1767329006-730263916.png,-195757,201227,0,0,-1.8742053462009804,1.92657590379902,149.35,319.64,-89.0,-123.0,61.0,43.0,-42.0,13.0,-90.22680854073867,-4.349152338505743,-65.99076229232136,-16.765686334671642,-42.26564398665813,10.528289052990916,-365.3044600784779,397.1283259391784,-0.5235987755982988,0.5119618881404319,,,,,,,,,,1.0,0.5000000000291038,0.9056167225147597,0.0024081692510747876,0.5056343147946201,0.722972972972973,0.3026724673710379,0.1627108057464085,0.5219714964370546,0.8450704225352113
1767329006,763619629,80_1767329006-763619629.png,-195757,201227,0,0,-1.8742053462009804,1.92657590379902,149.49,320.2,-66.0,-177.0,124.0,34.0,-27.0,7.0,-88.60525029145492,-28.163347347157856,-40.183730935989615,-6.988749258251236,-41.30046753849093,10.587734043659491,-365.637923181057,397.0751655101775,-0.5235987755982988,0.5119618881404319,,,,,,,,,,1.0,0.5000000000291038,0.9058401148875058,0.0028404047576779667,0.5139949109414758,0.6898034398034398,0.31572405220633937,0.1599000624609619,0.5308788598574822,0.8169014084507042
1767329006,796976318,81_1767329006-796976318.png,-195757,201227,0,0,-1.8742053462009804,1.92657590379902,149.55,320.4,3.0,-186.0,202.0,8.0,-64.0,-9.0,-81.07078080353608,-50.48105269659547,-11.393004437452468,-2.587878873149722,-41.47667068143687,9.082503898400503,-364.34822946786886,396.48266315460194,-0.5235987755982988,0.5119618881404319,,,,,,,,,,1.0,0.5000000000291038,0.9059358544758256,0.0029947745814647986,0.5390766993820428,0.6842751842751843,0.3318831572405221,0.15178013741411617,0.5089073634204275,0.7417840375586855
1767329006,830332275,82_1767329006-830332275.png,-195757,201227,0,0,-1.8742053462009804,1.92657590379902,149.5,320.6,74.0,-30.0,-43.0,-18.0,-11.0,-3.0,-64.42491063488045,-60.73919593070568,4.79925515013398,-2.632887330819234,-41.522440510382864,6.805792993281031,-362.3596594333649,394.4814810752868,-0.5235987755982988,0.5136608248421577,,,,,,,,,,1.0,0.5000000000291038,0.9058560714855591,0.003149144405251686,0.564885496183206,0.7800982800982801,0.28112699399212765,0.14366021236727045,0.5403800475059383,0.7699530516431925
1767329006,863688965,83_1767329006-863688965.png,-195757,201227,0,0,-1.8742053462009804,1.92657590379902,149.5,320.59,49.0,-16.0,-199.0,-16.0,6.0,-6.0,-45.71351336014068,-55.3858555499974,-11.751390556957066,-4.757632800725203,-36.01694508306555,5.187922150438522,-362.3596594333649,394.4814810752868,-0.5235987755982988,0.5329489292386322,,,,,,,,,,1.0,0.5000000000291038,0.9058560714855591,0.0031414259140623013,0.5557978916757542,0.7886977886977887,0.24880878392376218,0.14428482198625858,0.5504750593824228,0.755868544600939
1767329006,897044678,84_1767329006-897044678.png,-195757,201227,0,0,-1.8742053462009804,1.92657590379902,149.7,320.9,-92.0,99.0,-172.0,35.0,-59.0,-16.0,-46.098138081399,-34.91579124583578,-40.90308392842843,-0.6410177902876191,-36.4785916040118,2.0663306018066594,-362.3596594333649,394.4814810752868,-0.5235987755982988,0.5217873515421616,,,,,,,,,,1.0,0.5000000000291038,0.906175203446625,0.00338069914093192,0.5045438022537259,0.8593366093366094,0.25440232028174853,0.16021236727045596,0.5118764845605701,0.7089201877934272
1767329006,963757080,85_1767329006-963757080.png,-195757,201227,0,0,-1.8742053462009804,1.92657590379902,149.81,321.11,-184.0,-98.0,-366.0,74.0,54.0,-22.0,-67.4849865684968,-40.58256931805826,-91.92971219202109,11.221770393460062,-23.845336677095904,-1.933280872381368,-375.4469984769822,404.5005741119384,-0.5235987755982988,0.517123192048368,,,,,,,,,,1.0,0.5000000000291038,0.9063507260252113,0.0035427874559081363,0.4711014176663031,0.7383292383292384,0.21421172570955047,0.17239225484072454,0.578978622327791,0.6807511737089201
1767329006,997113770,86_1767329006-997113770.png,-195757,201227,0,0,-1.8742053462009804,1.92657590379902,149.81,321.08,12.0,-7.0,-202.0,41.0,79.0,-11.0,-48.78449771904869,-47.52987855762248,-125.78040875883045,18.107198910081284,6.193417403671114,-5.138389402626221,-369.6599362790585,399.6007874011992,-0.5235987755982988,0.517123192048368,,,,,,,,,,1.0,0.5000000000291038,0.9063507260252113,0.0035196319823400934,0.5423482370047255,0.7942260442260443,0.24818727988398592,0.16208619612742037,0.5938242280285035,0.7323943661971831
1767329007,30469482,87_1767329007-30469482.png,-195757,201227,0,0,-1.8742053462009804,1.92657590379902,149.69,321.09,-88.0,-122.0,-250.0,42.0,31.0,-7.0,-50.161268920424696,-54.18918324534963,-144.6554555567489,22.18226665628699,13.072556391683143,-5.676119108784164,-369.6599362790585,399.6007874011992,-0.5235987755982988,0.517123192048368,,,,,,,,,,1.0,0.5000000000291038,0.9061592468485717,0.0035273504735294225,0.5059978189749181,0.7235872235872236,0.23824321524756578,0.16239850093691444,0.5653206650831354,0.7511737089201878
1767329007,63826172,88_1767329007-63826172.png,-195757,201227,0,0,-1.8742053462009804,1.92657590379902,149.65,320.88,-253.0,-141.0,-417.0,77.0,22.0,-15.0,-80.8303285473013,-68.68660780847323,-187.2831190524803,30.725562467166792,14.854538485487804,-7.074842226504511,-365.2230262458325,395.6974363327025,-0.5235987755982988,0.517123192048368,,,,,,,,,,1.0,0.5000000000291038,0.9060954204563586,0.0033652621585532616,0.44601962922573607,0.711916461916462,0.20364615703335406,0.17332916926920675,0.5599762470308789,0.7136150234741784
1767329007,97181885,89_1767329007-97181885.png,-195757,201227,0,0,-1.8742053462009804,1.92657590379902,149.58,320.93,-247.0,-205.0,-462.0,70.0,53.0,-22.0,-105.13128497596374,-88.62132739556948,-227.45821776791615,36.46912798608449,20.433000488280225,-9.257524575057326,-374.330952346325,403.3337671756743,-0.5235987755982988,0.517123192048368,,,,,,,,,,1.0,0.5000000000291038,0.9059837242699855,0.0034038546144999626,0.4482006543075245,0.6726044226044225,0.19432359643671018,0.1711430356027483,0.5783847980997625,0.6807511737089201
1767329007,130538330,90_1767329007-130538330.png,-195757,201227,0,0,-1.8742053462009804,1.92657590379902,149.47,320.54,-88.0,35.0,9.0,19.0,-23.0,11.0,-107.69661791621655,-90.49464576847768,-196.93768504154144,29.62454941987299,19.019721492057112,-6.890207915485741,-374.96560373902327,404.0887598991393,-0.5235987755982988,0.517123192048368,,,,,,,,,,1.0,0.5000000000291038,0.9058082016913993,0.003102833458115628,0.5059978189749181,0.8200245700245701,0.29189973068158276,0.15521549031855092,0.5332541567695962,0.8356807511737089
1767329007,163894043,91_1767329007-163894043.png,-195757,201227,0,0,-1.8742053462009804,1.92657590379902,149.34,320.5,-101.0,67.0,-5.0,5.0,-35.0,19.0,-105.22079599616148,-71.14602409511407,-167.2567558383435,27.635021687500316,12.501159879509524,-4.024897381919083,-375.5731754601002,405.0831894874572,-0.5235987755982988,0.517123192048368,,,,,,,,,,1.0,0.5000000000291038,0.9056007659167065,0.003071959493358256,0.5012722646310432,0.8396805896805897,0.28899937849596025,0.150843222985634,0.5261282660332541,0.8732394366197183
1767329007,197250732,92_1767329007-197250732.png,-195757,201227,0,0,-1.8742053462009804,1.92657590379902,149.11,320.18,-47.0,113.0,36.0,-17.0,-38.0,8.0,-101.29417147900487,-48.12420615319552,-141.0153633495461,22.97657387745225,5.370649694863673,-1.3318247471988718,-368.1821135282517,401.30048823356617,-0.5235987755982988,0.517123192048368,,,,,,,,,,1.0,0.5000000000291038,0.9052337641614807,0.0028249677752993085,0.5209014903671392,0.8679361179361179,0.29749326703956913,0.14397251717676451,0.5243467933491687,0.8215962441314554
1767329007,230606201,93_1767329007-230606201.png,-195757,201227,0,0,-1.8742053462009804,1.92657590379902,148.81,319.44,-65.0,60.0,-21.0,-1.0,33.0,4.0,-93.5403083925313,-25.075977899027546,-115.58289540222331,17.516020831323004,4.301249164475376,-0.0811461069591025,-368.1821135282517,401.30048823356617,-0.5235987755982988,0.517123192048368,,,,,,,,,,1.0,0.5000000000291038,0.9047550662198818,0.002253799427287956,0.5143584151217738,0.8353808353808354,0.2856846902838202,0.14896939412866958,0.5665083135391924,0.8028169014084507
1767329007,263962891,94_1767329007-263962891.png,-195757,201227,0,0,-1.8742053462009804,1.92657590379902,148.48,318.59,-6.0,-21.0,-131.0,24.0,45.0,4.0,-84.02680172245859,-19.965113192095902,-111.70632974952652,17.070797248102465,9.584251641474223,0.5156881580255848,-369.89819842576986,401.18370723724354,-0.5235987755982988,0.517123192048368,,,,,,,,,,1.0,0.5000000000291038,0.904228498484123,0.0015977276761938441,0.5358051617593602,0.7856265356265356,0.26289620882535736,0.15677701436602123,0.5736342042755345,0.8028169014084507
1767329007,297318359,95_1767329007-297318359.png,-195757,201227,0,0,-1.8742053462009804,1.92657590379902,148.1,317.87,2.0,-76.0,-125.0,1.0,11.0,16.0,-71.66551268530027,-26.651192274117268,-113.81499112683542,15.351429014191648,10.723860827502856,2.451000728068654,-369.89819842576986,401.18370723724354,-0.5235987755982988,0.517123192048368,,,,,,,,,,1.0,0.5000000000291038,0.9036221477580978,0.0010419963105612329,0.5387131952017448,0.7518427518427518,0.2641392169049099,0.14959400374765772,0.5534441805225653,0.8591549295774648
1767329007,364031250,96_1767329007-364031250.png,-195757,201227,0,0,-1.8742053462009804,1.92657590379902,146.71,316.98,-66.0,-182.0,-166.0,31.0,-56.0,20.0,-59.795492660206165,-37.7330926733148,-119.66394128906316,13.754697335831809,-7.252782726125885,5.774221375094644,-366.1067846417428,398.1846566200255,-0.5235987755982988,0.5155553282240037,,,,,,,,,,1.0,0.5000000000291038,0.9014041806286899,0.00035505059470977707,0.5139949109414758,0.6867321867321867,0.25564532836130105,0.1589631480324797,0.5136579572446556,0.8779342723004695
1767329007,397388672,97_1767329007-397388672.png,-195757,201227,0,0,-1.8742053462009804,1.92657590379902,146.71,316.98,-66.0,-182.0,-166.0,31.0,-56.0,20.0,-59.98861868000212,-42.2236496304446,-121.10623124083426,14.291487201861363,-8.770124157547995,6.21702333403593,-365.0845108032227,397.5200796127318,-0.5235987755982988,0.5114530583596947,,,,,,,,,,1.0,0.5000000000291038,0.9014041806286899,0.00035505059470977707,0.5139949109414758,0.6867321867321867,0.25564532836130105,0.1589631480324797,0.5136579572446556,0.8779342723004695
1767329007,430744873,98_1767329007-430744873.png,-195757,201227,0,0,-1.8742053462009804,1.92657590379902,145.99,316.8,-130.0,-180.0,-156.0,27.0,-78.0,21.0,-68.63154039483318,-66.14168631004513,-127.67648274018951,16.703740874426234,-19.546121406094425,8.717762862249769,-367.0294416546822,398.6153850555419,-0.5235987755982988,0.5073399465776067,,,,,,,,,,1.0,0.5000000000291038,0.9002553055688526,0.00021611775330160343,0.4907306434023991,0.687960687960688,0.25771700849388857,0.15771392879450344,0.5005938242280285,0.8826291079812206
1767329007,464102051,99_1767329007-464102051.png,-195757,201227,0,0,-1.8742053462009804,1.92657590379902,145.37,317.05,-184.0,-86.0,-146.0,15.0,-71.0,-3.0,-84.02209805256538,-71.62407741066502,-130.63043196664614,16.78372418669948,-27.262829847018462,7.662418789717042,-365.51934409141546,396.8110828399657,-0.5235987755982988,0.5182682721164098,,,,,,,,,,1.0,0.5000000000291038,0.8992659964895483,0.00040908003303516405,0.4711014176663031,0.7457002457002457,0.2597886886264761,0.15396627108057465,0.504750593824228,0.7699530516431925
1767329007,497458496,100_1767329007-497458496.png,-195757,201227,0,0,-1.8742053462009804,1.92657590379902,144.35,318.0,-126.0,-3.0,-176.0,12.0,-34.0,-3.0,-93.39348133436908,-59.89833097205076,-140.2063343224265,19.37507953593672,-34.1301071038297,5.359316212484296,-363.6274686157704,395.3472366333007,-0.5235987755982988,0.5140396350425472,,,,,,,,,,1.0,0.5000000000291038,0.8976384234881122,0.0011423366960226777,0.49218466012359136,0.7966830466830467,0.25357364822871353,0.15302935665209244,0.5267220902612827,0.7699530516431925
1767329007,530815674,101_1767329007-530815674.png,-195757,201227,0,0,-1.8742053462009804,1.92657590379902,143.78,318.34,-124.0,-27.0,-228.0,-5.0,-15.0,5.0,-98.09966475410806,-52.3244565697217,-147.05945532260353,17.767380030198638,-33.51967214836164,4.385848366516743,-361.4073251783848,394.3731541633605,-0.5235987755982988,0.5146472850741675,,,,,,,,,,1.0,0.5000000000291038,0.8967288973990744,0.0014047653964602835,0.49291166848418755,0.7819410319410319,0.24280091153925837,0.1477201748906933,0.5380047505938242,0.8075117370892019
1767329007,597529297,102_1767329007-597529297.png,-195757,201227,0,0,-1.8742053462009804,1.92657590379902,143.2,318.39,-124.0,-58.0,-283.0,5.0,2.0,7.0,-102.5756707379156,-49.84779407778233,-164.41797132477652,14.44564633715626,-29.277328780336823,4.614553089095929,-361.0554193258286,393.9650654792785,-0.5235987755982988,0.5192032173989659,,,,,,,,,,1.0,0.5000000000291038,0.8958034147119832,0.0014433578524070123,0.49291166848418755,0.7628992628992629,0.23140667081002694,0.150843222985634,0.5480997624703088,0.8169014084507042
1767329007,630885498,103_1767329007-630885498.png,-195757,201227,0,0,-1.8742053462009804,1.92657590379902,142.68,318.19,-85.0,-21.0,-189.0,13.0,-18.0,7.0,-101.64442748730532,-46.86053530622212,-173.74244890836536,13.763789501577875,-26.248356846330623,5.02679773944096,-368.13626641035086,398.7980792522429,-0.5235987755982988,0.5224449819068884,,,,,,,,,,1.0,0.5000000000291038,0.894973671613212,0.0012889880286201805,0.5070883315158123,0.7856265356265356,0.25088046405634973,0.1533416614615865,0.5362232779097387,0.8169014084507042
1767329007,664242676,104_1767329007-664242676.png,-195757,201227,0,0,-1.8742053462009804,1.92657590379902,142.1,318.13,9.0,-46.0,-239.0,33.0,2.0,15.0,-85.02126355082949,-46.047453097312726,-183.69129727275325,16.556630602642592,-21.898067913134632,6.537734321079897,-364.5527231991292,395.3670105934142,-0.5235987755982988,0.5177079757510819,,,,,,,,,,1.0,0.5000000000291038,0.8940481889261208,0.0012426770814841226,0.5412577244638312,0.7702702702702703,0.2405220633934121,0.15958775765146782,0.5480997624703088,0.8544600938967136
1767329007,697598877,105_1767329007-697598877.png,-195757,201227,0,0,-1.8742053462009804,1.92657590379902,140.52,317.75,-167.0,-102.0,70.0,49.0,-18.0,29.0,-97.29250105625752,-56.94382928644283,-149.77559118382885,19.709678304376663,-15.313224438754547,12.092564190068874,-364.1315271556378,395.559591770172,-0.5235987755982988,0.5205343764672925,,,,,,,,,,1.0,0.5000000000291038,0.8915270464337002,0.0009493744162891171,0.47728098873137037,0.7358722358722358,0.30453697949036673,0.1645846346033729,0.5362232779097387,0.92018779342723
1767329007,764312256,106_1767329007-764312256.png,-195757,201227,0,0,-1.8742053462009804,1.92657590379902,140.22,317.22,2.0,49.0,137.0,85.0,-120.0,-23.0,-91.05444435599055,-47.9495458477852,-98.17556548337694,29.802964314370197,-27.965685185407438,9.271477765379236,-359.7178653776646,393.2910313606261,-0.5235987755982988,0.5164629203441462,,,,,,,,,,1.0,0.5000000000291038,0.8910483484921013,0.0005402943832539808,0.5387131952017448,0.8286240786240786,0.3184172363787031,0.17582760774515926,0.47565320665083133,0.676056338028169
1767329007,797669434,107_1767329007-797669434.png,-195757,201227,0,0,-1.8742053462009804,1.92657590379902,140.21,316.84,-58.0,30.0,165.0,68.0,-76.0,-12.0,-84.57479454960814,-36.028921115427536,-60.45628664632039,35.85525239759613,-36.19716330161442,5.8589849495726565,-358.24335452914244,390.81613397598255,-0.5235987755982988,0.5164629203441462,,,,,,,,,,1.0,0.5000000000291038,0.891032391894048,0.0002469917180589476,0.5169029443838604,0.816953316953317,0.32421794074994825,0.17051842598376016,0.5017814726840855,0.7276995305164319
1767329007,831025635,108_1767329007-831025635.png,-195757,201227,0,0,-1.8742053462009804,1.92657590379902,140.27,317.01,-213.0,-2.0,-4.0,-2.0,16.0,9.0,-103.35593129200318,-31.05246950358339,-52.20001611318138,30.319231106419284,-28.56375474996197,6.31833273075868,-368.3503711521626,398.873592853546,-0.5235987755982988,0.5164629203441462,,,,,,,,,,1.0,0.5000000000291038,0.8911281314823678,0.0003782060682777644,0.460559796437659,0.7972972972972973,0.289206546509219,0.1486570893191755,0.5564133016627079,0.8262910798122065
1767329007,864382813,109_1767329007-864382813.png,-195757,201227,0,0,-1.8742053462009804,1.92657590379902,141.04,316.71,-131.0,11.0,-203.0,-30.0,33.0,19.0,-123.25939240339832,-29.70361349122128,-63.19890541120488,17.792882881774023,-16.33940671025949,9.111014770092838,-362.6911743581296,395.1259975433349,-0.5235987755982988,0.5164629203441462,,,,,,,,,,1.0,0.5000000000291038,0.8923567895324716,0.00014665133259750274,0.490367139222101,0.8052825552825553,0.24798011187072716,0.13991255465334165,0.5665083135391924,0.8732394366197183
1767329007,897739014,110_1767329007-897739014.png,-195757,201227,0,0,-1.8742053462009804,1.92657590379902,141.6,316.52,-114.0,10.0,-205.0,-27.0,32.0,19.0,-122.31028767480277,-21.767581262972637,-91.25085961061818,8.741660317082808,-6.688616466727656,11.074611657593222,-363.21711742877966,395.5961306095122,-0.5235987755982988,0.5164629203441462,,,,,,,,,,1.0,0.5000000000291038,0.8932503590234561,0.0,0.49654671028716824,0.8046683046683046,0.24756577584420966,0.14084946908182386,0.5659144893111638,0.8732394366197183
1767329007,931096191,111_1767329007-931096191.png,-195757,201227,0,0,-1.8742053462009804,1.92657590379902,142.33,316.66,-170.0,27.0,13.0,9.0,-8.0,6.0,-127.97646310526638,-15.973340591711668,-78.86446366630268,8.772354525386634,-6.844426363534611,10.471679945669123,-368.4858344495297,400.3517680168151,-0.5235987755982988,0.5164629203441462,,,,,,,,,,1.0,0.5000000000291038,0.8944151906813467,0.00010805887665082947,0.47619047619047616,0.8151105651105651,0.2927284027346178,0.15209244222361024,0.5421615201900237,0.812206572769953
1767329007,964452393,112_1767329007-964452393.png,-195757,201227,0,0,-1.8742053462009804,1.92657590379902,142.8,316.88,-268.0,125.0,-170.0,-35.0,71.0,22.0,-145.76577218811894,1.9548695195551904,-87.17288330719983,3.577857540436132,2.3728366574023454,11.718747216657553,-356.60097569227224,389.60476398468006,-0.5235987755982988,0.5164629203441462,,,,,,,,,,1.0,0.5000000000291038,0.8951651507898515,0.0002778656828163195,0.440567066521265,0.8753071253071253,0.254816656308266,0.13835103060587134,0.5890736342042755,0.8873239436619719
1767329007,997809326,113_1767329007-997809326.png,-195757,201227,0,0,-1.8742053462009804,1.92657590379902,142.8,317.02,-204.0,222.0,-184.0,-21.0,172.0,29.0,-154.2820520865007,34.13467153394849,-101.33305780411185,-0.0164532623629583,27.1794230186172,14.245989205218912,-359.8365094065667,392.7471041679381,-0.5235987755982988,0.5164629203441462,,,,,,,,,,1.0,0.5000000000291038,0.8951651507898515,0.00038592455946712123,0.46383133406034166,0.9348894348894349,0.2519163041226435,0.14272329793878827,0.6490498812351544,0.92018779342723
1767329008,31165527,114_1767329008-31165527.png,-195757,201227,0,0,-1.8742053462009804,1.92657590379902,144.33,317.88,29.0,98.0,-122.0,-2.0,59.0,7.0,-130.65581640490396,57.386547604408506,-111.065227169815,-2.194947272953029,42.558289644803246,15.140947075936058,-359.6897466778756,393.2354350090026,-0.5235987755982988,0.5164629203441462,,,,,,,,,,1.0,0.5000000000291038,0.8976065102920057,0.001049714801750562,0.5485278080697927,0.8587223587223587,0.26476072094468617,0.1486570893191755,0.5819477434679334,0.8169014084507042
1767329008,64522705,115_1767329008-64522705.png,-195757,201227,0,0,-1.8742053462009804,1.92657590379902,144.41,322.78,-117.0,-19.0,-13.0,-31.0,-61.0,9.0,-120.52100198723168,52.73699720300505,-102.79944223610792,-4.7910458713034885,34.10230833655744,14.13140754925097,-363.2376382350922,391.0666041374205,-0.5235987755982988,0.5164629203441462,,,,,,,,,,1.0,0.5000000000291038,0.897734163076432,0.004831775484528289,0.49545619774627403,0.7868550368550369,0.2873420343898902,0.13960024984384758,0.5106888361045131,0.8262910798122065
1767329008,131235840,116_1767329008-131235840.png,-195757,201227,0,0,-1.8742053462009804,1.92657590379902,144.63,341.53,81.0,328.0,288.0,-14.0,89.0,3.0,-123.39852085341452,104.12671145727096,-23.005657913814872,-10.574054514152174,3.046859037407848,11.0946400502554,-369.818323135376,387.4974043369292,-0.5235987755982988,0.5181019572375645,,,,,,,,,,1.0,0.5000000000291038,0.8980852082336044,0.019303946464545113,0.5674300254452925,1.0,0.3496996063807748,0.14490943160524672,0.5997624703087886,0.7981220657276995
1767329008,164591797,117_1767329008-164591797.png,-195757,201227,0,0,-1.8742053462009804,1.92657590379902,144.63,341.53,81.0,328.0,288.0,-14.0,89.0,3.0,-117.03626344557472,111.0951546852428,-13.325069019723546,-10.680692991550073,5.72229918018917,10.842680381425566,-374.2591944634915,388.99205780029286,-0.5235987755982988,0.5165145123375652,,,,,,,,,,1.0,0.5000000000291038,0.8980852082336044,0.019303946464545113,0.5674300254452925,1.0,0.3496996063807748,0.14490943160524672,0.5997624703087886,0.7981220657276995
1767329008,197948975,118_1767329008-197948975.png,-195757,201227,0,0,-1.8742053462009804,1.92657590379902,144.59,348.65,81.0,221.0,6.0,43.0,120.0,-25.0,-93.50690762508972,130.30889969346325,5.19412485557282,-7.581849690362549,17.51662559043392,8.19489671261963,-349.17919749021536,359.2763810157775,-0.5235987755982988,0.5132989881235166,,,,,,,,,,1.0,0.5000000000291038,0.8980213818413912,0.024799512191356815,0.5674300254452925,0.9342751842751843,0.2912782266418065,0.1627108057464085,0.6181710213776722,0.6666666666666666
1767329008,231304932,119_1767329008-231304932.png,-195757,201227,0,0,-1.8742053462009804,1.92657590379902,144.64,350.58,-37.0,31.0,-119.0,-26.0,18.0,4.0,-72.87608817888608,125.74235094684688,-9.497528553979608,-5.736235640559859,25.747175015146503,5.049171544297042,-351.35661089420324,357.1109890937804,-0.5235987755982988,0.5307769096827054,,,,,,,,,,1.0,0.5000000000291038,0.8981011648316577,0.026289180990899913,0.5245365321701199,0.8175675675675675,0.2653822249844624,0.14116177389131793,0.5576009501187649,0.8028169014084507
1767329008,298018066,120_1767329008-298018066.png,-195757,201227,0,0,-1.8742053462009804,1.92657590379902,144.61,360.26,-47.0,-48.0,-24.0,-28.0,73.0,-10.0,-60.611333613317086,104.35987893572208,-24.189117906937582,-10.15054126475316,30.370999173702447,3.440254568845616,-385.3979011178017,386.1180989742278,-0.5235987755982988,0.5229423595501123,,,,,,,,,,1.0,0.5000000000291038,0.8980532950374979,0.03376068046218325,0.5209014903671392,0.769041769041769,0.2850631862440439,0.1405371642723298,0.5902612826603325,0.7370892018779343
1767329008,331375000,121_1767329008-331375000.png,-195757,201227,0,0,-1.8742053462009804,1.92657590379902,144.74,361.31,-19.0,-45.0,-19.0,-48.0,48.0,-1.0,-55.374507863532685,74.37819657433315,-23.69904726250617,-15.504876467904722,36.57299278164965,1.586036814791798,-385.3979011178017,386.1180989742278,-0.5235987755982988,0.5229423595501123,,,,,,,,,,1.0,0.5000000000291038,0.8982607308121907,0.03457112203706422,0.5310796074154852,0.7708845208845209,0.2860990263103377,0.13429106808244848,0.5754156769596199,0.7793427230046949
1767329008,364730957,122_1767329008-364730957.png,-195757,201227,0,0,-1.8742053462009804,1.92657590379902,144.92,359.66,115.0,-58.0,-80.0,-86.0,167.0,15.0,-34.13404179375843,55.37553713482437,-30.25946556663711,-24.771930773981826,52.38289021710618,3.108863983256463,-372.853908866644,371.5975642204284,-0.5235987755982988,0.5229423595501123,,,,,,,,,,1.0,0.5000000000291038,0.89854794957715,0.03329757099082273,0.5797891675754271,0.7628992628992629,0.27346177750155376,0.12242348532167396,0.6460807600950119,0.8544600938967136
1767329008,398087646,123_1767329008-398087646.png,-195757,201227,0,0,-1.8742053462009804,1.92657590379902,145.01,360.62,192.0,-117.0,100.0,-64.0,77.0,15.0,-3.17577749750208,31.78530256666049,-16.14720564281808,-31.112141374428155,58.45150252462079,4.84784544542081,-373.8585192263127,376.15331268310536,-0.5235987755982988,0.5229423595501123,,,,,,,,,,1.0,0.5000000000291038,0.8986915589596296,0.0340385461449996,0.6077789894583787,0.7266584766584767,0.3107520198881293,0.1292941911305434,0.5926365795724465,0.8544600938967136
1767329008,431443359,124_1767329008-431443359.png,-195757,201227,0,0,-1.8742053462009804,1.92657590379902,145.34,361.11,134.0,-103.0,232.0,-72.0,56.0,24.0,18.475909434224366,11.690055192329089,16.52173879518884,-36.87222888158547,58.66898792513812,7.401835409580209,-381.44413918256765,380.6167826652526,-0.5235987755982988,0.5229423595501123,,,,,,,,,,1.0,0.5000000000291038,0.8992181266953885,0.03441675221327736,0.5866957470010905,0.7352579852579852,0.33809819763828464,0.1267957526545909,0.580166270783848,0.8967136150234741
1767329008,464800293,125_1767329008-464800293.png,-195757,201227,0,0,-1.8742053462009804,1.92657590379902,145.74,364.95,-64.0,-64.0,191.0,-2.0,6.0,7.0,7.790600869450315,-5.119732295007213,57.406668221717226,-35.14657100886743,47.49587805701547,9.357009246822646,-378.6661674976349,376.3612258434295,-0.5235987755982988,0.5229423595501123,,,,,,,,,,1.0,0.5000000000291038,0.8998563906175202,0.03738065282998479,0.5147219193020719,0.7592137592137592,0.3296043090946758,0.1486570893191755,0.5504750593824228,0.8169014084507042
1767329008,531512695,126_1767329008-531512695.png,-195757,201227,0,0,-1.8742053462009804,1.92657590379902,146.21,366.33,333.0,-25.0,744.0,-8.0,66.0,-10.0,34.70698264970267,-16.924435930481998,156.90443664042462,-29.62501479650862,31.303965544234224,7.45090063748444,-376.4011510312558,373.9655675888061,-0.5235987755982988,0.5229423595501123,,,,,,,,,,1.0,0.5000000000291038,0.9006063507260251,0.03844580461411404,0.6590330788804071,0.7831695331695332,0.4441682204267661,0.14678326046221113,0.586104513064133,0.7370892018779343
1767329008,564868408,127_1767329008-564868408.png,-195757,201227,0,0,-1.8742053462009804,1.92657590379902,146.51,361.89,316.0,33.0,572.0,-51.0,203.0,13.0,77.80074424168947,-14.550915240423247,232.22141610167037,-29.09777027361278,44.773965193297,6.308394494753085,-374.93852406740194,375.8319141864776,-0.5235987755982988,0.5229423595501123,,,,,,,,,,1.0,0.5000000000291038,0.9010850486676238,0.03501879452604603,0.6528535078153398,0.8187960687960688,0.40853532214626065,0.13335415365396627,0.667458432304038,0.8450704225352113
1767329008,598225098,128_1767329008-598225098.png,-195757,201227,0,0,-1.8742053462009804,1.92657590379902,146.8,357.06,337.0,-48.0,530.0,-86.0,229.0,24.0,113.92241500120568,-12.561033892014084,279.33730458145766,-34.44575285481362,69.5066288952861,7.961117549222785,-379.8944936096669,381.8108146190642,-0.5235987755982988,0.5229423595501123,,,,,,,,,,1.0,0.5000000000291038,0.9015477900111695,0.03129076328159372,0.6604870956015993,0.769041769041769,0.399834265589393,0.12242348532167396,0.682897862232779,0.8967136150234741
1767329008,631580811,129_1767329008-631580811.png,-195757,201227,0,0,-1.8742053462009804,1.92657590379902,147.17,353.97,360.0,-10.0,780.0,-114.0,227.0,11.0,154.55549416904657,-15.246331358530368,345.2818924495941,-45.889283113677386,96.8887119084476,9.556353076950396,-373.7515642642976,378.35381054878223,-0.5235987755982988,0.5229423595501123,,,,,,,,,,1.0,0.5000000000291038,0.9021381841391414,0.028905749504086947,0.668847691748455,0.7923832923832924,0.4516262689040812,0.1136789506558401,0.6817102137767221,0.8356807511737089
1767329008,664937744,130_1767329008-664937744.png,-195757,201227,0,0,-1.8742053462009804,1.92657590379902,147.49,348.64,331.0,110.0,1001.0,-116.0,240.0,23.0,191.1083728423613,3.34442070669975,463.92072128774777,-59.70610607894043,124.62527905730234,11.597911376546657,-376.5519399940968,389.03533124923695,-0.5235987755982988,0.5238044243771685,,,,,,,,,,1.0,0.5000000000291038,0.9026487952768468,0.024791793700167514,0.6583060705198109,0.8660933660933661,0.4974103998342656,0.11305434103685197,0.6894299287410927,0.892018779342723
1767329008,731649902,131_1767329008-731649902.png,-195757,201227,0,0,-1.8742053462009804,1.92657590379902,148.26,338.76,575.0,-44.0,1341.0,-178.0,321.0,12.0,256.35308974705674,4.788598286266913,610.6212372641081,-79.07663617390958,156.6169852259632,12.775987381423104,-372.4282320141793,389.7282795906066,-0.5235987755982988,0.5238044243771685,,,,,,,,,,1.0,0.5000000000291038,0.9038774533269506,0.017165924405097316,0.7470010905125408,0.7714987714987716,0.5678475243422416,0.09369144284821987,0.7375296912114014,0.8403755868544601
1767329008,765005615,132_1767329008-765005615.png,-195757,201227,0,0,-1.8742053462009804,1.92657590379902,148.46,336.05,628.0,-172.0,1439.0,-170.0,298.0,-8.0,316.21723955689504,-15.227354706934207,745.7121235053055,-95.4481985384843,182.94350123741336,10.831809424240442,-377.4694668054581,395.9736986160277,-0.5235987755982988,0.5238044243771685,,,,,,,,,,1.0,0.5000000000291038,0.9041965852880165,0.015074213292785549,0.7662668120683387,0.6928746928746928,0.5881499896415994,0.09618988132417239,0.7238717339667459,0.7464788732394366
1767329008,798362305,133_1767329008-798362305.png,-195757,201227,0,0,-1.8742053462009804,1.92657590379902,148.66,335.16,570.0,-197.0,1504.0,-181.0,280.0,4.0,363.2072779231624,-45.29059303312658,873.2465955344315,-109.6389290130677,200.6885250975485,9.00312196221044,-377.33049678802496,396.565197944641,-0.5235987755982988,0.5238044243771685,,,,,,,,,,1.0,0.5000000000291038,0.9045157172490823,0.014387267576934065,0.7451835696110505,0.6775184275184275,0.6016159105034182,0.09275452841973766,0.7131828978622328,0.8028169014084507
1767329008,831718018,134_1767329008-831718018.png,-195757,201227,0,0,-1.8742053462009804,1.92657590379902,148.84,333.15,700.0,-244.0,1346.0,-229.0,458.0,27.0,420.4146887910212,-76.17654004876628,992.1882508456716,-127.29499572718623,231.7951289952194,8.608021726650716,-371.1929574012757,394.1513419151305,-0.5235987755982988,0.5238044243771685,,,,,,,,,,1.0,0.5000000000291038,0.9048029360140417,0.012835850847876279,0.7924391130498001,0.6486486486486487,0.5688833644085354,0.0777638975640225,0.8188836104513064,0.9107981220657277
1767329008,865074707,135_1767329008-865074707.png,-195757,201227,0,0,-1.8742053462009804,1.92657590379902,148.84,333.15,700.0,-244.0,1346.0,-229.0,458.0,27.0,437.5489585976534,-86.46153116740783,1013.8714571076608,-133.52794471996265,245.6580006697378,9.735166484902107,-377.0091773271561,399.0872375965117,-0.5235987755982988,0.5238044243771685,,,,,,,,,,1.0,0.5000000000291038,0.9048029360140417,0.012835850847876279,0.7924391130498001,0.6486486486486487,0.5688833644085354,0.0777638975640225,0.8188836104513064,0.9107981220657277
1767329008,898430176,136_1767329008-898430176.png,-195757,201227,0,0,-1.8742053462009804,1.92657590379902,148.71,330.63,662.0,-336.0,1359.0,-173.0,517.0,13.0,477.3476466198264,-127.1410303408804,1073.1699021458796,-141.83755139327965,290.98247534036466,10.671429466170098,-377.7928643226624,402.9225261211394,-0.5235987755982988,0.5238044243771685,,,,,,,,,,1.0,0.5000000000291038,0.9045955002393489,0.010890791068162015,0.7786259541984732,0.5921375921375922,0.5715765485808991,0.0952529668956902,0.8539192399049882,0.8450704225352113
1767329008,931786865,137_1767329008-931786865.png,-195757,201227,0,0,-1.8742053462009804,1.92657590379902,148.76,328.55,569.0,-322.0,1331.0,-179.0,480.0,-6.0,500.7708600599536,-185.46443986038983,1107.3547336097442,-147.59064504327247,331.45506340965954,9.351778112000767,-377.40855377912527,403.21498012542713,-0.5235987755982988,0.5238044243771685,,,,,,,,,,1.0,0.5000000000291038,0.9046752832296153,0.009285344900778841,0.7448200654307524,0.6007371007371007,0.5657758442096541,0.0933791380387258,0.8319477434679334,0.755868544600939
1767329008,965142334,138_1767329008-965142334.png,-195757,201227,0,0,-1.8742053462009804,1.92657590379902,148.78,326.81,566.0,-157.0,1634.0,-202.0,351.0,11.0,515.5820380319141,-191.8516181517842,1201.652988323387,-157.97451586291712,345.79116469777847,8.406611366740488,-376.3743311166764,404.38164377212513,-0.5235987755982988,0.5238044243771685,,,,,,,,,,1.0,0.5000000000291038,0.9047071964257218,0.007942327433833246,0.7437295528898582,0.702088452088452,0.6285477522270562,0.08619612742036228,0.7553444180522565,0.8356807511737089
1767329008,998499023,139_1767329008-998499023.png,-195757,201227,0,0,-1.8742053462009804,1.92657590379902,148.78,321.86,487.0,-84.0,1605.0,-165.0,339.0,-7.0,511.4021485563932,-176.07920041421107,1260.6391924284767,-159.00193550221096,344.7980123615078,6.153520364854083,-375.4314779937268,404.89605331420887,-0.5235987755982988,0.5238044243771685,,,,,,,,,,1.0,0.5000000000291038,0.9047071964257218,0.004121674295108818,0.7150127226463103,0.7469287469287469,0.6225398798425523,0.09775140537164273,0.7482185273159145,0.7511737089201878
1767329009,65211182,140_1767329009-65211182.png,-195757,201227,0,0,-1.8742053462009804,1.92657590379902,148.25,319.54,489.0,-183.0,1554.0,-261.0,417.0,-20.0,467.8379518590054,-125.02459654011622,1332.5584292804745,-185.40450663309508,361.04346276249737,4.487069508034647,-377.03554266691214,406.46922945976246,-0.5235987755982988,0.5238044243771685,,,,,,,,,,1.0,0.5000000000291038,0.9038614967288973,0.0023309843391814133,0.7157397310069065,0.6861179361179361,0.6119743111663559,0.06777014366021238,0.7945368171021377,0.6901408450704225
1767329009,98566650,141_1767329009-98566650.png,-195757,201227,0,0,-1.8742053462009804,1.92657590379902,148.25,319.54,489.0,-183.0,1554.0,-261.0,417.0,-20.0,469.75319605812354,-130.27158654922496,1352.599716444102,-192.2461804250551,366.1077378568942,2.2708984873376874,-366.7402021884919,399.0277724266051,-0.5235987755982988,0.5185634105457408,,,,,,,,,,1.0,0.5000000000291038,0.9038614967288973,0.0023309843391814133,0.7157397310069065,0.6861179361179361,0.6119743111663559,0.06777014366021238,0.7945368171021377,0.6901408450704225
1767329009,131923340,142_1767329009-131923340.png,-195757,201227,0,0,-1.8742053462009804,1.92657590379902,147.94,318.58,566.0,-204.0,1648.0,-246.0,447.0,-17.0,484.3399825877366,-142.45500621045068,1401.1517457583984,-201.9343493254071,379.29001667370864,-1.139155358597579,-366.9274870157242,398.5680994987487,-0.5235987755982988,0.5170629669097787,,,,,,,,,,1.0,0.5000000000291038,0.9033668421892451,0.001590009185004515,0.7437295528898582,0.6732186732186732,0.6314481044126787,0.07245471580262336,0.8123515439429929,0.704225352112676
1767329009,165278809,143_1767329009-165278809.png,-195757,201227,0,0,-1.8742053462009804,1.92657590379902,147.41,318.94,448.0,-127.0,1667.0,-296.0,416.0,7.0,479.0255571227123,-140.1948378581784,1440.029880296927,-215.6906819852316,384.6585517229163,0.0511295953670561,-366.873652368784,398.4053225517272,-0.5235987755982988,0.5168773057545919,,,,,,,,,,1.0,0.5000000000291038,0.9025211424924204,0.0018678748678208623,0.7008360596146855,0.7205159705159705,0.6353842966645951,0.05683947532792005,0.7939429928741093,0.8169014084507042
1767329009,198635254,144_1767329009-198635254.png,-195757,201227,0,0,-1.8742053462009804,1.92657590379902,146.72,319.15,504.0,-45.0,1650.0,-244.0,453.0,-2.0,482.6778652899332,-126.27337080103446,1470.7362943231344,-219.8306883870488,394.6529300130957,-0.2488313451030185,-366.3829063773156,397.62181520462025,-0.5235987755982988,0.5180150391701775,,,,,,,,,,1.0,0.5000000000291038,0.9014201372267431,0.0020299631827970233,0.7211922937113776,0.7708845208845209,0.6318624404391961,0.0730793254216115,0.8159144893111638,0.7746478873239436
1767329009,231990723,145_1767329009-231990723.png,-195757,201227,0,0,-1.8742053462009804,1.92657590379902,144.01,321.08,639.0,-169.0,1319.0,-100.0,409.0,-26.0,513.9923792694038,-129.54072363914617,1480.0061266478706,-202.7633158675121,397.6390216913432,-3.302895636187128,-370.9080039262772,399.0016937255858,-0.5235987755982988,0.5092445053343279,,,,,,,,,,1.0,0.5000000000291038,0.8970958991543001,0.0035196319823400934,0.7702653580516176,0.6947174447174447,0.563289828050549,0.11805121798875703,0.7897862232779097,0.6619718309859155
1767329009,265347168,146_1767329009-265347168.png,-195757,201227,0,0,-1.8742053462009804,1.92657590379902,140.99,324.09,532.0,-219.0,1152.0,-50.0,376.0,-33.0,525.911863480831,-140.88512501787886,1437.0674848409917,-180.4789302398909,396.6157635588908,-7.85885646350422,-370.6434413790704,396.9324491024016,-0.5235987755982988,0.5200117984462476,,,,,,,,,,1.0,0.5000000000291038,0.8922770065422051,0.005842897830332122,0.7313704107597236,0.664004914004914,0.5286927698363373,0.13366645846346034,0.7701900237529691,0.6291079812206573
1767329009,298702637,147_1767329009-298702637.png,-195757,201227,0,0,-1.8742053462009804,1.92657590379902,135.43,333.04,219.0,-38.0,1008.0,-61.0,478.0,-3.0,489.77540931390143,-132.87944646455978,1370.6939869026842,-159.2369617456263,405.1719826292302,-8.639260476097359,-360.1613355875016,381.6249680519103,-0.5235987755982988,0.5164953368145672,,,,,,,,,,1.0,0.5000000000291038,0.8834051380245731,0.01275094744479352,0.6175936023264267,0.7751842751842752,0.4988605759270769,0.13023110555902562,0.8307600950118765,0.7699530516431925
1767329009,332059326,148_1767329009-332059326.png,-195757,201227,0,0,-1.8742053462009804,1.92657590379902,127.67,341.39,117.0,-150.0,1036.0,54.0,518.0,5.0,438.0577548843859,-132.3112002489293,1320.9797297909545,-131.20707139429058,420.5750197785033,-6.864057759188912,-372.1328233182431,388.47134351730335,-0.5235987755982988,0.5106113022596767,,,,,,,,,,1.0,0.5000000000291038,0.8710228179352161,0.01919588758789434,0.5805161759360232,0.7063882063882064,0.5046612802983219,0.16614615865084323,0.8545130641330166,0.8075117370892019
1767329009,365414795,149_1767329009-365414795.png,-195757,201227,0,0,-1.8742053462009804,1.92657590379902,119.17,353.16,286.0,-375.0,1091.0,244.0,359.0,-25.0,411.1851415878682,-161.6310508761992,1285.8385086492526,-81.54751052809314,415.9313011178645,-8.69343736760893,-391.14177870750433,381.38796710968006,-0.5235987755982988,0.5203533554454915,,,,,,,,,,1.0,0.5000000000291038,0.8574597095899152,0.028280551717750263,0.6419483824063976,0.5681818181818181,0.5160555210275534,0.2254840724547158,0.7600950118764845,0.6666666666666666
1767329009,432127197,150_1767329009-432127197.png,-195757,201227,0,0,-1.8742053462009804,1.92657590379902,91.72,430.11,111.0,-298.0,578.0,659.0,252.0,-40.0,341.67071070858947,-219.2807892278564,1142.6762346546857,91.33110204973008,375.00903467430015,-16.03936196251051,-367.1943873763085,343.6717174053191,-0.5235987755982988,0.5172598799817358,,,,,,,,,,1.0,0.5000000000291038,0.8136588479336204,0.08767434141973932,0.5783351508542348,0.6154791154791155,0.40977833022581317,0.3550905683947533,0.6965558194774346,0.596244131455399
1767329009,465483643,151_1767329009-465483643.png,-195757,201227,0,0,-1.8742053462009804,1.92657590379902,91.72,430.11,111.0,-298.0,578.0,659.0,252.0,-40.0,334.490685961591,-221.73106078453537,1125.0997104119326,109.00077811247652,371.1801657626261,-16.785178254204283,-350.33790871500975,299.9387388229369,-0.5235987755982988,0.5162180445565493,,,,,,,,,,1.0,0.5000000000291038,0.8136588479336204,0.08767434141973932,0.5783351508542348,0.6154791154791155,0.40977833022581317,0.3550905683947533,0.6965558194774346,0.596244131455399
1767329009,498839355,152_1767329009-498839355.png,-195757,201227,0,0,-1.8742053462009804,1.92657590379902,82.67,462.82,63.0,-402.0,433.0,822.0,215.0,-39.0,297.4628207857352,-242.29715730451943,1031.967808716366,204.1857767267742,350.4024026704955,-20.089652485795664,-282.5955450534821,216.9934241771697,-0.5235987755982988,0.5143392722324086,,,,,,,,,,1.0,0.5000000000291038,0.7992181266953884,0.11292152610007797,0.5608869501999273,0.5515970515970516,0.379738968303294,0.4059962523422861,0.6745843230403801,0.6009389671361502
1767329009,532195801,153_1767329009-532195801.png,-195757,201227,0,0,-1.8742053462009804,1.92657590379902,74.88,500.14,96.0,-452.0,331.0,991.0,191.0,-49.0,260.8646116070952,-275.8371164163109,916.3373085356012,331.0337445992108,324.1511088241168,-24.54580676535609,-229.33197396993643,142.91185879707325,-0.5235987755982988,0.5206306759702624,,,,,,,,,,1.0,0.5000000000291038,0.7867879368118715,0.14172693521870347,0.5728825881497637,0.5208845208845209,0.3586078309509012,0.4587757651467832,0.6603325415676959,0.5539906103286385
1767329009,565551514,154_1767329009-565551514.png,-195757,201227,0,0,-1.8742053462009804,1.92657590379902,66.95,589.88,-22.0,-457.0,406.0,1091.0,120.0,-42.0,218.21528293512432,-319.18868957574864,818.6493708574205,457.9760897201534,298.9303988654412,-29.545836989080005,-180.77279773354536,102.2024333477019,-0.5235987755982988,0.5206306759702624,,,,,,,,,,1.0,0.5000000000291038,0.7741343545556086,0.21099267515186135,0.529989094874591,0.5178132678132679,0.3741454319453077,0.4900062460961898,0.6181710213776722,0.5868544600938967
1767329009,632263672,155_1767329009-632263672.png,-195757,201227,0,0,-1.8742053462009804,1.92657590379902,63.57,697.15,-108.0,-477.0,483.0,1243.0,9.0,-54.0,114.87018906506434,-363.3014453981264,700.218854922076,682.1012091630246,224.1115688459199,-34.69482386390735,-160.63117176294332,92.8758587837218,-0.5235987755982988,0.5206306759702624,,,,,,,,,,1.0,0.5000000000291038,0.7687410244135949,0.29378893013993623,0.4987277353689567,0.5055282555282555,0.39009736896623165,0.5374765771392879,0.5522565320665083,0.5305164319248826
1767329009,665620117,156_1767329009-665620117.png,-195757,201227,0,0,-1.8742053462009804,1.92657590379902,63.57,697.15,-108.0,-477.0,483.0,1243.0,9.0,-54.0,107.9329690428962,-366.8405095178478,693.4575424474052,699.5601539349888,217.41584929429217,-35.29573085368734,-96.10576918721203,88.01604986190783,-0.5235987755982988,0.5206306759702624,,,,,,,,,,1.0,0.5000000000291038,0.7687410244135949,0.29378893013993623,0.4987277353689567,0.5055282555282555,0.39009736896623165,0.5374765771392879,0.5522565320665083,0.5305164319248826
1767329009,698975586,157_1767329009-698975586.png,-195757,201227,0,0,-1.8742053462009804,1.92657590379902,62.32,765.05,-25.0,-623.0,109.0,1370.0,159.0,-99.0,73.16321434982659,-421.6856778525061,592.506030266619,828.017898731432,193.04957251552244,-44.23856272591702,-92.8389347493649,84.45430111885058,-0.5235987755982988,0.5206306759702624,,,,,,,,,,1.0,0.5000000000291038,0.7667464496569331,0.3461974853155705,0.5288985823336968,0.41584766584766586,0.3126165320074581,0.5771392879450343,0.6413301662707839,0.3192488262910798
1767329009,732332031,158_1767329009-732332031.png,-195757,201227,0,0,-1.8742053462009804,1.92657590379902,62.22,792.11,-34.0,-767.0,77.0,1375.0,169.0,-122.0,57.9931129589911,-464.15878871911696,518.901105571394,907.730870322607,188.9751380616754,-54.32856107944046,-146.07172462344175,87.78936576843249,-0.5235987755982988,0.5206306759702624,,,,,,,,,,1.0,0.5000000000291038,0.7665868836764,0.36708372247393084,0.5256270447110142,0.3273955773955774,0.30598715558317796,0.5787008119925047,0.6472684085510689,0.21126760563380276
1767329009,799044189,159_1767329009-799044189.png,-195757,201227,0,0,-1.8742053462009804,1.92657590379902,62.09,820.94,-116.0,-767.0,189.0,1391.0,164.0,-106.0,32.352486343891414,-516.4947550673422,455.840388682806,990.383712378534,184.92903722723355,-64.12229020855696,-148.54831320047384,104.0021502971648,-0.5235987755982988,0.5206306759702624,,,,,,,,,,1.0,0.5000000000291038,0.7663794479017072,0.38933613257280475,0.4958197019265721,0.3273955773955774,0.3291899730681583,0.5836976889444098,0.6442992874109263,0.28638497652582157
1767329009,832399658,160_1767329009-832399658.png,-195757,201227,0,0,-1.8742053462009804,1.92657590379902,62.12,856.15,-219.0,-627.0,64.0,1543.0,10.0,-60.0,-0.8657019523420342,-545.8739062299849,402.8421257569802,1072.1759173644357,157.40953108647616,-65.66836239057271,-148.60214784741407,104.16850948333727,-0.5235987755982988,0.5206306759702624,,,,,,,,,,1.0,0.5000000000291038,0.7664273176958671,0.4165129400504789,0.4583787713558706,0.4133906633906634,0.3032939714108142,0.6311680199875078,0.5528503562945368,0.5023474178403755
1767329009,865756104,161_1767329009-865756104.png,-195757,201226,0,-50,-1.8742053462009804,1.9265663296568627,62.2,870.71,-303.0,-601.0,13.0,1580.0,-28.0,-69.0,-43.7108188988374,-558.3004367861746,341.15909256052254,1155.809629775695,129.60591365104034,-65.24033695498396,-91.92952534556392,132.11914539337147,-0.5235987755982988,0.5206306759702624,,,,,,,,,,1.0,0.0,0.7665549704802935,0.4277510632221614,0.42784442021083235,0.42936117936117935,0.2927284027346178,0.6427232979387882,0.5302850356294537,0.460093896713615
1767329009,899111328,162_1767329009-899111328.png,-195757,201226,0,0,-1.8742053462009804,1.9265663296568627,62.15,886.45,-421.0,-708.0,-185.0,1670.0,-23.0,-91.0,-109.2163046274678,-579.4920652665652,252.47344918662037,1250.7317879398954,98.90511309985216,-68.60076498676156,-92.36448851227765,134.9260447025298,-0.5235987755982988,0.4346626687215862,,,,,,,,,,1.0,0.0,0.766475187490027,0.4398999683541861,0.3849509269356597,0.36363636363636365,0.2517091361093847,0.6708307307932542,0.5332541567695962,0.3568075117370892
1767329009,932467773,163_1767329009-932467773.png,-195757,201226,0,0,-1.8742053462009804,1.9265663296568627,62.16,912.48,-415.0,-722.0,-129.0,1711.0,-39.0,-87.0,-145.54749593223826,-596.4239132283753,207.14930316501824,1305.4178052682164,82.52014188733278,-70.78684010209108,-87.44657337665562,151.04955983161915,-0.5235987755982988,0.436725519920425,,,,,,,,,,1.0,0.0,0.7664911440880803,0.4599912009200442,0.38713195201744816,0.35503685503685506,0.2633105448518749,0.683635227982511,0.5237529691211401,0.3755868544600939
1767329009,965823242,164_1767329009-965823242.png,-195757,201226,0,0,-1.8742053462009804,1.9265663296568627,62.31,957.6,-518.0,-684.0,-621.0,1858.0,208.0,-91.0,-222.66045849367367,-616.3503684615888,69.40369722925993,1395.2032381034094,87.04900339779016,-71.58028123721826,-70.102920383215,168.23800301551807,-0.5235987755982988,0.4526379618838061,,,,,,,,,,1.0,0.0,0.7667304930588797,0.4948170331663566,0.3496910214467466,0.3783783783783784,0.16138388232856848,0.7295440349781387,0.6704275534441805,0.3568075117370892
1767329010,32535156,165_1767329010-32535156.png,-195757,201227,0,0,-1.8742053462009804,1.92657590379902,62.25,977.11,-469.0,-770.0,-543.0,1949.0,169.0,-116.0,-275.4824167609086,-640.0011026116213,-58.41820927923409,1497.9100508500098,106.43180085105702,-78.40667335413951,-51.35274794697767,187.4180278778075,-0.5235987755982988,0.4526379618838061,,,,,,,,,,1.0,0.5000000000291038,0.76663475347056,0.5098758094767635,0.36750272628135217,0.32555282555282555,0.1775429873627512,0.7579637726420987,0.6472684085510689,0.23943661971830987
1767329010,65891357,166_1767329010-65891357.png,-195757,201227,0,0,-1.8742053462009804,1.92657590379902,62.16,998.03,-360.0,-863.0,-136.0,1998.0,40.0,-101.0,-290.83212446951785,-670.0620223387663,-80.92729438304808,1569.7001245061565,100.25496392224214,-82.12218959635568,-63.18481108546262,187.81551313400257,-0.5235987755982988,0.4526379618838061,,,,,,,,,,1.0,0.5000000000291038,0.7664911440880803,0.5260228930448676,0.4071246819338422,0.26842751842751844,0.2618603687590636,0.7732667083073079,0.5706650831353919,0.30985915492957744
1767329010,99246826,167_1767329010-99246826.png,-195757,201227,0,0,-1.8742053462009804,1.92657590379902,62.21,1019.46,-376.0,-900.0,14.0,1996.0,-94.0,-71.0,-300.4982524598387,-696.3342714935527,-73.89510927907176,1620.4068685859495,80.96836936907998,-81.65001409710358,-63.96719929575925,179.16813111305223,-0.5235987755982988,0.4526379618838061,,,,,,,,,,1.0,0.5000000000291038,0.7665709270783467,0.5425636196636282,0.401308615049073,0.24570024570024573,0.2929355707478766,0.7726420986883198,0.4910926365795724,0.4507042253521127
1767329010,132603271,168_1767329010-132603271.png,-195757,201227,0,0,-1.8742053462009804,1.92657590379902,57.9,1065.34,-447.0,-855.0,-223.0,2136.0,-175.0,-78.0,-343.5801317773824,-725.946666977865,-76.36779115587106,1736.611694572366,15.404735579751677,-79.37973494658125,-74.90926986932759,172.69445180892933,-0.5235987755982988,0.4526379618838061,,,,,,,,,,1.0,0.5000000000291038,0.7596936333173766,0.5779760572403306,0.3754998182479098,0.2733415233415234,0.24383675160555213,0.816364772017489,0.44299287410926363,0.41784037558685444
1767329010,165958496,169_1767329010-165958496.png,-195757,201227,0,0,-1.8742053462009804,1.92657590379902,48.6,1078.95,-435.0,-913.0,-293.0,2190.0,-117.0,-111.0,-357.27868186759645,-751.7108376979033,-106.1284892402354,1801.4348922151462,-5.549225462833935,-83.09880119291014,-73.96323472261433,154.02238845825184,-0.5235987755982988,0.4526379618838061,,,,,,,,,,1.0,0.5000000000291038,0.7448539971278122,0.5884809237490256,0.3798618684114867,0.23771498771498778,0.22933499067743943,0.8332292317301686,0.47743467933491684,0.26291079812206575
1767329010,199314697,170_1767329010-199314697.png,-195757,201227,0,0,-1.8742053462009804,1.92657590379902,36.1,1092.66,-579.0,-863.0,-304.0,2256.0,-177.0,-132.0,-379.5455500806559,-766.3489603153886,-129.32686415226186,1853.5748679857345,-24.221291101422068,-88.31441488578804,-73.96323472261433,154.02238845825184,-0.5235987755982988,0.4526379618838061,,,,,,,,,,1.0,0.5000000000291038,0.7249082495611935,0.5990629751696139,0.32751726644856416,0.26842751842751844,0.22705614253159312,0.853841349156777,0.4418052256532066,0.164319248826291
1767329010,266026367,171_1767329010-266026367.png,-195757,201227,0,0,-1.8742053462009804,1.92657590379902,23.85,1104.5,-674.0,-829.0,-258.0,2267.0,-215.0,-123.0,-420.00140347987656,-776.4437304125661,-149.40596773919225,1913.7332017930603,-51.07883674999573,-93.63375435937374,-106.28947907686238,114.93356800079331,-0.5235987755982988,0.4526379618838061,,,,,,,,,,1.0,0.5000000000291038,0.705361416945907,0.6082016687377951,0.2929843693202472,0.2893120393120393,0.23658587114149576,0.8572767020612118,0.41923990498812347,0.20657276995305163
1767329010,299381592,172_1767329010-299381592.png,-195757,201227,0,0,-1.8742053462009804,1.92657590379902,-32.34,1117.88,-585.0,-826.0,-142.0,2297.0,-225.0,-132.0,-447.5426982800262,-775.5330437502168,-159.03658593522673,1982.39402052029,-83.2869582143492,-98.2981769133022,-144.17231619358068,61.89980697631824,-0.5235987755982988,0.4526379618838061,,,,,,,,,,1.0,0.5000000000291038,0.6157012924844422,0.6185290099491352,0.3253362413667757,0.29115479115479115,0.2606173606795111,0.8666458463460337,0.41330166270783847,0.164319248826291
1767329010,332738037,173_1767329010-332738037.png,-195757,201227,0,0,-1.8742053462009804,1.92657590379902,-53.92,1119.73,-624.0,-901.0,-289.0,2359.0,-173.0,-135.0,-468.8586477259273,-785.2479283507828,-161.12075366631828,2030.332431112992,-102.3927425074707,-103.3201732992578,-187.81059008836752,3.50558328628528,-0.5235987755982988,0.4526379618838061,,,,,,,,,,1.0,0.5000000000291038,0.5812669538854315,0.6199569308191635,0.31115957833515084,0.24508599508599505,0.23016366273047442,0.8860087445346658,0.44418052256532065,0.1502347417840375
1767329010,366093506,174_1767329010-366093506.png,-195757,201227,0,0,-1.8742053462009804,1.92657590379902,-66.92,1119.73,-657.0,-808.0,-215.0,2368.0,-239.0,-111.0,-498.6562603573008,-796.8349528741147,-176.5231251875548,2087.9461524170874,-120.5680894169892,-106.6228815082089,-209.5340065658093,-42.21639776229871,-0.5235987755982988,0.4185546812807846,,,,,,,,,,1.0,0.5000000000291038,0.560523376416148,0.6199569308191635,0.2991639403853144,0.3022113022113022,0.24549409571162215,0.8888194878201124,0.40498812351543945,0.26291079812206575
1767329010,399450195,175_1767329010-399450195.png,-195757,201227,0,0,-1.8742053462009804,1.92657590379902,-73.0,1127.61,-633.0,-893.0,-384.0,2411.0,-240.0,-100.0,-519.6406488005923,-806.1605664500945,-197.4451833113336,2132.7933990894967,-137.97829218086005,-106.26745833350536,-275.2279911339284,-128.97565078735363,-0.5235987755982988,0.4158174300152401,,,,,,,,,,1.0,0.5000000000291038,0.5508217647997447,0.6260391018763651,0.30788804071246817,0.25,0.2104827014708929,0.9022485946283573,0.4043942992874109,0.3145539906103286
1767329010,432805908,176_1767329010-432805908.png,-195757,201227,0,0,-1.8742053462009804,1.92657590379902,-83.04,1133.68,-637.0,-920.0,-314.0,2405.0,-214.0,-118.0,-536.6937809640053,-822.0680848987205,-216.4103647408665,2172.765960610447,-149.80898556006193,-107.48953443104882,-263.22487798333174,-123.85061287879957,-0.5235987755982988,0.4017984674288428,,,,,,,,,,1.0,0.5000000000291038,0.5348013403542364,0.630724226028296,0.30643402399127584,0.2334152334152334,0.2249844623990056,0.9003747657713929,0.41983372921615203,0.2300469483568075
1767329010,466162354,177_1767329010-466162354.png,-195757,201227,0,0,-1.8742053462009804,1.92657590379902,-83.74,1145.5,-669.0,-933.0,-359.0,2431.0,-197.0,-121.0,-551.5076200894031,-834.8802541851643,-232.0779858265793,2202.711566300463,-155.8971729663299,-109.00982944135988,-280.2597447931767,-147.4690320491792,-0.5235987755982988,0.4135011534847476,,,,,,,,,,1.0,0.5000000000291038,0.5336843784905058,0.6398474826140986,0.29480189022173753,0.22542997542997545,0.21566190180236172,0.9084946908182386,0.42992874109263657,0.215962441314554
1767329010,499518066,178_1767329010-499518066.png,-195757,201227,0,0,-1.8742053462009804,1.92657590379902,-89.98,1152.85,-699.0,-921.0,-425.0,2439.0,-206.0,-116.0,-572.2543215418112,-847.8037046884796,-258.4809755423157,2237.047391001394,-162.9774458362498,-110.16922704646468,-280.0771355926991,-163.77337861061108,-0.5235987755982988,0.4135011534847476,,,,,,,,,,1.0,0.5000000000291038,0.5237274613052496,0.6455205736382651,0.2838967648127953,0.23280098280098283,0.20198881292728404,0.9109931292941911,0.42458432304038,0.23943661971830987
1767329010,532874512,179_1767329010-532874512.png,-195757,201227,0,0,-1.8742053462009804,1.92657590379902,-101.31,1173.38,-730.0,-929.0,-391.0,2463.0,-178.0,-131.0,-592.9358112353076,-848.3849325446556,-272.5012095281282,2272.234720602886,-164.7234526861783,-110.36857373604823,-260.5406136512757,-155.9671063423158,-0.5235987755982988,0.4135011534847476,,,,,,,,,,1.0,0.5000000000291038,0.5056486357108664,0.661366636049985,0.27262813522355506,0.22788697788697787,0.20903252537808165,0.9184884447220487,0.4412114014251781,0.16901408450704225
1767329010,566229980,180_1767329010-566229980.png,-195757,201227,0,0,-1.8742053462009804,1.92657590379902,-100.07,1180.84,-701.0,-1029.0,-353.0,2572.0,-233.0,-147.0,-614.8455153367859,-871.3669210862927,-289.5406173695565,2315.0670197449745,-171.9955643934044,-115.38208477920756,-216.9745522141457,-96.85600495338451,-0.5235987755982988,0.4135011534847476,,,,,,,,,,1.0,0.5000000000291038,0.5076272538694749,0.6671246304772342,0.28316975645219916,0.16646191646191644,0.21690490988191424,0.9525296689569019,0.4085510688836104,0.0938967136150235
1767329010,599586670,181_1767329010-599586670.png,-195757,201227,0,0,-1.8742053462009804,1.92657590379902,-83.88,1185.96,-738.0,-1047.0,-429.0,2584.0,-160.0,-133.0,-630.7935424704376,-896.0485376830899,-305.6993166068909,2353.7274130308097,-172.24358854024163,-118.34255930443544,-191.71343964338308,-40.91604495048535,-0.5235987755982988,0.4135011534847476,,,,,,,,,,1.0,0.5000000000291038,0.5334609861177596,0.6710764979661776,0.26972010178117045,0.15540540540540537,0.20116014087424905,0.9562773266708308,0.4519002375296912,0.15962441314553988
1767329010,632942139,182_1767329010-632942139.png,-195757,201227,0,0,-1.8742053462009804,1.92657590379902,-61.07,1191.87,-759.0,-965.0,-470.0,2613.0,-166.0,-116.0,-648.9666915072844,-908.3812590654076,-328.60238204406335,2390.848484699639,-171.165943996276,-118.4662629301202,-126.7356052398682,73.91592669486987,-0.5235987755982988,0.4135011534847476,,,,,,,,,,1.0,0.5000000000291038,0.5698579862773255,0.6756381262590788,0.2620865139949109,0.20577395577395574,0.19266625233064016,0.9653341661461586,0.4483372921615202,0.23943661971830987
1767329010,699654297,183_1767329010-699654297.png,-195757,201227,0,0,-1.8742053462009804,1.92657590379902,-32.31,1198.32,-746.0,-919.0,-409.0,2631.0,-218.0,-130.0,-660.4955458809251,-909.6429074598404,-338.1546939645745,2419.3816955167767,-176.7304560157173,-119.83662509882322,-93.61366012692456,83.60645675659167,-0.5235987755982988,0.4135011534847476,,,,,,,,,,1.0,0.5000000000291038,0.6157491622786021,0.6806165530762046,0.26681206833878585,0.2340294840294841,0.20530350113942408,0.9709556527170519,0.417458432304038,0.17370892018779338
1767329010,733010742,184_1767329010-733010742.png,-195757,201227,0,0,-1.8742053462009804,1.92657590379902,27.21,1219.85,-807.0,-911.0,-159.0,2609.0,-243.0,-165.0,-681.9927392631383,-910.7875490197932,-331.6588768038005,2457.8225818990527,-186.31993868871712,-126.74525554391788,-15.895327270031029,131.59456229209889,-0.5235987755982988,0.4135011534847476,,,,,,,,,,1.0,0.5000000000291038,0.7107228338918141,0.6972344646068586,0.24463831334060337,0.23894348894348894,0.2570955044541123,0.9640849469081824,0.4026128266033254,0.009389671361502372
1767329010,766366211,185_1767329010-766366211.png,-195757,201227,0,0,-1.8742053462009804,1.92657590379902,44.57,1226.77,-659.0,-960.0,-174.0,2691.0,-292.0,-167.0,-691.2039109246898,-913.8215629108944,-307.32819590254684,2484.9563797800606,-197.61187910931,-132.5207067350978,-3.3539325892925773,141.41691875457752,-0.5235987755982988,0.4135011534847476,,,,,,,,,,1.0,0.5000000000291038,0.7384234881123344,0.7025756605098835,0.2984369320247182,0.20884520884520885,0.253987984255231,0.9896939412866957,0.3735154394299287,0.0
1767329010,799722656,186_1767329010-799722656.png,-195757,201227,0,0,-1.8742053462009804,1.92657590379902,45.56,1233.31,-669.0,-983.0,-101.0,2724.0,-305.0,-152.0,-686.8266765836661,-924.5346675356866,-275.61350414133005,2524.4849638312458,-215.4682801547203,-136.69709790016793,-41.01058626174932,111.71829342842088,-0.5235987755982988,0.4135011534847476,,,,,,,,,,1.0,0.5000000000291038,0.7400031913196106,0.7076235537477134,0.29480189022173753,0.19471744471744468,0.26911124922311996,1.0,0.3657957244655582,0.07042253521126762
1767329010,833078125,187_1767329010-833078125.png,-195757,201227,0,0,-1.8742053462009804,1.92657590379902,45.79,1240.0,-393.0,-1085.0,-63.0,2667.0,-155.0,-146.0,-659.7296007857592,-940.7125107237104,-251.42794371126325,2543.031305260295,-212.53028665431515,-137.9722649138604,-53.03714248538022,100.45559024810778,-0.5235987755982988,0.4135011534847476,,,,,,,,,,1.0,0.5000000000291038,0.7403701930748363,0.7127872243533834,0.3951290439840058,0.1320638820638821,0.27698363372695256,0.9821986258588382,0.4548693586698337,0.09859154929577463
1767329010,866434570,188_1767329010-866434570.png,-195757,201227,0,0,-1.8742053462009804,1.92657590379902,46.0,1248.77,-323.0,-1138.0,-36.0,2613.0,-26.0,-131.0,-612.4056406256175,-968.110485445356,-220.66393588342697,2554.744791757992,-188.79002768139952,-137.364055015203,-56.55159032344823,101.60806822776782,-0.5235987755982988,0.3962007611900047,,,,,,,,,,1.0,0.5000000000291038,0.7407052816339555,0.7195563411264366,0.4205743366048709,0.09950859950859947,0.2825771700849389,0.9653341661461586,0.5314726840855106,0.16901408450704225
1767329010,899790039,189_1767329010-899790039.png,-195757,201227,0,0,-1.8742053462009804,1.92657590379902,45.42,1262.86,-520.0,-1254.0,-91.0,2615.0,-55.0,-114.0,-575.5455495845711,-997.051873461304,-190.11758064395707,2565.565198570817,-151.8902273664617,-135.0443961439814,-36.64510941505437,115.1850411891936,-0.5235987755982988,0.4245589112998812,,,,,,,,,,1.0,0.5000000000291038,0.7397797989468644,0.7304316952122198,0.34896401308615044,0.02825552825552824,0.2711829293557075,0.9659587757651468,0.514251781472684,0.24882629107981213
1767329010,966501953,190_1767329010-966501953.png,-195757,201227,0,0,-1.8742053462009804,1.92657590379902,44.53,1264.77,-504.0,-1300.0,-153.0,2670.0,-151.0,-117.0,-561.2295430512279,-1059.9477958220175,-175.33022694427837,2583.149112458568,-141.64036424788964,-130.6972006848142,-21.20008558034902,116.77225971221912,-0.5235987755982988,0.4245589112998812,,,,,,,,,,1.0,0.5000000000291038,0.7383596617201211,0.7319059270293843,0.35478007997091965,0.0,0.2583385125336648,0.9831355402873204,0.4572446555819477,0.23474178403755863
1767329010,999858398,191_1767329010-999858398.png,-195757,201227,0,0,-1.8742053462009804,1.92657590379902,43.23,1273.64,-340.0,-1082.0,-41.0,2642.0,-117.0,-142.0,-522.6552094256622,-1071.4651024428913,-162.65957869058084,2600.875078759555,-146.21995649056677,-132.52969183968298,-28.8486316800118,112.05645680427538,-0.5235987755982988,0.4245589112998812,,,,,,,,,,1.0,0.5000000000291038,0.7362853039731928,0.738752228714331,0.4143947655398037,0.13390663390663393,0.2815413300186451,0.9743910056214865,0.47743467933491684,0.11737089201877937
1767329011,33213623,192_1767329011-33213623.png,-195757,201227,0,0,-1.8742053462009804,1.92657590379902,42.83,1281.39,-407.0,-956.0,117.0,2592.0,-119.0,-132.0,-508.20972332000406,-1068.4965820417185,-146.73091034435197,2603.04070088874,-143.6376950232797,-133.07552271921602,-25.872075736522724,118.92618846893298,-0.5235987755982988,0.4245589112998812,,,,,,,,,,1.0,0.5000000000291038,0.735647040051061,0.7447340593860713,0.39003998545983276,0.21130221130221127,0.3142738761135281,0.9587757651467832,0.47624703087885983,0.164319248826291
1767329011,66570068,193_1767329011-66570068.png,-195757,201227,0,0,-1.8742053462009804,1.92657590379902,42.69,1285.75,-466.0,-959.0,86.0,2567.0,-96.0,-129.0,-495.24510544360953,-1052.1382564838054,-109.12734865206129,2600.647920383823,-139.31871870599647,-132.82485612363266,-29.91662275791173,123.6190650463103,-0.5235987755982988,0.4245589112998812,,,,,,,,,,1.0,0.5000000000291038,0.7354236476783149,0.7480993215446244,0.3685932388222464,0.20945945945945943,0.30785166770250677,0.9509681449094316,0.4899049881235154,0.17840375586854462
1767329011,99925537,194_1767329011-99925537.png,-195757,201227,0,0,-1.8742053462009804,1.92657590379902,42.79,1288.46,-425.0,-1021.0,45.0,2540.0,-64.0,-126.0,-486.48041513921737,-1041.6536574631389,-79.11677069836801,2592.389403051781,-128.93640896692392,-131.89234659535046,-30.103907585144093,123.87741613388047,-0.5235987755982988,0.4245589112998812,,,,,,,,,,1.0,0.5000000000291038,0.7355832136588478,0.7501910326569362,0.3834969102144674,0.1713759213759214,0.2993577791588979,0.9425359150530918,0.5089073634204275,0.19248826291079812
1767329011,133281982,195_1767329011-133281982.png,-195757,201227,0,0,-1.8742053462009804,1.92657590379902,43.21,1289.42,-456.0,-951.0,89.0,2456.0,14.0,-114.0,-480.295022368783,-1032.2979680557153,-56.98354339923754,2577.125568053251,-112.38069924757644,-129.9445943531858,-50.78777638077741,108.06741857528674,-0.5235987755982988,0.4245589112998812,,,,,,,,,,1.0,0.5000000000291038,0.7362533907770862,0.7509320078111131,0.37222828062522717,0.21437346437346438,0.308473171742283,0.9163023110555902,0.5552256532066508,0.24882629107981213
1767329011,166637207,196_1767329011-166637207.png,-195757,201227,0,0,-1.8742053462009804,1.92657590379902,44.24,1289.0,-485.0,-853.0,57.0,2379.0,77.0,-94.0,-480.1876616251919,-1008.7650943857764,-39.43667106379917,2550.2633141423503,-86.41331252552105,-125.23656033838728,-40.898241341114094,131.0843081474303,-0.5235987755982988,0.4245589112998812,,,,,,,,,,1.0,0.5000000000291038,0.7378969203765756,0.7506078311811607,0.36168665939658307,0.27457002457002455,0.3018437953180029,0.8922548407245472,0.5926365795724465,0.3427230046948357
1767329011,199993652,197_1767329011-199993652.png,-195757,201227,0,0,-1.8742053462009804,1.92657590379902,45.94,1284.07,-480.0,-753.0,56.0,2352.0,99.0,-87.0,-480.29735993422986,-974.10438533272,-25.45240941910295,2522.009493111068,-59.90155692603048,-119.83677508038936,-45.13396954536443,122.8099088668822,-0.5235987755982988,0.4245589112998812,,,,,,,,,,1.0,0.5000000000291038,0.7406095420456358,0.7468026150248149,0.3635041802980734,0.335995085995086,0.30163662730474416,0.8838226108682073,0.6057007125890737,0.3755868544600939
1767329011,233348877,198_1767329011-233348877.png,-195757,201227,0,0,-1.8742053462009804,1.92657590379902,51.21,1273.27,-409.0,-862.0,518.0,2263.0,13.0,-81.0,-447.71435673357854,-946.6545763334937,35.451425661235454,2487.3083477063165,-43.477338510503216,-115.53386505497105,-73.77523556351666,104.66400480270372,-0.5235987755982988,0.4245589112998812,,,,,,,,,,1.0,0.5000000000291038,0.7490186692197223,0.7384666445403253,0.3893129770992366,0.269041769041769,0.397348249430288,0.8560274828232355,0.5546318289786223,0.40375586854460094
1767329011,266705322,199_1767329011-266705322.png,-195757,201227,0,0,-1.8742053462009804,1.92657590379902,54.79,1273.26,-178.0,-1262.0,611.0,2082.0,27.0,-83.0,-427.8959592886447,-958.7883704371396,111.7196774483972,2443.412575104759,-34.360005122416325,-110.60613868888728,-74.82335522770886,106.43062186241136,-0.5235987755982988,0.40397950809353,,,,,,,,,,1.0,0.5000000000291038,0.7547311313228019,0.7384589260491359,0.47328244274809156,0.023341523341523396,0.416614874663352,0.7995003123048094,0.5629453681710214,0.39436619718309857
1767329011,300060547,200_1767329011-300060547.png,-195757,201227,0,0,-1.8742053462009804,1.92657590379902,59.17,1278.89,133.0,-1253.0,542.0,2036.0,5.0,-109.0,-372.2912115406265,-1002.5790319981012,180.5067078800156,2387.7398487231044,-26.7348667106962,-108.1623657301982,-33.758689165115406,140.6087656021117,-0.5235987755982988,0.4053722766795575,,,,,,,,,,1.0,0.5000000000291038,0.7617201212701451,0.7428044365887357,0.5863322428207924,0.028869778869778928,0.40232028174849804,0.7851342910680824,0.5498812351543942,0.272300469483568
1767329011,333416992,201_1767329011-333416992.png,-195757,201227,0,0,-1.8742053462009804,1.92657590379902,64.92,1284.24,157.0,-1161.0,456.0,1985.0,-1.0,-109.0,-282.11701839089807,-1034.9250839315173,232.76077332614813,2320.8939078155445,-21.963437482154895,-108.30712277555224,-7.847924232482961,173.7085120677947,-0.5235987755982988,0.406639762916396,,,,,,,,,,1.0,0.5000000000291038,0.7708951651507897,0.7469338293750337,0.5950563431479462,0.08538083538083541,0.3845038326082453,0.769206745783885,0.5463182897862233,0.272300469483568
1767329011,400129639,202_1767329011-400129639.png,-195757,201227,0,0,-1.8742053462009804,1.92657590379902,91.83,1281.16,45.0,-738.0,625.0,1537.0,179.0,-64.0,-173.7093639039951,-984.1378612196606,330.7075870757776,2125.556468206993,43.38971314959559,-101.1402992728882,-47.76810076832776,178.52862977981556,-0.5235987755982988,0.4007195772824214,,,,,,,,,,1.0,0.5000000000291038,0.8138343705122066,0.7445565340887164,0.5543438749545619,0.3452088452088452,0.4195152268489746,0.6292941911305434,0.6532066508313539,0.4835680751173709
1767329011,433485352,203_1767329011-433485352.png,-195757,201227,0,0,-1.8742053462009804,1.92657590379902,91.83,1281.16,45.0,-738.0,625.0,1537.0,179.0,-64.0,-166.90165675987132,-976.4763946671816,339.8679473189956,2107.236630401184,47.61081782535799,-99.98424323494952,-16.458805233240177,205.8235726356505,-0.5235987755982988,0.4119611498037616,,,,,,,,,,1.0,0.5000000000291038,0.8138343705122066,0.7445565340887164,0.5543438749545619,0.3452088452088452,0.4195152268489746,0.6292941911305434,0.6532066508313539,0.4835680751173709
1767329011,466842041,204_1767329011-466842041.png,-195757,201227,0,0,-1.8742053462009804,1.92657590379902,103.01,1272.79,-62.0,-576.0,557.0,1473.0,70.0,-63.0,-148.62580180286974,-922.3534049726906,373.4868706299325,2016.240127789698,53.87475462252012,-94.60302837310078,-23.17060250043874,208.6138503551482,-0.5235987755982988,0.4155410777782955,,,,,,,,,,1.0,0.5000000000291038,0.8316738471357905,0.7380961569632368,0.515448927662668,0.44471744471744473,0.4054278019473794,0.6093066833229231,0.588479809976247,0.48826291079812206
1767329011,533554688,205_1767329011-533554688.png,-195757,201227,0,0,-1.8742053462009804,1.92657590379902,145.75,1208.3,-267.0,-491.0,-86.0,1171.0,143.0,-66.0,-105.97709336755976,-782.2929372866917,335.11344220956204,1748.0480863626583,75.26328786576447,-85.4777676095529,-22.654075622558643,275.23418474197376,-0.5235987755982988,0.3966685211705251,,,,,,,,,,1.0,0.5000000000291038,0.8998723472155735,0.6883196072831682,0.44093057070156305,0.49692874692874694,0.27221876942200124,0.5149906308557152,0.6318289786223278,0.4741784037558685
1767329011,566910400,206_1767329011-566910400.png,-195757,201227,0,0,-1.8742053462009804,1.92657590379902,145.75,1208.3,-267.0,-491.0,-86.0,1171.0,143.0,-66.0,-110.9892097775843,-773.2259409093903,322.0055581306937,1730.0864668420677,77.37171016138282,-84.87148841171599,-19.466467082500508,273.9667885303496,-0.5235987755982988,0.4126457841347812,,,,,,,,,,1.0,0.5000000000291038,0.8998723472155735,0.6883196072831682,0.44093057070156305,0.49692874692874694,0.27221876942200124,0.5149906308557152,0.6318289786223278,0.4741784037558685
1767329011,600267090,207_1767329011-600267090.png,-195757,201227,0,0,-1.8742053462009804,1.92657590379902,145.75,1208.3,-267.0,-491.0,-86.0,1171.0,143.0,-66.0,-120.5502663325859,-755.9298412070792,297.00110676882844,1695.8230846683582,81.39371267710946,-83.71495707356789,-8.066639661788992,293.2759172916411,-0.5235987755982988,0.4231756327763929,,,,,,,,,,1.0,0.5000000000291038,0.8998723472155735,0.6883196072831682,0.44093057070156305,0.49692874692874694,0.27221876942200124,0.5149906308557152,0.6318289786223278,0.4741784037558685
1767329011,633622803,208_1767329011-633622803.png,-195757,201227,0,0,-1.8742053462009804,1.92657590379902,145.75,1137.12,-230.0,-397.0,-142.0,1078.0,104.0,-72.0,-137.57124833535377,-706.017560299417,234.3367762657706,1608.0223542513666,85.76940729509883,-81.83716959635127,6.706652462482401,274.93528270721424,-0.5235987755982988,0.4011479048369344,,,,,,,,,,1.0,0.5000000000291038,0.8998723472155735,0.6333793869974297,0.45438022537259176,0.5546683046683046,0.2606173606795111,0.48594628357276703,0.6086698337292161,0.4460093896713615
1767329011,666979736,209_1767329011-666979736.png,-195757,201227,0,0,-1.8742053462009804,1.92657590379902,145.75,998.06,-123.0,-256.0,-234.0,1114.0,-8.0,-77.0,-135.44032234980503,-640.2061698732039,165.8463502182328,1535.775622338768,72.05639780847696,-81.12977307464337,-9.799154192209295,261.01040267944325,-0.5235987755982988,0.4174969583349156,,,,,,,,,,1.0,0.5000000000291038,0.8998723472155735,0.5260460485184356,0.4932751726644856,0.6412776412776413,0.24155790345970585,0.4971892567145534,0.5421615201900237,0.4225352112676056
1767329011,733692139,210_1767329011-733692139.png,-195757,201227,0,0,-1.8742053462009804,1.92657590379902,158.34,943.03,-246.0,-381.0,-145.0,941.0,-214.0,-86.0,-142.8765652417293,-570.2308403862457,95.42677349567036,1418.1229758240256,11.26079976410966,-82.21831809335966,-16.861168891191532,251.57507133483875,-0.5235987755982988,0.4174969583349156,,,,,,,,,,1.0,0.5000000000291038,0.9199617041646719,0.4835711915034848,0.44856415848782255,0.5644963144963144,0.25999585663973485,0.4431605246720799,0.41983372921615203,0.38028169014084506
1767329011,767047852,211_1767329011-767047852.png,-195757,201227,0,0,-1.8742053462009804,1.92657590379902,161.76,888.27,-162.0,-506.0,-34.0,761.0,-87.0,-70.0,-147.5266950855444,-559.0606522588442,76.90677187176867,1345.143716597431,-4.009221802695036,-81.21957285416146,33.5842331051826,235.8374350070952,-0.5235987755982988,0.4174969583349156,,,,,,,,,,1.0,0.5000000000291038,0.9254188606988989,0.4413047337506464,0.4790985096328607,0.4877149877149877,0.2829915061114564,0.38694565896314803,0.49524940617577196,0.4553990610328638
1767329011,800404541,212_1767329011-800404541.png,-195757,201227,0,0,-1.8742053462009804,1.92657590379902,163.15,811.99,-260.0,-408.0,-70.0,653.0,-29.0,-48.0,-161.28700789549492,-539.657255254793,56.41028155482842,1246.8856280101968,-9.254769418441391,-76.9649078785859,-55.03993421792989,173.4960136413573,-0.5235987755982988,0.4174969583349156,,,,,,,,,,1.0,0.5000000000291038,0.9276368278283069,0.3824280829583433,0.44347509996364953,0.547911547911548,0.2755334576341413,0.35321673953778887,0.5296912114014252,0.5586854460093896
1767329011,833760254,213_1767329011-833760254.png,-195757,201227,0,0,-1.8742053462009804,1.92657590379902,161.32,711.46,-153.0,-260.0,10.0,523.0,56.0,-35.0,-168.1961512865717,-499.3142704505026,37.55089509657493,1111.5140855670134,2.517730035426353,-70.08222323562768,-89.28915995359425,160.62459850311268,-0.5235987755982988,0.4174969583349156,,,,,,,,,,1.0,0.5000000000291038,0.9247167703845538,0.3048340910318851,0.4823700472555434,0.6388206388206388,0.2921068986948415,0.31261711430356026,0.580166270783848,0.6197183098591549
1767329011,867116943,214_1767329011-867116943.png,-195757,201227,0,0,-1.8742053462009804,1.92657590379902,159.36,677.4,-76.0,-202.0,7.0,463.0,57.0,-34.0,-156.030112568914,-444.90388593080615,31.72383787081426,987.5275472355396,13.256199153339209,-62.99734178589654,-102.10907912254338,160.5308871269225,-0.5235987755982988,0.4174969583349156,,,,,,,,,,1.0,0.5000000000291038,0.9215892771661081,0.27854491004098514,0.5103598691384951,0.6744471744471745,0.2914853946550653,0.2938788257339163,0.5807600950118765,0.6244131455399061
1767329011,900472656,215_1767329011-900472656.png,-195757,201227,0,0,-1.8742053462009804,1.92657590379902,157.01,645.43,-129.0,-191.0,136.0,386.0,59.0,-26.0,-150.6234712558338,-408.0742306761338,43.435103353591536,901.6710506710662,19.89099927082273,-57.806210571300944,-290.5848274528981,185.9643552303313,-0.5235987755982988,0.4174969583349156,,,,,,,,,,1.0,0.5000000000291038,0.9178394766235837,0.25386889370865784,0.49109414758269715,0.6812039312039312,0.3182100683654444,0.2698313554028732,0.5819477434679334,0.6619718309859155
1767329011,933829102,216_1767329011-933829102.png,-195757,201227,0,0,-1.8742053462009804,1.92657590379902,155.68,596.52,-111.0,-132.0,215.0,268.0,103.0,-26.0,-145.3225746444136,-369.31890965491095,66.3582192230501,812.2383961839381,32.04501141932909,-53.154812211438006,-290.5848274528981,185.9643552303313,-0.5235987755982988,0.4174969583349156,,,,,,,,,,1.0,0.5000000000291038,0.9157172490824955,0.2161177533015846,0.4976372228280625,0.7174447174447174,0.3345763414128859,0.23297938788257339,0.6080760095011877,0.6619718309859155
1767329011,967184814,217_1767329011-967184814.png,-195757,201227,0,0,-1.8742053462009804,1.92657590379902,152.96,546.84,-40.0,-114.0,294.0,202.0,66.0,-31.0,-129.9200088511906,-331.980605711139,99.6489692596985,722.9960179140623,37.01065100217857,-49.91485198567197,-349.8468380272389,264.6344823837279,-0.5235987755982988,0.4174969583349156,,,,,,,,,,1.0,0.5000000000291038,0.9113770544119992,0.17777228907293205,0.5234460196292257,0.7285012285012284,0.3509426144603274,0.212367270455965,0.586104513064133,0.6384976525821596
1767329012,541504,218_1767329012-541504.png,-195757,201227,0,0,-1.8742053462009804,1.92657590379902,150.23,484.36,74.0,-79.0,173.0,148.0,108.0,-47.0,-96.37953872058458,-280.8935065662098,112.60861923527276,632.5536603507255,45.31146940909343,-49.411117388960506,-362.3500484228135,289.16150069236744,-0.5235987755982988,0.4174969583349156,,,,,,,,,,1.0,0.5000000000291038,0.9070209031434496,0.12954715612192133,0.564885496183206,0.75,0.32587528485601824,0.19550281074328546,0.6110451306413301,0.5633802816901409
1767329012,67253906,219_1767329012-67253906.png,-195757,201227,0,0,-1.8742053462009804,1.92657590379902,147.61,434.42,202.0,-115.0,350.0,141.0,-101.0,-34.0,-13.592032303719316,-228.2964525856008,165.65580919697126,492.6245148436919,26.059260616927958,-47.52621799019308,-386.3782891333104,330.7962901592253,-0.5235987755982988,0.4761897656853756,,,,,,,,,,1.0,0.5000000000291038,0.9028402744534864,0.09100101112234585,0.6114140312613594,0.7278869778869779,0.36254402320281753,0.19331667707682698,0.4869358669833729,0.6244131455399061
1767329012,100609375,220_1767329012-100609375.png,-195757,201227,0,0,-1.8742053462009804,1.92657590379902,145.55,405.89,222.0,-261.0,351.0,87.0,-94.0,-33.0,6.542384423986981,-222.58720398727093,182.3707719955505,459.1203428440109,14.77781125733305,-46.27091813894176,-388.7937049269677,351.90269994735706,-0.5235987755982988,0.4761897656853756,,,,,,,,,,1.0,0.5000000000291038,0.8995532152545076,0.0689801557591522,0.6186841148673209,0.6382063882063882,0.36275119121607624,0.1764522173641474,0.4910926365795724,0.6291079812206573
1767329012,133966064,221_1767329012-133966064.png,-195757,201227,0,0,-1.8742053462009804,1.92657590379902,144.1,390.84,59.0,-142.0,179.0,-13.0,24.0,-14.0,34.57241236716912,-219.4446607107288,200.28783244885693,376.1802505559998,3.8578889020280354,-41.91622019285622,-385.9148176312447,366.92188239097584,-0.5235987755982988,0.4761897656853756,,,,,,,,,,1.0,0.5000000000291038,0.8972395085367798,0.057363826519192,0.5594329334787349,0.7113022113022113,0.32711829293557076,0.1452217364147408,0.5611638954869359,0.7183098591549295
1767329012,167321777,222_1767329012-167321777.png,-195757,201227,0,0,-1.8742053462009804,1.92657590379902,143.15,384.36,150.0,-21.0,69.0,40.0,46.0,-14.0,46.380586458097405,-197.16806119461512,187.2192511066159,324.0625169463576,8.794590003017756,-37.83370113490254,-385.9148176312447,366.92188239097584,-0.5235987755982988,0.4761897656853756,,,,,,,,,,1.0,0.5000000000291038,0.8957236317217168,0.05236224422849825,0.5925118138858596,0.7856265356265356,0.30432981147710797,0.1617738913179263,0.5742280285035629,0.7183098591549295
1767329012,234033936,223_1767329012-234033936.png,-195757,201227,0,0,-1.8742053462009804,1.92657590379902,142.3,384.36,-91.0,208.0,126.0,162.0,-191.0,-26.0,35.653711486489414,-139.51504699608182,173.56137279653873,289.4670504601522,-12.934468921921374,-35.1406041193,-371.68441772460943,366.9311962127685,-0.5235987755982988,0.4761897656853756,,,,,,,,,,1.0,0.5000000000291038,0.8943673208871867,0.05236224422849825,0.5049073064340239,0.9262899262899262,0.3161383882328569,0.19987507807620236,0.4334916864608076,0.6619718309859155
1767329012,267390381,224_1767329012-267390381.png,-195757,201227,0,0,-1.8742053462009804,1.92657590379902,140.77,353.42,-160.0,-213.0,217.0,99.0,-239.0,-8.0,8.149906849762383,-109.91946441993866,193.9108574834922,258.2012803680506,-61.73332039582287,-32.000545096459284,-368.36758005619055,372.6613459587096,-0.5235987755982988,0.4761897656853756,,,,,,,,,,1.0,0.5000000000291038,0.8919259613850326,0.028481232488673153,0.47982551799345685,0.6676904176904177,0.33499067743940336,0.1801998750780762,0.40498812351543945,0.7464788732394366
1767329012,300746094,225_1767329012-300746094.png,-195757,201227,0,0,-1.8742053462009804,1.92657590379902,140.19,348.39,-83.0,-231.0,163.0,-22.0,-29.0,11.0,-11.760546575932205,-129.872125232151,191.48512092916005,216.312250253507,-67.41712463041539,-25.59540022027492,-367.7966340780259,377.0444304943084,-0.5235987755982988,0.4761897656853756,,,,,,,,,,1.0,0.5000000000291038,0.8910004786979415,0.024598831420433925,0.5078153398764085,0.6566339066339066,0.3238036047234307,0.1424109931292942,0.5296912114014252,0.8356807511737089
1767329012,367458008,226_1767329012-367458008.png,-195757,201227,0,0,-1.8742053462009804,1.92657590379902,139.7,344.55,99.0,-8.0,-36.0,-10.0,71.0,-25.0,-4.371818400782538,-122.18282401698562,170.56663398829366,168.61210197235482,-48.64146915227796,-22.765753501675103,-381.7679263353348,391.4150843620299,-0.5235987755982988,0.4761897656853756,,,,,,,,,,1.0,0.5000000000291038,0.89021860539333,0.0216349308037265,0.5739731006906579,0.7936117936117936,0.2825771700849389,0.146158650843223,0.5890736342042755,0.6666666666666666
1767329012,400814209,227_1767329012-400814209.png,-195757,201227,0,0,-1.8742053462009804,1.92657590379902,139.42,344.68,-41.0,-25.0,-103.0,0.0,73.0,1.0,2.1656233157861955,-106.52635711064904,136.25188472900362,143.10438761725703,-31.02231288815008,-21.499094579230693,-375.1994500160218,386.0620727539061,-0.5235987755982988,0.4761897656853756,,,,,,,,,,1.0,0.5000000000291038,0.8897718206478378,0.02173527118918797,0.5230825154489276,0.7831695331695332,0.26869691319660244,0.14928169893816365,0.5902612826603325,0.7887323943661971
1767329012,434169434,228_1767329012-434169434.png,-195757,201227,0,0,-1.8742053462009804,1.92657590379902,139.44,345.09,-199.0,-37.0,141.0,7.0,50.0,4.0,-25.178029807101243,-91.76391447794444,117.73552547730874,115.52069544344243,-13.099929395997451,-16.6751432881548,-360.27420002222067,372.3614408969878,-0.5235987755982988,0.5150663760988112,,,,,,,,,,1.0,0.5000000000291038,0.8898037338439443,0.022051729327950992,0.465648854961832,0.7757985257985258,0.31924590843173817,0.1514678326046221,0.5766033254156769,0.8028169014084507
1767329012,467525635,229_1767329012-467525635.png,-195757,201227,0,0,-1.8742053462009804,1.92657590379902,139.21,347.62,-69.0,-33.0,322.0,28.0,72.0,17.0,-48.63833204307976,-79.05812250908683,157.71156586718936,99.97060342821074,2.1735040361171087,-10.855521980848966,-378.81409913301474,390.3836860656737,-0.5235987755982988,0.5216709422604917,,,,,,,,,,1.0,0.5000000000291038,0.8894367320887185,0.024004507598854613,0.5129043984005816,0.7782555282555282,0.3567433188315724,0.1580262336039975,0.5896674584323041,0.863849765258216
1767329012,500880859,230_1767329012-500880859.png,-195757,201227,0,0,-1.8742053462009804,1.92657590379902,139.01,348.01,76.0,67.0,219.0,3.0,-12.0,9.0,-43.27089993788648,-64.97005922636706,179.79101020196254,86.00077907356878,9.092771405923624,-6.531904097046076,-378.6990267634392,390.00454187393177,-0.5235987755982988,0.5268765898886744,,,,,,,,,,1.0,0.5000000000291038,0.8891176001276526,0.02430552875523892,0.5656125045438022,0.8396805896805897,0.3354050134659209,0.15021861336664585,0.5397862232779097,0.8262910798122065
1767329012,534237061,231_1767329012-534237061.png,-195757,201227,0,0,-1.8742053462009804,1.92657590379902,139.03,347.89,32.0,35.0,317.0,-7.0,17.0,16.0,-29.810669491697425,-48.566635810305655,194.39436963811505,72.95755620126643,8.632734012251449,-3.626963977765829,-426.7023878693581,442.5456733703612,-0.5235987755982988,0.5268765898886744,,,,,,,,,,1.0,0.5000000000291038,0.8891495133237592,0.024212906860966804,0.5496183206106869,0.8200245700245701,0.35570747876527864,0.1470955652717052,0.5570071258907363,0.8591549295774648
1767329012,567592285,232_1767329012-567592285.png,-195757,201227,0,0,-1.8742053462009804,1.92657590379902,139.14,348.14,86.0,-64.0,169.0,21.0,55.0,15.0,-12.712842288147309,-45.88746366056558,197.99827011690215,62.46634339279163,14.593643916085036,-0.3539135986189643,-375.6631812751294,386.10047435760487,-0.5235987755982988,0.5268765898886744,,,,,,,,,,1.0,0.5000000000291038,0.8893250359023455,0.024405869140700392,0.569247546346783,0.7592137592137592,0.32504661280298325,0.15584009993753903,0.5795724465558195,0.8544600938967136
1767329012,600948486,233_1767329012-600948486.png,-195757,201227,0,0,-1.8742053462009804,1.92657590379902,139.36,346.69,101.0,5.0,328.0,-30.0,49.0,13.0,3.505304714352694,-40.33815155310005,212.64883591319176,50.34274769078728,19.78986305315364,1.6538440455711356,-356.98619538545614,372.4750695228576,-0.5235987755982988,0.5268765898886744,,,,,,,,,,1.0,0.5000000000291038,0.889676081059518,0.023286687918245758,0.574700109051254,0.8015970515970516,0.357986326911125,0.13991255465334165,0.5760095011876485,0.8450704225352113
1767329012,634303711,234_1767329012-634303711.png,-195757,201227,0,0,-1.8742053462009804,1.92657590379902,139.35,345.62,160.0,217.0,603.0,-32.0,48.0,3.0,22.0989668312222,-9.762938565692572,259.027773159012,40.55932835160439,23.14160448888002,1.8137853709149467,-356.96801239252096,371.98014736175526,-0.5235987755982988,0.5268765898886744,,,,,,,,,,1.0,0.5000000000291038,0.8896601244614647,0.022460809360986128,0.5961468556888404,0.9318181818181819,0.41495753055728196,0.13928794503435354,0.5754156769596199,0.7981220657276995
1767329012,701014893,235_1767329012-701014893.png,-195757,201227,0,0,-1.8742053462009804,1.92657590379902,139.31,347.43,157.0,-56.0,482.0,53.0,143.0,-14.0,50.096222299392686,24.78277305701176,314.49380787963094,28.93911654336272,28.342521118870675,1.2367909515133588,-370.8151407837868,378.91006064414967,-0.5235987755982988,0.5268765898886744,,,,,,,,,,1.0,0.5000000000291038,0.8895962980692516,0.02385785626625711,0.5950563431479462,0.7641277641277642,0.3898902009529729,0.16583385384134916,0.6318289786223278,0.7183098591549295
1767329012,734371094,236_1767329012-734371094.png,-195757,201227,0,0,-1.8742053462009804,1.92657590379902,139.41,350.38,93.0,-212.0,495.0,69.0,13.0,-8.0,61.80781266871409,3.4085574137714163,339.78691913995254,33.43837747349867,37.14324429998005,-0.6237576917070171,-371.048532485962,378.3515179157256,-0.5235987755982988,0.5268765898886744,,,,,,,,,,1.0,0.5000000000291038,0.8897558640497845,0.026134811167113053,0.5717920756088695,0.6683046683046683,0.39258338512533664,0.17083073079325423,0.5546318289786223,0.7464788732394366
1767329012,767726318,237_1767329012-767726318.png,-195757,201227,0,0,-1.8742053462009804,1.92657590379902,139.71,353.28,-121.0,222.0,320.0,-30.0,282.0,11.0,47.83054086217411,5.461015579667634,350.77215272149726,30.624144731696287,57.31639487047769,-0.1789234819766877,-372.58148866891867,378.9431605339049,-0.5235987755982988,0.5268765898886744,,,,,,,,,,1.0,0.5000000000291038,0.8902345619913833,0.028373173612022323,0.49400218102508175,0.9348894348894349,0.35632898280505493,0.13991255465334165,0.7143705463182898,0.8356807511737089
1767329012,801082275,238_1767329012-801082275.png,-195757,201227,0,0,-1.8742053462009804,1.92657590379902,140.11,355.97,-90.0,296.0,94.0,-101.0,351.0,15.0,22.33704761537501,51.67472018645644,318.60239456641875,11.71154132816136,104.34355769202963,2.228232728681704,-373.84020635485655,376.08138132095326,-0.5235987755982988,0.5268765898886744,,,,,,,,,,1.0,0.5000000000291038,0.8908728259135151,0.030449447741955432,0.505270810614322,0.9803439803439804,0.30950901180857676,0.11773891317926297,0.7553444180522565,0.8544600938967136
1767329012,834437500,239_1767329012-834437500.png,-195757,201227,0,0,-1.8742053462009804,1.92657590379902,140.43,358.61,-113.0,206.0,-13.0,-120.0,329.0,27.0,3.175964968433957,76.71209232120343,273.0430993454031,-7.02905448416374,137.19772637526222,5.850901244895438,-354.02444559335714,356.4432597160338,-0.5235987755982988,0.5268765898886744,,,,,,,,,,1.0,0.5000000000291038,0.8913834370512206,0.03248712941594181,0.4969102144674663,0.9250614250614251,0.2873420343898902,0.11180512179887571,0.7422802850356295,0.9107981220657277
1767329012,867793457,240_1767329012-867793457.png,-195757,201227,0,0,-1.8742053462009804,1.92657590379902,141.21,363.33,86.0,-66.0,449.0,-1.0,-44.0,-11.0,14.679779734308434,39.72599645835568,270.50452094435104,-4.870944846458163,119.61382060238176,2.6421976248528627,-371.1024320721627,368.9283661842345,-0.5235987755982988,0.5268765898886744,,,,,,,,,,1.0,0.5000000000291038,0.8926280516993775,0.036130257257311366,0.569247546346783,0.757985257985258,0.38305365651543405,0.14896939412866958,0.5207838479809976,0.7323943661971831
1767329012,934504639,241_1767329012-934504639.png,-195757,201227,0,0,-1.8742053462009804,1.92657590379902,141.34,363.6,197.0,69.0,565.0,13.0,23.0,-23.0,42.02969506914109,34.772420096400666,319.7296558136001,-2.438927209407936,95.08649469073364,-1.49241272836312,-372.18808662891394,373.5124859809874,-0.5235987755982988,0.5169528739092761,,,,,,,,,,1.0,0.5000000000291038,0.8928354874740704,0.03633865651942361,0.6095965103598691,0.8409090909090909,0.40708514605344936,0.1533416614615865,0.5605700712589073,0.676056338028169
1767329012,967859863,242_1767329012-967859863.png,-195757,201227,0,0,-1.8742053462009804,1.92657590379902,141.02,363.32,166.0,163.0,493.0,0.0,54.0,-20.0,60.15933901821968,53.52465571767167,345.0690275993332,-2.082254037159578,89.07793062150635,-4.198996113621482,-380.13269081711775,376.8376636505126,-0.5235987755982988,0.5243723509958159,,,,,,,,,,1.0,0.5000000000291038,0.8923248763363649,0.03612253876612201,0.5983278807706288,0.8986486486486487,0.39216904909881917,0.14928169893816365,0.578978622327791,0.6901408450704225
1767329013,1215820,243_1767329013-1215820.png,-195757,201227,0,0,-1.8742053462009804,1.92657590379902,140.22,363.21,19.0,63.0,190.0,25.0,147.0,-25.0,54.14012206141768,54.91034738173072,322.3914496142366,1.878304286110149,97.5485599001194,-7.240972935843288,-380.13269081711775,376.8376636505126,-0.5235987755982988,0.5221888490499601,,,,,,,,,,1.0,0.5000000000291038,0.8910483484921013,0.03603763536303925,0.544892766266812,0.8372235872235873,0.32939714108141704,0.1570893191755153,0.6342042755344418,0.6666666666666666
1767329013,34570801,244_1767329013-34570801.png,-195757,201228,0,0,-1.8742053462009804,1.9265854779411764,137.52,363.11,-16.0,-139.0,194.0,7.0,67.0,-11.0,35.674282530038155,23.970947052161,293.0073528828063,2.2469269900498388,94.72452385911248,-8.419621816133981,-379.6690894365311,377.2847270965575,-0.5235987755982988,0.5221888490499601,,,,,,,,,,1.0,1.0,0.8867400670177117,0.03596045045114585,0.5321701199563794,0.7131449631449631,0.33022581313445204,0.1514678326046221,0.5866983372921615,0.7323943661971831
1767329013,101281738,245_1767329013-101281738.png,-195757,201228,0,0,-1.8742053462009804,1.9265854779411764,135.29,364.68,111.0,-256.0,91.0,65.0,35.0,-1.0,43.98634016930644,-25.499516888681477,258.2851443841383,11.672742378259327,84.53969183390228,-7.469573865531297,-381.2570491731168,378.0458812713622,-0.5235987755982988,0.5221888490499601,,,,,,,,,,1.0,1.0,0.8831817456518269,0.03717225356787254,0.5783351508542348,0.6412776412776413,0.30888750776880053,0.16958151155527795,0.5676959619952494,0.7793427230046949
1767329013,134637939,246_1767329013-134637939.png,-195757,201228,0,0,-1.8742053462009804,1.9265854779411764,129.13,367.77,1.0,53.0,140.0,134.0,29.0,-19.0,60.64485577104136,-36.58752782008308,221.12412040967885,32.81291419068875,85.8516296097212,-9.016094297008047,-381.2570491731168,378.0458812713622,-0.5235987755982988,0.5221888490499601,,,,,,,,,,1.0,1.0,0.8733524812509972,0.039557267345379316,0.5383496910214467,0.831081081081081,0.3190387404184794,0.1911305434103685,0.5641330166270784,0.6948356807511737
1767329013,167992920,247_1767329013-167992920.png,-195757,201227,0,-50,-1.8742053462009804,1.92657590379902,120.98,369.09,-144.0,-62.0,278.0,47.0,-117.0,6.0,19.04175727323623,-8.044670435466436,241.28553084903305,48.62875887850715,38.18181160186924,-7.909689581192833,-368.5368117690087,361.4098193645476,-0.5235987755982988,0.5221888490499601,,,,,,,,,,1.0,0.5000000000291038,0.8603478538375617,0.04057610818237248,0.48564158487822606,0.7604422604422605,0.3476279262481873,0.16396002498438475,0.47743467933491684,0.812206572769953
1767329013,201348877,248_1767329013-201348877.png,-195757,201227,0,0,-1.8742053462009804,1.92657590379902,116.44,368.71,-144.0,-62.0,278.0,47.0,-59.0,0.0,13.966800646016893,-9.72412336781214,242.42833218808076,48.578060941960935,35.15685966880364,-7.663486815529244,-365.5271368026734,361.6240372657775,-0.5235987755982988,0.5221888490499601,,,,,,,,,,1.0,0.5000000000291038,0.8531035583213658,0.04028280551717747,0.48564158487822606,0.7604422604422605,0.3476279262481873,0.16396002498438475,0.5118764845605701,0.784037558685446
1767329013,234703857,249_1767329013-234703857.png,-195757,201227,0,0,-1.8742053462009804,1.92657590379902,116.44,368.71,-144.0,-173.0,164.0,79.0,-59.0,0.0,-4.8017672695519416,-29.123480492302495,233.10999774592588,52.19259404004897,23.9697658732493,-6.752962121865052,-362.3496587872506,358.52554368972767,-0.5235987755982988,0.5221888490499601,,,,,,,,,,1.0,0.5000000000291038,0.8531035583213658,0.04028280551717747,0.48564158487822606,0.6922604422604423,0.3240107727366895,0.17395377888819488,0.5118764845605701,0.784037558685446
1767329013,268059570,250_1767329013-268059570.png,-195757,201227,0,0,-1.8742053462009804,1.92657590379902,106.35,369.14,-126.0,-18.0,389.0,107.0,-100.0,9.0,-30.51473184701755,-26.22835994567822,258.4356890735569,64.72272764201023,15.140965607267812,-6.507858888448787,-357.32719144225126,349.9284563064574,-0.5235987755982988,0.5221888490499601,,,,,,,,,,1.0,0.5000000000291038,0.8370033508855911,0.04061470063831921,0.49218466012359136,0.7874692874692875,0.3706235757199089,0.18269831355402874,0.48752969121140144,0.8262910798122065
1767329013,301414551,251_1767329013-301414551.png,-195757,201227,0,0,-1.8742053462009804,1.92657590379902,102.46,370.68,46.0,-152.0,400.0,89.0,-139.0,-3.0,-33.93772331841542,-33.23716395765585,278.2037829464488,69.80231068105755,-4.087558443667204,-4.975376285549809,-364.2990055084229,367.1991477012633,-0.5235987755982988,0.5221888490499601,,,,,,,,,,1.0,0.5000000000291038,0.8307962342428593,0.04180334828147794,0.55470737913486,0.7051597051597052,0.3729024238657551,0.17707682698313554,0.4643705463182898,0.7699530516431925
1767329013,368125732,252_1767329013-368125732.png,-195757,201227,0,0,-1.8742053462009804,1.92657590379902,96.98,375.92,-155.0,-385.0,200.0,210.0,14.0,-12.0,-47.45957312342775,-90.89353863733784,273.1397667149946,91.30954261445532,-8.501318669762046,-5.899314031546641,-377.1549010276795,363.0939016342162,-0.5235987755982988,0.5149197523891541,,,,,,,,,,1.0,0.5000000000291038,0.8220520185096536,0.04584783766469333,0.48164303889494725,0.562039312039312,0.33146882121400456,0.21486570893191753,0.5552256532066508,0.7276995305164319
1767329013,401481689,253_1767329013-401481689.png,-195757,201227,0,0,-1.8742053462009804,1.92657590379902,87.18,397.46,-148.0,-205.0,117.0,356.0,61.0,-19.0,-64.40313868861953,-117.9439215761334,241.58690554637312,134.80710573877508,3.5145112016212137,-7.265124082329825,-375.42972463369375,355.24664855003346,-0.5235987755982988,0.5109995291490712,,,,,,,,,,1.0,0.5000000000291038,0.8064145524174244,0.06247346768653664,0.4841875681570338,0.6726044226044225,0.3142738761135281,0.26046221111805123,0.5831353919239904,0.6948356807511737
1767329013,434836914,254_1767329013-434836914.png,-195757,201227,0,0,-1.8742053462009804,1.92657590379902,84.51,410.59,-140.0,-172.0,12.0,340.0,5.0,-34.0,-78.12602811844665,-130.00202775205724,210.55333803438043,171.5848338986899,8.380745088943891,-10.650660467238596,-371.01534852385527,338.59081268310536,-0.5235987755982988,0.5246727760788792,,,,,,,,,,1.0,0.5000000000291038,0.8021541407371947,0.0726078466181431,0.48709560159941834,0.6928746928746928,0.29252123472135905,0.25546533416614614,0.5498812351543942,0.6244131455399061
1767329013,468192871,255_1767329013-468192871.png,-195757,201227,0,0,-1.8742053462009804,1.92657590379902,82.14,426.88,-162.0,-82.0,-143.0,419.0,-42.0,-26.0,-93.62929433102272,-125.17955044032804,148.46030123872328,216.57913453932517,0.8360847834467502,-14.117065104061014,-341.2571921646596,283.49095940589893,-0.5235987755982988,0.5204944019479962,,,,,,,,,,1.0,0.5000000000291038,0.7983724269985638,0.08518126876558171,0.4790985096328607,0.7481572481572482,0.26041019266625237,0.2801374141161774,0.5219714964370546,0.6619718309859155
1767329013,501548096,256_1767329013-501548096.png,-195757,201227,0,0,-1.8742053462009804,1.92657590379902,80.27,445.52,-282.0,24.0,-187.0,483.0,-90.0,-30.0,-121.17697057590988,-103.36326035799613,99.40197373117502,255.54100878897927,-12.44795025841814,-16.439814529339646,-319.5401397347451,241.0738089084624,-0.5235987755982988,0.5193109286641149,,,,,,,,,,1.0,0.5000000000291038,0.7953885431625975,0.09956853634251575,0.4354780079970919,0.8132678132678133,0.2512948000828672,0.3001249219237976,0.49346793349168644,0.6431924882629108
1767329013,534904053,257_1767329013-534904053.png,-195757,201227,0,0,-1.8742053462009804,1.92657590379902,78.29,477.0,-342.0,36.0,-297.0,534.0,-37.0,-25.0,-153.47053395343383,-82.98252247659498,41.43142466729756,296.2633605480638,-16.038486881548973,-17.691671696325745,-287.1495405733586,213.93562483787525,-0.5235987755982988,0.5137489932749548,,,,,,,,,,1.0,0.5000000000291038,0.7922291367480452,0.12386634660656534,0.4136677571792075,0.8206388206388207,0.2285063186244044,0.31605246720799496,0.5249406175771971,0.6666666666666666
1767329013,568259033,258_1767329013-568259033.png,-195757,201227,0,0,-1.8742053462009804,1.92657590379902,74.44,538.34,-337.0,-316.0,-292.0,666.0,-115.0,-35.0,-201.71892009286057,-122.25016253518709,-25.187905420286803,356.5009345422196,-38.98339200515647,-21.403042255818317,-236.80992463231087,175.59821486473072,-0.5235987755982988,0.5137489932749548,,,,,,,,,,1.0,0.5000000000291038,0.7860858464975266,0.1712115715619911,0.4154852780806979,0.6044226044226044,0.22954215869069816,0.35727670206121176,0.47862232779097386,0.6197183098591549
1767329013,601615234,259_1767329013-601615234.png,-195757,201227,0,0,-1.8742053462009804,1.92657590379902,72.72,568.71,-436.0,-413.0,-226.0,760.0,-145.0,-35.0,-227.56984637307005,-156.5290976021413,-60.16221111252457,407.5233944874219,-51.93873723281167,-23.391486204795964,-208.50387507677084,131.78112530708302,-0.5235987755982988,0.5137489932749548,,,,,,,,,,1.0,0.5000000000291038,0.7833413116323599,0.1946526293040237,0.37949836423118866,0.5448402948402948,0.24321524756577587,0.38663335415365396,0.46080760095011875,0.6197183098591549
1767329013,668326172,260_1767329013-668326172.png,-195757,201227,0,0,-1.8742053462009804,1.92657590379902,67.35,719.63,-454.0,-422.0,-392.0,983.0,-227.0,-68.0,-302.8866668460948,-234.10054778248968,-141.4080072119962,586.5209184903673,-93.01778990583344,-35.83119307858996,-151.03548687696463,79.17694640159594,-0.5235987755982988,0.5137489932749548,,,,,,,,,,1.0,0.5000000000291038,0.7747726184777404,0.3111400983335777,0.3729552889858233,0.5393120393120393,0.20882535736482288,0.45627732667083076,0.41211401425178146,0.4647887323943662
1767329013,701681152,261_1767329013-701681152.png,-195757,201227,0,0,-1.8742053462009804,1.92657590379902,67.35,719.63,-454.0,-422.0,-392.0,983.0,-227.0,-68.0,-307.59033064594826,-239.9492431488188,-149.20811631163198,598.862015494671,-97.18821787728476,-36.83250282037565,-153.3427788019181,86.77974748611437,-0.5235987755982988,0.5137489932749548,,,,,,,,,,1.0,0.5000000000291038,0.7747726184777404,0.3111400983335777,0.3729552889858233,0.5393120393120393,0.20882535736482288,0.45627732667083076,0.41211401425178146,0.4647887323943662
1767329013,735037109,262_1767329013-735037109.png,-195757,201227,0,0,-1.8742053462009804,1.92657590379902,65.95,756.96,-410.0,-367.0,-455.0,1056.0,-233.0,-61.0,-315.1934104068471,-249.3941781494375,-166.04850011676382,624.676003740509,-105.33043946521904,-38.52470285024061,-137.98646199703222,116.34353733062731,-0.5235987755982988,0.5137489932749548,,,,,,,,,,1.0,0.5000000000291038,0.7725386947502791,0.3399532259433926,0.38894947291893855,0.5730958230958231,0.19577377252952144,0.47907557776389753,0.4085510688836104,0.4976525821596244
1767329013,768392090,263_1767329013-768392090.png,-195757,201227,0,0,-1.8742053462009804,1.92657590379902,64.96,793.91,-458.0,-400.0,-512.0,1104.0,-275.0,-65.0,-334.5192160378429,-271.74079913909424,-219.47731613359483,702.1575788468375,-129.96780208852024,-42.653943986163945,-155.61695170402533,104.04112505912768,-0.5235987755982988,0.5137489932749548,,,,,,,,,,1.0,0.5000000000291038,0.7709589915430028,0.3684730508880124,0.37150127226463103,0.5528255528255528,0.18396519577377254,0.4940662086196127,0.38361045130641325,0.4788732394366197
1767329013,801748047,264_1767329013-801748047.png,-195757,201227,0,0,-1.8742053462009804,1.92657590379902,64.35,832.07,-553.0,-424.0,-458.0,1206.0,-233.0,-71.0,-364.4565902027893,-296.07819819569835,-265.1428692258703,780.8339704643382,-151.2306063489821,-47.05873413120087,-153.9999641180039,103.40821504592884,-0.5235987755982988,0.5137489932749548,,,,,,,,,,1.0,0.5000000000291038,0.7699856390617519,0.39792681326654267,0.33696837513631406,0.538083538083538,0.1951522684897452,0.5259212991880075,0.4085510688836104,0.4507042253521127
1767329013,835103027,265_1767329013-835103027.png,-195757,201227,0,0,-1.8742053462009804,1.92657590379902,64.15,870.52,-686.0,-469.0,-506.0,1251.0,-303.0,-64.0,-407.8317012104384,-320.13231791398897,-299.0496902318286,848.3576292605067,-171.50564780257636,-49.72825501533389,-95.35792866349225,152.0277976989745,-0.5235987755982988,0.5137489932749548,,,,,,,,,,1.0,0.5000000000291038,0.7696665071006861,0.4276044118895638,0.28862231915667025,0.5104422604422605,0.18520820385332507,0.5399750156152404,0.3669833729216152,0.4835680751173709
1767329013,868458984,266_1767329013-868458984.png,-195757,201227,0,0,-1.8742053462009804,1.92657590379902,63.88,922.93,-727.0,-349.0,-677.0,1351.0,-320.0,-48.0,-453.3828897440769,-327.6453954113894,-349.63156798571686,919.1221223762658,-192.7554494622673,-49.9143671652876,-77.72178924083714,174.48757743835438,-0.5235987755982988,0.5137489932749548,,,,,,,,,,1.0,0.5000000000291038,0.7692356789532471,0.46805702421290685,0.27371864776444926,0.5841523341523341,0.14978247358607832,0.571205496564647,0.3568883610451306,0.5586854460093896
1767329013,935169922,267_1767329013-935169922.png,-195757,201227,0,0,-1.8742053462009804,1.92657590379902,63.69,1016.86,-701.0,-577.0,-540.0,1367.0,-295.0,-83.0,-534.212224482335,-378.0500881117412,-417.7077053208122,1067.2614171195746,-222.8705123046764,-55.93564593461058,-79.3397509157658,176.31795835494984,-0.5235987755982988,0.4763260866334385,,,,,,,,,,1.0,0.5000000000291038,0.7689325035902345,0.5405568119543992,0.28316975645219916,0.4441031941031941,0.17816449140252746,0.5762023735165521,0.37173396674584325,0.39436619718309857
1767329013,968524658,268_1767329013-968524658.png,-195757,201227,0,0,-1.8742053462009804,1.92657590379902,63.69,1016.86,-701.0,-577.0,-540.0,1367.0,-295.0,-83.0,-539.4037824050334,-384.24274814379646,-421.5142644607503,1076.591298820206,-225.1156673356288,-56.77807075462388,-94.73892763257032,172.13261342048634,-0.5235987755982988,0.4626321391541071,,,,,,,,,,1.0,0.5000000000291038,0.7689325035902345,0.5405568119543992,0.28316975645219916,0.4441031941031941,0.17816449140252746,0.5762023735165521,0.37173396674584325,0.39436619718309857
1767329014,1880615,269_1767329014-1880615.png,-195757,201227,0,0,-1.8742053462009804,1.92657590379902,63.58,1046.75,-750.0,-650.0,-580.0,1418.0,-341.0,-78.0,-563.0382561358332,-415.8182628096615,-440.3444887797378,1117.1552171173046,-238.88427541699065,-59.29951968384406,-65.20227909088139,180.77970886230457,-0.5235987755982988,0.451715163337325,,,,,,,,,,1.0,0.5000000000291038,0.7687569810116481,0.5636273821193433,0.26535805161759357,0.39926289926289926,0.16987777087217737,0.5921299188007495,0.34441805225653205,0.41784037558685444
1767329014,35235596,270_1767329014-35235596.png,-195757,201227,0,0,-1.8742053462009804,1.92657590379902,63.5,1085.23,-825.0,-505.0,-518.0,1468.0,-342.0,-76.0,-592.0395903885891,-430.5191439529809,-451.3261997013708,1157.4247858680003,-251.1074924991535,-61.3403793174794,-82.84244474768643,176.39218235015858,-0.5235987755982988,0.451715163337325,,,,,,,,,,1.0,0.5000000000291038,0.7686293282272219,0.5933281362159325,0.23809523809523808,0.48832923832923836,0.18272218769422002,0.6077451592754528,0.34382422802850354,0.4272300469483568
1767329014,68591309,271_1767329014-68591309.png,-195757,201227,0,0,-1.8742053462009804,1.92657590379902,63.38,1116.8,-889.0,-505.0,-507.0,1563.0,-480.0,-85.0,-641.6584762525631,-443.3906668186335,-461.2398742044275,1224.9902893410065,-286.9965921657125,-65.18998049762654,-96.72964066267018,152.2368571758269,-0.5235987755982988,0.451715163337325,,,,,,,,,,1.0,0.5000000000291038,0.7684378490505823,0.6176954129006861,0.21483097055616135,0.48832923832923836,0.1850010358400663,0.6374141161773891,0.26187648456057006,0.38497652582159625
1767329014,101946289,272_1767329014-101946289.png,-195757,201227,0,0,-1.8742053462009804,1.92657590379902,62.95,1116.8,-808.0,-680.0,-762.0,1617.0,-372.0,-99.0,-681.5251029454145,-468.5534100464964,-501.65501659321615,1282.0882756297374,-310.7089255047365,-70.24953463583485,-96.7827609777451,152.12179565429676,-0.5235987755982988,0.451715163337325,,,,,,,,,,1.0,0.5000000000291038,0.7677517153342907,0.6176954129006861,0.2442748091603053,0.3808353808353808,0.13217319245908432,0.6542785758900687,0.32600950118764843,0.3192488262910798
1767329014,135302002,273_1767329014-135302002.png,-195757,201227,0,0,-1.8742053462009804,1.92657590379902,62.99,1150.73,-688.0,-755.0,-762.0,1612.0,-293.0,-92.0,-696.2858155196056,-501.8102504705095,-539.7283427476223,1330.9107446075077,-317.21323264155257,-74.02506313629681,-15.358928978443195,169.76747584342945,-0.5235987755982988,0.451715163337325,,,,,,,,,,1.0,0.5000000000291038,0.7678155417265038,0.6438842535061247,0.2878953107960741,0.3347665847665848,0.13217319245908432,0.6527170518425984,0.37292161520190026,0.352112676056338
1767329014,168656982,274_1767329014-168656982.png,-195757,201227,0,0,-1.8742053462009804,1.92657590379902,63.53,1186.08,-715.0,-604.0,-793.0,1624.0,-241.0,-87.0,-696.7287665142557,-529.5832097914613,-574.1335782452383,1372.753166028896,-310.48544682341986,-76.34732782681584,-15.358928978443195,169.76747584342945,-0.5235987755982988,0.451715163337325,,,,,,,,,,1.0,0.5000000000291038,0.7686771980213817,0.6711691198604496,0.27808069792802614,0.4275184275184275,0.12575098404806298,0.6564647095565271,0.40380047505938244,0.3755868544600939
1767329014,202012695,275_1767329014-202012695.png,-195757,201227,0,0,-1.8742053462009804,1.92657590379902,65.26,1213.22,-740.0,-639.0,-765.0,1626.0,-247.0,-85.0,-702.1489307694121,-545.6112914191182,-609.423208798777,1416.3537787320497,-299.02023558433217,-77.95065889464766,-25.42698204517369,165.30414915084827,-0.5235987755982988,0.451715163337325,,,,,,,,,,1.0,0.5000000000291038,0.7714376894846018,0.6921171049483247,0.2689930934205743,0.406019656019656,0.13155168841930806,0.6570893191755153,0.4002375296912114,0.38497652582159625
1767329014,235367432,276_1767329014-235367432.png,-195757,201227,0,0,-1.8742053462009804,1.92657590379902,66.95,1238.11,-860.0,-585.0,-712.0,1682.0,-398.0,-102.0,-721.941944693457,-552.85270485596,-625.8779344567582,1453.6663739730454,-309.3535201188513,-81.00139470871783,-57.70874300599103,169.53620648384083,-0.5235987755982988,0.451715163337325,,,,,,,,,,1.0,0.5000000000291038,0.7741343545556086,0.7113284295185976,0.2253725917848055,0.4391891891891892,0.14253159312202196,0.674578388507183,0.31057007125890734,0.30516431924882625
1767329014,268723389,277_1767329014-268723389.png,-195757,201227,0,0,-1.8742053462009804,1.92657590379902,67.88,1262.97,-856.0,-582.0,-826.0,1722.0,-467.0,-109.0,-737.9830725823568,-556.4007221479405,-646.4278120098356,1484.4156105665677,-326.1306641922216,-84.32800335560812,-61.00772237777715,174.15285301208485,-0.5235987755982988,0.451715163337325,,,,,,,,,,1.0,0.5000000000291038,0.7756183181745651,0.7305165986153027,0.22682660850599778,0.44103194103194104,0.11891443961052414,0.6870705808869456,0.26959619952494057,0.272300469483568
1767329014,302078125,278_1767329014-302078125.png,-195757,201227,0,0,-1.8742053462009804,1.92657590379902,67.88,1299.97,-819.0,-627.0,-859.0,1757.0,-422.0,-101.0,-750.8459890381456,-565.4910089688301,-676.6096181564492,1523.318853809444,-341.38505165468393,-86.98557427388536,-94.2801317572594,128.35578823089588,-0.5235987755982988,0.451715163337325,,,,,,,,,,1.0,0.5000000000291038,0.7756183181745651,0.7590750160158692,0.2402762631770265,0.4133906633906634,0.1120778951729853,0.698001249219238,0.29631828978622327,0.30985915492957744
1767329014,368789063,279_1767329014-368789063.png,-195757,201227,0,0,-1.8742053462009804,1.92657590379902,71.65,1351.41,-849.0,-651.0,-649.0,1711.0,-484.0,-78.0,-760.4178015750135,-589.3247196508836,-710.2169655312221,1568.2388193338388,-355.39226502107164,-87.12327472706332,-86.78705024719243,133.026454925537,-0.5235987755982988,0.451715163337325,,,,,,,,,,1.0,0.5000000000291038,0.7816339556406573,0.7987789346938461,0.22937113776808432,0.3986486486486487,0.1555831779573234,0.683635227982511,0.25950118764845603,0.41784037558685444
1767329014,402145264,280_1767329014-402145264.png,-195757,201227,0,0,-1.8742053462009804,1.92657590379902,73.31,1368.02,-1019.0,-598.0,-704.0,1735.0,-625.0,-85.0,-791.111902815922,-595.1865299395585,-704.6153670689188,1595.0824001741585,-390.3788324343763,-86.37831566363516,-92.41468656063084,134.3513102531432,-0.5235987755982988,0.4166630651954269,,,,,,,,,,1.0,0.5000000000291038,0.7842827509175043,0.8115993485593436,0.1675754271174118,0.4312039312039312,0.144188937228092,0.6911305434103685,0.17577197149643703,0.38497652582159625
1767329014,435500732,281_1767329014-435500732.png,-195757,201227,0,0,-1.8742053462009804,1.92657590379902,76.51,1396.72,-1196.0,-647.0,-908.0,1828.0,-591.0,-115.0,-856.3795357703784,-602.8385936116589,-734.342354279698,1632.8629637917006,-425.9530256248837,-89.14599358307534,-95.40546420216565,134.8276047706603,-0.5235987755982988,0.4044339768869216,,,,,,,,,,1.0,0.5000000000291038,0.7893888622945586,0.8337514182727561,0.10323518720465286,0.4011056511056511,0.10192666252330643,0.7201748906933166,0.19596199524940616,0.244131455399061
1767329014,502212158,282_1767329014-502212158.png,-195757,201227,0,0,-1.8742053462009804,1.92657590379902,76.97,1404.63,-1390.0,-865.0,-1255.0,1859.0,-599.0,-68.0,-940.6172487568944,-626.2584382848753,-805.0920255724225,1681.4396987390712,-449.5079007438233,-90.02599451707862,-108.65437212586409,129.37486362457264,-0.5235987755982988,0.4271990999753794,,,,,,,,,,1.0,0.5000000000291038,0.7901228658050102,0.8398567448035259,0.03271537622682663,0.2671990171990172,0.03003936192251916,0.7298563397876328,0.19121140142517812,0.4647887323943662
1767329014,535568359,283_1767329014-535568359.png,-195757,201227,0,0,-1.8742053462009804,1.92657590379902,76.46,1408.76,-1282.0,-926.0,-1252.0,1920.0,-632.0,-80.0,-996.5614011765332,-666.6931678353686,-870.615878783523,1712.9271689518623,-474.3565214825772,-88.2306332650359,-127.52013644576076,111.58259820938098,-0.5235987755982988,0.414497214716086,,,,,,,,,,1.0,0.5000000000291038,0.7893090793042922,0.8430444816647242,0.0719738276990185,0.22972972972972971,0.030660865962295447,0.7489069331667707,0.1716152019002375,0.4084507042253521
1767329014,568923584,284_1767329014-568923584.png,-195757,201227,0,0,-1.8742053462009804,1.92657590379902,75.6,1412.29,-1216.0,-773.0,-1115.0,1937.0,-590.0,-93.0,-1030.4627810953382,-686.4362272616575,-910.1127579755004,1745.2297054785083,-492.42043033935,-88.57154422343373,-129.55994355678564,111.02290916442858,-0.5235987755982988,0.417803880403456,,,,,,,,,,1.0,0.5000000000291038,0.7879368118717088,0.845769109054562,0.09596510359869137,0.3237100737100737,0.05904288377874459,0.7542161149281699,0.19655581947743467,0.3474178403755868
1767329014,602279785,285_1767329014-602279785.png,-195757,201227,0,0,-1.8742053462009804,1.92657590379902,73.52,1423.52,-1149.0,-751.0,-1016.0,2035.0,-514.0,-116.0,-1052.4982462455296,-694.6099895728679,-932.1938696170312,1789.3641429926954,-503.0042479069759,-94.0200836787972,-149.10620638728147,79.83049011230456,-0.5235987755982988,0.4087598166463229,,,,,,,,,,1.0,0.5000000000291038,0.7846178394766234,0.8544369746601934,0.12031988367866231,0.33722358722358725,0.0795525170913611,0.7848219862585883,0.24168646080760092,0.23943661971830987
1767329014,635635010,286_1767329014-635635010.png,-195757,201227,0,0,-1.8742053462009804,1.92657590379902,72.33,1436.54,-1140.0,-785.0,-1122.0,2098.0,-561.0,-107.0,-1068.6237829069169,-706.4387912235734,-953.1731200302602,1835.6750075562788,-507.7848710960344,-97.00404294904672,-150.76332643628126,77.2757804393767,-0.5235987755982988,0.4170390514854205,,,,,,,,,,1.0,0.5000000000291038,0.7827190043082813,0.8644864501887171,0.12359142130134493,0.31633906633906633,0.0575927076859333,0.8044971892567145,0.21377672209026127,0.2816901408450704
1767329014,668991211,287_1767329014-668991211.png,-195757,201227,0,0,-1.8742053462009804,1.92657590379902,72.38,1444.4,-1137.0,-899.0,-1182.0,2107.0,-634.0,-122.0,-1078.7904601578482,-728.2451506897673,-983.2928950274336,1874.852427381556,-522.1739207700673,-99.82342586054162,-169.18834799528128,59.701601743698,-0.5235987755982988,0.4170390514854205,,,,,,,,,,1.0,0.5000000000291038,0.7827987872985478,0.8705531842635403,0.12468193384223919,0.2463144963144963,0.04516262689040812,0.8073079325421612,0.17042755344418048,0.21126760563380276
1767329014,735702393,288_1767329014-735702393.png,-195757,201227,0,0,-1.8742053462009804,1.92657590379902,70.94,1465.11,-1027.0,-994.0,-1131.0,2155.0,-474.0,-114.0,-1074.6075259943486,-776.9648183139244,-1014.7150724510728,1921.7519803636587,-530.419304824724,-102.2776046730174,-159.07743501663214,78.99840760231005,-0.5235987755982988,0.4170390514854205,,,,,,,,,,1.0,0.5000000000291038,0.7805010371788733,0.886538179516668,0.16466739367502725,0.187960687960688,0.05572819556660452,0.8222985633978763,0.2654394299287411,0.24882629107981213
1767329014,769057617,289_1767329014-769057617.png,-195757,201227,0,0,-1.8742053462009804,1.92657590379902,69.32,1481.81,-1085.0,-843.0,-1120.0,2206.0,-460.0,-124.0,-1069.450664683783,-804.0043038064791,-1031.3783987455556,1957.4500602058065,-521.7326683719352,-104.6047550396639,-156.99619665741926,62.64964127540576,-0.5235987755982988,0.4170390514854205,,,,,,,,,,1.0,0.5000000000291038,0.7779160682942395,0.8994280598028697,0.143584151217739,0.2807125307125308,0.0580070437124508,0.8382261086820737,0.2737529691211401,0.2018779342723005
1767329014,802413818,290_1767329014-802413818.png,-195757,201226,0,-50,-1.8742053462009804,1.9265663296568627,67.7,1504.89,-1139.0,-790.0,-1065.0,2221.0,-552.0,-124.0,-1078.9541255427769,-805.4503382944524,-1042.4407268355762,2008.5853416640505,-520.4056101904745,-108.45595329216458,-187.0330723226071,36.92214298248279,-0.5235987755982988,0.4170390514854205,,,,,,,,,,1.0,0.0,0.7753310994096058,0.9172423374678718,0.123954925481643,0.3132678132678133,0.06940128444168223,0.8429106808244847,0.21912114014251777,0.2018779342723005
1767329014,835768799,291_1767329014-835768799.png,-195757,201226,0,0,-1.8742053462009804,1.9265663296568627,66.18,1520.33,-1196.0,-840.0,-991.0,2174.0,-616.0,-124.0,-1091.247090597038,-808.1398178181781,-1038.423794404514,2029.5693679295853,-529.951684554897,-110.30279386325732,-228.2304092943669,84.03689861297595,-0.5235987755982988,0.4170390514854205,,,,,,,,,,1.0,0.0,0.7729056965055049,0.9291596878642163,0.10323518720465286,0.2825552825552826,0.08473171742282992,0.8282323547782636,0.18111638954869358,0.2018779342723005
1767329014,869125000,292_1767329014-869125000.png,-195757,201226,0,0,-1.8742053462009804,1.9265663296568627,63.73,1530.48,-1480.0,-634.0,-913.0,2208.0,-768.0,-138.0,-1150.8828035976328,-783.5199673851264,-1018.8213164159909,2059.501590282986,-567.0510133595754,-113.33590186203172,-261.1458475589753,-59.53709721565259,-0.5235987755982988,0.4170390514854205,,,,,,,,,,1.0,0.0,0.7689963299824476,0.9369939564213987,0.0,0.4090909090909091,0.10089082245701264,0.8388507183010618,0.09085510688836101,0.136150234741784
1767329014,902480225,293_1767329014-902480225.png,-195757,201227,0,0,-1.8742053462009804,1.92657590379902,62.92,1532.77,-1424.0,-765.0,-1400.0,2206.0,-536.0,-114.0,-1209.4582269922737,-778.9810276408626,-1069.6384805128448,2088.3879587905603,-571.2766320683013,-116.12743559918786,-253.1890347898007,-53.13348650932324,-0.5235987755982988,0.4170390514854205,,,,,,,,,,1.0,0.5000000000291038,0.7677038455401307,0.938761490903758,0.020356234096692072,0.3286240786240786,0.0,0.8382261086820737,0.22862232779097386,0.24882629107981213
1767329014,935836182,294_1767329014-935836182.png,-195757,201227,0,0,-1.8742053462009804,1.92657590379902,62.44,1533.21,-1110.0,-877.0,-1338.0,2199.0,-511.0,-115.0,-1218.1164212335673,-786.7012922735596,-1121.1191799554067,2108.079737199299,-562.9176538908566,-115.87859293753564,-218.7644730508328,2.9358639717100843,-0.5235987755982988,0.4170390514854205,,,,,,,,,,1.0,0.5000000000291038,0.7669379288335726,0.9391011045160893,0.13449654671028716,0.2598280098280098,0.012844416822042681,0.8360399750156152,0.24346793349168644,0.244131455399061
1767329015,2547363,295_1767329015-2547363.png,-195757,201227,0,0,-1.8742053462009804,1.92657590379902,62.48,1529.14,-1202.0,-538.0,-1306.0,2057.0,-419.0,-66.0,-1213.236108239309,-759.629007919682,-1149.0341995923825,2104.5045840637963,-544.3942912763144,-109.92825077608714,-216.17157825827604,5.388264894485353,-0.5235987755982988,0.4170390514854205,,,,,,,,,,1.0,0.5000000000291038,0.7670017552257857,0.935959678602027,0.10105416212286439,0.4680589680589681,0.019473793246322757,0.7916926920674578,0.2980997624703088,0.4741784037558685
1767329015,35902588,296_1767329015-35902588.png,-195757,201227,0,0,-1.8742053462009804,1.92657590379902,63.25,1525.61,-1121.0,-573.0,-1096.0,2011.0,-444.0,-69.0,-1201.9690362752535,-731.3760447202015,-1147.0383574223206,2092.092011860619,-529.0267352090001,-103.94282858612884,-196.11203551292425,33.308523416519044,-0.5235987755982988,0.4054773962158973,,,,,,,,,,1.0,0.5000000000291038,0.7682304132758895,0.933235051212189,0.13049800072700835,0.4465601965601966,0.06297907603066089,0.7773266708307308,0.2832541567695962,0.460093896713615
1767329015,69258545,297_1767329015-69258545.png,-195757,201227,0,0,-1.8742053462009804,1.92657590379902,66.46,1518.08,-1182.0,-575.0,-1052.0,1960.0,-478.0,-123.0,-1199.0487279169051,-708.5073261627726,-1133.1397743500847,2072.774634647696,-521.5644922005713,-101.31937454059768,-186.38984894752508,66.44323253631579,-0.5235987755982988,0.4054773962158973,,,,,,,,,,1.0,0.5000000000291038,0.7733524812509972,0.9274230273466142,0.10832424572882587,0.44533169533169537,0.072094468614046,0.7613991255465334,0.26306413301662707,0.20657276995305163
1767329015,102613525,298_1767329015-102613525.png,-195757,201227,0,0,-1.8742053462009804,1.92657590379902,67.54,1515.52,-1104.0,-618.0,-749.0,1923.0,-574.0,-116.0,-1186.191759006,-702.457911388121,-1081.0301612384203,2054.9214022742085,-530.4031506632493,-104.6371528384756,-186.38984894752508,66.44323253631579,-0.5235987755982988,0.4054773962158973,,,,,,,,,,1.0,0.5000000000291038,0.7750757938407531,0.9254470936021426,0.13667757179207557,0.4189189189189189,0.13486637663144813,0.7498438475952529,0.2060570071258907,0.23943661971830987
1767329015,135969727,299_1767329015-135969727.png,-195757,201227,0,0,-1.8742053462009804,1.92657590379902,67.54,1509.55,-853.0,-664.0,-785.0,1855.0,-461.0,-98.0,-1158.7894550950507,-692.9257229958168,-1034.679708737881,2031.4616235299695,-529.8536754635961,-104.66980931132628,-187.4232273995877,65.10920667648303,-0.5235987755982988,0.4054773962158973,,,,,,,,,,1.0,0.5000000000291038,0.7750757938407531,0.9208391543621053,0.227917121046892,0.3906633906633907,0.12740832815413303,0.7286071205496565,0.2731591448931116,0.32394366197183094
1767329015,169324707,300_1767329015-169324707.png,-195757,201227,0,0,-1.8742053462009804,1.92657590379902,70.76,1485.23,-773.0,-637.0,-698.0,1775.0,-482.0,-92.0,-1096.438913899048,-684.7189190213743,-981.1941654456416,1991.4610690218792,-520.4497031705414,-102.80427581144008,-207.6740162670613,37.38152933120716,-0.5235987755982988,0.4054773962158973,,,,,,,,,,1.0,0.5000000000291038,0.780213818413914,0.9020677837896247,0.2569974554707379,0.40724815724815727,0.1454319453076445,0.7036227357901311,0.26068883610451304,0.352112676056338
1767329015,202680664,301_1767329015-202680664.png,-195757,201227,0,0,-1.8742053462009804,1.92657590379902,75.47,1466.4,-1120.0,-535.0,-727.0,1800.0,-462.0,-79.0,-1089.4148393851046,-669.8178934287423,-950.1715203595404,1968.0051931025157,-514.0712898525863,-99.97600958448076,-162.0325610041619,67.14635443687426,-0.5235987755982988,0.4054773962158973,,,,,,,,,,1.0,0.5000000000291038,0.787729376097016,0.8875338648800932,0.13086150490730641,0.4699017199017199,0.13942407292314069,0.7114303560274828,0.2725653206650831,0.41314553990610325
1767329015,236035889,302_1767329015-236035889.png,-195757,201227,0,0,-1.8742053462009804,1.92657590379902,81.01,1447.56,-1052.0,-585.0,-819.0,1786.0,-473.0,-73.0,-1085.8083600153195,-656.042546808266,-928.4653394056672,1941.772419454897,-507.7632363329489,-96.1955593898024,-111.03816249966626,110.46364998817432,-0.5235987755982988,0.4054773962158973,,,,,,,,,,1.0,0.5000000000291038,0.7965693314185415,0.8729922274793722,0.15557978916757542,0.4391891891891892,0.12036461570333543,0.7070580886945659,0.2660332541567696,0.4413145539906103
1767329015,302746826,303_1767329015-302746826.png,-195757,201227,0,0,-1.8742053462009804,1.92657590379902,94.98,1385.09,-772.0,-624.0,-717.0,1685.0,-650.0,-99.0,-1019.0397508125913,-642.7663803672407,-877.4032987322247,1889.934239908257,-531.804393989851,-95.85923169013562,-106.04660624265676,104.52128839492784,-0.5235987755982988,0.4054773962158973,,,,,,,,,,1.0,0.5000000000291038,0.8188606988989946,0.8247748130195509,0.25736095965103595,0.4152334152334152,0.1414957530557282,0.6755153029356652,0.16092636579572445,0.3192488262910798
1767329015,336102783,304_1767329015-336102783.png,-195757,201227,0,0,-1.8742053462009804,1.92657590379902,103.39,1356.48,-821.0,-518.0,-786.0,1603.0,-579.0,-87.0,-994.1228080784348,-630.9432885563954,-864.5899993380654,1858.1640067556184,-539.4218477251018,-94.80663651839018,-66.91602617502217,144.8259208202361,-0.5235987755982988,0.4054773962158973,,,,,,,,,,1.0,0.5000000000291038,0.8322801978618157,0.8026922097268425,0.23954925481643036,0.48034398034398035,0.12720116014087426,0.6499063085571518,0.20308788598574817,0.3755868544600939
1767329015,369457520,305_1767329015-369457520.png,-195757,201227,0,0,-1.8742053462009804,1.92657590379902,113.01,1327.36,-951.0,-525.0,-982.0,1535.0,-427.0,-76.0,-984.2507503285136,-615.2579492230469,-876.3842747100111,1812.7690469423728,-527.1501968195874,-92.3580326585012,-50.23118197917943,164.38494658470142,-0.5235987755982988,0.4054773962158973,,,,,,,,,,1.0,0.5000000000291038,0.8476304451890856,0.7802159633834778,0.1922937113776808,0.476044226044226,0.0865962295421587,0.6286695815115553,0.29334916864608074,0.4272300469483568
1767329015,402813232,306_1767329015-402813232.png,-195757,201227,0,0,-1.8742053462009804,1.92657590379902,124.19,1280.89,-878.0,-455.0,-772.0,1426.0,-413.0,-86.0,-970.7147238326525,-593.7415258897462,-866.8789037123785,1756.2072346962834,-510.4566634269691,-91.4282223432041,-49.36904835700994,159.97449374198902,-0.5235987755982988,0.4081066972767717,,,,,,,,,,1.0,0.5000000000291038,0.8654699218126694,0.7443481348266042,0.21882951653944016,0.519041769041769,0.1301015123264968,0.594628357276702,0.3016627078384798,0.38028169014084506
1767329015,436167969,307_1767329015-436167969.png,-195757,201227,0,0,-1.8742053462009804,1.92657590379902,146.26,1247.06,-767.0,-244.0,-601.0,1202.0,-391.0,-75.0,-934.802837993565,-541.5850852978892,-817.5428438197748,1657.2918182441708,-487.49328760550975,-88.70646968325086,-23.3061956763268,161.39864873886097,-0.5235987755982988,0.4216265244449259,,,,,,,,,,1.0,0.5000000000291038,0.9006861337162915,0.718236479133059,0.25917848055252635,0.6486486486486487,0.16552724259374355,0.5246720799500312,0.3147268408551068,0.43192488262910794
1767329015,469523682,308_1767329015-469523682.png,-195757,201227,0,0,-1.8742053462009804,1.92657590379902,156.12,1203.86,-633.0,-224.0,-614.0,1123.0,-330.0,-61.0,-898.1355450684191,-496.2556240735895,-787.0517710405077,1583.5593163711487,-467.86120561982295,-85.03862332970391,-39.06786334514623,221.6739778518676,-0.5235987755982988,0.4216265244449259,,,,,,,,,,1.0,0.5000000000291038,0.9164193393968405,0.6848925971951002,0.30788804071246817,0.6609336609336609,0.16283405842137974,0.5,0.3509501187648456,0.4976525821596244
1767329015,536233887,309_1767329015-536233887.png,-195757,201227,0,0,-1.8742053462009804,1.92657590379902,156.12,1172.5,-562.0,-282.0,-682.0,1058.0,-239.0,-56.0,-841.9325712483882,-457.687378676106,-767.0900092584064,1494.461336077843,-430.72850456199086,-80.15314279590662,-30.03812411427503,283.5934114456176,-0.5235987755982988,0.4216265244449259,,,,,,,,,,1.0,0.5000000000291038,0.9164193393968405,0.6606874088253228,0.3336968375136314,0.6253071253071253,0.14874663351978457,0.47970018738288567,0.40498812351543945,0.5211267605633803
1767329015,569588623,310_1767329015-569588623.png,-195757,201227,0,0,-1.8742053462009804,1.92657590379902,165.26,1095.98,-437.0,-474.0,-731.0,839.0,-240.0,-52.0,-770.3920834545565,-439.649996120416,-751.0382483219439,1397.2473840530645,-395.4252960369219,-75.73394220267272,-23.374576717615177,280.127093553543,-0.5235987755982988,0.4216265244449259,,,,,,,,,,1.0,0.5000000000291038,0.9310036700175521,0.6016255142444755,0.3791348600508906,0.5073710073710074,0.13859540087010566,0.41130543410368514,0.4043942992874109,0.539906103286385
1767329015,602944092,311_1767329015-602944092.png,-195757,201227,0,0,-1.8742053462009804,1.92657590379902,173.14,1031.86,-501.0,-335.0,-626.0,671.0,-233.0,-40.0,-725.5584293439282,-436.1548461290278,-741.6729368284714,1305.3124561086006,-372.2666246085023,-71.52763209953308,-11.274704068899206,252.538550376892,-0.5235987755982988,0.4216265244449259,,,,,,,,,,1.0,0.5000000000291038,0.9435774692835486,0.5521345487384125,0.35587059251181385,0.5927518427518428,0.16034804226227473,0.3588382261086821,0.4085510688836104,0.596244131455399
1767329015,636298828,312_1767329015-636298828.png,-195757,201227,0,0,-1.8742053462009804,1.92657590379902,180.17,904.12,-398.0,-130.0,-470.0,460.0,-85.0,-37.0,-647.7352745771177,-360.43074780503,-671.6292142567354,1076.6230383284508,-304.4893751423171,-59.58924139079376,-28.305090069770863,242.11667037010184,-0.5235987755982988,0.4216265244449259,,,,,,,,,,1.0,0.5000000000291038,0.954794957715015,0.45353854228575397,0.3933115230825154,0.7186732186732187,0.19266625233064016,0.2929419113054341,0.49643705463182897,0.6103286384976525
1767329015,669654297,313_1767329015-669654297.png,-195757,201227,0,0,-1.8742053462009804,1.92657590379902,180.17,904.12,-398.0,-130.0,-470.0,460.0,-85.0,-37.0,-639.9618323132344,-353.2581923183492,-665.353156305407,1057.4295799948488,-297.6573887996038,-58.886112191149856,-65.88154375553135,200.21722507476795,-0.5235987755982988,0.4216265244449259,,,,,,,,,,1.0,0.5000000000291038,0.954794957715015,0.45353854228575397,0.3933115230825154,0.7186732186732187,0.19266625233064016,0.2929419113054341,0.49643705463182897,0.6103286384976525
1767329015,703009033,314_1767329015-703009033.png,-195757,201227,0,0,-1.8742053462009804,1.92657590379902,176.42,777.27,-221.0,-106.0,-178.0,266.0,-42.0,-26.0,-557.8911782379739,-296.92943218309665,-586.8832574102332,890.1135178939369,-238.12125925375412,-51.26972041853495,-170.46343037486082,127.36307811737048,-0.5235987755982988,0.4216265244449259,,,,,,,,,,1.0,0.5000000000291038,0.9488112334450294,0.3556294815489468,0.45765176299527444,0.7334152334152334,0.253159312202196,0.23235477826358525,0.5219714964370546,0.6619718309859155
1767329015,769719238,315_1767329015-769719238.png,-195757,201227,0,0,-1.8742053462009804,1.92657590379902,173.05,711.2,-267.0,-153.0,-75.0,155.0,-18.0,-25.0,-506.3979389228575,-270.8070367149581,-501.1585647074823,766.023544461728,-200.71846051013785,-46.75645327152679,-236.35405102372172,125.42279410362232,-0.5235987755982988,0.4216265244449259,,,,,,,,,,1.0,0.5000000000291038,0.943433859901069,0.30463341026096225,0.44093057070156305,0.7045454545454546,0.2744976175678475,0.1976889444097439,0.5362232779097387,0.6666666666666666
1767329015,803074707,316_1767329015-803074707.png,-195757,201227,0,0,-1.8742053462009804,1.92657590379902,169.41,616.0,-334.0,-46.0,-155.0,104.0,7.0,-7.0,-485.914758837262,-244.09695510776405,-460.0302991181391,687.3662961973988,-176.0387302284685,-42.03285508344382,-296.60956734418875,181.7828791141509,-0.5235987755982988,0.4469714041510376,,,,,,,,,,1.0,0.5000000000291038,0.9376256582096696,0.23115337413842343,0.4165757906215921,0.7702702702702703,0.25792417650714733,0.18176139912554654,0.5510688836104513,0.7511737089201878
1767329015,836429199,317_1767329015-836429199.png,-195757,201228,0,0,-1.8742053462009804,1.9265854779411764,162.98,509.48,-211.0,13.0,-200.0,6.0,-11.0,12.0,-442.85841296712846,-188.6546548085702,-396.4203950729631,555.7100257064671,-141.8007299543603,-32.68533126607714,-381.5421974658967,302.89064717292774,-0.5235987755982988,0.4557334327655111,,,,,,,,,,1.0,1.0,0.9273655656614008,0.14893600598954918,0.4612868047982551,0.8065110565110565,0.24860161591050345,0.15115552779512806,0.5403800475059383,0.8403755868544601
1767329015,869784912,318_1767329015-869784912.png,-195757,201228,0,0,-1.8742053462009804,1.9265854779411764,159.08,466.6,-184.0,-80.0,-143.0,40.0,-92.0,-2.0,-400.34584670353706,-162.22224420836204,-357.31699221405864,463.7881749111807,-126.52700385982376,-26.23001967053958,-396.081838130951,331.2968006134032,-0.5235987755982988,0.4660971176439352,,,,,,,,,,1.0,1.0,0.9211424924206157,0.11583911576964936,0.4711014176663031,0.7493857493857494,0.26041019266625237,0.1617738913179263,0.49228028503562943,0.7746478873239436
1767329015,903139404,319_1767329015-903139404.png,-195757,201228,0,0,-1.8742053462009804,1.9265854779411764,157.7,397.3,-243.0,155.0,117.0,13.0,-285.0,8.0,-360.8354291149992,-129.1416435584069,-311.2729981158769,381.2160769403947,-128.44140347908652,-22.25869269602123,-386.62479856610304,360.0114564895629,-0.5235987755982988,0.4707887103638303,,,,,,,,,,1.0,1.0,0.918940481889261,0.062349971827507206,0.4496546710287168,0.8937346437346437,0.3142738761135281,0.1533416614615865,0.37767220902612825,0.8215962441314554
1767329015,969849365,320_1767329015-969849365.png,-195757,201227,0,0,-1.8742053462009804,1.92657590379902,156.13,383.96,-174.0,71.0,22.0,-21.0,-218.0,28.0,-326.2998953471798,-75.61343295185416,-226.8369178049001,294.87640174744865,-155.4733388484031,-13.119301174440524,-379.8755962848664,366.2134587764739,-0.5235987755982988,0.4867671503879983,,,,,,,,,,1.0,0.5000000000291038,0.9164352959948937,0.05205350458092453,0.4747364594692839,0.8421375921375921,0.29459291485394656,0.14272329793878827,0.417458432304038,0.9154929577464789
1767329016,3204834,321_1767329016-3204834.png,-195757,201227,0,0,-1.8742053462009804,1.92657590379902,155.59,376.36,102.0,-81.0,-481.0,17.0,-81.0,14.0,-271.23479023346425,-72.23204880397266,-250.20967725003212,253.1969675469592,-148.33992036782183,-8.769326603548564,-365.4639509022237,356.93073081970203,-0.5235987755982988,0.5004885855079623,,,,,,,,,,1.0,0.5000000000291038,0.9155736397000158,0.046187451277024366,0.5750636132315521,0.7487714987714987,0.19038740418479388,0.15459088069956278,0.498812351543943,0.8497652582159625
1767329016,69914795,322_1767329016-69914795.png,-195757,201227,0,0,-1.8742053462009804,1.92657590379902,155.12,371.19,-58.0,241.0,-242.0,84.0,-149.0,-26.0,-198.5754417302992,-12.305513851335196,-262.48047083502206,207.4243208815942,-143.09102228908878,-9.299890894436036,-370.5908405780793,363.8345654010772,-0.5235987755982988,0.5021112915993193,,,,,,,,,,1.0,0.5000000000291038,0.914823679591511,0.04219699133213442,0.5169029443838604,0.9465601965601965,0.2399005593536358,0.1755153029356652,0.4584323040380047,0.6619718309859155
1767329016,103269287,323_1767329016-103269287.png,-195757,201227,0,0,-1.8742053462009804,1.92657590379902,154.92,370.97,-282.0,44.0,-192.0,91.0,-128.0,-9.0,-204.63162708521295,1.3321135422148598,-253.5447008574821,190.20621622690035,-141.46008122050165,-9.722318081379855,-377.71279421448713,371.20323133468617,-0.5235987755982988,0.5110626051393616,,,,,,,,,,1.0,0.5000000000291038,0.914504547630445,0.0420271845259689,0.4354780079970919,0.8255528255528255,0.25025896001657344,0.17770143660212367,0.4709026128266033,0.7417840375586855
1767329016,136624756,324_1767329016-136624756.png,-195757,201227,0,0,-1.8742053462009804,1.92657590379902,154.79,372.03,-147.0,-97.0,-320.0,34.0,-74.0,4.0,-196.2034726183533,-13.048154444340405,-263.26324525128115,167.36233369869382,-131.59459565937692,-7.715541207594066,-385.9664443433285,379.784556865692,-0.5235987755982988,0.5215254757142579,,,,,,,,,,1.0,0.5000000000291038,0.9142971118557521,0.04284534459203912,0.48455107233733186,0.7389434889434889,0.22374145431945308,0.1599000624609619,0.5029691211401425,0.8028169014084507
1767329016,169979004,325_1767329016-169979004.png,-195757,201227,0,0,-1.8742053462009804,1.92657590379902,154.8,373.45,-170.0,-28.0,-349.0,43.0,-122.0,15.0,-192.37142889574463,-15.234739662928876,-275.8015449498312,149.17535874617369,-130.19146445600614,-4.393578948696766,-382.1723680496216,370.5551326274871,-0.5235987755982988,0.517227063516722,,,,,,,,,,1.0,0.5000000000291038,0.9143130684538056,0.04394137034092574,0.47619047619047616,0.7813267813267813,0.21773358193494924,0.1627108057464085,0.4744655581947743,0.8544600938967136
1767329016,203334473,326_1767329016-203334473.png,-195757,201227,0,0,-1.8742053462009804,1.92657590379902,154.97,374.66,-182.0,-128.0,-35.0,-31.0,-176.0,20.0,-171.72566147501908,-16.337983155021675,-237.28020393051307,121.93577614469169,-129.561963920017,-0.9546754160269654,-382.4495288133622,370.37573409080494,-0.5235987755982988,0.540052664333164,,,,,,,,,,1.0,0.5000000000291038,0.9145843306207115,0.0448753077748362,0.4718284260268993,0.7199017199017199,0.28278433809819764,0.13960024984384758,0.44239904988123513,0.8779342723004695
1767329016,236688965,327_1767329016-236688965.png,-195757,201227,0,0,-1.8742053462009804,1.92657590379902,154.89,375.62,-148.0,-138.0,-108.0,-27.0,-162.0,24.0,-168.79355353566632,-39.97246293395808,-207.7902822456203,92.15319743825282,-136.73550252370185,3.7911369623966857,-370.5816192030907,362.3728685379027,-0.5235987755982988,0.536662903802101,,,,,,,,,,1.0,0.5000000000291038,0.9144566778362851,0.04561628292901307,0.4841875681570338,0.7137592137592138,0.2676610731303087,0.14084946908182386,0.4507125890736342,0.8967136150234741
1767329016,303398682,328_1767329016-303398682.png,-195757,201227,0,0,-1.8742053462009804,1.92657590379902,155.08,374.23,43.0,16.0,-219.0,54.0,-72.0,-4.0,-159.67994794655337,-54.38676190107398,-222.33789873473447,76.63323710768692,-137.45008081787708,4.144977304505595,-382.85968518257147,372.5972955226897,-0.5235987755982988,0.530240247843612,,,,,,,,,,1.0,0.5000000000291038,0.9147598531992978,0.044543412653694464,0.5536168665939658,0.8083538083538083,0.24466542365858712,0.16614615865084323,0.5041567695961995,0.7652582159624413
1767329016,336754150,329_1767329016-336754150.png,-195757,201227,0,0,-1.8742053462009804,1.92657590379902,155.09,372.93,-42.0,292.0,-253.0,-2.0,72.0,9.0,-129.8626929980863,-25.30822067007548,-223.8447305626273,69.28990290987016,-117.3142449038061,3.534090221450904,-377.2067225575448,368.282416820526,-0.5235987755982988,0.5359270300535995,,,,,,,,,,1.0,0.5000000000291038,0.9147758097973511,0.04354000879907996,0.5227190112686295,0.9778869778869779,0.23762171120778952,0.1486570893191755,0.5896674584323041,0.8262910798122065
1767329016,370108643,330_1767329016-370108643.png,-195757,201227,0,0,-1.8742053462009804,1.92657590379902,155.09,371.19,-171.0,224.0,-300.0,-49.0,88.0,15.0,-130.00549226232724,21.448574843463906,-234.46747135368057,51.385601098159846,-82.696600680789,5.191569985296449,-377.2067225575448,368.282416820526,-0.5235987755982988,0.5340870610024209,,,,,,,,,,1.0,0.5000000000291038,0.9147758097973511,0.04219699133213442,0.4758269720101781,0.9361179361179361,0.22788481458462814,0.1339787632729544,0.59916864608076,0.8544600938967136
1767329016,403464355,331_1767329016-403464355.png,-195757,201227,0,0,-1.8742053462009804,1.92657590379902,155.2,366.6,-177.0,84.0,-362.0,-17.0,2.0,20.0,-137.9674716782281,35.978952815714,-254.85956866114032,38.717048641538646,-65.77420415564654,7.617837932693628,-377.72324943542486,371.3864986896514,-0.5235987755982988,0.529383619099703,,,,,,,,,,1.0,0.5000000000291038,0.9149513323759373,0.038654203876226284,0.4736459469283896,0.8501228501228502,0.2150403977625855,0.14397251717676451,0.5480997624703088,0.8779342723004695
1767329016,470174561,332_1767329016-470174561.png,-195757,201227,0,0,-1.8742053462009804,1.92657590379902,155.2,364.84,-45.0,-116.0,-444.0,109.0,17.0,-24.0,-119.9104162348877,11.118735904436887,-281.53455351727786,47.62071079190902,-53.7645302981227,2.6448661505273927,-365.1224353313447,363.90148162841786,-0.5235987755982988,0.5335236766056173,,,,,,,,,,1.0,0.5000000000291038,0.9149513323759373,0.03729574942690203,0.5216284987277353,0.7272727272727273,0.19805262067536772,0.18332292317301685,0.5570071258907363,0.6713615023474179
1767329016,503529297,333_1767329016-503529297.png,-195757,201227,0,0,-1.8742053462009804,1.92657590379902,155.16,363.25,58.0,5.0,-243.0,115.0,133.0,-53.0,-96.71760296703836,6.905077412764592,-281.4123099688682,57.30981043582158,-29.63344515770498,-4.697315495697509,-364.5982456207276,364.2872171401976,-0.5235987755982988,0.5195554247963612,,,,,,,,,,1.0,0.5000000000291038,0.9148875059837241,0.03606850932779662,0.5590694292984368,0.8015970515970516,0.23969339134037707,0.18519675202998126,0.6258907363420427,0.5352112676056338
1767329016,536884766,334_1767329016-536884766.png,-195757,201227,0,0,-1.8742053462009804,1.92657590379902,155.04,361.32,-185.0,-9.0,25.0,7.0,81.0,5.0,-83.64473957154895,8.672606504519681,-274.95058181641963,58.04707186777683,4.221078371661539,-9.973201298662612,-374.4937550723553,371.8973259925841,-0.5235987755982988,0.5248663566445665,,,,,,,,,,1.0,0.5000000000291038,0.9146960268070846,0.034578840528253524,0.470737913486005,0.792997542997543,0.29521441889372285,0.1514678326046221,0.5950118764845606,0.8075117370892019
1767329016,570239502,335_1767329016-570239502.png,-195757,201227,0,0,-1.8742053462009804,1.92657590379902,155.11,360.83,-188.0,-111.0,-93.0,9.0,26.0,26.0,-98.56049827115984,2.9132058539964643,-234.75821461708003,50.64410824760674,13.737398078132998,-7.12983166395324,-374.4937550723553,371.8973259925841,-0.5235987755982988,0.5326169611413779,,,,,,,,,,1.0,0.5000000000291038,0.9148077229934577,0.03420063445997576,0.4696474009451108,0.7303439803439804,0.27076859332919,0.15209244222361024,0.5623515439429929,0.9061032863849765
1767329016,603594971,336_1767329016-603594971.png,-195757,201227,0,0,-1.8742053462009804,1.92657590379902,155.11,360.93,-154.0,-68.0,-91.0,-5.0,26.0,17.0,-113.24284065799036,-15.81420063800206,-206.4291229561024,41.1080335916126,16.172309892301044,-1.3659718787609898,-380.465504527092,379.3396427631377,-0.5235987755982988,0.5326169611413779,,,,,,,,,,1.0,0.5000000000291038,0.9148077229934577,0.03427781937186922,0.4820065430752453,0.7567567567567568,0.2711829293557075,0.1477201748906933,0.5623515439429929,0.863849765258216
1767329016,636949707,337_1767329016-636949707.png,-195757,201227,0,0,-1.8742053462009804,1.92657590379902,155.09,361.23,-239.0,129.0,-20.0,-37.0,-16.0,-7.0,-129.3023785646489,-0.0397134379354202,-181.11280780581683,30.56308266015307,12.619367718375418,-1.5316194647304255,-359.3512183129788,360.226534128189,-0.5235987755982988,0.5326169611413779,,,,,,,,,,1.0,0.5000000000291038,0.9147758097973511,0.03450937410754948,0.4511086877499091,0.8777641277641277,0.28589185829707897,0.1377264209868832,0.5374109263657957,0.7511737089201878
1767329016,670305176,338_1767329016-670305176.png,-195757,201227,0,0,-1.8742053462009804,1.92657590379902,155.12,361.23,-325.0,158.0,-13.0,-21.0,-48.0,-12.0,-155.56270900656585,22.276877802396157,-156.71968276906995,22.583547898505845,4.631991244791305,-2.925392277137369,-370.4969384074212,370.1103618144988,-0.5235987755982988,0.5326169611413779,,,,,,,,,,1.0,0.5000000000291038,0.914823679591511,0.03450937410754948,0.4198473282442748,0.8955773955773956,0.2873420343898902,0.14272329793878827,0.5184085510688836,0.7276995305164319
1767329016,737015137,339_1767329016-737015137.png,-195757,201227,0,0,-1.8742053462009804,1.92657590379902,155.45,360.88,-247.0,-19.0,-425.0,37.0,-6.0,-7.0,-215.78703068255763,45.62178196566407,-181.0952374090573,26.414561222403727,-18.877885447828834,-5.097494724926101,-360.9156700372697,365.426655769348,-0.5235987755982988,0.5326169611413779,,,,,,,,,,1.0,0.5000000000291038,0.9153502473272697,0.03423922691592249,0.4482006543075245,0.7868550368550369,0.20198881292728404,0.1608369768894441,0.5433491686460807,0.7511737089201878
1767329016,770369629,340_1767329016-770369629.png,-195757,201227,0,0,-1.8742053462009804,1.92657590379902,155.45,360.88,-247.0,-19.0,-425.0,37.0,-6.0,-7.0,-218.61192069434617,39.77326993971048,-203.16952712701072,27.372582869402905,-17.712388836322546,-5.269678540386683,-377.33426326513296,374.6428973674773,-0.5235987755982988,0.5326169611413779,,,,,,,,,,1.0,0.5000000000291038,0.9153502473272697,0.03423922691592249,0.4482006543075245,0.7868550368550369,0.20198881292728404,0.1608369768894441,0.5433491686460807,0.7511737089201878
1767329016,803725342,341_1767329016-803725342.png,-195757,201227,0,0,-1.8742053462009804,1.92657590379902,155.49,360.33,-170.0,30.0,-327.0,-13.0,3.0,13.0,-201.79628068887845,26.087019135720745,-239.5382141905672,26.220012480974944,-14.835168290686598,-4.052970636857614,-379.8329961299897,378.44150376319874,-0.5235987755982988,0.5326169611413779,,,,,,,,,,1.0,0.5000000000291038,0.9154140737194829,0.03381470990050864,0.47619047619047616,0.816953316953317,0.22229127822664183,0.1452217364147408,0.5486935866983372,0.8450704225352113
1767329016,837079834,342_1767329016-837079834.png,-195757,201227,0,0,-1.8742053462009804,1.92657590379902,155.45,360.1,-196.0,-83.0,-352.0,-21.0,-52.0,19.0,-198.73973370661744,19.734102488301275,-253.86090021225075,19.994129500041485,-15.59757286834664,-1.1914055357882405,-376.4242694079877,377.2894556522368,-0.5235987755982988,0.5326169611413779,,,,,,,,,,1.0,0.5000000000291038,0.9153502473272697,0.03363718460315382,0.46673936750272627,0.7475429975429976,0.217112077895173,0.14272329793878827,0.5160332541567696,0.8732394366197183
1767329016,903789795,343_1767329016-903789795.png,-195757,201227,0,0,-1.8742053462009804,1.92657590379902,155.35,359.5,-135.0,-214.0,-261.0,-47.0,-100.0,5.0,-190.94810554202377,-16.2297477018741,-262.5357799733512,8.765021793898008,-28.528827725986478,1.1544944009110378,-382.39374598860746,381.5634968280791,-0.5235987755982988,0.5326169611413779,,,,,,,,,,1.0,0.5000000000291038,0.9151906813467368,0.03317407513179324,0.48891312250090874,0.6670761670761671,0.2359643671017195,0.13460337289194255,0.48752969121140144,0.8075117370892019
1767329016,937145264,344_1767329016-937145264.png,-195757,201227,0,0,-1.8742053462009804,1.92657590379902,155.22,359.13,27.0,-233.0,-296.0,-52.0,-94.0,-3.0,-169.63911902849145,-41.984951869421145,-266.5117767254734,1.5453247830973282,-36.30767833454132,0.6608849209477216,-385.0625547766686,384.773183107376,-0.5235987755982988,0.5326169611413779,,,,,,,,,,1.0,0.5000000000291038,0.9149832455720439,0.03288849095778759,0.5478007997091966,0.6554054054054054,0.22871348663766317,0.1330418488444722,0.4910926365795724,0.7699530516431925
1767329016,970499756,345_1767329016-970499756.png,-195757,201227,0,0,-1.8742053462009804,1.92657590379902,155.26,358.77,-103.0,77.0,-399.0,-57.0,64.0,11.0,-125.28123450729828,-48.657874600755726,-270.08000227413834,-7.571592737609166,-29.223572457253866,0.2887859008183678,-385.0718410909176,384.9157562255858,-0.5235987755982988,0.5326169611413779,,,,,,,,,,1.0,0.5000000000291038,0.915047071964257,0.032610625274971244,0.5005452562704471,0.8458230958230958,0.2073751812720116,0.1314803247970019,0.584916864608076,0.8356807511737089
1767329017,37209473,346_1767329017-37209473.png,-195757,201227,0,0,-1.8742053462009804,1.92657590379902,155.44,358.32,-236.0,143.0,-181.0,-53.0,28.0,15.0,-144.20248816761318,4.863161781491585,-260.6616812917528,-21.875413858087416,-7.530663711465384,4.684035219388639,-356.7422835230828,361.2340030670165,-0.5235987755982988,0.537067607194789,,,,,,,,,,1.0,0.5000000000291038,0.9153342907292163,0.03226329317145085,0.4521992002908033,0.8863636363636364,0.2525378081624197,0.13272954403497814,0.5635391923990498,0.8544600938967136
1767329017,70564941,347_1767329017-70564941.png,-195757,201227,0,0,-1.8742053462009804,1.92657590379902,155.46,358.34,-163.0,29.0,-81.0,-9.0,-62.0,-2.0,-148.9537480561209,11.519821280411836,-237.13047444871208,-21.19934194054601,-13.027797808080958,4.172833473214375,-354.3022557497025,358.0493924617766,-0.5235987755982988,0.5298997501223504,,,,,,,,,,1.0,0.5000000000291038,0.915366203925323,0.03227873015382951,0.47873500545256265,0.8163390663390664,0.27325460948829505,0.14647095565271706,0.5100950118764845,0.7746478873239436
1767329017,103919434,348_1767329017-103919434.png,-195757,201227,0,0,-1.8742053462009804,1.92657590379902,155.51,358.19,-103.0,-28.0,-313.0,17.0,20.0,-4.0,-143.49382839047573,6.824338136617124,-246.14478845145143,-16.66074939699149,-9.103653850441884,3.201791586708167,-372.052103817463,374.01041722297657,-0.5235987755982988,0.5313611322559616,,,,,,,,,,1.0,0.5000000000291038,0.9154459869155894,0.03216295278598938,0.5005452562704471,0.7813267813267813,0.22519163041226437,0.15459088069956278,0.5587885985748219,0.7652582159624413
1767329017,137274658,349_1767329017-137274658.png,-195757,201227,0,0,-1.8742053462009804,1.92657590379902,155.49,357.97,-99.0,-24.0,-382.0,57.0,92.0,-11.0,-137.0966834445352,2.206816765529818,-264.11993928879144,-6.9856050944673385,3.707080307748212,1.3168948345456124,-352.0850995182992,355.3628563880919,-0.5235987755982988,0.5292243791561944,,,,,,,,,,1.0,0.5000000000291038,0.9154140737194829,0.03199314597982392,0.5019992729916394,0.7837837837837838,0.2108970374974104,0.1670830730793254,0.6015439429928741,0.7323943661971831
1767329017,170629150,350_1767329017-170629150.png,-195757,201227,0,0,-1.8742053462009804,1.92657590379902,155.34,359.16,-40.0,121.0,-319.0,1.0,7.0,-17.0,-130.288081276975,1.3854157560762697,-278.27131939969706,4.055794591396855,13.672136799405097,-1.5740040201725654,-352.38323566317564,354.96537113189686,-0.5235987755982988,0.5209175970625998,,,,,,,,,,1.0,0.5000000000291038,0.9151747247486834,0.03291164643135561,0.5234460196292257,0.8728501228501229,0.22394862233271184,0.14959400374765772,0.5510688836104513,0.704225352112676
1767329017,203984619,351_1767329017-203984619.png,-195757,201227,0,0,-1.8742053462009804,1.92657590379902,155.31,359.18,-10.0,13.0,-307.0,-30.0,14.0,-22.0,-116.15038539332198,15.516384398021277,-283.85403533201287,2.643981000626172,12.914278424928392,-3.985563509310911,-361.3756348192693,367.07047367095936,-0.5235987755982988,0.5261417182370282,,,,,,,,,,1.0,0.5000000000291038,0.9151268549545235,0.03292708341373432,0.5343511450381679,0.8065110565110565,0.2264346384918169,0.13991255465334165,0.5552256532066508,0.6807511737089201
1767329017,237338867,352_1767329017-237338867.png,-195757,201227,0,0,-1.8742053462009804,1.92657590379902,155.31,359.18,-10.0,13.0,-307.0,-30.0,14.0,-22.0,-103.5383003895696,15.217404287752576,-286.6040853935821,-1.2345603886985952,13.043276664025436,-6.125919415447476,-357.7306590676308,360.2817006111144,-0.5235987755982988,0.520940682754272,,,,,,,,,,1.0,0.5000000000291038,0.9151268549545235,0.03292708341373432,0.5343511450381679,0.8065110565110565,0.2264346384918169,0.13991255465334165,0.5552256532066508,0.6807511737089201
1767329017,270694336,353_1767329017-270694336.png,-195757,201227,0,0,-1.8742053462009804,1.92657590379902,155.21,359.55,-86.0,-178.0,-83.0,11.0,-32.0,-15.0,-91.62711981233224,-13.639316748919244,-261.7363207306243,-0.4261213736032373,4.747663447378024,-8.96859590598587,-357.72143769264227,360.26980757713307,-0.5235987755982988,0.5165216621741661,,,,,,,,,,1.0,0.5000000000291038,0.9149672889739906,0.03321266758773997,0.5067248273355143,0.6891891891891891,0.2728402734617775,0.15271705184259837,0.5279097387173397,0.7136150234741784
1767329017,337404053,354_1767329017-337404053.png,-195757,201227,0,0,-1.8742053462009804,1.92657590379902,155.1,360.2,-166.0,-166.0,-75.0,13.0,-16.0,-3.0,-102.20912235263826,-44.5205365802258,-225.0757796519692,2.135179136092445,-0.2092319340948588,-8.41131395727569,-359.96482938528067,361.98398065567005,-0.5235987755982988,0.5366272306184687,,,,,,,,,,1.0,0.5000000000291038,0.9147917663954044,0.03371436951504722,0.47764449291166844,0.6965601965601965,0.2744976175678475,0.1533416614615865,0.5374109263657957,0.7699530516431925
1767329017,370758789,355_1767329017-370758789.png,-195757,201227,0,0,-1.8742053462009804,1.92657590379902,154.92,361.96,-206.0,-109.0,-110.0,0.0,51.0,9.0,-114.54086628981042,-52.181558917858254,-211.40323847874592,1.881491307613486,5.875109481497458,-6.342617071790847,-359.6040917932988,360.7956802845,-0.5235987755982988,0.5404887324450972,,,,,,,,,,1.0,0.5000000000291038,0.914504547630445,0.03507282396437142,0.4631043256997455,0.7315724815724816,0.2672467371037912,0.14928169893816365,0.5771971496437055,0.8262910798122065
1767329017,404114746,356_1767329017-404114746.png,-195757,201227,0,0,-1.8742053462009804,1.92657590379902,154.78,365.64,-164.0,-47.0,-78.0,-51.0,-156.0,20.0,-110.16031738692652,-42.11291202652581,-183.21335939257563,-3.0241172307357456,-6.1231480080925245,-4.03945584383828,-377.3611481189728,375.9025559425353,-0.5235987755982988,0.5385501578228211,,,,,,,,,,1.0,0.5000000000291038,0.9142811552576989,0.037913228722049414,0.4783715012722646,0.7696560196560197,0.2738761135280713,0.13335415365396627,0.45427553444180524,0.8779342723004695
1767329017,437469482,357_1767329017-437469482.png,-195757,201227,0,0,-1.8742053462009804,1.92657590379902,154.86,367.34,-255.0,3.0,-72.0,-22.0,-188.0,6.0,-125.04160159480732,-39.89325234032391,-164.66304452373944,-9.537889699010082,-33.985451762458354,-0.7430247672075145,-377.6258405447007,375.04138565063465,-0.5235987755982988,0.5274708741757145,,,,,,,,,,1.0,0.5000000000291038,0.9144088080421253,0.03922537222423758,0.4452926208651399,0.8003685503685504,0.2751191216076238,0.1424109931292942,0.43527315914489306,0.812206572769953
1767329017,470825195,358_1767329017-470825195.png,-195757,201227,0,0,-1.8742053462009804,1.92657590379902,154.84,368.74,-257.0,50.0,-331.0,19.0,-82.0,-19.0,-147.6815681053297,-28.226914336165976,-172.08980393637538,-7.980895567986568,-51.00831616851949,-1.8403117870789552,-368.38413956761366,362.2215547561645,-0.5235987755982988,0.5394084179333964,,,,,,,,,,1.0,0.5000000000291038,0.9143768948460187,0.04030596099074554,0.44456561250454374,0.8292383292383292,0.2214626061736068,0.15521549031855092,0.4982185273159145,0.6948356807511737
1767329017,504180176,359_1767329017-504180176.png,-195757,201227,0,0,-1.8742053462009804,1.92657590379902,154.82,370.64,-85.0,64.0,-185.0,-16.0,7.0,-31.0,-143.23259574410733,-15.12348024533008,-177.98236941342512,-8.193628038647851,-44.96620672915024,-5.775536389387986,-363.75481450557714,360.3321385383605,-0.5235987755982988,0.5313124593777083,,,,,,,,,,1.0,0.5000000000291038,0.9143449816499121,0.04177247431672057,0.5070883315158123,0.8378378378378378,0.2517091361093847,0.14428482198625858,0.5510688836104513,0.6384976525821596
1767329017,537535889,360_1767329017-537535889.png,-195757,201227,0,0,-1.8742053462009804,1.92657590379902,154.69,370.61,-72.0,-60.0,-286.0,11.0,71.0,-25.0,-133.17198071372331,-18.28517576234638,-191.0087908940775,-6.127285153394362,-29.762518015738685,-8.751527826220734,-387.8753339052201,378.8457236289977,-0.5235987755982988,0.5399821470622236,,,,,,,,,,1.0,0.5000000000291038,0.9141375458752192,0.041749318843152555,0.5118138858596873,0.7616707616707616,0.23078516677025068,0.15271705184259837,0.5890736342042755,0.6666666666666666
1767329017,570890625,361_1767329017-570890625.png,-195757,201227,0,0,-1.8742053462009804,1.92657590379902,154.52,371.02,-61.0,-11.0,-374.0,68.0,72.0,-49.0,-118.23218757974128,-10.292994165425648,-223.62856854211088,5.674204622825969,-8.243505236376274,-15.456295147849662,-371.5507727265359,366.97518610954273,-0.5235987755982988,0.5399821470622236,,,,,,,,,,1.0,0.5000000000291038,0.9138662837083132,0.042065776981915576,0.5158124318429661,0.7917690417690417,0.21255438160348045,0.17051842598376016,0.5896674584323041,0.5539906103286385
1767329017,637601074,362_1767329017-637601074.png,-195757,201227,0,0,-1.8742053462009804,1.92657590379902,154.37,369.68,-267.0,121.0,-407.0,-49.0,91.0,-7.0,-131.34348722691828,5.249984723243876,-257.40776911652426,4.148702253142628,9.947423608326046,-17.126707261980354,-374.28724822402006,371.25968742370594,-0.5235987755982988,0.5399821470622236,,,,,,,,,,1.0,0.5000000000291038,0.9136269347375139,0.0410314991625437,0.44093057070156305,0.8728501228501229,0.2057178371659416,0.1339787632729544,0.6009501187648456,0.7511737089201878
1767329017,670957031,363_1767329017-670957031.png,-195757,201227,0,0,-1.8742053462009804,1.92657590379902,154.02,367.74,-318.0,119.0,-381.0,-48.0,83.0,-1.0,-157.2416254318265,21.93985175092912,-276.19526272388424,-3.5050477238302564,20.85019354447244,-14.93287886606699,-360.3477112650872,356.4686219692229,-0.5235987755982988,0.5399821470622236,,,,,,,,,,1.0,0.5000000000291038,0.9130684538056485,0.0395341118718113,0.42239185750636127,0.8716216216216216,0.21110420551066916,0.13429106808244848,0.5961995249406176,0.7793427230046949
1767329017,704311768,364_1767329017-704311768.png,-195757,201227,0,0,-1.8742053462009804,1.92657590379902,152.92,367.66,-91.0,-142.0,-243.0,-2.0,46.0,-32.0,-163.1849495631132,2.8544797745190307,-292.7169369803756,-11.947076541734424,38.042986438935,-15.821412468654035,-360.08522677421576,356.02256155014027,-0.5235987755982988,0.5399821470622236,,,,,,,,,,1.0,0.5000000000291038,0.911313228019786,0.03947236394229661,0.5049073064340239,0.7113022113022113,0.23969339134037707,0.1486570893191755,0.5742280285035629,0.6338028169014085
1767329017,737667480,365_1767329017-737667480.png,-195757,201227,0,0,-1.8742053462009804,1.92657590379902,152.23,368.04,-53.0,-109.0,-147.0,9.0,9.0,-37.0,-149.1893490462059,-15.342681123160682,-276.7578835962802,-9.496856907831926,35.85799679456033,-18.639917303884125,-369.8528058826924,363.8676652908324,-0.5235987755982988,0.5399821470622236,,,,,,,,,,1.0,0.5000000000291038,0.9102122227541087,0.03976566660749162,0.5187204652853508,0.7315724815724816,0.2595815206132173,0.15209244222361024,0.5522565320665083,0.6103286384976525
1767329017,771022217,366_1767329017-771022217.png,-195757,201227,0,0,-1.8742053462009804,1.92657590379902,151.31,369.45,-135.0,-30.0,-180.0,16.0,-20.0,-10.0,-142.5437483586508,-21.88950426840347,-260.768476512767,-6.158316671044937,29.305626216465235,-18.88132875793721,-374.4952486753464,372.290512561798,-0.5235987755982988,0.5399821470622236,,,,,,,,,,1.0,0.5000000000291038,0.9087442157332055,0.040853973865188825,0.48891312250090874,0.7800982800982801,0.2527449761756785,0.15427857589006871,0.5350356294536817,0.7370892018779343
1767329017,804377930,367_1767329017-804377930.png,-195757,201227,0,0,-1.8742053462009804,1.92657590379902,150.36,371.05,-143.0,113.0,-180.0,37.0,-31.0,9.0,-142.39104377158964,-6.085286091803195,-248.9567469029813,-0.4227631790017772,20.78813426363989,-15.325052981810856,-370.2460131049157,367.69321012496937,-0.5235987755982988,0.5399821470622236,,,,,,,,,,1.0,0.5000000000291038,0.9072283389181426,0.042088932455483646,0.48600508905852413,0.8679361179361179,0.2527449761756785,0.1608369768894441,0.5285035629453682,0.8262910798122065
1767329017,837732666,368_1767329017-837732666.png,-195757,201227,0,0,-1.8742053462009804,1.92657590379902,148.88,372.29,-254.0,7.0,-188.0,71.0,18.0,14.0,-155.66838270114297,-1.2642534335196676,-239.82289317641488,9.08966467474876,19.03639799063512,-11.173645930213649,-373.4420637488366,366.843789577484,-0.5235987755982988,0.5399821470622236,,,,,,,,,,1.0,0.5000000000291038,0.9048667624062549,0.043046025362962065,0.445656125045438,0.8028255528255528,0.2510876320696085,0.17145534041224236,0.5576009501187649,0.8497652582159625
1767329017,871088379,369_1767329017-871088379.png,-195757,201227,0,0,-1.8742053462009804,1.92657590379902,146.98,373.18,-113.0,-57.0,-165.0,93.0,27.0,8.0,-153.29589296160685,-7.659729581451308,-229.5115110643703,20.757439391570188,19.954153583479364,-8.205086163831773,-373.4420637488366,366.843789577484,-0.5235987755982988,0.5399821470622236,,,,,,,,,,1.0,0.5000000000291038,0.9018350087761288,0.04373297107881355,0.4969102144674663,0.7635135135135135,0.25585249637455976,0.1783260462211118,0.5629453681710214,0.8215962441314554
1767329017,904443115,370_1767329017-904443115.png,-195757,201227,0,0,-1.8742053462009804,1.92657590379902,144.28,375.91,-159.0,-106.0,-118.0,78.0,66.0,0.0,-154.13007199916893,-22.041190444508334,-213.2038638987987,29.128696065845386,26.68798231231132,-7.005159368421006,-371.0869115889073,362.2622489929198,-0.5235987755982988,0.5264159021853492,,,,,,,,,,1.0,0.5000000000291038,0.8975267273017391,0.045840119173503974,0.480189022173755,0.7334152334152334,0.26558939299772116,0.1736414740787008,0.586104513064133,0.784037558685446
1767329017,971153320,371_1767329017-971153320.png,-195757,201227,0,0,-1.8742053462009804,1.92657590379902,135.25,389.36,-167.0,-259.0,-503.0,128.0,27.0,-48.0,-150.2334424195344,-58.52217142369261,-249.8804787202167,46.28995166257977,35.810382018958855,-13.22334825372152,-389.5568711161614,367.2412748336791,-0.5235987755982988,0.5341183353995538,,,,,,,,,,1.0,0.5000000000291038,0.8831179192596137,0.05622148982316941,0.47728098873137037,0.6394348894348895,0.18582970789310133,0.18925671455340412,0.5629453681710214,0.5586854460093896
1767329018,4509033,372_1767329018-4509033.png,-195757,201227,0,0,-1.8742053462009804,1.92657590379902,129.14,402.57,-147.0,-154.0,-225.0,118.0,-73.0,-33.0,-151.18641048053942,-85.85445574057053,-267.1107973747268,61.32649550769957,22.17961995667042,-18.34654027488283,-397.142036497593,367.198001384735,-0.5235987755982988,0.5422759932021957,,,,,,,,,,1.0,0.5000000000291038,0.8733684378490505,0.06641761668429055,0.48455107233733186,0.7039312039312039,0.2434224155790346,0.18613366645846346,0.503562945368171,0.6291079812206573
1767329018,37863770,373_1767329018-37863770.png,-195757,201227,0,0,-1.8742053462009804,1.92657590379902,115.65,425.76,-204.0,-146.0,-206.0,182.0,-105.0,-40.0,-165.9289535269788,-93.95337335389152,-259.50661248927645,79.24761828939518,-1.0144876907143048,-20.586946914212746,-389.7793530225754,350.0544078350066,-0.5235987755982988,0.5422759932021957,,,,,,,,,,1.0,0.5000000000291038,0.8518429870751555,0.08431679775237536,0.46383133406034166,0.7088452088452089,0.24735860783095093,0.2061211742660837,0.4845605700712589,0.596244131455399
1767329018,71219482,374_1767329018-71219482.png,-195757,201227,0,0,-1.8742053462009804,1.92657590379902,108.82,438.95,-219.0,-237.0,-391.0,256.0,-65.0,-52.0,-173.86581544019415,-111.18372964391271,-267.0029747955097,103.7022037295646,-15.364753754255538,-25.02788803360841,-388.4080306589604,345.61343431472767,-0.5235987755982988,0.5422759932021957,,,,,,,,,,1.0,0.5000000000291038,0.8409446306047549,0.0944974876311179,0.4583787713558706,0.652948402948403,0.20903252537808165,0.2292317301686446,0.5083135391923991,0.539906103286385
1767329018,137929688,375_1767329018-137929688.png,-195757,201227,0,0,-1.8742053462009804,1.92657590379902,102.46,452.78,-266.0,-232.0,-355.0,300.0,-132.0,-56.0,-187.2499768469944,-132.33279367009314,-284.15442872633207,135.24956821699868,-31.903040406977105,-30.16436822747098,-379.9785899519921,328.5625491142272,-0.5235987755982988,0.5422759932021957,,,,,,,,,,1.0,0.5000000000291038,0.8307962342428593,0.10517216094597828,0.4412940748818611,0.6560196560196561,0.21649057385539675,0.24297314178638352,0.4685273159144893,0.5211267605633803
1767329018,171284424,376_1767329018-171284424.png,-195757,201227,0,0,-1.8742053462009804,1.92657590379902,92.73,472.54,-351.0,-99.0,-452.0,365.0,-177.0,-39.0,-211.1563034049132,-126.14726664156204,-313.4442970117862,170.70354596879218,-52.01905011268863,-31.97469101920958,-331.3720080554486,263.9855239391326,-0.5235987755982988,0.5422759932021957,,,,,,,,,,1.0,0.5000000000291038,0.8152704643370032,0.12042389953611873,0.41039621955652483,0.7377149877149877,0.19639527656929773,0.2632729544034978,0.4418052256532066,0.6009389671361502
1767329018,204639893,377_1767329018-204639893.png,-195757,201227,0,0,-1.8742053462009804,1.92657590379902,88.89,487.14,-374.0,-110.0,-493.0,384.0,-174.0,-47.0,-249.1563120817152,-121.03209953226305,-353.75764869666745,221.60543067204105,-82.53557043474838,-34.88465215166249,-297.3372117578984,233.6171631813048,-0.5235987755982988,0.5422759932021957,,,,,,,,,,1.0,0.5000000000291038,0.8091431306845379,0.13169289667255843,0.40203562340966914,0.730958230958231,0.18790138802568884,0.26920674578388504,0.44358669833729214,0.5633802816901409
1767329018,271350342,378_1767329018-271350342.png,-195757,201227,0,0,-1.8742053462009804,1.92657590379902,85.94,540.01,-563.0,-7.0,-480.0,474.0,-230.0,-58.0,-289.64977784944085,-96.08294561492548,-367.35640513291065,259.2724120570592,-106.177893628966,-36.61232952201844,-258.12039235234266,187.35584020614613,-0.5235987755982988,0.5422759932021957,,,,,,,,,,1.0,0.5000000000291038,0.8044359342588159,0.17250055959061125,0.33333333333333326,0.7942260442260443,0.19059457219805265,0.297314178638351,0.41033254156769594,0.511737089201878
1767329018,304704834,379_1767329018-304704834.png,-195757,201227,0,0,-1.8742053462009804,1.92657590379902,85.23,578.2,-534.0,-66.0,-397.0,485.0,-274.0,-66.0,-335.11196091125555,-84.303730866891,-381.73645941399946,297.0550184802766,-130.2729217563884,-40.79874913444724,-258.1972804367543,161.09372854232777,-0.5235987755982988,0.5422759932021957,,,,,,,,,,1.0,0.5000000000291038,0.803303015797032,0.20197747744270952,0.3438749545619774,0.757985257985258,0.20778951729852913,0.3007495315427857,0.3842042755344418,0.4741784037558685
1767329018,338060547,380_1767329018-338060547.png,-195757,201227,0,0,-1.8742053462009804,1.92657590379902,84.32,608.39,-416.0,-227.0,-502.0,544.0,-283.0,-60.0,-362.30891532929866,-103.75759595884152,-400.5034071342311,347.69089222385634,-163.71355512852367,-45.55403284803658,-219.576798260212,114.8017416000365,-0.5235987755982988,0.5422759932021957,,,,,,,,,,1.0,0.5000000000291038,0.8018509653741821,0.2252796023433339,0.3867684478371501,0.6590909090909091,0.1860368759063601,0.31917551530293564,0.37885985748218526,0.5023474178403755
1767329018,371417236,381_1767329018-371417236.png,-195757,201227,0,0,-1.8742053462009804,1.92657590379902,83.19,640.54,-446.0,-187.0,-665.0,577.0,-266.0,-55.0,-374.5480524971732,-115.93111725148682,-439.183872242994,381.2254752079104,-178.67211175521882,-46.93542834686431,-201.862926542759,83.91854143142687,-0.5235987755982988,0.5422759932021957,,,,,,,,,,1.0,0.5000000000291038,0.8000478697941598,0.2500945515170694,0.37586332242820786,0.6836609336609336,0.15226848974518337,0.32948157401623984,0.38895486935866985,0.5258215962441315
1767329018,404774902,382_1767329018-404774902.png,-195757,201227,0,0,-1.8742053462009804,1.92657590379902,82.04,672.95,-512.0,-135.0,-631.0,583.0,-273.0,-50.0,-394.64927649370617,-118.71978551305222,-467.2354133105505,410.7333504568688,-192.4667945165473,-47.38359690592993,-170.17594426870352,75.09419679641711,-0.5235987755982988,0.5090450388021774,,,,,,,,,,1.0,0.5000000000291038,0.7982128610180308,0.27511018146172783,0.35187204652853504,0.7156019656019657,0.15931220219598097,0.3313554028732042,0.38479809976247026,0.5492957746478873
1767329018,438131592,383_1767329018-438131592.png,-195757,201227,0,0,-1.8742053462009804,1.92657590379902,79.58,701.15,-506.0,-244.0,-585.0,621.0,-317.0,-61.0,-410.9334097929451,-137.0409930294757,-484.45752168304233,441.4831295487952,-210.67875807113916,-49.37488457841168,-156.6814360618592,83.08688879013049,-0.5235987755982988,0.4932376335521265,,,,,,,,,,1.0,0.5000000000291038,0.7942875378969203,0.2968763266156731,0.3540530716103235,0.6486486486486487,0.16884193080588358,0.34322298563397874,0.3586698337292161,0.4976525821596244
1767329018,471489258,384_1767329018-471489258.png,-195757,201227,0,0,-1.8742053462009804,1.92657590379902,74.93,761.88,-481.0,-267.0,-469.0,654.0,-375.0,-78.0,-422.6170051739216,-159.21667766336873,-488.4456269644152,476.6509692414492,-236.3840782468983,-53.046569429206194,-149.94892317056662,77.9993927478789,-0.5235987755982988,0.4964840051279341,,,,,,,,,,1.0,0.5000000000291038,0.7868677198021381,0.34375072360854897,0.36314067611777534,0.6345208845208845,0.19287342034389893,0.35352904434728294,0.3242280285035629,0.41784037558685444
1767329018,504845947,385_1767329018-504845947.png,-195757,201227,0,0,-1.8742053462009804,1.92657590379902,72.15,784.56,-615.0,-244.0,-480.0,617.0,-343.0,-70.0,-440.9186859799684,-176.4338716337166,-485.75923168469046,505.0322831436192,-258.37809369877544,-56.86865795465749,-132.09043172001844,90.76806926727282,-0.5235987755982988,0.5150029891310898,,,,,,,,,,1.0,0.5000000000291038,0.782431785543322,0.36125626162597735,0.31443111595783346,0.6486486486486487,0.19059457219805265,0.3419737663960025,0.34323040380047504,0.4553990610328638
1767329018,538203613,386_1767329018-538203613.png,-195757,201227,0,0,-1.8742053462009804,1.92657590379902,69.56,808.84,-661.0,-307.0,-494.0,639.0,-358.0,-71.0,-480.9503905013528,-197.33531754881503,-486.2790425358053,529.878939815306,-276.9631620808216,-59.59488368986904,-128.3972710371018,116.19451618194569,-0.5235987755982988,0.5218872806034165,,,,,,,,,,1.0,0.5000000000291038,0.7782990266475186,0.3799967582337005,0.2977099236641221,0.60995085995086,0.18769422001243008,0.3488444722048719,0.33432304038004745,0.4507042253521127
1767329018,571560303,387_1767329018-571560303.png,-195757,201227,0,0,-1.8742053462009804,1.92657590379902,67.83,834.04,-702.0,-412.0,-861.0,714.0,-330.0,-81.0,-512.1525226009795,-225.84828496141031,-531.0126762152363,554.7480058174649,-285.48736299617883,-62.450922440841005,-144.3121953606606,124.60733318328845,-0.5235987755982988,0.4771812801136327,,,,,,,,,,1.0,0.5000000000291038,0.7755385351842986,0.399447356030843,0.2828062522719011,0.5454545454545454,0.1116635591464678,0.37226733291692693,0.3509501187648456,0.40375586854460094
1767329018,638274658,388_1767329018-638274658.png,-195757,201227,0,0,-1.8742053462009804,1.92657590379902,67.51,922.08,-624.0,-290.0,-626.0,701.0,-396.0,-70.0,-560.5218542943351,-274.73288998943656,-623.9119525132558,603.1702271727323,-316.2350022919058,-62.836365242430006,-106.72281876206402,142.3838367462157,-0.5235987755982988,0.4911723819818782,,,,,,,,,,1.0,0.5000000000291038,0.7750279240465932,0.4674009524618128,0.31115957833515084,0.6203931203931203,0.16034804226227473,0.36820737039350404,0.31175771971496435,0.4553990610328638
1767329018,671632568,389_1767329018-671632568.png,-195757,201227,0,0,-1.8742053462009804,1.92657590379902,67.51,922.08,-624.0,-290.0,-626.0,701.0,-396.0,-70.0,-562.4977213459437,-275.2081051884285,-623.976946601936,606.2153480193941,-318.7178257753428,-63.05934576162904,-148.37174335122114,148.14751625061024,-0.5235987755982988,0.4844401910582691,,,,,,,,,,1.0,0.5000000000291038,0.7750279240465932,0.4674009524618128,0.31115957833515084,0.6203931203931203,0.16034804226227473,0.36820737039350404,0.31175771971496435,0.4553990610328638
1767329018,704989258,390_1767329018-704989258.png,-195757,201227,0,0,-1.8742053462009804,1.92657590379902,68.27,939.49,-676.0,-288.0,-589.0,707.0,-447.0,-71.0,-580.8881576778052,-277.90761688469183,-619.9825575777256,625.749051941562,-340.1227685984665,-64.55632349751174,-149.9558067321778,149.15885400772083,-0.5235987755982988,0.4778432994559833,,,,,,,,,,1.0,0.5000000000291038,0.7762406254986436,0.4808388456224577,0.292257360959651,0.6216216216216216,0.16801325875284856,0.37008119925046845,0.2814726840855107,0.4507042253521127
1767329018,738346924,391_1767329018-738346924.png,-195757,201227,0,0,-1.8742053462009804,1.92657590379902,69.11,956.62,-724.0,-314.0,-448.0,719.0,-513.0,-71.0,-601.8170950361921,-283.1858329503797,-594.8315140590778,639.3862410019293,-365.4046508521262,-65.49865852506781,-123.12803450226788,158.92432451248158,-0.5235987755982988,0.4677700962092259,,,,,,,,,,1.0,0.5000000000291038,0.7775809797351203,0.4940606210298011,0.27480916030534347,0.6056511056511057,0.19722394862233272,0.37382885696439727,0.24228028503562943,0.4507042253521127
1767329018,771703613,392_1767329018-771703613.png,-195757,201227,0,0,-1.8742053462009804,1.92657590379902,70.75,996.77,-741.0,-277.0,-530.0,772.0,-462.0,-73.0,-625.7285114838836,-285.8007535248825,-584.1943161540069,660.0370534927606,-386.2069277449775,-66.22825511520769,-108.7856143712998,172.49699878692616,-0.5235987755982988,0.4649251240763686,,,,,,,,,,1.0,0.5000000000291038,0.7801978618158607,0.5250503631550104,0.26862958924027625,0.6283783783783784,0.180236171535115,0.3903810118675828,0.2725653206650831,0.4413145539906103
1767329018,838418213,393_1767329018-838418213.png,-195757,201227,0,0,-1.8742053462009804,1.92657590379902,71.23,1007.27,-791.0,-199.0,-737.0,740.0,-363.0,-63.0,-654.557952770103,-274.78579747289524,-598.0276412032006,678.4668409705506,-389.4941829771394,-66.38474645816383,-119.55254375934604,179.09734606742848,-0.5235987755982988,0.4529695664094753,,,,,,,,,,1.0,0.5000000000291038,0.7809637785224189,0.5331547789038199,0.2504543802253726,0.6762899262899262,0.13735239279055314,0.3803872579637726,0.331353919239905,0.48826291079812206
1767329018,871775879,394_1767329018-871775879.png,-195757,201227,0,0,-1.8742053462009804,1.92657590379902,71.44,1017.58,-841.0,-241.0,-744.0,745.0,-403.0,-52.0,-680.4521555996513,-268.6929054871564,-619.1829065151521,688.0596294484457,-390.3721600360068,-64.58280788169563,-106.42325395345692,187.47949910163868,-0.5235987755982988,0.4376004625945158,,,,,,,,,,1.0,0.5000000000291038,0.7812988670815381,0.5411125433200318,0.23227917121046887,0.6504914004914005,0.13590221669774188,0.38194878201124294,0.3076009501187648,0.539906103286385
1767329018,905132568,395_1767329018-905132568.png,-195757,201227,0,0,-1.8742053462009804,1.92657590379902,71.8,1028.27,-764.0,-371.0,-646.0,751.0,-448.0,-65.0,-692.5585991465535,-277.1681023985062,-625.1434808984432,695.3679291103803,-395.9451839107599,-64.26435050802077,-106.24921673536304,189.2969839572905,-0.5235987755982988,0.4511876729384357,,,,,,,,,,1.0,0.5000000000291038,0.7818733046114568,0.5493636104014387,0.26026899309342055,0.5706388206388207,0.15620468199709966,0.38382261086820735,0.2808788598574822,0.4788732394366197
1767329018,938490234,396_1767329018-938490234.png,-195757,201227,0,0,-1.8742053462009804,1.92657590379902,72.74,1055.43,-789.0,-415.0,-591.0,782.0,-458.0,-77.0,-708.5608996094113,-299.81844546838914,-620.7045315810425,709.5155670406348,-406.4035347128855,-66.37661502489627,-109.9510143399239,188.5822556018828,-0.5235987755982988,0.4327741812442211,,,,,,,,,,1.0,0.5000000000291038,0.7833732248284664,0.5703270324716925,0.2511813885859687,0.5436117936117937,0.16759892272633106,0.3935040599625234,0.2749406175771971,0.4225352112676056
1767329018,971847168,397_1767329018-971847168.png,-195757,201227,0,0,-1.8742053462009804,1.92657590379902,72.74,1055.43,-748.0,-341.0,-616.0,804.0,-428.0,-77.0,-713.2467920322655,-304.71136473961786,-620.1455703301426,720.7415809227269,-408.96948353137,-67.6388151934321,-110.10556977987294,179.18288993835438,-0.5235987755982988,0.4363002145411939,,,,,,,,,,1.0,0.5000000000291038,0.7833732248284664,0.5703270324716925,0.2660850599781897,0.5890663390663391,0.16241972239486224,0.40037476577139286,0.29275534441805223,0.4225352112676056
1767329019,5204834,398_1767329019-5204834.png,-195757,201227,0,0,-1.8742053462009804,1.92657590379902,73.97,1073.34,-744.0,-361.0,-701.0,829.0,-379.0,-73.0,-716.4361076594577,-308.0629302933011,-623.7751968185181,737.7501473469317,-410.7330615624907,-67.78459293933342,-113.93783035874372,176.70956873893726,-0.5235987755982988,0.4381974724770253,,,,,,,,,,1.0,0.5000000000291038,0.7853358863890217,0.5841508501918045,0.26753907669938204,0.5767813267813268,0.14481044126786827,0.40818238600874457,0.3218527315914489,0.4413145539906103
1767329019,38561523,399_1767329019-38561523.png,-195757,201227,0,0,-1.8742053462009804,1.92657590379902,74.64,1083.11,-757.0,-294.0,-708.0,828.0,-407.0,-87.0,-722.3761522361648,-311.14758120799047,-637.7544451776,753.4291262406816,-407.783168392215,-69.95295363322484,-113.3700664043427,178.2857539653777,-0.5235987755982988,0.4422279762985868,,,,,,,,,,1.0,0.5000000000291038,0.7864049784585925,0.5916918160837918,0.26281352235550703,0.6179361179361179,0.14336026517505698,0.4078700811992505,0.30522565320665085,0.3755868544600939
1767329019,71919434,400_1767329019-71919434.png,-195757,201227,0,0,-1.8742053462009804,1.92657590379902,75.24,1092.31,-758.0,-259.0,-568.0,827.0,-451.0,-87.0,-727.5301107339506,-305.4722571971876,-635.3567618979006,764.2440033720223,-411.6508003438405,-72.44594484741468,-101.95751088857656,188.47865724563587,-0.5235987755982988,0.4407405231222344,,,,,,,,,,1.0,0.5000000000291038,0.7873623743417902,0.5987928279779868,0.26245001817520897,0.6394348894348895,0.17236378703128238,0.40755777638975643,0.27909738717339666,0.3755868544600939
1767329019,105276123,401_1767329019-105276123.png,-195757,201227,0,0,-1.8742053462009804,1.92657590379902,76.25,1103.18,-746.0,-242.0,-403.0,789.0,-456.0,-76.0,-730.560322585318,-296.6562420883864,-605.9021799114023,768.9066469497742,-417.9993660617537,-73.26740940169965,-99.23493239283566,188.38867139816276,-0.5235987755982988,0.4410477916527576,,,,,,,,,,1.0,0.5000000000291038,0.788973990745173,0.607182827900802,0.26681206833878585,0.6498771498771498,0.2065465092189766,0.39569019362898183,0.27612826603325413,0.4272300469483568
1767329019,138634033,402_1767329019-138634033.png,-195757,201227,0,0,-1.8742053462009804,1.92657590379902,77.54,1109.48,-687.0,-108.0,-451.0,819.0,-385.0,-75.0,-725.8082604029461,-272.74222179566226,-581.9324360717459,775.4095367171976,-415.1208989528972,-73.54821507471962,-97.2177890837193,192.744817495346,-0.5235987755982988,0.4489298301451933,,,,,,,,,,1.0,0.5000000000291038,0.7910323918940481,0.6120454773500876,0.2882588149763722,0.7321867321867321,0.19660244458255646,0.4050593379138039,0.31828978622327786,0.43192488262910794
1767329019,171990723,403_1767329019-171990723.png,-195757,201227,0,0,-1.8742053462009804,1.92657590379902,78.72,1125.43,-694.0,-127.0,-598.0,857.0,-438.0,-66.0,-721.1565622719573,-251.4286129360515,-584.2821859841204,787.3414751744158,-418.4667805016302,-72.44435030781389,-89.07700338959698,197.6675305366515,-0.5235987755982988,0.4242635035727954,,,,,,,,,,1.0,0.5000000000291038,0.7929152704643369,0.6243564707970887,0.2857142857142857,0.7205159705159705,0.1661487466335198,0.41692692067457837,0.2868171021377672,0.4741784037558685
1767329019,238705322,404_1767329019-238705322.png,-195757,201227,0,0,-1.8742053462009804,1.92657590379902,81.33,1132.49,-705.0,-356.0,-740.0,827.0,-424.0,-65.0,-716.2153430799742,-258.57459604560273,-612.5693802689468,799.7967296590789,-416.6443639346816,-70.91346905275059,-88.09726476669316,191.8261880874633,-0.5235987755982988,0.4279509753162365,,,,,,,,,,1.0,0.5000000000291038,0.7970799425562469,0.6298057255767643,0.2817157397310069,0.5798525798525799,0.13673088875077688,0.40755777638975643,0.29513064133016625,0.4788732394366197
1767329019,272063232,405_1767329019-272063232.png,-195757,201227,0,0,-1.8742053462009804,1.92657590379902,84.36,1141.15,-653.0,-263.0,-661.0,814.0,-396.0,-77.0,-714.5836178702237,-266.97269380557765,-624.6119703253489,802.9637642668397,-418.3262165972751,-71.19989942876884,-90.60697236657148,199.1037218570708,-0.5235987755982988,0.438907636874277,,,,,,,,,,1.0,0.5000000000291038,0.8019147917663952,0.6364899389467348,0.3006179571065067,0.636977886977887,0.15309716179821836,0.40349781386633354,0.31175771971496435,0.4225352112676056
1767329019,305419922,406_1767329019-305419922.png,-195757,201227,0,0,-1.8742053462009804,1.92657590379902,86.48,1142.05,-638.0,-162.0,-697.0,826.0,-425.0,-63.0,-710.3425904600518,-263.58542926446825,-627.9625578790179,804.0136361455936,-417.8606388223792,-71.11958197718023,-90.49151036143309,199.32424449920643,-0.5235987755982988,0.4267009861951328,,,,,,,,,,1.0,0.5000000000291038,0.8052975905536939,0.6371846031537755,0.30607051981097777,0.699017199017199,0.14563911332090326,0.40724547158026236,0.29453681710213775,0.48826291079812206
1767329019,338777100,407_1767329019-338777100.png,-195757,201227,0,0,-1.8742053462009804,1.92657590379902,88.81,1128.43,-507.0,-372.0,-731.0,777.0,-367.0,-49.0,-695.685476299512,-255.2660035736141,-639.1170283737183,805.7037524449025,-417.0993617544912,-69.49638526146015,-93.98998314142231,184.9028661251067,-0.5235987755982988,0.4267009861951328,,,,,,,,,,1.0,0.5000000000291038,0.8090154779001115,0.6266720181538913,0.35368956743002544,0.5700245700245701,0.13859540087010566,0.39194253591505307,0.32897862232779096,0.5539906103286385
1767329019,372131592,408_1767329019-372131592.png,-195757,201227,0,0,-1.8742053462009804,1.92657590379902,91.31,1128.3,-514.0,-313.0,-684.0,729.0,-444.0,-31.0,-663.5064996971149,-271.82377688915955,-652.1155489139725,797.8016095508265,-413.1602771093257,-64.85114861333786,-95.64846691489224,203.15007591247547,-0.5235987755982988,0.4267009861951328,,,,,,,,,,1.0,0.5000000000291038,0.8130046274134353,0.6265716777684298,0.3511450381679389,0.6062653562653563,0.14833229749326704,0.3769519050593379,0.2832541567695962,0.6384976525821596
1767329019,405486816,409_1767329019-405486816.png,-195757,201227,0,0,-1.8742053462009804,1.92657590379902,94.04,1125.99,-590.0,-368.0,-576.0,688.0,-469.0,-47.0,-648.5206791072749,-282.8231679172032,-647.0039869396292,784.0292836834307,-419.9329276857342,-61.34875438745887,-95.64846691489224,203.15007591247547,-0.5235987755982988,0.4267009861951328,,,,,,,,,,1.0,0.5000000000291038,0.8173607786819849,0.6247887063036918,0.3235187204652853,0.5724815724815725,0.17070644292521236,0.36414740787008115,0.26840855106888356,0.5633802816901409
1767329019,438841309,410_1767329019-438841309.png,-195757,201227,0,0,-1.8742053462009804,1.92657590379902,96.81,1124.27,-577.0,-199.0,-517.0,726.0,-462.0,-55.0,-638.7859596145306,-279.9844538671908,-631.280514316368,773.4249273185027,-426.47505993160775,-59.97439612864841,-102.4410486221314,200.87564063072196,-0.5235987755982988,0.4267009861951328,,,,,,,,,,1.0,0.5000000000291038,0.8217807563427476,0.6234611258191248,0.3282442748091603,0.6762899262899262,0.18292935570747879,0.3760149906308557,0.2725653206650831,0.5258215962441315
1767329019,472196533,411_1767329019-472196533.png,-195757,201227,0,0,-1.8742053462009804,1.92657590379902,99.43,1122.5,-725.0,-225.0,-623.0,706.0,-330.0,-42.0,-647.3346467103212,-271.2302869515473,-627.1621402632545,764.1131518804823,-415.9869272635696,-57.70235753949954,-124.70255181193356,191.11604499816883,-0.5235987755982988,0.4267009861951328,,,,,,,,,,1.0,0.5000000000291038,0.8259613850327109,0.6220949528786113,0.2744456561250454,0.6603194103194103,0.160969546302051,0.3697688944409744,0.3509501187648456,0.5868544600938967
1767329019,505550781,412_1767329019-505550781.png,-195757,201227,0,0,-1.8742053462009804,1.92657590379902,102.15,1121.03,-760.0,-145.0,-369.0,671.0,-372.0,-30.0,-659.7299594561077,-258.49721271593097,-603.6796760378388,754.0409020728996,-409.5716871461058,-54.75066281722166,-124.46539363265042,191.39130425453172,-0.5235987755982988,0.4267009861951328,,,,,,,,,,1.0,0.5000000000291038,0.8303015797032072,0.620960334673778,0.26172300981461283,0.7094594594594594,0.2135902216697742,0.3588382261086821,0.32600950118764843,0.6431924882629108
1767329019,538906006,413_1767329019-538906006.png,-195757,201227,0,0,-1.8742053462009804,1.92657590379902,104.75,1122.2,-695.0,-39.0,-338.0,651.0,-419.0,-52.0,-666.6707643860736,-229.3049557035717,-565.6764768698654,739.5205813985285,-409.6613633403749,-53.744974792533725,-121.635405600071,187.39839720726,-0.5235987755982988,0.4267009861951328,,,,,,,,,,1.0,0.5000000000291038,0.8344502951970638,0.621863398142931,0.28535078153398763,0.7745700245700246,0.22001243008079555,0.35259212991880073,0.2980997624703088,0.539906103286385
1767329019,605615723,414_1767329019-605615723.png,-195757,201227,0,0,-1.8742053462009804,1.92657590379902,108.74,1130.12,-613.0,-76.0,-389.0,677.0,-395.0,-62.0,-669.1473202865975,-187.74118253202025,-524.1588235070133,725.5463623886687,-407.6314680418147,-55.55671632575826,-124.30298054218296,177.93956637382496,-0.5235987755982988,0.4267009861951328,,,,,,,,,,1.0,0.5000000000291038,0.8408169778203286,0.62797644316489,0.3151581243184296,0.7518427518427518,0.20944686140459914,0.36071205496564646,0.31235154394299286,0.49295774647887325
1767329019,638969971,415_1767329019-638969971.png,-195757,201227,0,0,-1.8742053462009804,1.92657590379902,109.87,1133.86,-504.0,-259.0,-620.0,670.0,-339.0,-39.0,-655.7962481735659,-185.67991515912476,-522.2568873813622,719.3494133814185,-402.6987439896731,-54.9127191142036,-141.13828900456434,186.78010272979725,-0.5235987755982988,0.4267009861951328,,,,,,,,,,1.0,0.5000000000291038,0.8426200734003509,0.6308631588697041,0.35478007997091965,0.6394348894348895,0.16159105034182725,0.35852592129918803,0.34560570071258906,0.6009389671361502
1767329019,672325195,416_1767329019-672325195.png,-195757,201227,0,0,-1.8742053462009804,1.92657590379902,109.87,1137.89,-492.0,-384.0,-723.0,666.0,-286.0,-45.0,-628.1375873228217,-213.2025088126665,-551.3862897352549,710.3457656746948,-385.3934396786671,-52.87561848203904,-140.91704094409948,187.3710289001464,-0.5235987755982988,0.4267009861951328,,,,,,,,,,1.0,0.5000000000291038,0.8426200734003509,0.6339737108190092,0.3591421301344965,0.5626535626535627,0.14025274497617568,0.35727670206121176,0.37707838479809974,0.5727699530516432
1767329019,705679443,417_1767329019-705679443.png,-195757,201227,0,0,-1.8742053462009804,1.92657590379902,111.98,1141.59,-693.0,-327.0,-709.0,692.0,-383.0,-46.0,-630.1538706596376,-228.33682194749235,-570.509240812133,707.4299926813787,-382.3630315533682,-52.03039343586509,-135.51727649569517,186.5239009857177,-0.5235987755982988,0.4400335558305974,,,,,,,,,,1.0,0.5000000000291038,0.8459869155895962,0.6368295525590657,0.28607778989458377,0.5976658476658476,0.14315309716179822,0.3653966271080574,0.31947743467933487,0.568075117370892
1767329019,739034668,418_1767329019-739034668.png,-195757,201227,0,0,-1.8742053462009804,1.92657590379902,115.86,1148.31,-651.0,-190.0,-524.0,676.0,-339.0,-47.0,-638.0612399428377,-229.46815458613932,-561.8651428008876,699.2340961714568,-382.7948364994645,-49.03121427854224,-111.29856893420224,204.82441449165333,-0.5235987755982988,0.4500455368711399,,,,,,,,,,1.0,0.5000000000291038,0.8521780756342746,0.6420163786383037,0.3013449654671029,0.6818181818181819,0.18147917961466753,0.3603997501561524,0.34560570071258906,0.5633802816901409
1767329019,772388916,419_1767329019-772388916.png,-195757,201227,0,0,-1.8742053462009804,1.92657590379902,118.1,1148.59,-690.0,-280.0,-610.0,670.0,-340.0,-54.0,-644.5871492849362,-234.38946282146983,-566.5456249296387,695.1234192676412,-376.5090129445186,-49.56585937963318,-92.55352669954304,215.96073627471912,-0.5235987755982988,0.4472409321697196,,,,,,,,,,1.0,0.5000000000291038,0.8557523535982128,0.6422324963916053,0.287168302435478,0.6265356265356266,0.16366273047441476,0.35852592129918803,0.34501187648456055,0.5305164319248826
1767329019,805744141,420_1767329019-805744141.png,-195757,201227,0,0,-1.8742053462009804,1.92657590379902,120.36,1148.59,-662.0,-183.0,-615.0,680.0,-317.0,-46.0,-647.4486987965606,-231.029743058237,-572.1611042964763,693.0434584177691,-370.0896683952845,-49.36866476411719,-92.3911136090756,216.0368230342864,-0.5235987755982988,0.4394542099854251,,,,,,,,,,1.0,0.5000000000291038,0.8593585447582575,0.6422324963916053,0.297346419483824,0.6861179361179361,0.162626890408121,0.36164896939412866,0.3586698337292161,0.568075117370892
1767329019,872453369,421_1767329019-872453369.png,-195757,201227,0,0,-1.8742053462009804,1.92657590379902,125.71,1135.98,-625.0,-168.0,-646.0,646.0,-302.0,-47.0,-648.236148643171,-205.5396056464624,-584.9120132003957,683.2775653786903,-359.5730705946152,-47.427760992227086,-101.95393922925,210.98572254180897,-0.5235987755982988,0.4380993004189811,,,,,,,,,,1.0,0.5000000000291038,0.8678953247167702,0.6324994790018448,0.3107960741548528,0.6953316953316954,0.15620468199709966,0.3510306058713304,0.36757719714964365,0.5633802816901409
1767329019,905807617,422_1767329019-905807617.png,-195757,201227,0,0,-1.8742053462009804,1.92657590379902,128.56,1129.01,-588.0,-343.0,-805.0,677.0,-225.0,-68.0,-643.865660971327,-212.86693387429105,-600.1849526342367,681.803628967917,-349.64358015354816,-48.67602331652952,-122.76736184954648,224.00257658958424,-0.5235987755982988,0.4371845416473303,,,,,,,,,,1.0,0.5000000000291038,0.8724429551619594,0.6271196906428731,0.32424572882588143,0.5878378378378378,0.12326496788895797,0.36071205496564646,0.41330166270783847,0.4647887323943662
1767329019,939162842,423_1767329019-939162842.png,-195757,201227,0,0,-1.8742053462009804,1.92657590379902,131.54,1119.66,-560.0,-327.0,-691.0,639.0,-206.0,-57.0,-631.6770471488232,-233.90801879196428,-625.2629530613261,677.5343409183151,-326.3835387385699,-51.0199848715232,-100.62430787086493,230.7909197807311,-0.5235987755982988,0.4410840613805113,,,,,,,,,,1.0,0.5000000000291038,0.8771980213818412,0.6199029013808381,0.3344238458742275,0.5976658476658476,0.14688212140045578,0.3488444722048719,0.42458432304038,0.516431924882629
1767329019,972516846,424_1767329019-972516846.png,-195757,201227,0,0,-1.8742053462009804,1.92657590379902,135.08,1106.88,-669.0,-358.0,-620.0,623.0,-222.0,-41.0,-634.1455221018877,-251.20517471622097,-626.4407096780045,669.9979945625852,-310.6794439505218,-49.99349929415425,-103.09680527448658,230.2921288013457,-0.5235987755982988,0.4452526509058175,,,,,,,,,,1.0,0.5000000000291038,0.8828466570927077,0.6100386696408587,0.29480189022173753,0.5786240786240786,0.16159105034182725,0.3438475952529669,0.415083135391924,0.5915492957746479
1767329020,5872070,425_1767329020-5872070.png,-195757,201227,0,0,-1.8742053462009804,1.92657590379902,143.38,1050.74,-355.0,-53.0,-146.0,492.0,-419.0,-9.0,-620.1499152025123,-247.7350024940883,-583.9819912514133,649.5100757660263,-307.5872362985769,-45.25603177892842,-132.31440722942358,228.37090229988087,-0.5235987755982988,0.4310064939780077,,,,,,,,,,1.0,0.5000000000291038,0.8960906334769425,0.5667070601038909,0.40894220283533256,0.765970515970516,0.2597886886264761,0.3029356652092442,0.2980997624703088,0.7417840375586855
1767329020,72581299,426_1767329020-72581299.png,-195757,201227,0,0,-1.8742053462009804,1.92657590379902,147.8,1029.29,-244.0,8.0,-93.0,448.0,-318.0,-24.0,-557.4547625163775,-203.5469058387364,-492.2178188885839,614.252074394753,-320.56892880007746,-39.41444341386209,-136.45727229118353,225.66244292259205,-0.5235987755982988,0.444821298818468,,,,,,,,,,1.0,0.5000000000291038,0.903143449816499,0.5501508965027516,0.44929116684841874,0.8034398034398035,0.27076859332919,0.2891942535915053,0.3580760095011876,0.6713615023474179
1767329020,105935303,427_1767329020-105935303.png,-195757,201227,0,0,-1.8742053462009804,1.92657590379902,156.41,1005.8,-288.0,-62.0,-56.0,380.0,-269.0,-31.0,-516.8423534819334,-180.92683561880244,-429.4393807969768,581.8597580567011,-314.37138883299855,-37.99190062832481,-82.76698532700543,237.64732551574696,-0.5235987755982988,0.444821298818468,,,,,,,,,,1.0,0.5000000000291038,0.916882080740386,0.5320201606989865,0.4332969829153035,0.7604422604422605,0.27843380981976384,0.2679575265459088,0.3871733966745843,0.6384976525821596
1767329020,139290527,428_1767329020-139290527.png,-195757,201227,0,0,-1.8742053462009804,1.92657590379902,162.41,980.65,-376.0,-185.0,-356.0,448.0,-207.0,-31.0,-493.83160604922017,-178.14880233539705,-410.4709342551228,560.4187272919138,-300.36976508054454,-36.96939230272567,-54.92109537124639,233.1808464527129,-0.5235987755982988,0.444821298818468,,,,,,,,,,1.0,0.5000000000291038,0.926456039572363,0.5126081553577906,0.401308615049073,0.6848894348894349,0.21628340584213798,0.2891942535915053,0.4239904988123515,0.6384976525821596
1767329020,172644531,429_1767329020-172644531.png,-195757,201227,0,0,-1.8742053462009804,1.92657590379902,169.66,910.81,-278.0,-111.0,-256.0,486.0,-328.0,-26.0,-471.6603111163789,-157.82010938103824,-388.4477180959203,541.3912732568165,-301.0921399956299,-32.52252612181552,-45.29956465959554,211.7657909393309,-0.5235987755982988,0.444821298818468,,,,,,,,,,1.0,0.5000000000291038,0.938024573161002,0.458702212891424,0.43693202471828424,0.7303439803439804,0.2370002071680133,0.3010618363522798,0.3521377672209026,0.6619718309859155
1767329020,205999512,430_1767329020-205999512.png,-195757,201227,0,0,-1.8742053462009804,1.92657590379902,170.62,880.86,-248.0,-175.0,-291.0,419.0,-272.0,-30.0,-440.6239615346364,-156.76528946282784,-372.24595215079904,527.2270026096066,-299.9589859805093,-31.930674884426164,-70.97472995519642,189.89263868331895,-0.5235987755982988,0.444821298818468,,,,,,,,,,1.0,0.5000000000291038,0.9395564065741182,0.4355853317793438,0.4478371501272264,0.691031941031941,0.22974932670395692,0.2801374141161774,0.3853919239904988,0.6431924882629108
1767329020,239353760,431_1767329020-239353760.png,-195757,201227,0,0,-1.8742053462009804,1.92657590379902,170.05,848.98,-227.0,-101.0,-404.0,372.0,-211.0,-7.0,-409.9592006114215,-150.6397774838607,-373.7903064287426,505.8154595780538,-288.6225972122962,-28.915621953534583,-70.97472995519642,189.89263868331895,-0.5235987755982988,0.444821298818468,,,,,,,,,,1.0,0.5000000000291038,0.9386468804850805,0.4109787818677205,0.45547073791348597,0.7364864864864865,0.20633934120571784,0.2654590880699563,0.4216152019002375,0.7511737089201878
1767329020,306062744,432_1767329020-306062744.png,-195757,201227,0,0,-1.8742053462009804,1.92657590379902,164.38,775.84,-181.0,-116.0,-295.0,235.0,-99.0,-11.0,-369.0810769573923,-130.62326868521643,-379.51322738651913,464.4951139873871,-260.2301303697242,-24.68847437242096,-168.6521445214749,122.5544235706328,-0.5235987755982988,0.444821298818468,,,,,,,,,,1.0,0.5000000000291038,0.9295994893888622,0.3545257373088708,0.47219193020719735,0.7272727272727273,0.22892065465092193,0.22267332916926919,0.4881235154394299,0.7323943661971831
1767329020,339417725,433_1767329020-339417725.png,-195757,201227,0,0,-1.8742053462009804,1.92657590379902,160.04,714.06,-200.0,-145.0,-275.0,169.0,-97.0,-18.0,-342.7401636621053,-130.2619881174841,-365.92816686276245,426.8885464963176,-236.5289722857922,-23.1156389604115,-195.28470933437356,127.34516692161549,-0.5235987755982988,0.444821298818468,,,,,,,,,,1.0,0.5000000000291038,0.9226743258337321,0.3068408987411141,0.46528535078153394,0.7094594594594594,0.23306401491609696,0.20206121174266084,0.4893111638954869,0.6995305164319249
1767329020,372772217,434_1767329020-372772217.png,-195757,201227,0,0,-1.8742053462009804,1.92657590379902,155.48,672.71,-97.0,-224.0,-438.0,150.0,-67.0,9.0,-308.7504205811823,-139.95875447128947,-364.96638414515655,380.6015727655863,-209.70094811822565,-19.787971409671982,-240.58412951231008,134.1433970928191,-0.5235987755982988,0.444821298818468,,,,,,,,,,1.0,0.5000000000291038,0.9153981171214296,0.2749249376731837,0.5027262813522355,0.6609336609336609,0.19929562875492024,0.19612742036227357,0.5071258907363421,0.8262910798122065
1767329020,406127686,435_1767329020-406127686.png,-195757,201227,0,0,-1.8742053462009804,1.92657590379902,151.81,632.51,-102.0,-91.0,-504.0,105.0,-22.0,30.0,-272.7505151674585,-138.68029244794093,-385.4294823999184,335.4032082079906,-179.69326422814797,-12.317853405270403,-265.0247345268727,153.59294962882984,-0.5235987755982988,0.444821298818468,,,,,,,,,,1.0,0.5000000000291038,0.9095420456358703,0.24389660309202757,0.5009087604507452,0.7426289926289926,0.18562253987984256,0.1820737039350406,0.5338479809976246,0.9248826291079812
1767329020,439481934,436_1767329020-439481934.png,-195757,201227,0,0,-1.8742053462009804,1.92657590379902,149.04,592.4,-183.0,17.0,-537.0,74.0,38.0,39.0,-257.403530743576,-118.87559539635014,-406.69029278800696,298.025407510708,-149.50311088922766,-5.059892858304452,-282.45086038112646,184.1722326278685,-0.5235987755982988,0.444821298818468,,,,,,,,,,1.0,0.5000000000291038,0.9051220679751075,0.21293773493157556,0.4714649218466012,0.808968058968059,0.17878599544230372,0.17239225484072454,0.5694774346793349,0.9671361502347418
1767329020,472837402,437_1767329020-472837402.png,-195757,201227,0,0,-1.8742053462009804,1.92657590379902,146.44,502.98,-186.0,203.0,-316.0,-10.0,-40.0,30.0,-249.4029326011355,-58.39466230563888,-398.1547441860239,239.88278534827097,-125.42597969797475,2.588138500408119,-365.4131034612656,283.9699764251708,-0.5235987755982988,0.4689451042686797,,,,,,,,,,1.0,0.5000000000291038,0.9009733524812509,0.1439189867164767,0.47037440930570695,0.9232186732186732,0.2245701263724881,0.146158650843223,0.5231591448931117,0.9248826291079812
1767329020,506191650,438_1767329020-506191650.png,-195757,201227,0,0,-1.8742053462009804,1.92657590379902,145.72,465.44,-100.0,177.0,-255.0,31.0,-88.0,20.0,-234.8602975471443,-21.761228404223445,-382.4019245652009,205.85213814807025,-115.874788397156,5.9840533700155145,-384.374588251114,325.00294971466053,-0.5235987755982988,0.4878482618272627,,,,,,,,,,1.0,0.5000000000291038,0.8998244774214136,0.11494377079168563,0.5016357688113413,0.9072481572481572,0.23720737518127202,0.1589631480324797,0.49465558194774345,0.8779342723004695
1767329020,539546875,439_1767329020-539546875.png,-195757,201227,0,0,-1.8742053462009804,1.92657590379902,145.27,445.48,59.0,-45.0,-354.0,96.0,-88.0,-8.0,-184.8294410656792,-14.760081024531916,-371.5824242720765,180.63850947404853,-110.33985771783276,4.672345227979228,-380.6896748542786,322.5751945972441,-0.5235987755982988,0.4819366871677446,,,,,,,,,,1.0,0.5000000000291038,0.8991064305090153,0.09953766237775843,0.5594329334787349,0.7708845208845209,0.21669774186865548,0.17926296064959402,0.49465558194774345,0.7464788732394366
1767329020,606256592,440_1767329020-606256592.png,-195757,201227,0,0,-1.8742053462009804,1.92657590379902,144.01,416.05,-71.0,-133.0,-280.0,94.0,-137.0,-6.0,-158.6401017010368,-44.68710961622336,-354.7636391963456,162.40707781937465,-109.56295860069564,2.261228400404664,-379.1237944662572,339.283904314041,-0.5235987755982988,0.4822038416902875,,,,,,,,,,1.0,0.5000000000291038,0.8970958991543001,0.076822142807524,0.5121773900399854,0.7168304668304668,0.2320281748498032,0.17863835103060588,0.4655581947743468,0.755868544600939
1767329020,639610840,441_1767329020-639610840.png,-195757,201227,0,0,-1.8742053462009804,1.92657590379902,144.01,416.05,-71.0,-133.0,-280.0,94.0,-137.0,-6.0,-148.2272858803934,-55.179861727487264,-345.88071927815275,154.27940237929533,-112.82284594917124,1.2796840147177553,-377.3855652809144,345.4159812927245,-0.5235987755982988,0.5045232150808845,,,,,,,,,,1.0,0.5000000000291038,0.8970958991543001,0.076822142807524,0.5121773900399854,0.7168304668304668,0.2320281748498032,0.17863835103060588,0.4655581947743468,0.755868544600939
1767329020,672966309,442_1767329020-672966309.png,-195757,201227,0,0,-1.8742053462009804,1.92657590379902,143.33,396.08,71.0,38.0,-405.0,-18.0,-56.0,5.0,-121.71928244444686,-41.07063431412563,-364.620935018554,125.69936550197596,-102.22626921688116,2.155684455422412,-365.0012586712838,335.9820828437804,-0.5235987755982988,0.4941685062580743,,,,,,,,,,1.0,0.5000000000291038,0.8960108504866762,0.06140831590240739,0.5637949836423118,0.8218673218673218,0.2061321731924591,0.14366021236727045,0.5136579572446556,0.8075117370892019
1767329020,706320557,443_1767329020-706320557.png,-195757,201227,0,0,-1.8742053462009804,1.92657590379902,143.19,392.34,66.0,32.0,-362.0,-21.0,-63.0,1.0,-89.00827222725165,-28.118802128264363,-366.4901298844901,100.50930012260044,-95.06929950660458,2.1719757097992827,-374.9813839793206,352.2235252857207,-0.5235987755982988,0.5138245057035282,,,,,,,,,,1.0,0.5000000000291038,0.89578745811393,0.058521600197593365,0.5619774627408215,0.8181818181818182,0.2150403977625855,0.14272329793878827,0.5095011876484561,0.7887323943661971
1767329020,739675781,444_1767329020-739675781.png,-195757,201227,0,0,-1.8742053462009804,1.92657590379902,143.08,389.42,-95.0,-8.0,-222.0,-31.0,-60.0,21.0,-85.46853177116404,-24.07945343340988,-349.1996132997952,81.55142431526829,-90.02298643037585,4.376851238019526,-375.61752897501,360.5634078979491,-0.5235987755982988,0.5140066693128365,,,,,,,,,,1.0,0.5000000000291038,0.8956119355353438,0.05626780077030544,0.5034532897128317,0.7936117936117936,0.24404391961881086,0.13960024984384758,0.5112826603325415,0.8826291079812206
1767329020,773030029,445_1767329020-773030029.png,-195758,201227,0,0,-1.8742149203431373,1.92657590379902,142.91,384.04,-25.0,-101.0,-298.0,-21.0,-11.0,9.0,-88.73565420691142,-29.37562337521224,-341.5550195436296,66.09562850044769,-86.18718591369924,4.57378335746408,-377.45498535037046,363.9653887748717,-0.5235987755982988,0.5095156005666985,,,,,,,,,,0.0,0.5000000000291038,0.8953406733684377,0.052115252510439275,0.5288985823336968,0.7364864864864865,0.22829915061114564,0.14272329793878827,0.5403800475059383,0.8262910798122065
1767329020,806385254,446_1767329020-806385254.png,-195757,201227,50,0,-1.8742053462009804,1.92657590379902,142.97,381.88,79.0,-158.0,-123.0,37.0,-126.0,-6.0,-76.1776558216716,-41.62432667101727,-329.73827627837653,55.16395491480095,-78.77124829914115,4.754180430162589,-375.7600057125092,365.7812974452971,-0.5235987755982988,0.5182122350965054,,,,,,,,,,1.0,0.5000000000291038,0.8954364129567575,0.05044805841354136,0.5667030170846964,0.7014742014742015,0.2645535529314274,0.1608369768894441,0.4720902612826603,0.755868544600939
1767329020,839739502,447_1767329020-839739502.png,-195757,201227,0,0,-1.8742053462009804,1.92657590379902,143.12,380.7,14.0,-165.0,-38.0,21.0,-218.0,13.0,-55.50742924493488,-58.861204919844624,-296.85872095864977,52.00959728616733,-88.54172634507638,3.772877285601537,-360.19744181633,344.813018798828,-0.5235987755982988,0.528491137106202,,,,,,,,,,1.0,0.5000000000291038,0.8956757619275569,0.049537276453198914,0.5430752453653217,0.6971744471744472,0.2821628340584214,0.15584009993753903,0.417458432304038,0.8450704225352113
1767329020,873094727,448_1767329020-873094727.png,-195757,201227,0,0,-1.8742053462009804,1.92657590379902,143.08,379.63,-102.0,-106.0,-71.0,-4.0,-233.0,9.0,-48.95323635458574,-72.54665925833257,-260.02993060446386,46.696528878891336,-107.9408418076625,4.997761657134149,-364.39095950126654,351.49933981895435,-0.5235987755982988,0.5360848329915247,,,,,,,,,,1.0,0.5000000000291038,0.8956119355353438,0.048711397895939285,0.5009087604507452,0.7334152334152334,0.27532628962088257,0.14803247970018737,0.4085510688836104,0.8262910798122065
1767329020,906448975,449_1767329020-906448975.png,-195757,201227,0,0,-1.8742053462009804,1.92657590379902,143.09,378.72,-125.0,-166.0,-352.0,-11.0,-63.0,13.0,-59.53013927130794,-82.00502452784826,-244.58340293174803,37.50633873413887,-114.16749782836416,6.051429490134076,-373.2769232094288,359.0120117664336,-0.5235987755982988,0.5360848329915247,,,,,,,,,,1.0,0.5000000000291038,0.895627892133397,0.0480090151977092,0.4925481643038895,0.6965601965601965,0.217112077895173,0.14584634603372892,0.5095011876484561,0.8450704225352113
1767329020,939804199,450_1767329020-939804199.png,-195757,201227,0,0,-1.8742053462009804,1.92657590379902,143.24,377.88,-34.0,-60.0,-281.0,-11.0,-20.0,4.0,-60.032396561731424,-83.92652726106647,-254.7110169107014,29.12364173947208,-100.21593365610534,6.182936983840877,-365.06587323546415,351.16045999526966,-0.5235987755982988,0.5360848329915247,,,,,,,,,,1.0,0.5000000000291038,0.8958672411041965,0.04736066193780439,0.5256270447110142,0.7616707616707616,0.23182100683654444,0.14584634603372892,0.5350356294536817,0.8028169014084507
1767329020,973158447,451_1767329020-973158447.png,-195757,201227,0,0,-1.8742053462009804,1.92657590379902,143.19,377.2,-20.0,105.0,-244.0,-8.0,72.0,-2.0,-54.56198413581849,-60.82326215670281,-254.1594711549044,23.61232715512445,-77.55417889352815,5.150820070659314,-360.60136401653295,350.16803646087635,-0.5235987755982988,0.5360848329915247,,,,,,,,,,1.0,0.5000000000291038,0.89578745811393,0.04683580453692912,0.5307161032351871,0.863022113022113,0.2394862233271183,0.14678326046221113,0.5896674584323041,0.7746478873239436
1767329021,39867920,452_1767329021-39867920.png,-195757,201227,0,0,-1.8742053462009804,1.92657590379902,143.27,376.75,-57.0,131.0,-230.0,-15.0,36.0,-15.0,-53.90367109964586,-33.4838176393984,-251.01034434829,18.157589071132243,-59.96038377762279,2.560497266811496,-380.3706932067872,369.0011572837829,-0.5235987755982988,0.5360848329915247,,,,,,,,,,1.0,0.5000000000291038,0.8959151108983563,0.04648847243340873,0.5172664485641585,0.878992628992629,0.24238657551274084,0.14459712679575265,0.5682897862232779,0.7136150234741784
1767329021,73223145,453_1767329021-73223145.png,-195757,201227,0,0,-1.8742053462009804,1.92657590379902,143.55,376.95,-57.0,51.0,-450.0,2.0,-78.0,-9.0,-58.26439244543793,-6.414915491152863,-278.0311760527903,12.248115093848275,-59.11061326382128,-1.421004888904328,-380.3706932067872,369.0011572837829,-0.5235987755982988,0.5360848329915247,,,,,,,,,,1.0,0.5000000000291038,0.8963618956438486,0.04664284225719559,0.5172664485641585,0.8298525798525799,0.19680961259581523,0.14990630855715179,0.5005938242280285,0.7417840375586855
1767329021,106577393,454_1767329021-106577393.png,-195757,201227,0,0,-1.8742053462009804,1.92657590379902,143.6,376.08,-153.0,-52.0,-355.0,10.0,-40.0,4.0,-63.92920470706351,-2.804981470015477,-301.92819536190376,10.967348116697234,-60.04619724057499,-1.934080894983358,-357.86378455162054,347.16683650016773,-0.5235987755982988,0.5360848329915247,,,,,,,,,,1.0,0.5000000000291038,0.8964416786341151,0.04597133352372276,0.4823700472555434,0.7665847665847666,0.21649057385539675,0.1524047470331043,0.5231591448931117,0.8028169014084507
1767329021,139932373,455_1767329021-139932373.png,-195757,201227,0,0,-1.8742053462009804,1.92657590379902,143.63,375.38,-146.0,-15.0,-414.0,42.0,-11.0,-7.0,-76.32155450822474,-6.65071303483534,-315.0292328742882,13.722000581040634,-54.48999667783255,-2.061811042492044,-354.1063989400864,342.56853103637684,-0.5235987755982988,0.5360848329915247,,,,,,,,,,1.0,0.5000000000291038,0.8964895484282749,0.04543103914046884,0.4849145765176299,0.7893120393120393,0.20426766107313032,0.16239850093691444,0.5403800475059383,0.7511737089201878
1767329021,173286621,456_1767329021-173286621.png,-195757,201227,0,0,-1.8742053462009804,1.92657590379902,143.67,375.13,-228.0,39.0,-412.0,51.0,-52.0,-12.0,-98.10583779179262,-1.6776858365052378,-331.89539037787813,19.67822655848438,-51.84555466079478,-3.5092785569602376,-365.5018104910851,353.38861274719227,-0.5235987755982988,0.5360848329915247,,,,,,,,,,1.0,0.5000000000291038,0.8965533748204881,0.04523807686073525,0.4551072337331879,0.8224815724815725,0.20468199709964785,0.16520924422236102,0.5160332541567696,0.7276995305164319
1767329021,206641846,457_1767329021-206641846.png,-195757,201227,0,0,-1.8742053462009804,1.92657590379902,143.88,375.3,-131.0,157.0,35.0,-38.0,-247.0,4.0,-111.8192862325658,12.515701546872528,-306.0194554723489,18.77029732012062,-68.39952566677637,-4.660804939000689,-351.72631010413176,339.26112127304066,-0.5235987755982988,0.5360848329915247,,,,,,,,,,1.0,0.5000000000291038,0.8968884633796073,0.045369291210954094,0.490367139222101,0.894963144963145,0.29728609902631037,0.13741411617738913,0.4002375296912114,0.8028169014084507
1767329021,239995850,458_1767329021-239995850.png,-195757,201227,0,0,-1.8742053462009804,1.92657590379902,143.97,375.05,-67.0,104.0,-62.0,-29.0,-192.0,4.0,-110.70209541821838,30.39726638598165,-262.0927518481788,11.019666558383978,-91.14773324370768,-3.394232997082211,-353.3752478063107,341.8765857219695,-0.5235987755982988,0.5360848329915247,,,,,,,,,,1.0,0.5000000000291038,0.897032072762087,0.04517632893122056,0.5136314067611777,0.8624078624078624,0.2771908017402113,0.14022485946283572,0.4328978622327791,0.8028169014084507
1767329021,306705322,459_1767329021-306705322.png,-195757,201227,0,0,-1.8742053462009804,1.92657590379902,143.88,374.62,-168.0,134.0,-156.0,-21.0,-86.0,-2.0,-114.02458102739595,48.57652383812001,-233.52998285447248,4.023706729875172,-98.57914985880744,-2.6388844183262226,-353.3752478063107,341.8765857219695,-0.5235987755982988,0.5316799747622721,,,,,,,,,,1.0,0.5000000000291038,0.8968884633796073,0.044844433810078826,0.4769174845510723,0.8808353808353808,0.25771700849388857,0.14272329793878827,0.49584323040380046,0.7746478873239436
1767329021,340060303,460_1767329021-340060303.png,-195757,201227,0,0,-1.8742053462009804,1.92657590379902,143.79,374.59,-245.0,-5.0,-197.0,-47.0,-62.0,-8.0,-129.5862119283468,42.21091649389605,-229.18973248949163,-2.0385918110041867,-94.23305779635412,-3.2758566269571743,-373.5049898922444,363.4650216102599,-0.5235987755982988,0.5372548420702864,,,,,,,,,,1.0,0.5000000000291038,0.8967448539971277,0.044821278336510756,0.4489276626681207,0.7954545454545454,0.24922311995027968,0.13460337289194255,0.5100950118764845,0.7464788732394366
1767329021,373414063,461_1767329021-373414063.png,-195757,201227,0,0,-1.8742053462009804,1.92657590379902,143.8,374.58,-129.0,-18.0,-231.0,-89.0,-10.0,20.0,-137.290993389111,29.489304560888208,-223.1177211142146,-18.368419617298,-77.38971014402206,-0.5565902426063141,-365.18503677845007,353.7620253562926,-0.5235987755982988,0.5163300006047085,,,,,,,,,,1.0,0.5000000000291038,0.896760810595181,0.044813559845321455,0.49109414758269715,0.7874692874692875,0.24217940749948208,0.12148657089319176,0.5409738717339667,0.8779342723004695
1767329021,406768799,462_1767329021-406768799.png,-195757,201227,0,0,-1.8742053462009804,1.92657590379902,143.85,374.46,-199.0,49.0,-253.0,-26.0,-55.0,23.0,-144.17510859904516,29.24286366248438,-227.09380331322816,-23.08948172830463,-71.09025613042971,3.3523683985454613,-365.2301695644856,353.84513330459583,-0.5235987755982988,0.5398142835626858,,,,,,,,,,1.0,0.5000000000291038,0.8968405935854474,0.04472093795104934,0.465648854961832,0.8286240786240786,0.23762171120778952,0.14116177389131793,0.514251781472684,0.892018779342723
1767329021,440122559,463_1767329021-440122559.png,-195757,201227,0,0,-1.8742053462009804,1.92657590379902,143.96,374.41,-271.0,117.0,-199.0,52.0,-193.0,11.0,-160.7473635422373,40.2114925392421,-224.46645088624476,-14.24767838787914,-85.1334327138236,4.799913511344136,-367.334201604128,356.36029505729664,-0.5235987755982988,0.5404057888020932,,,,,,,,,,1.0,0.5000000000291038,0.8970161161640338,0.044682345495102666,0.4394765539803707,0.8703931203931203,0.24880878392376218,0.1655215490318551,0.4323040380047506,0.8356807511737089
1767329021,473477539,464_1767329021-473477539.png,-195757,201227,0,0,-1.8742053462009804,1.92657590379902,143.99,374.26,-510.0,262.0,-235.0,49.0,-203.0,19.0,-205.26730598856423,68.66912283557792,-225.01947188470524,-4.915936942337224,-102.09617033903449,6.657132449239842,-377.4596609771252,369.7231934070586,-0.5235987755982988,0.5321055074467659,,,,,,,,,,1.0,0.5000000000291038,0.8970639859581936,0.04456656812726248,0.3525990548891312,0.9594594594594594,0.24135073544644708,0.1645846346033729,0.42636579572446553,0.8732394366197183
1767329021,506831055,465_1767329021-506831055.png,-195757,201227,0,0,-1.8742053462009804,1.92657590379902,143.96,374.01,-565.0,132.0,-238.0,-1.0,-237.0,19.0,-257.87527257304214,77.93074604941256,-226.91776803822805,-4.343263167506931,-121.824752925683,8.462175956479097,-351.96658536791807,341.3133144378661,-0.5235987755982988,0.5458778716517376,,,,,,,,,,1.0,0.5000000000291038,0.8970161161640338,0.044373605847528946,0.3326063249727371,0.8796068796068797,0.24072923140667082,0.14896939412866958,0.40617577197149646,0.8732394366197183
1767329021,573539551,466_1767329021-573539551.png,-195757,201227,0,0,-1.8742053462009804,1.92657590379902,143.98,373.06,-354.0,-216.0,-266.0,-26.0,-118.0,-2.0,-266.45850168058473,21.94371587158104,-242.3033623712162,-15.302057353204416,-120.17184354553474,5.990767325208034,-372.3995288610459,364.202676296234,-0.5235987755982988,0.5379381575677734,,,,,,,,,,1.0,0.5000000000291038,0.8970480293601403,0.04364034918454143,0.4093057070156306,0.6658476658476659,0.23492852703542574,0.14116177389131793,0.47684085510688834,0.7746478873239436
1767329021,606894287,467_1767329021-606894287.png,-195757,201227,0,0,-1.8742053462009804,1.92657590379902,143.92,371.1,-399.0,-41.0,-248.0,29.0,-96.0,-11.0,-283.33339803127967,2.984544008416677,-244.1397349020266,-11.88883912570314,-117.86314721211473,4.007649377587004,-371.67714452743536,364.8821554183959,-0.5235987755982988,0.5425875502765724,,,,,,,,,,1.0,0.5000000000291038,0.8969522897718205,0.04212752491143032,0.3929480189022173,0.7733415233415233,0.2386575512740833,0.15833853841349158,0.4899049881235154,0.7323943661971831
1767329021,640248047,468_1767329021-640248047.png,-195757,201227,0,0,-1.8742053462009804,1.92657590379902,143.65,370.02,-479.0,41.0,-420.0,23.0,-82.0,7.0,-307.4889913360405,3.973469413977512,-260.2709079361812,-6.4522029214143535,-113.00245343040156,3.9515439641266696,-350.0943864881993,342.0524020195006,-0.5235987755982988,0.5334728742947702,,,,,,,,,,1.0,0.5000000000291038,0.8965214616243815,0.04129392786298133,0.3638676844783715,0.8237100737100738,0.2030246529935778,0.15646470955652717,0.4982185273159145,0.8169014084507042
1767329021,673602783,469_1767329021-673602783.png,-195757,201227,0,0,-1.8742053462009804,1.92657590379902,143.2,369.7,-372.0,24.0,-644.0,29.0,-93.0,-14.0,-319.85804410150257,7.368469624801065,-310.2441771203062,-1.432178722881898,-109.77554505248676,1.9022749781727213,-349.67916485667234,341.5802628993987,-0.5235987755982988,0.5265431990605556,,,,,,,,,,1.0,0.5000000000291038,0.8958034147119832,0.041046936144922413,0.40276263177026533,0.8132678132678133,0.15661901802361716,0.15833853841349158,0.4916864608076009,0.7183098591549295
1767329021,706956299,470_1767329021-706956299.png,-195757,201227,0,0,-1.8742053462009804,1.92657590379902,142.42,369.7,-214.0,-102.0,-572.0,-25.0,-24.0,-8.0,-308.71086657893784,-5.169789585172349,-350.49867596557857,-3.397643265663023,-99.12413616422543,0.2895774432669869,-366.56791833043104,362.88083004951466,-0.5235987755982988,0.5295207126340825,,,,,,,,,,1.0,0.5000000000291038,0.8945588000638263,0.041046936144922413,0.4601962922573609,0.7358722358722358,0.17153511497824736,0.141474078700812,0.5326603325415676,0.7464788732394366
1767329021,740311035,471_1767329021-740311035.png,-195757,201227,0,0,-1.8742053462009804,1.92657590379902,141.33,363.97,-209.0,-39.0,-503.0,54.0,-114.0,-19.0,-294.2661095166762,-11.845174210548016,-374.6933118640599,2.8294448285026075,-101.2996096772412,-2.531365613779225,-354.26478579640394,359.17149305343617,-0.5235987755982988,0.5278998927877298,,,,,,,,,,1.0,0.5000000000291038,0.8928195308760172,0.03662424069342926,0.46201381315885126,0.7745700245700246,0.18582970789310133,0.16614615865084323,0.47921615201900236,0.6948356807511737
1767329021,807019287,472_1767329021-807019287.png,-195757,201227,0,0,-1.8742053462009804,1.92657590379902,137.17,353.94,-379.0,109.0,-421.0,42.0,-178.0,-4.0,-307.64986095073414,6.35888663382301,-389.8996630453474,9.309538114372764,-112.17816072412822,-3.4105819297613933,-359.9348274469376,370.257806777954,-0.5235987755982988,0.5222371311870018,,,,,,,,,,1.0,0.5000000000291038,0.8861815860858464,0.028882594030518932,0.4002181025081788,0.8654791154791155,0.20281748498031904,0.16239850093691444,0.4412114014251781,0.7652582159624413
1767329021,840373047,473_1767329021-840373047.png,-195757,201227,0,0,-1.8742053462009804,1.92657590379902,123.65,356.52,-288.0,22.0,-525.0,136.0,-130.0,-39.0,-309.319985136218,15.287841716673514,-390.91389861370936,18.000017844813808,-115.25806909148848,-6.160466410771182,-350.7125433087349,356.69458961486805,-0.5235987755982988,0.5428428084916634,,,,,,,,,,1.0,0.5000000000291038,0.8646082655177915,0.030873964757369227,0.4332969829153035,0.812039312039312,0.18127201160140877,0.19175515302935664,0.4697149643705463,0.6009389671361502
1767329021,873727539,474_1767329021-873727539.png,-195757,201227,0,0,-1.8742053462009804,1.92657590379902,113.92,363.04,-340.0,-14.0,-520.0,125.0,-162.0,-38.0,-310.7330478721546,12.510795723556036,-420.2894327664616,43.0672612916343,-122.35506771736702,-13.381621229920082,-348.64689037203794,342.5067732334136,-0.5235987755982988,0.5247972098584824,,,,,,,,,,1.0,0.5000000000291038,0.8490824956119354,0.03590642101282046,0.4143947655398037,0.7899262899262899,0.18230785166770253,0.18831980012492192,0.4507125890736342,0.6056338028169014
1767329021,907081055,475_1767329021-907081055.png,-195757,201227,0,0,-1.8742053462009804,1.92657590379902,104.2,373.89,-309.0,-159.0,-564.0,157.0,-191.0,-31.0,-311.329885970142,-8.594130125708741,-440.09907661514353,59.72899321266237,-132.39382806313563,-15.95816513888037,-348.64689037203794,342.5067732334136,-0.5235987755982988,0.5361267443877608,,,,,,,,,,1.0,0.5000000000291038,0.8335726823041326,0.04428098395325683,0.42566339512904394,0.7008599508599509,0.1731924590843174,0.19831355402873205,0.4334916864608076,0.6384976525821596
1767329021,940435791,476_1767329021-940435791.png,-195757,201227,0,0,-1.8742053462009804,1.92657590379902,95.26,383.67,-304.0,-193.0,-632.0,155.0,-224.0,-26.0,-310.2579500504866,-35.56198153823536,-468.16301835028105,73.66159935320543,-145.79048205765218,-17.426701420444573,-370.8729367256165,353.72992849349964,-0.5235987755982988,0.5361267443877608,,,,,,,,,,1.0,0.5000000000291038,0.8193074836444869,0.051829668336433626,0.4274809160305343,0.6799754299754299,0.1591050341827222,0.1976889444097439,0.413895486935867,0.6619718309859155
1767329021,973789307,477_1767329021-973789307.png,-195757,201227,0,0,-1.8742053462009804,1.92657590379902,88.42,396.91,-231.0,40.0,-644.0,193.0,-174.0,-29.0,-298.6671225910351,-24.511659268405595,-493.8777398891852,91.11386515496775,-149.91589351449375,-19.119201754945955,-369.2566634714604,339.8761200904845,-0.5235987755982988,0.5361267443877608,,,,,,,,,,1.0,0.5000000000291038,0.8083931705760331,0.06204895067112284,0.45401672119229364,0.8230958230958231,0.15661901802361716,0.20955652717051843,0.44358669833729214,0.647887323943662
1767329022,7143799,478_1767329022-7143799.png,-195757,201227,0,0,-1.8742053462009804,1.92657590379902,84.49,413.57,-210.0,58.0,-420.0,218.0,-263.0,-40.0,-285.7002805439714,-12.445003426765249,-483.0737241960676,109.66992539938028,-166.4535199083737,-22.17284785000483,-358.2591347694397,318.4829878807067,-0.5235987755982988,0.5361267443877608,,,,,,,,,,1.0,0.5000000000291038,0.8021222275410881,0.07490795699256711,0.4616503089785532,0.8341523341523341,0.2030246529935778,0.21736414740787008,0.3907363420427553,0.596244131455399
1767329022,40497314,479_1767329022-40497314.png,-195757,201227,0,0,-1.8742053462009804,1.92657590379902,79.27,454.62,-385.0,-340.0,-606.0,281.0,-264.0,-70.0,-288.40855381717256,-33.062711690963965,-487.5980201170625,143.81266738009683,-175.65991473521603,-30.2964803803154,-346.6787762045861,288.2176523208617,-0.5235987755982988,0.5361267443877608,,,,,,,,,,1.0,0.5000000000291038,0.793792883357268,0.10659236332481728,0.3980370774263904,0.5896805896805897,0.1644914025274498,0.23703935040599625,0.39014251781472686,0.4553990610328638
1767329022,107205322,480_1767329022-107205322.png,-195757,201227,0,0,-1.8742053462009804,1.92657590379902,78.32,469.7,-436.0,-269.0,-728.0,242.0,-127.0,-43.0,-316.0572016905641,-93.23055346626003,-528.5572923208568,169.84170353078946,-179.12738637618193,-35.96265794367446,-314.211288958788,238.7651274204253,-0.5235987755982988,0.5361267443877608,,,,,,,,,,1.0,0.5000000000291038,0.7922770065422051,0.1182318480383455,0.37949836423118866,0.6332923832923834,0.13921690490988192,0.22485946283572766,0.47149643705463185,0.5821596244131455
1767329022,140559814,481_1767329022-140559814.png,-195757,201227,0,0,-1.8742053462009804,1.92657590379902,77.06,486.1,-317.0,-193.0,-532.0,206.0,-204.0,-45.0,-316.1950782383019,-107.82101965622496,-529.0607601834103,175.1295588858087,-182.76480284728217,-37.28429536175288,-310.9789372682572,225.19933104515064,-0.5235987755982988,0.5361267443877608,,,,,,,,,,1.0,0.5000000000291038,0.7902664751874899,0.13089017358886687,0.4227553616866594,0.6799754299754299,0.17982183550859748,0.21361648969394129,0.42577197149643703,0.5727699530516432
1767329022,173913330,482_1767329022-173913330.png,-195757,201227,0,0,-1.8742053462009804,1.92657590379902,75.6,526.07,-366.0,-317.0,-550.0,216.0,-81.0,-63.0,-315.02559579771395,-145.81257191894846,-544.7230396931554,184.31799353980944,-161.49422831313416,-41.87008392291965,-302.8313978910447,227.6352536678313,-0.5235987755982988,0.5361267443877608,,,,,,,,,,1.0,0.5000000000291038,0.7879368118717088,0.1617409828726681,0.4049436568520538,0.6038083538083538,0.17609281126993992,0.21673953778888194,0.498812351543943,0.48826291079812206
1767329022,207267822,483_1767329022-207267822.png,-195757,201227,0,0,-1.8742053462009804,1.92657590379902,75.45,554.39,-200.0,-220.0,-564.0,248.0,-131.0,-43.0,-313.66157416282533,-169.451983938041,-546.4929698380483,191.75427458703356,-150.6477245938809,-43.71160812094455,-275.265071451664,190.5623741149901,-0.5235987755982988,0.5361267443877608,,,,,,,,,,1.0,0.5000000000291038,0.7876974629009094,0.18359974992088549,0.46528535078153394,0.6633906633906634,0.1731924590843174,0.22673329169269207,0.4691211401425178,0.5821596244131455
1767329022,240621338,484_1767329022-240621338.png,-195757,201227,0,0,-1.8742053462009804,1.92657590379902,75.56,572.12,-272.0,-108.0,-526.0,264.0,-249.0,-32.0,-301.62188405400275,-163.1099176880112,-544.4120470812255,205.2625224613161,-164.00292860983694,-41.96164823296132,-246.0748089253903,140.7951853275298,-0.5235987755982988,0.5165576102802871,,,,,,,,,,1.0,0.5000000000291038,0.7878729854794957,0.19728463479958938,0.43911304980007265,0.7321867321867321,0.18106484358815,0.2317301686445971,0.3990498812351544,0.6338028169014085
1767329022,273975830,485_1767329022-273975830.png,-195757,201227,0,0,-1.8742053462009804,1.92657590379902,76.07,590.59,-325.0,-34.0,-568.0,274.0,-196.0,-39.0,-305.04074245350085,-144.22864737667365,-547.8615924231001,215.31481679445625,-168.68223880464882,-41.52853138295476,-234.2612534761429,119.37024283409106,-0.5235987755982988,0.5110672456440297,,,,,,,,,,1.0,0.5000000000291038,0.7886867719802136,0.21154068802630469,0.4198473282442748,0.7776412776412777,0.17236378703128238,0.2348532167395378,0.4305225653206651,0.6009389671361502
1767329022,307329346,486_1767329022-307329346.png,-195757,201227,0,0,-1.8742053462009804,1.92657590379902,78.31,638.08,-328.0,12.0,-436.0,295.0,-147.0,-46.0,-308.3983462351918,-121.38148447613123,-531.5027487198535,226.9681236112728,-165.5113885775205,-42.18244712512964,-219.01961940526968,102.69792866706835,-0.5235987755982988,0.5057945905176543,,,,,,,,,,1.0,0.5000000000291038,0.7922610499441518,0.2481958026844913,0.4187568157033805,0.8058968058968059,0.19970996478143777,0.24141161773891318,0.45961995249406173,0.568075117370892
1767329022,374037842,487_1767329022-374037842.png,-195757,201227,0,0,-1.8742053462009804,1.92657590379902,78.67,675.25,-454.0,124.0,-255.0,361.0,-213.0,-73.0,-330.7201852875335,-72.24570649064587,-482.5022617433801,250.9737251677456,-170.41069714705836,-48.02714610092251,-192.4177059233189,72.62990283966052,-0.5235987755982988,0.5085957817928393,,,,,,,,,,1.0,0.5000000000291038,0.7928354874740704,0.2768854344352766,0.3729552889858233,0.8746928746928747,0.23720737518127202,0.2620237351655216,0.4204275534441805,0.4413145539906103
1767329022,407393066,488_1767329022-407393066.png,-195757,201227,0,0,-1.8742053462009804,1.92657590379902,79.11,710.47,-520.0,-127.0,-256.0,349.0,-423.0,-53.0,-363.0408061184676,-63.10052144918208,-437.44730625096304,271.39522668577604,-203.81820898313748,-50.60958953624592,-182.05989387631425,68.07128858566271,-0.5235987755982988,0.4953106320295202,,,,,,,,,,1.0,0.5000000000291038,0.7935375777884154,0.30406996040414025,0.34896401308615044,0.7205159705159705,0.2370002071680133,0.25827607745159276,0.29572446555819476,0.5352112676056338
1767329022,440747070,489_1767329022-440747070.png,-195757,201227,0,0,-1.8742053462009804,1.92657590379902,79.6,732.93,-375.0,-243.0,-233.0,316.0,-374.0,-39.0,-368.7668668408381,-86.22764887617764,-408.17941308201233,278.8234493517471,-230.04989953198896,-49.295780352478864,-177.2328937053681,87.82619118690478,-0.5235987755982988,0.4898283043904339,,,,,,,,,,1.0,0.5000000000291038,0.7943194510930268,0.321405691615403,0.40167211922937107,0.6492628992628993,0.24176507147296458,0.24797001873828856,0.3248218527315914,0.6009389671361502
1767329022,474102051,490_1767329022-474102051.png,-195757,201227,0,0,-1.8742053462009804,1.92657590379902,79.91,753.82,-322.0,-206.0,-358.0,320.0,-334.0,-38.0,-362.0932384077563,-107.9095545002245,-396.1857437593426,285.83313902843975,-249.07718284762288,-47.37025752231206,-157.38985845446592,95.7975330352782,-0.5235987755982988,0.4915151023380764,,,,,,,,,,1.0,0.5000000000291038,0.794814105632679,0.3375296197099391,0.420937840785169,0.671990171990172,0.21586906981562048,0.24921923797626483,0.3485748218527316,0.6056338028169014
1767329022,507456299,491_1767329022-507456299.png,-195757,201227,0,0,-1.8742053462009804,1.92657590379902,80.63,806.89,-525.0,-133.0,-491.0,372.0,-342.0,-46.0,-383.4451088698706,-124.2892309587564,-408.8872794861392,298.8822293083563,-263.577193606354,-47.13345437629105,-160.39141601324087,103.14671158790576,-0.5235987755982988,0.5065332707524315,,,,,,,,,,1.0,0.5000000000291038,0.7959629806925163,0.37849165245177874,0.3471464921846601,0.7168304668304668,0.18831572405220637,0.2654590880699563,0.34382422802850354,0.568075117370892
1767329022,540811279,492_1767329022-540811279.png,-195757,201227,0,0,-1.8742053462009804,1.92657590379902,81.2,830.77,-369.0,-285.0,-271.0,408.0,-449.0,-61.0,-395.6916585952094,-148.67546951563548,-397.05173249015263,322.25672356205285,-298.6488073330798,-49.04634813414936,-164.56895864009863,124.25985598564137,-0.5235987755982988,0.4906323228514165,,,,,,,,,,1.0,0.5000000000291038,0.7968725067815541,0.39692340941192816,0.40385314431115954,0.6234643734643734,0.23389268696913199,0.2767020612117427,0.28028503562945367,0.4976525821596244
1767329022,574165283,493_1767329022-574165283.png,-195757,201227,0,0,-1.8742053462009804,1.92657590379902,81.94,844.94,-356.0,-238.0,-260.0,410.0,-501.0,-61.0,-389.8870779056575,-161.73845209443394,-377.0090366684668,335.08846065935825,-328.2410155459151,-50.79447202833497,-163.39953243732458,125.39241671562182,-0.5235987755982988,0.4821137650197561,,,,,,,,,,1.0,0.5000000000291038,0.7980532950374979,0.40786051142722624,0.4085786986550345,0.6523341523341524,0.23617153511497826,0.2773266708307308,0.2494061757719715,0.4976525821596244
1767329022,607520264,494_1767329022-607520264.png,-195757,201227,0,0,-1.8742053462009804,1.92657590379902,82.98,862.3,-427.0,-173.0,-180.0,419.0,-523.0,-66.0,-395.3145394566763,-163.38536144064614,-348.19807511164646,347.3598375210462,-356.72292535492915,-53.018156227045225,-166.62889692187315,136.5708656311034,-0.5235987755982988,0.4827098449360278,,,,,,,,,,1.0,0.5000000000291038,0.7997127812350406,0.4212598121319244,0.3827699018538713,0.6922604422604423,0.2527449761756785,0.2801374141161774,0.23634204275534437,0.4741784037558685
1767329022,674229248,495_1767329022-674229248.png,-195757,201227,0,0,-1.8742053462009804,1.92657590379902,85.63,904.61,-702.0,-124.0,-473.0,406.0,-406.0,-65.0,-438.8216391625895,-152.32822613196663,-364.3816980123278,357.3521369421866,-364.38867946647537,-54.38036786554193,-126.4239617288113,149.57439374923695,-0.5235987755982988,0.4840819445602802,,,,,,,,,,1.0,0.5000000000291038,0.8039412797191637,0.45391674835403173,0.2828062522719011,0.7223587223587223,0.1920447482908639,0.27607745159275454,0.3058194774346793,0.4788732394366197
1767329022,707583252,496_1767329022-707583252.png,-195757,201227,0,0,-1.8742053462009804,1.92657590379902,87.27,936.99,-549.0,23.0,-316.0,426.0,-302.0,-94.0,-477.2323284719088,-133.39921135244694,-371.74030226186665,368.82192782271886,-363.2388040348516,-59.11365300016126,-168.1005504429341,169.0153489112853,-0.5235987755982988,0.4840819445602802,,,,,,,,,,1.0,0.5000000000291038,0.8065581617999041,0.47890922282512216,0.33842239185750633,0.8126535626535627,0.2245701263724881,0.28232354778263585,0.36757719714964365,0.3427230046948357
1767329022,740938232,497_1767329022-740938232.png,-195757,201227,0,0,-1.8742053462009804,1.92657590379902,88.99,956.87,-535.0,-6.0,-443.0,451.0,-288.0,-92.0,-489.4354218955366,-106.58496463636084,-379.2449945846425,383.8314826874339,-349.031593937858,-65.74834344771007,-126.93009832501416,182.0144350528716,-0.5235987755982988,0.4840819445602802,,,,,,,,,,1.0,0.5000000000291038,0.8093026966650709,0.4942535833095346,0.34351145038167935,0.7948402948402948,0.19825978868862648,0.2901311680199875,0.37589073634204273,0.352112676056338
1767329022,774292236,498_1767329022-774292236.png,-195757,201227,0,0,-1.8742053462009804,1.92657590379902,90.88,978.74,-611.0,-47.0,-494.0,434.0,-372.0,-75.0,-503.8789190794407,-99.50547419311052,-392.8794234898399,389.7921732917481,-351.7605476631137,-66.84756393975685,-128.49786195158964,187.56991481780997,-0.5235987755982988,0.4840819445602802,,,,,,,,,,1.0,0.5000000000291038,0.8123184936971436,0.5111339235406263,0.31588513267902574,0.7696560196560197,0.18769422001243008,0.28482198625858834,0.32600950118764843,0.43192488262910794
1767329022,807647217,499_1767329022-807647217.png,-195757,201227,0,0,-1.8742053462009804,1.92657590379902,92.79,1027.08,-714.0,-63.0,-396.0,464.0,-524.0,-77.0,-537.454120479032,-92.77152973769014,-396.02303122941305,401.81927119214856,-377.4870173034819,-68.54892328080234,-120.8502250015736,191.9623131752013,-0.5235987755982988,0.4840819445602802,,,,,,,,,,1.0,0.5000000000291038,0.815366203925323,0.5484451099499069,0.2784442021083242,0.7598280098280098,0.2079966853117879,0.2941911305434104,0.23574821852731587,0.4225352112676056
1767329022,874356201,500_1767329022-874356201.png,-195757,201227,0,0,-1.8742053462009804,1.92657590379902,96.38,1048.11,-829.0,-37.0,-294.0,463.0,-567.0,-66.0,-587.5643061670518,-79.75222360319988,-382.1404843971001,412.8869608796622,-414.469119427562,-68.69116067265682,-135.0749751925469,150.71956396102894,-0.5235987755982988,0.4840819445602802,,,,,,,,,,1.0,0.5000000000291038,0.8210946226264559,0.5646770969210938,0.23664122137404575,0.7757985257985258,0.22912782266418066,0.2938788257339163,0.21021377672209024,0.4741784037558685
1767329022,907710205,501_1767329022-907710205.png,-195757,201227,0,0,-1.8742053462009804,1.92657590379902,98.52,1077.5,-780.0,-143.0,-406.0,427.0,-464.0,-64.0,-638.9533043306402,-98.6196283865338,-374.2481922129039,420.0116604455712,-435.3924532445448,-67.50661555273524,-100.03985452651982,152.4046492576598,-0.5235987755982988,0.4840819445602802,,,,,,,,,,1.0,0.5000000000291038,0.8245093346098611,0.5873617425265709,0.25445292620865134,0.7106879606879607,0.20592500517920034,0.2826358525921299,0.2713776722090261,0.4835680751173709
1767329022,941064941,502_1767329022-941064941.png,-195757,201227,0,0,-1.8742053462009804,1.92657590379902,98.52,1097.85,-804.0,-49.0,-395.0,388.0,-491.0,-49.0,-649.0681226022559,-95.57871004642756,-375.5199581438891,418.0498391157562,-438.80033867769873,-66.37244529637594,-89.08797812461857,143.92419958114613,-0.5235987755982988,0.4840819445602802,,,,,,,,,,1.0,0.5000000000291038,0.8245093346098611,0.6030688720968824,0.24572882588149758,0.7684275184275184,0.20820385332504662,0.2704559650218613,0.2553444180522565,0.5539906103286385
1767329023,7773926,503_1767329023-7773926.png,-195757,201227,0,0,-1.8742053462009804,1.92657590379902,99.77,1124.71,-1063.0,-237.0,-620.0,361.0,-701.0,-15.0,-699.2833765096376,-104.54383956876764,-399.2497695930992,410.4131296921136,-466.827085241162,-60.29307296372305,-54.73738220334058,141.29325985908497,-0.5235987755982988,0.4840819445602802,,,,,,,,,,1.0,0.5000000000291038,0.826503909366523,0.623800739431456,0.1515812431842966,0.652948402948403,0.16159105034182725,0.2620237351655216,0.13064133016627077,0.7136150234741784
1767329023,41127686,504_1767329023-41127686.png,-195757,201227,0,0,-1.8742053462009804,1.92657590379902,101.5,1197.88,-1146.0,-389.0,-191.0,521.0,-577.0,-62.0,-791.1611395928932,-169.46199249734468,-402.4634172718575,420.7684862462776,-517.2134869115962,-55.91548707016308,-56.57594254612928,148.10166358947745,-0.5235987755982988,0.4840819445602802,,,,,,,,,,1.0,0.5000000000291038,0.829264400829743,0.6802769394638737,0.12141039621955652,0.5595823095823096,0.2504661280298322,0.3119925046845721,0.20427553444180518,0.49295774647887325
1767329023,74482666,505_1767329023-74482666.png,-195757,201227,0,0,-1.8742053462009804,1.92657590379902,101.97,1217.34,-1185.0,-408.0,-245.0,546.0,-573.0,-69.0,-825.6654772848663,-190.4954072153583,-386.6345577675033,431.37192629672,-522.3792507491136,-56.89515025500002,-85.42968982458119,119.67860198020922,-0.5235987755982988,0.4545190084813065,,,,,,,,,,1.0,0.5000000000291038,0.8300143609382479,0.6952971233183337,0.10723373318793161,0.547911547911548,0.23927905531385957,0.3198001249219238,0.2066508313539192,0.460093896713615
1767329023,107836426,506_1767329023-107836426.png,-195757,201227,0,0,-1.8742053462009804,1.92657590379902,102.26,1237.35,-972.0,-341.0,-518.0,512.0,-594.0,-109.0,-858.9379210081311,-216.2399267358134,-390.6291783042429,445.058218606073,-531.6826998677112,-62.28553462929674,-145.77482232451445,78.74335217475878,-0.5235987755982988,0.4608590466622537,,,,,,,,,,1.0,0.5000000000291038,0.8304771022817934,0.7107418241882076,0.18466012359142125,0.5890663390663391,0.18272218769422002,0.30918176139912557,0.19418052256532065,0.272300469483568
1767329023,141191406,507_1767329023-141191406.png,-195757,201227,0,0,-1.8742053462009804,1.92657590379902,102.38,1258.7,-900.0,-285.0,-474.0,525.0,-633.0,-87.0,-867.9587174904245,-227.6311547006831,-403.0660131097959,453.8084968466813,-542.6164735992052,-65.84475571834909,-114.29278835654264,94.039656639099,-0.5235987755982988,0.4455670523185478,,,,,,,,,,1.0,0.5000000000291038,0.8306685814584329,0.7272208028774535,0.21083242457288254,0.6234643734643734,0.19183758027760517,0.3132417239225484,0.17102137767220899,0.3755868544600939
1767329023,174545166,508_1767329023-174545166.png,-195757,201227,0,0,-1.8742053462009804,1.92657590379902,102.43,1283.89,-949.0,-302.0,-517.0,527.0,-672.0,-88.0,-879.3178357771038,-239.5652665880754,-420.43355327154296,466.3491919091416,-562.8699621502161,-69.61954493158693,-105.86354246735576,111.54663252830493,-0.5235987755982988,0.4333324644366111,,,,,,,,,,1.0,0.5000000000291038,0.8307483644486995,0.7466636821834068,0.19302071973827695,0.613022113022113,0.18292935570747879,0.31386633354153654,0.14786223277909738,0.3708920187793427
1767329023,207900146,509_1767329023-207900146.png,-195757,201227,0,0,-1.8742053462009804,1.92657590379902,102.43,1302.24,-833.0,-250.0,-437.0,550.0,-693.0,-96.0,-877.0985763544323,-242.27715392922423,-424.66664017379946,475.6369044949176,-577.7366479420467,-72.75389569750914,-111.60573163628582,113.0409994125365,-0.5235987755982988,0.4434646836881307,,,,,,,,,,1.0,0.5000000000291038,0.8307483644486995,0.76082711351585,0.23518720465285348,0.644963144963145,0.199502796768179,0.32104934415990005,0.13539192399049876,0.3333333333333333
1767329023,241253906,510_1767329023-241253906.png,-195757,201227,0,0,-1.8742053462009804,1.92657590379902,102.4,1312.25,-907.0,-335.0,-836.0,651.0,-581.0,-116.0,-878.5563515883975,-250.88754797618196,-462.242994750672,493.6131107578865,-581.2950579522638,-77.32591819948829,-147.4351243972779,87.32052230834948,-0.5235987755982988,0.4489798296218301,,,,,,,,,,1.0,0.5000000000291038,0.8307004946545395,0.7685533231963815,0.20828789531079606,0.5927518427518428,0.11684275947793663,0.35259212991880073,0.20190023752969116,0.23943661971830987
1767329023,274608643,511_1767329023-274608643.png,-195757,201227,0,0,-1.8742053462009804,1.92657590379902,102.36,1323.18,-881.0,-475.0,-744.0,626.0,-576.0,-121.0,-880.3629058460693,-275.8588282666504,-508.5755594803526,514.3670639243015,-580.6578412886535,-83.57575344841227,-150.05139732360846,72.31566882133471,-0.5235987755982988,0.4489798296218301,,,,,,,,,,1.0,0.5000000000291038,0.8306366682623263,0.7769896340663327,0.21773900399854595,0.5067567567567568,0.13590221669774188,0.3447845096814491,0.2048693586698337,0.215962441314554
1767329023,307962402,512_1767329023-307962402.png,-195757,201227,0,0,-1.8742053462009804,1.92657590379902,102.28,1345.34,-917.0,-414.0,-637.0,569.0,-582.0,-95.0,-884.7333569754879,-297.733981588522,-530.2914293223199,523.9201064216777,-580.689550285729,-85.95959603985264,-152.46674817800528,86.73704719543444,-0.5235987755982988,0.4489798296218301,,,,,,,,,,1.0,0.5000000000291038,0.8305090154779,0.7940938105419153,0.2046528535078153,0.5442260442260443,0.15806919411642845,0.32698313554028735,0.20130641330166266,0.3380281690140845
1767329023,341317139,513_1767329023-341317139.png,-195757,201227,0,0,-1.8742053462009804,1.92657590379902,102.25,1393.39,-942.0,-103.0,-301.0,562.0,-758.0,-64.0,-883.8615547043668,-281.2251967394378,-501.5761952753932,530.6426311739131,-600.2799221720525,-83.86489249208724,-172.27478116750723,59.0312931537627,-0.5235987755982988,0.4489798296218301,,,,,,,,,,1.0,0.5000000000291038,0.8304611456837401,0.8311811607067052,0.19556524900036348,0.7352579852579852,0.2276776465713694,0.32479700187382887,0.09679334916864607,0.4835680751173709
1767329023,374670654,514_1767329023-374670654.png,-195757,201227,0,0,-1.8742053462009804,1.92657590379902,102.25,1405.67,-940.0,-89.0,-396.0,572.0,-733.0,-81.0,-895.1681327108284,-244.1726939484496,-473.0362451701527,538.0572108018591,-628.6271242259531,-81.9402664150786,-177.06476595997816,59.58782982826221,-0.5235987755982988,0.4489798296218301,,,,,,,,,,1.0,0.5000000000291038,0.8304611456837401,0.8406594678872175,0.19629225736095962,0.7438574938574939,0.2079966853117879,0.3279200499687695,0.11163895486935865,0.40375586854460094
1767329023,408025146,515_1767329023-408025146.png,-195757,201227,0,0,-1.8742053462009804,1.92657590379902,102.25,1415.72,-975.0,-243.0,-448.0,559.0,-616.0,-96.0,-903.6623883396431,-239.6736770153593,-468.58950301151344,540.9135195365384,-630.4390814209232,-83.1861060784395,-196.7536354064942,53.338112115859865,-0.5235987755982988,0.4489798296218301,,,,,,,,,,1.0,0.5000000000291038,0.8304611456837401,0.8484165515325064,0.18356961105052705,0.6492628992628993,0.19722394862233272,0.32386008744534667,0.18111638954869358,0.3333333333333333
1767329023,441378418,516_1767329023-441378418.png,-195757,201227,0,0,-1.8742053462009804,1.92657590379902,102.25,1424.37,-830.0,-226.0,-478.0,548.0,-570.0,-86.0,-896.8669924043696,-238.14029727935736,-469.1428575604642,542.2515724238006,-622.8620687515146,-83.8718996440416,-199.73259410262116,53.59273767471301,-0.5235987755982988,0.4489798296218301,,,,,,,,,,1.0,0.5000000000291038,0.8304611456837401,0.8550930464112874,0.23627771719374768,0.6597051597051597,0.19100890822457015,0.3204247345409119,0.20843230403800472,0.38028169014084506
1767329023,474732910,517_1767329023-474732910.png,-195757,201227,0,0,-1.8742053462009804,1.92657590379902,102.24,1431.8,-799.0,-268.0,-428.0,542.0,-615.0,-85.0,-886.116684207255,-240.49902412537224,-465.670018218868,542.3915401218077,-620.6540158779593,-84.03424269314938,-215.1100161671639,42.83971548080432,-0.5235987755982988,0.4489798296218301,,,,,,,,,,1.0,0.5000000000291038,0.8304451890856868,0.8608278853649689,0.24754634678298798,0.6339066339066339,0.20136730888750778,0.3185509056839475,0.18171021377672208,0.38497652582159625
1767329023,508086182,518_1767329023-508086182.png,-195757,201227,0,0,-1.8742053462009804,1.92657590379902,102.16,1436.43,-769.0,-237.0,-298.0,538.0,-548.0,-88.0,-869.8121800061507,-240.83760262876388,-444.7153478267435,541.8590270992922,-611.8666664805795,-84.5319169162981,-215.1100161671639,42.83971548080432,-0.5235987755982988,0.4489798296218301,,,,,,,,,,1.0,0.5000000000291038,0.8303175363012605,0.8644015467856343,0.25845147219193015,0.652948402948403,0.22829915061114564,0.31730168644597123,0.2214964370546318,0.3708920187793427
1767329023,541440430,519_1767329023-541440430.png,-195757,201227,0,0,-1.8742053462009804,1.92657590379902,102.0,1438.94,-913.0,-238.0,-227.0,538.0,-668.0,-96.0,-870.8668816670352,-240.47214785378867,-420.8578384157352,541.4005230851267,-615.1388996902009,-85.66800135972282,-210.93747386336327,51.3459572792052,-0.5235987755982988,0.4489798296218301,,,,,,,,,,1.0,0.5000000000291038,0.8300622307324077,0.8663388880741594,0.2061068702290076,0.6523341523341524,0.2430080795525171,0.31730168644597123,0.15023752969121135,0.3333333333333333
1767329023,608148193,520_1767329023-608148193.png,-195757,201227,0,0,-1.8742053462009804,1.92657590379902,101.87,1451.59,-751.0,-285.0,-14.0,636.0,-712.0,-126.0,-888.2528096959948,-242.55306332572215,-326.19709864964034,554.1078293627895,-647.2175727715799,-90.7722176919032,-233.16228637099272,14.689047336578248,-0.5235987755982988,0.4421629087235099,,,,,,,,,,1.0,0.5000000000291038,0.8298547949577149,0.8761027794286773,0.2649945474372955,0.6234643734643734,0.28713486637663144,0.3479075577763897,0.12410926365795721,0.19248826291079812
1767329023,641501465,521_1767329023-641501465.png,-195757,201227,0,0,-1.8742053462009804,1.92657590379902,101.7,1460.43,-751.0,-285.0,-14.0,636.0,-712.0,-126.0,-883.98057865641,-243.8742976290257,-316.47942410240506,556.6568647819564,-649.2340378409501,-91.86874333218508,-271.8775149285794,-5.987493753433348,-0.5235987755982988,0.428046347378854,,,,,,,,,,1.0,0.5000000000291038,0.8295835327908089,0.8829259256400559,0.2649945474372955,0.6234643734643734,0.28713486637663144,0.3479075577763897,0.12410926365795721,0.19248826291079812
1767329023,674855713,522_1767329023-674855713.png,-195757,201227,0,0,-1.8742053462009804,1.92657590379902,101.55,1474.46,-879.0,-444.0,-114.0,637.0,-824.0,-129.0,-863.7977581189211,-254.95286054244,-287.3289234833026,570.3633483745954,-669.0363766172314,-97.75934655793638,-251.98954170942312,-0.7422358989716784,-0.5235987755982988,0.3122184071492015,,,,,,,,,,1.0,0.5000000000291038,0.8293441838200094,0.8937549687787032,0.2184660123591421,0.5257985257985258,0.26641806505075616,0.3482198625858838,0.057600950118764815,0.17840375586854462
1767329023,708209229,523_1767329023-708209229.png,-195757,201227,0,0,-1.8742053462009804,1.92657590379902,101.41,1484.23,-1085.0,-328.0,-351.0,550.0,-745.0,-94.0,-872.4330679692964,-278.98875911335216,-269.35801977494833,577.4003886463627,-686.8570578715899,-100.1830763300192,-252.38450229167944,-0.8171763420106188,-0.5235987755982988,0.4197467120043784,,,,,,,,,,1.0,0.5000000000291038,0.8291207914472634,0.9012959346706906,0.143584151217739,0.597051597051597,0.21731924590843177,0.32104934415990005,0.10451306413301659,0.3427230046948357
1767329023,774916748,524_1767329023-774916748.png,-195757,201227,0,0,-1.8742053462009804,1.92657590379902,101.34,1484.79,-1053.0,-316.0,-336.0,539.0,-731.0,-101.0,-906.2720276846268,-286.3726668366757,-282.10954736531187,571.6696076615232,-695.6380670372818,-99.74806463239422,-252.38450229167944,-0.8171763420106188,-0.5235987755982988,0.4116010500795559,,,,,,,,,,1.0,0.5000000000291038,0.8290090952608903,0.9017281701772937,0.15521628498727735,0.6044226044226044,0.22042676610731304,0.3176139912554653,0.11282660332541566,0.30985915492957744
1767329023,808270996,525_1767329023-808270996.png,-195757,201227,0,0,-1.8742053462009804,1.92657590379902,101.31,1486.64,-1043.0,-189.0,-476.0,575.0,-756.0,-87.0,-930.166627990272,-272.9200475637271,-311.89656407521824,571.2884653190023,-705.4052391653779,-97.9170341695496,-251.20540013909343,15.671010732650636,-0.5235987755982988,0.4264868679695555,,,,,,,,,,1.0,0.5000000000291038,0.8289612254667303,0.9031560910473222,0.15885132679025804,0.6824324324324325,0.19142324425108764,0.3288569643972517,0.09798099762470308,0.3755868544600939
1767329023,841624268,526_1767329023-841624268.png,-195757,201227,0,0,-1.8742053462009804,1.92657590379902,101.09,1487.89,-1147.0,-125.0,-311.0,633.0,-896.0,-132.0,-986.0645510853286,-248.54825005212388,-326.5631118582187,579.8467803696128,-734.6039131994144,-101.76583894273578,-250.1330581307412,7.530873775482057,-0.5235987755982988,0.4322182218818168,,,,,,,,,,1.0,0.5000000000291038,0.8286101803095579,0.90412090244599,0.12104689203925845,0.7217444717444718,0.22560596643878186,0.34697064334790756,0.014845605700712583,0.164319248826291
1767329023,908331543,527_1767329023-908331543.png,-195757,201227,0,0,-1.8742053462009804,1.92657590379902,101.03,1495.3,-1158.0,-100.0,-249.0,643.0,-921.0,-124.0,-1010.9069923132724,-227.509993932556,-316.9207050052446,588.8081380448846,-761.1771061320776,-105.2368309496185,-260.2296844720841,-15.19599771499646,-0.5235987755982988,0.4177415008257993,,,,,,,,,,1.0,0.5000000000291038,0.8285144407212381,0.9098403044172925,0.11704834605597964,0.7371007371007371,0.23845038326082454,0.3500936914428482,0.0,0.2018779342723005
1767329023,941685791,528_1767329023-941685791.png,-195757,201227,0,0,-1.8742053462009804,1.92657590379902,101.07,1513.69,-1167.0,-190.0,-307.0,568.0,-811.0,-94.0,-1012.6616597838744,-236.188455413668,-311.5223084802044,593.1467765692643,-770.2123950057098,-104.00336983977742,-270.3091019093991,78.61940670013415,-0.5235987755982988,0.3965202463788801,,,,,,,,,,1.0,0.5000000000291038,0.8285782671134513,0.9240346097144931,0.11377680843329696,0.6818181818181819,0.2264346384918169,0.3266708307307933,0.06532066508313539,0.3427230046948357
1767329023,975039063,529_1767329023-975039063.png,-195757,201227,0,0,-1.8742053462009804,1.92657590379902,101.08,1521.53,-1189.0,-114.0,-446.0,571.0,-830.0,-99.0,-1036.5806415836366,-224.77614281439165,-319.37951515697307,589.6531197633867,-777.3416560170284,-102.8468816788926,-270.3091019093991,78.61940670013415,-0.5235987755982988,0.4269555527246089,,,,,,,,,,1.0,0.5000000000291038,0.8285942237115046,0.9300859068069374,0.10577971646673934,0.7285012285012284,0.19763828464885025,0.32760774515927543,0.05403800475059378,0.3192488262910798
1767329024,8393311,530_1767329024-8393311.png,-195757,201227,0,0,-1.8742053462009804,1.92657590379902,101.2,1549.12,-1155.0,-170.0,-453.0,565.0,-805.0,-85.0,-1056.7870512106288,-212.0079740130137,-338.3257183555451,586.5575459297778,-783.5103938460143,-101.42632248012964,-273.09824314713484,-11.6768059730531,-0.5235987755982988,0.4093933142509301,,,,,,,,,,1.0,0.5000000000291038,0.8287857028881441,0.9513812239983328,0.11813885859687384,0.6941031941031941,0.19618810855603896,0.3257339163023111,0.06888361045130637,0.38497652582159625
1767329024,41746338,531_1767329024-41746338.png,-195757,201227,0,0,-1.8742053462009804,1.92657590379902,101.47,1566.66,-1115.0,-167.0,-453.0,559.0,-754.0,-66.0,-1069.0073371254423,-204.39186173057752,-358.1433294388156,582.1191654934756,-781.1646710824663,-96.33012845077874,-298.3664340972901,80.58304691314684,-0.5235987755982988,0.427546050059541,,,,,,,,,,1.0,0.5000000000291038,0.829216531035583,0.9649194575444393,0.13267902580879676,0.6959459459459459,0.19618810855603896,0.32386008744534667,0.09916864608076009,0.4741784037558685
1767329024,75100586,532_1767329024-75100586.png,-195757,201227,0,0,-1.8742053462009804,1.92657590379902,101.99,1585.93,-1039.0,-187.0,-575.0,537.0,-772.0,-77.0,-1066.703572084229,-201.29987493520224,-386.5105734190827,576.1242823437966,-779.3307005979019,-93.20154210655924,-294.0207637250424,90.19734692573536,-0.5235987755982988,0.4122197051866361,,,,,,,,,,1.0,0.5000000000291038,0.8300462741343544,0.9797929900663018,0.16030534351145037,0.6836609336609336,0.17091361093847113,0.31698938163647716,0.08847980997624699,0.4225352112676056
1767329024,141807861,533_1767329024-141807861.png,-195757,201227,0,0,-1.8742053462009804,1.92657590379902,104.17,1605.04,-757.0,-385.0,-435.0,556.0,-764.0,-110.0,-1014.772520264865,-235.44237981024955,-400.8066174432737,568.966173578185,-775.7994370698475,-95.28101944671307,-310.3887692689896,1.7045767307280286,-0.5235987755982988,0.4318714389709474,,,,,,,,,,1.0,0.5000000000291038,0.8335248125099728,0.9945430267291349,0.26281352235550703,0.562039312039312,0.19991713279469653,0.32292317301686446,0.09323040380047504,0.2676056338028169
1767329024,175160889,534_1767329024-175160889.png,-195757,201227,0,0,-1.8742053462009804,1.92657590379902,106.01,1605.82,-785.0,-221.0,-181.0,567.0,-777.0,-79.0,-986.6798027852028,-238.3692136513978,-381.8813021380106,568.4211597829124,-775.5740546222022,-94.2242156324902,-328.12381118536,-38.63372874259961,-0.5235987755982988,0.4117137002792421,,,,,,,,,,1.0,0.5000000000291038,0.836460826551779,0.9951450690419037,0.252635405307161,0.6627764127764127,0.2525378081624197,0.3263585259212992,0.08551068883610446,0.41314553990610325
1767329024,208515137,535_1767329024-208515137.png,-195757,201227,0,0,-1.8742053462009804,1.92657590379902,108.19,1606.06,-963.0,-56.0,-217.0,611.0,-836.0,-69.0,-978.3345596961392,-216.22490207281635,-356.78133471840783,573.4411150542672,-782.792576303707,-90.80966481720446,-325.9687368869782,-34.61789536476147,-0.5235987755982988,0.4024925290782526,,,,,,,,,,1.0,0.5000000000291038,0.8399393649273974,0.9953303128304478,0.18793166121410393,0.7641277641277642,0.24507975968510465,0.3400999375390381,0.05047505938242275,0.460093896713615
1767329024,241868164,536_1767329024-241868164.png,-195757,201227,0,0,-1.8742053462009804,1.92657590379902,110.81,1605.79,-1059.0,-24.0,-444.0,603.0,-716.0,-65.0,-987.498089171721,-188.99129174585136,-363.3100918436443,577.9832880685477,-776.3161227948742,-87.14492609756685,-320.2621993720532,-19.391802787780883,-0.5235987755982988,0.4179661360228784,,,,,,,,,,1.0,0.5000000000291038,0.8441199936173607,0.9951219135683356,0.15303525990548889,0.7837837837837838,0.19805262067536772,0.33760149906308556,0.12173396674584319,0.4788732394366197
1767329024,275222412,537_1767329024-275222412.png,-195757,201227,0,0,-1.8742053462009804,1.92657590379902,114.94,1605.54,-987.0,-162.0,-455.0,574.0,-706.0,-76.0,-988.9705989060913,-170.1577706747316,-375.8967579787749,580.1287060135242,-761.8972979016627,-84.66123896732655,-320.2621993720532,-19.391802787780883,-0.5235987755982988,0.4179661360228784,,,,,,,,,,1.0,0.5000000000291038,0.8507100686133715,0.9949289512886021,0.17920756088695017,0.699017199017199,0.19577377252952144,0.32854465958775764,0.12767220902612825,0.4272300469483568
1767329024,308575439,538_1767329024-308575439.png,-195757,201227,0,0,-1.8742053462009804,1.92657590379902,116.55,1606.79,-930.0,-186.0,-426.0,552.0,-677.0,-79.0,-985.1891935682282,-170.43559342610018,-385.6877076844504,577.8841719729646,-751.945521935248,-83.57845730771055,-325.8128826618195,-5.603477716446044,-0.5235987755982988,0.4179661360228784,,,,,,,,,,1.0,0.5000000000291038,0.853279080899952,0.9958937626872699,0.19992729916394036,0.6842751842751843,0.20178164491402528,0.3216739537788882,0.14489311163895485,0.41314553990610325
1767329024,341929443,539_1767329024-341929443.png,-195757,201227,0,0,-1.8742053462009804,1.92657590379902,118.71,1608.64,-970.0,-213.0,-376.0,560.0,-689.0,-78.0,-979.271737837032,-175.56898070661833,-388.1291517530244,574.1349890750384,-740.0797418323887,-82.69672049139476,-305.935364663601,96.94829154014576,-0.5235987755982988,0.4179661360228784,,,,,,,,,,1.0,0.5000000000291038,0.8567257060794637,0.9973216835572982,0.18538713195201745,0.6676904176904177,0.21214004557696292,0.32417239225484074,0.13776722090261279,0.41784037558685444
1767329024,375282959,540_1767329024-375282959.png,-195757,201227,0,0,-1.8742053462009804,1.92657590379902,120.07,1610.44,-846.0,-349.0,-458.0,539.0,-628.0,-71.0,-963.1829640852064,-197.20157967845145,-396.0980587656303,569.5727816732833,-725.3621314751674,-81.17816991423348,-326.7837895452977,-3.466027259826781,-0.5235987755982988,0.4179661360228784,,,,,,,,,,1.0,0.5000000000291038,0.8588958034147118,0.9987110119713798,0.23046165030897853,0.5841523341523341,0.1951522684897452,0.3176139912554653,0.1739904988123515,0.4507042253521127
1767329024,441990479,541_1767329024-441990479.png,-195757,201227,0,0,-1.8742053462009804,1.92657590379902,123.05,1612.11,-910.0,-317.0,-516.0,509.0,-689.0,-70.0,-941.1600878216803,-219.35945614252583,-411.49793665139447,560.2136737438246,-707.0911061130805,-78.95858730375916,-320.05835503339773,5.759528160095094,-0.5235987755982988,0.4179661360228784,,,,,,,,,,1.0,0.5000000000291038,0.8636508696345937,1.0,0.20719738276990185,0.6038083538083538,0.18313652372073752,0.30824484697064336,0.13776722090261279,0.4553990610328638
1767329024,475344727,542_1767329024-475344727.png,-195757,201227,0,0,-1.8742053462009804,1.92657590379902,124.82,1611.77,-967.0,-239.0,-484.0,546.0,-722.0,-68.0,-940.9338220271336,-229.1740652200212,-426.6615010767288,555.7591992014649,-707.8855051924788,-77.17276861984313,-306.3860431313515,27.300105333328126,-0.5235987755982988,0.4179661360228784,,,,,,,,,,1.0,0.5000000000291038,0.8664751874900269,0.9997375712995624,0.18647764449291165,0.6517199017199017,0.18976590014501762,0.3198001249219238,0.11817102137767216,0.4647887323943662
1767329024,508697998,543_1767329024-508697998.png,-195757,201227,0,0,-1.8742053462009804,1.92657590379902,127.09,1608.43,-1017.0,-261.0,-287.0,515.0,-698.0,-43.0,-948.556018754692,-232.33259960782684,-415.6448474054605,551.7940603617953,-707.390406469292,-73.82032792767536,-275.2839687764645,57.43203830718982,-0.5235987755982988,0.4179661360228784,,,,,,,,,,1.0,0.5000000000291038,0.8700973352481249,0.997159595242322,0.168302435478008,0.6382063882063882,0.23057799875699192,0.31011867582760777,0.1324228028503563,0.5821596244131455
1767329024,542052246,544_1767329024-542052246.png,-195757,201227,0,0,-1.8742053462009804,1.92657590379902,130.34,1603.44,-806.0,-108.0,-327.0,541.0,-577.0,-46.0,-933.4957706066352,-218.3465270376706,-401.5841246177787,549.5023773504167,-691.6407185094888,-69.6695469569902,-294.92575725913053,36.69259309768665,-0.5235987755982988,0.4179661360228784,,,,,,,,,,1.0,0.5000000000291038,0.8752832296154458,0.9933080681388402,0.24500181752090144,0.7321867321867321,0.22229127822664183,0.31823860087445344,0.20427553444180518,0.568075117370892
1767329024,575405273,545_1767329024-575405273.png,-195757,201227,0,0,-1.8742053462009804,1.92657590379902,141.85,1577.48,-650.0,51.0,-104.0,419.0,-563.0,-50.0,-898.8423635443269,-191.37576702815943,-375.3385756485585,534.8723263945915,-661.8849529691277,-64.54557270910699,-293.7298358380795,48.85314869880664,-0.5235987755982988,0.4179661360228784,,,,,,,,,,1.0,0.5000000000291038,0.8936492739747884,0.9732708650113076,0.30170846964740095,0.8298525798525799,0.26848974518334373,0.2801374141161774,0.21258907363420426,0.5492957746478873
1767329024,608759521,546_1767329024-608759521.png,-195757,201227,0,0,-1.8742053462009804,1.92657590379902,151.08,1553.39,-645.0,75.0,-44.0,386.0,-521.0,-41.0,-855.3857718925157,-147.31713934007607,-323.01656184088046,511.8610504320736,-640.9948423530127,-61.21732382030984,-209.2198304235936,90.01665878295886,-0.5235987755982988,0.4120442183721616,,,,,,,,,,1.0,0.5000000000291038,0.9083772139779798,0.954677019736182,0.3035259905488913,0.8445945945945946,0.2809198259788689,0.2698313554028732,0.23752969121140138,0.5915492957746479
1767329024,642112793,547_1767329024-642112793.png,-195757,201227,0,0,-1.8742053462009804,1.92657590379902,161.46,1499.4,-576.0,-42.0,-313.0,376.0,-362.0,-37.0,-816.4204496080769,-128.706238875134,-314.17346643445927,492.26676670665137,-604.5552515039003,-57.78545195806458,-161.54759460687643,119.0812277793883,-0.5235987755982988,0.3966910436164172,,,,,,,,,,1.0,0.5000000000291038,0.9249401627573,0.9130048858049229,0.32860777898945837,0.7727272727272727,0.22519163041226437,0.26670830730793255,0.33194774346793343,0.6103286384976525
1767329024,675467041,548_1767329024-675467041.png,-195757,201227,0,0,-1.8742053462009804,1.92657590379902,172.04,1455.64,-513.0,-97.0,-512.0,332.0,-324.0,-26.0,-782.153551083689,-123.3820833545326,-332.04428433702844,474.47055641942046,-572.2973031134399,-54.32032138409432,-128.696446210146,150.2706377506255,-0.5235987755982988,0.4084826505721368,,,,,,,,,,1.0,0.5000000000291038,0.9418222434976862,0.879228768360361,0.351508542348237,0.7389434889434889,0.18396519577377254,0.2529668956901936,0.35451306413301664,0.6619718309859155
1767329024,708820068,549_1767329024-708820068.png,-195757,201227,0,0,-1.8742053462009804,1.92657590379902,182.3,1403.6,-485.0,-33.0,-499.0,318.0,-290.0,-35.0,-739.4652695376036,-111.91986359846376,-356.8167632564495,451.9720147049401,-531.9461971660174,-51.2480261584524,-80.38800045847897,235.59269642829884,-0.5235987755982988,0.4241631308923648,,,,,,,,,,1.0,0.5000000000291038,0.9581937131003668,0.8390617402110234,0.36168665939658307,0.7782555282555282,0.18665837994613632,0.2485946283572767,0.3747030878859857,0.6197183098591549
1767329024,742174316,550_1767329024-742174316.png,-195757,201227,0,0,-1.8742053462009804,1.92657590379902,192.09,1340.79,-464.0,-6.0,-428.0,318.0,-309.0,-39.0,-699.756722716916,-97.17051753256716,-369.1741503757637,432.3797024403545,-498.8209971632,-49.34713859930064,-74.57242992520337,222.70021772384632,-0.5235987755982988,0.4241631308923648,,,,,,,,,,1.0,0.5000000000291038,0.9738152225945427,0.7905818970507645,0.36932024718284256,0.7948402948402948,0.20136730888750778,0.2485946283572767,0.36342042755344417,0.6009389671361502
1767329024,808881592,551_1767329024-808881592.png,-195757,201227,0,0,-1.8742053462009804,1.92657590379902,207.28,1148.09,-415.0,-177.0,-512.0,202.0,-205.0,-31.0,-648.4308960046618,-89.54699503504239,-386.1400335135249,393.2239912932092,-455.5794524306398,-45.704056583243954,-84.86380910873417,262.38283014297474,-0.5235987755982988,0.4241631308923648,,,,,,,,,,1.0,0.5000000000291038,0.9980532950374978,0.6418465718321382,0.38713195201744816,0.6898034398034398,0.18396519577377254,0.212367270455965,0.4251781472684085,0.6384976525821596
1767329024,842234619,552_1767329024-842234619.png,-195757,201227,0,0,-1.8742053462009804,1.92657590379902,208.5,1066.32,-358.0,-154.0,-423.0,157.0,-232.0,-12.0,-601.3178171926094,-101.92761211617628,-397.3163258824005,354.83072360501336,-415.4831427257941,-40.905498564662125,-21.462505131959965,304.8123035430907,-0.5235987755982988,0.4241631308923648,,,,,,,,,,1.0,0.5000000000291038,0.9999999999999998,0.5787324693768862,0.40785169029443835,0.7039312039312039,0.20240314895380154,0.19831355402873205,0.40914489311163893,0.7276995305164319
1767329024,875588867,553_1767329024-875588867.png,-195757,201227,0,0,-1.8742053462009804,1.92657590379902,202.37,1034.09,-363.0,72.0,-92.0,77.0,-264.0,4.0,-563.7860161759469,-81.2870993606624,-366.1839996998084,306.82416587806154,-388.8308108951353,-32.400841476354245,-2.108722269535116,265.5810532569884,-0.5235987755982988,0.4241631308923648,,,,,,,,,,1.0,0.5000000000291038,0.99021860539333,0.5538557722736359,0.406034169392948,0.8427518427518428,0.2709757613424487,0.17332916926920675,0.39014251781472686,0.8028169014084507
1767329024,908941895,554_1767329024-908941895.png,-195757,201227,0,0,-1.8742053462009804,1.92657590379902,195.54,898.18,-233.0,-31.0,-290.0,94.0,-148.0,-4.0,-517.321389867725,-64.11843896608455,-336.72021080729513,268.6453150598877,-356.759551525731,-26.834204279863865,-70.99531570076947,194.011927127838,-0.5235987755982988,0.4241631308923648,,,,,,,,,,1.0,0.5000000000291038,0.9793202489229295,0.44895375851928465,0.4532897128316975,0.7794840294840295,0.2299564947172157,0.17863835103060588,0.45902612826603323,0.7652582159624413
1767329024,942295898,555_1767329024-942295898.png,-195757,201227,0,0,-1.8742053462009804,1.92657590379902,188.44,758.79,-62.0,34.0,105.0,-5.0,-265.0,20.0,-447.8688684844229,-50.67215632337172,-281.7149051308838,226.7011946455318,-334.5836151424384,-20.036555523380937,-242.4967206120492,119.97033953666674,-0.5235987755982988,0.4241631308923648,,,,,,,,,,1.0,0.5000000000291038,0.96799106430509,0.3413657098310422,0.515448927662668,0.8194103194103194,0.31178785995442304,0.1477201748906933,0.3895486935866983,0.8779342723004695
1767329025,9002930,556_1767329025-9002930.png,-195757,201227,0,0,-1.8742053462009804,1.92657590379902,159.86,467.52,-168.0,32.0,-369.0,-2.0,-73.0,14.0,-317.51970882414696,-33.64302472211267,-237.7564471780813,130.4662426813642,-265.4637845678223,-6.216752930515271,-347.31193399429327,251.13846802711475,-0.5235987755982988,0.4241631308923648,,,,,,,,,,1.0,0.5000000000291038,0.9223871070687728,0.11654921695906886,0.4769174845510723,0.8181818181818182,0.2135902216697742,0.1486570893191755,0.503562945368171,0.8497652582159625
1767329025,42355957,557_1767329025-42355957.png,-195757,201227,0,0,-1.8742053462009804,1.92657590379902,159.86,467.52,-168.0,32.0,-369.0,-2.0,-73.0,14.0,-312.8656493372552,-31.59977206760455,-241.84162970624303,126.34300181704982,-259.4730164644383,-5.587471536708701,-386.2355526387692,318.07317972183216,-0.5235987755982988,0.4241631308923648,,,,,,,,,,1.0,0.5000000000291038,0.9223871070687728,0.11654921695906886,0.4769174845510723,0.8181818181818182,0.2135902216697742,0.1486570893191755,0.503562945368171,0.8497652582159625
1767329025,75709961,558_1767329025-75709961.png,-195757,201227,0,0,-1.8742053462009804,1.92657590379902,159.86,467.52,-168.0,32.0,-369.0,-2.0,-73.0,14.0,-308.3564554997007,-29.62011918516404,-245.79965386411095,122.3481039545525,-253.6687213775187,-4.977777614438841,-402.39588242769247,364.9321634769439,-0.5235987755982988,0.4591731651246234,,,,,,,,,,1.0,0.5000000000291038,0.9223871070687728,0.11654921695906886,0.4769174845510723,0.8181818181818182,0.2135902216697742,0.1486570893191755,0.503562945368171,0.8497652582159625
1767329025,142416992,559_1767329025-142416992.png,-195757,201227,0,0,-1.8742053462009804,1.92657590379902,154.8,404.32,-99.0,-5.0,-253.0,-4.0,-86.0,1.0,-261.49981496721057,-18.114928421885832,-250.44002885279684,94.02063641168442,-214.9078096086881,-1.120913440560294,-380.31523507833487,345.56356954574574,-0.5235987755982988,0.4793608421288045,,,,,,,,,,1.0,0.5000000000291038,0.9143130684538056,0.06776835264242545,0.5019992729916394,0.7954545454545454,0.23762171120778952,0.14803247970018737,0.49584323040380046,0.7887323943661971
1767329025,175770020,560_1767329025-175770020.png,-195757,201227,0,0,-1.8742053462009804,1.92657590379902,154.01,395.2,-111.0,46.0,-353.0,15.0,-123.0,-1.0,-242.9280793659711,-13.431185738442869,-256.872646164886,83.53888139832485,-201.85936799379013,-0.991489737706692,-382.4957655668259,357.6169445514678,-0.5235987755982988,0.4865388748078531,,,,,,,,,,1.0,0.5000000000291038,0.9130524972075952,0.06072908867774526,0.4976372228280625,0.8267813267813268,0.21690490988191424,0.15396627108057465,0.4738717339667458,0.7793427230046949
1767329025,209124023,561_1767329025-209124023.png,-195757,201227,0,0,-1.8742053462009804,1.92657590379902,152.49,383.52,-386.0,140.0,-622.0,-54.0,121.0,13.0,-257.52569683205115,37.380055678280485,-337.7440904647321,41.45610491385186,-132.37485258576183,3.762002412277748,-373.7822805345059,357.5741009712218,-0.5235987755982988,0.5055278570506884,,,,,,,,,,1.0,0.5000000000291038,0.9106270943034944,0.05171389096859344,0.3976735732460923,0.8845208845208845,0.16117671431530972,0.13241723922548407,0.6187648456057007,0.8450704225352113
1767329025,242477051,562_1767329025-242477051.png,-195757,201227,0,0,-1.8742053462009804,1.92657590379902,152.48,379.63,-386.0,140.0,-622.0,-54.0,121.0,13.0,-258.3808820267663,41.13456002151123,-347.0589481228559,38.266981481133655,-122.68277186909408,4.142931249162288,-377.4345294833184,363.218420267105,-0.5235987755982988,0.5027134657818167,,,,,,,,,,1.0,0.5000000000291038,0.9106111377054411,0.048711397895939285,0.3976735732460923,0.8845208845208845,0.16117671431530972,0.13241723922548407,0.6187648456057007,0.8450704225352113
1767329025,275830811,563_1767329025-275830811.png,-195757,201227,0,0,-1.8742053462009804,1.92657590379902,152.53,378.25,10.0,68.0,-375.0,9.0,42.0,-9.0,-253.091325371153,55.42376990764343,-381.305254366389,25.928867742839387,-82.82849388570344,5.098762422059146,-379.656296402216,366.8980963230132,-0.5235987755982988,0.5220775226744755,,,,,,,,,,1.0,0.5000000000291038,0.9106909206957076,0.04764624611181009,0.5416212286441293,0.8402948402948403,0.21234721359022168,0.15209244222361024,0.5718527315914489,0.7417840375586855
1767329025,342537842,564_1767329025-342537842.png,-195757,201227,0,0,-1.8742053462009804,1.92657590379902,152.51,376.52,-65.0,73.0,-168.0,-72.0,-208.0,29.0,-190.9541366777186,68.01860357648121,-360.6376770164296,12.307759674702886,-74.77276851764697,5.552363059904628,-376.2640642523766,364.2309043407439,-0.5235987755982988,0.5216557907595932,,,,,,,,,,1.0,0.5000000000291038,0.9106590074996009,0.046310947136053854,0.5143584151217738,0.8433660933660934,0.2552309923347835,0.1267957526545909,0.423396674584323,0.92018779342723
1767329025,375890869,565_1767329025-375890869.png,-195757,201227,0,0,-1.8742053462009804,1.92657590379902,152.51,376.52,-65.0,73.0,-168.0,-72.0,-208.0,29.0,-179.5548180475136,68.46943851174301,-343.2032495461228,4.6775933230431015,-86.83032932466793,7.67446156064244,-383.67882901430136,372.4634630680083,-0.5235987755982988,0.514403778208835,,,,,,,,,,1.0,0.5000000000291038,0.9106590074996009,0.046310947136053854,0.5143584151217738,0.8433660933660934,0.2552309923347835,0.1267957526545909,0.423396674584323,0.92018779342723
1767329025,409244873,566_1767329025-409244873.png,-195757,201227,0,0,-1.8742053462009804,1.92657590379902,152.42,375.27,-137.0,-187.0,-215.0,-59.0,-98.0,8.0,-162.3442509900855,36.25086105277154,-284.8219325042807,-14.821352907599303,-110.60365939079736,11.016679532916749,-383.67882901430136,372.4634630680083,-0.5235987755982988,0.5381302987542541,,,,,,,,,,1.0,0.5000000000291038,0.9105153981171212,0.04534613573738608,0.48818611414031254,0.6836609336609336,0.24549409571162215,0.13085571517801375,0.48871733966745845,0.8215962441314554
1767329025,442597900,567_1767329025-442597900.png,-195757,201227,0,0,-1.8742053462009804,1.92657590379902,152.28,374.52,-238.0,-76.0,-199.0,9.0,-131.0,8.0,-163.19430150108127,19.50089331459781,-278.0047598134202,-16.703067477864632,-110.49016332277968,10.74365879609946,-378.50836509466177,372.3804984092711,-0.5235987755982988,0.5348800139929266,,,,,,,,,,1.0,0.5000000000291038,0.9102920057443752,0.04476724889818537,0.45147219193020716,0.7518427518427518,0.24880878392376218,0.15209244222361024,0.4691211401425178,0.8215962441314554
1767329025,475951904,568_1767329025-475951904.png,-195757,201227,0,0,-1.8742053462009804,1.92657590379902,152.24,373.84,-270.0,-8.0,-196.0,-1.0,-172.0,5.0,-175.13007889158814,7.651285733908219,-266.3575791693378,-13.255471209509867,-114.76575521749672,10.249040932110518,-377.4853119850159,370.436775445938,-0.5235987755982988,0.536891208395718,,,,,,,,,,1.0,0.5000000000291038,0.910228179352162,0.0442423914973101,0.4398400581606688,0.7936117936117936,0.24943028796353844,0.14896939412866958,0.44477434679334915,0.8075117370892019
1767329025,509304932,569_1767329025-509304932.png,-195757,201227,0,0,-1.8742053462009804,1.92657590379902,152.27,372.37,-203.0,85.0,-198.0,22.0,-118.0,-8.0,-188.37397083691863,15.202708335539164,-250.86957474089343,-7.783541825595575,-121.14226632976496,7.531253339606237,-367.7346170842648,359.37295818328846,-0.5235987755982988,0.536891208395718,,,,,,,,,,1.0,0.5000000000291038,0.9102760491463219,0.04310777329247681,0.46419483824063973,0.8507371007371007,0.24901595193702095,0.1561524047470331,0.47684085510688834,0.7464788732394366
1767329025,576011719,570_1767329025-576011719.png,-195757,201227,0,0,-1.8742053462009804,1.92657590379902,152.44,369.46,-79.0,25.0,-349.0,-1.0,-17.0,12.0,-161.79972249773184,22.26848707731533,-261.3857915924904,-4.170400985418175,-98.05453289534178,7.220541455403372,-367.1975044608117,359.94797921180714,-0.5235987755982988,0.536891208395718,,,,,,,,,,1.0,0.5000000000291038,0.9105473113132279,0.04086169235637818,0.5092693565976009,0.8138820638820639,0.21773358193494924,0.14896939412866958,0.5368171021377672,0.8403755868544601
1767329025,609365723,571_1767329025-609365723.png,-195757,201227,0,0,-1.8742053462009804,1.92657590379902,152.54,368.13,-82.0,-69.0,-294.0,-23.0,-2.0,21.0,-150.04737987267006,11.4994917492704,-267.6639182011767,-6.320649888986504,-84.41876932904277,8.988818536449802,-390.316790342331,383.080503463745,-0.5235987755982988,0.536891208395718,,,,,,,,,,1.0,0.5000000000291038,0.9107068772937608,0.03983513302819566,0.5081788440567067,0.7561425061425061,0.22912782266418066,0.14209868831980013,0.5457244655581948,0.8826291079812206
1767329025,642718506,572_1767329025-642718506.png,-195757,201227,0,0,-1.8742053462009804,1.92657590379902,152.77,367.95,-88.0,-77.0,-357.0,-1.0,-73.0,21.0,-144.0418563309813,-6.485163501024688,-282.10814479405366,-10.068941158245252,-78.30758750835489,10.8246894568466,-366.4543395638466,363.0155222415923,-0.5235987755982988,0.536891208395718,,,,,,,,,,1.0,0.5000000000291038,0.9110738790489866,0.03969620018678752,0.5059978189749181,0.7512285012285013,0.21607623782887925,0.14896939412866958,0.503562945368171,0.8826291079812206
1767329025,709425293,573_1767329025-709425293.png,-195757,201227,0,0,-1.8742053462009804,1.92657590379902,152.76,367.37,7.0,47.0,-395.0,-42.0,-117.0,-3.0,-121.62668862628038,-5.754016654786611,-301.493882400408,-13.139523702485311,-82.48147974979248,9.993619378760638,-361.03340491652494,357.58312821388233,-0.5235987755982988,0.536891208395718,,,,,,,,,,1.0,0.5000000000291038,0.9110579224509333,0.03924852769780565,0.5405307161032351,0.8273955773955773,0.20820385332504662,0.13616489693941286,0.47743467933491684,0.7699530516431925
1767329025,742779297,574_1767329025-742779297.png,-195757,201227,0,0,-1.8742053462009804,1.92657590379902,152.74,367.25,-143.0,140.0,-366.0,-11.0,-213.0,-24.0,-124.16612377631024,11.563509239039806,-309.15807161096626,-12.885319681432504,-97.98882497383676,5.954722905596211,-380.80013653635984,376.4473428726195,-0.5235987755982988,0.536891208395718,,,,,,,,,,1.0,0.5000000000291038,0.9110260092548268,0.039155905803533536,0.48600508905852413,0.8845208845208845,0.21421172570955047,0.14584634603372892,0.4204275534441805,0.6713615023474179
1767329025,776132080,575_1767329025-776132080.png,-195757,201227,0,0,-1.8742053462009804,1.92657590379902,152.75,368.2,-162.0,123.0,-211.0,-8.0,-189.0,-26.0,-130.19952357666804,31.27334643732786,-296.313812996977,-12.120779799407236,-114.35485294123376,0.485568072561211,-388.5708983242512,382.6004834175109,-0.5235987755982988,0.536891208395718,,,,,,,,,,1.0,0.5000000000291038,0.91104196585288,0.03988916246652105,0.4790985096328607,0.874078624078624,0.24632276776465717,0.14678326046221113,0.4346793349168646,0.6619718309859155
1767329025,809486084,576_1767329025-809486084.png,-195757,201227,0,0,-1.8742053462009804,1.92657590379902,152.86,369.54,-91.0,-3.0,-229.0,-29.0,-96.0,4.0,-127.38668228913784,30.087028702213303,-271.3852561981359,-16.22880822436803,-114.16816928652636,0.751166615561766,-382.3374436497689,377.7676129341125,-0.5235987755982988,0.536891208395718,,,,,,,,,,1.0,0.5000000000291038,0.9112174884314663,0.040923440285892926,0.5049073064340239,0.7966830466830467,0.2425937435259996,0.14022485946283572,0.4899049881235154,0.8028169014084507
1767329025,842838867,577_1767329025-842838867.png,-195757,201227,0,0,-1.8742053462009804,1.92657590379902,152.87,369.97,-51.0,-8.0,-169.0,2.0,-136.0,-3.0,-118.445278348487,24.79580252994421,-259.7565353336519,-15.290875153904802,-115.1313720336475,0.5927558674105449,-378.0656092166901,369.4450683593749,-0.5235987755982988,0.5336666853726715,,,,,,,,,,1.0,0.5000000000291038,0.9112334450295196,0.04125533540703466,0.5194474736459469,0.7936117936117936,0.25502382432152476,0.14990630855715179,0.4661520190023753,0.7699530516431925
1767329025,876192627,578_1767329025-876192627.png,-195757,201227,0,0,-1.8742053462009804,1.92657590379902,152.8,369.49,-66.0,68.0,-106.0,4.0,-148.0,7.0,-108.57182013407666,28.15796195014564,-236.58706379697543,-12.06509942225233,-120.16357627950592,1.1600019751617403,-360.6229238510133,356.6457278728484,-0.5235987755982988,0.5162640208684977,,,,,,,,,,1.0,0.5000000000291038,0.9111217488431465,0.0408848478299462,0.5139949109414758,0.8402948402948403,0.2680754091568262,0.15053091817613992,0.45902612826603323,0.8169014084507042
1767329025,942899170,579_1767329025-942899170.png,-195757,201227,0,0,-1.8742053462009804,1.92657590379902,152.88,366.53,-115.0,-94.0,-78.0,-48.0,-86.0,20.0,-93.5157901448719,-0.3426367159315888,-195.95400018136257,-17.170772727482234,-117.04988865311,3.3758362904225243,-363.4439502656461,361.50653982162464,-0.5235987755982988,0.5229326327710937,,,,,,,,,,1.0,0.5000000000291038,0.9112494016275728,0.0386001744379009,0.49618320610687017,0.7407862407862408,0.2738761135280713,0.13429106808244848,0.49584323040380046,0.8779342723004695
1767329025,976251953,580_1767329025-976251953.png,-195757,201227,0,0,-1.8742053462009804,1.92657590379902,152.9,365.32,-148.0,-85.0,-155.0,-12.0,-81.0,19.0,-101.14945788249622,-15.458856632139405,-184.718229012765,-18.22129139694256,-111.08988788471652,6.129953156123004,-393.3299070894719,389.35458040237415,-0.5235987755982988,0.5294837709593672,,,,,,,,,,1.0,0.5000000000291038,0.9112813148236795,0.037666237003990494,0.4841875681570338,0.7463144963144963,0.25792417650714733,0.14553404122423486,0.498812351543943,0.8732394366197183
1767329026,42958496,581_1767329026-42958496.png,-195757,201227,0,0,-1.8742053462009804,1.92657590379902,153.0,364.41,-202.0,102.0,-303.0,-16.0,-101.0,34.0,-127.159021960164,2.937412791382622,-193.26674286132624,-14.83606303168412,-113.6166147318896,12.130733958947753,-370.9568382501603,372.5384035110473,-0.5235987755982988,0.5333081425430956,,,,,,,,,,1.0,0.5000000000291038,0.9114408808042124,0.03696385430576035,0.4645583424209378,0.8611793611793612,0.22726331054485188,0.14428482198625858,0.4869358669833729,0.9436619718309859
1767329026,76312256,582_1767329026-76312256.png,-195757,201227,0,0,-1.8742053462009804,1.92657590379902,152.98,362.84,-172.0,108.0,-376.0,-32.0,-101.0,27.0,-134.53950226403848,18.137386801197533,-217.9877109250453,-16.90729321927533,-111.77153793660842,14.497241801687084,-390.8264985978604,389.6049072742461,-0.5235987755982988,0.527671679037178,,,,,,,,,,1.0,0.5000000000291038,0.9114089676081059,0.035752051189033546,0.47546346782988,0.8648648648648649,0.21214004557696292,0.13928794503435354,0.4869358669833729,0.9107981220657277
1767329026,109665039,583_1767329026-109665039.png,-195757,201227,0,0,-1.8742053462009804,1.92657590379902,152.94,361.94,-107.0,16.0,-160.0,-68.0,-79.0,7.0,-130.51207512444788,17.824811449311586,-209.5074821067045,-24.379184030916285,-106.97896833870516,13.4008314593834,-370.4044649004937,370.1451811790465,-0.5235987755982988,0.5153984057547435,,,,,,,,,,1.0,0.5000000000291038,0.9113451412158926,0.03505738698199276,0.4990912395492548,0.8083538083538083,0.25688833644085357,0.12804497189256714,0.5,0.8169014084507042
1767329026,143018799,584_1767329026-143018799.png,-195757,201227,0,0,-1.8742053462009804,1.92657590379902,152.77,362.56,-103.0,-10.0,-121.0,-2.0,-65.0,1.0,-128.4496400095453,6.640183273572716,-212.48991034910375,-27.45449126014879,-104.54176194897737,11.257762835389713,-377.5186907649041,379.3225913047789,-0.5235987755982988,0.5251771295852897,,,,,,,,,,1.0,0.5000000000291038,0.9110738790489866,0.035535933435732,0.5005452562704471,0.7923832923832924,0.26496788895794493,0.1486570893191755,0.5083135391923991,0.7887323943661971
1767329026,209725098,585_1767329026-209725098.png,-195757,201227,0,0,-1.8742053462009804,1.92657590379902,152.68,366.98,-149.0,-137.0,-430.0,24.0,77.0,11.0,-104.20261603687618,1.3076256044721868,-183.2995013116989,-14.447016877017116,-57.21683253208643,3.597038413448082,-371.13801878690725,369.64037203788746,-0.5235987755982988,0.5251771295852897,,,,,,,,,,1.0,0.5000000000291038,0.9109302696665069,0.03894750654142129,0.4838240639767357,0.7143734643734644,0.2009529728609903,0.15677701436602123,0.5926365795724465,0.8356807511737089
1767329026,243077881,586_1767329026-243077881.png,-195757,201227,0,0,-1.8742053462009804,1.92657590379902,152.68,366.98,-149.0,-137.0,-430.0,24.0,77.0,11.0,-105.59701207644255,-2.997438404253426,-190.97848092830304,-13.250286994071596,-53.039101531545306,3.827468394043544,-361.5512955188752,358.4089059829711,-0.5235987755982988,0.5251771295852897,,,,,,,,,,1.0,0.5000000000291038,0.9109302696665069,0.03894750654142129,0.4838240639767357,0.7143734643734644,0.2009529728609903,0.15677701436602123,0.5926365795724465,0.8356807511737089
1767329026,276431396,587_1767329026-276431396.png,-195757,201227,0,0,-1.8742053462009804,1.92657590379902,152.67,368.52,-80.0,-130.0,-453.0,56.0,79.0,8.0,-106.52523096080104,-18.489742225470195,-220.78697854360135,-6.863348142673308,-37.4661484907885,4.495807289395086,-389.554663181305,382.5748345851897,-0.5235987755982988,0.5251771295852897,,,,,,,,,,1.0,0.5000000000291038,0.9109143130684536,0.04013615418457997,0.5089058524173028,0.7186732186732187,0.19618810855603896,0.16677076826983137,0.5938242280285035,0.8215962441314554
1767329026,309784180,588_1767329026-309784180.png,-195757,201227,0,0,-1.8742053462009804,1.92657590379902,152.66,370.49,-50.0,-79.0,-371.0,30.0,53.0,1.0,-97.693872765462,-34.57218797039593,-257.15343856867213,2.529904798069334,-17.4293068017743,4.359920371905623,-377.4098525643349,373.8281528949736,-0.5235987755982988,0.5251771295852897,,,,,,,,,,1.0,0.5000000000291038,0.9108983564704004,0.04165669694888044,0.519810977826245,0.75,0.21317588564325668,0.15865084322298564,0.5783847980997625,0.7887323943661971
1767329026,343137939,589_1767329026-343137939.png,-195757,201227,0,0,-1.8742053462009804,1.92657590379902,152.71,371.65,-125.0,-34.0,-157.0,-6.0,-67.0,14.0,-99.6300363933743,-35.722790748453,-248.37650661065717,2.269900405998915,-21.387200652234355,5.413133285032753,-368.2534168362618,361.0621988773345,-0.5235987755982988,0.5251771295852897,,,,,,,,,,1.0,0.5000000000291038,0.9109781394606669,0.042552041926844114,0.4925481643038895,0.7776412776412777,0.2575098404806298,0.14740787008119924,0.5071258907363421,0.8497652582159625
1767329026,409845215,590_1767329026-409845215.png,-195757,201227,0,0,-1.8742053462009804,1.92657590379902,152.77,372.32,-105.0,1.0,-97.0,-34.0,-79.0,20.0,-109.2096806469966,-36.82532308316226,-232.76420143712525,-1.3145719848108344,-32.003135762453304,7.875407273852629,-371.0886000096799,364.3317801952361,-0.5235987755982988,0.5251771295852897,,,,,,,,,,1.0,0.5000000000291038,0.9110738790489866,0.04306918083653008,0.4998182479098509,0.7991400491400491,0.26993992127615496,0.1386633354153654,0.5,0.8779342723004695
1767329026,443198242,591_1767329026-443198242.png,-195757,201227,0,0,-1.8742053462009804,1.92657590379902,152.8,372.83,-175.0,9.0,-188.0,-27.0,-136.0,31.0,-116.79911415038376,-29.337975158378008,-220.1139203218497,-6.131460546748828,-46.89733270086934,11.277684348156969,-371.0886000096799,364.3317801952361,-0.5235987755982988,0.5251771295852897,,,,,,,,,,1.0,0.5000000000291038,0.9111217488431465,0.04346282388718656,0.47437295528898576,0.8040540540540541,0.2510876320696085,0.14084946908182386,0.4661520190023753,0.9295774647887324
1767329026,476552246,592_1767329026-476552246.png,-195757,201227,0,0,-1.8742053462009804,1.92657590379902,152.66,374.43,-157.0,71.0,-197.0,-8.0,-132.0,31.0,-121.57551687075866,-17.416482201825172,-217.36767755703104,-6.35346801596289,-57.008667389346286,13.620959132795935,-384.3269228339196,375.3421504497527,-0.5235987755982988,0.5251771295852897,,,,,,,,,,1.0,0.5000000000291038,0.9108983564704004,0.044697782477481324,0.4809160305343511,0.8421375921375921,0.24922311995027968,0.14678326046221113,0.4685273159144893,0.9295774647887324
1767329026,509905273,593_1767329026-509905273.png,-195757,201227,0,0,-1.8742053462009804,1.92657590379902,151.54,373.41,-212.0,66.0,-435.0,34.0,57.0,29.0,-144.06542594562276,-8.375479748830823,-227.53266099818288,-4.9480180437980765,-58.22335888072133,17.576317481792522,-378.3550435006619,371.79301118850697,-0.5235987755982988,0.5437226022446975,,,,,,,,,,1.0,0.5000000000291038,0.9091112174884313,0.04391049637616842,0.46092330061795705,0.8390663390663391,0.19991713279469653,0.1599000624609619,0.5807600950118765,0.92018779342723
1767329026,543259521,594_1767329026-543259521.png,-195757,201227,0,0,-1.8742053462009804,1.92657590379902,150.05,371.84,-183.0,20.0,-482.0,36.0,61.0,27.0,-152.22304923706255,-0.3177645851211347,-260.7534393020374,0.8703804627761866,-41.12774596654623,19.124368519793364,-375.4276465773583,371.3307590484618,-0.5235987755982988,0.519134731441791,,,,,,,,,,1.0,0.5000000000291038,0.9067336843784903,0.04269869325944162,0.4714649218466012,0.8108108108108109,0.19018023617153512,0.16052467207995003,0.5831353919239904,0.9107981220657277
1767329026,576612549,595_1767329026-576612549.png,-195757,201227,0,0,-1.8742053462009804,1.92657590379902,150.06,373.24,-190.0,-3.0,-264.0,74.0,-66.0,6.0,-158.17534105729464,1.1118952357670302,-279.2586893281157,10.380500878616951,-34.972356761666425,18.58482956104769,-372.9843718409539,366.30430436134327,-0.5235987755982988,0.519134731441791,,,,,,,,,,1.0,0.5000000000291038,0.9067496409765436,0.04377928202594958,0.4689203925845147,0.7966830466830467,0.23534286306194324,0.17239225484072454,0.5077197149643705,0.812206572769953
1767329026,643319580,596_1767329026-643319580.png,-195757,201227,0,0,-1.8742053462009804,1.92657590379902,144.96,381.57,-154.0,-72.0,-314.0,229.0,-98.0,-3.0,-163.94958724134156,1.7162444261328047,-284.116529152265,35.20505514938361,-44.08634305051491,15.690679262991496,-376.9492383897305,364.1787469387053,-0.5235987755982988,0.519134731441791,,,,,,,,,,1.0,0.5000000000291038,0.8986117759693633,0.05020878518667174,0.4820065430752453,0.7542997542997543,0.2249844623990056,0.2207995003123048,0.48871733966745845,0.7699530516431925
1767329026,676673584,597_1767329026-676673584.png,-195757,201227,0,0,-1.8742053462009804,1.92657590379902,136.19,400.39,-177.0,-126.0,-337.0,315.0,-163.0,-10.0,-163.21045619191636,-10.744997252228464,-289.2026573127827,66.22288075635142,-53.99401216824057,12.739433065904285,-397.598559498787,377.0662105083464,-0.5235987755982988,0.519134731441791,,,,,,,,,,1.0,0.5000000000291038,0.8846178394766234,0.06473498560501392,0.4736459469283896,0.7211302211302211,0.22021959809405428,0.2476577139287945,0.4501187648456057,0.7370892018779343
1767329026,710026611,598_1767329026-710026611.png,-195757,201227,0,0,-1.8742053462009804,1.92657590379902,126.85,420.18,-116.0,-16.0,-240.0,412.0,-100.0,-39.0,-159.04494326010106,-23.43618639513905,-288.36095037249527,133.35198213661388,-70.87271160402004,4.2113518594756725,-373.0266472995282,338.78554320335377,-0.5235987755982988,0.519134731441791,,,,,,,,,,1.0,0.5000000000291038,0.8697143768948459,0.08000987966872239,0.4958197019265721,0.7886977886977887,0.24031489538015333,0.27795128044971895,0.48752969121140144,0.6009389671361502
1767329026,743380615,599_1767329026-743380615.png,-195757,201227,0,0,-1.8742053462009804,1.92657590379902,117.04,431.86,-244.0,0.0,-499.0,513.0,-148.0,-37.0,-167.95808343900043,-20.44769098882036,-312.0612194119152,186.1021278577241,-80.8353812439706,-1.8703284655084016,-368.0496374368668,331.8299810886382,-0.5235987755982988,0.519134731441791,,,,,,,,,,1.0,0.5000000000291038,0.8540609542045634,0.08902507737787421,0.44929116684841874,0.7985257985257985,0.18665837994613632,0.30949406620861963,0.45902612826603323,0.6103286384976525
1767329026,776733398,600_1767329026-776733398.png,-195757,201227,0,0,-1.8742053462009804,1.92657590379902,106.79,431.86,-404.0,-222.0,-710.0,607.0,-296.0,-38.0,-202.47728468397383,-49.92306899587868,-370.2565139190648,247.65500187154615,-112.30144830464008,-7.153997657762234,-316.8402899801732,263.6874816417693,-0.5235987755982988,0.519134731441791,,,,,,,,,,1.0,0.5000000000291038,0.8377054411999361,0.08902507737787421,0.39113049800072697,0.6621621621621622,0.14294592914853949,0.33885071830106184,0.3711401425178147,0.6056338028169014
1767329026,810087402,601_1767329026-810087402.png,-195757,201227,0,0,-1.8742053462009804,1.92657590379902,87.14,562.66,-526.0,-422.0,-625.0,689.0,-315.0,-39.0,-252.71976482189467,-94.95429947438204,-414.7054678376818,318.96756871009063,-145.91421004724688,-10.815545808895877,-199.3346463143826,89.47903633117663,-0.5235987755982988,0.519134731441791,,,,,,,,,,1.0,0.5000000000291038,0.8063507260252113,0.18998294213447156,0.346782988004362,0.5393120393120393,0.16055521027553346,0.3644597126795752,0.35985748218527314,0.6009389671361502
1767329026,843440430,602_1767329026-843440430.png,-195757,201227,0,0,-1.8742053462009804,1.92657590379902,78.31,614.27,-702.0,-393.0,-510.0,764.0,-335.0,-43.0,-298.1630701740439,-141.87938524909512,-441.8797506765938,375.4162923870941,-171.26415955860463,-15.06179881375847,-181.78435659408572,104.7429573535918,-0.5235987755982988,0.519134731441791,,,,,,,,,,1.0,0.5000000000291038,0.7922610499441518,0.2298180751626672,0.2828062522719011,0.5571253071253072,0.18437953180029004,0.38788257339163024,0.3479809976247031,0.5821596244131455
1767329026,876794434,603_1767329026-876794434.png,-195757,201227,0,0,-1.8742053462009804,1.92657590379902,73.04,666.14,-702.0,-426.0,-541.0,888.0,-276.0,-66.0,-357.2209208046199,-180.6261141830909,-453.7416025666588,439.8427724823901,-191.59339756951496,-20.557077870406676,-164.60590907931334,70.11631727218615,-0.5235987755982988,0.519134731441791,,,,,,,,,,1.0,0.5000000000291038,0.7838519227700653,0.26985388896178575,0.2828062522719011,0.5368550368550369,0.17795732338926873,0.4266083697688944,0.3830166270783848,0.4741784037558685
1767329026,943501221,604_1767329026-943501221.png,-195757,201227,0,0,-1.8742053462009804,1.92657590379902,70.75,769.39,-641.0,-356.0,-728.0,968.0,-299.0,-37.0,-431.1175386119055,-233.1756754200331,-493.4548233507233,550.9039900027003,-208.41228006612369,-27.163708573505392,-153.46596857905394,112.0028665065764,-0.5235987755982988,0.5323386926598084,,,,,,,,,,1.0,0.5000000000291038,0.7801978618158607,0.34954731049174503,0.30498000727008356,0.5798525798525799,0.13921690490988192,0.45159275452841974,0.3693586698337292,0.6103286384976525
1767329026,976854004,605_1767329026-976854004.png,-195757,201227,0,0,-1.8742053462009804,1.92657590379902,70.46,840.13,-812.0,-289.0,-575.0,1031.0,-373.0,-34.0,-467.1338040194316,-249.0522382517994,-522.9927490478453,613.8618566882395,-223.96337173942865,-28.508805619953765,-155.5272705852986,126.72071099281298,-0.5235987755982988,0.5107893811759027,,,,,,,,,,1.0,0.5000000000291038,0.7797351204723152,0.4041479171651525,0.24282079243911303,0.621007371007371,0.17091361093847113,0.47126795752654593,0.3254156769596199,0.6244131455399061
1767329027,10208008,606_1767329027-10208008.png,-195757,201227,0,0,-1.8742053462009804,1.92657590379902,70.54,876.48,-893.0,-308.0,-543.0,1121.0,-442.0,-48.0,-520.0889318286602,-255.4856797893069,-529.602329135992,677.6663067151311,-247.90650493592213,-29.747622130085176,-152.51142638921743,129.50769305229176,-0.5235987755982988,0.5081068770665449,,,,,,,,,,1.0,0.5000000000291038,0.7798627732567416,0.4322046326384118,0.21337695383496907,0.6093366093366094,0.1775429873627512,0.49937539038101186,0.2844418052256532,0.5586854460093896
1767329027,43560791,607_1767329027-43560791.png,-195757,201227,0,0,-1.8742053462009804,1.92657590379902,71.3,912.73,-882.0,-381.0,-696.0,1174.0,-404.0,-57.0,-592.828714100825,-274.5865115228718,-550.4410704215312,771.9935458149694,-281.9315859620049,-34.44120840162037,-109.79580950737004,170.09890460968006,-0.5235987755982988,0.4994810465461484,,,,,,,,,,1.0,0.5000000000291038,0.781075474708792,0.46018416319977773,0.21737549981824789,0.5644963144963144,0.14584628133416203,0.5159275452841974,0.3070071258907363,0.516431924882629
1767329027,110267578,608_1767329027-110267578.png,-195757,201227,0,0,-1.8742053462009804,1.92657590379902,71.81,946.77,-924.0,-474.0,-796.0,1192.0,-448.0,-55.0,-640.1078129472455,-301.1982579484516,-583.6092112813794,832.9223450006468,-305.01088218638205,-37.50262057142498,-109.79580950737004,170.09890460968006,-0.5235987755982988,0.4981161658044738,,,,,,,,,,1.0,0.5000000000291038,0.78188926120951,0.48645790720829896,0.20210832424572878,0.5073710073710074,0.12512948000828675,0.5215490318550905,0.2808788598574822,0.5258215962441315
1767329027,143621338,609_1767329027-143621338.png,-195757,201227,0,0,-1.8742053462009804,1.92657590379902,72.32,1022.06,-775.0,-581.0,-863.0,1205.0,-383.0,-46.0,-659.8346928975924,-342.1169760443349,-624.4678308108372,887.3356612404395,-316.41615330072034,-38.74529286803834,-92.72061541676526,194.5687503814696,-0.5235987755982988,0.4926869281799159,,,,,,,,,,1.0,0.5000000000291038,0.782703047710228,0.5445704273728571,0.25627044711014174,0.4416461916461917,0.11124922311995028,0.5256089943785134,0.31947743467933487,0.568075117370892
1767329027,176974121,610_1767329027-176974121.png,-195757,201227,0,0,-1.8742053462009804,1.92657590379902,73.46,1047.38,-756.0,-553.0,-876.0,1272.0,-400.0,-42.0,-684.116560291671,-386.6922697929393,-670.4148435077018,958.7453929128886,-335.39022680275554,-38.41901781931322,-91.03713002800946,187.28534173965443,-0.5235987755982988,0.4824818629113293,,,,,,,,,,1.0,0.5000000000291038,0.7845220998883037,0.5641136470642719,0.26317702653580516,0.45884520884520885,0.1085560389475865,0.5465334166146159,0.30938242280285033,0.5868544600938967
1767329027,210327881,611_1767329027-210327881.png,-195757,201227,0,0,-1.8742053462009804,1.92657590379902,74.03,1072.54,-759.0,-544.0,-695.0,1280.0,-405.0,-54.0,-694.9004370586987,-410.1988826553036,-684.0988181580129,1005.280348931943,-345.29139673785903,-40.02875190545419,-91.62684345245366,190.0935306549071,-0.5235987755982988,0.4490302836030296,,,,,,,,,,1.0,0.5000000000291038,0.7854316259773415,0.5835333708966571,0.2620865139949109,0.4643734643734644,0.14605344934742076,0.5490318550905684,0.3064133016627078,0.5305164319248826
1767329027,243680664,612_1767329027-243680664.png,-195757,201227,0,0,-1.8742053462009804,1.92657590379902,74.48,1095.22,-813.0,-565.0,-796.0,1323.0,-370.0,-76.0,-710.6903962594042,-432.2612833453117,-697.6931772714546,1050.5648276601585,-349.8648240503447,-44.68582689687576,-90.6608070135117,181.45417284965504,-0.5235987755982988,0.4490302836030296,,,,,,,,,,1.0,0.5000000000291038,0.7861496728897398,0.6010389089140855,0.24245728825881496,0.4514742014742015,0.12512948000828675,0.5624609618988132,0.32719714964370544,0.4272300469483568
1767329027,277034424,613_1767329027-277034424.png,-195757,201227,0,0,-1.8742053462009804,1.92657590379902,75.1,1115.25,-744.0,-537.0,-890.0,1369.0,-382.0,-80.0,-717.4542171590002,-448.3464614922407,-723.2382034529037,1095.8716601539418,-354.2351894169838,-49.85023610820135,-94.1643450558186,182.1547155380248,-0.5235987755982988,0.4490302836030296,,,,,,,,,,1.0,0.5000000000291038,0.7871389819690441,0.6164990467663382,0.26753907669938204,0.4686732186732187,0.10565568676196396,0.5768269831355403,0.32007125890736343,0.4084507042253521
1767329027,310387207,614_1767329027-310387207.png,-195757,201227,0,0,-1.8742053462009804,1.92657590379902,75.44,1141.37,-761.0,-392.0,-870.0,1405.0,-407.0,-63.0,-722.6280383628579,-441.6517485209441,-740.6754670718432,1132.6002399396973,-360.5043543739841,-51.41260386944993,-57.24734956026082,193.46628046035755,-0.5235987755982988,0.4490302836030296,,,,,,,,,,1.0,0.5000000000291038,0.7876815063028562,0.6366597457529002,0.26135950563431476,0.5577395577395577,0.10979904702713902,0.5880699562773266,0.30522565320665085,0.48826291079812206
1767329027,343741211,615_1767329027-343741211.png,-195757,201227,0,0,-1.8742053462009804,1.92657590379902,75.88,1171.72,-882.0,-523.0,-858.0,1454.0,-423.0,-76.0,-742.7932343240558,-449.8588520123585,-780.7875982415148,1199.1721973094589,-370.1596114001485,-55.33382044527189,-70.09090662002568,178.5466842651366,-0.5235987755982988,0.4490302836030296,,,,,,,,,,1.0,0.5000000000291038,0.788383596617201,0.6600853665125541,0.21737549981824789,0.4772727272727273,0.11228506318624407,0.6033728919425358,0.29572446555819476,0.4272300469483568
1767329027,377094727,616_1767329027-377094727.png,-195757,201227,0,0,-1.8742053462009804,1.92657590379902,75.85,1185.8,-765.0,-647.0,-979.0,1465.0,-370.0,-70.0,-755.9807896766363,-468.1544357161228,-799.494715781554,1237.1128113097216,-374.63900338287885,-57.81305795694891,-58.46924668550496,178.39078521728504,-0.5235987755982988,0.4490302836030296,,,,,,,,,,1.0,0.5000000000291038,0.7883357268230412,0.670953002107148,0.2599054889131225,0.4011056511056511,0.08721773358193496,0.6068082448469706,0.32719714964370544,0.4553990610328638
1767329027,443802979,617_1767329027-443802979.png,-195757,201227,0,0,-1.8742053462009804,1.92657590379902,75.8,1215.31,-727.0,-631.0,-918.0,1453.0,-439.0,-61.0,-752.2144910971952,-501.3268647763236,-826.2172592615558,1280.6081108928042,-383.80855021375737,-59.95280587687777,-58.57691597938543,182.05183362960804,-0.5235987755982988,0.4490302836030296,,,,,,,,,,1.0,0.5000000000291038,0.7882559438327748,0.6937302696068972,0.27371864776444926,0.41093366093366096,0.09985498239071888,0.6030605871330418,0.28622327790973867,0.4976525821596244
1767329027,477157471,618_1767329027-477157471.png,-195757,201227,0,0,-1.8742053462009804,1.92657590379902,75.92,1226.99,-869.0,-564.0,-868.0,1489.0,-526.0,-69.0,-761.3560526543113,-516.0407625504375,-837.4314377523059,1319.7179802405783,-408.47666888062565,-60.8847707808636,-66.01142227649693,182.79436016082752,-0.5235987755982988,0.4490302836030296,,,,,,,,,,1.0,0.5000000000291038,0.7884474230094143,0.702745467316049,0.22210105416212284,0.4520884520884521,0.11021338305365652,0.6143035602748282,0.23456057007125886,0.460093896713615
1767329027,510510986,619_1767329027-510510986.png,-195757,201227,0,0,-1.8742053462009804,1.92657590379902,75.9,1233.02,-893.0,-514.0,-849.0,1484.0,-512.0,-70.0,-779.2701896492521,-518.5292227982303,-840.1822693721933,1344.0215735451952,-424.39644343857225,-62.190370102358834,-71.51989504694943,168.31423306465138,-0.5235987755982988,0.4490302836030296,,,,,,,,,,1.0,0.5000000000291038,0.7884155098133077,0.7073997175032225,0.21337695383496907,0.4828009828009828,0.11414957530557282,0.6127420362273579,0.24287410926365793,0.4553990610328638
1767329027,543865479,620_1767329027-543865479.png,-195757,201227,0,0,-1.8742053462009804,1.92657590379902,-418.2,1237.62,-893.0,-515.0,-892.0,1512.0,-475.0,-76.0,-792.7828116740282,-518.0815943002367,-845.1215938657656,1363.1869864224202,-431.456279359022,-63.6612809019874,-535.2188468724489,-1186.0761548280716,-0.5235987755982988,0.4490302836030296,,,,,,,,,,1.0,0.5000000000291038,0.0,0.7109502234503199,0.21337695383496907,0.4821867321867322,0.10524135073544647,0.6214865708931917,0.2648456057007126,0.4272300469483568
1767329027,610573486,621_1767329027-610573486.png,-195757,201227,0,0,-1.8742053462009804,1.92657590379902,-417.38,1242.11,-858.0,-625.0,-1147.0,1506.0,-359.0,-95.0,-810.556870350066,-516.0588065609585,-866.0512104004956,1391.1322416829898,-441.0258695129792,-67.38724590971493,-551.8745008707047,-1186.9406207799911,-0.5235987755982988,0.42018905403851,,,,,,,,,,1.0,0.5000000000291038,0.0013084410403702007,0.7144158259943345,0.22609960014540165,0.41461916461916465,0.052413507354464484,0.6196127420362273,0.333729216152019,0.3380281690140845
1767329027,643926758,622_1767329027-643926758.png,-195757,201227,0,0,-1.8742053462009804,1.92657590379902,-416.85,1238.82,-946.0,-661.0,-1148.0,1489.0,-437.0,-86.0,-826.720155100478,-538.143779375277,-914.6943081930618,1409.444725396827,-433.9097342250172,-71.34465264004041,-542.7676137983799,-1186.4218409061432,-0.5235987755982988,0.42018905403851,,,,,,,,,,1.0,0.5000000000291038,0.0021541407371947763,0.7118764423930409,0.1941112322791712,0.3925061425061425,0.05220633934120572,0.6143035602748282,0.2874109263657957,0.38028169014084506
1767329027,677281250,623_1767329027-677281250.png,-195757,201227,0,0,-1.8742053462009804,1.92657590379902,-416.19,1235.5,-951.0,-643.0,-1109.0,1457.0,-431.0,-81.0,-841.3447140612462,-551.1116738980295,-938.8844983509696,1416.0008364442317,-433.7338767617076,-72.63338521854884,-543.7301435172558,-1184.438570022583,-0.5235987755982988,0.42018905403851,,,,,,,,,,1.0,0.5000000000291038,0.0032072762087123063,0.7093139033181793,0.1922937113776808,0.4035626535626536,0.06028589185829708,0.604309806371018,0.2909738717339667,0.40375586854460094
1767329027,710634766,624_1767329027-710634766.png,-195757,201227,0,0,-1.8742053462009804,1.92657590379902,-415.08,1231.74,-847.0,-490.0,-784.0,1396.0,-490.0,-72.0,-847.9996312561341,-552.6526940504995,-929.6827835366556,1415.351357964409,-438.7487754640599,-72.81291738446973,-542.1648800522089,-1184.6869624853134,-0.5235987755982988,0.42018905403851,,,,,,,,,,1.0,0.5000000000291038,0.004978458592628021,0.7064117506309867,0.23009814612868046,0.4975429975429975,0.12761549616739176,0.58525921299188,0.255938242280285,0.4460093896713615
1767329027,743989258,625_1767329027-743989258.png,-195757,201227,0,0,-1.8742053462009804,1.92657590379902,-414.0,1227.67,-761.0,-543.0,-1118.0,1454.0,-312.0,-93.0,-837.608928643647,-548.1223816653779,-944.1900563941416,1418.8982989430517,-426.4570542493411,-75.74351020293918,-542.3265463411808,-1178.555028796196,-0.5235987755982988,0.42018905403851,,,,,,,,,,1.0,0.5000000000291038,0.006701771182383909,0.7032703247169244,0.26135950563431476,0.464987714987715,0.058421379738968326,0.6033728919425358,0.36163895486935865,0.3474178403755868
1767329027,777342773,626_1767329027-777342773.png,-195757,201227,0,0,-1.8742053462009804,1.92657590379902,82.16,1216.52,-960.0,-412.0,-710.0,1473.0,-391.0,-62.0,-843.3687205544883,-525.4904399614724,-949.6693042290526,1431.705457217388,-413.07991306085125,-76.04517110509077,-69.86050212383275,172.13075065612782,-0.5235987755982988,0.42018905403851,,,,,,,,,,1.0,0.5000000000291038,0.7984043401946703,0.6946642070408077,0.18902217375499814,0.5454545454545454,0.14294592914853949,0.6093066833229231,0.3147268408551068,0.49295774647887325
1767329027,810697266,627_1767329027-810697266.png,-195757,201227,0,0,-1.8742053462009804,1.92657590379902,82.91,1213.53,-886.0,-435.0,-703.0,1478.0,-446.0,-52.0,-855.8900327046874,-510.3029360755434,-914.1906350865158,1438.0508695454434,-414.82861113442647,-73.08614235861546,-67.55613246560101,163.7911546230315,-0.5235987755982988,0.42018905403851,,,,,,,,,,1.0,0.5000000000291038,0.7996010850486674,0.6923563781751942,0.2159214830970556,0.5313267813267813,0.14439610524135074,0.6108682073703935,0.2820665083135392,0.539906103286385
1767329027,844050537,628_1767329027-844050537.png,-195757,201227,0,0,-1.8742053462009804,1.92657590379902,83.49,1211.92,-913.0,-459.0,-704.0,1423.0,-392.0,-50.0,-862.7369699404978,-501.4625865031538,-883.3962343857881,1438.9153984795555,-414.4999708228736,-69.82145891382508,-67.32806578278546,163.45743322372425,-0.5235987755982988,0.42018905403851,,,,,,,,,,1.0,0.5000000000291038,0.8005265677357586,0.6911137010937103,0.2061068702290076,0.5165847665847666,0.144188937228092,0.5936914428482198,0.3141330166270784,0.5492957746478873
1767329027,877405029,629_1767329027-877405029.png,-195757,201227,0,0,-1.8742053462009804,1.92657590379902,84.02,1210.57,-844.0,-428.0,-914.0,1405.0,-396.0,-80.0,-863.8427702424277,-492.4471647573564,-876.1667836084563,1434.9588344588044,-411.57154887358814,-70.48713363522398,-40.9314253032208,183.1412642002105,-0.5235987755982988,0.42018905403851,,,,,,,,,,1.0,0.5000000000291038,0.8013722674325833,0.6900717047831489,0.23118865866957466,0.5356265356265356,0.1006836544437539,0.5880699562773266,0.31175771971496435,0.4084507042253521
1767329027,910758301,630_1767329027-910758301.png,-195757,201227,0,0,-1.8742053462009804,1.92657590379902,84.57,1209.68,-887.0,-425.0,-807.0,1398.0,-384.0,-83.0,-866.0499021647613,-482.6658534962417,-868.9865517355573,1429.7459061684835,-407.86857667059104,-72.23475270686328,-74.95933803915982,166.36621141433704,-0.5235987755982988,0.42018905403851,,,,,,,,,,1.0,0.5000000000291038,0.8022498803255145,0.6893847590672976,0.21555797891675754,0.5374692874692875,0.12285063186244044,0.5858838226108681,0.3188836104513064,0.39436619718309857
1767329027,944112793,631_1767329027-944112793.png,-195757,201227,0,0,-1.8742053462009804,1.92657590379902,84.67,1208.62,-778.0,-499.0,-820.0,1431.0,-420.0,-71.0,-858.6741477923877,-482.5116548127505,-862.7982690693997,1428.960691022788,-408.290804765224,-72.08804757677947,-83.39059704542164,164.93259930610645,-0.5235987755982988,0.42018905403851,,,,,,,,,,1.0,0.5000000000291038,0.8024094463060474,0.6885665990012272,0.25517993456924754,0.49201474201474205,0.12015744769007666,0.5961898813241724,0.2975059382422803,0.4507042253521127
1767329027,977466309,632_1767329027-977466309.png,-195757,201227,0,0,-1.8742053462009804,1.92657590379902,84.75,1208.06,-773.0,-620.0,-888.0,1445.0,-489.0,-75.0,-846.282146137604,-499.29935830216544,-864.6186811393168,1430.9223104729233,-418.2013013973785,-72.40418299030392,-76.49690490961079,167.90342187881458,-0.5235987755982988,0.4184097813247444,,,,,,,,,,1.0,0.5000000000291038,0.8025370990904738,0.688134363494624,0.2569974554707379,0.4176904176904177,0.10607002278848146,0.6005621486570893,0.2565320665083135,0.43192488262910794
1767329028,10820557,633_1767329028-10820557.png,-195757,201227,0,0,-1.8742053462009804,1.92657590379902,85.06,1207.9,-745.0,-550.0,-710.0,1408.0,-427.0,-95.0,-832.2384568062333,-508.6339048323975,-846.8892280984089,1428.5849628304225,-421.1886035325857,-75.7086365637044,-58.7920597493649,176.6925172805785,-0.5235987755982988,0.4231067880387363,,,,,,,,,,1.0,0.5000000000291038,0.8030317536301259,0.6880108676355947,0.2671755725190839,0.4606879606879607,0.14294592914853949,0.5890068707058088,0.29334916864608074,0.3380281690140845
1767329028,44174072,634_1767329028-44174072.png,-195757,201227,0,0,-1.8742053462009804,1.92657590379902,85.95,1206.59,-686.0,-623.0,-803.0,1358.0,-403.0,-104.0,-810.8522776318064,-525.3590115939841,-840.4707871736421,1418.2624888719354,-418.5286689122696,-79.84601725515371,-40.58614325523381,185.46642398834217,-0.5235987755982988,0.4231067880387363,,,,,,,,,,1.0,0.5000000000291038,0.8044518908568692,0.6869997452897907,0.28862231915667025,0.41584766584766586,0.12367930391547546,0.5733916302311055,0.3076009501187648,0.29577464788732394
1767329028,77528320,635_1767329028-77528320.png,-195757,201227,0,0,-1.8742053462009804,1.92657590379902,89.23,1205.16,-825.0,-800.0,-762.0,1204.0,-420.0,-98.0,-795.5388865625717,-542.6151070836889,-841.8879668614803,1401.778198614904,-417.36245787979584,-81.69508318009882,-39.96701234579091,184.6660084724425,-0.5235987755982988,0.4231067880387363,,,,,,,,,,1.0,0.5000000000291038,0.80968565501835,0.6858960010497148,0.23809523809523808,0.3071253071253071,0.13217319245908432,0.5252966895690193,0.2975059382422803,0.32394366197183094
1767329028,144236084,636_1767329028-144236084.png,-195757,201227,0,0,-1.8742053462009804,1.92657590379902,91.21,1203.13,-882.0,-695.0,-753.0,1227.0,-473.0,-111.0,-806.5475167172349,-584.2196008112813,-825.2105556509861,1364.5881455889378,-422.6828763659053,-86.10920181655842,-62.69711723923688,182.2190525531768,-0.5235987755982988,0.4231067880387363,,,,,,,,,,1.0,0.5000000000291038,0.8128450614329024,0.6843291473382784,0.21737549981824789,0.37162162162162166,0.1340377045784131,0.5324797001873829,0.2660332541567696,0.26291079812206575
1767329028,177589355,637_1767329028-177589355.png,-195757,201227,0,0,-1.8742053462009804,1.92657590379902,93.16,1201.44,-576.0,-338.0,-741.0,1349.0,-304.0,-123.0,-781.2249345755935,-558.0039557891525,-813.2245915889598,1358.962234862027,-409.9618849693144,-91.17503806957592,-60.53535419702535,185.9046034812926,-0.5235987755982988,0.4231067880387363,,,,,,,,,,1.0,0.5000000000291038,0.8159565980532949,0.6830247223272795,0.32860777898945837,0.5909090909090909,0.13652372073751814,0.5705808869456589,0.36638954869358664,0.20657276995305163
1767329028,210943848,638_1767329028-210943848.png,-195757,201227,0,0,-1.8742053462009804,1.92657590379902,94.98,1199.28,-589.0,-326.0,-706.0,1324.0,-308.0,-116.0,-752.7570389028405,-524.404414798175,-798.5038673782328,1354.5350051825374,-394.9410787453989,-94.99748507323191,-56.84777829051023,187.6030147075652,-0.5235987755982988,0.4231067880387363,,,,,,,,,,1.0,0.5000000000291038,0.8188606988989946,0.6813575282303815,0.32388222464558336,0.5982800982800983,0.14377460120157448,0.5627732667083073,0.3640142517814727,0.23943661971830987
1767329028,244297119,639_1767329028-244297119.png,-195757,201227,0,0,-1.8742053462009804,1.92657590379902,96.9,1196.63,-589.0,-308.0,-641.0,1292.0,-231.0,-96.0,-728.8089102673604,-492.75703769857233,-775.4702139741953,1345.3897717417913,-370.9660357870098,-95.1440946882206,-53.481132209301045,185.9940161705016,-0.5235987755982988,0.4231067880387363,,,,,,,,,,1.0,0.5000000000291038,0.8219243657252273,0.6793121280652059,0.32388222464558336,0.6093366093366094,0.15724052206339342,0.5527795128044972,0.40973871733966744,0.3333333333333333
1767329028,277651367,640_1767329028-277651367.png,-195757,201227,0,0,-1.8742053462009804,1.92657590379902,99.79,1196.68,-726.0,-307.0,-273.0,1180.0,-526.0,-35.0,-728.3981300965722,-465.5915890341609,-701.9880516172492,1321.2028692721203,-393.6384860384091,-86.8089727607586,-57.50405445694928,184.85042214393604,-0.5235987755982988,0.4231067880387363,,,,,,,,,,1.0,0.5000000000291038,0.8265358225626296,0.6793507205211525,0.27408215194474733,0.60995085995086,0.2334783509426145,0.5178013741411618,0.23456057007125886,0.6197183098591549
1767329028,311004883,641_1767329028-311004883.png,-195757,201227,0,0,-1.8742053462009804,1.92657590379902,100.31,1197.04,-809.0,-193.0,-279.0,1204.0,-552.0,-56.0,-737.3076173938258,-432.1737423969291,-641.6260022151041,1303.0268715965751,-413.68945559203866,-79.88599521645638,-87.54729416966443,172.72339630126942,-0.5235987755982988,0.4231067880387363,,,,,,,,,,1.0,0.5000000000291038,0.8273655656614008,0.6796285862039688,0.24391130498000724,0.6799754299754299,0.23223534286306197,0.5252966895690193,0.21912114014251777,0.5211267605633803
1767329028,344358887,642_1767329028-344358887.png,-195757,201227,0,0,-1.8742053462009804,1.92657590379902,100.34,1197.91,-820.0,-378.0,-672.0,1322.0,-391.0,-73.0,-752.538687711897,-401.4256263943574,-605.1894813319393,1294.0431352424548,-426.58185663693706,-76.68165877344241,-63.13798987865453,181.87759351730332,-0.5235987755982988,0.4231067880387363,,,,,,,,,,1.0,0.5000000000291038,0.8274134354555608,0.6803000949374417,0.23991275899672843,0.5663390663390664,0.15081831365237208,0.5621486570893192,0.3147268408551068,0.4413145539906103
1767329028,377711670,643_1767329028-377711670.png,-195757,201227,0,0,-1.8742053462009804,1.92657590379902,100.06,1199.25,-856.0,-399.0,-741.0,1351.0,-418.0,-78.0,-766.6816346226543,-400.4949007477654,-623.1580962007604,1301.5771859626502,-424.5862618834771,-76.73731311562747,-49.459119111299565,184.67503571510304,-0.5235987755982988,0.4375598497979986,,,,,,,,,,1.0,0.5000000000291038,0.8269666507100685,0.6813343727568135,0.22682660850599778,0.5534398034398035,0.13652372073751814,0.571205496564647,0.29869358669833723,0.41784037558685444
1767329028,411065430,644_1767329028-411065430.png,-195757,201227,0,0,-1.8742053462009804,1.92657590379902,99.68,1200.94,-870.0,-356.0,-806.0,1336.0,-373.0,-62.0,-781.4071027834021,-395.167308825188,-648.1143806115655,1307.0226680594108,-417.0421926716367,-74.58210151312777,-49.45035231113439,185.50253295898423,-0.5235987755982988,0.4358651731658951,,,,,,,,,,1.0,0.5000000000291038,0.8263602999840433,0.6826387977678123,0.22173754998182477,0.5798525798525799,0.1230577998756992,0.5665209244222361,0.3254156769596199,0.49295774647887325
1767329028,444418213,645_1767329028-444418213.png,-195757,201227,0,0,-1.8742053462009804,1.92657590379902,97.7,1206.84,-931.0,-354.0,-786.0,1350.0,-424.0,-56.0,-803.2838414536878,-389.14692634925007,-668.279025577186,1313.3077516235658,-414.030686690232,-73.01577201202225,-65.74796369671826,180.13017725944508,-0.5235987755982988,0.438722494742468,,,,,,,,,,1.0,0.5000000000291038,0.8232008935694909,0.6871927075695242,0.1995637949836423,0.5810810810810811,0.12720116014087426,0.570893191755153,0.29513064133016625,0.5211267605633803
1767329028,477771973,646_1767329028-477771973.png,-195757,201227,0,0,-1.8742053462009804,1.92657590379902,96.02,1207.78,-854.0,-314.0,-733.0,1455.0,-420.0,-69.0,-818.9889522410101,-376.891036427468,-674.8660616969851,1330.115171626802,-415.3641103707863,-70.932001896248,-81.57476544380192,165.83904910087574,-0.5235987755982988,0.440009362788691,,,,,,,,,,1.0,0.5000000000291038,0.8205201850965373,0.6879182457413224,0.22755361686659392,0.6056511056511057,0.13818106484358816,0.6036851967520299,0.2975059382422803,0.460093896713615
1767329028,511124756,647_1767329028-511124756.png,-195757,201227,0,0,-1.8742053462009804,1.92657590379902,94.56,1208.32,-811.0,-586.0,-1036.0,1447.0,-320.0,-100.0,-822.7705824923726,-376.1602066696878,-692.7990740224373,1348.129543321768,-412.9293984220867,-71.61439101345707,-68.75335267186169,166.65508317947376,-0.5235987755982988,0.4400763453157555,,,,,,,,,,1.0,0.5000000000291038,0.8181905217807562,0.6883350442655469,0.2431842966194111,0.43857493857493857,0.07540915682618604,0.6011867582760774,0.3568883610451306,0.3145539906103286
1767329028,577831299,648_1767329028-577831299.png,-195757,201227,0,0,-1.8742053462009804,1.92657590379902,93.41,1208.55,-805.0,-543.0,-998.0,1437.0,-357.0,-99.0,-819.7204878259711,-412.717869490885,-756.4315293582141,1366.5735272249783,-398.8730560524064,-77.13193892431875,-85.81380555033688,162.73983907699574,-0.5235987755982988,0.4383656374138003,,,,,,,,,,1.0,0.5000000000291038,0.8163555130046273,0.6885125695629019,0.2453653217011995,0.464987714987715,0.08328154133001867,0.5980637101811368,0.334916864608076,0.3192488262910798
1767329028,611185059,649_1767329028-611185059.png,-195757,201227,0,0,-1.8742053462009804,1.92657590379902,91.99,1208.71,-792.0,-449.0,-796.0,1433.0,-445.0,-85.0,-815.4431689339121,-426.9152721250214,-769.4894030856466,1379.3087665700762,-401.19361751043454,-80.05850564114853,-85.72815066576008,162.71920537948597,-0.5235987755982988,0.4253635452832651,,,,,,,,,,1.0,0.5000000000291038,0.8140896760810594,0.6886360654219313,0.25009087604507446,0.5227272727272727,0.12512948000828675,0.5968144909431605,0.2826603325415677,0.38497652582159625
1767329028,644537598,650_1767329028-644537598.png,-195757,201227,0,0,-1.8742053462009804,1.92657590379902,91.96,1208.46,-918.0,-268.0,-729.0,1451.0,-470.0,-99.0,-816.5797749113813,-423.9052950814471,-770.5537255863323,1386.2482840730922,-407.176569666774,-81.50360543007585,-62.90855947136884,161.38861846923817,-0.5235987755982988,0.4286939869244338,,,,,,,,,,1.0,0.5000000000291038,0.8140418062868995,0.6884431031421978,0.20428934932751724,0.6339066339066339,0.1390097368966232,0.6024359775140536,0.2678147268408551,0.3192488262910798
1767329028,677891357,651_1767329028-677891357.png,-195757,201227,0,0,-1.8742053462009804,1.92657590379902,91.89,1207.72,-928.0,-254.0,-856.0,1472.0,-456.0,-78.0,-832.0244998253397,-400.2474356196282,-772.2599751289172,1397.0046696319248,-415.5059987367969,-82.77533385889278,-72.98661318421368,166.7675654888152,-0.5235987755982988,0.4195455685622014,,,,,,,,,,1.0,0.5000000000291038,0.8139301101005264,0.6878719347941864,0.2006543075245365,0.6425061425061425,0.11269939921276156,0.6089943785134291,0.27612826603325413,0.41784037558685444
1767329028,711244141,652_1767329028-711244141.png,-195757,201227,0,0,-1.8742053462009804,1.92657590379902,91.63,1206.91,-767.0,-493.0,-936.0,1432.0,-420.0,-63.0,-834.0395526075199,-396.6038521518393,-793.9719334450064,1406.344953136993,-419.24589727370096,-80.59252136168307,-72.89803603291516,166.57956957817066,-0.5235987755982988,0.4129487215401577,,,,,,,,,,1.0,0.5000000000291038,0.8135152385511408,0.6872467370078498,0.25917848055252635,0.49570024570024573,0.09612595815206135,0.5965021861336665,0.2975059382422803,0.48826291079812206
1767329028,744597656,653_1767329028-744597656.png,-195757,201227,0,0,-1.8742053462009804,1.92657590379902,90.78,1205.5,-724.0,-612.0,-1001.0,1495.0,-482.0,-62.0,-819.1265910139845,-424.8397919942803,-822.4652464974757,1417.58203637799,-426.7226075677282,-77.90094551749073,-31.952598452568104,176.7347877025603,-0.5235987755982988,0.4181029360109505,,,,,,,,,,1.0,0.5000000000291038,0.8121589277166107,0.6861584297501524,0.27480916030534347,0.4226044226044226,0.0826600372902424,0.6161773891317927,0.26068883610451304,0.49295774647887325
1767329028,777950439,654_1767329028-777950439.png,-195757,201227,0,0,-1.8742053462009804,1.92657590379902,89.8,1205.44,-904.0,-481.0,-925.0,1486.0,-507.0,-91.0,-826.6015110803407,-436.6458913930545,-839.5446790106423,1427.834460530548,-437.7768087038347,-79.02114991282545,-32.364443242549946,176.9548804759978,-0.5235987755982988,0.4161896022610851,,,,,,,,,,1.0,0.5000000000291038,0.8105951811073877,0.6861121188030165,0.20937840785169026,0.5030712530712531,0.09840480629790763,0.613366645846346,0.24584323040380046,0.3568075117370892
1767329028,844656738,655_1767329028-844656738.png,-195757,201227,0,0,-1.8742053462009804,1.92657590379902,87.46,1208.51,-806.0,-455.0,-227.0,1360.0,-667.0,-72.0,-825.4937913654912,-421.2175485566458,-694.2731058420377,1414.126033047353,-495.32394100698025,-75.34915836978506,-79.42248353362088,159.52198529243458,-0.5235987755982988,0.4160342369496004,,,,,,,,,,1.0,0.5000000000291038,0.8068613371629167,0.6884816955981444,0.24500181752090144,0.519041769041769,0.2430080795525171,0.5740162398500936,0.15083135391923985,0.4460093896713615
1767329028,878010254,656_1767329028-878010254.png,-195757,201227,0,0,-1.8742053462009804,1.92657590379902,86.47,1211.46,-855.0,-557.0,-528.0,1415.0,-548.0,-80.0,-828.9995234460482,-437.3503191846194,-674.5176378147909,1414.22987200617,-501.5825610884899,-75.90174053669777,-55.16020172834401,164.35184669494618,-0.5235987755982988,0.4164149379138729,,,,,,,,,,1.0,0.5000000000291038,0.8052816339556406,0.6907586504990005,0.22719011268629585,0.4563882063882064,0.18065050756163248,0.5911930043722673,0.2214964370546318,0.4084507042253521
1767329028,911362793,657_1767329028-911362793.png,-195757,201227,0,0,-1.8742053462009804,1.92657590379902,86.35,1220.04,-897.0,-486.0,-709.0,1386.0,-433.0,-77.0,-833.3902775094327,-464.7875378056757,-676.1466349603796,1416.174560903206,-489.3640476366033,-77.53544122549253,-60.30378079414373,167.4486207962035,-0.5235987755982988,0.4184229804937647,,,,,,,,,,1.0,0.5000000000291038,0.805090154779001,0.6973811159394562,0.2119229371137768,0.5,0.14315309716179822,0.5821361648969394,0.2897862232779097,0.4225352112676056
1767329028,944716553,658_1767329028-944716553.png,-195757,201227,0,0,-1.8742053462009804,1.92657590379902,88.96,1222.77,-822.0,-444.0,-792.0,1300.0,-411.0,-86.0,-838.0963356884026,-465.31573446722007,-686.0377916693786,1406.4913036512382,-479.7730054318935,-78.27167085299527,-60.30378079414373,167.4486207962035,-0.5235987755982988,0.4180026754817223,,,,,,,,,,1.0,0.5000000000291038,0.809254826870911,0.6994882640341465,0.2391857506361323,0.5257985257985258,0.12595815206132174,0.5552779512804497,0.3028503562945368,0.38028169014084506
1767329029,11422607,659_1767329029-11422607.png,-195757,201227,0,0,-1.8742053462009804,1.92657590379902,94.78,1223.41,-881.0,-471.0,-648.0,1210.0,-359.0,-66.0,-842.3246116817909,-464.839984254437,-687.2406872358683,1377.3946431146496,-461.7095982515418,-77.23098645742967,-77.07785153388981,193.78166079521168,-0.5235987755982988,0.4119851101106366,,,,,,,,,,1.0,0.5000000000291038,0.8185415669379287,0.6999822474702646,0.21773900399854595,0.5092137592137592,0.15579034597058217,0.5271705184259837,0.333729216152019,0.4741784037558685
1767329029,44775146,660_1767329029-44775146.png,-195757,201227,0,0,-1.8742053462009804,1.92657590379902,110.6,1207.41,-697.0,-334.0,-678.0,920.0,-208.0,-48.0,-828.6899147200835,-457.66715372207176,-676.4915617880698,1311.995935835015,-427.8229790335794,-73.07411710157035,-79.47424012422566,189.67068314552296,-0.5235987755982988,0.4119851101106366,,,,,,,,,,1.0,0.5000000000291038,0.8437849050582414,0.6876326615673168,0.28462377317339144,0.5933660933660934,0.14957530557281956,0.43660212367270457,0.423396674584323,0.5586854460093896
1767329029,111481201,661_1767329029-111481201.png,-195757,201227,0,0,-1.8742053462009804,1.92657590379902,122.14,1169.67,-635.0,-337.0,-769.0,794.0,-213.0,-40.0,-795.1746039099447,-433.467743813857,-687.6031000379388,1219.1891534062072,-384.905248730268,-66.92536441753626,-25.11241626739507,278.0261819362639,-0.5235987755982988,0.4119851101106366,,,,,,,,,,1.0,0.5000000000291038,0.8621988192117439,0.658503075818739,0.307161032351872,0.5915233415233415,0.13072301636627306,0.3972517176764522,0.4204275534441805,0.596244131455399
1767329029,144834717,662_1767329029-144834717.png,-195757,201227,0,0,-1.8742053462009804,1.92657590379902,146.48,1087.72,-384.0,-140.0,-707.0,563.0,-228.0,-56.0,-722.957864445595,-393.8109797892349,-673.3176079152083,1087.8199707578633,-347.0422029577516,-63.75055760248824,10.478584468364664,265.76976561546314,-0.5235987755982988,0.4119851101106366,,,,,,,,,,1.0,0.5000000000291038,0.901037178873464,0.5952500405220787,0.39840058160668845,0.7125307125307125,0.14356743318831575,0.32510930668332294,0.41152019002375295,0.5211267605633803
1767329029,178187256,663_1767329029-178187256.png,-195757,201227,0,0,-1.8742053462009804,1.92657590379902,155.92,1028.04,-309.0,-8.0,-673.0,462.0,-136.0,-50.0,-664.4770441610847,-341.0098334392228,-674.2037279120538,999.0691887657096,-318.70242361741384,-61.90422167519745,-45.582959592342426,199.4977681636809,-0.5235987755982988,0.4119851101106366,,,,,,,,,,1.0,0.5000000000291038,0.9161002074357745,0.5491860851040838,0.42566339512904394,0.7936117936117936,0.15061114563911335,0.29356652092442226,0.4661520190023753,0.5492957746478873
1767329029,211540771,664_1767329029-211540771.png,-195757,201227,0,0,-1.8742053462009804,1.92657590379902,167.51,836.2,-163.0,-109.0,-363.0,283.0,-27.0,-26.0,-580.7725083801402,-284.64707356526185,-661.6987705214642,885.9483397265427,-269.92180002508417,-57.94878294550671,-91.03842881321911,166.06573319435108,-0.5235987755982988,0.4119851101106366,,,,,,,,,,1.0,0.5000000000291038,0.9345939045795435,0.4011145501277411,0.47873500545256265,0.7315724815724816,0.21483322974932673,0.23766396002498438,0.5308788598574822,0.6619718309859155
1767329029,244893311,665_1767329029-244893311.png,-195757,201227,0,0,-1.8742053462009804,1.92657590379902,169.88,757.34,-138.0,-10.0,-472.0,194.0,-51.0,-25.0,-495.55531695946047,-240.8100116740915,-612.2528411310127,758.1696481434917,-223.85835471736843,-51.51439971223216,-211.29054862260824,87.95873403549182,-0.5235987755982988,0.4119851101106366,,,,,,,,,,1.0,0.5000000000291038,0.9383756183181744,0.3402465286085876,0.4878226099600145,0.7923832923832924,0.19225191630412264,0.2098688319800125,0.516627078384798,0.6666666666666666
1767329029,311599121,666_1767329029-311599121.png,-195757,201227,0,0,-1.8742053462009804,1.92657590379902,170.04,683.88,-68.0,21.0,-362.0,174.0,-119.0,-25.0,-425.4469130008375,-197.23901260671505,-574.9453615451653,658.295541547891,-202.0648833548963,-46.93227324003372,-252.929602444172,134.62384700775135,-0.5235987755982988,0.4119851101106366,,,,,,,,,,1.0,0.5000000000291038,0.9386309238870272,0.28354649233167895,0.5132679025808796,0.8114250614250614,0.2150403977625855,0.20362273579013118,0.47624703087885983,0.6666666666666666
1767329029,344952881,667_1767329029-344952881.png,-195757,201227,0,0,-1.8742053462009804,1.92657590379902,168.44,613.69,-130.0,-188.0,-362.0,164.0,-101.0,-42.0,-382.2402165137478,-195.88788251879427,-543.8038427147097,586.0088582257985,-187.28497011679195,-46.2109685876716,-320.6348857879639,196.02930092811573,-0.5235987755982988,0.4119851101106366,,,,,,,,,,1.0,0.5000000000291038,0.9360778681984999,0.2293704026736854,0.4907306434023991,0.683046683046683,0.2150403977625855,0.2004996876951905,0.4869358669833729,0.5868544600938967
1767329029,378306396,668_1767329029-378306396.png,-195757,201227,0,0,-1.8742053462009804,1.92657590379902,160.68,474.71,-216.0,-17.0,-336.0,110.0,-7.0,-11.0,-346.4852978735112,-179.58630542718595,-490.5981587472286,497.94274939222777,-160.2727428725625,-42.102204923489495,-383.3650425076485,314.3499436378478,-0.5235987755982988,0.4365691549258098,,,,,,,,,,1.0,0.5000000000291038,0.923695548109143,0.12209881212420595,0.4594692838967648,0.788083538083538,0.22042676610731304,0.18363522798251092,0.5427553444180523,0.7323943661971831
1767329029,411660889,669_1767329029-411660889.png,-195757,201227,0,0,-1.8742053462009804,1.92657590379902,157.37,429.05,-266.0,71.0,-287.0,103.0,-48.0,9.0,-330.46711870696976,-150.41634350302792,-464.9864968120765,440.7803006589992,-140.37052483906265,-36.328069933480776,-393.0943723917008,359.43915796279896,-0.5235987755982988,0.4602269994007714,,,,,,,,,,1.0,0.5000000000291038,0.9184139141535024,0.08685618135366899,0.4412940748818611,0.8421375921375921,0.23057799875699192,0.18144909431605247,0.5184085510688836,0.8262910798122065
1767329029,445014160,670_1767329029-445014160.png,-195757,201227,0,0,-1.8742053462009804,1.92657590379902,155.58,408.52,-161.0,18.0,-440.0,78.0,-49.0,4.0,-311.5364382603507,-122.832710249701,-452.8044962718441,389.1200990552074,-126.95259420492089,-30.15172877751032,-393.0943723917008,359.43915796279896,-0.5235987755982988,0.4821991695086137,,,,,,,,,,1.0,0.5000000000291038,0.9155576831019625,0.07101011894194922,0.4794620138131588,0.8095823095823096,0.19888129272840277,0.1736414740787008,0.517814726840855,0.8028169014084507
1767329029,478368652,671_1767329029-478368652.png,-195757,201227,0,0,-1.8742053462009804,1.92657590379902,154.87,393.91,-162.0,65.0,-457.0,73.0,-8.0,16.0,-289.6122181491521,-97.9834022252231,-452.4705066728347,343.1688085685028,-111.84201161826678,-24.07127284094697,-384.7421444654465,361.5870685577392,-0.5235987755982988,0.4821991695086137,,,,,,,,,,1.0,0.5000000000291038,0.9144247646401786,0.05973340331432017,0.4790985096328607,0.8384520884520884,0.19535943650300397,0.17207995003123047,0.5421615201900237,0.8591549295774648
1767329029,511722168,672_1767329029-511722168.png,-195757,201227,0,0,-1.8742053462009804,1.92657590379902,154.35,383.62,-225.0,51.0,-318.0,49.0,-28.0,4.0,-276.6517088712974,-75.4154637903828,-440.552890189482,301.4867388538162,-98.46604058069444,-19.297221378137493,-382.2675690054894,367.4852969646453,-0.5235987755982988,0.4821991695086137,,,,,,,,,,1.0,0.5000000000291038,0.9135950215414073,0.0517910758804869,0.4561977462740821,0.8298525798525799,0.2241557903459706,0.1645846346033729,0.5302850356294537,0.8028169014084507
1767329029,545076416,673_1767329029-545076416.png,-195757,201227,0,0,-1.8742053462009804,1.92657590379902,154.04,378.08,-275.0,82.0,-380.0,91.0,-49.0,7.0,-275.0387370668769,-53.24502087455007,-429.9969604957197,269.552778279194,-90.65603879703797,-15.533753038406804,-382.2675690054894,367.4852969646453,-0.5235987755982988,0.4821991695086137,,,,,,,,,,1.0,0.5000000000291038,0.913100367001755,0.04751503176159125,0.43802253725917845,0.8488943488943489,0.21131137352392793,0.17770143660212367,0.517814726840855,0.8169014084507042
1767329029,611784180,674_1767329029-611784180.png,-195757,201227,0,0,-1.8742053462009804,1.92657590379902,153.72,370.66,-180.0,8.0,-18.0,110.0,-141.0,0.0,-253.9094583024149,-8.106664477650858,-347.18378825188665,222.1354497599197,-121.70031036508963,-12.068090253062747,-405.19125783443457,397.5798313617705,-0.5235987755982988,0.4821991695086137,,,,,,,,,,1.0,0.5000000000291038,0.9125897558640497,0.041787911299099284,0.4725554343874954,0.8034398034398035,0.28630619432359644,0.18363522798251092,0.46318289786223277,0.784037558685446
1767329029,645137695,675_1767329029-645137695.png,-195757,201227,0,0,-1.8742053462009804,1.92657590379902,153.72,370.66,-180.0,8.0,-18.0,110.0,-141.0,0.0,-251.60889860838856,-7.605316694111785,-336.9373736173683,218.64503998132773,-122.30104657803304,-11.692450075773545,-384.18925160169607,379.122415781021,-0.5235987755982988,0.4821991695086137,,,,,,,,,,1.0,0.5000000000291038,0.9125897558640497,0.041787911299099284,0.4725554343874954,0.8034398034398035,0.28630619432359644,0.18363522798251092,0.46318289786223277,0.784037558685446
1767329029,678491943,676_1767329029-678491943.png,-195757,201227,0,0,-1.8742053462009804,1.92657590379902,153.8,369.16,-198.0,-39.0,-122.0,34.0,-50.0,13.0,-243.2753230685153,-10.90739504686814,-302.6519797094601,193.72677467374663,-114.22359903880523,-8.43795100013955,-384.18925160169607,379.122415781021,-0.5235987755982988,0.4821991695086137,,,,,,,,,,1.0,0.5000000000291038,0.9127174086484761,0.04063013762069792,0.4660123591421301,0.7745700245700246,0.26476072094468617,0.1599000624609619,0.5172209026128266,0.8450704225352113
1767329029,711845215,677_1767329029-711845215.png,-195757,201227,0,0,-1.8742053462009804,1.92657590379902,153.89,367.87,-124.0,-146.0,-71.0,8.0,-77.0,0.0,-227.8619877103341,-27.728739512788,-270.1736221904666,167.2788916272933,-108.03938353365233,-6.847399676555225,-381.6155788302422,377.068216562271,-0.5235987755982988,0.4821991695086137,,,,,,,,,,1.0,0.5000000000291038,0.9128610180309557,0.03963445225727277,0.49291166848418755,0.7088452088452089,0.27532628962088257,0.15178013741411617,0.501187648456057,0.784037558685446
1767329029,745199707,678_1767329029-745199707.png,-195757,201227,0,0,-1.8742053462009804,1.92657590379902,153.97,365.99,-135.0,-116.0,-279.0,30.0,-107.0,6.0,-214.2816809220994,-40.63768996234979,-271.4644078115565,147.2029756382583,-107.88738218621543,-4.968572469206193,-383.65097007155424,382.8433592319488,-0.5235987755982988,0.4821991695086137,,,,,,,,,,1.0,0.5000000000291038,0.912988670815382,0.038183375913676404,0.48891312250090874,0.7272727272727273,0.23223534286306197,0.15865084322298564,0.4833729216152019,0.812206572769953
1767329029,778552979,679_1767329029-778552979.png,-195757,201227,0,0,-1.8742053462009804,1.92657590379902,153.99,363.33,-141.0,-20.0,-307.0,28.0,-105.0,24.0,-198.83748842594267,-41.19627193343478,-284.1318433825123,119.22521295558836,-107.30110253803106,0.9176918158032112,-368.4440785050393,370.40625476837147,-0.5235987755982988,0.4821991695086137,,,,,,,,,,1.0,0.5000000000291038,0.9130205840114887,0.036130257257311366,0.48673209741912027,0.7862407862407862,0.2264346384918169,0.1580262336039975,0.4845605700712589,0.8967136150234741
1767329029,845260742,680_1767329029-845260742.png,-195757,201227,0,0,-1.8742053462009804,1.92657590379902,153.93,362.06,-44.0,40.0,-385.0,38.0,-21.0,13.0,-176.19377115270106,-29.32198073953365,-298.8829869430194,107.34668937371772,-94.68027158742524,2.684630645103455,-378.0670378804208,378.6681878566741,-0.5235987755982988,0.5300731542645798,,,,,,,,,,1.0,0.5000000000291038,0.9129248444231688,0.03515000887626488,0.5219920029080334,0.8230958230958231,0.21027553345763417,0.16114928169893816,0.5344418052256532,0.8450704225352113
1767329029,878614990,681_1767329029-878614990.png,-195757,201227,0,0,-1.8742053462009804,1.92657590379902,153.96,361.72,-164.0,127.0,-473.0,-30.0,62.0,24.0,-174.41053177518793,-6.461168597439722,-324.3461771316753,87.26085851834509,-71.76706233695838,5.8018292134453,-379.6457762420178,376.78779888153065,-0.5235987755982988,0.5180558570927519,,,,,,,,,,1.0,0.5000000000291038,0.9129727142173287,0.03488758017582724,0.4783715012722646,0.8765356265356266,0.1920447482908639,0.13991255465334165,0.583729216152019,0.8967136150234741
1767329029,911968262,682_1767329029-911968262.png,-195757,201227,0,0,-1.8742053462009804,1.92657590379902,153.98,362.13,-306.0,43.0,-424.0,-10.0,46.0,24.0,-191.35170568179527,2.532666545256512,-359.19005150193703,67.99887202209894,-46.95368996347804,7.942986409183675,-381.6519448161126,382.6549334526061,-0.5235987755982988,0.5045609910959046,,,,,,,,,,1.0,0.5000000000291038,0.9130046274134354,0.035204038314590264,0.42675390766993815,0.8249385749385749,0.2021959809405428,0.146158650843223,0.5742280285035629,0.8967136150234741
1767329029,945322510,683_1767329029-945322510.png,-195757,201227,0,0,-1.8742053462009804,1.92657590379902,154.0,362.61,-260.0,70.0,-288.0,47.0,-138.0,6.0,-205.2989908467825,10.10536714239639,-360.3332732325654,60.08539578704904,-44.6363361345698,9.188070888542187,-383.0848945379258,378.0676612854003,-0.5235987755982988,0.5215674457105165,,,,,,,,,,1.0,0.5000000000291038,0.9130365406095419,0.03557452589167873,0.44347509996364953,0.8415233415233415,0.23037083074373318,0.16396002498438475,0.4649643705463183,0.812206572769953
1767329029,978676025,684_1767329029-978676025.png,-195757,201227,0,0,-1.8742053462009804,1.92657590379902,154.06,362.61,-327.0,173.0,-441.0,5.0,-119.0,20.0,-224.12114015801276,34.23606468976528,-364.1489316560344,52.49694516113156,-60.91754866440369,10.218421822304895,-389.8929967284203,390.91127824783314,-0.5235987755982988,0.5190583069108928,,,,,,,,,,1.0,0.5000000000291038,0.9131322801978616,0.03557452589167873,0.4191203198836786,0.9047911547911548,0.198674124715144,0.150843222985634,0.47624703087885983,0.8779342723004695
1767329030,12030273,685_1767329030-12030273.png,-195757,201227,0,0,-1.8742053462009804,1.92657590379902,154.16,359.4,-254.0,164.0,-381.0,-16.0,-77.0,15.0,-227.67114818432415,49.6537551342228,-366.1510638722355,44.35859227933502,-62.82835890368532,10.78653723899157,-389.8929967284203,390.91127824783314,-0.5235987755982988,0.5233583792298532,,,,,,,,,,1.0,0.5000000000291038,0.9132918461783947,0.03309689021989978,0.445656125045438,0.8992628992628993,0.21110420551066916,0.14428482198625858,0.501187648456057,0.8544600938967136
1767329030,45383545,686_1767329030-45383545.png,-195757,201227,0,0,-1.8742053462009804,1.92657590379902,154.24,355.2,-207.0,78.0,-284.0,-9.0,-44.0,20.0,-225.93729920502807,56.15800914081394,-356.79770254864616,36.36333502818556,-60.98000438992853,11.996788582725728,-375.996709316969,376.942981481552,-0.5235987755982988,0.5218933243371108,,,,,,,,,,1.0,0.5000000000291038,0.913419498962821,0.029855123920376064,0.4627408215194474,0.8464373464373465,0.2311995027967682,0.14647095565271706,0.5207838479809976,0.8779342723004695
1767329030,78737793,687_1767329030-78737793.png,-195757,201227,0,0,-1.8742053462009804,1.92657590379902,154.23,352.72,-172.0,156.0,-452.0,-1.0,-51.0,0.0,-219.0094060151648,68.61966465180139,-366.112279631578,30.67982497119844,-59.32851110618536,10.790925448464073,-388.8434484004975,392.7910940647124,-0.5235987755982988,0.5234537288127716,,,,,,,,,,1.0,0.5000000000291038,0.9134035423647677,0.027940938105419172,0.47546346782988,0.8943488943488943,0.19639527656929773,0.14896939412866958,0.516627078384798,0.784037558685446
1767329030,112091064,688_1767329030-112091064.png,-195757,201227,0,0,-1.8742053462009804,1.92657590379902,154.34,347.52,-134.0,121.0,-573.0,-54.0,73.0,26.0,-189.29925714990847,69.02877462458527,-382.3127048443842,16.895890504124797,-42.41092890657276,9.593680351484917,-381.35017207264906,398.12934684753407,-0.5235987755982988,0.5228304129844225,,,,,,,,,,1.0,0.5000000000291038,0.913579064943354,0.023927322686961155,0.4892766266812068,0.8728501228501229,0.17132794696498863,0.13241723922548407,0.5902612826603325,0.9061032863849765
1767329030,145445313,689_1767329030-145445313.png,-195757,201227,0,0,-1.8742053462009804,1.92657590379902,154.3,342.35,-114.0,28.0,-429.0,-37.0,70.0,21.0,-178.51693988418,72.31079487750345,-406.441640665882,5.685746880054549,-22.649866757280297,12.12254060736492,-381.35017207264906,398.12934684753407,-0.5235987755982988,0.5242268670957744,,,,,,,,,,1.0,0.5000000000291038,0.9135152385511408,0.01993686274207121,0.49654671028716824,0.8157248157248157,0.20116014087424905,0.1377264209868832,0.588479809976247,0.8826291079812206
1767329030,178798584,690_1767329030-178798584.png,-195757,201227,0,0,-1.8742053462009804,1.92657590379902,154.26,338.77,-203.0,106.0,-311.0,7.0,-8.0,21.0,-177.941736324774,73.92060005222626,-396.3201203324205,3.536732629533329,-15.90588141417952,13.656712307661564,-383.1418462693692,399.3015987873076,-0.5235987755982988,0.518964961897227,,,,,,,,,,1.0,0.5000000000291038,0.9134514121589276,0.017173642896286617,0.46419483824063973,0.8636363636363636,0.22560596643878186,0.1514678326046221,0.5421615201900237,0.8826291079812206
1767329030,212152832,691_1767329030-212152832.png,-195757,201227,0,0,-1.8742053462009804,1.92657590379902,154.23,338.87,-192.0,135.0,-265.0,13.0,-11.0,21.0,-180.29935552987283,82.05753785258229,-378.3773349973487,4.7560873982614895,-15.1061509778266,14.730608119662646,-383.474465161562,399.0850882530211,-0.5235987755982988,0.522526277850096,,,,,,,,,,1.0,0.5000000000291038,0.9134035423647677,0.017250827808180075,0.46819338422391854,0.8814496314496314,0.2351356950486845,0.1533416614615865,0.5403800475059383,0.8826291079812206
1767329030,278860352,692_1767329030-278860352.png,-195757,201227,0,0,-1.8742053462009804,1.92657590379902,154.49,340.08,-190.0,-53.0,-563.0,-36.0,9.0,-2.0,-183.29520269647344,75.45514674485861,-392.11867857614783,1.317224160905669,-4.795027975281145,13.141191207710108,-391.26477366685873,404.9678413867949,-0.5235987755982988,0.5153501787894161,,,,,,,,,,1.0,0.5000000000291038,0.9138184139141534,0.018184765242090478,0.4689203925845147,0.765970515970516,0.17339962709757614,0.13803872579637727,0.5522565320665083,0.7746478873239436
1767329030,312213623,693_1767329030-312213623.png,-195757,201227,0,0,-1.8742053462009804,1.92657590379902,154.42,340.55,-143.0,-122.0,-403.0,4.0,-52.0,-11.0,-181.5735269790778,49.02733804253664,-411.844261442511,-2.680425508360889,-6.149378844629706,9.972981863247083,-379.9998900294305,395.3344838619231,-0.5235987755982988,0.5253402870730561,,,,,,,,,,1.0,0.5000000000291038,0.9137067177277802,0.018547534327989584,0.48600508905852413,0.7235872235872236,0.2065465092189766,0.15053091817613992,0.5160332541567696,0.7323943661971831
1767329030,345567627,694_1767329030-345567627.png,-195757,201227,0,0,-1.8742053462009804,1.92657590379902,154.43,341.06,-238.0,0.0,-286.0,-37.0,-54.0,15.0,-185.20148165251484,29.562689479783685,-396.1869448567728,-6.225281376589211,-15.49129029082936,8.897649409812585,-391.1135301291943,406.1422426700591,-0.5235987755982988,0.5167481435395057,,,,,,,,,,1.0,0.5000000000291038,0.9137226743258335,0.018941177378646062,0.45147219193020716,0.7985257985257985,0.23078516677025068,0.1377264209868832,0.5148456057007126,0.8544600938967136
1767329030,412274414,695_1767329030-412274414.png,-195757,201227,0,0,-1.8742053462009804,1.92657590379902,154.37,341.74,-113.0,-51.0,-121.0,2.0,-52.0,1.0,-190.1199922796598,25.79560100317385,-347.87304683809293,-7.520951190606806,-24.133489914490035,9.967077236547166,-390.0926200151444,406.3043031692504,-0.5235987755982988,0.5120771263690418,,,,,,,,,,1.0,0.5000000000291038,0.9136269347375139,0.01946603477952133,0.4969102144674663,0.7671990171990172,0.26496788895794493,0.14990630855715179,0.5160332541567696,0.7887323943661971
1767329030,445627197,696_1767329030-445627197.png,-195757,201227,0,0,-1.8742053462009804,1.92657590379902,154.18,342.39,-91.0,-100.0,-69.0,29.0,-110.0,-14.0,-176.85074170746384,10.130189411560757,-309.98852412379097,-3.684989296418225,-33.45795536312739,7.298159589391028,-390.6000553965569,405.5527493953704,-0.5235987755982988,0.5124604251125193,,,,,,,,,,1.0,0.5000000000291038,0.9133237593745012,0.019967736706828526,0.5049073064340239,0.7371007371007371,0.27574062564740004,0.15833853841349158,0.4815914489311164,0.7183098591549295
1767329030,478980957,697_1767329030-478980957.png,-195757,201227,0,0,-1.8742053462009804,1.92657590379902,154.05,343.15,-136.0,-70.0,-401.0,15.0,-32.0,16.0,-167.36091633532578,-5.337726337206576,-307.78776315566927,0.3001298584322033,-37.41824283079284,7.181886715627276,-389.4588777720929,404.6305377483367,-0.5235987755982988,0.5244033674093702,,,,,,,,,,1.0,0.5000000000291038,0.9131163235998084,0.020554342037218537,0.48854961832061067,0.7555282555282555,0.20696084524549413,0.15396627108057465,0.5279097387173397,0.8591549295774648
1767329030,512333740,698_1767329030-512333740.png,-195757,201227,0,0,-1.8742053462009804,1.92657590379902,154.05,344.24,-72.0,-33.0,-337.0,14.0,-20.0,30.0,-153.41516165817504,-9.38310779051607,-312.0598140572077,2.30362390447622,-34.870967167342734,10.51884930248337,-398.8524067401887,408.9173316955565,-0.5235987755982988,0.514853318079553,,,,,,,,,,1.0,0.5000000000291038,0.9131163235998084,0.02139565757685688,0.5118138858596873,0.7782555282555282,0.22021959809405428,0.15365396627108058,0.5350356294536817,0.9248826291079812
1767329030,545687500,699_1767329030-545687500.png,-195757,201227,0,0,-1.8742053462009804,1.92657590379902,154.04,345.63,-124.0,-47.0,-445.0,17.0,40.0,21.0,-149.11343466101445,-14.884270852179652,-331.50122979794764,4.452848802343461,-23.921700101942506,12.051631934812873,-399.07164168357855,408.3275518417357,-0.5235987755982988,0.514853318079553,,,,,,,,,,1.0,0.5000000000291038,0.913100367001755,0.022468527852175485,0.49291166848418755,0.7696560196560197,0.19784545266210898,0.15459088069956278,0.5706650831353919,0.8826291079812206
1767329030,579040527,700_1767329030-579040527.png,-195757,201227,0,0,-1.8742053462009804,1.92657590379902,153.96,346.66,-141.0,54.0,-414.0,92.0,-8.0,26.0,-156.33031332479388,-2.968667623803378,-348.17060465098336,14.26291163028058,-24.01069864640157,13.400776181535408,-379.5443411171437,391.9478349685668,-0.5235987755982988,0.514853318079553,,,,,,,,,,1.0,0.5000000000291038,0.9129727142173287,0.023263532444677743,0.48673209741912027,0.8316953316953317,0.20426766107313032,0.17801374141161774,0.5421615201900237,0.9061032863849765
1767329030,612394287,701_1767329030-612394287.png,-195757,201227,0,0,-1.8742053462009804,1.92657590379902,153.83,351.24,-97.0,-43.0,-313.0,120.0,-77.0,13.0,-150.98446007324503,0.93185490153981,-353.35726902743875,29.41313364057077,-25.47242168658305,14.781430677272397,-382.2808166146279,384.7340650558471,-0.5235987755982988,0.514853318079553,,,,,,,,,,1.0,0.5000000000291038,0.9127652784426359,0.026798601409396522,0.5027262813522355,0.7721130221130221,0.22519163041226437,0.1867582760774516,0.501187648456057,0.8450704225352113
1767329030,645747070,702_1767329030-645747070.png,-195757,201227,0,0,-1.8742053462009804,1.92657590379902,153.52,356.43,-80.0,-58.0,-269.0,125.0,-38.0,-17.0,-140.1164898385628,-8.017851569359792,-342.4007020287406,45.52055989953678,-30.84759351209682,11.758458245177287,-382.2744525671006,382.1343624591826,-0.5235987755982988,0.514853318079553,,,,,,,,,,1.0,0.5000000000291038,0.9122706239029837,0.03080449833666518,0.5089058524173028,0.7628992628992629,0.23430702299564948,0.18831980012492192,0.5243467933491687,0.704225352112676
1767329030,679100830,703_1767329030-679100830.png,-195757,201227,0,0,-1.8742053462009804,1.92657590379902,152.86,360.29,-127.0,-121.0,-512.0,133.0,0.0,-14.0,-136.6007327453647,-25.86882800283295,-365.2526117120933,60.42585532094578,-26.526458115528943,7.227246853568755,-386.7648725509644,386.7289423942565,-0.5235987755982988,0.514853318079553,,,,,,,,,,1.0,0.5000000000291038,0.9112174884314663,0.03378383593575132,0.4918211559432933,0.7242014742014742,0.18396519577377254,0.19081823860087443,0.5469121140142518,0.7183098591549295
1767329030,712453369,704_1767329030-712453369.png,-195757,201227,0,0,-1.8742053462009804,1.92657590379902,151.15,364.7,-111.0,-152.0,-479.0,143.0,27.0,3.0,-132.8568348032903,-44.31448110067749,-381.8872376489052,72.5016491432316,-18.698651061000596,6.609046548400455,-385.9668339788914,383.0729091167449,-0.5235987755982988,0.514853318079553,,,,,,,,,,1.0,0.5000000000291038,0.9084889101643528,0.03718769055025126,0.4976372228280625,0.7051597051597052,0.19080174021131138,0.19394128669581512,0.5629453681710214,0.7981220657276995
1767329030,745807129,705_1767329030-745807129.png,-195757,201227,0,0,-1.8742053462009804,1.92657590379902,145.61,372.96,-242.0,-215.0,-581.0,214.0,-72.0,-3.0,-148.81813074101825,-69.27584331265479,-411.0058518941161,93.19462656105554,-26.49353773816577,5.203802020609843,-377.01956760883337,369.6776273250578,-0.5235987755982988,0.514853318079553,,,,,,,,,,1.0,0.5000000000291038,0.8996489548428274,0.043563164272647975,0.4500181752090149,0.6664619164619164,0.1696706028589186,0.2161149281698938,0.5041567695961995,0.7699530516431925
1767329030,779159912,706_1767329030-779159912.png,-195757,201227,0,0,-1.8742053462009804,1.92657590379902,136.29,396.84,-365.0,-162.0,-468.0,389.0,-239.0,-27.0,-180.43296237426688,-82.8359934402011,-419.3407802700447,136.45374495770122,-57.570871135337626,0.4942591606007711,-363.912032455206,322.8556122779845,-0.5235987755982988,0.514853318079553,,,,,,,,,,1.0,0.5000000000291038,0.8847774054571564,0.0619949212327974,0.40530716103235187,0.699017199017199,0.1930805883571577,0.2707682698313554,0.40498812351543945,0.6572769953051643
1767329030,812513672,707_1767329030-812513672.png,-195757,201227,0,0,-1.8742053462009804,1.92657590379902,125.64,442.91,-407.0,-205.0,-394.0,607.0,-293.0,-42.0,-213.566540008386,-100.70148101448184,-415.6348982530248,205.2672892193455,-92.00045718772792,-5.720178957392374,-335.6900792419911,266.12584018707264,-0.5235987755982988,0.514853318079553,,,,,,,,,,1.0,0.5000000000291038,0.8677836285303973,0.09755401014209744,0.39003998545983276,0.6726044226044225,0.20841102133830539,0.33885071830106184,0.37292161520190026,0.5868544600938967
1767329030,845866455,708_1767329030-845866455.png,-195757,201227,0,0,-1.8742053462009804,1.92657590379902,103.68,553.66,-623.0,-362.0,-883.0,1170.0,-279.0,-57.0,-247.20068156991465,-132.25596297744815,-456.0217195947087,326.64831044639266,-125.45058709805076,-14.01542034118376,-256.09558621048933,223.3059027194976,-0.5235987755982988,0.514853318079553,,,,,,,,,,1.0,0.5000000000291038,0.8327429392053614,0.1830363000640635,0.3115230825154489,0.5761670761670762,0.10710586285477525,0.5146783260462211,0.3812351543942993,0.516431924882629
1767329030,879220215,709_1767329030-879220215.png,-195757,201227,0,0,-1.8742053462009804,1.92657590379902,92.98,627.39,-673.0,-468.0,-813.0,1352.0,-297.0,-42.0,-305.22248992779924,-172.35031683339463,-514.1738826655857,461.1353972478237,-149.009056385091,-19.382295047907533,-215.09540483355528,167.36579942703236,-0.5235987755982988,0.5159843744590599,,,,,,,,,,1.0,0.5000000000291038,0.8156693792883356,0.2399447356030843,0.29334787350054525,0.5110565110565111,0.12160762378288795,0.5715178013741411,0.37054631828978624,0.5868544600938967
1767329030,912572754,710_1767329030-912572754.png,-195757,201227,0,0,-1.8742053462009804,1.92657590379902,82.66,751.53,-835.0,-659.0,-994.0,1511.0,-373.0,-24.0,-383.4421254606524,-240.7296798684212,-582.1971487650627,629.4816162484483,-181.46262042867377,-21.66194120343126,-109.74970263242726,119.93136477470384,-0.5235987755982988,0.5120849370200079,,,,,,,,,,1.0,0.5000000000291038,0.7992021700973351,0.33576208522757967,0.23446019629225734,0.39373464373464373,0.08411021338305366,0.6211742660836976,0.3254156769596199,0.6713615023474179
1767329030,945926514,711_1767329030-945926514.png,-195757,201227,0,0,-1.8742053462009804,1.92657590379902,73.47,885.59,-958.0,-724.0,-1083.0,1731.0,-459.0,-30.0,-444.631242206568,-294.40928416204235,-636.5791613275962,747.7003947715565,-209.4902962769426,-22.307441358849697,-78.3282569944859,168.48188185691822,-0.5235987755982988,0.5160240093779797,,,,,,,,,,1.0,0.5000000000291038,0.784538056486357,0.43923617811190274,0.18974918211559433,0.3538083538083538,0.06567226020302466,0.6898813241723922,0.2743467933491686,0.6431924882629108
1767329031,12632813,712_1767329031-12632813.png,-195757,201227,0,0,-1.8742053462009804,1.92657590379902,67.88,974.34,-985.0,-686.0,-1219.0,1897.0,-422.0,-55.0,-536.5578089555844,-364.1347516235001,-729.8866785262377,937.3538368915964,-248.21360202653935,-26.6071768737664,-82.16415417194371,170.76491451263416,-0.5235987755982988,0.5174253392142234,,,,,,,,,,1.0,0.5000000000291038,0.7756183181745651,0.5077377874173157,0.1799345692475463,0.37714987714987713,0.037497410399834286,0.7417239225484072,0.29631828978622327,0.5258215962441315
1767329031,45985596,713_1767329031-45985596.png,-195757,201227,0,0,-1.8742053462009804,1.92657590379902,65.11,1129.13,-931.0,-956.0,-1149.0,2261.0,-517.0,-121.0,-608.8066195215735,-440.3648032952953,-810.1626012104753,1133.4055594431177,-281.89449361789934,-37.25197322942312,-60.35807001590734,136.13884758949268,-0.5235987755982988,0.5207895681914477,,,,,,,,,,1.0,0.5000000000291038,0.7711983405138023,0.6272123125371453,0.1995637949836423,0.21130221130221127,0.051999171327946986,0.8554028732042473,0.2399049881235154,0.215962441314554
1767329031,79339111,714_1767329031-79339111.png,-195757,201227,0,0,-1.8742053462009804,1.92657590379902,64.16,1190.26,-931.0,-956.0,-1149.0,2261.0,-517.0,-121.0,-647.0875008126167,-501.629158649915,-850.4210144055786,1267.3788547954364,-309.8281711109614,-47.20235851171238,-60.52210658788686,150.37065386772144,-0.5235987755982988,0.507343023104696,,,,,,,,,,1.0,0.5000000000291038,0.7696824636987393,0.6743954491775948,0.1995637949836423,0.21130221130221127,0.051999171327946986,0.8554028732042473,0.2399049881235154,0.215962441314554
1767329031,112691895,715_1767329031-112691895.png,-195757,201227,0,0,-1.8742053462009804,1.92657590379902,63.13,1264.64,-950.0,-1002.0,-1323.0,2383.0,-461.0,-123.0,-692.0766688568032,-575.7252257041062,-911.0133116237596,1430.2990996735114,-339.1880668274472,-58.63248941820786,-71.22188878059391,133.32893919944752,-0.5235987755982988,0.4972868366462107,,,,,,,,,,1.0,0.5000000000291038,0.76803893409925,0.7318055866439229,0.19265721555797888,0.18304668304668303,0.015951937020923956,0.8935040599625234,0.2731591448931116,0.20657276995305163
1767329031,146045410,716_1767329031-146045410.png,-195757,201227,0,0,-1.8742053462009804,1.92657590379902,61.9,1303.74,-883.0,-1072.0,-1127.0,2417.0,-577.0,-125.0,-732.5440159581836,-653.6824726798494,-970.1996415689392,1597.025236376191,-367.3481939337104,-69.93726649610096,-80.33955577015881,134.80553817749012,-0.5235987755982988,0.5046283057521619,,,,,,,,,,1.0,0.5000000000291038,0.7660762725386946,0.7619848871942512,0.21701199563794982,0.14004914004914004,0.056556867619639545,0.9041224234853217,0.20427553444180518,0.19718309859154926
1767329031,179398193,717_1767329031-179398193.png,-195757,201227,0,0,-1.8742053462009804,1.92657590379902,60.65,1330.23,-777.0,-1178.0,-1029.0,2483.0,-643.0,-133.0,-745.95107936942,-738.5688721183336,-985.6536246868632,1746.5721096178518,-411.42117333780527,-80.40352382325682,-82.64684769511227,132.4087336063384,-0.5235987755982988,0.451756839359029,,,,,,,,,,1.0,0.5000000000291038,0.7640816977820327,0.782431170354819,0.2555434387495456,0.07493857493857492,0.07685933291899733,0.9247345409119301,0.16508313539192399,0.15962441314553988
1767329031,246104248,718_1767329031-246104248.png,-195757,201227,0,0,-1.8742053462009804,1.92657590379902,60.69,1372.21,-1058.0,-771.0,-1177.0,2248.0,-448.0,-75.0,-789.1217591213906,-795.1762263690873,-1005.702977740851,1895.500288353683,-444.9817630267138,-84.73529969219916,-95.36669546365742,130.53722858428944,-0.5235987755982988,0.435969460029104,,,,,,,,,,1.0,0.5000000000291038,0.764145524174246,0.8148333963676782,0.15339876408578695,0.324938574938575,0.046198466956701906,0.8513429106808245,0.2808788598574822,0.43192488262910794
1767329031,279458008,719_1767329031-279458008.png,-195757,201227,0,0,-1.8742053462009804,1.92657590379902,61.76,1394.93,-1101.0,-709.0,-1096.0,2098.0,-434.0,-64.0,-824.9597492132949,-786.692536452719,-1018.7245524301144,1923.8064081324876,-444.0733177735555,-82.27166886008023,-88.77367210388188,158.3772449493407,-0.5235987755982988,0.4246464943951737,,,,,,,,,,1.0,0.5000000000291038,0.7658528801659485,0.8323698083498638,0.13776808433296983,0.363022113022113,0.06297907603066089,0.8044971892567145,0.2891923990498812,0.4835680751173709
1767329031,312810547,720_1767329031-312810547.png,-195757,201227,0,0,-1.8742053462009804,1.92657590379902,61.76,1406.41,-1008.0,-744.0,-927.0,1939.0,-431.0,-71.0,-854.278736552661,-779.4891058847679,-1009.9459955922864,1930.3894715337597,-442.2437372636702,-80.43128020370256,-97.87737715244296,156.97673273086536,-0.5235987755982988,0.3996584248968124,,,,,,,,,,1.0,0.5000000000291038,0.7658528801659485,0.8412306362352289,0.1715739731006906,0.3415233415233415,0.0979904702713901,0.754840724547158,0.2909738717339667,0.4507042253521127
1767329031,346164063,721_1767329031-346164063.png,-195757,201227,0,0,-1.8742053462009804,1.92657590379902,71.02,1405.89,-816.0,-602.0,-977.0,1778.0,-425.0,-73.0,-853.9470480261585,-757.4276156593183,-1003.7564901074146,1912.519738400056,-439.8865523589351,-79.34451620603308,-93.198893070221,162.85303783416737,-0.5235987755982988,0.4082640457180189,,,,,,,,,,1.0,0.5000000000291038,0.7806286899632997,0.840829274693383,0.2413667757179207,0.42874692874692877,0.08763206960845246,0.7045596502186133,0.29453681710213775,0.4413145539906103
1767329031,379516602,722_1767329031-379516602.png,-195757,201227,0,0,-1.8742053462009804,1.92657590379902,97.21,1390.09,-755.0,-570.0,-883.0,1517.0,-367.0,-56.0,-835.0053954645819,-737.930797662497,-988.2719851955422,1862.44537478146,-432.674763833646,-75.1986660503756,-43.90492910146718,235.06696701049796,-0.5235987755982988,0.3994200487552777,,,,,,,,,,1.0,0.5000000000291038,0.8224190202648793,0.828634058614222,0.2635405307161032,0.4484029484029484,0.10710586285477525,0.623048094940662,0.32897862232779096,0.5211267605633803
1767329031,412870117,723_1767329031-412870117.png,-195757,201227,0,0,-1.8742053462009804,1.92657590379902,112.98,1366.48,-999.0,-324.0,-1048.0,1372.0,-202.0,-27.0,-843.2620499421306,-686.6456639344087,-985.0123610618876,1789.6236646447617,-406.3919645081892,-69.25621121783232,-47.96090543270116,225.9550402164458,-0.5235987755982988,0.3994200487552777,,,,,,,,,,1.0,0.5000000000291038,0.8475825753949257,0.810410700916185,0.1748455107233733,0.5995085995085995,0.07292314066708103,0.5777638975640225,0.42695961995249404,0.6572769953051643
1767329031,446222412,724_1767329031-446222412.png,-195757,201227,0,0,-1.8742053462009804,1.92657590379902,129.64,1323.29,-883.0,-170.0,-915.0,1292.0,-156.0,-32.0,-855.539020194766,-619.6741255550296,-982.1867929789548,1721.3093186670974,-371.0358950768104,-63.67065251547508,-24.22105997800832,263.3467390537261,-0.5235987755982988,0.3994200487552777,,,,,,,,,,1.0,0.5000000000291038,0.8741662677517152,0.7770745374694155,0.21701199563794982,0.6941031941031941,0.10047648643049514,0.5527795128044972,0.45427553444180524,0.6338028169014085
1767329031,479575928,725_1767329031-479575928.png,-195757,201227,0,0,-1.8742053462009804,1.92657590379902,146.62,1291.55,-705.0,-108.0,-891.0,1250.0,-94.0,-26.0,-838.4061842259779,-546.5465307202545,-969.5097527123376,1653.5361778061497,-332.22222386902376,-58.326198194085954,-33.71751767396932,265.4009382724761,-0.5235987755982988,0.3994200487552777,,,,,,,,,,1.0,0.5000000000291038,0.9012605712462102,0.752576046434443,0.2817157397310069,0.7321867321867321,0.1054485187487052,0.5396627108057463,0.4910926365795724,0.6619718309859155
1767329031,512928223,726_1767329031-512928223.png,-195757,201227,0,0,-1.8742053462009804,1.92657590379902,162.93,1260.34,-421.0,-282.0,-778.0,1311.0,-186.0,-55.0,-785.1536229957995,-503.08621098396986,-944.6024322013265,1601.7699252638938,-308.3150005287317,-57.83976889154872,-27.49938866496091,260.13619303703297,-0.5235987755982988,0.3994200487552777,,,,,,,,,,1.0,0.5000000000291038,0.9272857826711344,0.7284866354325056,0.3849509269356597,0.6253071253071253,0.12885850424694428,0.5587133041848844,0.4364608076009501,0.5258215962441315
1767329031,546281738,727_1767329031-546281738.png,-195757,201227,0,0,-1.8742053462009804,1.92657590379902,176.94,1233.48,-448.0,-290.0,-1038.0,1327.0,-248.0,-35.0,-745.0952648768887,-477.7687201797735,-955.69931197106,1569.1235844987389,-301.14877206096776,-55.12609898202437,-32.08975017070775,274.4208731651305,-0.5235987755982988,0.3994200487552777,,,,,,,,,,1.0,0.5000000000291038,0.9496409765438008,0.7077547680979323,0.3751363140676117,0.6203931203931203,0.07499482079966854,0.5637101811367895,0.39964370546318284,0.6197183098591549
1767329031,579634033,728_1767329031-579634033.png,-195757,201227,0,0,-1.8742053462009804,1.92657590379902,179.88,1213.8,-461.0,-415.0,-1132.0,1347.0,-210.0,-45.0,-703.1920842076547,-465.1607506292656,-978.9035717627944,1536.091256418099,-288.86129044944266,-53.370955185310095,-32.86142340302472,270.45074915885914,-0.5235987755982988,0.3994200487552777,,,,,,,,,,1.0,0.5000000000291038,0.9543322163714694,0.6925647774373065,0.3704107597237368,0.5436117936117937,0.055521027553345786,0.5699562773266708,0.42220902612826605,0.5727699530516432
1767329031,612987549,729_1767329031-612987549.png,-195757,201227,0,0,-1.8742053462009804,1.92657590379902,184.42,1191.03,-561.0,-436.0,-984.0,1434.0,-180.0,-37.0,-682.3976539567981,-460.8962291659094,-979.6488827419366,1521.1612445075332,-272.94121638988173,-50.97683678105573,-34.84440866112714,260.63111519813526,-0.5235987755982988,0.3994200487552777,,,,,,,,,,1.0,0.5000000000291038,0.9615765118876654,0.6749897729991741,0.33406034169392945,0.5307125307125307,0.0861818935156412,0.5971267957526546,0.4400237529691211,0.6103286384976525
1767329031,679693115,730_1767329031-679693115.png,-195757,201227,0,0,-1.8742053462009804,1.92657590379902,183.72,1188.61,-789.0,-668.0,-1022.0,1568.0,-251.0,-58.0,-695.676643610663,-486.9992071051307,-979.3054061083982,1520.6282482923384,-266.6393940465512,-50.642419387670806,-25.854672014713337,249.6342141628264,-0.5235987755982988,0.3994200487552777,,,,,,,,,,1.0,0.5000000000291038,0.9604595500239348,0.6731218981313533,0.2511813885859687,0.3882063882063882,0.07830950901180858,0.6389756402248594,0.3978622327790974,0.511737089201878
1767329031,713045654,731_1767329031-713045654.png,-195757,201227,0,0,-1.8742053462009804,1.92657590379902,180.67,1188.62,-756.0,-749.0,-972.0,1637.0,-250.0,-65.0,-706.3377988512585,-520.7998956149498,-981.0239552611278,1535.7541023564838,-264.233447110268,-52.55009901164495,-23.984031677246143,252.1081085205077,-0.5235987755982988,0.3994200487552777,,,,,,,,,,1.0,0.5000000000291038,0.9555927876176797,0.6731296166225426,0.26317702653580516,0.33845208845208846,0.08866790967474622,0.66052467207995,0.3984560570071259,0.4788732394366197
1767329031,746398926,732_1767329031-746398926.png,-195757,201227,0,0,-1.8742053462009804,1.92657590379902,169.91,1191.68,-625.0,-574.0,-970.0,1748.0,-161.0,-72.0,-698.0359384493752,-533.3799561855528,-979.4666488126624,1563.7487715128016,-251.57753187295663,-55.20248887363518,-3.975076615810445,232.06189823150623,-0.5235987755982988,0.3994200487552777,,,,,,,,,,1.0,0.5000000000291038,0.9384234881123343,0.6754914749264814,0.3107960741548528,0.44594594594594594,0.08908224570126375,0.6951905059337914,0.4513064133016627,0.4460093896713615
1767329031,779751221,733_1767329031-779751221.png,-195757,201227,0,0,-1.8742053462009804,1.92657590379902,150.43,1209.09,-726.0,-406.0,-904.0,1830.0,-244.0,-79.0,-702.125453914919,-514.7516786058429,-968.4302681748412,1602.6858377414426,-250.46937976390024,-57.64664450605273,-27.97870534658437,228.3266258239745,-0.5235987755982988,0.4471129149928132,,,,,,,,,,1.0,0.5000000000291038,0.9073400351045156,0.6889293680871262,0.27408215194474733,0.5491400491400491,0.10275533457634142,0.7207995003123048,0.40201900237529686,0.41314553990610325
1767329031,813104492,734_1767329031-813104492.png,-195757,201227,0,0,-1.8742053462009804,1.92657590379902,143.09,1212.77,-781.0,-666.0,-1132.0,1863.0,-347.0,-79.0,-701.112665963061,-509.2428859410643,-963.8024603024928,1641.330232046308,-252.7293389522014,-60.76939823678911,-20.53471791744237,230.56280279159532,-0.5235987755982988,0.4294246655082804,,,,,,,,,,1.0,0.5000000000291038,0.895627892133397,0.6917697728448042,0.2540894220283533,0.38943488943488946,0.055521027553345786,0.731105559025609,0.340855106888361,0.41314553990610325
1767329031,846456787,735_1767329031-846456787.png,-195757,201227,0,0,-1.8742053462009804,1.92657590379902,138.04,1212.77,-681.0,-729.0,-1055.0,1921.0,-426.0,-98.0,-708.7900590646478,-540.1940348294121,-988.1508618978528,1684.887647559552,-276.170661513183,-65.63951830488134,-36.76784461736684,212.1645658016204,-0.5235987755982988,0.4514617969772015,,,,,,,,,,1.0,0.5000000000291038,0.8875698101164831,0.6917697728448042,0.29043984005816065,0.35073710073710074,0.07147296457426974,0.7492192379762648,0.29394299287410924,0.32394366197183094
1767329031,879810059,736_1767329031-879810059.png,-195757,201227,0,0,-1.8742053462009804,1.92657590379902,135.47,1221.48,-739.0,-674.0,-1071.0,1893.0,-424.0,-84.0,-709.9752061282703,-562.8276593085714,-999.3750616312294,1716.8830451580927,-297.90097033562495,-69.10492212774055,-4.794804900884679,229.42408061027515,-0.5235987755982988,0.4356261375789493,,,,,,,,,,1.0,0.5000000000291038,0.8834689644167862,0.6984925786707215,0.2693565976008724,0.3845208845208845,0.0681582763621297,0.740474703310431,0.29513064133016625,0.3896713615023474
1767329031,913162354,737_1767329031-913162354.png,-195757,201227,0,0,-1.8742053462009804,1.92657590379902,135.41,1229.11,-681.0,-588.0,-882.0,1793.0,-457.0,-71.0,-707.328669573296,-568.8677557683892,-987.393896603704,1730.7573734992272,-320.2627640863672,-69.73863172798944,-5.333476066589406,230.74420738220203,-0.5235987755982988,0.4515450115428211,,,,,,,,,,1.0,0.5000000000291038,0.8833732248284665,0.7043817874481896,0.29043984005816065,0.43734643734643736,0.10731303086803398,0.7092442223610244,0.2755344418052256,0.4507042253521127
1767329031,946515625,738_1767329031-946515625.png,-195757,201227,0,0,-1.8742053462009804,1.92657590379902,137.86,1232.56,-718.0,-512.0,-984.0,1641.0,-368.0,-58.0,-707.5491094655638,-564.2626390298096,-984.1030725985026,1724.3960634060084,-328.45414429203527,-68.71195070962622,-21.18891602754598,235.14763903617848,-0.5235987755982988,0.4408041505445367,,,,,,,,,,1.0,0.5000000000291038,0.8872825913515238,0.7070446669085126,0.27699018538713194,0.48402948402948404,0.0861818935156412,0.6617738913179263,0.32838479809976245,0.511737089201878
1767329032,13221191,739_1767329032-13221191.png,-195757,201227,0,0,-1.8742053462009804,1.92657590379902,149.01,1232.82,-494.0,-498.0,-800.0,1520.0,-273.0,-87.0,-684.7630472284909,-557.214604275457,-961.1349172540912,1693.8105421157893,-334.6284353033599,-71.10353567882893,-31.51503771543508,233.24575662612904,-0.5235987755982988,0.4271581297764241,,,,,,,,,,1.0,0.5000000000291038,0.9050741981809477,0.7072453476794356,0.35841512177390034,0.4926289926289926,0.12430080795525172,0.6239850093691443,0.38479809976247026,0.3755868544600939
1767329032,46573242,740_1767329032-46573242.png,-195757,201227,0,0,-1.8742053462009804,1.92657590379902,157.03,1225.81,-523.0,-434.0,-903.0,1420.0,-246.0,-77.0,-659.490118625745,-542.7627138898821,-946.892136222278,1659.3417982327749,-323.1721797059868,-72.5232264154911,-17.768500238657047,245.1865060329436,-0.5235987755982988,0.4371358959419894,,,,,,,,,,1.0,0.5000000000291038,0.9178713898196903,0.7018346853557066,0.34787350054525623,0.5319410319410319,0.10296250258960019,0.5927545284197376,0.40083135391923985,0.4225352112676056
1767329032,79926514,741_1767329032-79926514.png,-195757,201227,0,0,-1.8742053462009804,1.92657590379902,166.14,1213.13,-531.0,-360.0,-878.0,1318.0,-264.0,-58.0,-640.2535840471307,-520.1597801485328,-938.2106768669432,1615.1086362454084,-313.515446175142,-70.92046393788382,-34.415225088596394,266.6581609249114,-0.5235987755982988,0.4103336947578512,,,,,,,,,,1.0,0.5000000000291038,0.9324078506462421,0.6920476385276207,0.3449654671028717,0.5773955773955775,0.108141702921069,0.5608994378513429,0.39014251781472686,0.511737089201878
1767329032,113278809,742_1767329032-113278809.png,-195757,201227,0,0,-1.8742053462009804,1.92657590379902,174.77,1202.73,-488.0,-262.0,-774.0,1280.0,-252.0,-58.0,-619.1671653496364,-485.0940109580147,-917.048766978176,1567.1440182583924,-304.8484563982228,-69.030951679433,-35.87785205245023,263.339287996292,-0.5235987755982988,0.4379024335193168,,,,,,,,,,1.0,0.5000000000291038,0.9461783947662357,0.6840204076907046,0.3605961468556888,0.6375921375921376,0.1296871762999793,0.5490318550905684,0.3972684085510689,0.511737089201878
1767329032,146631836,743_1767329032-146631836.png,-195757,201227,0,0,-1.8742053462009804,1.92657590379902,181.66,1188.99,-459.0,-360.0,-790.0,1199.0,-178.0,-73.0,-596.5394516538148,-464.112045340012,-898.030067791616,1515.5276693108676,-288.3276121819883,-69.1999656951026,41.087120443582485,258.50240540504444,-0.5235987755982988,0.4275604851663835,,,,,,,,,,1.0,0.5000000000291038,0.9571724908249559,0.6734152007965483,0.37113776808433296,0.5773955773955775,0.12637248808783924,0.523735165521549,0.4412114014251781,0.4413145539906103
1767329032,179984131,744_1767329032-179984131.png,-195757,201227,0,0,-1.8742053462009804,1.92657590379902,189.37,1146.22,-463.0,-415.0,-756.0,1133.0,-165.0,-73.0,-577.0103982003358,-456.9298100771237,-877.2593311175261,1459.5861238807358,-270.29195679502686,-69.7556896564214,41.087120443582485,258.50240540504444,-0.5235987755982988,0.4442763711728747,,,,,,,,,,1.0,0.5000000000291038,0.9694750279240465,0.6404032139797312,0.36968375136314063,0.5436117936117937,0.13341620053863684,0.5031230480949407,0.4489311163895487,0.4413145539906103
1767329032,213337158,745_1767329032-213337158.png,-195757,201227,0,0,-1.8742053462009804,1.92657590379902,191.79,1099.9,-344.0,-410.0,-734.0,991.0,-100.0,-45.0,-536.2374647846046,-451.5706633566127,-846.1816911877863,1363.0187284713322,-236.6272442272104,-65.16481319567087,-13.028973251581244,301.5185062885284,-0.5235987755982988,0.4381300978926676,,,,,,,,,,1.0,0.5000000000291038,0.9733365246529438,0.6046511627906977,0.41294074881861137,0.5466830466830467,0.1379738968303294,0.4587757651467832,0.48752969121140144,0.5727699530516432
1767329032,246689453,746_1767329032-246689453.png,-195757,201227,0,0,-1.8742053462009804,1.92657590379902,192.42,1062.89,-223.0,-258.0,-585.0,886.0,-167.0,-45.0,-493.7478888633914,-427.431661353517,-812.0728435425312,1296.1386259161866,-224.6071221275118,-62.21587406269797,-44.67134225368505,278.66009497642506,-0.5235987755982988,0.432379644377913,,,,,,,,,,1.0,0.5000000000291038,0.9743417903303014,0.5760850268989419,0.45692475463467824,0.64004914004914,0.16884193080588358,0.42598376014990624,0.4477434679334917,0.5727699530516432
1767329032,280042480,747_1767329032-280042480.png,-195757,201227,0,0,-1.8742053462009804,1.92657590379902,192.34,1018.26,-271.0,-309.0,-496.0,748.0,-219.0,-41.0,-467.2824615515447,-413.3603965663792,-774.5191638703809,1231.0124286039547,-223.94092105215472,-59.695144570137074,-45.22228693962102,238.26103472709644,-0.5235987755982988,0.4535756831927762,,,,,,,,,,1.0,0.5000000000291038,0.974214137545875,0.541637400720907,0.4394765539803707,0.6087223587223587,0.1872798839859126,0.38288569643972514,0.41686460807600945,0.5915492957746479
1767329032,346747803,748_1767329032-346747803.png,-195757,201227,0,0,-1.8742053462009804,1.92657590379902,189.44,901.19,-200.0,-192.0,-396.0,474.0,-114.0,-38.0,-428.9316206155501,-374.3146836633812,-699.2568533676096,1099.1280576884894,-212.28673656469888,-54.1261281990295,-42.61913174390798,201.9563305377959,-0.5235987755982988,0.4302056699481755,,,,,,,,,,1.0,0.5000000000291038,0.9695867241104195,0.4512770243672767,0.46528535078153394,0.6805896805896806,0.2079966853117879,0.297314178638351,0.47921615201900236,0.6056338028169014
1767329032,380100342,749_1767329032-380100342.png,-195757,201227,0,0,-1.8742053462009804,1.92657590379902,186.92,800.4,-46.0,19.0,-86.0,321.0,-185.0,-9.0,-365.1767735136873,-313.0439219469365,-602.2088018575632,956.821657625869,-201.2062740504762,-47.47847126056616,-170.54564347863203,126.82087039947496,-0.5235987755982988,0.450650137030314,,,,,,,,,,1.0,0.5000000000291038,0.9655656614009891,0.3734823516698955,0.5212649945474372,0.8101965601965602,0.27221876942200124,0.2495315427857589,0.43705463182897863,0.7417840375586855
1767329032,413453857,750_1767329032-413453857.png,-195757,201227,0,0,-1.8742053462009804,1.92657590379902,184.28,733.72,-35.0,95.0,57.0,224.0,-196.0,-1.0,-317.1928317900339,-255.45539587878395,-509.7271714069187,852.3130395698865,-200.1431859851302,-40.90080234481107,-248.28904289007195,124.48439073562608,-0.5235987755982988,0.4666130575771438,,,,,,,,,,1.0,0.5000000000291038,0.9613531195149192,0.322015452419361,0.5252635405307161,0.8568796068796068,0.3018437953180029,0.2192379762648345,0.4305225653206651,0.7793427230046949
1767329032,446806396,751_1767329032-446806396.png,-195757,201227,0,0,-1.8742053462009804,1.92657590379902,178.5,701.3,-19.0,-12.0,-354.0,211.0,-66.0,16.0,-282.9463375655351,-223.58394533516065,-474.7386240228508,741.200167793842,-171.43512435851522,-33.75950946046331,-278.86556380987173,134.94811129569996,-0.5235987755982988,0.4800918475998255,,,,,,,,,,1.0,0.5000000000291038,0.9521302058401148,0.2969921039835133,0.5310796074154852,0.7911547911547911,0.21669774186865548,0.2151780137414116,0.5077197149643705,0.8591549295774648
1767329032,480159912,752_1767329032-480159912.png,-195757,201227,0,0,-1.8742053462009804,1.92657590379902,175.55,602.5,-15.0,37.0,-208.0,149.0,5.0,21.0,-244.2218358806641,-191.116312768362,-452.5370845322093,661.7328691032548,-153.80610131609387,-26.326954215349573,-374.0369723141194,291.19850516319264,-0.5235987755982988,0.4711626330419989,,,,,,,,,,1.0,0.5000000000291038,0.9474230094143927,0.22073341103281133,0.5325336241366775,0.8212530712530712,0.2469442718044334,0.1958151155527795,0.5498812351543942,0.8826291079812206
1767329032,513512451,753_1767329032-513512451.png,-195757,201227,0,0,-1.8742053462009804,1.92657590379902,172.85,518.46,9.0,27.0,-413.0,139.0,65.0,1.0,-202.4364248891144,-152.59908111359096,-428.8302986330218,572.2191181597511,-120.931558890651,-19.95814887012309,-374.0369723141194,291.19850516319264,-0.5235987755982988,0.4527436279519757,,,,,,,,,,1.0,0.5000000000291038,0.9431147279400031,0.1558672110775786,0.5412577244638312,0.8151105651105651,0.2044748290863891,0.19269206745783884,0.5855106888361045,0.7887323943661971
1767329032,546865967,754_1767329032-546865967.png,-195757,201227,0,0,-1.8742053462009804,1.92657590379902,170.75,476.93,-73.0,60.0,-377.0,114.0,53.0,-18.0,-178.93688121602187,-123.34756032743698,-423.2571127076702,506.601769470012,-94.82663263595704,-18.61276166562188,-397.5856365859509,328.7615783214568,-0.5235987755982988,0.4743617016714749,,,,,,,,,,1.0,0.5000000000291038,0.939763842348811,0.12381231716823995,0.5114503816793893,0.8353808353808354,0.21193287756370416,0.1848844472204872,0.5783847980997625,0.6995305164319249
1767329032,580218506,755_1767329032-580218506.png,-195757,201227,0,0,-1.8742053462009804,1.92657590379902,169.84,445.84,-27.0,150.0,-346.0,145.0,-13.0,-17.0,-155.16382231432615,-80.96886843836701,-411.579904676599,442.43690966584336,-77.12142980717061,-18.38805295283594,-397.8522122502328,338.9355673789977,-0.5235987755982988,0.4743617016714749,,,,,,,,,,1.0,0.5000000000291038,0.9383117919259613,0.09981552806057473,0.5281715739731007,0.8906633906633906,0.21835508597472553,0.19456589631480325,0.5391923990498813,0.704225352112676
1767329032,613572021,756_1767329032-613572021.png,-195757,201227,0,0,-1.8742053462009804,1.92657590379902,169.4,423.16,-153.0,89.0,-435.0,111.0,-68.0,-3.0,-154.90673129331688,-60.77429440273523,-414.3625251251283,403.0577735223623,-76.03768199356132,-16.55974652545656,-395.4075737893582,353.81375288963307,-0.5235987755982988,0.4743617016714749,,,,,,,,,,1.0,0.5000000000291038,0.9376097016116163,0.0823099900431464,0.4823700472555434,0.8531941031941032,0.19991713279469653,0.183947532792005,0.5065320665083135,0.7699530516431925
1767329032,680277832,757_1767329032-680277832.png,-195757,201227,0,0,-1.8742053462009804,1.92657590379902,168.75,389.14,-50.0,34.0,-545.0,133.0,66.0,-10.0,-143.67082083326875,-37.70561800952474,-420.6091176042154,346.88390767362773,-59.92735041330421,-16.352192302807865,-394.8761108815671,376.4676899909972,-0.5235987755982988,0.4743617016714749,,,,,,,,,,1.0,0.5000000000291038,0.9365725227381521,0.056051683017003834,0.519810977826245,0.8194103194103194,0.1771286513362337,0.19081823860087443,0.586104513064133,0.7370892018779343
1767329032,713630127,758_1767329032-713630127.png,-195757,201227,0,0,-1.8742053462009804,1.92657590379902,168.54,387.86,-51.0,79.0,-259.0,133.0,-12.0,4.0,-127.57345862678154,-21.241034488753435,-416.2218523474633,309.9212335808612,-45.22431366857301,-13.987376331491594,-392.3673124313355,374.3071699142455,-0.5235987755982988,0.4743617016714749,,,,,,,,,,1.0,0.5000000000291038,0.9362374341790329,0.05506371614476804,0.5194474736459469,0.847051597051597,0.236378703128237,0.19081823860087443,0.5397862232779097,0.8028169014084507
1767329032,746983643,759_1767329032-746983643.png,-195757,201227,0,0,-1.8742053462009804,1.92657590379902,168.61,386.42,-148.0,-84.0,-388.0,98.0,-63.0,-6.0,-125.86519633040152,-23.28430634356112,-404.3782425813843,275.1878525050995,-45.54208503477932,-12.066994124003724,-402.2452233433724,385.1933081150054,-0.5235987755982988,0.4743617016714749,,,,,,,,,,1.0,0.5000000000291038,0.9363491303654059,0.053952253413502765,0.4841875681570338,0.7469287469287469,0.20965402941785788,0.17988757026858213,0.5095011876484561,0.755868544600939
1767329032,780336182,760_1767329032-780336182.png,-195757,201227,0,0,-1.8742053462009804,1.92657590379902,168.59,385.36,-258.0,-82.0,-340.0,69.0,-114.0,-2.0,-142.17170115839463,-31.925853602154085,-396.280016700268,245.8299894167617,-54.154644288082864,-10.704492336303186,-389.40088701248175,370.9905896186828,-0.5235987755982988,0.4743617016714749,,,,,,,,,,1.0,0.5000000000291038,0.9363172171692994,0.05313409334743249,0.44420210832424567,0.7481572481572482,0.21959809405427805,0.17083073079325423,0.47921615201900236,0.7746478873239436
1767329032,847041748,761_1767329032-847041748.png,-195757,201227,0,0,-1.8742053462009804,1.92657590379902,168.62,384.08,-127.0,-61.0,-225.0,42.0,-71.0,-8.0,-148.35713297089092,-42.81343074704647,-365.977582950549,201.60198740088717,-61.37791814277456,-10.100010921790126,-392.8020158410073,382.4236640930175,-0.5235987755982988,0.4743617016714749,,,,,,,,,,1.0,0.5000000000291038,0.9363650869634592,0.05214612647519665,0.4918211559432933,0.7610565110565111,0.2434224155790346,0.16239850093691444,0.504750593824228,0.7464788732394366
1767329032,880395264,762_1767329032-880395264.png,-195757,201227,0,0,-1.8742053462009804,1.92657590379902,168.72,383.79,-100.0,-67.0,-279.0,26.0,-20.0,5.0,-141.45830643839773,-46.669250701660125,-348.03024866255674,172.11911232710685,-56.98129104687028,-8.192520519171723,-399.78129792213446,385.4000749588012,-0.5235987755982988,0.4743617016714749,,,,,,,,,,1.0,0.5000000000291038,0.9365246529439921,0.05192229023070574,0.5016357688113413,0.7573710073710074,0.23223534286306197,0.15740162398500937,0.5350356294536817,0.8075117370892019
1767329032,913747559,763_1767329032-913747559.png,-195757,201227,0,0,-1.8742053462009804,1.92657590379902,168.69,384.05,-109.0,-94.0,-316.0,28.0,20.0,-9.0,-136.711544387224,-53.590985976092014,-343.34608656279846,151.0428699624136,-45.72340636070667,-8.310607794118479,-386.76097619533545,374.3723666667937,-0.5235987755982988,0.4743617016714749,,,,,,,,,,1.0,0.5000000000291038,0.9364767831498323,0.05212297100162863,0.49836423118865864,0.7407862407862408,0.2245701263724881,0.1580262336039975,0.5587885985748219,0.7417840375586855
1767329032,947100830,764_1767329032-947100830.png,-195757,201227,0,0,-1.8742053462009804,1.92657590379902,168.77,384.11,12.0,141.0,-260.0,85.0,90.0,-34.0,-104.93607919211895,-7.570809234108527,-325.2494180996325,135.08456240396845,-12.594716779802503,-13.919440606430191,-391.0497597754002,374.477254629135,-0.5235987755982988,0.5306664349066589,,,,,,,,,,1.0,0.5000000000291038,0.9366044359342587,0.05216928194876466,0.5423482370047255,0.8851351351351351,0.23617153511497826,0.17582760774515926,0.600356294536817,0.6244131455399061
1767329032,980453369,765_1767329032-980453369.png,-195757,201227,0,0,-1.8742053462009804,1.92657590379902,168.81,384.29,53.0,125.0,-241.0,59.0,-19.0,-24.0,-87.33185680992621,8.63332966796964,-315.77734406449696,126.78074989839618,-10.269998841949548,-15.40024228077842,-395.1676232218743,378.7650516033172,-0.5235987755982988,0.5249255334938877,,,,,,,,,,1.0,0.5000000000291038,0.9366682623264719,0.05230821479017286,0.5572519083969465,0.8753071253071253,0.24010772736689456,0.16770768269831354,0.5356294536817102,0.6713615023474179
1767329033,47158936,766_1767329033-47158936.png,-195757,201227,0,0,-1.8742053462009804,1.92657590379902,168.7,384.25,35.0,55.0,-283.0,38.0,-83.0,-1.0,-62.09934886810425,21.50263826360659,-307.07140906427173,110.25085178974228,-21.36294012660991,-13.744282908982058,-380.0019680857659,366.1991298198699,-0.5235987755982988,0.5249255334938877,,,,,,,,,,1.0,0.5000000000291038,0.9364927397478856,0.052277340825415436,0.5507088331515811,0.8323095823095823,0.23140667081002694,0.16114928169893816,0.497624703087886,0.7793427230046949
1767329033,80512207,767_1767329033-80512207.png,-195757,201227,0,0,-1.8742053462009804,1.92657590379902,168.87,384.46,-16.0,-15.0,-200.0,52.0,-98.0,-9.0,-48.79613523985746,19.15741829109836,-289.5712489566848,101.50191057385705,-31.41933283387719,-13.165585404485991,-379.1227554380894,364.9666962623595,-0.5235987755982988,0.5249255334938877,,,,,,,,,,1.0,0.5000000000291038,0.9367640019147916,0.05243942914039165,0.5321701199563794,0.7893120393120393,0.24860161591050345,0.1655215490318551,0.48871733966745845,0.7417840375586855
1767329033,113864502,768_1767329033-113864502.png,-195757,201227,0,0,-1.8742053462009804,1.92657590379902,168.87,384.74,-79.0,-41.0,-246.0,24.0,-56.0,-12.0,-45.960952427084855,13.35288005821009,-277.9040153608956,93.39111228904316,-39.84888865008559,-12.649782769923192,-396.2016510665417,381.4568893909453,-0.5235987755982988,0.5249255334938877,,,,,,,,,,1.0,0.5000000000291038,0.9367640019147916,0.052655546893693256,0.5092693565976009,0.7733415233415233,0.2390718873006008,0.15677701436602123,0.5136579572446556,0.7276995305164319
1767329033,147217773,769_1767329033-147217773.png,-195757,201227,0,0,-1.8742053462009804,1.92657590379902,168.92,384.42,-147.0,-63.0,-133.0,92.0,-202.0,-29.0,-52.90926070879414,4.719427506058023,-269.7209934500676,85.35984680120973,-46.7553591535402,-13.083911746599789,-382.56505575776106,366.8304636478423,-0.5235987755982988,0.5249255334938877,,,,,,,,,,1.0,0.5000000000291038,0.9368437849050582,0.05240855517563428,0.48455107233733186,0.7598280098280098,0.2624818727988399,0.17801374141161774,0.42695961995249404,0.647887323943662
1767329033,180570068,770_1767329033-180570068.png,-195757,201227,0,0,-1.8742053462009804,1.92657590379902,168.73,384.2,114.0,-192.0,58.0,84.0,-288.0,-22.0,-44.69368051402304,-28.84562475440353,-171.3021866178732,89.5127374656103,-121.16229143095192,-17.126299220771266,-382.5191437005997,366.7926352024077,-0.5235987755982988,0.5249255334938877,,,,,,,,,,1.0,0.5000000000291038,0.9365406095420454,0.05223874836946876,0.579425663395129,0.6805896805896806,0.3020509633312617,0.1755153029356652,0.37589073634204273,0.6807511737089201
1767329033,213923340,771_1767329033-213923340.png,-195757,201227,0,0,-1.8742053462009804,1.92657590379902,168.73,384.2,114.0,-192.0,58.0,84.0,-288.0,-22.0,-39.7540652946361,-33.924086810751774,-164.16475954965253,89.34114397935798,-126.35540360621896,-17.27800158513661,-403.9374105930329,389.47308087348927,-0.5235987755982988,0.5249255334938877,,,,,,,,,,1.0,0.5000000000291038,0.9365406095420454,0.05223874836946876,0.579425663395129,0.6805896805896806,0.3020509633312617,0.1755153029356652,0.37589073634204273,0.6807511737089201
1767329033,247275635,772_1767329033-247275635.png,-195757,201227,0,0,-1.8742053462009804,1.92657590379902,168.67,383.83,-146.0,14.0,-276.0,2.0,-118.0,-6.0,-48.16026597159616,-32.565843042171,-171.35864464996766,78.81734899184667,-129.79633190730183,-16.06754134454068,-403.9374105930329,389.47308087348927,-0.5235987755982988,0.5249255334938877,,,,,,,,,,1.0,0.5000000000291038,0.9364448699537258,0.05195316419546306,0.4849145765176299,0.8071253071253072,0.23285684690283823,0.14990630855715179,0.47684085510688834,0.755868544600939
1767329033,280628906,773_1767329033-280628906.png,-195757,201227,0,0,-1.8742053462009804,1.92657590379902,168.64,383.71,-238.0,127.0,-417.0,-36.0,0.0,-2.0,-73.39935750815006,-12.33005825888628,-203.41427284320648,63.06853143557643,-114.05123712428188,-14.119992220300462,-398.1596347093583,384.0707776546477,-0.5235987755982988,0.5249255334938877,,,,,,,,,,1.0,0.5000000000291038,0.9363970001595658,0.05186054230119094,0.45147219193020716,0.8765356265356266,0.20364615703335406,0.13803872579637727,0.5469121140142518,0.7746478873239436
1767329033,313981201,774_1767329033-313981201.png,-195757,201227,0,0,-1.8742053462009804,1.92657590379902,168.59,383.75,-272.0,129.0,-593.0,8.0,76.0,28.0,-105.45379402804924,14.927907516599536,-257.9890433597508,44.90870142702174,-87.29990368638342,-8.116169629653278,-391.4388758242131,380.2095537185668,-0.5235987755982988,0.5249255334938877,,,,,,,,,,1.0,0.5000000000291038,0.9363172171692994,0.05189141626594837,0.43911304980007265,0.8777641277641277,0.16718458669981356,0.15178013741411617,0.5920427553444181,0.9154929577464789
1767329033,347334473,775_1767329033-347334473.png,-195757,201227,0,0,-1.8742053462009804,1.92657590379902,168.58,383.5,-297.0,59.0,-379.0,25.0,79.0,26.0,-135.7678455476707,30.35152940120773,-302.7695721551717,39.57210577974999,-58.8951277260738,-1.9972677981030695,-391.3403629660607,380.29753351211536,-0.5235987755982988,0.5249255334938877,,,,,,,,,,1.0,0.5000000000291038,0.9363012605712461,0.05169845398621478,0.4300254452926208,0.8347665847665847,0.2115185415371867,0.1570893191755153,0.5938242280285035,0.9061032863849765
1767329033,380686768,776_1767329033-380686768.png,-195757,201227,0,0,-1.8742053462009804,1.92657590379902,168.33,383.3,-134.0,4.0,-368.0,82.0,57.0,5.0,-144.5946231861308,29.563429186033577,-312.9221082523284,42.59976676194433,-40.720174208052825,0.1965255711329008,-372.7676695287228,359.8888006210326,-0.5235987755982988,0.5322559023283222,,,,,,,,,,1.0,0.5000000000291038,0.9359023456199137,0.05154408416242798,0.4892766266812068,0.800982800982801,0.21379738968303297,0.1748906933166771,0.5807600950118765,0.8075117370892019
1767329033,414040039,777_1767329033-414040039.png,-195757,201227,0,0,-1.8742053462009804,1.92657590379902,168.24,383.18,-287.0,97.0,-486.0,-22.0,98.0,31.0,-156.8923161539534,34.24183306998153,-331.65623942302165,38.949341407216025,-22.718744596447205,3.2520913168373378,-387.1781460046769,375.34773874282826,-0.5235987755982988,0.5322559023283222,,,,,,,,,,1.0,0.5000000000291038,0.935758736237434,0.05145146226815586,0.43366048709560157,0.8581081081081081,0.18935156411850013,0.1424109931292942,0.6051068883610451,0.9295774647887324
1767329033,447392334,778_1767329033-447392334.png,-195757,201227,0,0,-1.8742053462009804,1.92657590379902,168.33,382.9,-173.0,110.0,-386.0,-36.0,87.0,23.0,-165.8323500370763,46.63205532459882,-346.4480550919309,26.752900727401563,-3.1634974873838004,7.096881566219061,-396.9653367698193,383.8317706584929,-0.5235987755982988,0.5322559023283222,,,,,,,,,,1.0,0.5000000000291038,0.9359023456199137,0.05123534451485426,0.47509996364958196,0.8660933660933661,0.2100683654443754,0.13803872579637727,0.5985748218527316,0.892018779342723
1767329033,480745605,779_1767329033-480745605.png,-195757,201227,0,0,-1.8742053462009804,1.92657590379902,168.39,382.93,-208.0,126.0,-308.0,-47.0,44.0,15.0,-170.84243062953288,56.062028292763365,-341.87991210072425,17.99007005278192,2.440156584912832,8.035877699980041,-382.7418853640557,370.3882002830504,-0.5235987755982988,0.5322559023283222,,,,,,,,,,1.0,0.5000000000291038,0.9359980852082335,0.051258499988422274,0.46237731733914933,0.875921375921376,0.22622747047855812,0.13460337289194255,0.5730403800475059,0.8544600938967136
1767329033,514097656,780_1767329033-514097656.png,-195757,201227,0,0,-1.8742053462009804,1.92657590379902,168.39,383.04,-95.0,19.0,-112.0,52.0,-83.0,-7.0,-162.85051068218246,53.57685450873828,-313.6378313409731,20.248327057931284,-6.57135393945393,6.440429534492661,-395.7266853153706,380.0320179462432,-0.5235987755982988,0.5322559023283222,,,,,,,,,,1.0,0.5000000000291038,0.9359980852082335,0.05134340339150503,0.5034532897128317,0.8101965601965602,0.2668324010772737,0.1655215490318551,0.497624703087886,0.7511737089201878
1767329033,547450928,781_1767329033-547450928.png,-195757,201227,0,0,-1.8742053462009804,1.92657590379902,168.45,382.85,-148.0,-70.0,-555.0,89.0,53.0,-15.0,-161.63840029171985,36.08237623020685,-322.16520292822963,28.959301650222542,-11.747453695107508,3.9838024464302912,-394.8567589819432,377.2325696945189,-0.5235987755982988,0.5322559023283222,,,,,,,,,,1.0,0.5000000000291038,0.9360938247965532,0.05119675205890753,0.4841875681570338,0.7555282555282555,0.17505697120364616,0.17707682698313554,0.5783847980997625,0.7136150234741784
1767329033,614156494,782_1767329033-614156494.png,-195757,201227,0,0,-1.8742053462009804,1.92657590379902,168.56,382.78,-49.0,-88.0,-524.0,103.0,79.0,-8.0,-146.82755614698092,10.233250621721846,-370.5229225743061,44.0423926968226,5.813405255949379,0.572424017444977,-396.6093397438527,381.9232969284057,-0.5235987755982988,0.5322559023283222,,,,,,,,,,1.0,0.5000000000291038,0.9362693473751396,0.05114272262058214,0.520174482006543,0.7444717444717445,0.18147917961466753,0.18144909431605247,0.5938242280285035,0.7464788732394366
1767329033,647508789,783_1767329033-647508789.png,-195757,201227,0,0,-1.8742053462009804,1.92657590379902,168.63,383.04,-130.0,-22.0,-287.0,46.0,-61.0,6.0,-142.14495851711217,3.70912294210248,-364.8089221926768,45.89209885023248,-0.1175251646920825,0.9821642414776592,-404.5717372894288,387.8384335041045,-0.5235987755982988,0.5322559023283222,,,,,,,,,,1.0,0.5000000000291038,0.9363810435615125,0.05134340339150503,0.4907306434023991,0.785012285012285,0.23057799875699192,0.16364772017489068,0.5106888361045131,0.812206572769953
1767329033,680861816,784_1767329033-680861816.png,-195757,201227,0,0,-1.8742053462009804,1.92657590379902,168.74,383.34,-243.0,-159.0,-262.0,21.0,-31.0,-17.0,-165.3285708303472,-21.872364896219292,-353.0433727949604,41.49854089718184,-10.64261687175822,-1.0783729550119632,-396.0427446961404,380.3313498497008,-0.5235987755982988,0.5322559023283222,,,,,,,,,,1.0,0.5000000000291038,0.9365565661400987,0.051574958127185294,0.4496546710287168,0.7008599508599509,0.23575719908846077,0.15584009993753903,0.5285035629453682,0.704225352112676
1767329033,714214111,785_1767329033-714214111.png,-195757,201227,0,0,-1.8742053462009804,1.92657590379902,168.77,383.5,-177.0,-10.0,-379.0,71.0,-93.0,-7.0,-172.77823156918794,-32.08523142085021,-347.8985092084268,42.48124053440627,-19.77194011181444,-2.924855987692248,-382.8082532882691,367.32782173156727,-0.5235987755982988,0.5172762073796721,,,,,,,,,,1.0,0.5000000000291038,0.9366044359342587,0.05169845398621478,0.4736459469283896,0.7923832923832924,0.2115185415371867,0.17145534041224236,0.4916864608076009,0.7511737089201878
1767329033,780919434,786_1767329033-780919434.png,-195757,201227,0,0,-1.8742053462009804,1.92657590379902,168.9,383.63,-87.0,81.0,-331.0,93.0,-79.0,11.0,-159.98393761931413,-4.188119335403176,-355.75712866901563,55.8626901567168,-35.13364670044854,-0.215826527843175,-382.8526717424393,367.3402879238128,-0.5235987755982988,0.5231801699233662,,,,,,,,,,1.0,0.5000000000291038,0.9368118717089515,0.051798794371676254,0.5063613231552162,0.8482800982800983,0.2214626061736068,0.1783260462211118,0.5,0.8356807511737089
1767329033,814272705,787_1767329033-814272705.png,-195757,201227,0,0,-1.8742053462009804,1.92657590379902,168.9,383.46,4.0,3.0,-372.0,112.0,-73.0,-7.0,-152.67861492360737,-1.3952856614356182,-355.51609420673,58.73004263823903,-37.635217588484494,-0.0887503777955135,-401.22262480854994,383.8958210945128,-0.5235987755982988,0.5233330132946789,,,,,,,,,,1.0,0.5000000000291038,0.9368118717089515,0.05166758002145741,0.5394402035623409,0.8003685503685504,0.21296871762999794,0.18425983760149905,0.503562945368171,0.7511737089201878
1767329033,847624756,788_1767329033-847624756.png,-195757,201227,0,0,-1.8742053462009804,1.92657590379902,168.98,383.54,-50.0,-85.0,-296.0,88.0,-82.0,-15.0,-128.9113284437179,-6.028751150187345,-353.70715708626534,66.46514161661962,-44.29839772706756,-1.7734052153899074,-389.08995783329016,376.560111761093,-0.5235987755982988,0.5230740378278863,,,,,,,,,,1.0,0.5000000000291038,0.9369395244933778,0.051729327950972154,0.519810977826245,0.7463144963144963,0.22871348663766317,0.17676452217364147,0.4982185273159145,0.7136150234741784
1767329033,880977783,789_1767329033-880977783.png,-195757,201227,0,0,-1.8742053462009804,1.92657590379902,169.05,383.55,-184.0,85.0,-426.0,58.0,-48.0,-11.0,-129.49869079842404,-2.1920175418183185,-357.0334413083575,66.8993268921412,-46.73482227116028,-3.3456717057257443,-389.08995783329016,376.560111761093,-0.5235987755982988,0.515261893438763,,,,,,,,,,1.0,0.5000000000291038,0.937051220679751,0.05173704644216151,0.4711014176663031,0.8507371007371007,0.20178164491402528,0.16739537788881947,0.5184085510688836,0.7323943661971831
1767329033,914330078,790_1767329033-914330078.png,-195757,201227,0,0,-1.8742053462009804,1.92657590379902,169.05,383.55,-121.0,87.0,-469.0,33.0,-56.0,-19.0,-131.76732714144725,10.740109898387866,-371.0108970908487,63.33527992267742,-47.6438739795307,-5.189084468971243,-396.1504139900208,379.40025424957264,-0.5235987755982988,0.5196030503818075,,,,,,,,,,1.0,0.5000000000291038,0.937051220679751,0.05173704644216151,0.49400218102508175,0.851965601965602,0.19287342034389893,0.15958775765146782,0.5136579572446556,0.6948356807511737
1767329033,947683105,791_1767329033-947683105.png,-195757,201227,0,0,-1.8742053462009804,1.92657590379902,168.93,383.66,-91.0,21.0,-437.0,-7.0,-48.0,-15.0,-126.34215396370872,16.07739683789449,-384.14300569719614,53.34030740703283,-48.137443697947376,-7.100585445359906,-396.1108010411263,379.5240564346312,-0.5235987755982988,0.5261026231418753,,,,,,,,,,1.0,0.5000000000291038,0.9368597415031115,0.05182194984524427,0.5049073064340239,0.8114250614250614,0.199502796768179,0.1470955652717052,0.5184085510688836,0.7136150234741784
1767329033,981035156,792_1767329033-981035156.png,-195757,201227,0,0,-1.8742053462009804,1.92657590379902,168.92,383.41,-169.0,-151.0,-530.0,16.0,-48.0,-1.0,-131.41047640354918,-3.7736317129425743,-401.4727667124069,48.9037796512573,-48.121113549024045,-6.3757543302919615,-391.337310820818,376.6380612850188,-0.5235987755982988,0.5261026231418753,,,,,,,,,,1.0,0.5000000000291038,0.9368437849050582,0.05162898756551074,0.47655398037077423,0.7057739557739557,0.180236171535115,0.15427857589006871,0.5184085510688836,0.7793427230046949
1767329034,14388428,793_1767329034-14388428.png,-195757,201227,0,0,-1.8742053462009804,1.92657590379902,168.88,383.28,3.0,48.0,-439.0,83.0,53.0,-14.0,-112.7529729905044,-0.1146576815629956,-410.37639048383977,53.015665171328,-33.32975854840638,-7.347878894768846,-391.2116533517838,376.5810320377349,-0.5235987755982988,0.5261026231418753,,,,,,,,,,1.0,0.5000000000291038,0.9367799585128449,0.05152864718004921,0.5390766993820428,0.828009828009828,0.1990884607416615,0.17520299812617113,0.5783847980997625,0.7183098591549295
1767329034,81093506,794_1767329034-81093506.png,-195757,201227,0,0,-1.8742053462009804,1.92657590379902,168.57,382.95,-181.0,-131.0,-378.0,-31.0,-23.0,-4.0,-113.22908020163158,-19.29598042232509,-400.1654923905776,42.16843215932665,-23.93053835520136,-8.844316871429648,-376.143861681223,362.1742691993712,-0.5235987755982988,0.5261026231418753,,,,,,,,,,1.0,0.5000000000291038,0.9362853039731928,0.05127393697080093,0.47219193020719735,0.7180589680589681,0.21172570955044542,0.13960024984384758,0.5332541567695962,0.7652582159624413
1767329034,114445557,795_1767329034-114445557.png,-195757,201227,0,0,-1.8742053462009804,1.92657590379902,168.62,382.86,-145.0,-103.0,-298.0,-4.0,5.0,6.0,-119.8818892410868,-33.097676066527185,-389.6836722239964,33.91174751740111,-21.26035040741103,-7.230837862665162,-395.8275359869004,384.28198647499073,-0.5235987755982988,0.5261026231418753,,,,,,,,,,1.0,0.5000000000291038,0.9363650869634592,0.05120447055009689,0.485278080697928,0.7352579852579852,0.22829915061114564,0.14803247970018737,0.5498812351543942,0.812206572769953
1767329034,147798584,796_1767329034-147798584.png,-195757,201227,0,0,-1.8742053462009804,1.92657590379902,168.67,383.0,-167.0,123.0,-333.0,48.0,-23.0,1.0,-126.83660804335656,-18.32613131858248,-377.9976863591972,33.538266215476845,-20.048902210676665,-5.538397264169706,-377.6279186010361,362.75846076011646,-0.5235987755982988,0.5261026231418753,,,,,,,,,,1.0,0.5000000000291038,0.9364448699537258,0.05131252942674766,0.47728098873137037,0.874078624078624,0.2210482701470893,0.16427232979387882,0.5332541567695962,0.7887323943661971
1767329034,181150635,797_1767329034-181150635.png,-195757,201227,0,0,-1.8742053462009804,1.92657590379902,168.69,382.74,-258.0,221.0,-298.0,62.0,-56.0,-2.0,-142.42057264798947,10.109012846226689,-368.4928916594204,36.91990071934139,-24.320373290287883,-5.117988361202495,-390.4529679715634,374.3494403362273,-0.5235987755982988,0.5261026231418753,,,,,,,,,,1.0,0.5000000000291038,0.9364767831498323,0.05111184865582477,0.44420210832424567,0.9342751842751843,0.22829915061114564,0.16864459712679575,0.5136579572446556,0.7746478873239436
1767329034,214503662,798_1767329034-214503662.png,-195757,201227,0,0,-1.8742053462009804,1.92657590379902,168.69,382.62,-275.0,213.0,-300.0,57.0,-74.0,3.0,-161.342946613729,39.99958925218787,-358.4215090970217,39.99359342262611,-31.091900452928208,-4.067941195677701,-388.44556555151945,372.9787323474883,-0.5235987755982988,0.5261026231418753,,,,,,,,,,1.0,0.5000000000291038,0.9364767831498323,0.051019226761552655,0.43802253725917845,0.9293611793611793,0.22788481458462814,0.1670830730793254,0.5029691211401425,0.7981220657276995
1767329034,247855713,799_1767329034-247855713.png,-195757,201227,0,0,-1.8742053462009804,1.92657590379902,168.7,382.59,-249.0,122.0,-347.0,47.0,-84.0,-3.0,-174.87521419228628,54.48746881852546,-355.46206922609593,41.29250770083995,-38.554993044237705,-3.7471927778873777,-392.1838590204716,380.5851156711577,-0.5235987755982988,0.5261026231418753,,,,,,,,,,1.0,0.5000000000291038,0.9364927397478856,0.05099607128798464,0.44747364594692834,0.8734643734643734,0.21814791796146676,0.16396002498438475,0.4970308788598575,0.7699530516431925
1767329034,281208740,800_1767329034-281208740.png,-195757,201227,0,0,-1.8742053462009804,1.92657590379902,168.74,381.4,-96.0,144.0,-430.0,56.0,12.0,-19.0,-178.67211873578566,60.60518692421895,-370.0437331206983,41.14209928294547,-34.06894865898012,-3.549333993327319,-392.1838590204716,380.5851156711577,-0.5235987755982988,0.5261026231418753,,,,,,,,,,1.0,0.5000000000291038,0.9365565661400987,0.050077570836452895,0.5030897855325336,0.8869778869778869,0.2009529728609903,0.16677076826983137,0.5540380047505938,0.6948356807511737
1767329034,314560547,801_1767329034-314560547.png,-195757,201227,0,0,-1.8742053462009804,1.92657590379902,168.82,378.72,87.0,142.0,-202.0,58.0,11.0,-18.0,-153.16993122171792,74.89461971461981,-366.4322815208883,43.8323592527692,-26.168757537035862,-6.158179846396119,-379.33400285244,369.4959361553191,-0.5235987755982988,0.5261026231418753,,,,,,,,,,1.0,0.5000000000291038,0.9366842189245251,0.0480090151977092,0.569611050527081,0.8857493857493858,0.24818727988398592,0.16739537788881947,0.5534441805225653,0.6995305164319249
1767329034,347914063,802_1767329034-347914063.png,-195757,201227,0,0,-1.8742053462009804,1.92657590379902,168.88,377.53,179.0,28.0,57.0,-22.0,38.0,4.0,-100.73376780235324,72.94681430709379,-307.2430029098015,36.77569213041876,-16.537420961723548,-5.59074794041386,-384.5275202095509,376.3547778129577,-0.5235987755982988,0.524413410518916,,,,,,,,,,1.0,0.5000000000291038,0.9367799585128449,0.0470905147461774,0.6030534351145038,0.8157248157248157,0.3018437953180029,0.1424109931292942,0.5694774346793349,0.8028169014084507
1767329034,381267334,803_1767329034-381267334.png,-195757,201227,0,0,-1.8742053462009804,1.92657590379902,168.82,376.08,220.0,-227.0,319.0,-47.0,205.0,4.0,-46.39523465499213,27.88759594844156,-205.9804333787556,22.962235460323235,17.309931910058072,-3.9333081905831664,-378.5285612046719,374.5193817615508,-0.5235987755982988,0.5366883579568739,,,,,,,,,,1.0,0.5000000000291038,0.9366842189245251,0.04597133352372276,0.6179571065067248,0.6590909090909091,0.35612181479179617,0.13460337289194255,0.668646080760095,0.8028169014084507
1767329034,414621338,804_1767329034-414621338.png,-195757,201227,0,0,-1.8742053462009804,1.92657590379902,168.78,373.97,349.0,-141.0,739.0,-114.0,320.0,8.0,11.4280870465666,3.1891652745090413,-67.78476784774138,2.932627847835751,61.57588063425939,-2.188159392646777,-380.476803958416,377.09988355636585,-0.5235987755982988,0.5209390800807141,,,,,,,,,,1.0,0.5000000000291038,0.936620392532312,0.044342731882771574,0.6648491457651763,0.711916461916462,0.44313238036047237,0.1136789506558401,0.736935866983373,0.8215962441314554
1767329034,447974609,805_1767329034-447974609.png,-195757,201227,0,0,-1.8742053462009804,1.92657590379902,168.75,371.27,867.0,55.0,2058.0,-328.0,493.0,39.0,120.6037388087383,-4.576462343563071,192.32679586742293,-41.9309871450161,116.5799064936635,3.3712474895566045,-380.2904932200909,377.6647310256957,-0.5235987755982988,0.5371054851406172,,,,,,,,,,1.0,0.5000000000291038,0.9365725227381521,0.04225873926164911,0.8531443111595782,0.8323095823095823,0.7163869898487674,0.046845721424109935,0.8396674584323041,0.9671361502347418
1767329034,481328857,806_1767329034-481328857.png,-195757,201227,0,0,-1.8742053462009804,1.92657590379902,168.77,371.56,1123.0,139.0,2630.0,-397.0,691.0,9.0,291.9801518078054,14.8555938359807,614.5505410947818,-104.97876395774948,209.24313977025625,7.730724862309449,-374.3697860240937,366.5008976459502,-0.5235987755982988,0.5371054851406172,,,,,,,,,,1.0,0.5000000000291038,0.9366044359342587,0.04248257550614007,0.946201381315885,0.8839066339066339,0.834887093432774,0.02529668956901937,0.9572446555819478,0.8262910798122065
1767329034,514681885,807_1767329034-514681885.png,-195757,201227,0,0,-1.8742053462009804,1.92657590379902,168.78,373.87,1192.0,-70.0,3024.0,-388.0,732.0,-12.0,443.7922383140176,11.477804641315402,1009.665984545126,-154.37553943463047,297.37003535076195,5.454995815638128,-374.3697860240937,366.5008976459502,-0.5235987755982988,0.5371054851406172,,,,,,,,,,1.0,0.5000000000291038,0.936620392532312,0.04426554697087817,0.9712831697564521,0.7555282555282555,0.9165112906567227,0.028107432854465972,0.9815914489311164,0.7276995305164319
1767329034,581389404,808_1767329034-581389404.png,-195757,201227,0,0,-1.8742053462009804,1.92657590379902,168.86,378.02,1271.0,-250.0,3427.0,-478.0,763.0,4.0,596.9437549819947,-15.971160821361522,1455.4814647564992,-210.2257829684248,384.353467309922,2.2037093493048845,-386.4393969774247,381.36819314956654,-0.5235987755982988,0.5371054851406172,,,,,,,,,,1.0,0.5000000000291038,0.9367480453167383,0.04746872081445516,1.0,0.644963144963145,1.0,0.0,1.0,0.8028169014084507
1767329034,614743652,809_1767329034-614743652.png,-195757,201227,0,0,-1.8742053462009804,1.92657590379902,168.79,380.73,1266.0,-341.0,3231.0,-418.0,725.0,-11.0,713.1253912833628,-61.99210925936556,1784.1806721314586,-252.82451805225747,447.46103179270335,1.5948692839448122,-378.2988061010838,365.1916608810424,-0.5235987755982988,0.5371054851406172,,,,,,,,,,1.0,0.5000000000291038,0.9366363491303653,0.049560431926766985,0.9981824790985095,0.5890663390663391,0.9593950694012845,0.01873828856964399,0.9774346793349169,0.7323943661971831
1767329034,648096680,810_1767329034-648096680.png,-195757,201227,0,0,-1.8742053462009804,1.92657590379902,168.72,381.98,1210.0,-461.0,2996.0,-401.0,730.0,3.0,790.54684767415,-110.14888330469692,1981.3642971981023,-275.9382444435762,488.3552606320427,0.6109567745683997,-385.6353190541268,371.7878527641295,-0.5235987755982988,0.5371054851406172,,,,,,,,,,1.0,0.5000000000291038,0.9365246529439921,0.05052524332543476,0.9778262450018175,0.5153562653562653,0.9107105862854775,0.024047470331043097,0.9804038004750594,0.7981220657276995
1767329034,681450928,811_1767329034-681450928.png,-195757,201227,0,0,-1.8742053462009804,1.92657590379902,168.72,383.08,1039.0,-423.0,2776.0,-388.0,667.0,6.0,836.4123061358538,-158.01885021671023,2109.835656981982,-293.050955693332,517.9920942076049,1.2318459987832144,-385.07073712348944,369.23772835731495,-0.5235987755982988,0.5371054851406172,,,,,,,,,,1.0,0.5000000000291038,0.9365246529439921,0.051374277356262404,0.9156670301708469,0.5386977886977887,0.8651336233685519,0.028107432854465972,0.9429928741092637,0.812206572769953
1767329034,714804199,812_1767329034-714804199.png,-195757,201227,0,0,-1.8742053462009804,1.92657590379902,168.72,383.2,972.0,-273.0,2807.0,-412.0,592.0,22.0,863.4623120078193,-185.9899667435716,2228.64307958102,-312.3112406441667,534.8321202316416,3.956875731441706,-386.8629957735539,374.9756157398223,-0.5235987755982988,0.5371054851406172,,,,,,,,,,1.0,0.5000000000291038,0.9365246529439921,0.05146689925053452,0.891312250090876,0.6308353808353808,0.8715558317795733,0.020612117426608373,0.8984560570071258,0.8873239436619719
1767329034,748158447,813_1767329034-748158447.png,-195757,201227,0,0,-1.8742053462009804,1.92657590379902,168.73,383.45,806.0,-75.0,2318.0,-333.0,560.0,21.0,859.6120424508284,-175.18942577969577,2255.123314695127,-317.5036507724317,539.3904276068904,6.476721828432286,-377.3950464129449,362.2572338581084,-0.5235987755982988,0.5371054851406172,,,,,,,,,,1.0,0.5000000000291038,0.9365406095420454,0.05165986153026805,0.8309705561613958,0.7524570024570024,0.7702506732960431,0.04528419737663961,0.8794536817102138,0.8826291079812206
1767329034,781511719,814_1767329034-781511719.png,-195757,201227,0,0,-1.8742053462009804,1.92657590379902,168.73,383.59,712.0,-53.0,2161.0,-349.0,564.0,34.0,836.6002636870573,-154.65771697517096,2243.029478157263,-322.5215452662411,543.5370696396191,10.88772807937042,-376.74539405107504,361.7893934249877,-0.5235987755982988,0.5371054851406172,,,,,,,,,,1.0,0.5000000000291038,0.9365406095420454,0.05176792040691883,0.7968011632133769,0.765970515970516,0.7377252952144189,0.040287320424734555,0.8818289786223278,0.9436619718309859
1767329034,848218994,815_1767329034-848218994.png,-195757,201227,0,0,-1.8742053462009804,1.92657590379902,168.68,383.4,771.0,-219.0,2445.0,-290.0,509.0,23.0,823.8489690291232,-164.41363275142265,2279.1353297838778,-320.6024690814422,539.3807573932696,13.400850077981008,-378.9237166047097,363.665627002716,-0.5235987755982988,0.5254890091870286,,,,,,,,,,1.0,0.5000000000291038,0.9364608265517791,0.051621269074321324,0.8182479098509632,0.664004914004914,0.7965610109799047,0.05871330418488445,0.8491686460807601,0.892018779342723
1767329034,881573242,816_1767329034-881573242.png,-195757,201227,0,0,-1.8742053462009804,1.92657590379902,168.66,383.4,741.0,-273.0,2300.0,-286.0,517.0,15.0,811.1513926523736,-180.2629811317433,2290.571547398756,-314.8386031794004,535.0809673738456,14.10923486996839,-378.9152745008469,363.655166864395,-0.5235987755982988,0.5303336701051513,,,,,,,,,,1.0,0.5000000000291038,0.9364289133556725,0.051621269074321324,0.807342784442021,0.6308353808353808,0.7665216490573856,0.05996252342286072,0.8539192399049882,0.8544600938967136
1767329034,914926514,817_1767329034-914926514.png,-195757,201227,0,0,-1.8742053462009804,1.92657590379902,168.7,383.55,982.0,-219.0,2612.0,-365.0,439.0,7.0,834.2723530421033,-188.39241196632284,2337.8283900123806,-321.4079203087653,520.5494148433987,13.093239186044151,-383.5386900901795,369.0855548381804,-0.5235987755982988,0.5325427790989377,,,,,,,,,,1.0,0.5000000000291038,0.9364927397478856,0.05173704644216151,0.8949472918938567,0.664004914004914,0.8311580691941165,0.03529044347282949,0.8076009501187649,0.8169014084507042
1767329034,948280762,818_1767329034-948280762.png,-195757,201227,0,0,-1.8742053462009804,1.92657590379902,168.78,383.49,922.0,-262.0,2468.0,-385.0,462.0,17.0,860.3432547320278,-192.04487263149585,2379.027248858392,-328.71374792074613,503.62999802422985,13.34332262828358,-383.5291440188885,369.1228101253509,-0.5235987755982988,0.5325427790989377,,,,,,,,,,1.0,0.5000000000291038,0.936620392532312,0.051690735495025425,0.8731370410759722,0.6375921375921376,0.801325875284856,0.029044347282948163,0.8212589073634204,0.863849765258216
1767329034,981634033,819_1767329034-981634033.png,-195757,201227,0,0,-1.8742053462009804,1.92657590379902,168.78,383.55,931.0,-359.0,2424.0,-322.0,486.0,-10.0,869.6401904006617,-205.2945310335749,2390.669210498352,-334.9841683483494,498.2889925351003,13.037660121261984,-383.1573018133641,368.8065700531005,-0.5235987755982988,0.5325427790989377,,,,,,,,,,1.0,0.5000000000291038,0.936620392532312,0.05173704644216151,0.876408578698655,0.578009828009828,0.7922104827014709,0.04871955028107433,0.8355106888361046,0.7370892018779343
1767329035,14988281,820_1767329035-14988281.png,-195757,201227,0,0,-1.8742053462009804,1.92657590379902,168.77,383.65,936.0,-291.0,2370.0,-309.0,502.0,-6.0,878.7691947376571,-225.65608212657065,2393.8627226902668,-332.6806923608696,496.98985547583567,9.793097520563853,-370.2786775529385,355.65144157409657,-0.5235987755982988,0.5325427790989377,,,,,,,,,,1.0,0.5000000000291038,0.9366044359342587,0.05181423135405491,0.8782260996001454,0.6197788697788698,0.7810234099854982,0.05277951280449719,0.8450118764845606,0.755868544600939
1767329035,48341553,821_1767329035-48341553.png,-195757,201227,0,0,-1.8742053462009804,1.92657590379902,168.6,383.59,871.0,-225.0,2400.0,-300.0,427.0,-8.0,882.4103057665047,-230.7893522261469,2392.688845094827,-326.90923801783845,489.0736872863183,6.419529487071394,-379.0518417656422,364.44942092895496,-0.5235987755982988,0.5325427790989377,,,,,,,,,,1.0,0.5000000000291038,0.9363331737673526,0.05176792040691883,0.8545983278807705,0.6603194103194103,0.7872384503832608,0.05559025608994379,0.8004750593824228,0.7464788732394366
1767329035,81695801,822_1767329035-81695801.png,-195757,201227,0,0,-1.8742053462009804,1.92657590379902,168.49,383.87,697.0,-61.0,2214.0,-327.0,449.0,-3.0,854.9923383672391,-205.80519677084428,2366.7513535780813,-326.20740630351787,481.563648440109,4.658805618500025,-372.9519022107125,357.5250959396361,-0.5235987755982988,0.5325427790989377,,,,,,,,,,1.0,0.5000000000291038,0.9361576511887664,0.05198403816022043,0.7913486005089059,0.7610565110565111,0.7487051999171328,0.047158026233604,0.8135391923990498,0.7699530516431925
1767329035,115049072,823_1767329035-115049072.png,-195757,201227,0,0,-1.8742053462009804,1.92657590379902,168.47,384.17,753.0,-122.0,2369.0,-346.0,458.0,-10.0,840.0767924132037,-193.54937164090484,2367.080199740228,-329.1019113766975,478.1176574296111,2.515075095852862,-372.9519022107125,357.5250959396361,-0.5235987755982988,0.5325427790989377,,,,,,,,,,1.0,0.5000000000291038,0.9361257379926597,0.05221559289590075,0.811704834605598,0.7235872235872236,0.7808162419722395,0.041224234853216746,0.8188836104513064,0.7370892018779343
1767329035,148403320,824_1767329035-148403320.png,-195757,201227,0,0,-1.8742053462009804,1.92657590379902,168.54,384.12,781.0,-106.0,2272.0,-324.0,465.0,1.0,831.4372943277359,-180.7459915354804,2353.1754975709546,-328.3557985332156,476.1993072345586,2.2935077450324544,-377.2865329086781,360.85958743095387,-0.5235987755982988,0.5325427790989377,,,,,,,,,,1.0,0.5000000000291038,0.9362374341790329,0.05217700043995402,0.821882951653944,0.7334152334152334,0.7607209446861405,0.04809494066208621,0.8230403800475059,0.7887323943661971
1767329035,181756592,825_1767329035-181756592.png,-195757,201227,0,0,-1.8742053462009804,1.92657590379902,168.58,384.23,789.0,-206.0,2153.0,-295.0,453.0,-4.0,825.2311868510044,-184.43918388508467,2323.9014669850408,-323.47778559792704,472.8065981477946,1.3731336710004307,-375.2073726058007,361.1653673648833,-0.5235987755982988,0.5325427790989377,,,,,,,,,,1.0,0.5000000000291038,0.9363012605712461,0.05226190384303678,0.8247909850963285,0.671990171990172,0.7360679511083489,0.05715178013741412,0.8159144893111638,0.7652582159624413
1767329035,215110840,826_1767329035-215110840.png,-195757,201227,0,0,-1.8742053462009804,1.92657590379902,168.46,384.36,694.0,-289.0,2241.0,-302.0,522.0,15.0,803.7036139409139,-208.35862979135825,2310.4603646085907,-317.42843670583824,479.4172113751141,2.568865305922925,-375.1654867827893,361.1405782699584,-0.5235987755982988,0.5325427790989377,,,,,,,,,,1.0,0.5000000000291038,0.9361097813946065,0.05236224422849825,0.7902580879680116,0.621007371007371,0.7542987362751192,0.054965646470955656,0.8568883610451307,0.8544600938967136
1767329035,281818359,827_1767329035-281818359.png,-195757,201227,0,0,-1.8742053462009804,1.92657590379902,168.34,384.59,779.0,-303.0,2192.0,-283.0,488.0,0.0,792.4378330668916,-223.5618434776769,2294.0217830800766,-313.0425770708772,483.6990943406804,3.3596149449602555,-375.11541861295706,358.94065356254566,-0.5235987755982988,0.5325427790989377,,,,,,,,,,1.0,0.5000000000291038,0.935918302217967,0.05253976952585307,0.8211559432933477,0.6124078624078624,0.7441475036254402,0.060899437851342914,0.8366983372921615,0.784037558685446
1767329035,315171631,828_1767329035-315171631.png,-195757,201227,0,0,-1.8742053462009804,1.92657590379902,168.41,384.64,799.0,-408.0,2107.0,-316.0,424.0,11.0,792.2827343144966,-244.6819158540159,2271.4091143972823,-311.6357186435687,478.5358282026936,3.863839697842191,-375.16379836201673,358.9582781791686,-0.5235987755982988,0.5299586756873007,,,,,,,,,,1.0,0.5000000000291038,0.9360299984043401,0.0525783619817998,0.8284260268993093,0.547911547911548,0.7265382224984462,0.05059337913803873,0.7986935866983373,0.8356807511737089
1767329035,348525635,829_1767329035-348525635.png,-195757,201227,0,0,-1.8742053462009804,1.92657590379902,168.46,384.79,750.0,-417.0,1989.0,-313.0,409.0,20.0,787.6217337161737,-273.9753002718281,2228.976524602592,-312.03349848050993,467.3289352304856,6.166406465970898,-373.200814396143,357.28938460350025,-0.5235987755982988,0.540370017392851,,,,,,,,,,1.0,0.5000000000291038,0.9361097813946065,0.052694139349639985,0.8106143220647037,0.5423832923832924,0.7020923969339135,0.05153029356652093,0.7897862232779097,0.8779342723004695
1767329035,381878418,830_1767329035-381878418.png,-195757,201227,0,0,-1.8742053462009804,1.92657590379902,168.53,385.13,688.0,-362.0,2056.0,-314.0,412.0,30.0,773.0528693185952,-286.8481932253975,2203.680121529751,-312.3210832565058,459.23753062863534,9.651874740329008,-372.4845992922784,357.4735116958617,-0.5235987755982988,0.5308760685267806,,,,,,,,,,1.0,0.5000000000291038,0.9362214775809796,0.05295656805007756,0.7880770628862231,0.5761670761670762,0.71597265382225,0.051217988757026864,0.7915676959619953,0.9248826291079812
1767329035,415232178,831_1767329035-415232178.png,-195757,201227,0,0,-1.8742053462009804,1.92657590379902,168.54,385.05,757.0,-251.0,2163.0,-279.0,530.0,7.0,770.7052683727918,-281.60568793546776,2197.7309862142333,-307.4481471467255,469.5859634680635,9.264059731996698,-378.72013202309614,362.1540653705596,-0.5235987755982988,0.5370469170437017,,,,,,,,,,1.0,0.5000000000291038,0.9362374341790329,0.052894820120562874,0.8131588513267902,0.6443488943488944,0.7381396312409364,0.06214865708931919,0.8616389548693586,0.8169014084507042
1767329035,448585205,832_1767329035-448585205.png,-195757,201227,0,0,-1.8742053462009804,1.92657590379902,168.69,385.02,746.0,-150.0,2254.0,-271.0,479.0,-9.0,761.476646774575,-270.48061343538933,2201.362540448299,-300.0157865614713,476.5970768801095,7.382936540921667,-378.8031893372536,362.15549826622,-0.5235987755982988,0.5396571263010186,,,,,,,,,,1.0,0.5000000000291038,0.9364767831498323,0.052871664646994804,0.8091603053435115,0.7063882063882064,0.7569919204474829,0.0646470955652717,0.831353919239905,0.7417840375586855
1767329035,481938965,833_1767329035-481938965.png,-195757,201227,0,0,-1.8742053462009804,1.92657590379902,168.85,385.14,871.0,-26.0,2196.0,-257.0,430.0,-1.0,769.7165069264615,-235.33503375926907,2206.5652311376234,-292.9872425146094,472.6395284528015,4.853904231853421,-380.4324504435063,362.9774072170256,-0.5235987755982988,0.5350192260036583,,,,,,,,,,1.0,0.5000000000291038,0.936732088718685,0.05296428654126692,0.8545983278807705,0.7825552825552825,0.7449761756784753,0.06901936289818864,0.8022565320665083,0.7793427230046949
1767329035,515291748,834_1767329035-515291748.png,-195757,201227,0,0,-1.8742053462009804,1.92657590379902,168.85,385.01,827.0,138.0,2260.0,-216.0,379.0,4.0,783.3931263808198,-169.7849634235636,2213.826833088821,-279.84555522024,456.7145180929488,4.422738478295169,-374.3809555768967,358.97991490364063,-0.5235987755982988,0.5330549225482084,,,,,,,,,,1.0,0.5000000000291038,0.936732088718685,0.05286394615580545,0.8386041439476553,0.8832923832923832,0.7582349285270354,0.08182386008744535,0.7719714964370546,0.8028169014084507
1767329035,548645508,835_1767329035-548645508.png,-195757,201227,0,0,-1.8742053462009804,1.92657590379902,168.97,385.18,885.0,51.0,2065.0,-174.0,368.0,5.0,795.4653814395493,-143.55275789806657,2196.144215519412,-267.2696881165957,446.1740472401168,4.491324864997018,-374.3809555768967,358.97991490364063,-0.5235987755982988,0.5412337215130236,,,,,,,,,,1.0,0.5000000000291038,0.9369235678953245,0.05299516050602429,0.8596873864049436,0.8298525798525799,0.7178371659415786,0.09494066208619613,0.765439429928741,0.8075117370892019
1767329035,581998291,836_1767329035-581998291.png,-195757,201227,0,0,-1.8742053462009804,1.92657590379902,169.02,384.87,642.0,-245.0,2124.0,-241.0,388.0,-1.0,779.6874387991476,-150.26976452506224,2183.975434599065,-261.59025425853724,437.11799910629776,3.852834227001919,-374.2708185911179,358.62641954421986,-0.5235987755982988,0.5368515575149969,,,,,,,,,,1.0,0.5000000000291038,0.9370033508855911,0.05275588727915467,0.7713558705925118,0.648034398034398,0.730060078723845,0.0740162398500937,0.7773159144893111,0.7793427230046949
1767329035,615352051,837_1767329035-615352051.png,-195757,201227,0,0,-1.8742053462009804,1.92657590379902,168.96,384.56,739.0,-394.0,2198.0,-310.0,468.0,4.0,770.0782310901527,-188.4307471139716,2184.43258352502,-268.12260412638415,440.3289432906132,3.7453934075805,-375.57876023650175,359.5676887035369,-0.5235987755982988,0.5416931828683567,,,,,,,,,,1.0,0.5000000000291038,0.9369076112972713,0.052516614052285054,0.8066157760814249,0.5565110565110565,0.7453905117049928,0.05246720799500312,0.8248218527315915,0.8028169014084507
1767329035,648704834,838_1767329035-648704834.png,-195757,201227,0,0,-1.8742053462009804,1.92657590379902,168.9,384.74,884.0,-92.0,2225.0,-266.0,368.0,0.0,778.3349565918733,-201.38058652921373,2195.775646267475,-270.92029827398744,432.7444189983086,2.967430034341014,-372.2611432969571,355.2743034362792,-0.5235987755982988,0.535670900361647,,,,,,,,,,1.0,0.5000000000291038,0.9368118717089515,0.052655546893693256,0.8593238822246455,0.742014742014742,0.750984048062979,0.06620861961274205,0.765439429928741,0.784037558685446
1767329035,715411377,839_1767329035-715411377.png,-195757,201227,0,0,-1.8742053462009804,1.92657590379902,168.75,384.77,880.0,-116.0,2182.0,-222.0,430.0,24.0,833.4365750526682,-186.482379488173,2242.86742114398,-265.9586474387695,426.1954561572215,-1.7493523314059995,-370.4043350219727,353.79469537734974,-0.5235987755982988,0.535670900361647,,,,,,,,,,1.0,0.5000000000291038,0.9365725227381521,0.05267870236726127,0.8578698655034532,0.7272727272727273,0.7420758234928527,0.07995003123048096,0.8022565320665083,0.8967136150234741
1767329035,748765137,840_1767329035-748765137.png,-195757,201227,0,0,-1.8742053462009804,1.92657590379902,168.75,384.77,880.0,-116.0,2182.0,-222.0,430.0,24.0,834.8859421717092,-184.28849354835057,2240.972817408823,-264.5903585238683,426.3138791631518,-0.9478592142662132,-372.95514917373663,357.1396470069884,-0.5235987755982988,0.535670900361647,,,,,,,,,,1.0,0.5000000000291038,0.9365725227381521,0.05267870236726127,0.8578698655034532,0.7272727272727273,0.7420758234928527,0.07995003123048096,0.8022565320665083,0.8967136150234741
1767329035,782117920,841_1767329035-782117920.png,-195757,201227,0,0,-1.8742053462009804,1.92657590379902,168.81,384.61,964.0,-96.0,2163.0,-243.0,506.0,37.0,841.5835777372484,-177.48559587924967,2235.0441498664886,-261.3894337139788,429.0131182514101,1.7146624712078742,-372.91839355230337,357.2314956188201,-0.5235987755982988,0.535670900361647,,,,,,,,,,1.0,0.5000000000291038,0.9366682623264719,0.05255520650823178,0.8884042166484913,0.7395577395577395,0.7381396312409364,0.07339163023110556,0.8473871733966746,0.9577464788732395
1767329035,815471680,842_1767329035-815471680.png,-195757,201227,0,0,-1.8742053462009804,1.92657590379902,168.81,384.41,1034.0,-32.0,2128.0,-232.0,477.0,19.0,867.0290796325506,-159.48132475517318,2220.4487696204883,-257.5373052106542,440.5404708063859,6.709429422493199,-373.4660912752152,358.7089543342589,-0.5235987755982988,0.535670900361647,,,,,,,,,,1.0,0.5000000000291038,0.9366682623264719,0.05240083668444498,0.9138495092693566,0.7788697788697788,0.7308887507768801,0.07682698313554029,0.830166270783848,0.8732394366197183
1767329035,848824463,843_1767329035-848824463.png,-195757,201227,0,0,-1.8742053462009804,1.92657590379902,168.8,384.47,756.0,-302.0,2246.0,-308.0,489.0,12.0,870.7243784602755,-161.88645088628382,2215.151533961241,-260.0023199660165,447.9273247233222,8.199917064282271,-375.5816825032235,358.2338061332701,-0.5235987755982988,0.535670900361647,,,,,,,,,,1.0,0.5000000000291038,0.9366523057284186,0.05244714763158101,0.8127953471464922,0.613022113022113,0.755334576341413,0.05309181761399126,0.83729216152019,0.8403755868544601
1767329035,882178223,844_1767329035-882178223.png,-195757,201227,0,0,-1.8742053462009804,1.92657590379902,168.87,384.46,676.0,-314.0,2226.0,-311.0,483.0,8.0,836.2448958530164,-191.46286559441089,2218.3520935453425,-269.9716588462389,455.2054302142632,8.369509585372903,-374.323419392109,360.07393074035633,-0.5235987755982988,0.535670900361647,,,,,,,,,,1.0,0.5000000000291038,0.9367640019147916,0.05243942914039165,0.7837150127226462,0.6056511056511057,0.7511912160762378,0.05215490318550907,0.833729216152019,0.8215962441314554
1767329035,948884766,845_1767329035-948884766.png,-195757,201227,0,0,-1.8742053462009804,1.92657590379902,168.88,384.6,679.0,-240.0,2013.0,-340.0,453.0,30.0,802.6951466201723,-203.1094448550092,2212.7547602479626,-290.0129130949601,466.2840507982589,11.741072786741956,-365.7577361166478,350.18093252181995,-0.5235987755982988,0.535670900361647,,,,,,,,,,1.0,0.5000000000291038,0.9367799585128449,0.05254748801704248,0.7848055252635404,0.6511056511056511,0.7070644292521235,0.04309806371018114,0.8159144893111638,0.9248826291079812
1767329035,982237549,846_1767329035-982237549.png,-195757,201227,0,0,-1.8742053462009804,1.92657590379902,168.85,384.51,621.0,-231.0,1984.0,-317.0,434.0,17.0,779.3565262376736,-207.68985352614013,2180.917651013248,-295.24153034553706,462.6217961455649,13.234743237202514,-368.9107320308686,353.23830199241627,-0.5235987755982988,0.535670900361647,,,,,,,,,,1.0,0.5000000000291038,0.936732088718685,0.05247802159633838,0.7637222828062522,0.6566339066339066,0.7010565568676197,0.05028107432854467,0.8046318289786223,0.863849765258216
1767329036,115650391,847_1767329036-115650391.png,-195757,201227,0,0,-1.8742053462009804,1.92657590379902,168.94,384.71,842.0,-214.0,2362.0,-261.0,312.0,7.0,821.5267387821834,-187.3476645866542,2184.421960549628,-287.2164955100869,407.34173709940126,6.3289653625719415,-376.2213991582394,360.49878430366505,-0.5235987755982988,0.5444333637307625,,,,,,,,,,1.0,0.5000000000291038,0.9368756981011647,0.052632391420125185,0.8440567066521265,0.6670761670761671,0.7793660658794282,0.06777014366021238,0.732185273159145,0.8169014084507042
1767329036,149004150,848_1767329036-149004150.png,-195757,201227,0,0,-1.8742053462009804,1.92657590379902,168.92,384.92,932.0,-196.0,2282.0,-231.0,318.0,-9.0,837.6825503927913,-188.61299792966287,2198.69195136292,-278.9952924709295,394.27623819377465,4.087229454233379,-370.3624491989613,354.2638254165648,-0.5235987755982988,0.5403615609530483,,,,,,,,,,1.0,0.5000000000291038,0.9368437849050582,0.0527944797351014,0.876772082878953,0.6781326781326782,0.762792624818728,0.07713928794503436,0.7357482185273159,0.7417840375586855
1767329036,182356934,849_1767329036-182356934.png,-195757,201227,0,0,-1.8742053462009804,1.92657590379902,168.95,385.08,856.0,-160.0,2146.0,-302.0,465.0,-1.0,840.3613276985268,-184.4285808221158,2190.986184100956,-282.3595429411316,404.6190103681386,3.3432637219238943,-370.3624491989613,354.2638254165648,-0.5235987755982988,0.533977996292017,,,,,,,,,,1.0,0.5000000000291038,0.936891654699218,0.052917975594130834,0.8491457651762995,0.7002457002457002,0.7346177750155376,0.054965646470955656,0.8230403800475059,0.7793427230046949
1767329036,215710693,850_1767329036-215710693.png,-195757,201227,0,0,-1.8742053462009804,1.92657590379902,168.9,385.1,1017.0,-417.0,2419.0,-245.0,347.0,-7.0,879.1054178380585,-208.18474921244484,2234.499743993681,-273.4944699203642,394.66149311052857,-1.1363293487854058,-376.6285683214665,359.21218729019154,-0.5235987755982988,0.5437361447266201,,,,,,,,,,1.0,0.5000000000291038,0.9368118717089515,0.05293341257650955,0.9076699382042892,0.5423832923832924,0.7911746426351771,0.07276702061211743,0.7529691211401426,0.7511737089201878
1767329036,249063232,851_1767329036-249063232.png,-195757,201227,0,0,-1.8742053462009804,1.92657590379902,168.83,385.05,958.0,-323.0,2235.0,-262.0,381.0,7.0,897.4348965131538,-235.79636055295825,2255.7540804335263,-269.8565409619368,388.7496980494263,-1.5580690518650075,-370.08801588416105,353.51700019836414,-0.5235987755982988,0.5373394736797059,,,,,,,,,,1.0,0.5000000000291038,0.9367001755225784,0.052894820120562874,0.8862231915667029,0.6001228501228502,0.7530557281955667,0.06745783885071831,0.7731591448931117,0.8169014084507042
1767329036,282416992,852_1767329036-282416992.png,-195757,201227,0,0,-1.8742053462009804,1.92657590379902,168.8,385.15,736.0,-308.0,2032.0,-307.0,511.0,30.0,878.5061245324704,-253.09362931197583,2221.4282423818945,-274.68140676343154,406.0289996611056,3.7183080463904856,-377.264453560114,361.3957769870757,-0.5235987755982988,0.5487318815022763,,,,,,,,,,1.0,0.5000000000291038,0.9366523057284186,0.052972005032456276,0.8055252635405307,0.6093366093366094,0.7110006215040399,0.05340412242348533,0.850356294536817,0.9248826291079812
1767329036,315769775,853_1767329036-315769775.png,-195757,201227,0,0,-1.8742053462009804,1.92657590379902,168.71,385.0,823.0,-115.0,2382.0,-340.0,471.0,26.0,870.3888074432839,-232.89856459499805,2244.910549661187,-284.23371720821217,415.5304774853036,6.976823397524672,-370.3882950246335,356.19780468940723,-0.5235987755982988,0.5408580139707492,,,,,,,,,,1.0,0.5000000000291038,0.9365086963459389,0.052856227664616146,0.837150127226463,0.7278869778869779,0.7835094261446033,0.04309806371018114,0.8266033254156769,0.9061032863849765
1767329036,349123291,854_1767329036-349123291.png,-195757,201227,0,0,-1.8742053462009804,1.92657590379902,168.69,385.21,813.0,-138.0,2402.0,-368.0,422.0,11.0,861.9961633646133,-219.0204250813016,2267.883597960032,-296.483851486739,416.4765922809186,7.565180096234263,-375.1754224896432,359.1891176700591,-0.5235987755982988,0.5323062924232536,,,,,,,,,,1.0,0.5000000000291038,0.9364767831498323,0.053018315979592306,0.8335150854234823,0.7137592137592138,0.7876527864097784,0.0343535290443473,0.7975059382422802,0.8356807511737089
1767329036,382476074,855_1767329036-382476074.png,-195757,201227,0,0,-1.8742053462009804,1.92657590379902,168.69,384.88,905.0,-185.0,2199.0,-332.0,414.0,-9.0,868.2851230237729,-214.04521594501455,2257.8099347094385,-301.6777979511535,416.1144108997796,5.142657886059928,-374.9507975876332,359.3720984458922,-0.5235987755982988,0.5349973081836817,,,,,,,,,,1.0,0.5000000000291038,0.9364767831498323,0.05276360577034403,0.8669574700109051,0.6848894348894349,0.7455976797182515,0.045596502186133675,0.7927553444180523,0.7417840375586855
1767329036,415829834,856_1767329036-415829834.png,-195757,201227,0,0,-1.8742053462009804,1.92657590379902,168.63,384.26,933.0,-49.0,1901.0,-347.0,572.0,16.0,887.2618621799008,-199.12489552012596,2220.5179262260262,-305.2595295703784,430.3019352117103,2.626602312080324,-376.6737660467625,364.2578427791594,-0.5235987755982988,0.5349973081836817,,,,,,,,,,1.0,0.5000000000291038,0.9363810435615125,0.05228505931660479,0.8771355870592511,0.7684275184275184,0.6838616117671432,0.04091193004372268,0.8865795724465558,0.8591549295774648
1767329036,482536133,857_1767329036-482536133.png,-195757,201227,0,0,-1.8742053462009804,1.92657590379902,168.66,384.07,634.0,-112.0,1799.0,-340.0,633.0,29.0,861.95960138878,-173.05570397273962,2136.983471532488,-313.75725365745006,469.2205026528477,7.160265881690607,-378.532067924738,363.8526198863982,-0.5235987755982988,0.5349973081836817,,,,,,,,,,1.0,0.5000000000291038,0.9364289133556725,0.05213840798400729,0.7684478371501271,0.7297297297297297,0.6627304744147504,0.04309806371018114,0.9228028503562946,0.92018779342723
1767329036,515888916,858_1767329036-515888916.png,-195757,201227,0,0,-1.8742053462009804,1.92657590379902,168.72,383.98,676.0,-85.0,1846.0,-364.0,620.0,14.0,828.7065715489604,-158.55573991966526,2085.4477077113147,-321.802237797818,495.6231628110294,8.740905468804685,-378.57674613595015,363.9211122989653,-0.5235987755982988,0.5349973081836817,,,,,,,,,,1.0,0.5000000000291038,0.9365246529439921,0.052068941563303245,0.7837150127226462,0.7463144963144963,0.6724673710379118,0.03560274828232356,0.915083135391924,0.8497652582159625
1767329036,549242676,859_1767329036-549242676.png,-195757,201227,0,0,-1.8742053462009804,1.92657590379902,168.84,383.96,841.0,-192.0,1870.0,-290.0,550.0,-8.0,830.5043849919065,-163.44668963326816,2053.9402412044788,-317.15142042360947,503.57533085532737,6.292684859007169,-373.2385441064835,359.35003185272205,-0.5235987755982988,0.5349973081836817,,,,,,,,,,1.0,0.5000000000291038,0.9367161321206318,0.05205350458092453,0.8436932024718284,0.6805896805896806,0.6774394033561218,0.05871330418488445,0.8735154394299287,0.7464788732394366
1767329036,582595215,860_1767329036-582595215.png,-195757,201227,0,0,-1.8742053462009804,1.92657590379902,168.85,383.8,751.0,-198.0,2359.0,-342.0,447.0,46.0,825.6359706649316,-168.7755891296839,2084.6163813602307,-318.71513758099786,503.9647986340391,11.044473431551758,-370.4894054532052,357.334950685501,-0.5235987755982988,0.5349973081836817,,,,,,,,,,1.0,0.5000000000291038,0.936732088718685,0.05193000872189504,0.8109778262450018,0.6769041769041769,0.778744561839652,0.042473454091193005,0.8123515439429929,1.0
1767329036,615948975,861_1767329036-615948975.png,-195757,201227,0,0,-1.8742053462009804,1.92657590379902,168.76,383.68,688.0,-147.0,2281.0,-325.0,368.0,31.0,809.0193352016296,-168.43373037494442,2117.6834525861414,-320.58179507825844,488.4843680522584,14.798877633487844,-374.0565839707852,358.20056295394886,-0.5235987755982988,0.5349973081836817,,,,,,,,,,1.0,0.5000000000291038,0.9365884793362054,0.05183738682762293,0.7880770628862231,0.7082309582309583,0.7625854568054693,0.04778263585259214,0.765439429928741,0.9295774647887324
1767329036,649301514,862_1767329036-649301514.png,-195757,201227,0,0,-1.8742053462009804,1.92657590379902,168.69,383.52,716.0,-179.0,2118.0,-287.0,406.0,32.0,791.4319683562854,-168.53165536864756,2126.5406718100844,-316.8304258523105,472.1775860706008,17.717512703308167,-368.11483645439154,353.9842674732207,-0.5235987755982988,0.5349973081836817,,,,,,,,,,1.0,0.5000000000291038,0.9364767831498323,0.05171389096859344,0.7982551799345692,0.6885749385749386,0.7288170706442925,0.059650218613366654,0.7880047505938242,0.9342723004694835
1767329036,682655273,863_1767329036-682655273.png,-195757,201227,0,0,-1.8742053462009804,1.92657590379902,168.7,383.65,744.0,-116.0,2110.0,-254.0,477.0,23.0,783.7274338087165,-162.5773229153587,2124.3411613973585,-308.547128654118,470.9354042061833,18.736889417837386,-371.6338949799538,358.2912652492522,-0.5235987755982988,0.5349973081836817,,,,,,,,,,1.0,0.5000000000291038,0.9364927397478856,0.05181423135405491,0.8084332969829152,0.7272727272727273,0.7271597265382226,0.06995627732667084,0.830166270783848,0.892018779342723
1767329036,716007813,864_1767329036-716007813.png,-195757,201227,0,0,-1.8742053462009804,1.92657590379902,168.62,383.62,772.0,-169.0,2245.0,-286.0,491.0,20.0,780.9566478436662,-162.2788085925182,2141.6054184051445,-303.8002218055655,474.0308521736019,19.034899900106733,-373.34478473663336,359.80340003967274,-0.5235987755982988,0.5349973081836817,,,,,,,,,,1.0,0.5000000000291038,0.9363650869634592,0.0517910758804869,0.8186114140312613,0.6947174447174447,0.7551274083281542,0.05996252342286072,0.838479809976247,0.8779342723004695
1767329036,749361572,865_1767329036-749361572.png,-195757,201227,0,0,-1.8742053462009804,1.92657590379902,168.58,383.57,768.0,2.0,2181.0,-289.0,442.0,21.0,777.0172473896503,-142.24841350815043,2152.097387917895,-303.3678458412602,473.1711548713953,18.38267309028589,-373.2626365721226,359.82890558242786,-0.5235987755982988,0.5349973081836817,,,,,,,,,,1.0,0.5000000000291038,0.9363012605712461,0.05175248342454017,0.817157397310069,0.7997542997542998,0.7418686554795939,0.05902560899437852,0.8093824228028503,0.8826291079812206
1767329036,816067871,866_1767329036-816067871.png,-195757,201227,0,0,-1.8742053462009804,1.92657590379902,168.66,383.54,797.0,-15.0,2128.0,-217.0,434.0,9.0,779.0248711412584,-109.007118910346,2151.5051617271206,-289.2798103260282,464.2807575574542,17.276029938211977,-371.5912948250771,358.3746597766875,-0.5235987755982988,0.5316154241758472,,,,,,,,,,1.0,0.5000000000291038,0.9364289133556725,0.051729327950972154,0.8276990185387132,0.7893120393120393,0.7308887507768801,0.08151155527795129,0.8046318289786223,0.8262910798122065
1767329036,849420410,867_1767329036-849420410.png,-195757,201227,0,0,-1.8742053462009804,1.92657590379902,168.66,383.59,855.0,-59.0,2292.0,-219.0,304.0,20.0,790.1356128302665,-101.69398645278332,2172.051383630755,-279.0019624274505,440.8410066588347,17.674388298108802,-373.8664418160916,361.1974642276763,-0.5235987755982988,0.5327877685393145,,,,,,,,,,1.0,0.5000000000291038,0.9364289133556725,0.05176792040691883,0.8487822609960014,0.7622850122850123,0.7648643049513155,0.08088694565896315,0.7274346793349169,0.8779342723004695
1767329036,882774170,868_1767329036-882774170.png,-195757,201227,0,0,-1.8742053462009804,1.92657590379902,168.57,383.57,833.0,69.0,2464.0,-230.0,328.0,-8.0,796.4041791447249,-76.73138593031346,2214.746482825296,-271.83582589087206,424.3389316278727,13.919718833395423,-373.8672860264778,361.1493189334868,-0.5235987755982988,0.5353576226092084,,,,,,,,,,1.0,0.5000000000291038,0.9362853039731928,0.05175248342454017,0.8407851690294438,0.8409090909090909,0.800497203231821,0.07745159275452843,0.7416864608076009,0.7464788732394366
1767329036,916126709,869_1767329036-916126709.png,-195757,201227,0,0,-1.8742053462009804,1.92657590379902,168.58,383.62,851.0,80.0,2098.0,-223.0,540.0,8.0,821.1417374462978,-41.14422428679024,2249.2630230582577,-268.35533099098774,425.9074020601224,12.613313988660767,-366.95872280001646,351.99956369400013,-0.5235987755982988,0.538786808343741,,,,,,,,,,1.0,0.5000000000291038,0.9363012605712461,0.0517910758804869,0.8473282442748091,0.8476658476658476,0.7246737103791174,0.07963772642098689,0.8675771971496438,0.8215962441314554
1767329036,949480469,870_1767329036-949480469.png,-195757,201227,0,0,-1.8742053462009804,1.92657590379902,168.61,383.66,742.0,-114.0,1952.0,-249.0,461.0,24.0,819.6217189018652,-32.09770970230164,2214.174723329334,-262.1105794243067,440.7830063603082,12.796610449574011,-366.95872280001646,351.99956369400013,-0.5235987755982988,0.539363898648008,,,,,,,,,,1.0,0.5000000000291038,0.9363491303654059,0.05182194984524427,0.8077062886223191,0.7285012285012284,0.6944271804433395,0.07151780137414117,0.8206650831353919,0.8967136150234741
1767329036,982833008,871_1767329036-982833008.png,-195757,201227,0,0,-1.8742053462009804,1.92657590379902,168.64,383.67,578.0,-245.0,1957.0,-303.0,444.0,34.0,798.219504914045,-52.10353096442319,2176.140235590464,-263.50263192684946,442.6977385095191,15.04786046297274,-368.3106932640076,352.6837713718413,-0.5235987755982988,0.5348581395068766,,,,,,,,,,1.0,0.5000000000291038,0.9363970001595658,0.051829668336433626,0.748091603053435,0.648034398034398,0.6954630205096333,0.05465334166146159,0.8105700712589073,0.9436619718309859
1767329037,49539307,872_1767329037-49539307.png,-195757,201227,0,0,-1.8742053462009804,1.92657590379902,168.64,383.59,615.0,-192.0,2096.0,-300.0,402.0,19.0,754.4091639197379,-87.46702761105675,2147.487788620542,-271.89196803723974,436.8466503802383,17.090228087887613,-375.1775005459786,361.6575670242309,-0.5235987755982988,0.5376884740342106,,,,,,,,,,1.0,0.5000000000291038,0.9363970001595658,0.05176792040691883,0.7615412577244638,0.6805896805896806,0.7242593743526,0.05559025608994379,0.7856294536817102,0.8732394366197183
1767329037,82892822,873_1767329037-82892822.png,-195757,201227,0,0,-1.8742053462009804,1.92657590379902,168.59,383.45,794.0,58.0,2207.0,-228.0,400.0,4.0,756.0929047940571,-77.5270716717961,2138.163737417114,-269.0796180969163,436.2569239441023,15.86377405392437,-375.211853414774,361.632921218872,-0.5235987755982988,0.5343330955587793,,,,,,,,,,1.0,0.5000000000291038,0.9363172171692994,0.05165986153026805,0.826608505997819,0.8341523341523341,0.7472550238243216,0.07807620237351656,0.7844418052256532,0.8028169014084507
1767329037,116245605,874_1767329037-116245605.png,-195757,201227,0,0,-1.8742053462009804,1.92657590379902,168.51,383.43,654.0,85.0,2028.0,-300.0,575.0,34.0,749.9733557431526,-51.6621532464504,2133.8596143531745,-268.49664941604647,445.8292802590423,16.528629594972564,-375.8549469113351,362.6157443523406,-0.5235987755982988,0.5352521967579574,,,,,,,,,,1.0,0.5000000000291038,0.936189564384873,0.051644424547889395,0.7757179207560887,0.8507371007371007,0.7101719494510048,0.05559025608994379,0.8883610451306414,0.9436619718309859
1767329037,149599121,875_1767329037-149599121.png,-195757,201227,0,0,-1.8742053462009804,1.92657590379902,168.52,383.22,610.0,-1.0,2094.0,-345.0,616.0,17.0,731.9558728792223,-39.45975061111276,2124.3517567843182,-277.1764246320761,468.4300951253172,17.54511139594079,-370.3608906567097,357.0111162662505,-0.5235987755982988,0.5352521967579574,,,,,,,,,,1.0,0.5000000000291038,0.9362055209829263,0.051482336232913234,0.7597237368229734,0.797911547911548,0.7238450383260825,0.041536539662710814,0.91270783847981,0.863849765258216
1767329037,182951660,876_1767329037-182951660.png,-195757,201227,0,0,-1.8742053462009804,1.92657590379902,168.59,383.27,841.0,-129.0,2186.0,-267.0,512.0,-8.0,741.5216838570218,-50.54198096083177,2131.7792373780776,-279.23688541639314,482.5230219884556,13.780826185776045,-370.3608906567097,357.0111162662505,-0.5235987755982988,0.5352521967579574,,,,,,,,,,1.0,0.5000000000291038,0.9363172171692994,0.05152092868885991,0.8436932024718284,0.7192874692874693,0.7429044955458877,0.06589631480324798,0.8509501187648456,0.7464788732394366
1767329037,216305176,877_1767329037-216305176.png,-195757,201227,0,0,-1.8742053462009804,1.92657590379902,168.56,382.92,894.0,-105.0,2281.0,-272.0,495.0,6.0,763.8203914642103,-58.506021187262654,2153.6015544051606,-278.1785500676766,484.34767805456704,12.642943944892137,-374.6368812024594,360.9371070861815,-0.5235987755982988,0.5352521967579574,,,,,,,,,,1.0,0.5000000000291038,0.9362693473751396,0.05125078149723297,0.8629589240276263,0.7340294840294841,0.7625854568054693,0.06433479075577764,0.8408551068883611,0.812206572769953
1767329037,249657959,878_1767329037-249657959.png,-195757,201227,0,0,-1.8742053462009804,1.92657590379902,168.71,382.66,794.0,-213.0,1960.0,-265.0,500.0,-2.0,777.3956246624379,-73.01981143341273,2135.446504318306,-275.75938901712067,490.453213117489,10.820850216838616,-373.79189154505735,361.1524713039397,-0.5235987755982988,0.5352521967579574,,,,,,,,,,1.0,0.5000000000291038,0.9365086963459389,0.05105010072631003,0.826608505997819,0.6676904176904177,0.6960845245494096,0.0665209244222361,0.8438242280285035,0.7746478873239436
1767329037,283011475,879_1767329037-283011475.png,-195757,201227,0,0,-1.8742053462009804,1.92657590379902,168.79,382.61,822.0,-235.0,2217.0,-302.0,496.0,-8.0,783.2267608775785,-102.80592556638504,2123.868594598648,-276.97159908367297,491.98684681505927,7.7320680103824495,-376.4301788806916,363.24148988723744,-0.5235987755982988,0.5352521967579574,,,,,,,,,,1.0,0.5000000000291038,0.9366363491303653,0.051011508270363354,0.8367866230461649,0.6541769041769042,0.7493267039569091,0.054965646470955656,0.8414489311163895,0.7464788732394366
1767329037,316364014,880_1767329037-316364014.png,-195757,201227,0,0,-1.8742053462009804,1.92657590379902,168.87,382.46,823.0,-228.0,2292.0,-325.0,444.0,-1.0,788.9875339506652,-121.50470251696127,2144.276080946034,-282.71338386305246,487.867543937136,6.064907713698378,-373.649804443121,360.3933231830596,-0.5235987755982988,0.5331174532526094,,,,,,,,,,1.0,0.5000000000291038,0.9367640019147916,0.05089573090252317,0.837150127226463,0.6584766584766585,0.7648643049513155,0.04778263585259214,0.8105700712589073,0.7793427230046949
1767329037,349717529,881_1767329037-349717529.png,-195757,201227,0,0,-1.8742053462009804,1.92657590379902,168.79,382.58,855.0,-245.0,2241.0,-313.0,445.0,13.0,800.4209251987329,-145.13695040333835,2166.150406344886,-289.3550833940466,479.3032688880692,6.7094566603289385,-365.5015507340432,352.18397736549366,-0.5235987755982988,0.5338607591276233,,,,,,,,,,1.0,0.5000000000291038,0.9366363491303653,0.05098835279679528,0.8487822609960014,0.648034398034398,0.7542987362751192,0.05153029356652093,0.8111638954869358,0.8450704225352113
1767329037,383069824,882_1767329037-383069824.png,-195757,201227,0,0,-1.8742053462009804,1.92657590379902,168.95,382.48,938.0,-275.0,2346.0,-316.0,434.0,13.0,820.5407405237153,-164.12836010134708,2192.451939596516,-293.2516846921416,472.67803605405993,7.629397214303455,-369.5298629403115,355.3049674034117,-0.5235987755982988,0.5334189118509692,,,,,,,,,,1.0,0.5000000000291038,0.936891654699218,0.05091116788490188,0.8789531079607416,0.6296068796068797,0.7760513776672882,0.05059337913803873,0.8046318289786223,0.8450704225352113
1767329037,449775391,883_1767329037-449775391.png,-195757,201227,0,0,-1.8742053462009804,1.92657590379902,168.8,382.25,915.0,-249.0,2371.0,-299.0,435.0,15.0,834.3546352540202,-176.54014382322433,2218.563134246873,-294.092328827821,467.167931204825,8.70728763547562,-372.2644551992417,356.7539114952086,-0.5235987755982988,0.5334189118509692,,,,,,,,,,1.0,0.5000000000291038,0.9366523057284186,0.050733642587547007,0.8705925118138857,0.6455773955773956,0.781230577998757,0.05590256089943786,0.8052256532066508,0.8544600938967136
1767329037,483128662,884_1767329037-483128662.png,-195757,201227,0,0,-1.8742053462009804,1.92657590379902,168.8,382.0,753.0,-137.0,2145.0,-256.0,433.0,6.0,832.0554629512277,-167.58160652684776,2220.019188649365,-288.7845530363503,463.9552541582912,9.231252173058069,-372.2289334237576,356.76981663703907,-0.5235987755982988,0.5334189118509692,,,,,,,,,,1.0,0.5000000000291038,0.9366523057284186,0.05054068030781342,0.811704834605598,0.7143734643734644,0.7344106070022789,0.0693316677076827,0.8040380047505938,0.812206572769953
1767329037,516480957,885_1767329037-516480957.png,-195757,201227,0,0,-1.8742053462009804,1.92657590379902,168.74,382.09,827.0,5.0,2293.0,-285.0,463.0,3.0,822.9284317080866,-153.59418840975604,2216.124751612672,-284.8960934121366,460.4442121980537,8.488984639440975,-373.0045030117036,361.62933897972096,-0.5235987755982988,0.5334189118509692,,,,,,,,,,1.0,0.5000000000291038,0.9365565661400987,0.05061014672851752,0.8386041439476553,0.8015970515970516,0.7650714729645742,0.06027482823235479,0.821852731591449,0.7981220657276995
1767329037,549834229,886_1767329037-549834229.png,-195757,201227,0,0,-1.8742053462009804,1.92657590379902,168.79,382.02,791.0,-9.0,2301.0,-291.0,500.0,-7.0,821.3176202311191,-131.25906865736204,2227.857405107572,-285.2789964122313,463.0855049268268,7.07341964331154,-370.7042894661427,359.36034870147694,-0.5235987755982988,0.5334189118509692,,,,,,,,,,1.0,0.5000000000291038,0.9366363491303653,0.05055611729019213,0.8255179934569247,0.792997542997543,0.7667288170706443,0.05840099937539038,0.8438242280285035,0.7511737089201878
