sec,nanosec,image,motor position #0,motor position #1,motor velocity #0,motor velocity #1,wire length #0,wire length #1,loadcell #0,loadcell #1,fx,fy,fz,tx,ty,tz,fx_kalman,fy_kalman,fz_kalman,tx_kalman,ty_kalman,tz_kalman,fx_estimated,fy_estimated,theta_desired,theta_actual,translation(m)(x),translation(m)(y),translation(m)(z),Rotation(rad)(x),Rotation(rad)(y),Rotation(rad)(z),Rotation(deg)(x),Rotation(deg)(y),Rotation(deg)(z)
1767170319,733691406,1_1767170319-733691406.png,0,0,0,0,0,0,66.54,145.91,33,-35,202,2,-46,-11,-51.97036498,11.38669385,156.3603698,-18.41352251,-11.85824621,-10.89865339,0.290978223,255.4017625,0,-0.075183227,,,,,,,,,
1767170319,767039551,2_1767170319-767039551.png,0,0,0,0,0,0,66.54,145.91,33,-35,202,2,-46,-11,-49.32551544,9.94282779,157.7809822,-17.77811633,-12.92096733,-10.90180798,46.34622645,170.4204464,0,-0.058082566,,,,,,,,,
1767170319,800388428,3_1767170319-800388428.png,0,0,0,0,0,0,66.55,145.75,53,42,73,-14,-19,-31,-34.36124506,14.63092724,145.3824564,-17.22559769,-13.80997618,-13.84100431,10.96017402,271.3222363,0,-0.09493523,,,,,,,,,
1767170319,867085449,4_1767170319-867085449.png,0,0,0,0,0,0,66.59,145.75,22,14,34,15,-25,-37,-23.09400022,16.21899178,135.6500792,-12.94899113,-16.17805338,-18.48524869,10.96017402,271.3292575,0,-0.080881016,,,,,,,,,
1767170319,900433594,5_1767170319-900433594.png,0,0,0,0,0,0,66.57,145.74,-26,-40,124,-30,-44,-21,-21.15956095,7.881321114,128.627793,-13.98020869,-20.70836949,-19.82174333,-13.54186353,258.4223065,0,-0.048148049,,,,,,,,,
1767170319,933782471,6_1767170319-933782471.png,0,0,0,0,0,0,66.52,145.81,3,-93,231,-55,-71,-11,-17.6264226,-6.871747646,143.5988916,-19.97901794,-28.06310945,-18.53163546,-13.4951722,257.8262219,0,-0.060383511,,,,,,,,,
1767170319,967130371,7_1767170319-967130371.png,0,0,0,0,0,0,66.38,144.17,127,-33,135,-12,-36,-25,14.38589157,-22.08127949,160.0123493,-21.96393778,-38.1504169,-18.03138712,44.33525237,267.5444069,0,-0.035835818,,,,,,,,,
1767170320,33827393,8_1767170320-33827393.png,0,0,0,0,0,0,66.39,143.36,48,33,-108,16,7,-25,28.00318041,-14.86976343,118.885072,-15.64212565,-31.38137837,-19.58894264,63.78774291,196.7467518,0,-0.058562699,,,,,,,,,
1767170320,67176514,9_1767170320-67176514.png,0,0,0,0,0,0,66.39,144.21,-71,-7,298,1,-7,-8,16.27800693,-5.008350385,128.5856221,-12.4827117,-25.04252628,-19.1447696,6.848025233,274.4294705,0,-0.12664174,,,,,,,,,
1767170320,100524414,10_1767170320-100524414.png,0,0,0,0,0,0,66.42,143.37,-11,72,179,73,-53,-2,3.899291067,3.932751986,152.3126595,-0.914626519,-26.47525403,-15.94092056,-60.78309748,222.9506879,0,-0.071089119,,,,,,,,,
1767170320,167221924,11_1767170320-167221924.png,0,0,0,0,0,0,66.43,143.09,-45,2,374,-9,-56,13,-3.647774804,5.458969461,185.4418294,-0.132787329,-31.49789399,-11.33807167,10.90172869,146.9112139,0,-0.083398776,,,,,,,,,
1767170320,200571289,12_1767170320-200571289.png,0,0,0,0,0,0,66.43,142.98,-94,-6,178,-38,-2,-46,-29.11898025,1.847617134,203.8306551,-14.27978239,-25.60939384,-15.54167247,-5.389778405,258.1403127,0,-0.100449594,,,,,,,,,
1767170320,233919434,13_1767170320-233919434.png,0,0,0,0,0,0,66.37,144.03,73,-51,335,-27,-74,-54,-15.90910755,-6.089463041,222.3266579,-16.77036792,-32.05871198,-21.97530947,-13.82259595,253.7645359,0,-0.064800327,,,,,,,,,
1767170320,300617188,14_1767170320-300617188.png,0,0,0,0,0,0,66.4,144.45,111,-85,403,-32,-78,-38,2.838343408,-27.79855443,241.5910728,-20.61810198,-37.88629288,-27.62826705,6.3064318,159.257616,0,-0.036552304,,,,,,,,,
1767170320,333966309,15_1767170320-333966309.png,0,0,0,0,0,0,66.48,146.94,-159,-75,352,-39,-4,-3,-6.979177656,-46.6246046,298.3606326,-28.18663568,-38.98364474,-25.24659109,49.67312971,184.5558188,0,-0.066283052,,,,,,,,,
1767170320,400664063,16_1767170320-400664063.png,0,0,0,0,0,0,66.38,147.4,-14,-2,213,-10,-24,-24,-31.48485169,-45.31032917,302.9057833,-28.00057935,-30.795152,-22.06143247,-0.210937321,266.099045,0,-0.099875755,,,,,,,,,
1767170320,467361572,17_1767170320-467361572.png,0,0,0,0,0,0,66.4,147.97,100,-67,163,9,-36,-29,1.870976445,-46.9399625,273.7486329,-19.41801977,-32.63669487,-23.3089234,-43.19059724,251.0116568,0,-0.099875755,,,,,,,,,
1767170320,500709961,18_1767170320-500709961.png,0,0,0,0,0,0,66.35,147.78,57,-131,89,-2,-24,-26,8.116781511,-52.67768408,259.1904097,-17.52021354,-32.20567149,-23.64013328,-43.18410331,250.8848455,-0.013159126,-0.070716845,,,,,,,,,
1767170320,534059082,19_1767170320-534059082.png,-266,242,-10650,9600,-0.002546722,0.002316942,66.44,147.73,133,-150,276,-31,-76,-33,23.4428927,-67.93264549,246.7028909,-17.46267218,-35.49378958,-24.68148333,-19.77752614,268.0513654,-0.026316172,-0.10169504,,,,,,,,,
1767170320,600756836,20_1767170320-600756836.png,-1996,2037,-34600,36200,-0.019109988,0.019502528,66.24,144.45,-91,-23,15,38,-21,-7,16.4145814,-70.65449617,223.7778963,-5.403876502,-42.6132819,-22.00765118,-50.46359959,255.0220451,-0.046043301,-0.112872343,,,,,,,,,
1767170320,634104980,21_1767170320-634104980.png,-4116,4227,-50150,51350,-0.039407169,0.040469899,65.77,143.99,-222,77,64,-31,63,20,-18.45160269,-49.06123281,200.4116848,-9.147100379,-27.16820254,-15.8643755,-56.61185396,246.9602876,-0.062470386,-0.055195896,,,,,,,,,
1767170320,700802734,22_1767170320-700802734.png,-7254,7404,-67600,67600,-0.069450827,0.070886949,64.04,147.74,11,-50,46,-9,-20,6,-26.49213302,-47.48961759,147.0896809,-15.29625107,-17.27420457,-8.129419076,70.8528747,230.7007906,-0.078882058,-0.089950969,,,,,,,,,
1767170320,734152100,23_1767170320-734152100.png,-10454,10525,-68450,67950,-0.100088082,0.100767846,63.22,148.25,32,-145,274,-28,-33,-11,-16.94179443,-61.81642677,162.96285,-16.98674955,-19.64641083,-8.173733011,-6.510240406,244.6324053,-0.09199756,-0.065151717,,,,,,,,,
1767170320,800849609,24_1767170320-800849609.png,-14890,14956,-68500,68200,-0.142558977,0.14319087,61.34,154.03,-106,77,395,-23,-86,-29,-28.81561822,-17.83760565,281.0856157,-23.83511903,-43.85493423,-12.15977583,-52.32365483,262.5683901,-0.111642925,-0.100173929,,,,,,,,,
1767170320,834197998,25_1767170320-834197998.png,-17148,17216,-68300,67500,-0.16417739,0.164828431,61.08,158.09,-18,-2,604,-38,-98,-42,-28.4789634,-17.34463279,291.1368843,-24.27602544,-45.54029303,-13.0886044,-136.7126784,250.4983935,-0.124718222,-0.051169572,,,,,,,,,
1767170320,900895508,26_1767170320-900895508.png,-21038,21099,-68300,67600,-0.201420803,0.202004825,61.1,160.3,-8,-75,458,-53,-81,-38,-24.42111848,-24.21973195,347.2754242,-29.86880294,-56.04738713,-19.66440326,-78.76744121,199.0625978,-0.14103442,-0.013770065,,,,,,,,,
1767170320,934244873,27_1767170320-934244873.png,-24239,24305,-68250,67600,-0.232067632,0.232699525,62.88,163.13,133,-188,378,-71,-84,-21,5.548254955,-57.05280115,340.4522479,-35.28811133,-61.68201883,-21.15500057,-98.9621875,243.8795619,-0.157315805,-0.075636448,,,,,,,,,
1767170321,942627,28_1767170321-942627.png,-28546,28620,-68200,67750,-0.273303462,0.274011949,66.42,170.03,42,-149,322,-76,-100,-22,33.62307262,-39.50595551,271.0997966,-36.67218818,-62.53388096,-22.02461603,-91.01063481,213.0731649,-0.176801905,-0.06803064,,,,,,,,,
1767170321,34290771,29_1767170321-34290771.png,-30449,30668,-68200,68750,-0.291523055,0.293619792,66.42,170.03,42,-149,322,-76,-100,-22,34.13644914,-46.2162526,274.2191944,-39.08237681,-64.82997652,-22.02310745,-121.6369641,261.7328687,-0.189758151,-0.04248048,,,,,,,,,
1767170321,67640137,30_1767170321-67640137.png,-33261,33317,-68250,67700,-0.318445542,0.318981694,67.83,171.43,71,-155,294,-49,-101,-37,39.73641368,-64.85643382,278.3817361,-41.51382289,-71.05417966,-24.21274151,-83.62665126,196.3848023,-0.202684435,-0.041910898,,,,,,,,,
1767170321,100988525,31_1767170321-100988525.png,-35778,35925,-68450,68300,-0.342543658,0.343951057,70.74,175.75,190,-71,371,26,-153,-68,46.37313052,-59.62419064,294.1640834,-35.93293436,-76.48059588,-28.78893285,-111.8399026,274.0786977,-0.215578712,-0.036006017,,,,,,,,,
1767170321,167686768,32_1767170321-167686768.png,-38039,38107,-68100,68800,-0.364190794,0.364841835,72.16,177.86,174,-44,361,16,-169,-56,72.99124848,-58.67505635,308.2327999,-24.82341422,-93.57561204,-35.14908043,-105.1181047,279.3122058,-0.228438951,0.014867227,,,,,,,,,
1767170321,201036377,33_1767170321-201036377.png,-41994,42067,-68150,68750,-0.402056526,0.402755438,75.02,180.07,46,112,-7,68,-43,-22,91.75583937,-25.11780489,297.0541667,-9.289480422,-102.5048686,-33.5552512,-48.12078589,283.4028363,-0.24126312,-0.026364972,,,,,,,,,
1767170321,267734619,34_1767170321-267734619.png,-45683,45745,-68350,67700,-0.437375536,0.437969133,77.03,181.1,111,109,327,18,-76,-30,89.92876499,8.404768197,270.5908883,2.541464535,-92.59270013,-31.86318452,-146.6719582,286.1250515,-0.257239507,0.002355784,,,,,,,,,
1767170321,301083496,35_1767170321-301083496.png,-48280,48348,-68450,68300,-0.462239583,0.462890625,78.84,181.24,50,5,183,-12,-54,-32,83.73686349,7.391298589,281.8080376,-2.380267424,-87.05676211,-33.30372647,-150.2311492,287.9969864,-0.273152427,-0.011470142,,,,,,,,,
1767170321,334433105,36_1767170321-334433105.png,-51894,51959,-68450,68250,-0.496840533,0.497462852,79.24,180.59,68,-3,370,-53,-63,-37,78.01327972,5.629087821,284.6825129,-10.75879496,-80.1854492,-33.71202901,-212.1284599,293.3734975,-0.288997952,-0.007239852,,,,,,,,,
1767170321,401131348,37_1767170321-401131348.png,-55512,55580,-68450,68300,-0.531479779,0.532130821,79.63,181.34,32,-151,339,-73,-58,-38,64.29712962,-10.742016,303.8059716,-23.08188652,-76.752425,-33.61427535,-341.6148127,300.4638951,-0.304772188,0.034684526,,,,,,,,,
1767170321,467829834,38_1767170321-467829834.png,-60428,60570,-68450,68300,-0.578546262,0.57990579,80.16,183.81,-1,38,245,-45,7,-44,68.91726015,-28.21367522,304.7646792,-38.52429659,-59.93241042,-39.71463102,-290.7699043,314.9556286,-0.323601636,0.024257105,,,,,,,,,
1767170321,501178467,39_1767170321-501178467.png,-63216,63369,-67950,68700,-0.605238971,0.606703814,80.53,184.34,-25,-31,271,-17,8,-32,61.11865758,-26.4497273,300.9491523,-37.39440349,-53.81349333,-39.36705785,-292.5648255,302.322504,-0.342316135,0.065629787,,,,,,,,,
1767170321,567876953,40_1767170321-567876953.png,-66432,66508,-68100,68750,-0.636029412,0.636757047,81.14,185.15,2,-25,254,-19,-19,-34,47.22654975,-26.64036762,292.9825002,-33.58243502,-44.74751717,-38.1418518,-290.3071472,301.2206073,-0.354725301,0.061830089,,,,,,,,,
1767170321,601226563,41_1767170321-601226563.png,-68970,69022,-68450,68300,-0.660328585,0.66082644,81.82,186.95,14,-40,293,-5,-54,-44,41.16555643,-28.5505124,291.9491112,-29.01496366,-45.41638464,-38.88848963,-346.9478196,321.005744,-0.367078473,0.061830089,,,,,,,,,
1767170321,634575195,42_1767170321-634575195.png,-71624,71698,-68050,68900,-0.685738358,0.686446844,83.38,190.68,-134,110,283,-31,9,-22,12.3109513,-3.473175658,257.388834,-25.24900661,-35.87064424,-36.25325911,-341.4726606,320.5207088,-0.379373656,0.083520285,,,,,,,,,
1767170321,667925049,43_1767170321-667925049.png,-72996,73055,-68600,68150,-0.698874081,0.699438955,84.23,192.4,-56,72,215,-12,-24,-35,-9.68185211,15.61937529,256.3200373,-24.67137632,-29.94757066,-34.59962279,-337.775149,320.1399884,-0.391608917,0.137435345,,,,,,,,,
1767170321,701273682,44_1767170321-701273682.png,-76538,76682,-68550,68150,-0.732785692,0.734164369,84.95,193.93,-31,-7,57,12,-16,-52,-14.71605932,15.97662282,230.4067395,-19.6300322,-27.96922519,-36.68864187,-314.1872614,339.9666791,-0.400744891,0.136640845,,,,,,,,,
1767170321,734623535,45_1767170321-734623535.png,-79070,79198,-68200,68800,-0.75702742,0.758252911,85.34,195.05,-11,17,312,-22,-64,-46,-14.60535684,15.51568652,237.7308551,-19.13606202,-32.92035299,-38.45724664,-311.5702742,339.4568548,-0.412870696,0.134079724,,,,,,,,,
1767170321,767972168,46_1767170321-767972168.png,-81450,81512,-68300,67650,-0.779813879,0.780407475,85.85,196,-29,-159,396,-41,-59,-29,-16.71045576,-10.0058064,260.8764241,-22.33348427,-36.73428823,-37.07420161,-366.2254936,342.1564302,-0.421922348,0.134079724,,,,,,,,,
1767170321,834670654,47_1767170321-834670654.png,-84120,84251,-68500,68300,-0.805376838,0.806631051,87.08,201.6,102,-98,287,-27,-58,-69,-12.77303342,-30.59686965,237.7614992,-22.71486592,-37.00879953,-38.34081328,-363.8257282,342.1739116,-0.433932805,0.126214881,,,,,,,,,
1767170321,868020508,48_1767170321-868020508.png,-87049,87259,-68000,68850,-0.833419501,0.83543007,87.52,203.37,83,22,194,25,-79,-62,8.297193325,-33.12026064,239.1216485,-18.85954573,-43.0774754,-43.79509926,-411.9429278,345.666738,-0.445874752,0.179024759,,,,,,,,,
1767170321,901369141,49_1767170321-901369141.png,-89380,89503,-68400,68250,-0.855736826,0.856914445,88.03,206.59,27,-7,246,19,-90,-55,14.94094229,-26.41637184,237.7666866,-11.02806798,-51.81905722,-46.38624516,-358.0498355,324.0522234,-0.457746259,0.129227602,,,,,,,,,
1767170321,934718994,50_1767170321-934718994.png,-92856,92922,-68550,68200,-0.889016544,0.889648438,89.22,211.57,68,68,100,44,-47,-63,20.53450283,-17.55279629,212.1958093,-6.690886298,-49.07753278,-49.27330112,-433.716932,358.8250189,-0.472483793,0.159656363,,,,,,,,,
1767170322,1417480,51_1767170322-1417480.png,-95722,95783,-68000,68850,-0.916456036,0.917040058,89.72,215.13,155,107,121,90,-79,-83,40.29620702,4.068634251,192.4128365,8.839916039,-52.46703731,-54.37519734,-391.8422136,333.6020432,-0.48419005,0.198961653,,,,,,,,,
1767170322,34766357,52_1767170322-34766357.png,-98179,98252,-68300,67750,-0.939979703,0.940678615,90.24,216,59,43,-46,127,-43,-86,46.07970271,12.49739843,155.649133,28.27666749,-51.78766598,-59.7607618,-395.3802993,337.0349746,-0.495819875,0.198961653,,,,,,,,,
1767170322,68116211,53_1767170322-68116211.png,-101182,101326,-68600,68200,-0.968730852,0.970109528,91.39,220.87,35,215,-185,107,-26,-87,66.94262105,39.11646738,107.6394264,42.67277555,-53.94297403,-65.99317181,-408.6853147,344.8826575,-0.507371369,0.217535275,,,,,,,,,
1767170322,101464844,54_1767170322-101464844.png,-104391,104467,-68050,68900,-0.999454274,1.000181909,92.11,222.95,-189,228,-293,72,63,-50,27.04495254,80.32936113,26.43743484,51.93209743,-34.68191382,-65.27746295,-407.5337468,344.4580905,-0.521697878,0.214694954,,,,,,,,,
1767170322,168162598,55_1767170322-168162598.png,-106781,106842,-68200,67750,-1.022336474,1.022920496,93.47,227.26,-30,16,42,25,18,-44,-7.756911147,82.24476509,21.56539214,47.8198664,-20.37735521,-61.60164171,-395.7322052,345.2330005,-0.535895656,0.246890038,,,,,,,,,
1767170322,201512207,56_1767170322-201512207.png,-110187,110468,-68250,67700,-1.054946002,1.057636336,94.31,228.54,-100,130,1,23,24,-32,-22.9653946,84.10995784,20.13681893,42.4269116,-10.92217686,-55.91259468,-395.7322052,345.2330005,-0.547158863,0.22353079,,,,,,,,,
1767170322,234860596,57_1767170322-234860596.png,-113333,113403,-68550,68250,-1.085066253,1.085736443,95.05,231.02,-65,22,186,-19,11,-37,-29.11261211,75.0268841,44.39295365,33.44372779,-7.716237656,-53.14678227,-409.2608714,355.8172276,-0.558335651,0.236025541,,,,,,,,,
1767170322,301558350,58_1767170322-301558350.png,-117431,117500,-68500,68200,-1.124301088,1.124961703,96.53,237.99,100,-66,98,-1,-35,-94,-19.45616906,41.28970691,58.92566217,22.35816493,-9.868866783,-59.10290497,-420.7714852,368.0932746,-0.574934934,0.234848708,,,,,,,,,
1767170322,334907715,59_1767170322-334907715.png,-120027,120093,-68050,68850,-1.149155561,1.149787454,98.04,242.69,147,65,159,17,-75,-73,22.62904896,39.5779557,76.36185147,19.30683851,-21.26629282,-66.18031599,-420.3478215,367.8035431,-0.58588805,0.291293928,,,,,,,,,
1767170322,401605469,60_1767170322-401605469.png,-124194,124319,-68150,69000,-1.189051011,1.190247779,102.08,251.97,-107,-24,368,29,-22,9,-0.555383648,11.26860105,147.2895943,17.80660381,-26.15350889,-51.20469534,-390.1388568,351.1590271,-0.599449132,0.282726167,,,,,,,,,
1767170322,434953857,61_1767170322-434953857.png,-126245,126367,-68400,68250,-1.208687577,1.209855622,102.08,251.97,-107,-24,368,29,-22,9,-3.868656396,10.17080485,154.1595873,18.15501762,-26.02422374,-49.33072009,-420.9635755,382.7987962,-0.610191658,0.282387976,,,,,,,,,
1767170322,468303223,62_1767170322-468303223.png,-129512,129574,-68450,68200,-1.239966299,1.240559896,103.56,254.73,-269,79,257,25,55,37,-50.61073174,17.59619229,185.7222414,19.99401366,-13.86414828,-32.1984425,-419.5804342,382.0651536,-0.620837844,0.294222261,,,,,,,,,
1767170322,535000977,63_1767170322-535000977.png,-132712,132781,-68050,68800,-1.270603554,1.27126417,106.74,259.05,-9,62,116,-11,21,15,-63.11459148,27.96201028,166.0218367,21.01377676,-8.689186047,-22.76656341,-416.6325165,385.0438571,-0.634007442,0.296834815,,,,,,,,,
1767170322,568349365,64_1767170322-568349365.png,-136131,136207,-68100,68900,-1.303337546,1.304065181,108.27,261.35,1,124,144,41,-42,4,-48.24908672,45.45952311,157.7272137,20.68918875,-10.5490121,-15.02121193,-435.3520376,404.8440392,-0.647020646,0.315458665,,,,,,,,,
1767170322,635047119,65_1767170322-635047119.png,-138994,139141,-68200,67700,-1.330748315,1.332155714,110.91,271.97,-80,0,103,24,7,21,-58.26022178,46.86613521,141.5064581,28.07329025,-9.260880632,-8.555091745,-425.2483978,397.0085359,-0.65987426,0.337356245,,,,,,,,,
1767170322,668396729,66_1767170322-668396729.png,-140440,140506,-68100,68850,-1.344592525,1.345224418,111.74,275.94,-37,-134,41,39,22,-14,-58.12555455,26.63939325,129.2406747,28.72691426,-5.093175832,-6.615113834,-390.3853662,367.0640256,-0.667508411,0.337356245,,,,,,,,,
1767170322,701745117,67_1767170322-701745117.png,-144604,144666,-68100,68850,-1.384459252,1.385052849,112.52,280.87,-59,-86,255,19,-5,-14,-57.14809923,1.761793597,143.0150007,27.84194315,-3.661974646,-8.081486687,-393.4849171,368.2997549,-0.68009997,0.342401589,,,,,,,,,
1767170322,768442871,68_1767170322-768442871.png,-149094,149311,-68000,68800,-1.427447151,1.42952474,116.21,293.88,35,-241,195,28,10,-22,-49.22655425,-88.55001033,101.9081954,39.6197374,26.24846795,-15.94563465,-404.9675421,393.3711302,-0.694988105,0.350130115,,,,,,,,,
1767170322,801792236,69_1767170322-801792236.png,-151569,151637,-68300,67600,-1.451143153,1.451794194,117.45,298.19,151,-145,170,73,-65,-31,-40.45406423,-94.9046787,106.8351198,40.30832942,22.91818264,-16.59681448,-382.6644778,372.9932046,-0.704776621,0.346370399,,,,,,,,,
1767170322,868489990,70_1767170322-868489990.png,-154428,154574,-68550,68250,-1.478515625,1.47991345,118.69,302.75,123,-149,406,82,-85,-21,2.870452293,-107.8972408,156.9928505,49.72156946,-1.782204155,-18.70177306,-396.6153142,388.74474,-0.714453882,0.335185037,,,,,,,,,
1767170322,901838379,71_1767170322-901838379.png,-158459,158532,-68450,68300,-1.517108992,1.517807904,121.48,310.99,27,18,-21,90,-10,-22,11.3227976,-88.13733607,148.2001372,58.99021921,-6.944124646,-18.90693458,-398.3671156,383.058007,-0.72875772,0.373341154,,,,,,,,,
1767170322,968536377,72_1767170322-968536377.png,-161593,161812,-68150,68800,-1.547114354,1.549211091,122.81,316.77,147,91,175,90,-59,-11,31.98474559,-56.38662411,143.2664721,65.14764666,-14.71676116,-17.91244605,-395.2912676,398.0263216,-0.740480023,0.374787158,,,,,,,,,
1767170323,1885742,73_1767170323-1885742.png,-164803,164878,-68100,68900,-1.57784735,1.578565411,125.34,325.44,-23,-164,-16,104,33,13,36.98592999,-59.9563178,125.3586541,73.43252174,-14.55908739,-11.93424622,-387.093725,388.8120861,-0.749726452,0.375774818,,,,,,,,,
1767170323,35234131,74_1767170323-35234131.png,-167808,167885,-68200,67700,-1.606617647,1.607354856,126.37,329.48,49,-140,166,100,17,6,35.6042928,-77.10584812,123.9059209,78.91715649,-7.455431962,-8.006894274,-375.7598758,384.6661458,-0.758854503,0.398043997,,,,,,,,,
1767170323,68583496,75_1767170323-68583496.png,-170135,170203,-68550,68250,-1.628896676,1.629547718,128.09,340.81,-56,53,129,134,7,8,30.54198169,-68.2236279,130.5955437,86.73610463,-5.524053606,-6.515846578,-362.432781,371.8718204,-0.767862779,0.398043997,,,,,,,,,
1767170323,135281006,76_1767170323-135281006.png,-172926,173071,-68100,68850,-1.655618107,1.657006357,128.91,344.85,-50,17,256,109,18,5,13.90087828,-47.41110837,141.7726992,93.85842164,-2.041685906,-3.905032573,-352.1409473,364.0820265,-0.776749681,0.404686446,,,,,,,,,
1767170323,168629150,77_1767170323-168629150.png,-174702,174769,-68500,68200,-1.672621783,1.673263251,129.76,347.54,73,-65,85,171,2,-1,19.20020632,-46.61320814,139.4467814,105.931988,-0.401996966,-3.014264268,-316.5265684,321.0660689,-0.785514011,0.398262801,,,,,,,,,
1767170323,201978027,78_1767170323-201978027.png,-178262,178330,-68200,68800,-1.706705729,1.707356771,130.67,347.54,45,-85,22,205,20,-7,22.9732153,-52.22696273,122.2711494,120.4198751,2.581628355,-3.597145545,-319.0253013,318.0147176,-0.794154304,0.426591802,,,,,,,,,
1767170323,235326172,79_1767170323-235326172.png,-181187,181262,-68150,68850,-1.734710095,1.735428156,132.94,363.8,-38,-237,-52,149,42,-7,19.24017409,-81.36587385,58.8384793,137.2144963,10.95781742,-4.959227372,-309.2164208,313.0088966,-0.802669163,0.436368333,,,,,,,,,
1767170323,268675293,80_1767170323-268675293.png,-183587,183845,-68400,67650,-1.757688036,1.760158165,134.29,369.65,-21,-201,-175,174,57,-3,9.894160991,-107.9919338,22.21589824,142.5250078,18.90387925,-4.889197956,-307.887244,307.8252532,-0.811057254,0.43691494,,,,,,,,,
1767170323,302023438,81_1767170323-302023438.png,-186028,186173,-68150,68850,-1.781058517,1.782446768,135.2,375.48,40,-98,-225,233,54,-15,13.47589086,-109.0023566,-19.17835972,156.5926745,25.04879304,-6.317615257,-302.5695628,304.0780878,-0.819317248,0.464181617,,,,,,,,,
1767170323,368720459,82_1767170323-368720459.png,-189866,189989,-68000,68950,-1.817804075,1.818981694,137.68,389.27,31,-189,-7,163,1,-16,19.6538154,-115.9761151,-17.78643702,164.1430709,19.27462516,-7.683687877,-292.0269336,287.292145,-0.82946023,0.479885589,,,,,,,,,
1767170323,402069580,83_1767170323-402069580.png,-192866,192923,-68300,67700,-1.846526501,1.847072227,138.9,397.35,29,-154,-59,182,10,-14,21.61427603,-125.357569,-23.24921351,166.6946928,16.96211815,-9.042524779,-276.3765718,269.6444588,-0.837427343,0.477866988,,,,,,,,,
1767170323,435417725,84_1767170323-435417725.png,-195523,195603,-68550,68200,-1.871964997,1.872730928,140.86,408.86,-26,-41,196,226,-18,-11,18.06150554,-118.5721258,19.17474763,173.6847647,12.4786741,-9.805878242,-268.9424552,255.4434597,-0.84526223,0.483910389,,,,,,,,,
1767170323,468766602,85_1767170323-468766602.png,-197503,197647,-68100,68800,-1.890921798,1.892300475,141.69,415.16,-53,4,239,228,-23,-12,10.77744876,-105.8271335,46.37244504,181.3976938,7.86578345,-10.01163552,-219.3869159,230.0366435,-0.852963626,0.460465608,,,,,,,,,
1767170323,535463867,86_1767170323-535463867.png,-200366,200580,-68300,67750,-1.918332567,1.920381434,142.47,421.45,131,96,254,280,-43,-8,18.38420341,-70.34882737,91.20885408,197.9920762,-1.409299001,-9.980801629,-249.4533389,239.4080677,-0.860530399,0.490974913,,,,,,,,,
1767170323,568811768,87_1767170323-568811768.png,-203581,203726,-68550,68200,-1.949113434,1.950501685,143.5,436.05,257,-34,324,298,-77,-3,51.75210904,-58.2254924,107.2925195,219.9370149,-3.783225442,-10.70706018,-244.3451517,219.4098594,-0.867961217,0.497358376,,,,,,,,,
1767170323,602160889,88_1767170323-602160889.png,-206249,206375,-68050,68900,-1.974657246,1.975863588,143.67,442.86,91,-251,150,258,-55,-10,76.60089866,-61.43721235,133.5681666,230.1080194,-13.80579231,-9.797852722,-224.758107,203.7680838,-0.87525495,0.494277212,,,,,,,,,
1767170323,635509033,89_1767170323-635509033.png,-208558,208626,-68250,67800,-1.99676394,1.997414982,143.82,449.47,68,-232,402,207,-69,-8,77.67975589,-93.03238783,151.8515744,231.8027007,-21.78281641,-9.710217942,-203.467251,194.3710108,-0.882410531,0.522699144,,,,,,,,,
1767170323,702206055,90_1767170323-702206055.png,-212259,212318,-68550,68200,-2.03219784,2.032762714,143.92,-359.56,14,-188,184,279,33,-16,67.61917377,-117.6584155,175.8815614,236.7884576,-17.41966851,-10.49790154,367.6919228,298.4640026,-0.891158882,0.533597146,,,,,,,,,
1767170323,735555176,91_1767170323-735555176.png,-215390,215450,-68600,68350,-2.058277803,2.059666054,143.78,185.47,99,-154,212,293,-5,-10,69.08417819,-111.1235821,178.6148636,251.5509382,-16.63298518,-9.653738234,-47.78212765,272.1914308,-0.897999344,0.546597409,,,,,,,,,
1767170323,768903320,92_1767170323-768903320.png,-217785,217920,-68250,67650,-2.08510455,2.086397059,143.54,188.63,248,-300,-153,341,65,-21,96.04415891,-139.8846425,131.0060999,265.7336288,-4.385685161,-11.32223809,-24.50276649,267.2966592,-0.90469806,0.530611795,,,,,,,,,
1767170323,835600342,93_1767170323-835600342.png,-221673,221803,-68300,67750,-2.122328814,2.123573453,142.59,201.14,113,-146,-117,411,59,-18,113.6458765,-154.2859268,40.19849401,303.6461571,13.89099001,-12.97618425,-50.7021215,284.0205576,-0.914477853,0.537762968,,,,,,,,,
1767170323,868949463,94_1767170323-868949463.png,-224063,224207,-68550,68250,-2.145211014,2.146589691,142.11,214.97,9,-185,-147,446,77,-23,98.32510827,-158.557413,8.644741412,327.3171393,24.31892535,-14.57559177,-65.4383333,277.9834816,-0.919246176,0.565341447,,,,,,,,,
1767170323,902297607,95_1767170323-902297607.png,-226920,227059,-67950,68850,-2.172564338,2.173895144,140.92,513.82,116,-141,-233,502,61,-32,97.30448412,-155.2084216,-29.17853551,355.9625782,34.07349807,-16.93721705,-126.0498466,95.86960769,-0.927011621,0.568806051,,,,,,,,,
1767170323,968994629,96_1767170323-968994629.png,-231084,231153,-68050,68800,-2.212431066,2.213091682,139.94,535.73,129,-179,-304,548,58,-39,107.8306867,-156.3354266,-105.7255528,407.0195966,42.37763067,-22.26198088,-124.9908172,82.07483459,-0.933059394,0.594791548,,,,,,,,,
1767170324,2343750,97_1767170324-2343750.png,-233559,233628,-68250,67750,-2.236127068,2.236787684,139.68,543.69,139,-174,-540,597,101,-40,110.0578558,-158.2310213,-131.0160371,421.304058,45.12996265,-23.8079607,-111.6040432,76.46547794,-0.940411849,0.575930512,,,,,,,,,
1767170324,35691895,98_1767170324-35691895.png,-236143,236281,-68500,68150,-2.260866651,2.262187883,139.66,550.34,-30,-83,-311,560,140,-29,96.44725846,-150.943531,-195.2198312,456.1777849,62.25120299,-26.12009833,-122.1832981,72.5095396,-0.946126859,0.592970335,,,,,,,,,
1767170324,102388916,99_1767170324-102388916.png,-239144,239209,-68050,68900,-2.289598652,2.290220971,139.99,565.8,-185,-123,-583,564,267,4,37.89339744,-126.6538252,-252.3219334,478.051169,97.08660102,-21.27237745,-119.7622976,67.60330486,-0.9516924,0.599761072,,,,,,,,,
1767170324,135738281,100_1767170324-135738281.png,-241949,242010,-68250,67750,-2.316454121,2.317038143,140.07,575.5,178,-271,-263,596,98,-35,16.59606236,-130.726239,-290.7203448,491.6165385,116.6746298,-18.79044123,-117.864123,67.94691324,-0.957107672,0.59965413,,,,,,,,,
1767170324,169086914,101_1767170324-169086914.png,-243583,243660,-68100,68800,-2.332098269,2.332835478,140.25,586,300,-349,-378,673,50,-57,74.41404627,-176.8760664,-300.6723879,528.730825,105.0296951,-26.0225403,-117.6676168,55.01302385,-0.963664175,0.59929278,,,,,,,,,
1767170324,235784912,102_1767170324-235784912.png,-248502,248643,-68400,68250,-2.379193474,2.380543428,140.13,600.71,145,-304,-370,695,102,-42,91.12176625,-207.2846484,-337.0498154,567.4897455,104.485534,-31.32274744,-105.3587047,56.14314866,-0.969982857,0.602503119,,,,,,,,,
1767170324,269134277,103_1767170324-269134277.png,-251368,251500,-68200,68900,-2.406632966,2.407896752,139.99,608.55,21,-301,-255,702,130,-16,83.68605956,-226.0501141,-326.7747271,593.8323899,108.0867675,-29.64057836,-105.8685428,48.87879753,-0.974865563,0.622770411,,,,,,,,,
1767170324,302482666,104_1767170324-302482666.png,-254372,254568,-68200,67650,-2.435393689,2.437270221,139.97,628.69,-19,-355,-228,736,179,-37,69.33659656,-246.1637465,-306.7497796,620.8262502,116.9509662,-29.31726193,-106.6013823,39.68304634,-0.980752348,0.620148267,,,,,,,,,
1767170324,369180664,105_1767170324-369180664.png,-257316,257438,-68450,68150,-2.463579963,2.464748009,140.12,636.42,205,-355,-430,770,174,-45,78.41031967,-267.774713,-315.1132057,647.7352702,128.6776064,-31.79328442,-106.3840956,36.00494647,-0.985287645,0.637441375,,,,,,,,,
1767170324,402530273,106_1767170324-402530273.png,-260110,260251,-68100,68900,-2.490330116,2.49168007,140.14,644.97,251,-406,-450,758,166,-53,107.0142326,-290.3070174,-337.892379,667.1097342,135.3401304,-35.24555776,-99.46747988,31.62200522,-0.989667413,0.653118313,,,,,,,,,
1767170324,469228271,107_1767170324-469228271.png,-264278,264475,-68000,68200,-2.530235141,2.532121247,140.61,661,94,-309,-73,684,155,-30,122.4640971,-301.8670966,-325.2621979,684.0492947,139.1715999,-35.57147505,-104.8986749,24.56685686,-0.995943684,0.636312465,,,,,,,,,
1767170324,502576660,108_1767170324-502576660.png,-267202,267278,-68050,68750,-2.558229933,2.558957567,141.1,684.76,129,-201,-189,793,140,-29,119.5062292,-284.1722689,-284.0656409,695.9361457,138.6496931,-33.16838073,-98.00017729,24.11836052,-0.999931568,0.66069902,,,,,,,,,
1767170324,535926025,109_1767170324-535926025.png,-269929,269997,-68200,67650,-2.584338618,2.58498966,141.46,692.48,112,-180,-33,831,83,-58,119.3715234,-265.1621662,-246.6541372,719.7244451,132.1454534,-35.78627793,-100.4914421,16.2840035,-1.003761527,0.647533896,,,,,,,,,
1767170324,569274658,110_1767170324-569274658.png,-272328,272471,-68050,68800,-2.607306985,2.608676088,141.73,700.43,126,-186,-157,841,129,-63,120.1449879,-251.3221874,-227.8651578,740.4171183,130.3794309,-40.35638537,-101.8747783,19.57264233,-1.007432961,0.633989082,,,,,,,,,
1767170324,635972656,111_1767170324-635972656.png,-275536,275674,-68050,68800,-2.638020833,2.639342065,141.87,721.98,255,-209,-75,821,147,-63,142.3921222,-247.7233038,-218.6526706,756.8298195,137.9353415,-44.44075466,-109.5589111,8.52644968,-1.011798481,0.652835015,,,,,,,,,
1767170324,669322021,112_1767170324-669322021.png,-277443,277591,-68550,68350,-2.656278722,2.657695695,141.51,735.27,159,-234,-202,836,167,-42,153.5219074,-242.7242991,-205.1175566,773.3661318,142.886221,-45.51785549,-109.0955045,-0.98625803,-1.015111187,0.675011435,,,,,,,,,
1767170324,702670654,113_1767170324-702670654.png,-281340,281411,-68500,68350,-2.693589154,2.694268919,139.09,753.75,130,-185,-152,891,165,-53,152.6629861,-233.9314019,-195.1597967,794.8780241,145.6184119,-46.59300661,-113.5904703,-11.40985751,-1.018263571,0.677132665,,,,,,,,,
1767170324,736020020,114_1767170324-736020020.png,-283657,283731,-68050,68800,-2.715772442,2.716480928,138.01,763.28,404,-294,-232,939,107,-79,169.7342886,-234.5427715,-188.4602901,814.8035342,142.6184321,-47.53346631,-117.4661103,-26.97941518,-1.021255166,0.678841928,,,,,,,,,
1767170324,802718018,115_1767170324-802718018.png,-287895,287962,-68050,68800,-2.756347656,2.756989124,135.89,791.96,397,-369,-480,984,144,-79,237.4175128,-254.2711596,-219.6017663,852.2822508,136.0977287,-53.3718425,-116.3070094,-26.87681985,-1.025440058,0.703296083,,,,,,,,,
1767170324,836066650,116_1767170324-836066650.png,-290548,290620,-68200,67750,-2.781747855,2.782437194,135.37,800.95,398,-528,-223,930,168,-57,269.1953603,-291.4422744,-248.0480349,873.5494584,139.8389251,-56.4695911,-118.4053917,-28.59643793,-1.02739595,0.686265635,,,,,,,,,
1767170324,902764648,117_1767170324-902764648.png,-294786,294861,-68150,67600,-2.82232307,2.823041131,134.53,821.36,255,-332,-376,1022,172,-37,282.1851176,-330.0489338,-257.3213387,905.8326852,145.6235639,-53.08935298,-121.7350874,-35.77796769,-1.031604477,0.687838812,,,,,,,,,
1767170324,969462646,118_1767170324-969462646.png,-298539,298602,-68250,67850,-2.858254825,2.858857996,133.59,845.84,226,-412,-266,1010,182,-65,271.5861265,-337.309696,-253.9056881,929.6890464,152.4063692,-54.36661563,-123.3012924,-38.55964804,-1.034305255,0.715300162,,,,,,,,,
1767170325,2812256,119_1767170325-2812256.png,-301542,301677,-68500,68200,-2.887005974,2.888298483,133.02,856.3,194,-543,-337,986,180,-67,256.7174273,-373.1614145,-266.992059,944.1295537,158.7283616,-57.03576833,-127.9441249,-41.22153831,-1.036750769,0.69822081,,,,,,,,,
1767170325,69510254,120_1767170325-69510254.png,-306047,306125,-68550,68200,-2.930137485,2.930884268,132.18,887.88,275,-356,30,1006,63,-38,252.8971702,-378.602728,-188.696046,960.0898982,133.5472706,-55.30444384,-130.6476762,-38.22191453,-1.038940487,0.728152027,,,,,,,,,
1767170325,102858887,121_1767170325-102858887.png,-309049,309126,-68100,68950,-2.958879059,2.959616268,132.21,902.78,365,-439,-279,1075,107,-62,261.6451411,-380.3838843,-175.6504733,971.0325118,125.9268305,-54.24464039,-129.4287013,-44.36903691,-1.04122974,0.730387782,,,,,,,,,
1767170325,169555908,122_1767170325-169555908.png,-310957,311173,-68150,67750,-2.977146523,2.979214537,132.46,911.85,390,-345,-375,1106,172,-77,285.138034,-380.8544804,-207.5780567,995.359931,129.8915116,-57.5667765,-134.0319208,-46.76039648,-1.042550468,0.730387782,,,,,,,,,
1767170325,202905029,123_1767170325-202905029.png,-315880,315942,-68100,67700,-3.024280025,3.024873621,132.87,934.53,226,-420,-497,1127,218,-57,292.6764319,-377.2987621,-264.4757412,1025.461848,144.6171077,-59.50586603,-134.7882034,-47.12392211,-1.044222734,0.732925175,,,,,,,,,
1767170325,269602051,124_1767170325-269602051.png,-319221,319293,-68250,67700,-3.056267233,3.056956572,133.19,943.64,310,-396,-402,1117,183,-72,291.7212035,-382.2678886,-296.7537245,1044.161256,154.0698475,-61.20191855,-135.5263031,-47.43743968,-1.045131471,0.736607975,,,,,,,,,
1767170325,302949951,125_1767170325-302949951.png,-321479,321623,-68050,68200,-3.077885646,3.079264323,133.9,970.39,159,-124,-700,1222,228,-54,284.6540434,-357.4715008,-342.3540797,1070.360656,161.8870568,-63.21617335,-135.6066979,-45.41934943,-1.045875159,0.752999078,,,,,,,,,
1767170325,336299072,126_1767170325-336299072.png,-324074,324132,-68150,67650,-3.102730545,3.103285846,134.54,979.37,49,-267,-401,1182,229,-31,256.1976437,-325.8874626,-385.8371146,1094.115058,173.3737506,-60.21392082,-136.5132499,-48.16047883,-1.04645373,0.747183429,,,,,,,,,
1767170325,369647217,127_1767170325-369647217.png,-326737,326812,-68600,68200,-3.128226486,3.128944547,135.12,988.53,180,-296,-551,1203,240,-42,230.6201933,-317.6401176,-406.6699239,1114.060928,185.7260706,-55.72003366,-135.9645132,-44.4269259,-1.046779169,0.747183429,,,,,,,,,
1767170325,436344238,128_1767170325-436344238.png,-330079,330278,-68600,68300,-3.160223269,3.162128523,135.55,997.81,225,-293,-657,1274,189,-71,228.4530696,-313.4616222,-447.1141801,1139.814239,187.6471694,-57.58999809,-136.780475,-47.2394135,-1.047114927,0.778574592,,,,,,,,,
1767170325,469693115,129_1767170325-469693115.png,-332807,332951,-67900,68750,-3.186341529,3.187720205,136.31,1027.05,160,-372,-321,1223,224,-52,217.1433075,-315.106992,-433.4240815,1162.264284,194.0433119,-57.13861531,-136.5268222,-47.80010557,-1.047192358,0.766041162,,,,,,,,,
1767170325,503041260,130_1767170325-503041260.png,-336361,336490,-68250,67650,-3.22036803,3.221603094,136.49,1037.48,273,-389,-315,1255,201,-60,223.7933261,-327.4251552,-413.1178912,1177.440158,195.8567606,-57.42051228,-138.4488945,-48.54005289,-1.047011396,0.788257207,,,,,,,,,
1767170325,569738281,131_1767170325-569738281.png,-340122,340188,-68200,67750,-3.256376379,3.257008272,136.34,1058.79,93,-433,-398,1248,244,-32,191.2696062,-348.548115,-419.8116701,1196.720528,215.899444,-53.70169396,-138.792618,-48.67531824,-1.046572041,0.780641347,,,,,,,,,
1767170325,603087402,132_1767170325-603087402.png,-342570,342777,-68500,68300,-3.279813879,3.281795726,135.98,1070.75,112,-616,-475,1221,237,-27,179.6770742,-387.6607675,-427.8825123,1200.271203,218.9852278,-49.79678944,-138.2040735,-48.43917704,-1.046034682,0.785190101,,,,,,,,,
1767170325,636435303,133_1767170325-636435303.png,-345027,345103,-68050,68900,-3.303337546,3.304065181,135.44,1099.54,100,-406,-446,1353,295,-60,166.3271024,-418.4836123,-453.5819866,1224.008236,220.9002004,-49.62630885,-138.1768639,-48.416394,-1.045332073,0.799832328,,,,,,,,,
1767170325,669784424,134_1767170325-669784424.png,-346806,347014,-68550,68250,-3.320369945,3.322361366,135.23,1112.2,101,-394,-507,1374,288,-52,154.9834963,-414.9004773,-459.5193096,1248.795226,232.8741768,-50.46854717,-138.8549597,-48.68334246,-1.044464416,0.799002649,,,,,,,,,
1767170325,736481445,135_1767170325-736481445.png,-351037,351183,-68600,68200,-3.36087814,3.362275965,134.85,1137,321,-523,-670,1376,248,-108,171.2321467,-425.9592361,-511.1436513,1277.54427,240.3080772,-57.33318859,-141.7813176,-49.82593346,-1.043431841,0.804027208,,,,,,,,,
1767170325,769829346,136_1767170325-769829346.png,-353431,353565,-68050,68850,-3.383798637,3.385081572,134.65,1154.91,238,-494,-883,1419,314,-104,189.6026978,-440.1048759,-557.8739473,1298.450707,247.6106145,-65.72723607,-142.580525,-50.15879512,-1.042234418,0.816863931,,,,,,,,,
1767170325,803178467,137_1767170325-803178467.png,-356573,356637,-68250,67700,-3.413880591,3.414493336,134.5,1166,128,-403,-883,1402,329,-61,184.8970808,-438.6068274,-614.0611026,1317.26379,260.8659981,-67.2324273,-141.5901364,-49.67820191,-1.040872477,0.817061838,,,,,,,,,
1767170325,836526367,138_1767170325-836526367.png,-359022,359161,-68550,68300,-3.437327665,3.438658471,134.3,1171.14,180,-382,-682,1396,207,-41,182.8431406,-432.475682,-627.8233904,1326.788562,257.9197739,-64.6818571,-139.7960594,-48.97765923,-1.039346153,0.820232499,,,,,,,,,
1767170325,903223389,139_1767170325-903223389.png,-362024,362089,-68100,68900,-3.46606924,3.466691559,133.4,1190.73,279,-432,-1067,1536,270,-88,210.2395571,-423.846247,-682.8833799,1357.839114,243.6729244,-64.87740751,-142.2832331,-50.01063371,-1.037655645,0.839219388,,,,,,,,,
1767170325,936572510,140_1767170325-936572510.png,-365101,365233,-68250,67700,-3.495528876,3.496792662,132.76,1211.14,202,-403,-958,1558,318,-76,212.9738685,-421.8097625,-736.3144228,1391.242153,253.9257199,-67.4476132,-141.5314313,-49.65928769,-1.035312196,0.839150956,,,,,,,,,
1767170325,969920410,141_1767170325-969920410.png,-368584,368660,-68250,67700,-3.528875613,3.529603248,131.23,1236.65,256,-474,-1034,1611,300,-79,209.0327403,-430.2988531,-798.0366321,1434.715702,266.2937221,-69.09036781,-140.3420038,-47.76055765,-1.032713217,0.835685392,,,,,,,,,
1767170326,36617432,142_1767170326-36617432.png,-371039,371169,-68500,68250,-3.552380132,3.55362477,130.36,1249.2,365,-456,-1164,1674,251,-102,225.7662243,-435.0607216,-844.3098306,1466.197574,266.7883073,-72.62115622,-140.999319,-48.85142112,-1.030450529,0.86001723,,,,,,,,,
1767170326,69966553,143_1767170326-69966553.png,-374586,374734,-68100,68900,-3.586339614,3.587756587,128.72,1288.14,360,-514,-746,1629,207,-90,264.3092163,-444.5661046,-845.7531603,1494.865467,259.5916349,-78.36459707,-141.5198072,-49.68479323,-1.02739342,0.859219696,,,,,,,,,
1767170326,136663574,144_1767170326-136663574.png,-377890,378075,-66300,68900,-3.61797258,3.619743796,128.35,1298.15,234,-479,-1053,1644,326,-75,268.3394805,-454.1947117,-862.421474,1523.281963,263.2876183,-78.89276916,-141.6613098,-49.74225235,-1.024082844,0.848608735,,,,,,,,,
1767170326,170011475,145_1767170326-170011475.png,-378639,379361,-44850,68250,-3.625143612,3.632056143,126.99,1320.64,346,-395,-961,1668,318,-88,271.4167692,-452.8738376,-880.866309,1544.315501,275.3728367,-78.97002709,-142.4162287,-47.45979285,-1.021975085,0.85005401,,,,,,,,,
1767170326,203360352,146_1767170326-203360352.png,-378922,383061,-4800,68750,-3.627853094,3.667480469,125.23,1332.67,356,-548,-1192,1697,330,-75,282.6352244,-449.1726514,-899.7754809,1563.306023,281.9802317,-79.88593935,-141.879246,-41.36869669,-1.019023637,0.857925316,,,,,,,,,
1767170326,236708252,147_1767170326-236708252.png,-378056,386131,25050,68850,-3.619561887,3.696873085,123.87,1352.45,336,-585,-1039,1651,350,-69,294.8265635,-473.192304,-939.6223172,1584.387425,293.8914984,-78.20288726,-142.6995587,-46.90468907,-1.015911201,0.871928126,,,,,,,,,
1767170326,270057129,148_1767170326-270057129.png,-376486,389067,40250,67700,-3.605755974,3.722905178,124.78,1380.98,278,-479,-1030,1686,343,-62,307.3889147,-495.0859584,-960.430196,1598.25488,303.3700877,-76.27947404,-144.3600556,-51.04518437,-1.011795152,0.863661907,,,,,,,,,
1767170326,336754150,149_1767170326-336754150.png,-374050,392249,53550,68250,-3.581207874,3.755447687,127.85,1398.6,280,-505,-961,1693,311,-69,301.7343404,-494.2449624,-967.9995005,1616.311432,308.3430441,-74.07761003,-144.825735,-51.27717018,-1.008322523,0.868017084,,,,,,,,,
1767170326,403450928,150_1767170326-403450928.png,-371746,393673,35500,17000,-3.55914905,3.769081265,142.49,1444.94,327,-547,-977,1731,314,-91,300.6532566,-499.831188,-982.1782687,1646.642167,310.3218413,-75.70157844,-143.5901357,-48.08926392,-1.00186256,0.877167254,,,,,,,,,
1767170326,436798828,151_1767170326-436798828.png,-370298,393101,34750,-8850,-3.545285692,3.763604856,155.37,1474.88,305,-579,-1125,1750,344,-100,301.2889323,-511.4089797,-1003.06478,1661.757405,315.2469968,-79.25502401,-144.4050585,-50.27328348,-0.997953439,0.871681774,,,,,,,,,
1767170326,470147705,152_1767170326-470147705.png,-368972,391810,31600,-34800,-3.53259038,3.751244638,190.56,1493.95,325,-584,-810,1663,314,-86,306.2132184,-525.4987652,-955.9761708,1664.057286,310.893096,-82.10717815,-145.7561848,-47.23884034,-0.993886725,0.882440706,,,,,,,,,
1767170326,536844482,153_1767170326-536844482.png,-367204,389527,35450,-50500,-3.515663297,3.729386872,209.67,1509.12,354,-458,-873,1690,295,-70,312.9054725,-520.6382608,-938.2343182,1667.08253,309.1725664,-80.87890819,-144.171407,-42.69684768,-0.988582641,0.881134752,,,,,,,,,
1767170326,570192383,154_1767170326-570192383.png,-365719,386828,36150,-66800,-3.501445695,3.703546262,219.22,1523.88,235,-332,-824,1730,285,-55,305.5347806,-504.0493989,-921.0431565,1671.437978,309.5292209,-77.54012354,-144.3736279,-36.62538218,-0.984163724,0.864940249,,,,,,,,,
1767170326,603541260,155_1767170326-603541260.png,-364252,384398,38750,-63600,-3.487400429,3.680281097,240.97,1521.79,239,-424,-1094,1737,330,-72,292.0043629,-480.8174047,-933.8534848,1683.897984,310.0052013,-75.08429277,-145.4404501,-36.57666373,-0.979589345,0.867691992,,,,,,,,,
1767170326,636889160,156_1767170326-636889160.png,-362986,382681,40650,-56900,-3.475279565,3.663842295,261.36,1513,322,-488,-817,1650,285,-78,294.1144177,-480.1123793,-924.3623004,1681.326956,307.5826755,-75.34612038,-142.2933636,-24.86575079,-0.974860304,0.872321716,,,,,,,,,
1767170326,703586182,157_1767170326-703586182.png,-360988,380158,41250,-50150,-3.456150429,3.639686734,294.68,1469.69,293,-497,-909,1660,239,-85,304.6009321,-501.9983803,-909.643146,1674.48388,293.4155044,-78.77310778,-140.9229504,-18.96365356,-0.969977331,0.871411566,,,,,,,,,
1767170326,736935059,158_1767170326-736935059.png,-360312,379303,23950,-27400,-3.449678309,3.631500843,306.83,1440.34,260,-538,-988,1647,281,-87,298.6752581,-506.0059258,-918.918256,1670.436252,289.0017674,-80.08684441,-136.7553435,-19.62608123,-0.96494116,0.865115025,,,,,,,,,
1767170326,770282959,159_1767170326-770282959.png,-358763,377456,40350,-45950,-3.434847963,3.613817402,317.38,1421.4,215,-448,-1028,1621,312,-70,290.0074527,-501.6619142,-930.7462398,1665.298615,290.856666,-79.36965638,-133.792165,-14.34356809,-0.95975259,0.865537632,,,,,,,,,
1767170326,803631836,160_1767170326-803631836.png,-356538,375039,55750,-62700,-3.413545496,3.5906767,326.56,1402.95,89,-359,-1091,1563,394,-37,264.0677411,-483.2399079,-952.4540497,1651.929129,303.6914021,-74.0785795,-129.2438842,-6.957993984,-0.95441242,0.865537632,,,,,,,,,
1767170326,836979736,161_1767170326-836979736.png,-354477,372896,57000,-59350,-3.393813189,3.570159314,337.42,1370.96,278,-404,-981,1530,317,-40,242.3437412,-461.7885201,-972.6277942,1633.806798,312.1817432,-66.26767208,-125.1379696,4.194949389,-0.950308422,0.867186833,,,,,,,,,
1767170326,870328613,162_1767170326-870328613.png,-352446,370709,52350,-58150,-3.374368107,3.549220665,342.3,1353.69,362,-446,-986,1520,279,-42,253.6536372,-454.3756614,-974.3810726,1615.254422,310.6856034,-61.85075339,-111.6734633,15.01847005,-0.944705064,0.867868535,,,,,,,,,
1767170326,937025391,163_1767170326-937025391.png,-349758,367746,48500,-53100,-3.348632813,3.520852482,352.62,1331.71,259,-349,-778,1443,242,-37,271.2635378,-436.7322417,-979.1467385,1593.550993,298.2011673,-55.41630804,-111.544364,22.25731564,-0.936020696,0.838393406,,,,,,,,,
1767170326,970373291,164_1767170326-970373291.png,-347301,365051,52600,-58400,-3.325109145,3.495050169,358.32,1319.8,276,-487,-848,1430,268,-56,270.8482674,-435.7080182,-947.5231648,1562.112405,290.130784,-54.01694549,-121.3684403,15.24085546,-0.930046094,0.842326539,,,,,,,,,
1767170327,3722168,165_1767170327-3722168.png,-345543,362994,50250,-54250,-3.308277803,3.475356158,364.31,1307.55,296,-455,-925,1420,309,-57,273.9779336,-439.4070235,-942.1173448,1541.603912,291.7656858,-54.42576438,-109.7611969,27.36945748,-0.923924685,0.848769752,,,,,,,,,
1767170327,70418945,166_1767170327-70418945.png,-343530,360772,53800,-60050,-3.289005055,3.454082414,386.79,1277.66,196,-385,-710,1366,278,-37,264.8944417,-431.138109,-907.5295335,1512.531862,291.6537846,-51.69768389,-76.71932188,47.87018228,-0.917657334,0.848769752,,,,,,,,,
1767170327,103766846,167_1767170327-103766846.png,-341035,358155,56350,-62650,-3.26511757,3.429026884,395.38,1264.21,161,-399,-592,1349,271,-27,248.0468524,-423.2437917,-857.6278311,1481.89734,288.3091078,-47.8742151,-46.14702201,69.91284609,-0.911245042,0.835020338,,,,,,,,,
1767170327,137116211,168_1767170327-137116211.png,-338863,355765,54750,-60450,-3.244322534,3.406144684,403.12,1251.88,132,-436,-465,1313,224,-44,228.7627047,-424.4650115,-793.1502398,1453.665777,278.444442,-46.75291681,-38.7310234,75.5363884,-0.904688872,0.83064049,,,,,,,,,
1767170327,170464355,169_1767170327-170464355.png,-337844,354478,53850,-61500,-3.234566483,3.393822763,416.32,1218.74,193,-405,-482,1268,202,-57,201.3288486,-424.6433807,-727.0513236,1423.56332,268.9175138,-46.96519436,-59.87199965,75.33062458,-0.897989823,0.826688556,,,,,,,,,
1767170327,237162109,170_1767170327-237162109.png,-334228,350625,48900,-54250,-3.199946385,3.356933594,422.47,1206.58,272,-412,-806,1268,250,-62,209.061295,-421.5746052,-716.8884739,1392.674038,261.3331435,-49.55181279,-56.08876821,78.93407059,-0.889416775,0.836557495,,,,,,,,,
1767170327,270511475,171_1767170327-270511475.png,-331285,347436,65350,-69300,-3.171769684,3.326401654,434.12,1175.2,230,-350,-432,1190,163,-33,228.4693444,-409.5255674,-678.7342052,1359.96447,246.8815468,-49.98738164,-30.73914343,94.56868172,-0.882400144,0.819596941,,,,,,,,,
1767170327,303859863,172_1767170327-303859863.png,-328387,344371,64250,-67650,-3.14402382,3.297056909,439.24,1162.88,142,-302,-557,1201,145,-26,218.317701,-392.0028883,-644.5933351,1327.522585,228.0870471,-45.78260488,-51.85492325,88.46626568,-0.87524423,0.831479572,,,,,,,,,
1767170327,370557617,173_1767170327-370557617.png,-324572,340212,64550,-67800,-3.107498468,3.257238051,452.74,1114.29,241,-163,-470,1173,88,-6,219.6592836,-356.9638081,-592.9217595,1275.976621,204.9491685,-37.94730298,-23.00630617,106.3939397,-0.866105127,0.827206658,,,,,,,,,
1767170327,403906982,174_1767170327-403906982.png,-322654,338231,66800,-68850,-3.089135263,3.238271676,452.74,1114.29,241,-163,-470,1173,88,-6,220.9671406,-345.0768166,-585.3885505,1269.665742,197.7819872,-35.98942577,-21.20015052,112.3542125,-0.856752238,0.82265045,,,,,,,,,
1767170327,437255127,175_1767170327-437255127.png,-319856,335226,66700,-68150,-3.062346814,3.209501379,456.23,1102.16,285,-308,-351,1088,95,-25,229.1245708,-335.6775088,-554.3751269,1245.43003,182.5589624,-33.86117137,-56.48710564,105.0994618,-0.849117621,0.826165003,,,,,,,,,
1767170327,470604492,176_1767170327-470604492.png,-317070,332628,68250,-67900,-3.035673254,3.184627757,462.11,1078.21,252,-388,-585,1083,193,-18,236.6024354,-343.9751052,-541.8225065,1215.190008,177.1544218,-32.80261799,-31.11916798,116.6312628,-0.841348914,0.81964544,,,,,,,,,
1767170327,537302246,177_1767170327-537302246.png,-313496,329013,68500,-67800,-3.00145527,3.150017233,464.34,1049.82,269,-215,-447,1084,131,-21,246.0116771,-330.2450445,-527.7919809,1175.866687,169.6359293,-28.50039999,-33.56159851,115.0575135,-0.833447382,0.799066125,,,,,,,,,
1767170327,570650635,178_1767170327-570650635.png,-311246,326760,68450,-68150,-2.97991345,3.128446691,464.34,1049.82,269,-215,-447,1084,131,-21,247.4205069,-323.1822998,-522.8406779,1170.236675,167.2681424,-28.04074109,-37.97116911,115.1678464,-0.825414223,0.803596529,,,,,,,,,
1767170327,604000000,179_1767170327-604000000.png,-308987,324506,68500,-67800,-2.958285463,3.106866575,465.54,1026.42,126,-225,-633,1079,201,-9,236.2136326,-321.8006535,-520.1994903,1150.643845,167.8550424,-28.15074149,-56.08714473,114.1600909,-0.817250635,0.804540183,,,,,,,,,
1767170327,637348389,180_1767170327-637348389.png,-306874,322385,68450,-68200,-2.9380553,3.086559819,466.23,1015.32,214,-282,-329,993,129,-14,222.293496,-307.7382367,-515.084483,1128.634633,167.9201709,-24.80061146,-59.29170242,113.1708198,-0.808958084,0.788413241,,,,,,,,,
1767170327,704046143,181_1767170327-704046143.png,-303332,318840,68400,-68250,-2.904143689,3.052619485,467.05,998.27,238,-292,-362,928,119,-22,224.3700467,-304.7526623,-487.7519892,1095.689008,159.7317039,-24.10402192,-63.20585141,109.5910165,-0.800537768,0.789568005,,,,,,,,,
1767170327,737395508,182_1767170327-737395508.png,-300429,315499,61850,-67800,-2.876349954,3.020632276,469.06,974.41,296,-138,-354,883,109,-24,243.3062071,-283.0435028,-482.5962555,1049.613932,149.4567057,-24.21377836,-89.66840523,114.8950231,-0.789834723,0.774419755,,,,,,,,,
1767170327,770743896,183_1767170327-770743896.png,-296938,312219,68050,-67900,-2.842926624,2.98922909,471.73,949.86,100,-122,-491,847,162,21,218.8030374,-242.1921553,-457.126224,1005.727567,151.2737759,-16.95601221,-85.81854612,111.1382573,-0.778936802,0.796646098,,,,,,,,,
1767170327,837441406,184_1767170327-837441406.png,-294213,309428,68150,-68950,-2.816837086,2.962507659,473.07,933.05,320,-234,-216,827,68,9,215.1238456,-228.4627323,-438.9638133,972.3999055,144.8962681,-10.50535768,-84.76893285,128.2186601,-0.770079927,0.785728287,,,,,,,,,
1767170327,870790771,185_1767170327-870790771.png,-290937,306141,68600,-68200,-2.785472197,2.931037454,474.19,922.01,386,-301,-371,838,85,-17,245.6004395,-239.360437,-417.3587004,945.1373725,132.1135453,-10.43458252,-98.63638723,120.6592758,-0.758837992,0.743132831,,,,,,,,,
1767170327,904139160,186_1767170327-904139160.png,-288146,303349,68050,-67850,-2.758750766,2.904306449,475.63,916.29,97,-322,-499,797,138,4,238.0584487,-255.0832854,-432.1969323,919.8410006,129.3012793,-9.353026408,-108.1933683,120.380291,-0.749709541,0.757819357,,,,,,,,,
1767170327,970836914,187_1767170327-970836914.png,-284995,300276,68000,-67750,-2.728582644,2.87488511,475.83,898.04,-51,-320,-326,768,139,31,184.886667,-269.7473649,-421.828258,888.1437805,131.3917732,-2.419960491,-125.693395,132.5176337,-0.740462646,0.757917158,,,,,,,,,
1767170328,4186279,188_1767170328-4186279.png,-282746,297949,68800,-68050,-2.707050398,2.852606081,475.78,880.18,72,-99,-336,852,134,40,168.3779145,-244.7769582,-409.2765767,882.858048,131.7732051,3.783612053,-136.5211076,138.3476562,-0.731098839,0.757917158,,,,,,,,,
1767170328,37534668,189_1767170328-37534668.png,-280019,295158,67950,-67800,-2.680941713,2.825884651,473.65,859.08,224,-3,-338,818,46,19,151.494338,-211.0702225,-430.9643578,882.41793,130.6940881,8.255222742,-167.4566777,150.9092793,-0.721619583,0.747594444,,,,,,,,,
1767170328,70884033,190_1767170328-70884033.png,-277149,292414,68150,-68850,-2.653463925,2.799613205,471.89,848.15,321,-115,-408,706,23,2,179.2249843,-177.8715189,-418.5028186,854.7127731,109.0313945,8.636961939,-197.1510637,169.5559804,-0.712026344,0.720357136,,,,,,,,,
1767170328,137581543,191_1767170328-137581543.png,-273592,288878,68100,-68900,-2.619408701,2.765759038,467.08,818.8,71,70,-433,648,162,30,199.5947223,-154.5282183,-416.2036761,822.8116542,92.02457444,10.17430553,-228.3243764,180.6236665,-0.69987687,0.73349664,,,,,,,,,
1767170328,170929443,192_1767170328-170929443.png,-272086,287223,68050,-67750,-2.604990043,2.749913833,463.99,808.55,-87,32,-161,622,183,47,159.7608457,-113.3841291,-394.9218087,785.7472485,107.8197561,15.64953891,-250.4643133,206.2358167,-0.690032828,0.731009246,,,,,,,,,
1767170328,204278564,193_1767170328-204278564.png,-268407,283614,67950,-67800,-2.569766774,2.715360754,460.36,797.05,49,-48,-192,645,146,29,130.6519031,-96.21541485,-353.0068453,756.5964949,117.3369016,19.24226032,-268.4476829,218.4836357,-0.680079796,0.731009246,,,,,,,,,
1767170328,237626709,194_1767170328-237626709.png,-265617,280887,68100,-68850,-2.543054917,2.689252068,456.55,785.9,86,-99,2,655,100,8,124.1219272,-96.62263767,-301.0899955,741.7388378,114.8015215,17.59817162,-268.4476829,218.4836357,-0.672544449,0.728726412,,,,,,,,,
1767170328,270975586,195_1767170328-270975586.png,-263077,278278,68650,-68050,-2.518736596,2.664273131,449.43,758.7,-22,-288,-44,522,91,35,104.2538555,-109.2924779,-269.2709874,715.8079678,116.3558171,18.7635278,-283.7050323,235.0457602,-0.659853088,0.685574998,,,,,,,,,
1767170328,337672852,196_1767170328-337672852.png,-259934,275071,68000,-67850,-2.488645067,2.633568857,446.12,748.79,168,-474,-18,514,52,25,100.769284,-180.7556856,-209.6736463,666.6357313,104.3722643,21.3225543,-294.3844885,244.394258,-0.649582674,0.702650451,,,,,,,,,
1767170328,371020752,197_1767170328-371020752.png,-256737,272000,68100,-68900,-2.458036535,2.604166667,440.14,728.36,201,-170,-179,559,72,17,123.5543688,-200.447427,-197.542667,640.7329233,97.53245827,18.81689695,-331.0119199,272.8229079,-0.636600562,0.688066339,,,,,,,,,
1767170328,404369873,198_1767170328-404369873.png,-254074,269347,68550,-68000,-2.432540594,2.578766468,437.5,717.9,127,-147,-234,541,72,17,130.2409781,-193.1040227,-199.3158926,624.9790563,93.1200275,18.50290713,-352.0581497,286.1840868,-0.628735715,0.674678565,,,,,,,,,
1767170328,437717773,199_1767170328-437717773.png,-251744,266947,67950,-67900,-2.410232843,2.555788526,435.27,703.64,225,-224,-29,505,31,29,143.9291355,-195.2100423,-176.2233345,603.0391295,82.93043453,19.95938574,-377.8090342,310.9118538,-0.618162433,0.67733923,,,,,,,,,
1767170328,504415039,200_1767170328-504415039.png,-247714,262994,68050,-68000,-2.37164905,2.517941942,432.68,675.1,-74,-30,-222,492,144,27,136.3327103,-170.6423643,-211.0938639,582.3855018,81.38630544,20.31017354,-385.5557035,319.5315809,-0.604808944,0.663796742,,,,,,,,,
1767170328,537763916,201_1767170328-537763916.png,-245603,260875,68600,-68100,-2.351438036,2.497654335,432.68,675.1,-74,-30,-222,492,144,27,123.4425574,-162.0231553,-211.7622419,576.8462638,85.22355974,20.72015678,-400.7650628,335.0926845,-0.594018414,0.681469022,,,,,,,,,
1767170328,571112061,202_1767170328-571112061.png,-243157,258292,67950,-67750,-2.328019684,2.472924326,430.88,665,89,2,-282,465,100,20,108.0749828,-131.1283654,-222.5696022,556.0503173,90.45980693,20.94341505,-409.7502537,342.8081112,-0.583134075,0.656978298,,,,,,,,,
1767170328,637809082,203_1767170328-637809082.png,-239800,255011,68050,-67750,-2.295879289,2.441511566,427.04,644.83,284,-155,-242,436,32,8,145.1348963,-125.4243864,-277.0559046,535.868176,87.50193449,18.58245635,-433.1159191,376.2567677,-0.569399354,0.670090688,,,,,,,,,
1767170328,671158203,204_1767170328-671158203.png,-237961,253170,68700,-68250,-2.278272442,2.42388557,424.96,633.22,223,-117,-102,414,3,29,163.7877612,-125.7398504,-249.6212066,512.820627,72.24023299,19.55223941,-428.366911,374.1496947,-0.558310251,0.665755493,,,,,,,,,
1767170328,704506104,205_1767170328-704506104.png,-233793,249006,68700,-68150,-2.238367417,2.384018842,421.06,618.79,28,-195,-233,386,96,20,160.2996534,-136.4339407,-228.4708035,492.8875839,59.34353768,19.91299944,-431.7136207,377.514277,-0.544325126,0.641157312,,,,,,,,,
1767170328,771203125,206_1767170328-771203125.png,-230371,245512,68650,-68050,-2.205604703,2.350566789,418.87,607.2,7,-161,-139,373,112,23,124.4606348,-145.9673433,-215.8458618,464.512554,70.76246899,20.37327319,-481.2689652,426.6777868,-0.533040148,0.645590468,,,,,,,,,
1767170328,804552246,207_1767170328-804552246.png,-228195,243465,68100,-68850,-2.184771369,2.33096852,416.41,596.92,-51,-129,-113,377,102,30,98.80095095,-143.486008,-200.805495,451.7145582,75.33070261,21.78110331,-471.533596,426.9091995,-0.52167098,0.645590468,,,,,,,,,
1767170328,837900391,208_1767170328-837900391.png,-225403,240674,68650,-68200,-2.158040365,2.304247089,414.02,589.19,94,-130,-286,417,68,34,98.09885111,-141.5137896,-213.2644951,446.6378378,74.25864726,23.5680171,-477.9428412,435.3303273,-0.513089942,0.615054438,,,,,,,,,
1767170328,871249268,209_1767170328-871249268.png,-222740,237877,67950,-67700,-2.132544424,2.277468214,409.06,575.88,204,-84,51,302,-12,36,113.2564205,-128.3928626,-161.6470636,422.2902007,58.17111995,26.61270392,-474.124153,428.5623312,-0.498687334,0.615054438,,,,,,,,,
1767170328,904597412,210_1767170328-904597412.png,-219941,235137,68150,-68850,-2.1057464,2.251235064,406.24,568.3,135,-43,71,276,-23,31,121.1841464,-113.5821214,-116.4981664,394.6026046,42.62899857,27.74547424,-484.9845949,429.6831422,-0.487076451,0.627062702,,,,,,,,,
1767170328,937946289,211_1767170328-937946289.png,-217343,232482,68650,-68150,-2.080872779,2.225815717,401.78,556.98,183,-138,211,242,-22,32,130.2242098,-117.1530366,-68.60423601,372.2857208,33.17753571,28.36766386,-479.1583743,440.2593451,-0.478317713,0.627062702,,,,,,,,,
1767170329,4643311,212_1767170329-4643311.png,-214415,229621,68050,-67750,-2.052839691,2.198424096,393.25,543.18,-20,173,-150,275,78,58,126.1749984,-85.95151422,-54.47645869,350.1423582,30.29418968,32.46366941,-479.5499581,440.1977305,-0.463625819,0.618413353,,,,,,,,,
1767170329,37991455,213_1767170329-37991455.png,-211406,226613,68000,-67750,-2.024031097,2.169625077,389.31,536.21,-82,56,-39,240,129,60,88.08290644,-51.64334846,-57.21115639,330.1033238,47.22518145,37.82675011,-491.694379,449.035831,-0.451789733,0.596432951,,,,,,,,,
1767170329,71340576,214_1767170329-71340576.png,-208877,224152,68700,-68150,-1.999818091,2.146063113,385.82,529.55,-58,-19,-68,218,124,47,66.71947524,-46.86952552,-58.7889366,313.7091289,58.45287122,39.16826293,-517.4338017,484.1914961,-0.439882307,0.592761374,,,,,,,,,
1767170329,104688477,215_1767170329-104688477.png,-206419,221555,68000,-67750,-1.97628485,2.121199066,380.51,512.05,-138,74,-24,200,67,40,60.81204446,-44.11756802,-57.87766612,303.5515286,51.42856847,34.77792732,-520.7151501,490.3658435,-0.427905439,0.592761374,,,,,,,,,
1767170329,171385742,216_1767170329-171385742.png,-203816,219034,68100,-68850,-1.951363358,2.097062653,375.7,498.96,-78,-144,158,119,39,43,-6.24558163,-29.74184436,-13.01867121,258.3352698,50.22024346,38.95950809,-491.1281736,447.1730666,-0.412839504,0.588056534,,,,,,,,,
1767170329,204734863,217_1767170329-204734863.png,-199935,215149,68100,-68750,-1.914206112,2.059867111,373.42,492.86,54,-147,15,158,-18,11,-6.681400643,-43.50109463,-1.463062247,244.1704757,45.39390717,37.47846583,-508.5457275,472.4504924,-0.400713266,0.58821128,,,,,,,,,
1767170329,271432129,218_1767170329-271432129.png,-194069,209332,68050,-67900,-1.858044194,2.004174326,366.35,471.77,-70,150,115,192,-13,19,15.50253072,-11.35481553,51.90610209,216.5398038,15.21252851,25.25294157,-505.66171,472.389451,-0.382405831,0.583092168,,,,,,,,,
1767170329,304780029,219_1767170329-304780029.png,-193441,208648,68650,-68100,-1.852031633,1.997625613,364.56,466.42,-83,98,215,116,0,28,12.43646912,-7.950957801,56.98268168,213.4103286,14.73901226,25.33844852,-491.4981975,457.2503352,-0.370124996,0.559616119,,,,,,,,,
1767170329,338129150,220_1767170329-338129150.png,-190787,205997,68000,-68050,-1.82662186,1.972244562,364.56,466.42,-83,98,215,116,0,28,1.097340615,4.637432539,75.75725177,201.8366792,12.98782054,25.65467642,-503.564529,459.4595737,-0.357785706,0.534076508,,,,,,,,,
1767170329,404826416,221_1767170329-404826416.png,-186830,202105,68050,-67800,-1.788736979,1.934982001,361.16,453.68,-83,128,77,137,-95,25,-29.66984208,39.6585734,105.8284516,185.6159419,-9.419467336,24.44429843,-522.5410473,478.9956732,-0.34228238,0.552412216,,,,,,,,,
1767170329,438174561,222_1767170329-438174561.png,-184094,199227,68100,-68850,-1.762542126,1.907427619,359.44,446.55,18,74,81,160,-40,29,-25.48886927,49.30294554,100.689125,179.326126,-18.36938338,25.13960809,-490.3299402,447.6645498,-0.329818719,0.535897555,,,,,,,,,
1767170329,471523682,223_1767170329-471523682.png,-181503,196713,68000,-67850,-1.737735524,1.883358226,358.38,442.42,64,-33,-93,144,39,20,-12.40185348,37.26681237,72.36367338,174.1599687,-9.979579914,24.38798241,-495.3880917,452.009376,-0.317302961,0.527279115,,,,,,,,,
1767170329,538220703,224_1767170329-538220703.png,-176591,191797,68550,-68100,-1.690707338,1.836291743,352.63,420.77,92,-51,95,111,-30,43,6.442509561,-24.54670574,73.97541607,140.1227734,2.376058012,27.90911906,-503.7398326,455.3341238,-0.298435996,0.506458924,,,,,,,,,
1767170329,571568848,225_1767170329-571568848.png,-175146,190362,68200,-68850,-1.676872702,1.822552849,352.63,420.77,92,-51,95,111,-30,43,9.105634397,-25.37011027,74.6298426,139.2162767,1.368297222,28.37884883,-507.2014523,457.740099,-0.288962366,0.506240751,,,,,,,,,
1767170329,604917969,226_1767170329-604917969.png,-172154,187357,68750,-68150,-1.648226869,1.793782552,351.09,415.96,-65,122,-140,120,48,61,4.745508392,-12.7581393,55.78171412,136.6783393,4.700614722,31.74510413,-514.1682661,464.3546319,-0.276291012,0.499022741,,,,,,,,,
1767170329,638266113,227_1767170329-638266113.png,-170377,185653,67950,-68000,-1.631213618,1.777468214,349.32,412.58,-158,-46,148,26,10,69,-22.70393169,-10.56864537,59.02415176,119.6198891,7.741126273,38.72400915,-487.6335323,431.9716198,-0.263576049,0.479181215,,,,,,,,,
1767170329,704963379,228_1767170329-704963379.png,-166820,182022,68150,-68900,-1.597158395,1.742704504,345.25,404.54,-78,-176,-126,92,-42,35,-27.01748365,-29.23963168,49.86097789,108.1872953,0.278555966,39.78071639,-502.4487102,446.1081386,-0.250819474,0.470967693,,,,,,,,,
1767170329,738312256,229_1767170329-738312256.png,-163349,178552,68150,-68800,-1.563926547,1.70948223,343.07,397.1,-66,-45,-5,113,19,22,-37.88991674,-46.43151819,23.99904248,107.249109,-1.272233166,36.69548617,-516.615567,459.5125909,-0.231610942,0.473877646,,,,,,,,,
1767170329,805009521,230_1767170329-805009521.png,-159866,175138,68600,-68000,-1.53057981,1.676796109,338.32,388.66,-174,14,-325,127,77,44,-69.50895575,-33.19047493,-16.89699157,109.5355307,10.37012181,38.32811896,-510.4205564,449.5337622,-0.218759126,0.455783763,,,,,,,,,
1767170329,838357666,231_1767170329-838357666.png,-157140,172406,68000,-67800,-1.504480699,1.650639553,335.73,384.23,-129,-50,-126,108,73,43,-83.67623771,-33.1796204,-48.97304688,110.2247516,23.01545249,39.30810876,-513.17239,452.0737131,-0.205872772,0.444516491,,,,,,,,,
1767170329,871706787,232_1767170329-871706787.png,-153648,168925,68000,-67800,-1.471047794,1.617311964,330.37,372.65,104,-33,31,118,-46,2,-60.00115151,-35.34042557,-38.03533585,112.4550337,15.35176136,35.05748738,-481.8194553,415.1372452,-0.186482895,0.432923588,,,,,,,,,
1767170329,938403809,233_1767170329-938403809.png,-150997,166263,68200,-68850,-1.445666743,1.591825597,327.58,367.88,98,-101,58,83,-34,-6,-28.14930005,-42.95501036,-21.11943947,109.3975967,4.595268027,27.54295208,-483.2552624,416.1993074,-0.173519076,0.439896783,,,,,,,,,
1767170329,971751953,234_1767170329-971751953.png,-148386,163522,68600,-68200,-1.420668658,1.565582874,324.68,362.63,-22,-33,63,75,2,9,-23.89763544,-43.04169961,-6.715083592,103.6657211,3.19007364,23.93980301,-464.9322604,393.383883,-0.16052786,0.431200465,,,,,,,,,
1767170330,5101074,235_1767170330-5101074.png,-145593,160869,68000,-67900,-1.393928079,1.540182675,318.18,354.71,-80,27,-152,137,36,9,-29.4840471,-34.19620169,-4.334897501,100.6416679,3.617648646,22.20809693,-472.5422326,402.2208371,-0.150767708,0.401995516,,,,,,,,,
1767170330,38449219,236_1767170330-38449219.png,-143065,158201,68200,-68750,-1.369724648,1.514638863,314.89,350.27,-23,87,67,106,25,7,-34.72081728,-19.94341154,-16.43254352,105.0251665,8.539723705,19.80295032,-498.7922402,423.9789279,-0.137733465,0.418641028,,,,,,,,,
1767170330,71798340,237_1767170330-71798340.png,-140544,155823,67950,-67800,-1.345588235,1.491871553,311.66,345.59,26,102,-27,104,21,1,-26.57162929,3.073905165,-11.03429714,104.9811066,11.33288923,16.54786452,-468.40742,392.9689164,-0.124677484,0.411635274,,,,,,,,,
1767170330,138495361,238_1767170330-138495361.png,-136788,152054,68000,-67900,-1.309627757,1.455786612,305,338.71,-159,84,-6,29,59,45,-48.12369946,29.02382673,-39.5361935,93.16422311,24.74556534,21.8095773,-458.3983967,380.5978684,-0.108330061,0.398490236,,,,,,,,,
1767170330,171843262,239_1767170330-171843262.png,-135010,150282,68650,-68200,-1.292604933,1.438821232,301.56,334.7,-116,15,-62,45,33,34,-66.61727644,31.22087188,-40.23005711,81.16273896,28.59949073,25.38421143,-453.7395892,372.8622379,-0.091955906,0.350769419,,,,,,,,,
1767170330,205192383,240_1767170330-205192383.png,-130777,146046,68200,-68850,-1.252077589,1.398265165,294.71,326.55,-49,7,35,82,-7,45,-67.11496485,29.72721108,-58.40081542,84.99136625,26.83969411,27.2155561,-497.9728366,417.0384111,-0.078840046,0.377186467,,,,,,,,,
1767170330,271889404,241_1767170330-271889404.png,-127711,142977,68600,-68100,-1.222723269,1.368882123,291.42,323.3,64,-77,-69,111,-71,9,-49.64017604,14.66712626,-49.88137815,87.76835333,11.67212425,26.91327803,-455.321055,371.5820889,-0.062427966,0.351508555,,,,,,,,,
1767170330,305237305,242_1767170330-305237305.png,-125388,140532,68200,-67900,-1.200482537,1.345473346,288.32,320.83,44,-106,-182,106,-45,1,-32.92611204,-5.415481129,-69.71071849,91.05195669,1.187302374,22.64763291,-458.8690115,375.5887518,-0.052573059,0.351592424,,,,,,,,,
1767170330,338586182,243_1767170330-338586182.png,-122587,137787,68050,-68850,-1.173665365,1.319192325,282.3,312.81,-79,47,-127,104,17,25,-20.34342067,-9.109301519,-79.89463274,93.71466196,-2.172663444,19.79529548,-479.0221317,394.0738223,-0.039426078,0.329025576,,,,,,,,,
1767170330,371934326,244_1767170330-371934326.png,-119451,134718,68600,-68250,-1.143640855,1.289809283,279.49,308.65,-155,119,-163,98,12,44,-42.48357604,11.98625799,-94.70044049,95.30065891,1.51855407,23.21605365,-487.3885164,401.035116,-0.022983833,0.350076348,,,,,,,,,
1767170330,438631348,245_1767170330-438631348.png,-115685,130967,68700,-68200,-1.107584635,1.253896676,278.1,303.31,-103,-35,-217,68,13,35,-79.30817915,11.87532879,-160.7405304,92.21030835,11.05103931,28.1677975,-448.3005365,351.468246,-0.009825762,0.351132269,,,,,,,,,
1767170330,471980225,246_1767170330-471980225.png,-113508,128776,68150,-68850,-1.086741728,1.23291973,275.23,299.41,-74,-17,-350,55,66,32,-79.49847618,7.934980074,-179.4619031,88.1572516,16.07929936,28.70804333,-434.5686753,339.746443,0.003333862,0.305735107,,,,,,,,,
1767170330,505328125,247_1767170330-505328125.png,-111053,126329,68600,-68200,-1.063237209,1.209491805,272.34,296.47,-42,51,-445,80,47,35,-74.74622079,11.70511257,-220.2209749,85.39746478,22.44896744,29.63338795,-472.9666756,377.7676129,0.01649296,0.320774036,,,,,,,,,
1767170330,538677246,248_1767170330-538677246.png,-108316,123589,68000,-67800,-1.037032782,1.183258655,269.51,290.94,-22,-78,-207,3,32,17,-66.16229609,-0.369277205,-224.2609504,73.20407294,24.4981642,27.92847431,-474.6808123,379.5577295,0.029649453,0.305549328,,,,,,,,,
1767170330,605374268,249_1767170330-605374268.png,-105252,120383,68100,-68850,-1.00769761,1.152563955,263.89,286.05,-27,1,-182,69,-20,25,-49.32562804,-20.96386557,-210.103708,65.36804288,18.54529743,25.83691058,-466.8041995,373.0843368,0.042801264,0.297365529,,,,,,,,,
1767170330,638722168,250_1767170330-638722168.png,-102523,117655,68750,-68250,-0.981569776,1.126445695,261.17,283.62,27,102,110,70,-47,13,-38.4766391,-4.602481265,-169.8298181,66.20803234,7.683626351,24.24496979,-451.1596823,352.6167119,0.059231278,0.274180116,,,,,,,,,
1767170330,672071045,251_1767170330-672071045.png,-100951,116221,68100,-68850,-0.966519225,1.112716376,258.55,281.63,8,80,86,72,-15,2,-29.93978846,10.60286911,-124.9804047,67.15583067,2.913130444,20.69299307,-467.293387,368.4067922,0.072364961,0.280564421,,,,,,,,,
1767170330,738768066,252_1767170330-738768066.png,-96508,111650,68000,-67700,-0.923981311,1.068952972,253.99,273.33,-23,-92,278,32,-12,30,-21.00442843,-5.402537022,-36.63943821,61.28350417,-1.296014797,20.6785557,-445.3389815,348.238929,0.088765756,0.263114934,,,,,,,,,
1767170330,772116211,253_1767170330-772116211.png,-93441,108723,68150,-68850,-0.894617417,1.040929458,250.47,268.14,44,-67,264,13,-62,27,-12.23069644,-18.2772662,34.61070334,52.46871878,-13.3374759,22.15269958,-445.1892965,336.2669425,0.101870814,0.243960248,,,,,,,,,
1767170330,805465088,254_1767170330-805465088.png,-90913,106112,68600,-68200,-0.870413986,1.015931373,248.85,265.64,76,150,-9,98,-45,39,-3.011361298,-18.6480676,59.65941622,49.34251319,-19.92481796,23.2350984,-447.1322792,337.5128453,0.114959784,0.243661818,,,,,,,,,
1767170330,838812988,255_1767170330-838812988.png,-88593,103801,68200,-67800,-0.848201976,0.99380553,248.86,262.2,-13,214,103,116,-48,32,5.188779673,14.41931917,54.6578079,58.85445361,-24.44207759,25.53054185,-427.763885,328.0475664,0.124764711,0.238824354,,,,,,,,,
1767170330,872162109,256_1767170330-872162109.png,-86139,101341,68650,-68050,-0.824707031,0.97025314,248.86,259.3,-25,284,101,134,-63,43,0.959413233,55.24542007,62.83113019,70.35921553,-29.87083181,27.64411212,-419.9650695,322.1532068,0.13782055,0.201514622,,,,,,,,,
1767170330,905510010,257_1767170330-905510010.png,-83671,98875,68050,-67800,-0.801078048,0.946643306,247.22,257.64,-62,232,-101,108,-23,27,-9.606140428,93.06327926,40.86924614,79.19369947,-30.59942028,28.35337006,-452.2167636,333.8304467,0.147598263,0.217664175,,,,,,,,,
1767170330,938858887,258_1767170330-938858887.png,-80609,95872,68150,-68850,-0.771762025,0.917892157,245.39,255.18,107,184,79,77,-81,25,7.446554646,106.3620315,46.44555727,78.87288885,-37.97009317,27.86296709,-426.9710416,320.3232558,0.163864884,0.220624902,,,,,,,,,
1767170331,5555908,259_1767170331-5555908.png,-77600,92867,68050,-68850,-0.742953431,0.88912186,241.7,250.08,-185,33,-273,59,65,46,-16.01525804,105.1276041,10.95796876,75.4951482,-24.53169559,30.85272637,-399.7625954,295.4040539,0.176849276,0.187518319,,,,,,,,,
1767170331,38903809,260_1767170331-38903809.png,-75285,90484,68100,-67800,-0.720789292,0.866306679,239.99,248.47,-89,-22,-97,55,18,35,-35.53033615,82.76235492,-19.68731189,71.63483757,-13.62728604,32.25177016,-430.9289596,321.7859557,0.189805721,0.17664381,,,,,,,,,
1767170331,72252930,261_1767170331-72252930.png,-72419,87680,68150,-68900,-0.693349801,0.839460784,238.28,246.38,-27,69,-90,69,-27,38,-34.2828442,80.74972298,-29.9699679,71.24951411,-15.58293617,33.09240179,-423.7519375,321.3191183,0.202732206,0.145431319,,,,,,,,,
1767170331,105600830,262_1767170331-105600830.png,-69821,84958,68700,-68100,-0.66847618,0.813399969,235.36,244.16,-70,-94,-9,2,26,30,-37.19649367,77.75452394,-49.29975811,70.33385781,-9.388546142,32.84136325,-428.0209146,325.1908023,0.215626666,0.178393942,,,,,,,,,
1767170331,172297852,263_1767170331-172297852.png,-67093,82230,68050,-67800,-0.64235792,0.78728171,234.15,241.52,-3,-198,32,-3,-21,19,-35.52305426,20.00526267,-33.32241066,52.67773838,-7.496887081,30.52895511,-408.8770804,326.5246849,0.231696629,0.169826257,,,,,,,,,
1767170331,205646729,264_1767170331-205646729.png,-63326,78604,67900,-67800,-0.606292126,0.75256587,232.5,238.53,-94,4,-90,52,-26,22,-37.11307261,0.76549645,-33.45690586,43.4827197,-6.503438424,27.59989619,-409.8420778,326.6441884,0.244511611,0.138505252,,,,,,,,,
1767170331,238994385,265_1767170331-238994385.png,-60530,75814,68150,-68900,-0.579522825,0.725854013,231.75,238.91,-84,29,24,53,-69,30,-47.2206372,4.378086799,-31.13960706,45.29275868,-15.48372942,27.43846512,-414.6016061,321.7464077,0.257287993,0.115530233,,,,,,,,,
1767170331,305690918,266_1767170331-305690918.png,-57736,73014,68600,-68000,-0.552772672,0.699046415,230.9,238.91,10,29,-72,81,-68,20,-39.82998716,8.633160325,-35.64978711,50.71946853,-24.58598361,26.41872241,-439.4452891,322.4021008,0.270023745,0.139657737,,,,,,,,,
1767170331,339039795,267_1767170331-339039795.png,-54867,70067,68050,-67800,-0.525304458,0.670831419,228.52,233.38,96,39,-27,91,-62,1,-11.73171879,25.12992339,-61.78082196,63.047735,-25.36703037,22.86548299,-440.543412,321.1625028,0.282716854,0.143549242,,,,,,,,,
1767170331,372387695,268_1767170331-372387695.png,-50972,66244,68000,-67850,-0.488013174,0.634229473,225.15,227.89,28,-13,-176,73,-37,14,-0.254251697,16.55146036,-53.5440061,68.45168846,-31.21811391,18.38297368,-351.9387264,270.762404,0.301672169,0.101161626,,,,,,,,,
1767170331,439084229,269_1767170331-439084229.png,-48102,63384,68200,-68800,-0.460535386,0.606847426,223.84,224.97,64,18,-16,23,-25,17,10.33814089,13.62962429,-61.90402116,63.52761364,-31.08466354,17.7597748,-426.1143629,312.0267899,0.314249913,0.124764167,,,,,,,,,
1767170331,472433105,270_1767170331-472433105.png,-45448,60726,68650,-68000,-0.435125613,0.581399357,222.83,222.16,-46,132,-36,19,19,46,3.525195984,31.05646578,-56.8958842,55.93880489,-23.59849271,21.86948616,-314.8382775,253.5759668,0.326778055,0.077840811,,,,,,,,,
1767170331,505780762,271_1767170331-505780762.png,-42847,58123,68050,-67800,-0.410223269,0.556477865,221.99,219.55,-38,106,-96,22,44,40,-2.547524564,42.01634518,-62.61454156,50.97553204,-13.7127656,24.52092564,-379.9146897,292.0284383,0.339254565,0.065529504,,,,,,,,,
1767170331,539129639,272_1767170331-539129639.png,-39717,54978,68200,-68900,-0.380256204,0.526367188,220.16,215.67,151,-128,175,-10,-57,-18,17.57066056,3.128404173,-2.731309346,33.2958029,-17.47535286,18.37081064,-385.6099927,245.4080317,0.354774636,0.045912824,,,,,,,,,
1767170331,605826172,273_1767170331-605826172.png,-36310,51576,68200,-68900,-0.347637102,0.493795956,218.55,213.34,124,41,3,82,-76,-9,40.1073324,-7.730278823,27.34763036,33.37175403,-30.59069777,12.70422418,-380.0566469,259.5178986,0.370207188,0.022918503,,,,,,,,,
1767170331,639174072,274_1767170331-639174072.png,-33834,49118,68600,-68100,-0.323931526,0.470262714,217.92,212.35,7,-21,271,10,-51,13,46.17646375,-3.665428638,46.76806492,36.5113069,-37.34475927,10.38562764,-429.3715214,276.0059423,0.382487623,0.021332661,,,,,,,,,
1767170331,672522705,275_1767170331-672522705.png,-30767,46046,68050,-67800,-0.294567632,0.44085095,217.36,211.54,47,-49,271,31,-70,20,44.24709982,-11.20222238,91.2924645,34.318193,-42.8347938,11.92844078,-346.2144605,211.358562,0.394707671,0.012982292,,,,,,,,,
1767170331,739219238,276_1767170331-739219238.png,-27903,43117,68200,-68900,-0.267147289,0.412808287,216.61,209.01,-145,87,96,33,31,38,23.28024496,7.061692799,89.893461,41.7440969,-39.43077417,15.04612312,-351.8054061,212.7213891,0.406865368,-0.021778918,,,,,,,,,
1767170331,772567139,277_1767170331-772567139.png,-23736,39022,68100,-68850,-0.227251838,0.373602175,215.76,206.79,117,101,-174,71,-46,27,1.799478038,33.81429469,57.21416675,41.32793639,-20.98270324,19.53879995,-398.2197035,255.2765274,0.424980855,0.045067548,,,,,,,,,
1767170331,839263672,278_1767170331-839263672.png,-20532,35805,68650,-68150,-0.196576287,0.34280216,215.39,208.64,-48,186,-146,5,51,53,6.202408723,62.88538624,4.041879448,39.02514398,-12.99352285,25.18907535,-256.596138,199.948987,0.439962035,-0.007648721,,,,,,,,,
1767170331,872612549,279_1767170331-872612549.png,-17806,33011,67950,-67750,-0.170477175,0.316052007,215.15,206.87,-149,168,0,-2,31,67,-16.49467516,78.25753945,3.450787611,33.02555195,-6.559829673,31.30358138,-352.4301218,266.5737634,0.451868995,-0.006591927,,,,,,,,,
1767170331,905960205,280_1767170331-905960205.png,-15142,30336,68250,-68750,-0.144971661,0.290441176,213.53,207.66,130,53,54,55,-89,7,-5.963700653,88.57299138,3.709517312,30.08968609,-12.74945373,30.92572802,-360.6348077,272.1250877,0.463704582,0.006243444,,,,,,,,,
1767170331,972656738,281_1767170331-972656738.png,-12272,27544,68650,-68150,-0.117493873,0.263710172,212.16,208.43,160,-48,151,44,-97,-3,21.09747498,70.4252402,23.92544075,33.08765296,-26.87731527,25.6028331,-340.480129,277.6861558,0.475466933,-0.007604389,,,,,,,,,
1767170332,6005615,282_1767170332-6005615.png,-9814,25012,68100,-67850,-0.093960631,0.239468444,210.41,208.92,58,-161,128,26,-106,21,30.18546053,33.43407498,42.52246271,32.34113398,-40.31185055,24.16959468,-173.662663,165.7810168,0.487154215,-0.065209047,,,,,,,,,
1767170332,39353271,283_1767170332-39353271.png,-6536,21814,68050,-67750,-0.062576593,0.208850337,205.81,211.69,187,-269,215,-41,-95,27,47.18340532,-28.26581116,51.64815905,21.34748781,-47.73896416,24.45705249,-294.5995674,253.7825904,0.498764565,0.010779476,,,,,,,,,
1767170332,106049805,284_1767170332-106049805.png,-2302,17443,68050,-67650,-0.022039675,0.167001762,200.74,211.03,98,71,39,49,-75,24,88.36166648,-38.36976288,82.18934235,20.08536121,-61.31712673,23.48606279,-127.5266304,188.6352727,0.516031836,0.004271547,,,,,,,,,
1767170332,139398682,285_1767170332-139398682.png,88,15113,68600,-68200,0.000842525,0.14469401,198.54,208.99,97,22,396,-3,-92,48,89.88108797,-26.63470986,126.9338426,17.47771364,-66.16786444,27.08468349,-117.1822608,170.1218309,0.530281412,-0.073677567,,,,,,,,,
1767170332,172746582,286_1767170332-172746582.png,3498,11772,68600,-68200,0.033490349,0.112706801,196.75,207.56,60,-7,298,16,-73,45,85.51122306,-23.763294,151.9508701,17.26161009,-67.16700843,29.70465212,-234.1829367,255.5355949,0.541587064,-0.02875169,,,,,,,,,
1767170332,239443604,287_1767170332-239443604.png,6700,8563,68050,-67800,0.064146752,0.081983379,194.3,204.39,-103,84,271,-14,8,65,39.65031577,-3.28885101,161.2513814,12.15777111,-48.66228656,36.90086649,-170.7966337,285.4891324,0.55559862,-0.147836562,,,,,,,,,
1767170332,272792480,288_1767170332-272792480.png,10332,4947,68000,-67800,0.098920037,0.047363281,193.71,201.19,4,-37,172,47,1,54,5.801950677,5.667185142,176.8390575,11.25125585,-34.95731734,44.13996438,-246.731215,185.2006218,0.569473057,0.033740992,,,,,,,,,
1767170332,339489502,289_1767170332-339489502.png,12984,2293,68150,-68900,0.124310662,0.021953508,193.79,198.9,-53,-105,224,-5,67,54,-1.328214019,-10.88429279,182.0564899,12.17137578,-19.97580463,46.09781292,-247.2426766,181.3154685,0.580471646,-0.059833561,,,,,,,,,
1767170332,372837402,290_1767170332-372837402.png,16129,-921,68500,-68050,0.154421339,-0.008817785,194.5,194.92,25,109,329,7,-90,63,14.07663896,-9.450637282,214.9067391,5.026274602,-27.42900539,49.22225188,107.1698964,62.37581491,0.591378556,-0.065114333,,,,,,,,,
1767170332,406186279,291_1767170332-406186279.png,18523,-3243,68050,-67900,0.177341835,-0.031048943,195.14,193.23,47,138,53,79,-91,57,17.31263715,12.79684344,217.7093947,9.7798571,-38.30359195,51.23556695,-55.1890997,98.44337487,0.602192055,-0.030251327,,,,,,,,,
1767170332,439534424,292_1767170332-439534424.png,21321,-6034,68150,-68950,0.204130285,-0.057770374,196.2,191.24,-129,172,226,1,15,77,2.29632684,41.69734296,205.5587443,14.25704567,-36.17298657,54.75644348,-41.0946826,256.3191023,0.612910479,-0.033731802,,,,,,,,,
1767170332,506231201,293_1767170332-506231201.png,24521,-9250,68550,-68150,0.23476754,-0.088560815,197.56,189.9,-141,209,184,-9,31,58,-22.14875029,69.62674322,202.9491744,10.50359081,-24.98957952,55.82190294,11.64827043,175.3229556,0.626172156,-0.034261863,,,,,,,,,
1767170332,539580322,294_1767170332-539580322.png,27322,-12043,68050,-67800,0.261584712,-0.115301394,201.03,189.9,-9,79,33,70,11,19,-22.40202503,77.30802968,148.7370331,23.40262135,-17.61057616,49.05490526,7.504755974,175.0610223,0.636670404,-0.072608891,,,,,,,,,
1767170332,572928223,295_1767170332-572928223.png,29582,-14295,68200,-68850,0.283222273,-0.136862362,202.95,187.21,-117,48,-105,58,48,37,-32.91777756,73.91721565,112.3395159,30.02965805,-8.270101072,45.99956157,37.35493127,177.080832,0.644478259,-0.072608891,,,,,,,,,
1767170332,606277100,296_1767170332-606277100.png,32239,-16968,68500,-68050,0.308660769,-0.162454044,205.06,184.92,-140,93,-175,55,53,57,-50.81213725,76.01917469,64.5427277,34.42466992,2.185511503,47.36912515,35.06458849,178.4185834,0.654799473,-0.106768566,,,,,,,,,
1767170332,639625000,297_1767170332-639625000.png,34078,-18880,68200,-68850,0.326267616,-0.180759804,209.72,185.4,-112,105,-135,100,10,57,-57.19610943,78.47901754,35.07939683,44.97454234,1.40343715,48.86963222,16.05582792,124.7054865,0.665017357,-0.130937343,,,,,,,,,
1767170332,706322021,298_1767170332-706322021.png,38045,-22844,68250,-68950,0.364248238,-0.218711703,212.27,186,-118,128,-131,109,-18,29,-68.79107173,86.47783855,1.782997658,56.96994,-0.216368932,47.15725656,-28.49575174,60.47407579,0.677641739,-0.160468253,,,,,,,,,
1767170332,739670898,299_1767170332-739670898.png,40497,-25224,68650,-68050,0.387724035,-0.241498162,214.8,185.2,-78,89,-82,120,9,17,-71.44551471,87.95012301,-13.99824929,67.57025437,0.658855053,42.26448061,-32.52360937,55.76601052,0.68513634,-0.160468253,,,,,,,,,
1767170332,773018799,300_1767170332-773018799.png,43774,-28498,67950,-67900,0.419098499,-0.272843903,220.09,183.36,168,-12,-34,39,-13,9,-32.41157163,79.49781749,-34.30613325,67.38840747,0.692286728,34.42383574,-32.33080471,81.97051978,0.69749181,-0.12291343,,,,,,,,,
1767170332,806367920,301_1767170332-806367920.png,46572,-31303,68250,-68850,0.445886949,-0.299699372,221.41,183.94,85,5,-198,43,-5,22,-2.478549425,63.34946822,-53.73073886,62.22674399,-1.076002123,30.92014994,-74.93745351,293.5385671,0.707252362,-0.10691914,,,,,,,,,
1767170332,873064697,302_1767170332-873064697.png,50202,-34918,68150,-68800,0.480641085,-0.334309896,224.27,184.06,-56,70,260,27,-41,73,-6.388302055,52.46673404,37.03705516,46.62217456,-12.73743753,39.75323874,41.16667104,270.510071,0.719295842,-0.165406815,,,,,,,,,
1767170332,906412598,303_1767170332-906412598.png,53407,-38133,68700,-68100,0.51132621,-0.365090763,227.31,183.69,-39,89,74,74,-51,53,-11.15749636,57.80942562,42.44258376,50.62595779,-18.33302459,41.69046932,-1.142945588,36.16371131,0.731161823,-0.165278996,,,,,,,,,
1767170332,973109375,304_1767170332-973109375.png,57155,-41882,68650,-68200,0.547210095,-0.400984222,236.54,182.68,91,-59,147,-6,-19,59,-17.58972768,63.67316136,93.09799801,38.97052368,-13.68350523,47.40132093,10.63339967,164.4193361,0.742847374,-0.133478915,,,,,,,,,
1767170333,6458496,305_1767170333-6458496.png,59414,-44207,68100,-67800,0.568838082,-0.423244102,236.54,182.68,91,-59,147,-6,-19,59,-4.687816198,49.09794967,99.50227651,33.62742422,-14.31517589,48.77939908,27.75619423,250.574337,0.752064042,-0.147135989,,,,,,,,,
1767170333,39806396,306_1767170333-39806396.png,62421,-47208,68200,-68950,0.597627528,-0.451976103,242.94,183.29,-148,-9,272,24,28,66,-22.29938565,37.01266806,146.2465525,28.00921858,-13.87511204,52.88518851,-132.2971983,-470.9837723,0.76341763,-0.171007158,,,,,,,,,
1767170333,106503174,307_1767170333-106503174.png,65963,-50696,68200,-68900,0.631539139,-0.485370711,246.22,183.46,-120,6,325,16,17,58,-46.29997424,28.92199838,182.1045379,25.94318303,-6.124260702,54.64654702,-171.9053417,-633.165996,0.772364986,-0.161425479,,,,,,,,,
1767170333,139852051,308_1767170333-139852051.png,68566,-53283,68650,-68200,0.656460631,-0.510139017,249.34,183.39,1,-11,368,24,-35,43,-39.38273957,23.08373238,209.29023,25.65900839,-10.34710159,52.9433347,-11.00092015,144.4583831,0.781190435,-0.217385288,,,,,,,,,
1767170333,173199951,309_1767170333-173199951.png,71561,-56285,68000,-67700,0.685135187,-0.538880591,255.36,184.45,-18,-26,315,33,-42,40,-21.84436617,14.92154427,244.3641732,25.54422794,-19.47554581,49.99526596,-53.07987252,201.6992691,0.792048543,-0.206176433,,,,,,,,,
1767170333,239896973,310_1767170333-239896973.png,74351,-59081,68250,-68950,0.711847044,-0.565649893,258.4,186.86,-4,-69,36,67,-8,43,-19.13261057,1.561226527,215.7697416,31.80493071,-18.39592162,48.70664429,-44.29755187,237.8497937,0.800594493,-0.189959225,,,,,,,,,
1767170333,273245850,311_1767170333-273245850.png,77914,-62639,68650,-68100,0.745959712,-0.599714691,259.91,189.41,51,31,-16,97,-5,73,-1.462166205,-10.8788244,195.2233615,39.460356,-20.72205343,51.07730808,-23.02280074,261.3054359,0.811098933,-0.209520909,,,,,,,,,
1767170333,306593750,312_1767170333-306593750.png,80498,-65361,67950,-67850,0.770699295,-0.625775506,264.22,190.53,-141,231,-196,88,62,92,-19.12349726,26.68516978,126.9584679,49.56948389,-7.802016492,58.20896114,-47.15845099,249.4707208,0.819358527,-0.237844841,,,,,,,,,
1767170333,339942871,313_1767170333-339942871.png,83163,-67900,68200,-68750,0.796214384,-0.650084252,268.46,191.01,-170,136,-46,35,74,89,-41.18795275,42.67157033,101.6647055,47.43881594,4.160859893,62.71189893,-48.31690246,247.0966992,0.827488692,-0.217189289,,,,,,,,,
1767170333,406639648,314_1767170333-406639648.png,85829,-70553,68600,-68200,0.821739047,-0.675484452,277.1,192.2,-5,-99,-130,81,-11,50,-58.84990841,19.34547158,62.94023624,44.90513666,13.09377109,64.44343608,-50.54347488,247.3268223,0.833500645,-0.23899046,,,,,,,,,
1767170333,439987549,315_1767170333-439987549.png,88761,-73621,67950,-67850,0.849810432,-0.70485792,281.62,193.5,-48,45,-28,33,8,71,-53.10230734,13.95288384,34.73280673,45.95309628,10.48716407,64.28626028,-65.7808879,233.8905597,0.843355806,-0.254819187,,,,,,,,,
1767170333,473336670,316_1767170333-473336670.png,91562,-76293,68200,-68850,0.876627604,-0.730440028,286.19,195.32,-146,-112,-22,-23,-23,92,-66.68783569,-4.466696072,26.43609739,35.86926947,5.589939999,68.33916823,-68.46008697,210.7670627,0.849169154,-0.246693944,,,,,,,,,
1767170333,506684570,317_1767170333-506684570.png,93887,-78605,68550,-68100,0.898887485,-0.752575444,295.45,198.27,129,-120,14,10,-55,-2,-53.83983362,-40.01863815,13.6601994,30.54849338,-4.597623403,64.25971594,-39.35515463,240.6277485,0.858690154,-0.256136232,,,,,,,,,
1767170333,540033447,318_1767170333-540033447.png,96684,-81484,67950,-67850,0.92566636,-0.7801394,297.31,200.03,150,74,105,53,-80,-8,-10.47819917,-34.84548841,24.54816494,31.064672,-18.83339904,48.73711846,-51.94103271,210.4791939,0.864301235,-0.288303459,,,,,,,,,
1767170333,606730225,319_1767170333-606730225.png,99355,-84145,68200,-68800,0.951238894,-0.805616192,301.17,200.89,62,25,40,56,-48,-6,4.385805041,-23.20103868,28.94585287,35.29418469,-24.7242601,39.22449036,-30.57887334,222.3071744,0.87348215,-0.301310229,,,,,,,,,
1767170333,640078369,320_1767170333-640078369.png,102419,-87143,68550,-68150,0.980574066,-0.83431947,309.21,203.16,0,-73,191,36,-2,34,5.574133727,-30.20645316,26.80411505,40.65095363,-23.23218721,36.81429985,-58.12039298,201.4060986,0.880671819,-0.297957352,,,,,,,,,
1767170333,673427246,321_1767170333-673427246.png,103987,-88779,68000,-67750,0.99558632,-0.849982767,313.1,204.79,-1,-5,192,35,-16,39,4.348497829,-30.62440368,59.52632716,39.6086281,-20.67962546,36.84954794,-40.5647133,207.9932632,0.887722405,-0.343516804,,,,,,,,,
1767170333,706775146,322_1767170333-706775146.png,107740,-92543,68200,-68800,1.031518076,-0.886019838,317.13,205.47,-17,69,69,59,-14,29,1.08431977,-15.37418799,64.43222243,42.32198486,-19.57842519,35.75876333,-42.78635034,208.4212692,0.894632842,-0.311373472,,,,,,,,,
1767170333,773471924,323_1767170333-773471924.png,110681,-95480,68700,-68250,1.059675628,-0.914139093,331.35,205.59,59,127,74,67,-30,-1,11.09310648,1.437485826,84.64705603,41.06085161,-27.18872726,30.82313949,-43.764985,195.7978883,0.901401932,-0.330114388,,,,,,,,,
1767170333,806821045,324_1767170333-806821045.png,113621,-98339,68700,-68200,1.087823606,-0.941511566,336.79,206.59,153,-7,3,127,-118,-32,32.96923891,13.58098724,73.83158196,53.98731605,-38.27265172,20.0271312,-45.04902899,194.2826011,0.908028742,-0.342143667,,,,,,,,,
1767170333,840168945,325_1767170333-840168945.png,116137,-100868,68150,-68850,1.111912148,-0.965724571,342.12,208.28,116,-73,332,108,-133,-23,48.30159055,0.372291887,109.7042752,63.82651979,-54.24448257,12.35215953,-44.21378022,193.2565045,0.914512075,-0.34807234,,,,,,,,,
1767170333,873517822,326_1767170333-873517822.png,119211,-104009,68150,-68850,1.141343061,-0.995796952,352.08,211.11,-35,36,8,39,21,24,50.43089621,-8.203184537,114.4943245,63.97620559,-51.6587851,11.23301538,-52.83225912,185.865772,0.922413141,-0.364063108,,,,,,,,,
1767170333,940214600,327_1767170333-940214600.png,122079,-106879,68600,-68150,1.1688017,-1.02327474,356.73,212.97,-88,83,-31,41,111,31,23.58540924,8.550040565,84.98833364,58.68625446,-22.25704664,15.11025847,-53.91693959,186.1934752,0.92857017,-0.364063108,,,,,,,,,
1767170333,973562744,328_1767170333-973562744.png,125090,-109810,67950,-67900,1.197629442,-1.05133655,361.37,213.69,-108,-34,-27,16,100,28,4.342118518,2.327444872,68.61095507,52.4437386,-4.377952713,16.99527783,-49.42281806,188.3297794,0.934580525,-0.368503824,,,,,,,,,
1767170334,6911621,329_1767170334-6911621.png,127533,-112330,68150,-68950,1.221019072,-1.075463388,370.96,216.63,-10,-192,-160,68,25,13,4.788996468,-35.02348311,30.21829193,57.04272679,4.063762048,16.33923877,-48.22832531,188.4138904,0.940443341,-0.381290946,,,,,,,,,
1767170334,73608398,330_1767170334-73608398.png,131839,-116558,68150,-68850,1.262245328,-1.115942862,380.88,219.46,-70,-48,116,59,9,25,3.792531842,-63.61185106,40.29565785,53.24212941,7.192628014,16.31076721,-51.2178691,181.6590769,0.948958798,-0.396989122,,,,,,,,,
1767170334,106956299,331_1767170334-106956299.png,134237,-118961,68600,-68150,1.285204121,-1.138949525,385.9,219.77,-48,10,-179,120,29,35,-8.868929653,-55.26268271,28.62921903,59.90616274,9.361581615,18.94117366,-51.78550318,181.7467701,0.953090293,-0.392115602,,,,,,,,,
1767170334,140305176,332_1767170334-140305176.png,136687,-121480,68200,-67750,1.308660769,-1.163066789,390.91,220.26,23,-5,86,88,-11,27,-6.255783431,-44.49748799,26.15560616,67.15889954,7.411392266,20.95994452,-46.3689844,184.2771206,0.959787744,-0.373427051,,,,,,,,,
1767170334,207001953,333_1767170334-207001953.png,140107,-124888,68200,-68850,1.341404335,-1.195695466,399.72,223.25,-86,147,79,52,-9,57,-18.7616938,-25.71422677,40.95558268,65.95608915,8.684236587,23.3626372,-40.85843357,193.5405045,0.964975315,-0.40056826,,,,,,,,,
1767170334,240349854,334_1767170334-240349854.png,143519,-128317,68650,-68900,1.374071308,-1.228525199,405.37,224.67,-66,114,101,33,44,61,-32.49042164,12.23760305,53.59573325,59.72085427,12.0550268,32.27889688,-50.99188048,182.1177468,0.971245329,-0.417012257,,,,,,,,,
1767170334,273698730,335_1767170334-273698730.png,146391,-131321,68650,-68050,1.401568244,-1.257285922,417.08,227.93,96,-10,85,158,-54,-1,-11.13529201,17.17934518,50.2381421,72.73780057,5.457079605,28.79479026,-55.36339667,179.3663006,0.977275724,-0.404308521,,,,,,,,,
1767170334,340395508,336_1767170334-340395508.png,150887,-135617,68650,-68150,1.444613588,-1.298416437,430.02,230.55,136,-171,76,109,-78,-12,32.26141092,-49.95914953,122.5629284,81.46617044,-30.22345827,18.16874487,-43.90090287,193.2761352,0.98306497,-0.412153626,,,,,,,,,
1767170334,373743408,337_1767170334-373743408.png,153000,-137798,68100,-68800,1.46484375,-1.319297641,430.02,230.55,136,-171,76,109,-78,-12,35.49045389,-53.72675531,121.1135767,82.32320849,-31.71058575,17.22969052,-47.13189083,188.0894828,0.987521837,-0.434723131,,,,,,,,,
1767170334,440440186,338_1767170334-440440186.png,157029,-141760,68250,-68900,1.503417969,-1.357230392,440.09,231.29,184,-79,250,160,-113,-3,66.81730738,-64.32277176,96.75140465,101.7751476,-39.3205494,7.859523811,-47.90330431,187.332484,0.993914422,-0.437737029,,,,,,,,,
1767170334,473789063,339_1767170334-473789063.png,160040,-144769,68150,-68850,1.532245711,-1.386038986,445.46,232.45,-76,43,191,148,-21,37,62.11734924,-53.10804972,123.9940282,113.3632311,-44.85782243,10.1848451,-46.65374306,187.9823022,0.997980137,-0.457519263,,,,,,,,,
1767170334,540485596,340_1767170334-540485596.png,163240,-147974,68650,-68100,1.562882966,-1.416724112,451.25,231.84,48,197,-66,185,-16,37,56.38237525,-13.97774892,97.98961787,124.7599848,-40.00358728,14.81894704,-47.36482796,186.5617294,1.002840539,-0.453651645,,,,,,,,,
1767170334,573833496,341_1767170334-573833496.png,165911,-150701,68000,-67800,1.588455499,-1.442832797,463.63,231.55,115,24,166,172,-27,25,70.77190538,5.09354477,114.8344098,132.980987,-35.62306543,17.98491903,-46.07253668,188.1379147,1.006550722,-0.476914541,,,,,,,,,
1767170334,607182373,342_1767170334-607182373.png,169246,-153986,68150,-68950,1.620385263,-1.474283854,476.42,230.89,111,-40,128,203,-27,11,80.13795673,-15.38972196,99.44059533,142.9688967,-29.51845096,17.52518969,-45.22819641,187.7925868,1.010964912,-0.496298207,,,,,,,,,
1767170334,640530273,343_1767170334-640530273.png,170824,-155612,68000,-68100,1.63549326,-1.489851409,482.94,231.96,-154,64,142,186,10,28,69.2310128,-13.26918788,105.2341166,152.3014256,-26.81569136,17.43936701,-45.50503248,187.507154,1.0143167,-0.503861253,,,,,,,,,
1767170334,707226807,344_1767170334-707226807.png,174704,-159437,68050,-67850,1.672640931,-1.526472503,489.61,231.25,-192,82,134,198,-5,37,13.77943225,6.633610695,112.2817291,161.5883,-20.78063907,21.11595184,-47.04798931,184.5237219,1.017508298,-0.503861253,,,,,,,,,
1767170334,740575684,345_1767170334-740575684.png,177577,-162374,68200,-68800,1.700147442,-1.554591759,496.34,231.82,-150,-49,248,164,70,66,-10.17197123,-1.502350204,132.1294171,161.9409914,-7.504712514,27.67987707,-39.61796382,188.528522,1.020539242,-0.519657851,,,,,,,,,
1767170334,773923584,346_1767170334-773923584.png,180244,-165180,68650,-68800,1.725681679,-1.581456801,509.88,231.01,-126,17,41,255,127,50,-19.30602767,-11.14455615,134.9008692,180.1446055,6.161538504,29.91537959,-39.50678781,188.0689924,1.023408998,-0.537851263,,,,,,,,,
1767170334,807272461,347_1767170334-807272461.png,183041,-167827,67950,-67800,1.752460555,-1.606799556,516.81,231.95,-92,-84,-179,254,143,38,-38.18098841,-19.62438752,81.73987232,196.7293021,35.51002713,32.64959364,-43.11260518,185.6451061,1.026117166,-0.538508519,,,,,,,,,
1767170334,873969238,348_1767170334-873969238.png,186248,-171042,67950,-67850,1.783164828,-1.637580423,530.99,232.43,178,-272,37,207,42,-1,-14.19978252,-70.42350676,63.65841872,198.356855,48.05561792,27.61534778,-43.87921315,169.9172134,1.02927441,-0.529593289,,,,,,,,,
1767170334,907316895,349_1767170334-907316895.png,188906,-173707,68250,-68750,1.808612898,-1.663095512,538.15,232.35,176,-166,-24,296,25,-3,18.83450892,-95.66586131,53.53067612,207.9053649,45.47054372,22.4891353,-41.1457898,170.2560933,1.031617393,-0.534556059,,,,,,,,,
1767170334,940665771,350_1767170334-940665771.png,191581,-176377,68700,-68150,1.834223729,-1.688658471,545.29,232.34,184,31,239,346,29,-11,51.21185886,-80.82205223,76.59747226,232.7098832,41.99079711,16.25797493,-41.27631772,159.0171762,1.033797457,-0.56332532,,,,,,,,,
1767170334,974013672,351_1767170334-974013672.png,194374,-179165,67950,-67900,1.860964308,-1.71535118,552.44,231.46,168,-45,167,370,89,-9,68.29117005,-75.58336984,89.81810312,252.7874408,48.86550885,12.56420252,-45.2185854,152.2021811,1.035814269,-0.56332532,,,,,,,,,
1767170335,7362549,352_1767170335-7362549.png,196903,-181635,68200,-68850,1.885177313,-1.738999311,567.16,233.39,106,-15,215,415,1,4,85.29292411,-74.60677873,67.95283587,276.7114477,50.93691309,10.23402799,-45.56036073,151.1929927,1.037219552,-0.580350498,,,,,,,,,
1767170335,74059082,353_1767170335-74059082.png,199968,-184704,68600,-68050,1.914522059,-1.768382353,574.96,233.82,144,-106,131,424,-19,-9,95.97883617,-73.15139518,92.08912178,312.2788931,35.64371623,6.788841972,-45.99025863,142.7897761,1.039356872,-0.580350498,,,,,,,,,
1767170335,107406982,354_1767170335-107406982.png,202845,-187565,67900,-67800,1.942066866,-1.795773974,582.97,234.72,131,-234,161,386,20,-1,101.1003952,-96.6741891,102.1667745,323.0600025,33.35595058,5.649787488,-48.22397438,129.6875215,1.040882131,-0.604338461,,,,,,,,,
1767170335,140755859,355_1767170335-140755859.png,204891,-189614,68700,-68250,1.961655561,-1.815391391,599.14,235.63,-101,-120,161,359,142,34,97.06248269,-123.659022,120.8355161,330.1211668,40.22949486,6.865238011,-48.54587829,128.4924865,1.041918234,-0.604338461,,,,,,,,,
1767170335,174104492,356_1767170335-174104492.png,206729,-191452,67950,-67750,1.979252834,-1.832988664,607.2,236.16,-75,-118,6,394,160,25,60.08749224,-122.7514643,114.7826609,339.0230951,62.06652487,11.43869252,-47.6497165,122.5812187,1.043155672,-0.601104446,,,,,,,,,
1767170335,207454102,357_1767170335-207454102.png,210550,-195275,67900,-67850,2.015835631,-1.86959061,611.46,236.61,-19,-133,-285,437,207,15,41.45351598,-124.0016218,50.62596417,356.2279302,88.38595752,12.66906229,-49.66036588,104.7995567,1.044228393,-0.618833129,,,,,,,,,
1767170335,274152588,358_1767170335-274152588.png,213975,-198689,68150,-68900,2.048627068,-1.902276731,621.13,236.21,108,-148,163,463,24,7,55.07909326,-126.1585271,60.58425585,376.1935089,82.32791492,9.484198494,-48.46437952,89.52904439,1.045337333,-0.618833129,,,,,,,,,
1767170335,307501465,359_1767170335-307501465.png,216625,-201350,68650,-68200,2.073998545,-1.927753523,632.12,234.65,87,-161,15,475,4,27,63.83637325,-132.9414611,61.83142094,397.3505403,66.36619894,11.85379153,-48.82914335,87.94282889,1.04603881,-0.618833129,,,,,,,,,
1767170335,374199707,360_1767170335-374199707.png,219905,-204695,67950,-67700,2.105401731,-1.959779029,654.19,232.16,130,-259,39,515,106,14,82.05343041,-160.8550229,76.51704578,411.2392101,63.80280792,15.16281998,-47.17825747,70.1461215,1.046683361,-0.636586653,,,,,,,,,
1767170335,407549561,361_1767170335-407549561.png,222565,-207298,68150,-68800,2.130868949,-1.984700521,665.41,230.77,229,-202,32,571,100,2,99.29925889,-172.6573846,69.39995415,434.2389981,70.55215775,13.87582076,-48.85154739,77.12045455,1.047013061,-0.636586653,,,,,,,,,
1767170335,440898193,362_1767170335-440898193.png,225227,-209955,68600,-68250,2.156355316,-2.010139017,676.91,230.1,185,-316,58,539,107,11,116.4859022,-191.2729976,66.02577158,454.0715316,76.47292516,12.89280299,-49.18559495,75.46187782,1.047151811,-0.637651699,,,,,,,,,
1767170335,474248047,363_1767170335-474248047.png,227625,-212420,68000,-67750,2.179314108,-2.033739277,688.71,230.07,326,-450,-89,555,103,9,148.9463683,-232.4242899,43.14123697,471.0884438,81.1635409,12.2732117,-48.26923704,62.3938694,1.047192092,-0.648643064,,,,,,,,,
1767170335,507596680,364_1767170335-507596680.png,230619,-215357,68100,-68850,2.20797909,-2.061858532,711.91,229.04,200,-74,150,636,40,1,182.0094533,-230.4820058,35.6681383,502.1865956,78.06928174,10.17203666,-51.26858667,63.26707602,1.047009998,-0.636181914,,,,,,,,,
1767170335,574295166,365_1767170335-574295166.png,233631,-218358,68700,-68200,2.236816406,-2.090590533,721.99,228.36,67,-112,69,631,130,-1,166.5803595,-201.0638829,49.37687873,531.364037,82.72217637,7.829509966,-54.16117615,58.54898047,1.046678235,-0.663530389,,,,,,,,,
1767170335,607645020,366_1767170335-607645020.png,236968,-221701,68700,-68150,2.268765319,-2.12259689,742.7,227.82,214,-264,-202,703,166,-3,145.8705384,-206.414382,34.13106935,549.6903842,101.5063444,6.524750856,-54.43937594,57.55240154,1.046031153,-0.633506202,,,,,,,,,
1767170335,640993652,367_1767170335-640993652.png,239088,-223816,68150,-68850,2.2890625,-2.142846201,753.01,228.75,341,-282,63,717,72,-8,181.317536,-223.3095242,14.40027814,589.7094514,103.7333827,3.43445416,-55.24728528,41.86563301,1.045125945,-0.633506202,,,,,,,,,
1767170335,707692383,368_1767170335-707692383.png,242974,-227712,68200,-68900,2.326267616,-2.180147059,784.27,228.54,268,-285,-126,732,89,-21,202.1069801,-230.8534824,4.447459261,612.8827119,97.36158613,-0.363153953,-53.76355305,40.54794216,1.044216076,-0.633506202,,,,,,,,,
1767170335,741041992,369_1767170335-741041992.png,246316,-231113,68150,-68850,2.3582644,-2.212708716,799.14,228.74,226,-198,-98,731,120,-14,212.2851876,-231.5414374,-23.76695885,642.2394058,99.82408753,-4.450789267,-51.62107697,22.40132165,1.042846878,-0.633506202,,,,,,,,,
1767170335,774390869,370_1767170335-774390869.png,248928,-233650,68750,-68100,2.383272059,-2.236998315,812.94,228.14,120,-151,-289,748,175,4,198.7892331,-219.7629104,-62.5551235,657.7060284,110.8179504,-3.214930401,-55.97713763,32.72820067,1.041901855,-0.633506202,,,,,,,,,
1767170335,841089355,371_1767170335-841089355.png,253215,-237954,68650,-68150,2.424316406,-2.278205423,849.75,230.11,235,-239,-340,832,180,-3,198.1114859,-209.4746905,-149.3512435,710.7721498,133.5626527,-2.97454527,-53.77738512,16.02020741,1.039734175,-0.633506202,,,,,,,,,
1767170335,874439209,372_1767170335-874439209.png,255069,-239866,68100,-68900,2.442066866,-2.296511183,849.75,230.11,235,-239,-340,832,180,-3,199.2597047,-210.3937169,-155.2855158,714.5455762,135.0080955,-2.975337593,-54.1840997,22.93120646,1.038083748,-0.633506202,,,,,,,,,
1767170335,907787842,373_1767170335-907787842.png,257858,-242653,68600,-68050,2.468769148,-2.323194317,872.25,230.77,99,-245,-297,837,235,4,189.0985739,-221.9327819,-191.9362431,738.4487833,149.2344345,-2.139404191,-62.41839793,9.392778397,1.036269469,-0.633506202,,,,,,,,,
1767170335,941137695,374_1767170335-941137695.png,260460,-245190,68050,-67850,2.493681066,-2.347483915,883.58,231.97,165,-297,-260,867,218,19,179.0499192,-232.6913972,-208.4020327,761.5819124,164.2445647,0.861861275,-58.84985569,5.603629112,1.034801269,-0.633506202,,,,,,,,,
1767170336,7836182,375_1767170336-7836182.png,263593,-248326,68100,-68800,2.523676854,-2.377508425,895,232.23,203,-371,-239,877,210,14,182.1790504,-254.6268818,-214.2479358,781.2623185,172.3644577,3.265222277,-59.2867021,4.492561817,1.032150158,-0.633506202,,,,,,,,,
1767170336,41185059,376_1767170336-41185059.png,266465,-251196,68250,-68850,2.55117379,-2.404986213,918.56,235.09,106,-306,-211,837,249,7,164.5816,-266.7496483,-235.018608,800.7038648,186.757844,4.69321213,-60.92940563,-0.156468153,1.029845858,-0.67123619,,,,,,,,,
1767170336,74534912,377_1767170336-74534912.png,269668,-254402,68600,-68100,2.581839767,-2.435680913,930.4,235.45,174,-318,-149,826,233,22,161.4324636,-277.2774012,-220.5832127,807.2077583,198.3297267,7.402429983,-58.85212857,3.517333031,1.026736817,-0.667629751,,,,,,,,,
1767170336,141233398,378_1767170336-141233398.png,272811,-257545,67950,-67800,2.611931296,-2.465772442,954.29,237.11,199,-193,-110,936,124,-1,184.2673248,-269.6033839,-229.9250792,833.6049433,185.766987,6.557686262,-57.74218673,0.456381321,1.024067132,-0.673051745,,,,,,,,,
1767170336,174581543,379_1767170336-174581543.png,274176,-258972,68650,-68200,2.625,-2.479434743,966.25,237.14,137,-261,-393,971,186,-14,181.2021436,-262.5193065,-234.8125979,854.4681317,180.7038618,4.075044737,-57.18922892,2.075983286,1.021235725,-0.667504117,,,,,,,,,
1767170336,207930420,380_1767170336-207930420.png,277928,-262725,68600,-68150,2.660922181,-2.515366498,978.16,238,169,-380,-435,949,226,0,177.1049257,-279.6204043,-272.3650848,874.3898504,187.6051575,2.533376363,-55.8508957,2.598130465,1.018243065,-0.668680715,,,,,,,,,
1767170336,241278320,381_1767170336-241278320.png,280806,-265532,68100,-67750,2.688476563,-2.542241115,990.1,237.79,211,-348,-285,947,197,-4,182.0618033,-289.6203613,-274.2128379,885.0084914,188.9790765,1.577923464,-54.06610507,-3.845171452,1.015089549,-0.693368531,,,,,,,,,
1767170336,307975342,382_1767170336-307975342.png,284349,-269277,68000,-67750,2.722397748,-2.578096278,1010.11,237.72,125,-351,-428,968,282,-1,169.4751484,-302.1166594,-311.7873327,903.888542,212.2762048,0.810557777,-66.73088434,-10.83082438,1.010922368,-0.689515303,,,,,,,,,
1767170336,341324219,383_1767170336-341324219.png,287416,-272137,68200,-68850,2.751761642,-2.605478324,1027.87,236.25,217,-328,-236,1000,211,-15,173.7209138,-315.0911163,-303.9325516,919.5063618,217.298178,-2.3468373,-66.05064559,-12.58182287,1.006505715,-0.680146752,,,,,,,,,
1767170336,374672363,384_1767170336-374672363.png,290013,-274816,68650,-68100,2.776625689,-2.631127451,1037.62,236.16,231,-295,-353,1049,217,-17,183.5816363,-314.6677335,-301.0325254,939.9241866,216.5906087,-5.040307893,-65.82874814,-13.21659565,1.002793534,-0.700857874,,,,,,,,,
1767170336,441369141,385_1767170336-441369141.png,293490,-278219,68050,-67750,2.809914982,-2.663708257,1058.94,236.03,250,-319,-176,1022,235,-14,196.2456052,-313.8626536,-301.6938987,966.5440822,222.8350907,-7.5395052,-59.99557906,-7.023047447,0.997930669,-0.699329575,,,,,,,,,
1767170336,474718262,386_1767170336-474718262.png,296361,-281093,68200,-68800,2.837402344,-2.691224341,1070.5,235.79,305,-389,-168,1030,200,-25,207.6100509,-320.8082999,-286.0357533,973.8570165,221.1128142,-9.302639341,-66.63243642,-18.22528243,0.993863023,-0.699329575,,,,,,,,,
1767170336,541415039,387_1767170336-541415039.png,300936,-285660,67950,-67800,2.881204044,-2.734949449,1107.96,234.65,229,-491,-258,1105,259,-15,243.0820691,-366.1343613,-296.5185918,999.8431873,224.5700147,-15.76597778,-60.57068115,-15.55665755,0.987467508,-0.719320578,,,,,,,,,
1767170336,574762939,388_1767170336-574762939.png,302916,-287710,68650,-68250,2.900160846,-2.75457644,1107.96,234.65,229,-491,-258,1105,259,-15,241.8075894,-377.4351668,-293.0325157,1009.360271,227.6860566,-15.69665394,-63.21072185,-16.81173086,0.983008778,-0.708805002,,,,,,,,,
1767170336,608112061,389_1767170336-608112061.png,305517,-290315,68000,-67750,2.925063189,-2.77951708,1120.32,235.32,224,-474,-254,1129,265,-24,239.6918097,-388.9083601,-288.394931,1023.57507,232.119452,-16.68320246,-67.79088789,-19.33018827,0.97956278,-0.72427211,,,,,,,,,
1767170336,641459961,390_1767170336-641459961.png,307358,-292086,68600,-68200,2.942689185,-2.796472886,1145.02,237.74,420,-469,-231,1149,199,-49,268.4643626,-410.891389,-265.8303011,1045.414585,226.5340068,-22.88153793,-65.27942693,-17.78738952,0.973626328,-0.709745991,,,,,,,,,
1767170336,708156738,391_1767170336-708156738.png,311590,-296388,68200,-68850,2.983206955,-2.837660846,1157.51,239.84,421,-521,-217,1128,204,-35,298.6727048,-428.607965,-257.2508685,1063.487843,221.6608099,-26.40433817,-55.39560655,-13.50489426,0.967449592,-0.721585211,,,,,,,,,
1767170336,741505859,392_1767170336-741505859.png,315341,-300065,68650,-68150,3.019119562,-2.872864966,1182.41,243.26,351,-338,-84,1122,187,-21,315.9584354,-429.6693941,-241.3390573,1076.166461,220.1035886,-27.33029196,-65.34209332,-29.24940848,0.962336189,-0.735106893,,,,,,,,,
1767170336,808202637,393_1767170336-808202637.png,317931,-302668,67950,-67800,3.04391659,-2.897786458,1194.95,246.09,272,-328,-229,1141,218,-10,311.3633258,-410.0047303,-231.3022429,1088.045948,218.0639029,-24.46466349,-65.18682355,-18.89945984,0.95707092,-0.734313685,,,,,,,,,
1767170336,841550537,394_1767170336-841550537.png,320937,-305667,68050,-68950,3.072696461,-2.926499311,1220.53,248.13,419,-412,-350,1194,233,-30,312.3951871,-408.7909581,-253.5154546,1104.797972,220.7867971,-21.59563658,-59.04558262,-35.98430467,0.950276863,-0.749160456,,,,,,,,,
1767170336,874899658,395_1767170336-874899658.png,323189,-307981,68600,-68150,3.09425743,-2.948653876,1233.4,249.85,420,-476,-634,1243,297,-49,330.9087643,-415.137772,-295.8926367,1124.648239,228.6896789,-24.76762027,-53.47100168,-43.19262958,0.94467264,-0.754437946,,,,,,,,,
1767170336,908247559,396_1767170336-908247559.png,326257,-310987,68050,-67750,3.123630898,-2.977433747,1246.27,250.42,318,-465,-542,1232,289,-39,334.1862385,-424.3488238,-343.392347,1143.794432,239.5443244,-27.76724227,-59.83498427,-26.81190968,0.93891928,-0.754437946,,,,,,,,,
1767170336,941596436,397_1767170336-941596436.png,328797,-313590,68150,-68750,3.147949219,-3.002355239,1259,250.55,333,-497,-334,1228,276,-30,333.601334,-434.0957539,-347.7239122,1156.218522,245.2322389,-28.34062096,-52.08422378,-32.34546614,0.933017715,-0.754437946,,,,,,,,,
1767170337,8293457,398_1767170337-8293457.png,331587,-316384,68650,-68250,3.174661075,-3.029105392,1284.24,252.65,99,-181,-837,1337,373,1,328.6136203,-405.1183538,-411.1058037,1191.016988,256.0506996,-26.08389454,-56.4924956,-45.31374502,0.926968744,-0.754437946,,,,,,,,,
1767170337,41641357,399_1767170337-41641357.png,335273,-320003,68650,-68050,3.209951363,-3.063754213,1297.14,253.25,82,-264,-476,1251,375,38,281.0007843,-370.478017,-452.7814506,1209.786015,279.5102522,-16.30991226,-56.73413458,-47.37453556,0.919201768,-0.754437946,,,,,,,,,
1767170337,74990234,400_1767170337-74990234.png,338012,-322732,68000,-67800,3.236174939,-3.089882047,1323.59,253.09,241,-477,-401,1339,237,-40,253.8389427,-389.9820991,-454.9919471,1220.342526,291.1120455,-13.60082114,-62.11883312,-50.68724704,0.912824829,-0.754437946,,,,,,,,,
1767170337,141687256,401_1767170337-141687256.png,341487,-326214,68150,-68950,3.269445083,-3.12321921,1337.08,252.11,342,-533,-356,1370,227,-62,263.2897407,-413.9142741,-438.9244861,1247.586848,279.1792053,-21.45664296,-56.14649922,-47.16604924,0.904651055,-0.754437946,,,,,,,,,
1767170337,175035156,402_1767170337-175035156.png,344427,-329157,68150,-68900,3.297593061,-3.15139591,1357.37,249.89,411,-554,-493,1378,304,-34,279.8526974,-419.2164311,-412.4592057,1275.266844,269.6933796,-25.86921505,-65.13532671,-50.35510182,0.897951207,-0.754437946,,,,,,,,,
1767170337,241731934,403_1767170337-241731934.png,347410,-332017,68400,-64300,3.326152727,-3.178777956,1357.37,248.5,406,-561,-659,1406,343,-33,305.2997692,-446.811295,-448.1747309,1298.992729,281.1391623,-27.36488322,-68.24559259,-48.93180656,0.889377094,-0.754437946,,,,,,,,,
1767170337,275081055,404_1767170337-275081055.png,348709,-332925,27900,-17250,3.338589537,-3.187471278,1389.57,244.99,356,-475,-437,1369,325,-25,325.011187,-466.2793893,-441.9528863,1313.975031,291.4745291,-27.90035906,-60.81446314,-61.60505223,0.882359731,-0.793771407,,,,,,,,,
1767170337,308428955,405_1767170337-308428955.png,348492,-332566,-8450,11300,3.336511949,-3.184034161,1406.39,245.32,334,-552,-574,1396,326,-31,327.5519657,-474.5234942,-453.6275775,1324.465583,296.4678589,-28.0192276,-60.67497361,-61.65821266,0.875202951,-0.800177266,,,,,,,,,
1767170337,341777832,406_1767170337-341777832.png,347449,-331325,-20900,26100,3.326526118,-3.17215265,1422.46,245.32,225,-589,-403,1374,352,-21,312.7259334,-493.3236625,-449.422569,1333.610593,305.3737885,-27.07193606,-39.82609415,-70.64132214,0.866062849,-0.809775574,,,,,,,,,
1767170337,408474609,407_1767170337-408474609.png,344765,-328488,-47700,49300,3.300829121,-3.144990809,1447.53,248.98,140,-389,-539,1454,366,-3,273.5879132,-478.2526645,-459.3355454,1359.587799,314.402143,-23.26206597,-24.06234843,-90.58135486,0.854812791,-0.808701299,,,,,,,,,
1767170337,475171631,408_1767170337-475171631.png,340562,-324134,-68550,67350,3.260589001,-3.103304994,1455.73,270.2,264,-399,-564,1379,397,1,286.9378571,-455.0975427,-503.9058691,1383.278698,332.4217185,-19.85095301,-15.74103159,-91.84817791,0.845205638,-0.808701299,,,,,,,,,
1767170337,508519531,409_1767170337-508519531.png,338121,-321750,-68050,68250,3.240445006,-3.083132276,1447.21,279.62,225,-362,-318,1326,320,5,284.3181776,-450.5079391,-499.9315376,1381.366763,333.9826136,-18.44860409,0.722629488,-76.36960912,0.837369552,-0.808701299,,,,,,,,,
1767170337,541868408,410_1767170337-541868408.png,335590,-319222,-68250,67600,3.212986366,-3.056276808,1433.73,296.23,221,-362,-263,1280,296,-1,273.8218778,-435.2123045,-465.120109,1368.97938,330.0953568,-14.93932012,-0.049368441,-74.21711326,0.829401308,-0.808701299,,,,,,,,,
1767170337,575216309,411_1767170337-575216309.png,333062,-316701,-68450,68650,3.188782935,-3.032140395,1415.84,307.99,454,-456,-256,1314,232,-27,292.3768995,-433.7284651,-429.3587201,1357.641927,316.59906,-15.61952285,1.987581342,-56.1246562,0.821302036,-0.808701299,,,,,,,,,
1767170337,641913330,412_1767170337-641913330.png,329786,-313343,-68200,68600,3.157418045,-2.999990426,1372.99,334.5,303,-358,-210,1232,279,-11,312.3833534,-421.9926915,-418.1309605,1340.79039,307.7792459,-15.31033096,-14.70986107,-38.1935432,0.808910347,-0.808701299,,,,,,,,,
1767170337,675262207,413_1767170337-675262207.png,326579,-310206,-68200,68600,3.126713771,-2.969956342,1328.08,347.48,374,-347,-348,1245,246,-22,319.1975041,-409.6267498,-398.5587358,1323.534187,298.8848754,-15.8723816,-26.27171195,-34.72564912,0.802606445,-0.808701299,,,,,,,,,
1767170337,708610107,414_1767170337-708610107.png,324056,-307624,-68250,67650,3.102558211,-2.945235907,1298.83,364.77,339,-457,-476,1215,279,-27,323.0534533,-413.5375701,-406.3730453,1308.484803,295.0717358,-17.36256256,-17.49841785,-39.26162362,0.791941817,-0.808701299,,,,,,,,,
1767170337,775306885,415_1767170337-775306885.png,321121,-304693,-68550,68500,3.074458104,-2.917174096,1252.16,384.92,375,-403,-181,1143,173,-37,341.3303782,-412.5434232,-376.860082,1279.194737,279.3440048,-20.16361587,-32.98214549,-19.60129213,0.783269299,-0.808701299,,,,,,,,,
1767170337,808656006,416_1767170337-808656006.png,317641,-301197,-68050,68700,3.041140089,-2.883702895,1232.5,393.4,359,-461,-321,1115,217,-53,346.1149405,-417.539618,-354.6031841,1248.824585,263.4556975,-25.40773029,-53.79712665,-42.9986155,0.772254864,-0.84530693,,,,,,,,,
1767170337,842003906,417_1767170337-842003906.png,314905,-298547,-68150,67450,3.014945236,-2.858331419,1197.6,414.87,273,-369,-79,1011,210,-40,329.6538459,-423.745219,-326.5275911,1212.11695,261.1604696,-29.20472384,-56.35229173,-43.32302308,0.765554551,-0.844244223,,,,,,,,,
1767170337,908700684,418_1767170337-908700684.png,312171,-295801,-68550,68650,2.988769531,-2.832040824,1180.51,422.07,266,-451,-281,1010,262,-53,317.7709031,-420.2960925,-295.6592645,1172.091852,255.7080337,-32.52482595,-27.7195977,-20.19837976,0.754236515,-0.839809517,,,,,,,,,
1767170337,942049561,419_1767170337-942049561.png,308765,-292403,-68550,68700,2.956160003,-2.799507889,1147.92,436.73,246,-465,-185,940,226,-37,303.4679735,-429.378975,-280.8338384,1130.217808,255.1283807,-33.54201526,-32.39782202,-26.63938904,0.742732392,-0.827494959,,,,,,,,,
1767170337,975397461,420_1767170337-975397461.png,306028,-289659,-68100,68650,2.929955576,-2.773236443,1132.56,443.36,195,-286,-151,926,182,-35,290.4110441,-424.5649361,-262.1884914,1096.487043,247.3979934,-34.01704301,-37.91025609,-30.48313165,0.735741794,-0.829065432,,,,,,,,,
1767170338,8746582,421_1767170338-8746582.png,303445,-287079,-68250,67550,2.905225567,-2.748535156,1117.96,454.23,281,-236,-248,929,143,-35,284.1403886,-394.6779566,-254.4981793,1067.380504,231.4624179,-34.18691422,-34.67420286,-29.91627812,0.726319397,-0.828079703,,,,,,,,,
1767170338,75443359,422_1767170338-75443359.png,299742,-283381,-68600,68750,2.869772518,-2.713129979,1090.7,467.82,250,-315,-264,872,165,-44,285.5336761,-361.3048302,-222.549837,1013.428629,203.3933676,-35.21892696,-31.02072006,-30.30015087,0.714380312,-0.813720579,,,,,,,,,
1767170338,108791260,423_1767170338-108791260.png,297626,-281269,-68050,68600,2.849513634,-2.69290939,1077.8,471.6,205,-298,-343,874,193,-47,278.2450784,-355.5755072,-233.4510255,1000.809819,202.4527291,-36.28515797,-30.01766825,-23.96503258,0.704701986,-0.813206552,,,,,,,,,
1767170338,142140137,424_1767170338-142140137.png,295576,-279156,-68500,68650,2.829886642,-2.672679228,1069.19,474.03,182,-303,-119,825,163,-45,262.8544108,-346.2195749,-225.7687039,973.0731312,197.2547402,-37.89923301,-30.01766825,-23.96503258,0.694912339,-0.777956552,,,,,,,,,
1767170338,175488281,425_1767170338-175488281.png,292382,-276017,-68600,68650,2.799306832,-2.642625996,1055.6,476.49,296,-443,-153,747,160,-62,264.5748382,-356.5329371,-214.1943081,942.1512031,191.8888243,-40.95748944,-45.95642528,-39.61841464,0.687498031,-0.80871827,,,,,,,,,
1767170338,208837402,426_1767170338-208837402.png,289987,-273619,-68150,68650,2.776376762,-2.619667203,1041.86,477.36,213,-464,-166,746,205,-40,257.0324396,-372.2491167,-207.1462844,913.4656927,193.8062266,-40.81746444,-37.43905681,-24.47987199,0.677517369,-0.802019757,,,,,,,,,
1767170338,275534668,427_1767170338-275534668.png,287192,-270695,-68150,67500,2.749617034,-2.591672411,1018.89,475.62,136,-175,-24,781,111,-30,244.2566646,-342.2802583,-174.0747247,889.221961,179.9721971,-37.26472084,-37.55367461,-23.24600554,0.667429714,-0.802019757,,,,,,,,,
1767170338,308882813,428_1767170338-308882813.png,284589,-268220,-68100,68750,2.724695542,-2.567976409,1009.08,474.4,107,-150,43,737,78,-41,222.1025361,-310.4011308,-140.1788363,865.2916293,164.1318204,-37.31620408,-36.40827593,-20.62796187,0.657236732,-0.802019757,,,,,,,,,
1767170338,342232178,429_1767170338-342232178.png,281522,-265082,-68100,68650,2.695331648,-2.537932751,987.57,467.62,69,-147,38,696,149,-38,210.3915079,-279.8747516,-89.22600063,833.0154267,148.9557561,-38.6627423,-44.48490164,-23.21878052,0.644349629,-0.802019757,,,,,,,,,
1767170338,375580322,430_1767170338-375580322.png,278869,-262435,-68200,67550,2.669931449,-2.512589997,976.66,464.72,-24,-120,-172,685,209,-22,171.266595,-250.2826427,-88.91429926,804.5021426,156.0933435,-36.63013159,-40.64867976,-14.83691406,0.63392535,-0.802019757,,,,,,,,,
1767170338,442277588,431_1767170338-442277588.png,275098,-258610,-68550,67500,2.633827359,-2.475968903,953.36,461.33,262,-192,-134,697,146,-65,143.8046416,-226.654319,-129.0250308,783.6972511,170.1636213,-37.18890983,-42.33924353,-8.33300066,0.620754421,-0.802019757,,,,,,,,,
1767170338,508974854,432_1767170338-508974854.png,270184,-253818,-68150,67500,2.586780025,-2.430089614,927.9,453.27,225,-192,-224,675,113,-44,184.6675867,-216.0064272,-146.3385917,747.3457513,151.9498079,-43.19188363,-32.77382034,-2.966233253,0.604747425,-0.802019757,,,,,,,,,
1767170338,542323975,433_1767170338-542323975.png,267805,-251302,-68450,68550,2.56400314,-2.406001072,914.79,451.46,212,-252,-32,612,91,-45,188.6647288,-221.270193,-129.6175071,727.5525413,143.0363966,-43.45630587,-36.7416741,-0.519134045,0.591243866,-0.802019757,,,,,,,,,
1767170338,575672119,434_1767170338-575672119.png,264999,-248633,-68150,68600,2.537138097,-2.380447687,901.96,448.35,211,-246,-144,614,99,-47,191.9310797,-224.8867252,-131.7208292,710.9464101,136.5964335,-43.97454218,-35.03714839,0.521434784,0.580335825,-0.772391543,,,,,,,,,
1767170338,642369629,435_1767170338-642369629.png,262128,-245693,-68250,67750,2.509650735,-2.352299709,876.11,445.33,344,-64,-3,572,18,-49,220.1882232,-192.7703279,-120.2001734,684.2641837,113.66582,-46.12131053,-31.52750605,6.764274597,0.56933617,-0.756051124,,,,,,,,,
1767170338,675718750,436_1767170338-675718750.png,260902,-244468,-68100,68700,2.497912837,-2.340571385,863.27,442.74,278,-223,-80,556,95,-40,231.9329838,-193.7691376,-111.2066672,662.5232082,108.393806,-45.3026192,-28.50711611,13.88633919,0.558246568,-0.748353906,,,,,,,,,
1767170338,709066895,437_1767170338-709066895.png,256602,-240177,-68050,68550,2.456744026,-2.299488741,838.14,439.96,296,-13,-114,662,66,-29,246.9721374,-182.3658147,-128.1254178,655.6316788,106.7350476,-42.76863677,-28.36658755,15.08710575,0.547068782,-0.741878605,,,,,,,,,
1767170338,742416016,438_1767170338-742416016.png,253464,-237107,-68250,67600,2.426700368,-2.270096124,825.83,438.37,131,103,-82,613,84,-14,238.3261549,-130.7284898,-121.1662161,651.233208,99.76899275,-37.90900652,-40.16910332,6.129071951,0.532975333,-0.73829723,,,,,,,,,
1767170338,809113281,439_1767170338-809113281.png,250126,-233762,-68100,67550,2.394741881,-2.238070619,801.95,435.61,124,-126,-194,511,107,-29,197.3856503,-119.0759474,-112.6247136,626.8643207,96.78699338,-36.17885482,-33.66270894,19.7597785,0.518750324,-0.735945718,,,,,,,,,
1767170338,842461426,440_1767170338-842461426.png,247394,-231032,-68500,68600,2.368585325,-2.211933211,790.44,432.73,18,-52,29,498,97,-25,173.220504,-113.7535396,-108.6005886,602.6812843,97.90989201,-34.39137748,-33.2529422,19.91424465,0.510153674,-0.734944522,,,,,,,,,
1767170338,875810791,441_1767170338-875810791.png,244800,-228425,-68150,68500,2.34375,-2.186973422,779.16,430.83,47,69,-115,496,78,-15,146.6403062,-83.79624599,-102.3368826,581.6028616,94.95062545,-31.06416933,-32.81486195,29.62913394,0.498621121,-0.72790412,,,,,,,,,
1767170338,909158936,442_1767170338-909158936.png,242135,-225706,-68200,67650,2.318234911,-2.16094133,767.89,428.24,-20,-53,-177,452,99,-11,122.2705233,-79.2925467,-113.2557533,562.6495023,95.54281338,-28.12994854,-32.68634716,31.35978532,0.487009805,-0.728830216,,,,,,,,,
1767170338,975856201,443_1767170338-975856201.png,239267,-222903,-68450,68650,2.290776271,-2.134105009,745.38,423.29,219,-211,36,448,15,-48,141.6294317,-99.81906716,-72.58022972,534.0980372,77.40767287,-30.57601022,-40.45295283,27.51446652,0.475321557,-0.715705578,,,,,,,,,
1767170339,9205322,444_1767170339-9205322.png,236740,-220302,-68200,68550,2.266582414,-2.109202665,734.4,420.28,161,-185,32,429,1,-34,148.1091692,-115.9438222,-54.29102501,516.9614194,64.95920841,-31.92377644,-43.336256,40.02765775,0.463558275,-0.721861601,,,,,,,,,
1767170339,42553711,445_1767170339-42553711.png,233530,-217160,-68250,67550,2.235849418,-2.079120711,723.63,418.7,132,-235,82,361,35,-21,146.0959048,-135.1899624,-32.06641838,491.8157881,58.87822228,-30.38143843,-43.7438148,39.50665689,0.448751465,-0.710992742,,,,,,,,,
1767170339,75902832,446_1767170339-75902832.png,231146,-214773,-68400,68750,2.213024663,-2.056267233,702.44,414.01,243,-176,-191,393,92,-17,155.8652911,-149.6082235,-61.97755941,470.9590106,66.55325204,-27.31252754,-37.63231605,39.42713118,0.439813997,-0.699111954,,,,,,,,,
1767170339,109250977,447_1767170339-109250977.png,228276,-211835,-68100,68550,2.185546875,-2.028138404,692.01,411.62,106,-93,-103,386,129,-37,156.8896795,-144.9871717,-77.14120029,454.6474607,76.00215588,-27.64109778,-43.53503507,36.03489399,0.424831751,-0.710658012,,,,,,,,,
1767170339,175948242,448_1767170339-175948242.png,226566,-210130,-68450,68600,2.169175092,-2.011814491,676.53,407.21,262,-165,62,349,18,-30,170.9088269,-146.5323408,-57.48012671,437.3730973,68.92821638,-28.23477796,-42.69485092,57.19002223,0.412770328,-0.694197202,,,,,,,,,
1767170339,209297363,449_1767170339-209297363.png,222818,-206457,-68450,68600,2.133291207,-1.976648667,648.4,402.33,318,33,-232,385,-13,-23,199.9785655,-122.8269862,-79.09194983,424.2280942,54.03301309,-29.25453115,-35.59231412,58.97884917,0.400643691,-0.69948731,,,,,,,,,
1767170339,242645264,450_1767170339-242645264.png,219942,-203574,-68050,68650,2.105755974,-1.949046415,635.91,398.55,158,116,84,322,18,-12,204.4032395,-82.02384012,-71.90896558,408.9535629,44.40588147,-26.70565909,-44.0521464,65.69210863,0.388453803,-0.695205423,,,,,,,,,
1767170339,275994385,451_1767170339-275994385.png,217286,-200845,-68200,67650,2.080327053,-1.922918581,624.44,395.83,30,-66,66,249,47,4,177.6650389,-74.41806042,-47.59767252,383.2508968,44.08352174,-21.82440892,-47.68088734,62.01329231,0.376202563,-0.695205423,,,,,,,,,
1767170339,342691650,452_1767170339-342691650.png,213527,-196969,-68050,67550,2.044337852,-1.885809206,594.41,384.24,-32,-127,119,235,112,-6,151.6764185,-104.470563,12.8740908,344.4147393,42.8680017,-17.41736706,-42.9057087,74.60099411,0.360805231,-0.695205423,,,,,,,,,
1767170339,376039551,453_1767170339-376039551.png,210596,-194166,-68500,68500,2.016276042,-1.858972886,594.41,384.24,-32,-127,119,235,112,-6,129.8532043,-107.1473613,25.4832677,331.4148054,51.08180738,-16.0608312,-46.42762455,70.29055738,0.348423063,-0.695205423,,,,,,,,,
1767170339,409388672,454_1767170339-409388672.png,208204,-191773,-68150,67600,1.993374694,-1.836061964,574.77,379.98,-14,-95,252,223,-18,-7,90.82401336,-117.3751089,41.81704524,310.1285189,53.02892953,-11.66117387,-47.19553131,82.07168221,0.335985868,-0.695205423,,,,,,,,,
1767170339,442736816,455_1767170339-442736816.png,205535,-189107,-68450,68650,1.967821308,-1.810537301,565.14,375.7,9,44,224,275,-25,-21,72.09131916,-100.352199,81.01771817,297.5341217,38.29161204,-12.0026845,-46.80212927,83.88759089,0.323495609,-0.695205423,,,,,,,,,
1767170339,509433838,456_1767170339-509433838.png,202538,-186167,-68550,68550,1.939127604,-1.782389323,555.61,373.01,17,8,149,247,1,-33,60.73358638,-76.95374854,98.44072105,288.9648842,29.52646119,-15.54412977,-38.28670898,92.14436555,0.310954284,-0.695205423,,,,,,,,,
1767170339,542782959,457_1767170339-542782959.png,199325,-182964,-68050,68600,1.908365885,-1.751723346,537.52,368.77,182,-179,91,194,30,-23,80.55707254,-86.50866708,112.750399,268.5981988,25.09026686,-17.02459751,-38.11825654,92.39411926,0.295208777,-0.695205423,,,,,,,,,
1767170339,576131104,458_1767170339-576131104.png,197080,-180650,-68200,67550,1.886871936,-1.729568781,528.67,367.05,159,-140,-2,233,9,-18,96.00650126,-98.96305271,100.5747241,259.2360425,24.03817165,-17.60472718,-34.77953434,88.97723627,0.285726259,-0.695205423,,,,,,,,,
1767170339,642828125,459_1767170339-642828125.png,194009,-177576,-68500,68650,1.857469746,-1.700137868,511.25,363.17,47,25,239,169,-12,-15,84.92145318,-80.18725809,75.08980103,251.2382209,21.86529412,-18.02476387,-41.37398636,102.4626472,0.269866103,-0.655457214,,,,,,,,,
1767170339,676177246,460_1767170339-676177246.png,192359,-175994,-68200,67550,1.841672411,-1.684991575,502.77,362.02,113,88,145,182,-23,-22,81.43011469,-62.8434973,96.13441553,239.6162007,16.57037759,-17.80030397,-41.05013427,103.7400737,0.257129851,-0.658774434,,,,,,,,,
1767170339,709525391,461_1767170339-709525391.png,188472,-172103,-68200,67600,1.804457721,-1.647738588,497.22,360.05,212,86,-2,183,-10,-22,96.65862759,-33.07241008,92.53331587,228.2661987,9.889671873,-18.6342126,-32.19488683,105.3828886,0.24435297,-0.663634876,,,,,,,,,
1767170339,776222412,462_1767170339-776222412.png,184448,-168081,-68150,67500,1.765931373,-1.609231388,483.14,355.81,36,-95,278,70,55,-7,92.97875513,-27.1488931,120.7100314,196.7233128,16.49867828,-16.19401556,-37.08981347,120.6986804,0.225115942,-0.655624321,,,,,,,,,
1767170339,809571533,463_1767170339-809571533.png,181312,-164865,-68500,68500,1.735906863,-1.578440947,477.57,354.23,30,18,255,129,2,-6,80.78737219,-24.09635669,148.5786014,180.1888873,16.39283952,-14.22217283,-26.96675685,106.3576875,0.212246399,-0.658871554,,,,,,,,,
1767170339,842919434,464_1767170339-842919434.png,178377,-162006,-68150,68650,1.707806756,-1.551068474,465.62,351.78,-184,6,101,47,111,16,44.13453816,1.785218947,170.1563594,157.3116293,23.23510697,-7.260179807,-27.92688382,132.9966507,0.19934335,-0.640905372,,,,,,,,,
1767170339,909616699,465_1767170339-909616699.png,174555,-158187,-68050,68650,1.671214384,-1.514504825,453.17,349.15,-6,-115,207,98,-10,-8,-5.465491781,-15.89949628,148.4132105,130.0846796,37.47405464,-2.25142644,-29.35632682,121.6736226,0.183170489,-0.636097877,,,,,,,,,
1767170339,942965576,466_1767170339-942965576.png,171947,-155581,-68200,67500,1.646245021,-1.489554611,446.96,348.19,-139,35,211,73,69,16,-17.56599402,-14.09840224,155.7361193,124.0099976,38.98329655,-0.762344421,-28.32496148,123.7911558,0.166952437,-0.636097877,,,,,,,,,
1767170340,9662842,467_1767170340-9662842.png,168600,-152245,-68550,68600,1.614200368,-1.457615273,440.72,347.94,-136,-133,123,54,28,13,-41.23969571,-28.91785201,153.840258,111.1026515,38.94761962,2.127328973,-25.35450983,146.342211,0.150693189,-0.636097877,,,,,,,,,
1767170340,43010742,468_1767170340-43010742.png,165737,-149368,-68500,68600,1.586789599,-1.430070466,427.9,346.37,336,-199,168,66,-130,-27,0.582194094,-59.94446178,133.7262042,103.5196813,18.71680463,-1.048001529,-21.37100571,142.7626944,0.137658822,-0.636097877,,,,,,,,,
1767170340,76359863,469_1767170340-76359863.png,162948,-146504,-68150,68650,1.560087316,-1.402650123,421.94,346.1,295,-11,28,95,-77,-26,69.55555419,-63.53131865,120.9128887,99.37466569,-6.772089796,-6.70229407,-19.79181278,161.4645619,0.121335542,-0.636097877,,,,,,,,,
1767170340,109708008,470_1767170340-109708008.png,160012,-143506,-68300,67600,1.531977635,-1.373946844,416.17,344.2,97,95,50,82,-69,-27,73.5690801,-40.3474089,110.5424582,96.83376283,-15.87241311,-9.670667679,-20.49718302,183.371244,0.111526936,-0.636097877,,,,,,,,,
1767170340,176405273,471_1767170340-176405273.png,157825,-141382,-68200,68600,1.511038986,-1.353611366,405.16,341.16,209,-95,243,52,-78,-14,105.0400774,-45.30000418,157.0639864,84.9291753,-34.83755211,-9.595785055,-13.83331093,174.2191961,0.091880897,-0.636097877,,,,,,,,,
1767170340,209754395,472_1767170340-209754395.png,153803,-137431,-67950,68650,1.472531786,-1.315783931,399.93,339.26,104,-15,155,103,-70,-26,104.8879745,-40.86887619,156.7621452,87.57188573,-39.97977275,-11.99476743,-12.77506074,176.6672983,0.082045194,-0.636097877,,,,,,,,,
1767170340,243102539,473_1767170340-243102539.png,150996,-134500,-68300,67600,1.445657169,-1.28772212,390.15,334.23,20,150,475,54,-103,-4,83.65354416,-6.055127652,227.3595017,80.73326141,-55.12948267,-11.93693914,-9.922733605,182.5453229,0.065636593,-0.636097877,,,,,,,,,
1767170340,309800049,474_1767170340-309800049.png,147174,-130743,-68250,67650,1.409064798,-1.251752068,380.64,327.27,-71,139,226,37,47,12,73.01875307,33.84434356,258.883545,76.36484394,-56.42055631,-9.402405344,-7.738501579,212.9184122,0.045925252,-0.586220866,,,,,,,,,
1767170340,343149170,475_1767170340-343149170.png,144377,-127799,-68500,68550,1.382285922,-1.223565794,375.85,324.21,-78,120,257,14,61,15,43.59011362,52.46702181,256.0372698,65.81569387,-34.22156535,-4.796217101,-9.008194,216.7069883,0.032774858,-0.575257709,,,,,,,,,
1767170340,409846680,476_1767170340-409846680.png,141098,-124599,-68500,68550,1.35089231,-1.192928539,366.42,316.59,123,-81,278,30,-33,-9,24.56964327,52.25230093,258.5823723,52.05767354,-19.0900377,-2.88764988,-8.206064254,216.5314586,0.019619289,-0.572283824,,,,,,,,,
1767170340,443194824,477_1767170340-443194824.png,138092,-121724,-68150,68600,1.322112439,-1.16540288,361.71,312.49,116,-132,504,1,-43,-2,43.48084676,21.17749533,282.891857,45.05320466,-22.75709331,-3.467816752,-3.876109183,224.7807822,0.003170715,-0.572283824,,,,,,,,,
1767170340,476544189,478_1767170340-476544189.png,135081,-118646,-68200,67650,1.293284697,-1.13593367,356.98,309.9,-37,-71,334,14,22,1,35.50554341,-0.317295951,301.9348731,38.206966,-17.27088791,-2.737635641,4.497224003,230.6919067,0.003170715,-0.572283824,,,,,,,,,
1767170340,543241455,479_1767170340-543241455.png,131946,-115577,-68400,68550,1.263269761,-1.106550628,347.37,304.4,100,13,391,-10,-42,-6,38.88117636,1.861216121,307.2111269,32.3534578,-17.34483251,-2.535762319,-6.745775104,235.9308598,0.003170715,-0.572283824,,,,,,,,,
1767170340,576589844,480_1767170340-576589844.png,129153,-112781,-68150,68500,1.236529182,-1.079781327,342.58,301.66,152,-23,304,4,-23,-22,58.62175211,-1.191727709,311.1255453,25.99096957,-19.46186752,-5.563504598,-6.45627588,235.9272776,0.003170715,-0.572283824,,,,,,,,,
1767170340,609938965,481_1767170340-609938965.png,126890,-110455,-68200,67600,1.214862898,-1.057511872,337.9,299.69,53,41,373,-19,-26,-11,57.79961681,4.978467656,320.1741786,19.41140796,-20.41801596,-6.358547621,-1.16294688,235.3511102,0.003170715,-0.572283824,,,,,,,,,
1767170340,643287109,482_1767170340-643287109.png,125467,-109038,-68150,68600,1.201238894,-1.043945313,337.9,293.55,29,15,260,6,-46,-19,49.28032211,0.759382566,327.9113802,12.70131129,-23.13872802,-8.118130124,-14.25431216,233.6893811,0.003170715,-0.572283824,,,,,,,,,
1767170340,709984619,483_1767170340-709984619.png,121244,-104736,-68100,68500,1.160807292,-1.002757353,332.75,291.63,50,103,177,48,-58,-35,47.24254559,14.39788127,302.8709895,16.19366191,-29.67421417,-12.45135212,-11.42036283,236.3396649,0.003170715,-0.572283824,,,,,,,,,
1767170340,743333740,484_1767170340-743333740.png,117889,-101517,-68050,68650,1.128686045,-0.971938189,321.38,284.95,53,-10,364,-4,-117,-1,49.01697545,33.99965789,311.0443663,17.91518132,-43.22783505,-12.46983886,-10.84285799,236.9340301,0.003170715,-0.572283824,,,,,,,,,
1767170340,776682129,485_1767170340-776682129.png,114818,-98376,-68200,67550,1.099283854,-0.941865809,315.86,283.09,60,-111,204,8,-96,5,50.73891535,12.16513859,303.8703473,14.44267689,-57.22157994,-9.193333549,-24.98481062,226.3275931,0.003170715,-0.466418369,,,,,,,,,
1767170340,843379639,486_1767170340-843379639.png,111127,-94766,-68200,67650,1.063945695,-0.907303156,305.36,278.27,-9,-77,174,16,19,-10,41.30441388,-13.14256133,266.6682277,16.92493651,-48.68254221,-9.136719925,-5.961178958,238.4897249,0.003170715,-0.457544282,,,,,,,,,
1767170340,876728760,487_1767170340-876728760.png,107443,-91068,-68450,68650,1.028674556,-0.871897978,300.42,276.09,-25,-84,124,14,-21,-4,27.72099891,-28.43903809,238.6438493,16.42572018,-39.40448198,-8.452220795,-1.171129227,250.5363653,0.003170715,-0.458698687,,,,,,,,,
1767170340,943426270,488_1767170340-943426270.png,104859,-88423,-68100,68700,1.003934972,-0.846574372,291.01,271.11,207,65,274,11,-62,-29,49.96881325,-25.77634362,223.137181,15.61203599,-42.59271943,-10.11871671,-12.48497707,245.306726,0.003170715,-0.430341116,,,,,,,,,
1767170340,976774414,489_1767170340-976774414.png,101089,-84724,-68250,68550,0.967840456,-0.81115962,287.15,269.54,126,176,300,8,-46,-21,69.30397252,8.481417019,237.0389955,14.257526,-44.10643828,-12.69792604,-1.414911211,251.4757717,0.003170715,-0.421092064,,,,,,,,,
1767170341,43471924,490_1767170341-43471924.png,97885,-81526,-68250,67600,0.937164905,-0.780541513,279.79,266.52,15,-12,281,-39,1,22,49.66839572,14.23335835,247.4117791,4.288375818,-32.54788956,-4.232820015,3.675677419,250.4142826,0.003170715,-0.410207942,,,,,,,,,
1767170341,76821289,491_1767170341-76821289.png,95429,-78988,-68500,68700,0.913650812,-0.756242341,276.17,264.64,130,46,286,60,-80,7,60.49493414,18.18182647,253.9475879,11.28536997,-38.59584783,-1.892982581,-43.51386487,205.863837,0.003170715,-0.423616523,,,,,,,,,
1767170341,110169434,492_1767170341-110169434.png,92503,-76133,-68100,68650,0.885636872,-0.728908165,265.21,258.73,200,-19,477,64,-194,-45,89.15658023,28.23334382,294.2566724,27.10649889,-70.0026424,-8.530573829,-25.73531365,252.871412,0.003170715,-0.411375504,,,,,,,,,
1767170341,176867188,493_1767170341-176867188.png,90095,-73663,-68150,67650,0.862582338,-0.705260034,260.31,255.54,205,-55,391,6,-123,-33,114.6624157,12.41150755,322.5248588,26.87054386,-87.33413729,-14.92695782,-31.76518375,252.1945121,0.003170715,-0.411375504,,,,,,,,,
1767170341,210216553,494_1767170341-210216553.png,86216,-69776,-68300,67550,0.82544424,-0.668045343,251.55,249.9,17,-18,149,9,10,-27,98.97671699,1.979933009,296.1685493,20.85106618,-71.02722554,-16.91239152,-24.42893055,259.0459027,0.003170715,-0.411375504,,,,,,,,,
1767170341,243564941,495_1767170341-243564941.png,83276,-66842,-68550,68650,0.797296262,-0.63995481,247.4,245.83,-8,54,298,23,-16,-17,76.99804521,8.043627306,285.0649211,20.24961851,-56.71910792,-17.70465585,-22.94227606,273.1246758,0.003170715,-0.411375504,,,,,,,,,
1767170341,276914307,496_1767170341-276914307.png,80473,-64117,-68100,68650,0.770459942,-0.613865273,243.59,242.75,-12,64,161,37,-14,-19,63.98280844,16.22678951,266.9214403,22.69922491,-50.47178751,-17.89408935,-34.3280766,258.690258,0.003170715,-0.411375504,,,,,,,,,
1767170341,343612305,497_1767170341-343612305.png,77807,-61238,-68250,67550,0.744935279,-0.586301317,235.98,239.04,36,89,442,4,-135,19,44.83576254,26.42126921,258.3054383,23.79101223,-49.13516269,-13.31383896,-33.0056535,258.6535759,0.003170715,-0.411375504,,,,,,,,,
1767170341,376960693,498_1767170341-376960693.png,75017,-58577,-68450,68650,0.718223422,-0.560824525,232.16,237.57,81,-38,445,-13,-152,0,48.42789946,23.75785702,295.1370132,17.84140154,-68.20465922,-9.154926485,-32.2380065,265.7896829,0.003170715,-0.411375504,,,,,,,,,
1767170341,410310059,499_1767170341-410310059.png,72155,-55653,-68050,68600,0.690822227,-0.532829733,228.34,236.14,210,-98,121,4,-102,-17,72.92209249,4.310569007,273.653462,14.99760871,-75.37378761,-10.05891495,-39.71725595,255.2621984,0.003170715,-0.411375504,,,,,,,,,
1767170341,443658447,500_1767170341-443658447.png,69417,-53046,-68250,67600,0.664608226,-0.507869945,221.14,235.56,2,129,52,8,-27,-10,95.52127303,9.989706071,232.5142846,13.22154709,-74.24017733,-13.30759882,-37.87220168,255.3511813,0.003170715,-0.411375504,,,,,,,,,
1767170341,510356445,501_1767170341-510356445.png,65662,-49224,-68200,67600,0.628657322,-0.471277574,217.75,235.95,-92,7,-46,39,33,-15,58.61121918,21.62463857,173.4728593,16.46177245,-53.76523411,-13.21958283,-72.98817173,198.2799501,0.003170715,-0.316240535,,,,,,,,,
1767170341,577054199,502_1767170341-577054199.png,61847,-45483,-68250,67650,0.59213197,-0.435460708,211.45,234.72,-50,192,-44,130,-53,-34,27.54392833,38.47192349,103.029949,35.13069331,-38.20059734,-17.60453968,-33.16663793,261.427232,0.003170715,-0.292985688,,,,,,,,,
1767170341,610403809,503_1767170341-610403809.png,59377,-42938,-68000,68500,0.568483839,-0.411094516,205.88,233.39,-277,86,-367,113,76,-15,-10.6339363,64.53847512,31.29422207,50.14638422,-21.86540188,-17.72119137,-25.32970303,264.9937093,0.003170715,-0.291439138,,,,,,,,,
1767170341,643752197,504_1767170341-643752197.png,56994,-40569,-68300,67700,0.545668658,-0.388413373,203.3,233.73,-160,-37,-242,78,110,8,-52.9357229,57.66800401,-36.47972322,59.45922189,0.644274651,-15.09927492,-25.62342331,272.5463591,0.003170715,-0.286728734,,,,,,,,,
1767170341,710450195,505_1767170341-710450195.png,52556,-36194,-68000,67650,0.503178615,-0.346526501,200.15,232.19,-98,63,-115,100,-4,-4,-71.39357048,47.98111779,-64.43520096,66.69678809,9.069236935,-9.743114701,-12.07839236,274.9496117,0.003170715,-0.286728734,,,,,,,,,
1767170341,743799561,506_1767170341-743799561.png,49817,-33462,-68500,68500,0.47695504,-0.320369945,198.45,230.04,-84,77,114,72,-35,-7,-75.67698963,53.00137718,-48.52868371,70.81361872,2.464915715,-8.815910538,-9.590829045,272.9243569,0.003170715,-0.286728734,,,,,,,,,
1767170341,777147949,507_1767170341-777147949.png,46826,-30390,-68450,68750,0.448318781,-0.29095818,196.74,230.25,-2,71,-75,73,20,-9,-65.12351352,56.27128486,-48.08074646,71.16488684,4.033659611,-8.79457484,12.08674031,293.8950715,0.003170715,-0.286728734,,,,,,,,,
1767170341,810497559,508_1767170341-810497559.png,44163,-27789,-68150,68550,0.42282284,-0.266055836,193.18,229.02,30,60,-17,46,35,-18,-50.80994525,67.68409309,-71.18912915,70.78329283,10.2352938,-7.976697884,14.22480053,293.1757579,0.003170715,-0.286728734,,,,,,,,,
1767170341,877195313,509_1767170341-877195313.png,40610,-24247,-68250,67600,0.388805913,-0.232144225,189.22,227.84,13,90,-171,70,-2,-33,-42.46722869,67.2432095,-57.60820128,66.65362579,10.69640923,-11.01919599,35.33441111,312.4484911,0.003170715,-0.286728734,,,,,,,,,
1767170341,910543945,510_1767170341-910543945.png,38221,-21789,-68500,68550,0.367924709,-0.210631127,187.22,226.04,16,136,-97,85,-26,-31,-34.26221962,72.00303367,-71.88744719,67.60990661,8.092621641,-14.17145548,9.424360514,221.9344783,0.003170715,-0.286728734,,,,,,,,,
1767170341,943893311,511_1767170341-943893311.png,35553,-19191,-68150,68750,0.340389476,-0.183737362,185.38,224.84,-76,147,-44,55,-14,-15,-31.21425922,83.73689757,-72.97922834,68.7766646,2.936268197,-16.09915273,11.81367072,219.092473,0.003170715,-0.286728734,,,,,,,,,
1767170341,977241699,512_1767170341-977241699.png,32897,-16386,-68250,67550,0.314960555,-0.156881893,183.58,223.23,-52,110,-87,78,-23,-9,-37.71452179,92.46589375,-72.79047603,69.06100263,-2.165335637,-14.97603001,-1.438808858,294.9694567,0.003170715,-0.286728734,,,,,,,,,
1767170342,43939697,513_1767170342-43939697.png,29477,-13109,-68450,68600,0.282216988,-0.12550743,179.95,220.36,45,-32,-17,34,-40,-26,-34.33194042,71.86982642,-85.46183975,61.00091254,-2.539407751,-14.96852273,0.820947528,292.639425,0.003170715,-0.286728734,,,,,,,,,
1767170342,77289307,514_1767170342-77289307.png,26964,-10527,-68250,68500,0.258157169,-0.100786994,178.17,218.24,-148,114,-69,10,-10,12,-41.51044999,68.59176575,-78.0460753,52.78798131,-6.413333301,-12.6440694,4.824323058,291.0908947,0.003170715,-0.19417605,,,,,,,,,
1767170342,110637695,515_1767170342-110637695.png,24158,-7661,-68250,67700,0.231292126,-0.073347503,176.37,218.69,-192,265,-172,57,-12,16,-66.34824459,98.52157504,-91.54567222,52.26687687,-7.325652238,-7.800199608,-26.50497377,-148.0985031,0.003170715,-0.19417605,,,,,,,,,
1767170342,143987061,516_1767170342-143987061.png,22588,-6145,-68150,68400,0.216260723,-0.058833104,172.46,218.05,-70,100,-59,75,13,-15,-73.07198958,106.003251,-75.86126654,51.23639334,-10.18908451,-6.210648152,22.32792145,269.9737382,0.003170715,-0.19417605,,,,,,,,,
1767170342,210684570,517_1767170342-210684570.png,18492,-2261,-68150,68650,0.177045037,-0.021647135,170.29,217.89,-68,96,-3,50,-51,-3,-72.28099546,104.4492063,-67.44501665,53.69239801,-11.37680458,-6.869852681,79.9550212,146.9699626,0.003170715,-0.19417605,,,,,,,,,
1767170342,244032715,518_1767170342-244032715.png,16233,-1256,-68300,33400,0.15541705,-0.012025123,168.04,220.1,-78,0,78,-2,-46,11,-72.72930239,91.5829603,-46.68396973,46.87599538,-17.63028075,-4.537691003,80.62311631,151.9829481,0.003170715,-0.19417605,,,,,,,,,
1767170342,277382080,519_1767170342-277382080.png,12952,-1223,-68400,-600,0.124004289,-0.011709176,165.82,222.41,-38,42,-3,36,-47,-1,-67.79049294,81.89806793,-36.98210715,43.98660505,-22.67927893,-3.607423137,39.80859628,258.6736364,0.003170715,-0.19417605,,,,,,,,,
1767170342,310730225,520_1767170342-310730225.png,10514,-1217,-68100,250,0.100662531,-0.011651731,160.34,223.34,-53,64,26,57,-27,-17,-63.75539721,84.5217308,-26.67259664,48.35523031,-22.71354203,-5.168471682,-49.53587732,322.5545609,0.003170715,-0.19417605,,,,,,,,,
1767170342,344079590,521_1767170342-344079590.png,7566,-1212,-68300,100,0.07243796,-0.01160386,155.86,220.16,-36,51,64,51,-31,-16,-59.59993477,78.90227916,-11.69880485,49.35889051,-24.03993193,-7.398974408,-102.8296452,256.5824685,0.003170715,-0.19417605,,,,,,,,,
1767170342,410777100,522_1767170342-410777100.png,4567,-1207,-68250,150,0.043725107,-0.01155599,149.97,216.66,-48,-17,-35,52,8,-25,-57.27637793,64.13585991,-13.09474122,49.78874318,-19.53931545,-10.20155023,-54.42262161,327.8369308,0.003170715,-0.19417605,,,,,,,,,
1767170342,444125244,523_1767170342-444125244.png,2334,-1203,-68150,100,0.022346048,-0.011517693,134.33,208.94,-73,-6,96,-3,36,28,-43.98273255,58.24957529,-14.50300801,53.70143732,-13.05837939,-9.550662498,-37.59166408,323.2561066,0.003170715,-0.19417605,,,,,,,,,
1767170342,477474365,524_1767170342-477474365.png,1239,-1202,-11350,0,0.011862362,-0.011508119,124.7,200.94,-130,43,-24,-14,66,25,-59.50550519,49.50210846,-4.682673999,38.04898149,3.479640762,-0.688850668,-55.69452196,283.8510461,0.003170715,-0.096150333,,,,,,,,,
1767170342,510822754,525_1767170342-510822754.png,1192,-1202,-1800,0,0.011412377,-0.011508119,102.23,178.61,120,149,22,74,-23,-19,-58.09715494,62.87136398,-15.9407243,31.22645026,12.50574179,-0.169385159,-45.20124662,266.4793355,0.003170715,-0.058657734,,,,,,,,,
1767170342,577520264,526_1767170342-577520264.png,1190,-1202,200,0,0.011393229,-0.011508119,91.37,169.78,-267,259,-142,-10,158,44,-57.75840565,89.92882398,-23.2496717,32.11742627,21.8367525,1.793266544,-45.11773473,263.3500347,0.003170715,-0.095477262,,,,,,,,,
1767170342,610869385,527_1767170342-610869385.png,1200,-1202,250,0,0.011488971,-0.011508119,87.19,162.25,-405,136,-252,-33,213,43,-119.4876348,105.5125354,-62.91581801,20.3908578,56.91717793,10.02776435,28.89834595,228.6672251,0.003170715,-0.072739799,,,,,,,,,
1767170342,644217773,528_1767170342-644217773.png,1203,-1202,150,0,0.011517693,-0.011508119,87.19,156.14,24,-6,-80,8,100,5,-98.50374083,89.20473847,-65.41424,18.57879611,63.21768856,9.292494903,-28.06468493,259.4019773,0.003170715,-0.106310758,,,,,,,,,
1767170342,677566895,529_1767170342-677566895.png,1204,-1202,50,0,0.011527267,-0.011508119,72.45,144.1,-39,82,-16,59,-46,-15,-88.92895999,79.59994253,-49.93184257,24.28904,46.46841391,5.094350303,102.781431,64.51226234,0.003170715,-0.108785653,,,,,,,,,
1767170342,710915039,530_1767170342-710915039.png,1202,-1202,0,0,0.011508119,-0.011508119,67.5,142.52,-78,77,-96,64,4,-11,-82.54450914,79.62398901,-50.43449678,31.63390718,32.63269809,1.46634977,101.3986144,64.31409287,0.003170715,-0.064920716,,,,,,,,,
1767170342,777612549,531_1767170342-777612549.png,1202,-1202,0,0,0.011508119,-0.011508119,64.12,140.95,44,76,-74,62,-20,-18,-63.80063008,78.95671732,-56.26484711,37.76816577,23.43746994,-2.032711833,-83.75250354,253.171747,0.003170715,-0.064920716,,,,,,,,,
1767170342,810961914,532_1767170342-810961914.png,1202,-1202,0,0,0.011508119,-0.011508119,61.56,139.63,4,127,-251,71,12,-19,-40.92529823,96.97531252,-112.9274693,47.77605701,20.21195119,-6.382782152,-83.68964234,253.0523868,0.003170715,-0.064920716,,,,,,,,,
1767170342,844310059,533_1767170342-844310059.png,1202,-1202,0,0,0.011508119,-0.011508119,61.65,139.43,-48,-28,-59,28,18,-18,-41.95991555,78.69869442,-105.0410177,44.88397029,19.8884714,-8.081705321,-16.22580317,251.211689,0.003170715,-0.064920716,,,,,,,,,
1767170342,911007568,534_1767170342-911007568.png,1202,-1202,0,0,0.011508119,-0.011508119,62.14,138.52,9,52,-12,33,-41,-24,-30.60559357,62.82677547,-87.11553488,41.01416707,11.64203517,-10.96794735,-16.1013146,250.4048254,0.003170715,-0.064920716,,,,,,,,,
1767170342,944356689,535_1767170342-944356689.png,1202,-1202,0,0,0.011508119,-0.011508119,62.28,138.25,95,37,191,64,-128,-47,-9.176545317,58.21325414,-40.63936146,43.75641625,-12.84703157,-17.24430507,-41.15046543,248.5181317,0.003170715,-0.064920716,,,,,,,,,
1767170342,977705078,536_1767170342-977705078.png,1202,-1202,0,0,0.011508119,-0.011508119,62.52,137.96,49,-62,142,59,-84,-50,-0.668701012,40.63304816,-13.92984747,45.9856658,-23.25257171,-22.03455776,-45.14591837,244.3416708,0.003170715,-0.064920716,,,,,,,,,
1767170343,11054199,537_1767170343-11054199.png,1202,-1202,0,0,0.011508119,-0.011508119,62.77,138.45,-7,-46,1,51,-8,-23,11.69767667,21.26904193,7.495020019,46.14377663,-27.55947533,-25.74364708,-54.40846485,250.473891,0.003170715,-0.064920716,,,,,,,,,
1767170343,111100098,538_1767170343-111100098.png,1202,-1202,0,0,0.011508119,-0.011508119,63.04,138.36,46,53,-64,44,-2,-34,-33.89520401,-24.61497913,-61.82619818,50.42538394,29.2760186,-27.04386748,96.11840314,171.106087,0.003170715,-0.064920716,,,,,,,,,
1767170343,144449219,539_1767170343-144449219.png,1202,-1202,0,0,0.011508119,-0.011508119,63.04,138.36,46,53,-64,44,-2,-34,-24.40258558,-15.3932819,-62.0844749,49.66196242,25.56000943,-27.87034903,-51.46444348,263.7174292,0.003170715,-0.064920716,,,,,,,,,
1767170343,177797119,540_1767170343-177797119.png,1202,-1202,0,0,0.011508119,-0.011508119,63.12,138.71,55,130,-169,82,-13,-18,-12.79060636,5.869297349,-77.71999668,54.39113613,19.92092319,-26.42689115,18.23739743,139.8016155,0.003170715,-0.103021935,,,,,,,,,
1767170343,244494141,541_1767170343-244494141.png,1202,-1202,0,0,0.011508119,-0.011508119,63.41,139.5,48,34,25,47,-8,-10,-5.300027573,29.72661617,-79.83815279,56.63249671,16.09729981,-23.59672754,2.214738876,161.2626669,0.003170715,-0.01222628,,,,,,,,,
1767170343,277843018,542_1767170343-277843018.png,1202,-1202,0,0,0.011508119,-0.011508119,63.59,139.47,-38,-113,-96,50,-4,-3,-10.0821313,8.854014984,-82.20169086,55.66254827,13.15823396,-20.58462446,96.19879794,124.2694564,0.003170715,-0.092119423,,,,,,,,,
1767170343,311191162,543_1767170343-311191162.png,1202,-1202,0,0,0.011508119,-0.011508119,63.67,138.63,-64,-123,5,-9,18,9,-17.96717895,-10.42855713,-69.44915623,46.20617904,13.86630267,-16.25811491,96.87052965,123.0609522,0.003170715,-0.090609425,,,,,,,,,
1767170343,377887939,544_1767170343-377887939.png,1202,-1202,0,0,0.011508119,-0.011508119,63.58,138.66,-57,15,71,-11,18,12,-32.94271025,-15.25252259,-34.33316893,29.16381422,17.31734742,-10.60717216,-51.04759836,273.0008736,0.003170715,-0.105385944,,,,,,,,,
1767170343,411237061,545_1767170343-411237061.png,1202,-1202,0,0,0.011508119,-0.011508119,63.63,138.68,-47,-10,21,39,-21,-24,-35.91207382,-12.99472095,-22.070525,28.16351183,12.80159964,-10.9775605,1.109927237,252.4115958,0.003170715,-0.112165271,,,,,,,,,
1767170343,444584961,546_1767170343-444584961.png,1202,-1202,0,0,0.011508119,-0.011508119,63.66,139.75,-121,65,23,24,29,-19,-48.65014595,-1.509046612,-14.3347428,27.84260867,14.27221596,-12.49684413,-36.85629189,272.4517879,0.003170715,-0.06140361,,,,,,,,,
1767170343,477933838,547_1767170343-477933838.png,1202,-1202,0,0,0.011508119,-0.011508119,63.71,137.47,-100,61,-115,58,-22,6,-66.39425045,16.42163664,-31.92210326,32.09032412,5.288323921,-8.688749143,-13.40451699,275.0093634,0.003170715,-0.085543997,,,,,,,,,
1767170343,544630859,548_1767170343-544630859.png,1202,-1202,0,0,0.011508119,-0.011508119,63.78,136.89,-68,128,-14,49,-35,-10,-72.08164839,31.45237552,-50.89052505,40.21270631,-0.783915573,-8.719969161,29.37435073,156.5786743,0.003170715,-0.084452839,,,,,,,,,
1767170343,577978760,549_1767170343-577978760.png,1202,-1202,0,0,0.011508119,-0.011508119,63.69,136.42,-89,47,-123,43,-1,-22,-72.77171696,40.60762517,-52.17560703,41.13006869,-3.704062395,-9.642578232,11.52397668,263.7555442,0.003170715,-0.069809427,,,,,,,,,
1767170343,611327881,550_1767170343-611327881.png,1202,-1202,0,0,0.011508119,-0.011508119,63.74,136.53,19,0,-167,51,-23,-21,-60.60478513,35.16301976,-74.44021621,42.71795188,-6.316997282,-12.25834526,-83.39851964,259.9062133,0.003170715,-0.038424454,,,,,,,,,
1767170343,644675781,551_1767170343-644675781.png,1202,-1202,0,0,0.011508119,-0.011508119,63.79,135.42,47,-68,46,30,-32,-17,-44.8684647,20.07627122,-56.82681889,40.85805536,-10.07292654,-12.95177352,53.00639701,154.0193794,0.003170715,-0.089228611,,,,,,,,,
1767170343,711372803,552_1767170343-711372803.png,1202,-1202,0,0,0.011508119,-0.011508119,63.86,134.51,-67,-11,-22,14,-4,-18,-43.62665814,15.02267705,-52.75414505,37.57228256,-11.79766367,-14.19547733,-22.10624802,247.6894882,0.003170715,-0.089228611,,,,,,,,,
1767170343,778069824,553_1767170343-778069824.png,1202,-1202,0,0,0.011508119,-0.011508119,63.8,133.87,125,89,38,20,-58,-46,-11.26849889,27.1597747,-25.50812975,31.80245488,-21.05031724,-20.39754992,-66.92732561,264.8416791,0.003170715,-0.089228611,,,,,,,,,
1767170343,811418701,554_1767170343-811418701.png,1202,-1201,0,50,0.011508119,-0.011498545,63.86,135.24,-16,55,145,26,-30,-9,5.742982523,46.72294425,-15.46376696,31.45410666,-24.43554946,-22.89147083,-18.32262695,262.3917141,0.003170715,-0.089228611,,,,,,,,,
1767170343,878115723,555_1767170343-878115723.png,1202,-1201,0,0,0.011508119,-0.011498545,63.91,134.88,58,99,49,41,-29,-23,10.21779738,53.59425818,4.992483839,32.15331774,-25.42163589,-21.7965114,-23.54984778,253.5914421,0.003170715,-0.089228611,,,,,,,,,
1767170343,911463623,556_1767170343-911463623.png,1202,-1202,0,-50,0.011508119,-0.011508119,63.88,135.91,12,174,57,77,-58,-38,11.74822762,72.40925785,13.76764456,38.94687643,-30.28104934,-24.19812153,18.39422575,267.1291537,0.003170715,-0.089228611,,,,,,,,,
1767170343,944812500,557_1767170343-944812500.png,1202,-1202,0,0,0.011508119,-0.011508119,63.9,135.43,-121,103,104,64,-10,-31,-7.665115783,76.88290389,26.96338912,42.61069101,-27.31511162,-25.19284067,18.36831498,267.3263202,0.003170715,-0.089228611,,,,,,,,,
1767170343,978160645,558_1767170343-978160645.png,1202,-1202,0,0,0.011508119,-0.011508119,64.21,136.29,11,-40,-90,60,63,-42,-21.31613069,63.66001221,21.96890481,48.09345437,-10.05491066,-28.28437893,12.27636296,256.4285755,0.003170715,-0.089228611,,,,,,,,,
1767170344,11509521,559_1767170344-11509521.png,1202,-1202,0,0,0.011508119,-0.011508119,64.3,137.64,166,4,-56,51,-29,-38,7.76817413,49.5115015,4.708128524,49.14148976,-9.003080378,-30.42284079,-40.95642692,253.41276,0.003170715,-0.089228611,,,,,,,,,
1767170344,44857422,560_1767170344-44857422.png,1202,-1202,50,0,0.011508119,-0.011508119,64.33,136.79,115,-111,-56,28,23,-44,23.44995231,26.03800619,-4.169939136,46.04971966,-4.322891418,-32.40838937,-40.94337413,253.3621788,0.003170715,-0.082617371,,,,,,,,,
1767170344,111554443,561_1767170344-111554443.png,1202,-1202,0,0,0.011508119,-0.011508119,64.5,135.6,-102,-13,-102,34,29,-4,11.10537293,12.65739272,-35.87842146,42.55844695,3.125112139,-28.85196111,20.93848103,162.7276595,0.003170715,-0.095167638,,,,,,,,,
1767170344,144903320,562_1767170344-144903320.png,1202,-1202,0,0,0.011508119,-0.011508119,64.47,135.31,-102,34,94,11,-24,-6,-11.35328719,14.43612299,-20.34439123,37.49548509,0.512117625,-24.20973889,42.67533994,219.8450298,0.003170715,-0.073724284,,,,,,,,,
1767170344,178251465,563_1767170344-178251465.png,1202,-1202,0,0,0.011508119,-0.011508119,64.44,136.56,-118,-7,24,33,26,-23,-26.94949737,11.30126519,-13.85938642,36.83805714,4.239512122,-24.03282447,-11.75454026,269.0682914,0.003170715,-0.085903371,,,,,,,,,
1767170344,211600342,564_1767170344-211600342.png,1202,-1202,0,0,0.011508119,-0.011508119,64.34,138.03,212,-112,-97,20,-38,-55,-12.85951629,-15.67482314,-15.05030731,32.6529544,2.465728449,-27.40080702,-29.50724566,251.2667122,0,-0.055283016,,,,,,,,,
1767170344,244948242,565_1767170344-244948242.png,1202,-1202,0,0,0.011508119,-0.011508119,64.35,137.54,255,79,-192,4,-47,-50,35.68115856,-17.51532809,-39.92042355,28.69247301,-6.383843721,-32.42849573,-29.43470851,250.8838425,-0.013159126,-0.053255365,,,,,,,,,
1767170344,311645264,566_1767170344-311645264.png,830,-779,-8300,6050,0.007946538,-0.007458257,64.4,137.93,121,189,-240,-2,-2,-40,59.63358951,17.73574668,-77.13756681,22.91198478,-7.867869682,-34.45514639,-70.66094345,233.6369371,-0.026316172,-0.073226067,,,,,,,,,
1767170344,344994141,567_1767170344-344994141.png,-151,159,-24900,24500,-0.001445695,0.001522289,64.48,138.08,-82,20,54,4,28,4,38.92083455,18.06687522,-57.95976939,20.14626156,-2.622486871,-28.8313955,-45.89323938,257.1867206,-0.039469063,-0.05222947,,,,,,,,,
1767170344,378342041,568_1767170344-378342041.png,-1986,1983,-40600,40750,-0.019014246,0.018985524,63.61,138.59,72,165,-40,106,-35,-21,28.60379407,39.69214034,-33.8016863,25.79953197,-3.97215684,-24.25621388,-43.96506286,256.7985492,-0.052615724,-0.096498727,,,,,,,,,
1767170344,411690918,569_1767170344-411690918.png,-4406,4539,-56900,56550,-0.04218367,0.043457031,63.06,140.1,-33,165,-29,58,-14,0,22.9478935,67.69971545,-33.57841205,36.70554072,-7.836115501,-20.45733874,55.37564099,144.5427806,-0.065754084,-0.062551483,,,,,,,,,
1767170344,445039063,570_1767170344-445039063.png,-7003,7019,-68400,69400,-0.067047718,0.067200904,62.05,140.97,-29,96,153,2,-43,2,15.35093862,71.83840079,-6.292844103,31.63013902,-12.97854623,-17.17313648,-9.078458279,247.5606709,-0.078882058,-0.060741672,,,,,,,,,
1767170344,511735840,571_1767170344-511735840.png,-9730,9728,-67950,67250,-0.093156403,0.093137255,60.25,143.07,-14,-31,7,27,-38,-25,11.03297162,55.26221698,12.95745115,27.27877345,-23.71264448,-15.84440153,-9.696680039,243.3069768,-0.09199756,-0.068637026,,,,,,,,,
1767170344,545084717,572_1767170344-545084717.png,-12806,12796,-68100,67550,-0.122606464,0.122510723,59.64,142.73,6,-18,145,14,-43,-23,8.438590968,39.67821623,28.17076061,25.67884526,-27.1436664,-17.42474744,-38.00175551,242.935427,-0.105098532,-0.061722924,,,,,,,,,
1767170344,578432617,573_1767170344-578432617.png,-15257,15338,-68050,68650,-0.146072687,0.146848192,59.46,146.2,-37,-82,186,-7,-73,-3,1.728763564,20.35099026,54.35669894,20.5894694,-34.27115773,-15.46340667,-33.97974241,267.3728893,-0.118182908,-0.102482991,,,,,,,,,
1767170344,611781738,574_1767170344-611781738.png,-18191,18265,-68000,68700,-0.17416322,0.174871706,59.8,150.93,-44,3,43,-13,7,-29,-7.076765691,5.236953577,74.4782185,15.29260314,-38.56862045,-15.26841876,-124.0429637,244.2966778,-0.131248618,-0.064940756,,,,,,,,,
1767170344,645129639,575_1767170344-645129639.png,-19846,19833,-68650,68550,-0.190008425,0.189883961,60.31,152.28,-39,181,90,-14,19,-24,-13.00519218,20.96003419,73.29193721,10.31267,-29.60756502,-17.18894431,-72.62392741,247.4629474,-0.144293613,-0.116232568,,,,,,,,,
1767170344,711826416,576_1767170344-711826416.png,-23659,23666,-68000,69000,-0.226514629,0.226581648,61.77,158.4,-60,96,200,-2,-3,-14,-24.7114787,37.36541851,99.15335189,6.243891475,-21.97848659,-16.69973934,-72.33481783,260.3409538,-0.157315805,-0.09322006,,,,,,,,,
1767170344,745175537,577_1767170344-745175537.png,-25918,26176,-68150,67650,-0.248142616,0.250612745,61.77,158.4,-60,96,200,-2,-3,-14,-28.90422683,44.33199073,111.135282,5.264406947,-19.72358864,-16.37897421,-71.75952092,261.3878274,-0.17031318,-0.099068406,,,,,,,,,
1767170344,778523438,578_1767170344-778523438.png,-29052,29042,-68550,68550,-0.278147978,0.278052237,63.85,163.27,-175,62,75,-8,61,1,-36.77255771,37.95610112,132.3769621,4.003367255,-17.01089393,-16.08556236,-83.92803437,258.7432752,-0.18328364,-0.057991994,,,,,,,,,
1767170344,811872314,579_1767170344-811872314.png,-31642,31652,-68050,68900,-0.302945006,0.303040748,65.15,165.57,-140,55,29,2,56,5,-60.06108954,41.8986613,115.5185455,2.808063823,-2.114802288,-12.21773054,-86.01888373,235.0282788,-0.196225171,-0.09150074,,,,,,,,,
1767170344,845220215,580_1767170344-845220215.png,-34178,34235,-68200,67550,-0.327225031,0.327770757,66.55,166.39,115,118,-28,-27,-32,-26,-36.5841884,53.37602428,92.23092678,-1.572595958,-4.940884813,-13.7757188,-116.2955801,267.3316219,-0.20913571,-0.097747355,,,,,,,,,
1767170344,911916992,581_1767170344-911916992.png,-37175,37172,-68650,68500,-0.355918735,0.355890012,69.75,166.54,-11,123,23,-17,12,-18,-8.441139614,62.39606136,52.95017492,0.031577888,-8.990124954,-20.38024638,-115.0242642,266.0900178,-0.222013209,-0.068748161,,,,,,,,,
1767170344,945266113,582_1767170344-945266113.png,-40042,40116,-68150,68550,-0.3833678,0.384076287,71.26,166.58,-129,132,267,-8,-13,-2,-26.26960646,77.25783158,81.93901355,-2.458975731,-7.954665233,-17.50836798,-79.37683123,269.0592642,-0.234855671,-0.056010267,,,,,,,,,
1767170344,978614014,583_1767170344-978614014.png,-42765,42914,-68150,68700,-0.409438189,0.410864737,72.69,166.54,-30,124,226,17,-49,-11,-26.81514603,84.09349172,103.0067555,0.386740441,-13.95721,-16.55657235,-104.4707901,280.537045,-0.247661032,-0.091870909,,,,,,,,,
1767170345,11962891,584_1767170345-11962891.png,-45435,45429,-68750,68500,-0.435001149,0.434943704,74.98,167.92,-237,186,63,-56,116,32,-46.84423577,93.34492248,91.13378402,-1.139811939,0.708604808,-13.54940647,-151.2603066,283.2890644,-0.260427294,-0.079771485,,,,,,,,,
1767170345,45310791,585_1767170345-45310791.png,-48377,48374,-68700,68450,-0.463168275,0.463139553,75.88,168.21,-248,-9,42,-98,121,32,-90.65292107,90.88566312,82.35051773,-18.39178085,27.07146557,-3.368653032,-202.3280865,299.9686863,-0.273152427,-0.036747634,,,,,,,,,
1767170345,112007568,586_1767170345-112007568.png,-51243,51244,-68050,68750,-0.490607767,0.490617341,76.46,168.04,32,-145,48,-24,-26,-26,-76.89738508,53.73488119,76.25473236,-21.32750157,21.80632003,-5.738391248,-349.0287982,295.9819407,-0.288997952,-0.058909597,,,,,,,,,
1767170345,145356689,587_1767170345-145356689.png,-53293,53362,-68650,68600,-0.510234758,0.510895374,77.23,167.86,5,141,0,32,-14,-37,-54.86831135,56.74672536,61.73814931,-13.13244426,13.53723224,-13.65672204,-311.7955485,308.1652794,-0.301623233,-0.084882342,,,,,,,,,
1767170345,178704590,588_1767170345-178704590.png,-57032,57033,-68700,68500,-0.546032475,0.54604205,77.56,168.27,-7,91,59,47,-31,-26,-45.94783815,65.36641517,58.07876559,-3.550611441,6.758516116,-16.3838792,-326.3359684,287.7595556,-0.314200844,-0.061176024,,,,,,,,,
1767170345,212053711,589_1767170345-212053711.png,-59292,59371,-67950,68800,-0.567670037,0.568426394,77.91,170.32,84,24,84,41,-60,-31,-25.90900172,59.99811983,61.89401581,4.307918698,-4.007792499,-18.77691294,-335.4435698,307.5389607,-0.326728886,-0.058748712,,,,,,,,,
1767170345,278750732,590_1767170345-278750732.png,-62500,62505,-68100,67550,-0.598383885,0.598431756,78.75,172.72,-30,-10,68,-28,-2,-9,-13.13066056,42.66702372,78.89358236,1.18743473,-11.29676674,-19.16932036,-311.1134914,276.3122954,-0.33920533,-0.052057787,,,,,,,,,
1767170345,312098633,591_1767170345-312098633.png,-65986,65974,-68700,68450,-0.631759344,0.631644455,79.2,172.69,-5,-37,-85,7,43,-8,-13.245083,26.94688143,54.08375682,-0.217788432,-2.637963025,-16.75013249,-304.8208121,275.736558,-0.354725301,-0.010159557,,,,,,,,,
1767170345,378795654,592_1767170345-378795654.png,-68859,68853,-68850,68400,-0.659265855,0.65920841,80.2,175.32,-147,43,-17,97,9,-31,-38.35243064,28.14080078,40.45692635,13.39798118,9.007674536,-16.87597499,-347.5869518,295.7930851,-0.370157753,-0.00318078,,,,,,,,,
1767170345,412144775,593_1767170345-412144775.png,-72740,72749,-67900,68650,-0.6964231,0.696509268,80.45,178.95,-152,237,-132,138,25,-54,-70.01807555,50.96109848,17.23403753,34.06852357,8.795537878,-19.47354415,-363.7955314,313.7979922,-0.385498893,-0.003654401,,,,,,,,,
1767170345,478841797,594_1767170345-478841797.png,-76498,76638,-67950,68800,-0.732402727,0.733743107,81.36,179.73,32,111,-238,66,58,-55,-63.41483882,78.61268996,-35.22983978,49.28083025,17.63503471,-28.17128865,-370.7059779,319.1128888,-0.403782359,0.015751476,,,,,,,,,
1767170345,512189697,595_1767170345-512189697.png,-79843,79849,-67850,68800,-0.764428232,0.764485677,83.02,183.01,-23,-13,114,14,-109,-17,-49.79664553,61.5922043,-27.90789481,47.11466784,4.182527353,-29.9147091,-351.2323821,311.4683905,-0.415892019,-0.02493611,,,,,,,,,
1767170345,578886719,596_1767170345-578886719.png,-83122,83123,-68150,67350,-0.795821844,0.795831419,84.74,190.27,-37,-110,-174,-8,-79,-24,-46.75353683,27.89232456,-14.22048962,32.48662799,-17.78272038,-26.71806056,-335.3036257,330.4048231,-0.430936549,0.024020278,,,,,,,,,
1767170345,612235840,597_1767170345-612235840.png,-85570,85635,-68750,68450,-0.819259344,0.819881664,85.81,192.29,32,50,-306,49,-1,-48,-40.8393281,13.86778556,-49.92259492,28.9830909,-23.58188039,-27.71916482,-407.2461958,339.9259849,-0.442895773,0.004126349,,,,,,,,,
1767170345,645583984,598_1767170345-645583984.png,-87426,87415,-68100,67600,-0.837028952,0.836923637,86.9,194.79,3,1,-104,23,-3,-30,-28.80001392,14.7778517,-77.61763805,29.6547852,-18.82708519,-29.61978389,-413.7231078,345.1839955,-0.45478509,0.004126349,,,,,,,,,
1767170345,678932861,599_1767170345-678932861.png,-91241,91246,-68200,67550,-0.873554305,0.873602175,88.31,196.35,32,-41,20,25,-30,-21,-14.80657301,6.103445697,-64.76304494,29.13050195,-21.66062467,-28.84605755,-381.2069161,335.7069669,-0.466602568,0.004126349,,,,,,,,,
1767170345,745629883,600_1767170345-745629883.png,-94040,94113,-68600,68500,-0.900352328,0.901051241,89.01,198.49,191,64,8,38,-73,-52,20.98037728,9.603156113,-62.95797768,30.45942407,-30.34193415,-32.57911543,-402.3693223,342.4898651,-0.481270593,0.004126349,,,,,,,,,
1767170345,778978027,601_1767170345-778978027.png,-96769,96763,-67950,68700,-0.926480162,0.926422718,89.73,200.29,166,129,101,55,-125,-70,51.08411525,29.91013214,-35.2677848,34.44282238,-46.4168672,-39.06775768,-417.0847535,353.9477286,-0.492919692,0.004126349,,,,,,,,,
1767170345,812326904,602_1767170345-812326904.png,-99365,99439,-68150,67600,-0.951334635,0.952043122,90.46,203.2,56,39,189,74,-107,-54,51.80302322,31.23945103,-2.4704541,40.22773633,-55.27665526,-41.25147609,-422.864023,356.3608682,-0.501605526,0.004126349,,,,,,,,,
1767170345,845675049,603_1767170345-845675049.png,-102089,102233,-68700,68550,-0.977414599,0.978793275,91.8,208.4,104,187,131,122,-62,-38,60.11507448,43.56339897,27.53824632,48.40836343,-57.71376852,-41.53970607,-419.8764923,354.9316981,-0.513117206,0.004126349,,,,,,,,,
1767170345,879023926,604_1767170345-879023926.png,-104892,105026,-68000,68800,-1.004250919,1.005533854,92.7,211.64,67,199,184,96,-31,-25,65.52770489,77.04869174,56.9601042,61.76769155,-54.98857018,-39.20397212,-419.6757001,358.3715074,-0.524547826,0.004126349,,,,,,,,,
1767170345,912372070,605_1767170345-912372070.png,-107081,107142,-68150,67550,-1.025208716,1.025792739,94.08,213.14,-91,-71,229,-24,-35,-30,42.67593307,58.63859986,85.49558002,50.1345809,-51.42791611,-37.48050013,-417.6355034,357.614222,-0.535895656,0.004126349,,,,,,,,,
1767170345,979069092,606_1767170345-979069092.png,-110212,110211,-68700,68450,-1.055185355,1.055175781,95.15,215.55,24,-145,245,-17,-65,-40,39.94473049,28.85811887,108.8217979,40.3166971,-53.41272246,-37.84895639,-389.7372074,342.9996893,-0.547158863,0.004126349,,,,,,,,,
1767170346,12417969,607_1767170346-12417969.png,-113429,113430,-68000,68800,-1.085985371,1.085994945,97.03,219.31,31,11,140,59,-65,-48,36.44063878,8.455598559,101.3377775,42.36684534,-50.87026962,-41.13636202,-397.2289902,349.4406986,-0.561116124,0.156731463,,,,,,,,,
1767170346,45766113,608_1767170346-45766113.png,-116289,116288,-68100,67650,-1.113367417,1.113357843,97.92,221.83,51,-22,261,23,-104,-55,38.42524303,4.069332872,125.7145097,39.97662357,-59.01555183,-43.34620489,-395.4302376,350.4921575,-0.572182424,0.156731463,,,,,,,,,
1767170346,79114990,609_1767170346-79114990.png,-118897,118897,-68700,68500,-1.13833678,1.13833678,99.71,224.4,-51,-4,158,50,-24,-55,20.56235655,0.549471824,128.46018,39.44179191,-56.50653071,-46.49369167,-375.1496416,338.9486067,-0.583158376,0.156731463,,,,,,,,,
1767170346,145812256,610_1767170346-145812256.png,-121276,121410,-68100,68700,-1.161113664,1.162396599,100.71,226.35,-16,47,298,89,-59,-69,9.520276108,4.261800314,146.9962477,45.06791769,-53.21953295,-49.4497908,-405.7549956,361.5131311,-0.591330019,0.156731463,,,,,,,,,
1767170346,179160400,611_1767170346-179160400.png,-123262,123319,-68650,68550,-1.180127911,1.180673637,101.71,228.61,110,77,90,128,-79,-91,22.87933717,17.13532486,146.5618631,59.49468084,-57.29216241,-56.54907958,-403.9705296,360.877212,-0.604832313,0.156731463,,,,,,,,,
1767170346,212509521,612_1767170346-212509521.png,-128037,128041,-68150,67600,-1.225844439,1.225882736,103.66,235.09,16,3,-89,90,26,-73,37.03649055,14.37495585,101.4927668,69.9041012,-45.72486001,-63.81719955,-431.9650655,390.1390908,-0.618185403,0.156731463,,,,,,,,,
1767170346,279206787,613_1767170346-279206787.png,-131521,131577,-68700,67500,-1.259200751,1.259736903,105.56,237.09,-67,-1,-152,75,-38,-61,23.51675234,15.67534549,51.99557821,77.18770242,-35.93643233,-65.92119705,-429.248981,389.0947964,-0.63138596,0.156731463,,,,,,,,,
1767170346,312554932,614_1767170346-312554932.png,-134109,134187,-68000,68750,-1.283978631,1.284725414,106.37,241.46,58,-84,-198,43,-26,-75,16.85634575,4.852412244,7.326220089,73.85718417,-35.26013796,-66.21107643,-398.1925589,365.4116104,-0.64183434,0.156731463,,,,,,,,,
1767170346,379252197,615_1767170346-379252197.png,-138420,138420,-68600,68400,-1.325252757,1.325252757,107.94,251.62,-90,92,-340,128,39,-68,0.962785189,10.64985473,-84.26851447,78.79143634,-22.45580308,-68.96148132,-375.1558108,355.1689856,-0.657316427,0.156731463,,,,,,,,,
1767170346,412601318,616_1767170346-412601318.png,-140802,140865,-68100,67550,-1.348058364,1.348661535,109.41,256.52,-88,29,-361,110,47,-58,-12.0472951,13.33341351,-124.7382326,83.35543372,-12.2984595,-67.35845426,-405.4810168,379.0941877,-0.667508411,0.230074172,,,,,,,,,
1767170346,479298584,617_1767170346-479298584.png,-144349,144359,-68100,67550,-1.382017846,1.382113588,112.27,264.49,35,-141,-290,59,63,-14,-0.234363735,-15.25246116,-150.552025,78.65659979,-0.916158863,-61.43088542,-422.6415411,400.4917619,-0.68009997,0.262471431,,,,,,,,,
1767170346,512646729,618_1767170346-512646729.png,-147215,147214,-68600,68450,-1.409457338,1.409447763,113.68,270.32,-65,-27,-191,101,64,29,-5.119423011,-26.67667669,-166.478855,79.7436674,11.89410542,-46.90384215,-421.8631791,399.8939579,-0.690052536,0.257743473,,,,,,,,,
1767170346,545995850,619_1767170346-545995850.png,-149681,149686,-67900,68800,-1.433067172,1.433115043,115.28,274.62,-70,52,42,90,33,17,-16.1989855,-15.17944793,-136.6421683,81.80845288,16.3653685,-35.5413057,-390.0984645,378.4705915,-0.699896178,0.280422697,,,,,,,,,
1767170346,612693115,620_1767170346-612693115.png,-153356,153436,-68100,68800,-1.468252145,1.469018076,118.54,280.88,-73,40,137,115,8,21,-31.72242431,2.900912805,-65.20541553,89.05860898,15.5958042,-22.83508658,-372.1078217,368.406219,-0.712045053,0.258966624,,,,,,,,,
1767170346,646041260,621_1767170346-646041260.png,-155829,155827,-68500,68400,-1.491928998,1.49190985,121.57,290.54,117,-82,215,110,-75,-12,-20.89816022,-3.695049609,-23.15732969,94.80297441,5.606943875,-17.13698001,-358.1767918,360.1325362,-0.724018292,0.284034707,,,,,,,,,
1767170346,679390381,622_1767170346-679390381.png,-159433,159433,-68650,68500,-1.526434206,1.526434206,122.81,294.28,76,-118,230,104,-65,-22,2.772803228,-22.50173126,25.48970843,97.2775349,-9.49365953,-17.02199775,-363.1078247,370.5188804,-0.733468386,0.29033687,,,,,,,,,
1767170346,746087646,623_1767170346-746087646.png,-162712,162861,-68050,68850,-1.557827819,1.559254366,123.82,298.15,-76,6,185,118,-21,-3,-4.91566631,-23.33026698,59.5172165,100.6597603,-14.08058249,-15.23185528,-361.4062212,368.0156116,-0.745117985,0.33623621,,,,,,,,,
1767170346,779435791,624_1767170346-779435791.png,-165931,166002,-67950,68750,-1.588646982,1.589326746,126.06,306.68,-163,-94,-64,123,68,-4,-31.95651246,-28.84915626,54.56891005,104.0022567,-0.709669903,-11.67675453,-361.0465226,367.5629599,-0.756583693,0.307818506,,,,,,,,,
1767170346,846133057,625_1767170346-846133057.png,-170498,170560,-68000,68800,-1.632372089,1.632965686,129.33,320.67,-74,38,-282,169,34,-3,-47.66857025,-45.84458983,7.748126691,114.1657101,16.86433601,-8.36158015,-340.2118649,359.0431056,-0.767862779,0.336259591,,,,,,,,,
1767170346,879482178,626_1767170346-879482178.png,-172344,172406,-68700,68500,-1.650045956,1.650639553,129.33,320.67,-74,38,-282,169,34,-3,-49.282281,-40.70620892,-10.00896705,117.5262068,17.91448807,-8.032997934,-336.3619408,356.675962,-0.776749681,0.337076007,,,,,,,,,
1767170346,912830322,627_1767170346-912830322.png,-175682,175680,-68750,68400,-1.682004442,1.681985294,130.93,328.57,22,-124,-110,141,10,-17,-46.10133249,-38.90528347,-51.43662908,122.7664988,21.06989984,-7.894469119,-315.2099898,351.3206577,-0.787685752,0.337076007,,,,,,,,,
1767170346,979527588,628_1767170346-979527588.png,-178486,178615,-68000,68800,-1.708850337,1.710085401,131.69,336.66,91,-54,-158,180,-10,-23,-22.68187278,-49.60787813,-70.22917706,131.4755923,16.21939777,-10.64252766,-301.5193651,334.7105312,-0.79629482,0.337076007,,,,,,,,,
1767170347,12876709,629_1767170347-12876709.png,-181890,181964,-68100,67650,-1.741440717,1.742149203,133.39,349.96,-14,129,-241,244,10,-1,-9.610721541,-24.27374239,-96.30625963,150.2246063,9.251037871,-10.54621292,-281.5213198,311.3305459,-0.806879154,0.337076007,,,,,,,,,
1767170347,79573975,630_1767170347-79573975.png,-185522,185656,-68050,67600,-1.776214001,1.777496936,134.39,356.56,67,95,-271,248,10,-10,1.253818319,5.012268474,-133.0340302,171.7693234,9.418438488,-9.728714142,-259.1667587,293.0400627,-0.817264351,0.337076007,,,,,,,,,
1767170347,112922119,631_1767170347-112922119.png,-188463,188461,-68750,68500,-1.804371553,1.804352405,136.56,369.44,46,-87,-311,250,9,-18,12.52894297,5.40535454,-157.2717603,188.972812,7.504158031,-10.87474944,-269.3997574,290.6987112,-0.825427472,0.337076007,,,,,,,,,
1767170347,146271240,632_1767170347-146271240.png,-190083,190084,-68050,67500,-1.819881664,1.819891238,137.82,370.55,-21,-136,-49,203,20,-10,12.04956726,-21.07003274,-160.5024751,197.0287779,9.145440922,-11.51680811,-270.4085889,293.0829062,-0.833460232,0.337076007,,,,,,,,,
1767170347,179618896,633_1767170347-179618896.png,-193503,193511,-68150,67600,-1.85262523,1.852701823,139.21,376.28,-96,-135,-85,207,54,-1,-4.630081232,-40.78558869,-146.4977104,198.6456711,15.99351026,-9.938502153,-275.9743381,290.0359969,-0.841361431,0.337076007,,,,,,,,,
1767170347,212967773,634_1767170347-212967773.png,-196036,196159,-68750,68450,-1.876876532,1.878054151,140.63,380.91,-47,-113,-37,226,39,-7,-10.82633558,-51.34635617,-130.4845651,202.6460181,19.35802136,-9.508770228,-248.4682752,270.8525331,-0.849129739,0.337076007,,,,,,,,,
1767170347,279664551,635_1767170347-279664551.png,-198833,198837,-67900,68700,-1.903655407,1.903693704,143.12,393.41,-8,-56,-191,254,24,-14,-6.653963343,-53.85086031,-103.2531462,204.436345,15.62615846,-9.859859566,-230.4414612,251.4557111,-0.85676389,0.419093169,,,,,,,,,
1767170347,313012207,636_1767170347-313012207.png,-202115,202171,-68100,67500,-1.935077742,1.935613894,144.09,397.36,95,-179,-217,246,12,-25,8.075558917,-72.37090339,-128.7885493,215.5423223,15.9452872,-12.49394846,-220.6014099,241.4874859,-0.866116312,0.401661538,,,,,,,,,
1767170347,346361084,637_1767170347-346361084.png,-204981,205043,-68700,68500,-1.962517233,1.96311083,144.54,408.32,-7,-36,-217,264,46,14,9.012498126,-89.88929621,-154.0929215,223.77492,24.96486282,-11.59929105,-205.9222148,223.9027038,-0.873444466,0.439166178,,,,,,,,,
1767170347,413057617,638_1767170347-413057617.png,-207768,207780,-67950,68750,-1.989200368,1.989315257,145.19,414.77,-67,-39,-154,263,70,5,-1.695259491,-78.2009331,-160.668048,232.6468192,32.5179498,-6.946910687,-200.9244244,220.2105615,-0.880634668,0.418367037,,,,,,,,,
1767170347,446405518,639_1767170347-446405518.png,-210371,210497,-68250,67500,-2.01412186,2.015328202,145.53,422.53,23,-101,-113,289,21,-31,0.180766536,-80.49335729,-153.5197842,241.694638,31.82961799,-10.14699286,-189.5379095,201.0101895,-0.887685787,0.458145726,,,,,,,,,
1767170347,513102051,640_1767170347-513102051.png,-215151,215153,-68000,68800,-2.059886259,2.059905407,145.66,433.02,-83,-1,-416,446,81,-29,-18.87334396,-78.54520737,-201.2046096,285.2199655,44.41042927,-16.25682746,-142.0928312,181.3017128,-0.899687389,0.451312191,,,,,,,,,
1767170347,546450928,641_1767170347-546450928.png,-218429,218422,-68200,67500,-2.091270297,2.091203278,145.07,445.29,49,-86,-224,412,98,-35,-1.031562856,-80.00500924,-215.742343,317.0074071,56.39481534,-20.51253203,-136.7277443,150.8813379,-0.907993855,0.458673661,,,,,,,,,
1767170347,579798828,642_1767170347-579798828.png,-221086,221089,-68700,68450,-2.116708793,2.116737515,144.57,455.93,3,-171,-339,436,106,-32,0.887594009,-93.47159806,-233.9872128,336.9335009,64.75481347,-22.57748044,-111.9150373,136.9829664,-0.912870369,0.478282575,,,,,,,,,
1767170347,646495361,643_1767170347-646495361.png,-224088,224097,-68000,68750,-2.145450368,2.145536535,143.59,471.39,28,-125,-4,424,90,-26,7.698412816,-100.9038842,-223.7130993,353.8219983,69.40097853,-23.59401778,-120.2658366,132.8272824,-0.920817441,0.488781816,,,,,,,,,
1767170347,679843994,644_1767170347-679843994.png,-225525,225590,-68700,68550,-2.15920841,2.159830729,143.18,476.98,22,-133,-187,454,97,-19,11.18655569,-106.4125361,-196.6481599,370.4719378,74.12472959,-23.43823326,-94.70171744,125.9614196,-0.927011621,0.494077793,,,,,,,,,
1767170347,713191895,645_1767170347-713191895.png,-229490,229488,-68700,68500,-2.197169884,2.197150735,142.79,482.82,27,-182,-111,453,78,-17,14.06492605,-118.8577,-183.6180033,386.9113657,75.88834104,-22.26447606,-107.2604509,116.9912062,-0.933059394,0.504960152,,,,,,,,,
1767170347,746540771,646_1767170347-746540771.png,-232143,232214,-68100,68750,-2.222570083,2.223249847,142.3,492.68,201,-256,-45,505,-19,-40,41.40265289,-138.9136406,-163.3462532,404.1808634,62.01169664,-24.8581515,-110.266814,104.936255,-0.938959893,0.493423395,,,,,,,,,
1767170347,779888428,647_1767170347-779888428.png,-234883,234874,-68050,67500,-2.248803232,2.248717065,142.3,508.8,202,-143,-129,574,33,-38,83.68209275,-148.4723991,-140.3737822,439.6100379,49.27598809,-29.25855804,-108.9818608,101.0571198,-0.944712055,0.519059624,,,,,,,,,
1767170347,846584961,648_1767170347-846584961.png,-238910,238904,-68050,67600,-2.287358303,2.287300858,141.94,529.12,225,-277,-195,604,13,-53,114.9508553,-159.3422329,-136.7664772,490.4730134,40.3615986,-34.08543775,-108.8997776,96.17581749,-0.9516924,0.548536523,,,,,,,,,
1767170347,879933838,649_1767170347-879933838.png,-241093,241081,-68650,68450,-2.308258655,2.308143765,141.94,529.12,225,-277,-195,604,13,-53,118.3763253,-163.0045344,-138.5790963,494.0067371,39.50992153,-34.67418621,-107.284933,92.34454107,-0.957107672,0.548536523,,,,,,,,,
1767170347,946630371,650_1767170347-946630371.png,-243954,244020,-68050,68700,-2.335650276,2.336282169,141.69,538.81,92,-283,-310,601,110,-37,122.7576329,-189.3611259,-168.0075496,518.1526194,47.77014298,-36.43032186,-107.5478721,87.45134568,-0.962371809,0.548536523,,,,,,,,,
1767170347,979978027,651_1767170347-979978027.png,-246750,246825,-68050,67550,-2.362419577,2.363137638,140.87,553.83,24,-325,-550,662,144,-25,115.8923472,-210.5347283,-217.8695212,538.0526812,67.23404861,-36.4386305,-107.0956351,82.83326626,-0.967484013,0.548536523,,,,,,,,,
1767170348,13326904,652_1767170348-13326904.png,-249971,249969,-68700,68450,-2.393257889,2.393238741,140.67,560.69,80,-340,-550,667,141,-21,102.7140398,-234.6209713,-283.8186919,563.1166805,82.2054951,-33.80531488,-106.1628475,78.74349546,-0.973659285,0.548536523,,,,,,,,,
1767170348,80023193,653_1767170348-80023193.png,-253507,253572,-68750,68450,-2.427112056,2.427734375,140.48,579.43,321,-153,-669,753,127,-57,137.6663561,-239.6514394,-347.292426,593.5678278,88.63390575,-35.72281184,-94.29104155,75.20367002,-0.979594339,0.548536523,,,,,,,,,
1767170348,113371094,654_1767170348-113371094.png,-256854,257001,-68100,68800,-2.45915671,2.460564108,140.29,587.04,212,-159,-676,744,156,-56,162.7029221,-221.1614165,-420.2210182,627.8863557,101.4501292,-40.33223696,-102.6856099,61.18206954,-0.985287645,0.548536523,,,,,,,,,
1767170348,146719971,655_1767170348-146719971.png,-258495,258625,-68600,67600,-2.474867877,2.476112515,140.35,603.81,3,-242,-251,739,142,-40,132.5017383,-224.2009742,-401.7205491,647.7530588,112.5220235,-41.36450231,-95.94101828,58.11123085,-0.989667413,0.548536523,,,,,,,,,
1767170348,180068115,656_1767170348-180068115.png,-262321,262321,-68750,68500,-2.511498545,2.511498545,140.81,613.34,25,-111,-284,803,120,-39,112.1127796,-215.420952,-378.6601702,669.3142768,115.6252231,-41.03819003,-95.9814105,49.77865601,-0.993890787,0.598170626,,,,,,,,,
1767170348,246765869,657_1767170348-246765869.png,-264774,264840,-67950,68800,-2.534983915,2.535615809,141.39,626.83,-105,-142,-556,771,310,-8,75.80387633,-199.2202022,-399.6418412,691.179716,144.2798437,-36.09998213,-91.34078601,54.09453773,-0.997957367,0.609708075,,,,,,,,,
1767170348,280114990,658_1767170348-280114990.png,-268465,268468,-68100,68800,-2.570322074,2.570350797,142.42,645.08,142,-350,-567,828,217,-65,59.84480122,-206.233979,-430.1275646,709.6986989,170.5254853,-35.93546983,-96.02881616,39.95586967,-1.002818901,0.609720726,,,,,,,,,
1767170348,346812744,659_1767170348-346812744.png,-272828,272892,-68050,68800,-2.612094056,2.612706801,142.06,678.03,288,-367,-444,877,54,-67,130.8906441,-264.720614,-438.7633402,762.3531134,149.2681105,-51.88587058,-92.98913926,38.24957752,-1.008325985,0.609720726,,,,,,,,,
1767170348,380160889,660_1767170348-380160889.png,-275086,275078,-68100,67500,-2.633712469,2.633635876,142.06,678.03,288,-367,-444,877,54,-67,140.5190258,-270.9887638,-439.0842667,769.3792003,143.4296439,-52.81213373,-93.69353542,28.94478297,-1.010945337,0.609720726,,,,,,,,,
1767170348,413510254,661_1767170348-413510254.png,-278217,278217,-68750,68550,-2.663689108,2.663689108,141.43,690.79,139,-285,-455,877,124,-37,148.013412,-278.0613131,-441.6690147,790.7488214,135.9090602,-51.24207899,-96.38643667,21.42394352,-1.015111187,0.609720726,,,,,,,,,
1767170348,480207764,662_1767170348-480207764.png,-281849,281844,-68750,68450,-2.698462393,2.698414522,140.11,704.59,101,-204,-519,950,120,-34,146.2554715,-259.3569213,-451.0216821,829.6762602,134.9672511,-46.69265855,-103.4097476,9.846576452,-1.019026567,0.609720726,,,,,,,,,
1767170348,513556152,663_1767170348-513556152.png,-284572,284652,-67950,68900,-2.724532782,2.725298713,138.14,724.62,225,-427,-574,970,167,-41,160.147207,-263.3910115,-468.0236739,855.0600399,132.9934803,-44.71704449,-109.9299091,-5.631562471,-1.022690544,0.609720726,,,,,,,,,
1767170348,546905518,664_1767170348-546905518.png,-287374,287368,-68000,67500,-2.751359528,2.751302083,137.11,737.34,209,-485,-568,943,237,-45,170.3742881,-295.2198546,-485.970427,873.2688808,143.1602899,-44.31981611,-108.4942968,-2.878969908,-1.024767809,0.609720726,,,,,,,,,
1767170348,613603027,665_1767170348-613603027.png,-289828,289837,-67950,68700,-2.774854473,2.77494064,136.31,745.98,99,-441,-506,928,257,-46,164.9744949,-327.6755793,-494.8921217,885.3327732,164.1697495,-44.57368954,-110.5566379,-7.740928173,-1.02739595,0.609720726,,,,,,,,,
1767170348,646951416,666_1767170348-646951416.png,-292226,292281,-68150,67500,-2.797813266,2.798339844,135.89,754.84,191,-402,-425,960,227,-40,167.02726,-341.5564808,-484.9661587,897.3861136,175.8250962,-43.9427286,-112.8341227,-5.729859114,-1.029861771,0.609720726,,,,,,,,,
1767170348,680300781,667_1767170348-680300781.png,-295499,295489,-68250,67650,-2.829149433,2.829053692,135.07,774.88,277,-224,-581,1101,167,-70,186.6674205,-313.4092097,-500.0539222,926.696874,178.3284126,-45.82205877,-115.9437392,-17.98742175,-1.032715348,0.648082063,,,,,,,,,
1767170348,713648926,668_1767170348-713648926.png,-298235,298232,-68800,68550,-2.855344286,2.855315564,134.73,788,293,-233,-511,1103,134,-54,206.5052366,-296.7250759,-507.8099667,961.5448342,172.158156,-48.72191461,-119.5504657,-17.72018671,-1.034305255,0.651792399,,,,,,,,,
1767170348,746998291,669_1767170348-746998291.png,-300481,300542,-68100,67500,-2.876847809,2.877431832,134.13,797.03,245,-416,-418,1062,140,-53,214.4333535,-312.474584,-494.7607673,979.9947097,166.4412469,-49.48781317,-121.0225089,-20.92958641,-1.036282119,0.674336514,,,,,,,,,
1767170348,780346680,670_1767170348-780346680.png,-303348,303412,-68700,68450,-2.904296875,2.90490962,133.46,807.2,247,-421,-543,1085,169,-38,219.1959594,-328.3455392,-501.8153608,995.3508753,166.8154437,-47.80781438,-123.0154298,-25.04701209,-1.038095333,0.674336514,,,,,,,,,
1767170348,847044434,671_1767170348-847044434.png,-305803,305799,-67900,68700,-2.927801394,2.927763097,132.62,826.36,155,-450,-796,1122,322,-57,204.8015967,-343.9904144,-541.6971253,1017.615969,187.8826751,-47.16202168,-121.5620242,-30.60951304,-1.039744628,0.674336514,,,,,,,,,
1767170348,880393555,672_1767170348-880393555.png,-308541,308599,-68050,67500,-2.954015395,2.954570695,132.44,840.69,119,-508,-839,1131,301,-65,192.9369236,-367.5598389,-589.5365251,1036.469788,209.1597871,-49.58621673,-123.6756673,-33.23357487,-1.04122974,0.674336514,,,,,,,,,
1767170348,913741943,673_1767170348-913741943.png,-312358,312362,-68100,67550,-2.990559896,2.990598192,132.18,854.84,211,-479,-839,1170,281,-83,190.9702271,-398.7821318,-632.7908402,1061.998544,221.8951677,-54.50702068,-122.9853629,-31.07735348,-1.042854868,0.674336514,,,,,,,,,
1767170348,980439697,674_1767170348-980439697.png,-315012,315079,-68750,68600,-3.015969669,3.016611137,132.14,854.84,195,-461,-881,1211,304,-81,192.9836433,-411.0160381,-672.2283475,1084.373633,234.1910452,-59.25007096,-122.7977534,-30.68946862,-1.043969733,0.674336514,,,,,,,,,
1767170349,13788818,675_1767170349-13788818.png,-317815,317881,-68050,68750,-3.04280599,3.043437883,132.25,892.02,193,-445,-676,1169,237,-76,196.2058619,-430.7580789,-706.2755946,1109.526618,246.8584236,-65.5143544,-125.3797384,-33.59251523,-1.04491975,0.674336514,,,,,,,,,
1767170349,47137207,676_1767170349-47137207.png,-320479,320691,-68150,67400,-3.068311504,3.070341222,132.43,902.89,185,-340,-784,1236,281,-64,195.1615593,-426.7844368,-707.6622067,1123.910668,247.8512469,-66.59103223,-127.7511254,-37.36361003,-1.045704716,0.674336514,,,,,,,,,
1767170349,113834961,677_1767170349-113834961.png,-324101,324090,-68100,67500,-3.102989047,3.102883732,132.62,914.13,153,-396,-1039,1291,315,-52,188.2106095,-415.576779,-762.0161423,1157.007069,260.2325509,-64.25700837,-127.556957,-36.95423174,-1.04645373,0.674336514,,,,,,,,,
1767170349,147184082,678_1767170349-147184082.png,-326213,326351,-68050,68700,-3.123209635,3.124530867,133.12,944.6,288,-433,-832,1311,290,-77,191.2771004,-434.4117035,-783.8746286,1181.544232,268.3397673,-66.23819048,-131.1166026,-39.0779264,-1.046944484,0.724763507,,,,,,,,,
1767170349,180531982,679_1767170349-180531982.png,-329559,329636,-68050,68750,-3.155244715,3.155981924,133.46,961.7,301,-375,-870,1308,277,-58,212.0273642,-427.2402145,-797.9455049,1206.893053,271.0961368,-66.11764486,-133.9516559,-44.20110154,-1.047151079,0.716981068,,,,,,,,,
1767170349,213880859,680_1767170349-213880859.png,-332836,332843,-68150,67600,-3.186619179,3.186686198,133.81,971.34,309,-373,-732,1277,276,-55,228.5732408,-417.9197584,-790.2163403,1219.832507,271.9701801,-64.27605618,-133.2117379,-42.51028466,-1.047192358,0.735699877,,,,,,,,,
1767170349,280577637,681_1767170349-280577637.png,-335561,335558,-68700,68600,-3.212708716,3.212679994,134.32,992.09,158,-437,-755,1322,187,-65,214.535051,-433.2607723,-760.1847989,1224.736657,263.5202798,-62.98426766,-132.9430842,-41.93383074,-1.047068255,0.743135948,,,,,,,,,
1767170349,313925537,682_1767170349-313925537.png,-339193,339191,-68700,68500,-3.247482001,3.247462852,134.31,1001.8,250,-294,-912,1372,194,-99,212.8297248,-417.1062156,-777.6796429,1252.416667,247.2489163,-67.47445882,-134.6425447,-39.99154067,-1.046680565,0.741879945,,,,,,,,,
1767170349,380622070,683_1767170349-380622070.png,-342805,342805,-68050,68750,-3.282063802,3.282063802,134.11,1024.93,316,-261,-694,1388,211,-76,239.9286186,-374.8422058,-765.1543727,1283.51726,232.3109841,-72.65468506,-134.3196017,-43.49840951,-1.045874493,0.741141731,,,,,,,,,
1767170349,413970947,684_1767170349-413970947.png,-346013,346021,-68050,68750,-3.31277765,3.312854243,133.94,1047.06,79,-219,-804,1405,276,-75,224.2778082,-342.2868369,-745.6648455,1306.493207,232.5113529,-73.57119718,-134.280768,-39.71427536,-1.045130672,0.761923332,,,,,,,,,
1767170349,480667725,685_1767170349-480667725.png,-349897,349969,-68050,67600,-3.349963618,3.350652956,133.63,1074.65,298,-468,-746,1424,282,-93,219.6395089,-342.8340826,-756.0905728,1333.960477,251.1509586,-76.68407676,-136.7564475,-44.26457882,-1.043705415,0.767306031,,,,,,,,,
1767170349,514015625,686_1767170349-514015625.png,-352302,352368,-68700,68400,-3.37298943,3.373621324,133.44,1085.11,330,-360,-871,1440,273,-114,227.7274806,-350.8003777,-759.0681796,1342.607417,253.6627712,-78.81438991,-136.8036583,-45.39140797,-1.042549203,0.77835193,,,,,,,,,
1767170349,547364502,687_1767170349-547364502.png,-355576,355573,-68700,68400,-3.404335172,3.404306449,133.33,1091.62,349,-354,-850,1466,229,-110,250.2925796,-351.9142117,-778.7987336,1365.035229,252.2746612,-85.32573342,-135.6970284,-39.15000105,-1.041228409,0.789447275,,,,,,,,,
1767170349,614061035,688_1767170349-614061035.png,-359119,359262,-68000,68900,-3.438256357,3.43962546,133.21,1112.74,-4,-445,-878,1433,353,-31,211.3364512,-358.1126949,-819.1295165,1384.655559,274.4346486,-77.23474183,-133.4166862,-43.84760618,-1.039346153,0.778422582,,,,,,,,,
1767170349,647408936,689_1767170349-647408936.png,-360423,360492,-68700,68400,-3.450741039,3.451401654,133.08,1132.21,114,-526,-794,1455,325,-35,196.4310414,-375.7668702,-818.5218041,1392.390607,281.2351584,-72.10345125,-133.9203551,-42.35194969,-1.037655645,0.776576666,,,,,,,,,
1767170349,680757813,690_1767170349-680757813.png,-364233,364232,-68800,68500,-3.48721852,3.487208946,132.8,1144.45,102,-512,-877,1537,287,-64,182.9504148,-396.0738505,-824.7972003,1411.289415,283.1205008,-70.12296246,-134.582281,-43.53251243,-1.035801352,0.796166295,,,,,,,,,
1767170349,714105713,691_1767170349-714105713.png,-366567,366639,-68100,68800,-3.509564568,3.510253906,132.42,1156.75,257,-345,-785,1570,260,-75,189.5281505,-393.1852696,-821.5006031,1433.594402,280.4798848,-70.53447631,-138.6804029,-43.65115619,-1.033783409,0.793371729,,,,,,,,,
1767170349,780802246,692_1767170349-780802246.png,-369702,369706,-68100,67550,-3.539579504,3.5396178,131.31,1183.32,391,-527,-737,1500,286,-98,219.3745356,-404.1062053,-802.6626299,1450.89855,279.5167894,-75.4390239,-138.3500569,-43.27229857,-1.03160228,0.792002543,,,,,,,,,
1767170349,814151123,693_1767170349-814151123.png,-372033,372024,-68750,68550,-3.561896829,3.561810662,130.77,1202.14,533,-504,-785,1553,239,-115,265.9057508,-422.6115766,-797.018084,1465.681201,275.0529669,-81.35776072,-136.4331798,-46.4511776,-1.029258165,0.796884869,,,,,,,,,
1767170349,847498779,694_1767170349-847498779.png,-375573,375716,-67800,68800,-3.595789292,3.597158395,128.56,1216.53,459,-487,-540,1555,179,-90,308.9409403,-431.8193601,-766.3447002,1486.37657,259.0865996,-83.15982688,-136.1426416,-44.18462324,-1.02609959,0.810264288,,,,,,,,,
1767170349,914195557,695_1767170349-914195557.png,-378307,378717,-48450,68850,-3.621964997,3.625890395,127.04,1227.42,348,-611,-736,1564,307,-80,324.8277123,-452.5779486,-744.9673255,1499.050366,256.8307885,-83.43688459,-135.7227443,-42.64497685,-1.023390356,0.811531511,,,,,,,,,
1767170349,947544434,696_1767170349-947544434.png,-378945,381172,-27300,68400,-3.6280733,3.649394914,125.14,1238.89,337,-540,-779,1612,286,-79,326.909523,-467.3101297,-748.7649023,1514.251761,261.6725449,-82.81545494,-137.913795,-45.15827584,-1.020519468,0.827577364,,,,,,,,,
1767170349,980892090,697_1767170349-980892090.png,-378556,384245,14300,68450,-3.624348958,3.678816253,120.72,1270.54,294,-481,-1036,1726,316,-65,311.2253453,-468.4919032,-773.271134,1549.010354,270.4734511,-79.72306712,-138.9804223,-45.13835859,-1.017487526,0.83483816,,,,,,,,,
1767170350,14240967,698_1767170350-14240967.png,-377541,386908,23400,68750,-3.614631204,3.704312194,120.44,1283.16,281,-514,-1114,1723,372,-67,307.5297309,-473.3077331,-818.7523741,1574.622132,282.1995454,-77.75094633,-138.9919815,-41.59050894,-1.014294795,0.821996195,,,,,,,,,
1767170350,80937500,699_1767170350-80937500.png,-375375,390185,46750,67600,-3.593893612,3.735686657,122.05,1313.85,357,-525,-975,1690,328,-76,314.0593338,-481.9486894,-849.4484294,1595.4383,291.2839077,-77.20918157,-138.9131452,-40.70039415,-1.010078811,0.824813991,,,,,,,,,
1767170350,114285400,700_1767170350-114285400.png,-373509,392601,47550,65500,-3.576028263,3.758817785,135.9,1338.14,164,-476,-1030,1686,347,-64,282.966222,-473.8516333,-891.8911585,1615.149562,304.8325075,-74.58631307,-140.7007932,-42.28832912,-1.006526421,0.847005111,,,,,,,,,
1767170350,147634277,701_1767170350-147634277.png,-372508,393432,38650,42250,-3.566444547,3.766773897,149.99,1354.11,280,-528,-1031,1684,336,-87,276.0668165,-478.8720081,-912.1789516,1625.329852,310.0036177,-75.11973699,-137.9310688,-26.95262003,-1.002815173,0.844654321,,,,,,,,,
1767170350,180982422,702_1767170350-180982422.png,-370687,393230,33150,-11300,-3.549010034,3.76483992,168.88,1362.72,297,-484,-1183,1735,334,-90,279.2326466,-480.9274966,-954.9419503,1642.927357,314.2037385,-77.61156827,-137.2077753,-23.25818515,-0.998945533,0.854848358,,,,,,,,,
1767170350,247679688,703_1767170350-247679688.png,-369771,392094,20800,-24400,-3.540240119,3.753963695,205.59,1398.44,79,-440,-1182,1697,415,-61,244.0121761,-470.4234404,-997.0018258,1656.581868,332.273166,-75.39371129,-137.1929042,-35.44309998,-0.993886725,0.862276637,,,,,,,,,
1767170350,281028809,704_1767170350-281028809.png,-368200,390247,37200,-41150,-3.525199142,3.736280254,220.87,1430.2,279,-534,-1126,1724,337,-80,239.2580189,-476.3342239,-1022.319019,1666.77475,337.3022873,-75.16369412,-138.4661034,-26.74685621,-0.989663018,0.858726106,,,,,,,,,
1767170350,314377197,705_1767170350-314377197.png,-366257,387896,48550,-58000,-3.506596584,3.713771446,241.95,1455.11,391,-430,-1121,1738,296,-91,261.4490435,-469.5582223,-1036.750306,1677.190861,331.2621653,-77.47962443,-138.9414588,-27.44496298,-0.985283051,0.862339524,,,,,,,,,
1767170350,347726318,706_1767170350-347726318.png,-364863,385365,39700,-68050,-3.49325023,3.689539292,270.29,1460.38,380,-526,-937,1692,293,-94,288.7711119,-475.0383331,-1034.233133,1683.913534,322.6921322,-80.86803731,-140.9456142,-26.19103599,-0.980747488,0.870412582,,,,,,,,,
1767170350,381074463,707_1767170350-381074463.png,-363161,382983,39800,-60350,-3.47695504,3.666733686,280.04,1460.88,287,-586,-1066,1696,336,-91,293.6957447,-487.9212839,-1031.688562,1685.458129,322.2415608,-82.51696836,-140.307586,-21.40931988,-0.976057062,0.870775538,,,,,,,,,
1767170350,447771729,708_1767170350-447771729.png,-360936,380203,40400,-50450,-3.455652574,3.64011757,289.93,1431.53,247,-566,-588,1551,260,-70,279.7717797,-508.2752153,-975.5119985,1665.502642,313.9827336,-81.78642018,-134.3395381,-14.55062151,-0.969977331,0.871636488,,,,,,,,,
1767170350,481120850,709_1767170350-481120850.png,-359314,378228,44650,-50600,-3.440123315,3.62120864,299.59,1409.55,279,-507,-789,1573,266,-72,278.7812026,-509.7070045,-942.723023,1651.371461,306.8010802,-80.30037929,-131.5406559,-9.55139184,-0.96494116,0.868595674,,,,,,,,,
1767170350,514468994,710_1767170350-514468994.png,-357523,376355,41350,-46600,-3.422976026,3.603276271,308.17,1385.41,349,-417,-833,1572,271,-81,287.1301358,-498.6179239,-925.4700755,1639.791462,301.4283225,-80.15583699,-130.379477,0.401787996,-0.95975259,0.873046166,,,,,,,,,
1767170350,581166260,711_1767170350-581166260.png,-355813,374408,46450,-50850,-3.406604243,3.584635417,325.16,1322.21,195,-353,-799,1550,296,-60,293.1704444,-468.6352869,-906.7311318,1630.508364,291.5637614,-79.93144059,-111.7810027,19.10236597,-0.95441242,0.879819635,,,,,,,,,
1767170350,614515625,712_1767170350-614515625.png,-354148,372544,45750,-49350,-3.390663297,3.566789216,333.53,1305.02,108,-391,-827,1517,326,-50,263.3405609,-450.1891849,-888.6663771,1610.601457,296.00904,-74.78563947,-115.2929179,19.02728224,-0.948921581,0.876095265,,,,,,,,,
1767170350,647863770,713_1767170350-647863770.png,-352535,370771,48550,-53150,-3.375220205,3.549814262,341.6,1291.64,217,-500,-775,1476,309,-56,253.5739307,-454.4839076,-873.4698782,1592.04166,298.3751455,-71.87382247,-102.4123455,30.4344213,-0.943280939,0.873350056,,,,,,,,,
1767170350,681212891,714_1767170350-681212891.png,-350303,368305,49600,-56850,-3.35385072,3.526204427,354.49,1267.53,212,-455,-769,1454,296,-60,253.6154481,-458.1153419,-844.9307116,1567.335641,295.5559545,-70.10520931,-98.20759329,34.69513655,-0.93895257,0.881299846,,,,,,,,,
1767170350,714561035,715_1767170350-714561035.png,-348748,366651,43400,-45550,-3.338962929,3.510368796,359.98,1250.31,193,-578,-863,1416,340,-71,244.7040401,-468.7089176,-840.31598,1544.310228,299.6148569,-69.35440311,-112.0736839,28.21844816,-0.933051804,0.873317511,,,,,,,,,
1767170350,781258301,716_1767170350-781258301.png,-345740,363383,58700,-63600,-3.310163909,3.479080499,371.75,1229.25,313,-522,-728,1394,286,-63,251.9864961,-482.2206544,-825.077564,1515.61511,294.4415409,-69.20191545,-84.66775748,50.74958611,-0.923924685,0.882208507,,,,,,,,,
1767170350,814607422,717_1767170350-814607422.png,-343926,361288,55400,-61300,-3.292796415,3.459022672,377.69,1219.37,348,-366,-849,1419,244,-54,269.0253442,-462.1358046,-838.6919713,1499.699146,290.4087506,-67.5785607,-80.25903109,54.59031963,-0.919237787,0.870352687,,,,,,,,,
1767170350,914653076,718_1767170350-914653076.png,-337012,353680,56750,-61550,-3.226600797,3.386182598,403.41,1170.83,4,-269,-785,1262,378,-6,299.1369787,-468.4247704,-823.0102155,1434.200066,273.2286514,-57.37798878,-67.0072009,75.73785353,-0.899677934,0.860808579,,,,,,,,,
1767170350,981350342,719_1767170350-981350342.png,-334813,351340,60050,-64800,-3.205547258,3.363779105,409.86,1161.63,36,-384,-848,1228,378,-11,244.3354148,-442.4897193,-822.9479958,1395.96767,294.0324739,-47.77023446,-43.43009323,85.4432857,-0.892872426,0.878927784,,,,,,,,,
1767170351,14699463,720_1767170351-14699463.png,-332550,348752,60650,-65950,-3.183880974,3.339001225,416.2,1151.68,47,-334,-858,1247,363,0,215.1750101,-427.9954073,-827.7997803,1373.661225,304.5298379,-41.08594111,-44.55984154,85.18063593,-0.88592597,0.863342489,,,,,,,,,
1767170351,48047607,721_1767170351-48047607.png,-329927,345901,62550,-67100,-3.158767999,3.311705346,422.53,1135.41,311,-449,-790,1279,241,-21,221.9475189,-427.9128847,-824.1370065,1358.940084,298.5853901,-37.57253876,-33.90623116,98.31183505,-0.878839564,0.863342489,,,,,,,,,
1767170351,81396729,722_1767170351-81396729.png,-327452,343096,61250,-67500,-3.135071998,3.284849877,433.92,1106.31,145,-373,-629,1154,256,-26,227.6722655,-406.8504804,-785.527093,1327.855915,288.3448299,-34.58825139,-29.50984323,106.6656168,-0.871614342,0.863342489,,,,,,,,,
1767170351,148094238,723_1767170351-148094238.png,-324569,340102,57750,-64250,-3.107469746,3.256184896,443.74,1076.33,222,-355,-632,1142,232,-33,219.5338772,-394.0045552,-750.0595079,1289.890103,276.9149386,-32.88657737,-38.83252347,101.9319026,-0.862389485,0.863342489,,,,,,,,,
1767170351,181443115,724_1767170351-181443115.png,-321451,336817,66050,-68050,-3.07761757,3.224733839,448.37,1060.61,249,-310,-581,1126,152,-19,223.2930416,-379.9400407,-717.6125309,1254.934154,257.3709255,-31.2485413,-61.80355301,101.0344801,-0.852951774,0.863342489,,,,,,,,,
1767170351,214792969,725_1767170351-214792969.png,-319082,334046,54800,-63900,-3.054936428,3.198203891,450.44,1038.57,206,-421,-618,1072,155,-34,221.9434993,-382.9001654,-702.0301594,1229.662666,242.3177289,-31.23949278,-70.44690365,112.5178492,-0.845249979,0.863342489,,,,,,,,,
1767170351,281491699,726_1767170351-281491699.png,-315848,330814,68700,-68450,-3.023973652,3.167260263,454.48,1008.58,43,-291,-679,1048,223,-27,193.5193723,-369.2758808,-672.4095086,1186.931119,228.4235604,-31.08996161,-38.64212155,122.7861228,-0.835435165,0.863342489,,,,,,,,,
1767170351,314840576,727_1767170351-314840576.png,-312224,327124,68200,-68300,-2.989276961,3.131931679,460.22,981.32,25,-240,-750,1059,210,-11,156.3199437,-337.3901891,-680.9105223,1158.671845,224.2955332,-27.85687713,-47.66075617,128.7398043,-0.825414223,0.863342489,,,,,,,,,
1767170351,381539307,728_1767170351-381539307.png,-309638,324536,68150,-67750,-2.964518229,3.107153799,462.57,965.69,89,-320,-668,1015,227,5,137.8485804,-327.557069,-684.886512,1133.652812,223.4767816,-22.60869354,-81.02966529,115.6081753,-0.817250635,0.863342489,,,,,,,,,
1767170351,414889160,729_1767170351-414889160.png,-306906,321875,68600,-68800,-2.938361673,3.081677007,464.86,956.33,148,-233,-643,1064,190,-8,138.0350062,-313.5280436,-678.3121979,1120.313495,218.6747044,-19.73859876,-83.85309446,117.1290507,-0.808958084,0.835211623,,,,,,,,,
1767170351,448238037,730_1767170351-448238037.png,-303698,318668,68100,-68250,-2.907647825,3.050972733,468.28,938.02,2,-172,-544,953,198,15,104.7084903,-287.8966933,-670.7244695,1093.405906,223.3553368,-12.97804161,-81.97518092,125.7831674,-0.798412832,0.835211623,,,,,,,,,
1767170351,481588135,731_1767170351-481588135.png,-301306,316275,68200,-67750,-2.884746477,3.028061811,469.79,927.96,132,-177,-380,894,200,21,99.76001535,-265.4778442,-626.0761539,1058.516353,218.5583053,-6.709728332,-86.32215008,122.0112128,-0.791991018,0.835211623,,,,,,,,,
1767170351,548286865,732_1767170351-548286865.png,-298095,313056,68550,-68800,-2.854003906,2.997242647,470.46,913.88,63,-163,-446,932,130,-14,95.24093143,-248.1400248,-593.2020882,1035.642397,205.1141955,-7.039493282,-88.06895125,128.2262545,-0.781131846,0.835211623,,,,,,,,,
1767170351,581635742,733_1767170351-581635742.png,-295165,310130,68150,-68300,-2.82595167,2.969228707,473.29,889.46,7,-223,-480,865,183,-6,83.3479131,-229.5574535,-553.8388506,1004.641822,195.781051,-6.42124892,-98.91718459,132.233777,-0.772305597,0.835211623,,,,,,,,,
1767170351,614985840,734_1767170351-614985840.png,-291951,306910,68100,-68300,-2.795180377,2.938399969,474.76,880.53,116,-280,-335,833,132,-2,82.22374086,-236.4275805,-516.130055,968.7507225,185.4660235,-5.742128212,-93.12836903,146.0427358,-0.761101479,0.835211623,,,,,,,,,
1767170351,648334717,735_1767170351-648334717.png,-290724,305618,68600,-68750,-2.783432904,2.926030178,475.44,870.28,97,-293,-350,820,146,6,84.384648,-244.7008345,-491.8348922,946.997145,179.6944401,-4.024937924,-134.348175,153.3563786,-0.754288647,0.835211623,,,,,,,,,
1767170351,715033691,736_1767170351-715033691.png,-286021,300988,68500,-68900,-2.738405714,2.8817019,476.23,839.52,-5,-223,-570,817,212,14,60.65216023,-242.1888929,-514.0240583,912.7541524,189.2015109,0.861568364,-159.1188663,168.304776,-0.742785389,0.835211623,,,,,,,,,
1767170351,748383545,737_1767170351-748383545.png,-283358,298323,68200,-67950,-2.712909773,2.856186811,476.32,829.87,100,-217,-513,808,167,19,66.40646023,-238.5052232,-513.8742982,897.4347137,185.9547213,3.514165755,-180.7894222,173.5659389,-0.733450676,0.835211623,,,,,,,,,
1767170351,781732666,738_1767170351-781732666.png,-280483,295445,68100,-67800,-2.685384115,2.82863243,474.98,811.93,213,-216,-393,779,110,0,89.75658947,-230.223565,-498.2277443,882.3514502,173.8203188,4.182068014,-225.9688995,202.9424493,-0.724000116,0.79458196,,,,,,,,,
1767170351,815082520,739_1767170351-815082520.png,-278098,293073,68550,-68850,-2.662549786,2.805922564,473.43,797.23,201,-174,-369,782,90,-1,115.8769789,-222.0542927,-471.8567573,859.6077949,157.1795641,3.128520108,-231.8824634,210.3061001,-0.71443524,0.774406416,,,,,,,,,
1767170351,881781494,740_1767170351-881781494.png,-275360,290329,68200,-68300,-2.636335784,2.779651118,471.45,784.5,153,-165,-307,749,97,-4,123.568036,-212.4335403,-445.0144165,841.369905,146.5935179,1.976318119,-245.0596784,220.9437742,-0.704757512,0.7788781,,,,,,,,,
1767170351,915130615,741_1767170351-915130615.png,-271614,286576,68150,-68250,-2.600471048,2.743719363,465.69,768.38,16,-237,-493,746,163,-19,97.53039511,-206.3528361,-436.8527717,818.4576891,145.4723025,-0.317986171,-247.646404,212.7908845,-0.692504109,0.786711058,,,,,,,,,
1767170351,948480469,742_1767170351-948480469.png,-269090,284053,68500,-68950,-2.576305913,2.719563802,462.32,759.44,94,-180,-375,737,136,-17,92.74825278,-204.1024767,-430.7450567,802.7540209,145.0041436,-3.735078712,-290.6689238,252.3367987,-0.682578174,0.788706566,,,,,,,,,
1767170352,15179688,743_1767170352-15179688.png,-265876,280853,68500,-68800,-2.54553462,2.688926547,455.58,736.82,140,-191,-285,634,110,15,104.4645015,-211.2476375,-420.4753353,775.8349543,147.6631414,-2.623275436,-281.7858824,247.1634722,-0.670019372,0.788706566,,,,,,,,,
1767170352,48528564,744_1767170352-48528564.png,-263492,278454,68100,-68300,-2.522709865,2.66595818,452.24,727.58,105,-130,-264,607,95,25,107.4379926,-202.2277838,-395.1623801,748.8799295,139.7967722,1.327355074,-288.6272334,250.8978848,-0.659853088,0.788706566,,,,,,,,,
1767170352,81878662,745_1767170352-81878662.png,-260898,275796,68600,-67650,-2.49787454,2.64051011,452.24,717.27,104,-176,-442,597,124,15,106.8076531,-194.6130671,-395.1492929,719.2452588,135.142757,4.565472882,-329.7261225,290.7709291,-0.649582674,0.788706566,,,,,,,,,
1767170352,115227783,746_1767170352-115227783.png,-258025,272983,68550,-68900,-2.47036803,2.613578048,452.24,706.67,152,-251,-316,575,92,5,113.4166645,-202.8591952,-383.5743557,698.1505685,128.8334814,4.629018922,-310.5347527,275.0046349,-0.641812435,0.788706566,,,,,,,,,
1767170352,148577637,747_1767170352-148577637.png,-256597,271566,68100,-67600,-2.456696155,2.600011489,444.69,682.57,4,-125,-308,555,132,31,100.6003178,-209.8071704,-377.7400377,671.5698171,131.3643653,6.635943925,-320.2570692,286.5243995,-0.631363523,0.788706566,,,,,,,,,
1767170352,215275391,748_1767170352-215275391.png,-252836,267802,68450,-68800,-2.420687806,2.563974418,440.91,674.82,21,-127,-250,544,107,40,79.1604899,-189.0946384,-351.9848192,641.0891781,127.8657534,13.98660279,-345.7522228,298.1441803,-0.620814941,0.788706566,,,,,,,,,
1767170352,248623779,749_1767170352-248623779.png,-250245,265210,68150,-68300,-2.395881204,2.539158241,437.62,665.83,93,-146,-328,580,80,20,81.18440515,-182.7923997,-348.4772354,632.1553851,120.8657782,14.86601299,-366.5410984,323.6001449,-0.610168489,0.788706566,,,,,,,,,
1767170352,281973145,750_1767170352-281973145.png,-247315,262282,68250,-67700,-2.367828968,2.511125153,434.58,657.91,44,-135,-277,536,112,21,75.74648979,-175.8031519,-338.0242739,618.0934458,119.5692306,15.76305846,-374.6214906,331.7948751,-0.599425497,0.788706566,,,,,,,,,
1767170352,315321533,751_1767170352-315321533.png,-244448,259342,68100,-67750,-2.340379902,2.482977175,429.23,638.22,15,-159,-373,471,154,19,54.03438316,-162.7577175,-352.7500042,584.5844694,127.0304809,17.8891351,-404.4614055,351.1891179,-0.585863815,0.788706566,,,,,,,,,
1767170352,382019287,752_1767170352-382019287.png,-240611,255512,68500,-68850,-2.303643919,2.446308211,425.11,619.64,-133,-129,-136,488,75,7,22.60480417,-172.3703512,-302.0430754,555.2824917,124.5785832,17.58340553,-423.6901803,374.1061347,-0.572157656,0.727266176,,,,,,,,,
1767170352,415368652,753_1767170352-415368652.png,-238027,252922,68000,-68200,-2.278904335,2.421511183,423.61,612.39,-118,-80,-120,432,68,13,-6.099087425,-156.5927094,-266.7330218,533.7330658,113.7103665,16.35937271,-421.0011104,365.697473,-0.561090891,0.714968225,,,,,,,,,
1767170352,482066162,754_1767170352-482066162.png,-234536,249437,68150,-68200,-2.245481005,2.388145297,420.63,593.02,39,-78,-275,398,86,12,-11.00925553,-121.4933402,-254.6466006,512.5470967,107.7962457,14.94464021,-436.1202041,382.5060556,-0.547132997,0.696170594,,,,,,,,,
1767170352,515414551,755_1767170352-515414551.png,-231125,246099,68100,-67750,-2.212823606,2.356186811,418.86,582.31,42,-21,-256,382,72,16,0.607044803,-103.4363543,-256.4171967,484.6047918,100.8771786,14.87145062,-485.4004659,458.9630754,-0.533040148,0.712982572,,,,,,,,,
1767170352,548763916,756_1767170352-548763916.png,-228749,243712,68500,-68850,-2.190075444,2.333333333,412.3,568.46,-4,-153,-82,269,96,43,-8.690516544,-100.9499671,-238.1769655,455.8461084,102.5847379,19.30745944,-494.58002,463.1138875,-0.52167098,0.687888354,,,,,,,,,
1767170352,582112305,757_1767170352-582112305.png,-225670,240497,68100,-68200,-2.160596661,2.302552466,408.84,561.38,167,-349,3,253,14,15,7.71698847,-129.0239623,-199.4730192,417.2971301,93.85594018,21.47784176,-455.1236397,412.7137887,-0.51021942,0.702919,,,,,,,,,
1767170352,648810059,758_1767170352-648810059.png,-223068,238032,68200,-67700,-2.135684743,2.278952206,405.26,550.75,214,-391,32,268,-5,-6,46.2182331,-178.8454505,-155.0281449,386.8672551,75.22082713,17.12049693,-496.7675639,469.0506608,-0.498687334,0.690227192,,,,,,,,,
1767170352,682159424,759_1767170352-682159424.png,-219732,234629,68150,-67750,-2.103745404,2.2463714,398.21,535.34,112,-278,-69,305,57,-21,63.71425825,-189.7019523,-133.8048877,374.9534019,66.75907671,11.65932712,-474.0954498,434.8445756,-0.484161654,0.668383452,,,,,,,,,
1767170352,748857178,760_1767170352-748857178.png,-216316,231069,68400,-68850,-2.071040135,2.212287454,395.31,529.01,144,-251,-64,246,52,8,77.98180882,-203.2862403,-120.2057581,352.4349038,64.09006584,9.415372083,-491.1279139,468.7957487,-0.469516499,0.654800126,,,,,,,,,
1767170352,782205566,761_1767170352-782205566.png,-212220,227184,68450,-68850,-2.031824449,2.175091912,389.36,515.98,-30,-115,-131,250,86,15,65.56371222,-191.8376224,-111.8950805,325.5390965,66.908404,10.80449271,-497.0537513,476.5477142,-0.454755529,0.657075485,,,,,,,,,
1767170352,848903320,762_1767170352-848903320.png,-208946,223900,68450,-68800,-2.000478707,2.143650429,383.91,501.43,44,-196,4,181,34,29,63.20384675,-193.8996361,-99.1784441,300.4080951,64.21780308,12.49555379,-494.41962,459.154367,-0.439882307,0.661803056,,,,,,,,,
1767170352,882252930,763_1767170352-882252930.png,-206617,221521,68150,-67750,-1.97818053,2.120873545,381.29,495.61,-3,1,-198,258,47,30,53.80642492,-170.910459,-102.6912158,285.8465704,59.76220774,15.89155672,-490.3794889,466.4119835,-0.427905439,0.642252422,,,,,,,,,
1767170352,915601318,764_1767170352-915601318.png,-203141,218111,68350,-67600,-1.944900812,2.08822572,376.31,483.71,-82,-32,-66,191,48,19,30.85786306,-137.3773359,-105.4637523,273.8393682,58.53442708,18.20890244,-511.8305826,478.3614736,-0.412839504,0.631496664,,,,,,,,,
1767170352,948950684,765_1767170352-948950684.png,-200754,215708,68400,-68850,-1.922047335,2.065219056,373.97,475.64,6,-121,-60,182,15,4,16.41267736,-124.5080176,-97.08464771,256.5759148,53.4560457,17.00843009,-489.6121666,458.931695,-0.400713266,0.632798107,,,,,,,,,
1767170353,15648438,766_1767170353-15648438.png,-197537,212436,68200,-68400,-1.891247319,2.033892463,371.37,471.8,-81,-6,-35,115,64,42,1.62205505,-106.9936413,-86.06492445,231.9696172,52.98590734,19.98261306,-478.0593423,445.2737634,-0.388523744,0.630595323,,,,,,,,,
1767170353,48996826,767_1767170353-48996826.png,-194679,209638,68200,-67750,-1.867819393,2.010426241,367.34,460.38,-308,63,-249,102,219,69,-43.8094347,-81.29986534,-116.4898351,211.7757561,83.23447403,28.17024804,-482.3419566,448.8406706,-0.376272837,0.631241321,,,,,,,,,
1767170353,82346191,768_1767170353-82346191.png,-192284,207186,68650,-68850,-1.84095435,1.983628217,365.26,456.02,-56,-15,0,180,6,25,-73.46124258,-59.70639129,-120.2661615,197.0375288,90.91533219,32.29540473,-517.4189631,484.0781541,-0.363962542,0.616805436,,,,,,,,,
1767170353,149043945,769_1767170353-149043945.png,-187988,202961,68450,-68900,-1.799823836,1.943177466,361.96,442.7,30,23,32,159,-22,12,-50.5014014,-32.79077734,-70.49353376,187.4628561,56.13654889,27.46633347,-501.4780631,463.9928257,-0.34849407,0.598056593,,,,,,,,,
1767170353,182392578,770_1767170353-182392578.png,-185185,200148,68200,-68300,-1.772987515,1.916245404,360.61,437.95,109,-112,-84,145,-3,-4,-27.17562497,-44.37447881,-72.46874407,181.2530104,47.48831191,22.86463936,-511.1554416,469.7477646,-0.332939578,0.598054546,,,,,,,,,
1767170353,215742188,771_1767170353-215742188.png,-182456,197348,68100,-67700,-1.746859681,1.889437806,359.16,433.59,194,-76,-82,121,-40,-15,5.169502622,-48.99945283,-73.86261235,172.4415001,34.69386129,17.3272453,-493.3346149,448.8274879,-0.320436669,0.565753152,,,,,,,,,
1767170353,282440430,772_1767170353-282440430.png,-179795,194772,68500,-68800,-1.721382889,1.864774816,356.3,423.96,66,108,-127,113,-57,14,26.03413741,-33.33758547,-65.05738333,156.5201718,14.1530067,15.01922053,-514.5266659,470.4752457,-0.30788316,0.583363849,,,,,,,,,
1767170353,315788818,773_1767170353-315788818.png,-176929,191892,68150,-68250,-1.693943398,1.837201287,354.8,416.6,-37,72,65,100,-67,25,21.73214357,-9.550304399,-54.5447927,146.3340567,-1.163555676,16.12378705,-524.389933,477.0318897,-0.295281015,0.585696069,,,,,,,,,
1767170353,382487061,774_1767170353-382487061.png,-173027,187863,68150,-68250,-1.656585095,1.798627068,351.07,408.82,-98,-32,-107,118,37,23,-6.721098986,-6.757635922,-53.78383156,137.9735359,-0.469442156,18.80794023,-475.9329711,423.4928896,-0.276291012,0.586727512,,,,,,,,,
1767170353,415836670,775_1767170353-415836670.png,-169892,184852,68050,-67700,-1.626570159,1.769799326,346.9,400.32,19,-8,-20,86,-33,43,-12.56090163,-1.529603836,-61.35924408,130.8861075,2.383044158,22.67159371,-504.042482,448.8965535,-0.260390725,0.579955854,,,,,,,,,
1767170353,449185303,776_1767170353-449185303.png,-167165,182055,68500,-68750,-1.600461474,1.74302045,344.83,393.8,91,-82,126,33,-64,31,0.222226846,-9.511667556,-39.93324142,117.1766431,-7.448371635,25.62203954,-506.8772755,449.9477258,-0.247624047,0.550789582,,,,,,,,,
1767170353,482534912,777_1767170353-482534912.png,-164706,179605,68200,-68250,-1.576918658,1.719563802,342.59,389.1,37,-87,0,80,1,7,9.494204352,-22.63291626,-26.22771954,108.2137564,-9.498558599,23.69991911,-493.2661689,436.363445,-0.23481827,0.565442941,,,,,,,,,
1767170353,549233154,778_1767170353-549233154.png,-161361,176335,68000,-67700,-1.544893153,1.688256357,340.09,384.75,-42,1,43,107,1,20,2.694556054,-20.8873313,-15.40673755,107.2864823,-7.684234164,22.71504085,-484.5689836,425.3417549,-0.221975409,0.535392107,,,,,,,,,
1767170353,582581787,779_1767170353-582581787.png,-157811,172700,67950,-67700,-1.510904948,1.65345435,334.77,375.71,34,-9,-19,91,-27,13,2.691216889,-23.15833849,-1.023676048,100.7487285,-8.550749566,20.08132259,-501.7391514,437.3242016,-0.205872772,0.544611394,,,,,,,,,
1767170353,615931396,780_1767170353-615931396.png,-155156,170053,68650,-68950,-1.4854856,1.628111596,329.68,364.34,-58,-53,-48,17,-40,43,10.90582487,-14.57156041,-8.150132618,93.07667437,-9.876695666,18.51614671,-502.6650229,438.2683365,-0.192953894,0.503988021,,,,,,,,,
1767170353,682629639,781_1767170353-682629639.png,-153435,168271,68000,-67550,-1.469008502,1.611050475,327.06,359.43,-133,-139,-155,41,-21,60,-5.598584353,-26.4831042,-21.59429891,81.40019777,-13.91809338,23.78919915,-480.5963244,414.4424341,-0.180004539,0.495190886,,,,,,,,,
1767170353,715978271,782_1767170353-715978271.png,-149273,164241,68100,-67650,-1.429160922,1.572466682,324.16,354.18,5,-56,-263,47,-38,50,-13.89271823,-39.49369772,-67.20594093,73.24779556,-17.98708227,30.42026142,-482.3413722,413.3509974,-0.163778115,0.520852026,,,,,,,,,
1767170353,749327881,783_1767170353-749327881.png,-146006,160973,68100,-67650,-1.3978822,1.541178385,317.86,346.36,130,90,-97,90,-55,7,13.48053061,-9.087475059,-83.57468173,76.46005725,-22.53566494,27.18069187,-452.0630523,376.9090219,-0.147511294,0.496366849,,,,,,,,,
1767170353,816026123,784_1767170353-816026123.png,-143132,158098,68450,-68850,-1.370366115,1.513652727,314.52,340.97,46,-14,-52,107,-45,19,24.33279402,-4.62141547,-79.65958497,81.63471409,-27.51949628,24.92843403,-515.319834,443.9358687,-0.134471426,0.476194163,,,,,,,,,
1767170353,849374756,785_1767170353-849374756.png,-139517,154338,68150,-68150,-1.335755591,1.477653952,307.55,334.54,76,-31,-140,91,-38,5,35.48191839,-4.798021058,-99.53058562,86.12206544,-29.32996937,20.3412209,-451.3963209,376.2752521,-0.118141979,0.485876285,,,,,,,,,
1767170353,916072998,786_1767170353-916072998.png,-136515,151477,68250,-68400,-1.307014017,1.450262331,303.94,331.96,-109,52,-212,52,37,37,16.47261439,2.137279753,-118.0957677,81.38721658,-20.08338864,21.97474453,-458.8287492,383.3116295,-0.105057236,0.453792438,,,,,,,,,
1767170353,949422607,787_1767170353-949422607.png,-133856,148752,68150,-67650,-1.281556373,1.424172794,296.64,323.8,6,-15,56,72,-27,24,-9.081657539,3.951051597,-106.4522777,73.48295676,-13.35729095,25.67159443,-423.9077268,350.6222644,-0.088678221,0.441684161,,,,,,,,,
1767170353,982771240,788_1767170353-982771240.png,-129954,144922,68400,-68850,-1.24419807,1.38750383,293.21,320.66,148,-39,-11,122,-71,-6,15.0555851,-3.794504135,-79.94075157,80.46359229,-22.84121493,20.91072133,-482.3478661,403.6230688,-0.072277326,0.458460554,,,,,,,,,
1767170354,49469482,789_1767170354-49469482.png,-127098,142051,68100,-68200,-1.21685432,1.360016468,288.29,314.37,141,-72,130,101,-101,-7,42.671927,-6.492585978,-44.29436331,87.42425304,-36.16426796,16.05505295,-485.5048233,401.8640461,-0.059143569,0.449280355,,,,,,,,,
1767170354,82819092,790_1767170354-82819092.png,-124835,139728,68150,-67750,-1.195188036,1.337775735,288.29,309.91,58,-132,-76,65,3,17,52.511175,-29.90866579,-35.46362521,85.19386412,-35.44656034,14.41181909,-467.8551765,382.4858518,-0.046000478,0.432942948,,,,,,,,,
1767170354,116167725,791_1767170354-116167725.png,-121290,136258,68150,-67600,-1.161247702,1.304553462,281.34,302.14,-178,8,-10,6,87,54,28.26091207,-39.51005877,-33.04674711,71.50785557,-18.25308538,19.97810285,-465.8451765,371.5621717,-0.029561639,0.441243418,,,,,,,,,
1767170354,149517334,792_1767170354-149517334.png,-119449,134418,68150,-68250,-1.145526961,1.288823146,277.76,299.61,-135,74,-26,55,33,36,-8.803428325,-24.10302353,-29.91855144,62.93503348,-2.240808404,25.10456123,-468.7182842,378.2155361,-0.016405121,0.422837147,,,,,,,,,
1767170354,216214111,793_1767170354-216214111.png,-115079,130045,68150,-68200,-1.101782705,1.245069317,271.06,294.1,-78,-6,14,96,-21,20,-35.59511704,-9.53611819,-21.77792861,65.42556738,1.228609668,26.4772158,-428.8629171,335.5748539,-0.003246014,0.422837147,,,,,,,,,
1767170354,249562012,794_1767170354-249562012.png,-112342,127250,68200,-67750,-1.075578278,1.218309589,268.01,290.12,-88,-35,49,98,-33,8,-42.70152188,-11.64359785,-13.37806855,70.07783573,-3.10818754,24.44393122,-431.3276218,337.2951884,0.013203348,0.422837147,,,,,,,,,
1767170354,282910889,795_1767170354-282910889.png,-109749,124711,68500,-68900,-1.050752528,1.194000843,265.03,287.01,-31,22,-66,123,-48,11,-43.36038666,-7.945555319,-17.80983723,79.27821924,-11.23725408,21.61748324,-460.3319632,367.1932728,0.026360686,0.422837147,,,,,,,,,
1767170354,349607666,796_1767170354-349607666.png,-106886,121714,68050,-68300,-1.023341759,1.165307138,262.14,285.39,36,-24,72,46,-16,16,-31.75457869,-10.29338665,-4.675882507,74.41155165,-11.93376675,20.79597222,-449.6624427,355.6636212,0.039513862,0.422837147,,,,,,,,,
1767170354,382955566,797_1767170354-382955566.png,-104018,118992,68150,-67650,-0.995883119,1.139246324,257.54,279.45,-191,22,-167,16,138,58,-43.7440309,-7.587626597,-34.02474692,65.4214275,9.326361761,25.43776523,-447.1120182,351.5186839,0.052660798,0.422837147,,,,,,,,,
1767170354,416304443,798_1767170354-416304443.png,-101283,116117,68500,-68900,-0.96969784,1.111720665,255.7,274.49,-165,25,-77,7,85,45,-72.85494313,-0.535767057,-50.58429761,53.05906171,30.3354056,30.81461057,-444.4610677,348.668941,0.06579942,0.422837147,,,,,,,,,
1767170354,449652100,799_1767170354-449652100.png,-98075,113042,68450,-68750,-0.938983992,1.082280178,253.96,266.65,-71,91,-256,62,11,4,-62.61609246,-10.0793475,-37.05885586,50.35350968,19.05929929,25.89722311,-440.7676472,342.4699478,0.082207838,0.422837147,,,,,,,,,
1767170354,516348877,800_1767170354-516348877.png,-95413,110304,68150,-68250,-0.913497626,1.056066176,253.96,262.48,-95,122,-138,65,-13,23,-67.34150154,16.19612435,-71.97444025,53.31305828,14.40644343,23.26042611,-401.0349503,306.3717239,0.095320161,0.422837147,,,,,,,,,
1767170354,549697754,801_1767170354-549697754.png,-92618,107518,68200,-67800,-0.886737898,1.029392616,252.01,259.69,-174,40,-96,28,35,51,-83.67445156,22.48895282,-77.24259142,49.92180734,16.68976478,27.31019134,-406.6723275,309.1710289,0.108417438,0.422837147,,,,,,,,,
1767170354,583045654,802_1767170354-583045654.png,-89882,104788,68500,-68850,-0.860543045,1.003255208,247.63,255.41,-55,57,-241,82,57,34,-80.13593041,14.42574216,-104.2673699,54.4736206,23.23097024,28.18292124,-373.9083276,297.8174801,0.121497587,0.35739162,,,,,,,,,
1767170354,616394531,803_1767170354-616394531.png,-86613,101579,68100,-68250,-0.829245175,0.972531786,245.43,252.96,-102,52,-244,92,52,36,-80.1020239,23.34745291,-135.1849369,61.81417874,30.18462338,29.72072397,-431.4222383,324.7400134,0.134558553,0.32907501,,,,,,,,,
1767170354,683091309,804_1767170354-683091309.png,-84703,99531,68100,-67800,-0.810958563,0.952923943,243.3,251.46,-129,78,-75,77,33,39,-87.83488542,32.1013741,-129.2751094,64.83716012,31.17608628,31.24461213,-423.4890634,327.5724182,0.150854627,0.304424579,,,,,,,,,
1767170354,716439209,805_1767170354-716439209.png,-80399,95365,68150,-67750,-0.769751455,0.913038067,239.29,248.23,-37,-71,-48,34,1,24,-83.1681277,16.13699757,-128.2173385,62.84491198,27.8647914,29.40547479,-420.4260083,303.05586,0.167113492,0.316703565,,,,,,,,,
1767170354,783135742,806_1767170354-783135742.png,-77527,92500,68550,-68800,-0.742254519,0.88560815,237.49,247.07,-50,-47,93,1,-26,29,-78.31756009,6.903727663,-95.86611067,53.80059903,19.98750586,29.34617742,-443.6172469,327.9908237,0.180091076,0.303932303,,,,,,,,,
1767170354,816484619,807_1767170354-816484619.png,-75005,89897,68100,-68200,-0.718108532,0.860686657,234.94,244.14,22,-111,55,25,-16,30,-57.01371343,-13.33029527,-90.62235366,50.5236571,13.0598211,31.86789533,-434.6378356,322.6355195,0.19304023,0.295015708,,,,,,,,,
1767170354,849832520,808_1767170354-849832520.png,-72000,86970,68100,-67650,-0.689338235,0.832663143,233.97,242,6,-170,68,-13,21,36,-39.7834888,-46.14936753,-52.65350714,38.64477559,11.27324057,32.28270651,-416.7230418,317.9715874,0.205958892,0.277919054,,,,,,,,,
1767170354,883181396,809_1767170354-883181396.png,-69404,84306,68500,-68850,-0.664483762,0.807157629,233.12,240.08,-72,-7,18,15,8,45,-44.49489027,-40.42409248,-42.32100913,35.1869204,10.79455588,34.14250675,-430.3678844,314.5561373,0.218845046,0.291919433,,,,,,,,,
1767170354,949878174,810_1767170354-949878174.png,-65856,80823,68000,-68250,-0.630514706,0.773810892,233.12,236.46,-15,-27,20,44,-77,45,-46.72571371,-40.83634106,-34.10187469,33.1171521,-3.476126622,38.63581637,-416.6110865,320.6589832,0.234903874,0.28978257,,,,,,,,,
1767170354,983225830,811_1767170354-983225830.png,-63256,78224,68150,-67650,-0.605621936,0.748927696,232.16,235.13,-38,22,-4,61,-19,31,-44.60654808,-31.2793431,-28.26198047,37.48399914,-7.700241071,37.6882669,-410.5374474,308.3045568,0.247709401,0.223732582,,,,,,,,,
1767170355,16574707,812_1767170355-16574707.png,-60258,75157,68600,-68800,-0.576918658,0.719563802,229.85,232.5,-55,146,52,77,-36,38,-41.59097398,-3.62841019,-7.931894484,42.44758742,-16.20242423,35.96553293,-424.8885044,308.9433417,0.260475813,0.236030619,,,,,,,,,
1767170355,49922607,813_1767170355-49922607.png,-57322,72281,68550,-68900,-0.548808977,0.692028569,228.71,229.78,-54,138,149,96,-56,29,-44.4417852,28.64511954,19.64894789,52.94899613,-23.55221937,35.10408047,-386.4775163,318.5424531,0.276375751,0.220211861,,,,,,,,,
1767170355,116619385,814_1767170355-116619385.png,-53983,68947,68100,-68250,-0.516840916,0.660108379,226.09,225.3,-81,59,-89,93,35,24,-49.76782033,51.17709988,-5.078357448,66.52989201,-16.69229353,34.60200982,-310.3262977,256.1663556,0.289046788,0.191772831,,,,,,,,,
1767170355,149968262,815_1767170355-149968262.png,-52002,66834,68600,-67600,-0.49787454,0.639878217,224.76,223.42,-113,40,-32,90,30,28,-62.18313611,50.33607882,-17.52826163,72.64727528,-4.620370236,32.56107438,-275.2788386,305.8543053,0.304821157,0.18321297,,,,,,,,,
1767170355,183316162,816_1767170355-183316162.png,-48529,63489,68650,-68900,-0.464623545,0.607852711,223.57,220.85,57,126,-226,81,-3,5,-44.75357648,61.40130893,-48.01554963,73.86879301,-4.383404331,28.5304925,-380.1875645,288.6235917,0.317386684,0.187783938,,,,,,,,,
1767170355,250013184,817_1767170355-250013184.png,-45653,60548,68050,-68300,-0.437088312,0.579695159,221.72,215.4,103,48,56,68,-89,-6,-17.6115003,68.34985289,-39.03055548,73.25257957,-17.61595176,22.49765505,-371.0743134,301.6914568,0.329902076,0.156834137,,,,,,,,,
1767170355,283362305,818_1767170355-283362305.png,-42095,56924,68100,-68300,-0.403023514,0.544998468,220.96,213.91,33,-18,-156,96,0,-4,-0.89053697,54.14949415,-48.79353177,76.17334604,-20.55548651,16.42062432,-387.1525599,273.3596706,0.345472847,0.164474121,,,,,,,,,
1767170355,316710449,819_1767170355-316710449.png,-39162,53986,68150,-67700,-0.374942555,0.516869638,220.1,209.59,75,74,-42,143,-76,4,21.04256776,53.01175091,-56.09318648,81.89234644,-21.54337285,14.36617331,-385.2724385,271.4681051,0.357868264,0.155283469,,,,,,,,,
1767170355,350059326,820_1767170355-350059326.png,-36702,51538,68650,-68850,-0.351390165,0.493432138,220.1,209.59,52,50,45,146,-107,7,28.28571811,54.46677781,-45.78382681,92.72427008,-33.75999352,12.84623842,-352.8357974,280.9772305,0.370207188,0.127438731,,,,,,,,,
1767170355,416756592,821_1767170355-416756592.png,-34046,48932,68150,-68350,-0.325961244,0.468481924,219.2,207.91,23,-141,-2,85,-35,-7,28.7535088,25.6476473,-34.63078902,94.38216292,-37.77341373,9.6380001,-336.7009238,218.9444549,0.382487623,0.145353529,,,,,,,,,
1767170355,450104492,822_1767170355-450104492.png,-31457,46420,68100,-67600,-0.30117379,0.444431679,218.28,208.29,6,-138,-101,28,29,11,25.42599409,1.715516289,-44.33674372,84.6743141,-28.00834767,9.837181454,-338.3238208,218.8882854,0.391658418,0.171437792,,,,,,,,,
1767170355,483453613,823_1767170355-483453613.png,-28375,43147,68450,-68900,-0.271666284,0.413095512,216.53,205.83,55,-16,-223,85,12,4,34.16418614,-23.65811089,-60.19563219,74.63862201,-18.40104498,7.06944194,-364.5562949,211.9755669,0.406865368,0.17701357,,,,,,,,,
1767170355,516801514,824_1767170355-516801514.png,-25376,40275,68250,-68250,-0.242953431,0.385598575,215.56,205.62,31,-80,-73,60,13,20,34.79162572,-31.49696239,-70.58645154,73.03997342,-12.21824875,8.799830379,-388.3960169,239.5354521,0.418958815,0.094916931,,,,,,,,,
1767170355,583498779,825_1767170355-583498779.png,-22575,37536,68150,-67650,-0.216136259,0.359375,214.04,204.45,14,-6,-134,52,15,30,43.52550158,-29.49939247,-68.50989935,68.4120897,-11.48179987,11.33005168,-259.7247168,188.7405906,0.430986117,0.093683168,,,,,,,,,
1767170355,616847656,826_1767170355-616847656.png,-19298,34262,68500,-68900,-0.184761795,0.328029259,212.8,204.29,-112,88,-40,13,88,53,7.22861409,2.042432721,-66.33537977,55.09763019,8.029563046,19.51605967,-352.0887361,263.6724362,0.44592432,0.059981742,,,,,,,,,
1767170355,650195801,827_1767170355-650195801.png,-17732,32694,68150,-68250,-0.169768689,0.313017004,212.8,204.29,-112,88,-40,13,88,53,-6.937339337,12.25534096,-63.20638456,50.09586888,17.53112015,23.49439946,-334.0322449,273.3368876,0.457795827,0.046438822,,,,,,,,,
1767170355,683544678,828_1767170355-683544678.png,-14520,29412,68150,-67750,-0.139016544,0.281594669,210.51,204.47,59,9,88,89,-20,67,-27.98924104,24.86991543,-56.48692462,51.009864,26.34762047,33.27992301,-229.4589952,186.0372896,0.466652102,0.023479324,,,,,,,,,
1767170355,716892822,829_1767170355-716892822.png,-11860,26835,68450,-68850,-0.113549326,0.256922105,208.95,205.38,81,11,-35,130,-3,35,-11.60780165,22.24990093,-39.05520009,60.08785535,19.37982362,37.14620288,-236.5547783,188.4179025,0.478395877,0.044753594,,,,,,,,,
1767170355,783589844,830_1767170355-783589844.png,-8242,23129,68500,-68900,-0.07891008,0.221440334,205.97,204.65,-23,25,-169,149,40,12,-1.394738366,11.96550038,-60.23283354,78.75541728,21.75086261,31.24194069,-159.2060797,264.2842827,0.492969127,0.01807918,,,,,,,,,
1767170355,816938965,831_1767170355-816938965.png,-5586,20549,68150,-67650,-0.053481158,0.196739047,205.97,204.92,-88,123,-219,172,9,15,-5.373332436,16.19559062,-71.63300379,85.82872849,22.43754893,29.59385356,-174.4018666,286.6363087,0.504540329,-0.003144985,,,,,,,,,
1767170355,916983887,832_1767170355-916983887.png,1451,13445,68150,-67700,0.011919807,0.13068704,198.14,202.55,-60,-35,-116,99,11,22,-56.79463586,11.70923727,-154.094236,105.5711983,36.21267308,21.85510433,-140.1651092,151.177804,0.535944824,-0.023419015,,,,,,,,,
1767170355,950333008,833_1767170355-950333008.png,4255,10707,68450,-68800,0.040737975,0.10251034,195.84,200.77,-5,35,40,71,-55,44,-49.22009366,15.11532098,-125.7095402,100.515443,22.87356507,25.09361434,-228.4526314,247.9580128,0.547207898,-0.009364296,,,,,,,,,
1767170356,17030029,834_1767170356-17030029.png,7664,7304,68150,-68300,0.073376225,0.069929534,192.57,196.8,-40,180,-156,118,-32,47,-48.61172597,45.64460351,-128.8304169,102.0109535,7.220634732,31.16371337,-128.2483004,116.8603828,0.56116506,0.000428525,,,,,,,,,
1767170356,50378174,835_1767170356-50378174.png,10335,4628,68150,-67750,0.098948759,0.04430913,191.66,195.14,-5,110,-122,111,-9,31,-42.00501343,58.62650858,-128.5535478,103.7504322,3.806222886,31.56061618,-124.6094289,111.0365217,0.572231226,0.023053367,,,,,,,,,
1767170356,83727051,836_1767170356-83727051.png,13062,1759,68400,-68850,0.125057445,0.016840916,191.17,190.14,-38,176,-138,37,31,57,-28.13572973,77.49368975,-133.586606,102.8415892,-1.837598234,33.83161518,-160.5777917,290.0712461,0.583207045,0.00138558,,,,,,,,,
1767170356,150424072,837_1767170356-150424072.png,15520,-557,68300,-68200,0.148590686,-0.005332797,191.48,189.08,-119,76,18,1,29,63,-39.96437695,87.62951027,-116.0381585,83.84804618,5.264310644,39.72286394,-162.5426589,290.3040917,0.594090719,-0.016875418,,,,,,,,,
1767170356,183772217,838_1767170356-183772217.png,19206,-4314,68350,-68250,0.183880974,-0.041302849,193.05,187.23,-214,30,95,20,50,81,-68.30924562,77.24624054,-80.41161591,74.04260395,11.67665494,46.58401525,-202.6984351,203.1747217,0.607563251,-0.017310708,,,,,,,,,
1767170356,250469482,839_1767170356-250469482.png,23087,-8195,68150,-68250,0.22103822,-0.078460095,194.07,185.75,-92,78,2,99,18,50,-74.27840276,72.15816142,-64.56463538,83.16574332,10.19968266,47.73439903,26.96776667,108.135911,0.623532098,-0.055224594,,,,,,,,,
1767170356,283818604,840_1767170356-283818604.png,26233,-11267,68250,-67800,0.251158471,-0.10787186,198.32,185.48,72,-34,-95,71,-29,50,-50.2291148,56.27811515,-53.14537104,78.18546778,1.305150375,47.84176459,26.96776667,108.135911,0.634055246,-0.02201566,,,,,,,,,
1767170356,317166504,841_1767170356-317166504.png,28419,-13527,68100,-68250,0.272087546,-0.129509421,201,183.89,-105,-33,51,58,0,57,-48.37326512,43.16618233,-46.05272453,75.95810341,-0.502122155,48.79091496,-17.16021419,165.5063307,0.641881944,-0.074626139,,,,,,,,,
1767170356,350515625,842_1767170356-350515625.png,31704,-16739,68200,-68300,0.303538603,-0.160261566,203.83,183.18,-102,35,-2,92,72,40,-59.17857305,37.98676151,-34.53236003,77.36449193,10.12699283,47.934833,-87.90562901,262.8631368,0.654799473,-0.08137987,,,,,,,,,
1767170356,417212891,843_1767170356-417212891.png,34633,-19811,68150,-67900,0.331581265,-0.18967333,209.53,181.33,-44,196,49,116,26,15,-59.51018744,72.50628148,-46.18749055,87.06397027,22.45319283,41.50460921,-72.32449248,241.8356795,0.665017357,-0.058775206,,,,,,,,,
1767170356,450560791,844_1767170356-450560791.png,37025,-22126,68500,-68850,0.354482613,-0.211837469,212.27,180.56,-100,29,46,67,-1,30,-63.48331943,74.00620424,-30.09395913,86.2427393,19.85817874,38.70637525,23.17674252,42.61475086,0.675130178,-0.058775206,,,,,,,,,
1767170356,483909912,845_1767170356-483909912.png,39755,-24931,68150,-68250,0.380620021,-0.238692938,214.78,178.12,-181,-68,-198,88,24,25,-81.63959337,52.04293107,-52.6266713,85.98835431,19.90958642,36.47056058,23.84347391,35.3330617,0.68513634,-0.058775206,,,,,,,,,
1767170356,517258057,846_1767170356-517258057.png,42342,-27444,68200,-67700,0.405388327,-0.262752757,220.03,176.37,-72,-242,251,9,-57,55,-76.57315718,10.86235919,-40.39486704,75.09222086,13.70282869,34.57192123,35.42954713,59.11425781,0.695034378,-0.058775206,,,,,,,,,
1767170356,583955322,847_1767170356-583955322.png,45612,-30649,68450,-68800,0.436695772,-0.293437883,222.61,176.51,-96,-51,210,68,-12,50,-78.40253113,-22.96158414,19.86348734,67.32992928,3.246632408,38.54373678,42.42818111,141.2868118,0.704822627,-0.058775206,,,,,,,,,
1767170356,617304199,848_1767170356-617304199.png,48158,-33255,68150,-68300,0.461071538,-0.318388097,225.01,176.95,-120,-28,234,108,-29,37,-84.95346844,-24.44352376,56.23202297,73.29540167,-1.87434872,38.62242464,39.79346544,141.8500831,0.714499555,-0.058775206,,,,,,,,,
1767170356,650652344,849_1767170356-650652344.png,50813,-35911,68150,-67700,0.486490885,-0.343817019,229.53,177.69,56,-126,83,30,-59,32,-57.97837241,-37.11741457,75.84940116,68.42518245,-17.48579558,35.7034089,21.27213895,181.576972,0.728802994,-0.058775206,,,,,,,,,
1767170356,717349609,850_1767170356-717349609.png,55181,-40220,68100,-67500,0.528310738,-0.385071998,234.36,178.54,-105,30,34,48,15,38,-50.66029882,-28.63559164,57.70701857,67.58747952,-23.77365623,36.1002978,16.82353985,181.5040376,0.738195031,-0.058775206,,,,,,,,,
1767170356,750698486,851_1767170356-750698486.png,57366,-42476,68600,-68950,0.549230239,-0.406671262,236.99,178.65,-115,36,-9,39,23,53,-60.66394311,-18.13468482,50.9748168,63.65087807,-16.58265094,37.34786651,0.749254584,136.9639089,0.747470488,-0.058775206,,,,,,,,,
1767170356,784046631,852_1767170356-784046631.png,60018,-45131,68150,-68200,0.574620864,-0.43209061,238.93,179.56,-60,-20,-36,66,-2,44,-64.76530135,-14.2245771,33.62130878,62.08968662,-11.39157345,39.53010034,-4.403610796,138.2231376,0.756627901,-0.058775206,,,,,,,,,
1767170356,817395752,853_1767170356-817395752.png,62891,-47923,68100,-67650,0.602127374,-0.458821615,241.09,179.05,-42,11,-29,43,8,52,-61.43606208,-10.53568885,24.46345414,59.29797597,-8.55571431,41.35372126,-67.76822409,-137.9104717,0.765665804,-0.141384389,,,,,,,,,
1767170356,850743896,854_1767170356-850743896.png,65560,-50735,68600,-68800,0.62768076,-0.485744102,246.18,178.43,-26,107,-205,103,40,52,-53.18677793,-2.692281513,0.110875095,60.04929769,-0.1644844,42.20174559,14.46637458,224.1898561,0.774582866,-0.141384389,,,,,,,,,
1767170356,917440918,855_1767170356-917440918.png,68766,-53802,68200,-68350,0.65837546,-0.515107996,248.88,177.27,72,19,-85,98,-7,48,-32.12146548,11.60699048,-33.14190829,69.95610617,2.910077678,44.04360712,1.738149643,228.794323,0.783377556,-0.126286136,,,,,,,,,
1767170356,950790039,856_1767170356-950790039.png,72307,-57345,68200,-68250,0.692277497,-0.549029182,254.34,179.71,3,51,111,39,-55,54,-26.24584096,18.33079005,-12.34543732,64.77029278,-5.019515568,47.66794224,-22.50523484,171.8735459,0.794196848,-0.108195091,,,,,,,,,
1767170357,17487061,857_1767170357-17487061.png,75317,-60350,68100,-67650,0.721095665,-0.577799479,257.27,180.44,40,3,315,24,-77,55,-14.29815184,18.61308146,45.05684935,56.81674406,-19.40797999,49.22946307,-59.67549345,240.5205679,0.804820131,-0.151991263,,,,,,,,,
1767170357,50835205,858_1767170357-50835205.png,77772,-62891,68500,-68900,0.744600184,-0.602127374,260.67,182.32,-9,-78,311,50,-38,60,-13.52334043,4.484207866,83.94886171,55.81985095,-22.12691098,50.80456608,-42.29592904,247.798245,0.813175866,-0.14891073,,,,,,,,,
1767170357,84184326,859_1767170357-84184326.png,80571,-65679,68150,-68250,0.771398208,-0.628820083,265.89,184.6,-50,-26,154,99,-25,67,-13.21592325,0.353052716,121.4705657,61.37372785,-24.89387447,55.25591203,-42.29592904,247.798245,0.821403236,-0.150598127,,,,,,,,,
1767170357,117532471,860_1767170357-117532471.png,83102,-68201,68500,-68850,0.795630362,-0.652966069,269.47,187.82,7,-126,202,38,-34,68,-13.74755616,-16.76105296,133.6327834,61.59733701,-25.98426751,57.70667899,-49.1562424,244.3395214,0.827488692,-0.17705269,,,,,,,,,
1767170357,150881592,861_1767170357-150881592.png,85022,-70051,68100,-68200,0.814012714,-0.670678232,272.92,189.79,14,-111,179,23,-31,66,-9.138342769,-33.44572098,142.0842063,55.32569977,-26.93079308,59.19305132,-42.38028514,257.7637477,0.835488229,-0.184529808,,,,,,,,,
1767170357,217579590,862_1767170357-217579590.png,90133,-75311,68450,-68900,0.862946155,-0.72103822,284.83,191.86,-11,-76,251,18,-3,59,-9.801593953,-52.57491933,141.132976,42.88065473,-15.51993919,61.05842047,-39.15234932,257.9172108,0.847239693,-0.165856662,,,,,,,,,
1767170357,250927979,863_1767170357-250927979.png,92526,-77550,68150,-67650,0.885857077,-0.742474724,284.83,191.86,-11,-76,251,18,-3,59,-9.87503777,-54.01051568,147.866131,41.35585413,-14.75265991,60.93227103,-55.85479206,216.2086272,0.854907067,-0.192566616,,,,,,,,,
1767170357,284277588,864_1767170357-284277588.png,95261,-80292,68550,-68850,0.912042356,-0.768727022,292.76,192.49,-24,-22,302,35,-63,42,-7.07354217,-47.34505115,143.7563248,44.64984122,-20.11511191,59.07735968,-51.99980274,225.0705137,0.862439419,-0.204934939,,,,,,,,,
1767170357,350975586,865_1767170357-350975586.png,98117,-83228,68100,-68150,0.939386106,-0.796836703,296.67,192.88,-13,55,355,29,-87,40,-9.657222285,-29.80697544,190.7008897,41.38232035,-34.24663255,54.55516048,-62.75212079,205.6047695,0.86983555,-0.20865176,,,,,,,,,
1767170357,384324219,866_1767170357-384324219.png,101872,-86975,68200,-68350,0.97533701,-0.832711014,304.19,196.22,78,84,111,70,-47,30,-6.557739019,-10.62126504,201.0842903,42.85742475,-38.56020964,51.0619295,-39.24787498,227.0201116,0.880671819,-0.205148786,,,,,,,,,
1767170357,451022217,867_1767170357-451022217.png,104879,-89906,68150,-67700,1.004126455,-0.860772825,311.83,198.92,99,52,27,68,3,4,13.27881253,10.52331879,166.4329512,48.57843202,-32.37252107,43.98649232,-47.76647729,204.8023479,0.887722405,-0.225542791,,,,,,,,,
1767170357,484371826,868_1767170357-484371826.png,107551,-92582,68500,-68750,1.029708563,-0.886393229,315.68,200.18,61,-57,-68,93,21,4,24.63201993,13.19613096,143.0849824,52.19684585,-26.63929782,38.1387946,-50.3087844,197.3978596,0.894632842,-0.201304036,,,,,,,,,
1767170357,517720215,869_1767170357-517720215.png,109997,-95097,68150,-68250,1.053126915,-0.910472197,319.6,201.03,65,-183,113,53,-22,14,31.16214628,-6.65677832,117.6985187,56.79692183,-21.04167698,32.85189254,-35.57848206,202.2790186,0.901401932,-0.205446246,,,,,,,,,
1767170357,551069824,870_1767170357-551069824.png,113070,-98095,68200,-67750,1.082548254,-0.939175475,323.68,201.77,96,-34,172,97,-60,17,43.25874578,-24.28124118,125.27662,62.38291178,-26.81306132,29.0770292,-36.67056561,202.6499953,0.908028742,-0.205446246,,,,,,,,,
1767170357,617767822,871_1767170357-617767822.png,116070,-101173,68200,-67700,1.11127068,-0.968644684,332.52,204.56,25,16,191,71,-100,14,49.10549798,-14.36092267,120.4805906,71.78160529,-40.65895847,24.43591984,-47.15572354,195.4974101,0.916110437,-0.205446246,,,,,,,,,
1767170357,651116455,872_1767170357-651116455.png,118053,-103290,68250,-68250,1.130256204,-0.988913143,337.29,204.58,45,140,79,88,-54,22,46.64251172,10.5590375,119.8633078,74.09301966,-47.19515789,23.27332073,-47.95564535,192.1564705,0.922413141,-0.205446246,,,,,,,,,
1767170357,717814453,873_1767170357-717814453.png,123040,-108078,68400,-68850,1.178002451,-1.034754136,346.61,206.39,19,67,61,100,-3,20,38.60204096,32.21859898,76.11529124,81.87858798,-36.51905433,22.54170041,-49.18423122,190.0064106,0.931593723,-0.205446246,,,,,,,,,
1767170357,751164063,874_1767170357-751164063.png,126311,-111413,68100,-68100,1.20931947,-1.0666839,354.03,208.59,-62,-270,137,9,34,13,27.87389677,-12.86236307,92.10527778,74.31160719,-25.89186023,21.61402774,-49.8987579,186.3747365,0.938991518,-0.205446246,,,,,,,,,
1767170357,784512695,875_1767170357-784512695.png,129392,-114417,68250,-67750,1.238817402,-1.095444623,354.03,211.12,-63,-205,178,-1,26,9,7.667357689,-62.61235886,107.0110508,58.52566814,-13.45593015,19.21345186,-46.64510614,188.224175,0.944743081,-0.205446246,,,,,,,,,
1767170357,851210938,876_1767170357-851210938.png,132936,-117973,68250,-67700,1.272748162,-1.129490273,365.76,214.14,-78,-259,151,-30,-52,42,-8.223104145,-76.60576913,111.0644359,48.66044516,-18.61505166,21.42406353,-49.84609216,184.9136128,0.95172256,-0.205446246,,,,,,,,,
1767170357,917908936,877_1767170357-917908936.png,137985,-123027,68000,-68250,1.321088006,-1.177877987,383.28,220.8,-94,52,-12,56,63,31,1.579212521,-107.9264667,42.81307147,39.18543441,-10.71288348,22.01546472,-42.01415759,190.5787091,0.961098885,-0.205446246,,,,,,,,,
1767170357,951258545,878_1767170357-951258545.png,140995,-126024,68200,-67750,1.349906173,-1.206571691,383.28,220.8,-94,52,-12,56,63,31,-7.071062307,-93.45252567,37.85228429,40.70721524,-4.041592899,22.82859863,-42.75764719,190.0714641,0.967511976,-0.325785666,,,,,,,,,
1767170358,17956787,879_1767170358-17956787.png,143917,-128954,68550,-68800,1.377881817,-1.234623928,395.66,224.17,-70,-56,-131,68,84,40,-18.74220175,-85.08150705,-5.607185611,52.12768481,12.31143442,26.66658066,-45.58393368,187.5363851,0.972470649,-0.345330317,,,,,,,,,
1767170358,51305420,880_1767170358-51305420.png,146859,-131891,68150,-68250,1.402238434,-1.259564568,401.96,224.6,23,-139,1,79,34,17,-15.31966745,-91.44503712,-11.20176856,56.88801599,19.23411446,25.95055628,-45.60224655,187.7200823,0.977275724,-0.350712861,,,,,,,,,
1767170358,84654785,881_1767170358-84654785.png,149529,-134636,68250,-67700,1.431611903,-1.289024203,412.86,227.04,-114,66,-15,88,58,32,-49.87749413,-67.0460869,-18.54537472,58.39823575,34.07015722,28.11271449,-54.11844611,178.9610777,0.98306497,-0.362990844,,,,,,,,,
1767170358,151353271,882_1767170358-151353271.png,152108,-137286,68500,-68750,1.456303615,-1.31439568,418.53,227.71,4,-24,5,71,23,12,-50.27948327,-52.19885955,-16.12260086,61.9753465,35.03799914,26.97442716,-44.32729405,190.525692,0.987521837,-0.37189513,,,,,,,,,
1767170358,184702148,883_1767170358-184702148.png,155396,-140431,68000,-68250,1.47411152,-1.330700444,424.29,229.36,196,-153,61,55,4,7,-11.42309874,-65.46477574,-3.738869499,61.42744895,29.86909064,23.26983522,-46.46600366,189.3522937,0.991822709,-0.373600797,,,,,,,,,
1767170358,218052002,884_1767170358-218052002.png,157789,-142898,68300,-67800,1.510694317,-1.368125766,427.23,230.05,-64,-215,-33,106,9,42,-0.389304937,-90.59848486,9.765687058,64.31286929,29.80481182,24.66474988,-50.11487576,184.5354717,0.995966921,-0.371987188,,,,,,,,,
1767170358,251400879,885_1767170358-251400879.png,160657,-145695,68450,-68850,1.538152956,-1.394904642,434.77,230.68,-52,-203,-80,171,6,32,-11.93405701,-114.2141079,-2.979715768,78.47317667,25.4022131,27.20186997,-45.94109961,189.3915551,0.999953872,-0.372740293,,,,,,,,,
1767170358,284750977,886_1767170358-284750977.png,163588,-148624,68050,-68400,1.566214767,-1.422947304,442.26,231.69,-106,-98,-293,235,53,30,-27.78677132,-116.4884017,-49.42268405,106.2051537,28.42299712,27.86212241,-45.56088024,189.7221241,1.003782965,-0.383690806,,,,,,,,,
1767170358,351449951,887_1767170358-351449951.png,167409,-152510,68150,-68350,1.602797564,-1.46015242,457.75,231.97,79,-37,-60,224,48,7,-8.425503316,-89.58422199,-52.557936,140.4063349,30.9522294,22.56613158,-50.23994878,183.2940109,1.00922913,-0.397730497,,,,,,,,,
1767170358,384798828,888_1767170358-384798828.png,170215,-155248,68050,-67650,1.629662607,-1.486366422,465.57,232.69,58,-113,-297,258,99,5,3.611990156,-91.61117826,-88.50336077,159.8249239,41.35669911,19.58356312,-45.46444544,188.6028893,1.012660813,-0.421202175,,,,,,,,,
1767170358,451497803,889_1767170358-451497803.png,173553,-158585,68100,-67550,1.661621094,-1.518315334,481.98,233.39,2,-10,-53,233,42,24,15.4550355,-91.50089458,-89.24600796,176.0159106,40.09850191,21.19289032,-45.32657939,188.8711274,1.016725462,-0.408103443,,,,,,,,,
1767170358,484847656,890_1767170358-484847656.png,176219,-161260,68600,-68900,1.687145757,-1.543926164,490.29,234.12,73,-15,-173,262,50,16,23.51295274,-78.14740217,-100.531118,190.104716,41.59704683,20.50807064,-42.24371788,184.4790156,1.01979662,-0.421576371,,,,,,,,,
1767170358,551546631,891_1767170358-551546631.png,180452,-165487,68500,-68850,1.7276731,-1.584396063,507,234.95,-18,-158,-54,212,101,31,52.18425949,-75.25088673,-98.64308907,204.4965152,44.61654699,18.15749865,-43.60711765,188.4969983,1.02410122,-0.444104426,,,,,,,,,
1767170358,584895752,892_1767170358-584895752.png,183722,-168965,68150,-68400,1.758980545,-1.61769493,513.9,236.05,0,-140,-174,237,87,31,39.87725624,-90.05281815,-100.6390239,208.2490306,54.54522122,20.70755764,-40.51737258,185.2330053,1.027410464,-0.443715065,,,,,,,,,
1767170358,651594727,893_1767170358-651594727.png,186394,-171433,68050,-67700,1.784562653,-1.641323912,520.91,236.39,27,-133,-226,256,83,14,35.90759636,-98.94683972,-122.8104509,216.736534,60.40460599,20.26515554,-43.80284458,179.423903,1.029875419,-0.443715065,,,,,,,,,
1767170358,684944824,894_1767170358-684944824.png,189939,-174970,68150,-67700,1.818502987,-1.675187653,541.1,237.48,93,-221,-57,306,72,12,56.02998015,-118.5147071,-109.1937439,226.9106785,61.88335756,18.48671338,-44.4597052,179.2525287,1.032727798,-0.443715065,,,,,,,,,
1767170358,718293701,895_1767170358-718293701.png,192942,-177965,68400,-68850,1.847254136,-1.703862209,550.77,237.51,112,-276,-9,290,-5,17,67.07174855,-149.464508,-90.50830606,242.2480733,52.88390884,17.76807641,-44.83427486,159.0833759,1.034826302,-0.443715065,,,,,,,,,
1767170358,784992676,896_1767170358-784992676.png,196558,-181670,68450,-68900,1.881874234,-1.739334406,568.61,238.33,123,-63,-300,402,86,4,82.3415716,-153.1779404,-103.8641121,269.186483,48.45719116,16.80646372,-47.36768529,153.6816459,1.037667496,-0.443715065,,,,,,,,,
1767170358,818342773,897_1767170358-818342773.png,199214,-184251,68100,-67700,1.907303156,-1.764045267,576.92,238.34,65,-91,-77,375,96,14,80.88599399,-141.6884731,-105.1477075,288.1903244,56.40762727,16.05571341,-44.04922414,150.098547,1.038949941,-0.443715065,,,,,,,,,
1767170358,851691895,898_1767170358-851691895.png,201883,-186923,68300,-68850,1.932856541,-1.789627374,585.02,239.28,40,-203,70,342,100,4,74.90675151,-150.6547829,-79.53378669,296.0595497,62.78265553,14.29266385,-49.72348684,140.3979867,1.040516213,-0.443715065,,,,,,,,,
1767170358,885041992,899_1767170358-885041992.png,204547,-189581,68200,-68200,1.958362056,-1.815075444,601.78,237.59,105,-120,-120,430,132,0,73.88093625,-147.1761549,-88.2553189,315.6540547,70.48643514,11.18009582,-47.9623341,130.0331359,1.041918234,-0.443715065,,,,,,,,,
1767170359,51789307,900_1767170359-51789307.png,214722,-199820,68400,-67650,2.055778952,-1.913105086,646.25,239.77,21,19,80,503,85,22,104.0395918,-180.3241989,-107.1922375,393.9697558,92.70398752,7.521309559,-48.89512163,97.86419845,1.045708711,-0.534526165,,,,,,,,,
1767170359,85139404,901_1767170359-85139404.png,217715,-202753,68500,-68850,2.08443436,-1.941186045,655.78,239.16,-39,-60,-80,511,85,23,78.35060023,-145.1594789,-84.36301669,419.2896261,90.98206832,10.87625681,-50.7719312,89.07080436,1.04632763,-0.538369945,,,,,,,,,
1767170359,118488525,902_1767170359-118488525.png,220383,-205420,68150,-68250,2.109978171,-1.966720282,665.48,239.3,125,-294,9,449,87,12,82.05413678,-164.6631011,-70.59349265,426.0717011,90.2407517,11.3627799,-51.60302386,40.36825705,1.046781299,-0.563994905,,,,,,,,,
1767170359,185186035,903_1767170359-185186035.png,223933,-209042,68250,-68350,2.143966376,-2.001397825,685.63,238.39,262,-313,-146,616,28,-23,133.3340205,-214.7403442,-73.05682691,467.8219878,75.36515419,1.048292701,-50.45275474,73.95217896,1.047151811,-0.554612284,,,,,,,,,
1767170359,218534668,904_1767170359-218534668.png,226593,-211696,68100,-67750,2.169433594,-2.026807598,695.89,236.75,209,-338,-91,603,43,-9,144.3995516,-232.7660615,-75.68086933,487.5906673,70.63201489,-0.421187987,-51.75257897,71.33599806,1.047192092,-0.581670375,,,,,,,,,
1767170359,251882568,905_1767170359-251882568.png,229122,-214158,68150,-68250,2.193646599,-2.050379136,706.17,235.02,168,-347,-152,581,116,20,147.8509243,-249.4718414,-86.84191847,501.2510188,77.26671195,2.565243864,-51.06948289,65.42315412,1.047113861,-0.600011283,,,,,,,,,
1767170359,318579102,906_1767170359-318579102.png,233493,-218535,68500,-68850,2.235495175,-2.092285156,728.11,231.88,195,-326,-196,640,118,5,162.1475593,-265.7192149,-142.5159338,555.6414004,97.5182964,5.976021211,-51.97830784,62.19426703,1.046678235,-0.600011283,,,,,,,,,
1767170359,351927734,907_1767170359-351927734.png,235949,-220975,68150,-67700,2.259009268,-2.115646063,736.5,232.67,256,-372,-212,652,123,11,167.8992672,-272.2325887,-146.7742359,561.5466972,99.07993203,6.283913667,-54.00519204,48.92493677,1.046181222,-0.600011283,,,,,,,,,
1767170359,418624268,908_1767170359-418624268.png,238949,-223984,68200,-67800,2.287731694,-2.144454657,745.37,232.18,214,-385,-102,657,150,13,181.448516,-296.4327588,-145.2662534,582.4951352,108.3748387,7.630490358,-54.50425026,47.18841052,1.045327613,-0.600011283,,,,,,,,,
1767170359,451972168,909_1767170359-451972168.png,241893,-226926,68450,-68900,2.315917969,-2.172621783,754.98,233.07,127,-364,-107,674,155,8,173.4858655,-306.3139157,-139.6701266,595.8769738,115.1933875,7.684528123,-54.52704394,28.21586895,1.044459023,-0.600011283,,,,,,,,,
1767170359,485320801,910_1767170359-485320801.png,244830,-229864,68100,-68100,2.344037224,-2.200750613,775.9,232.36,290,-271,-467,807,178,-2,194.3543397,-309.8096778,-178.8615342,635.6678291,127.5276527,6.445664065,-57.35826582,29.25099277,1.04342545,-0.600011283,,,,,,,,,
1767170359,552017334,911_1767170359-552017334.png,248176,-233200,68250,-67750,2.376072304,-2.232689951,787.23,232.43,290,-136,-368,854,131,-10,210.8834905,-283.3600773,-214.1786822,672.1502257,129.3767426,3.816179114,-58.71017134,26.48951626,1.041901855,-0.600011283,,,,,,,,,
1767170359,585365234,912_1767170359-585365234.png,251653,-236685,68100,-67700,2.409361596,-2.266055836,809.97,232.62,135,-308,-489,825,183,-29,198.0527248,-269.8133509,-260.4646472,715.2104554,139.16935,-3.706781325,-55.24923345,10.84659433,1.040121133,-0.600011283,,,,,,,,,
1767170359,652061523,913_1767170359-652061523.png,255066,-240104,68600,-68850,2.442038143,-2.298789828,832.73,232.98,336,-366,-218,866,62,-42,207.1076946,-292.518172,-261.438125,744.2278062,134.9795628,-10.84172333,-57.37092897,8.10403204,1.037645525,-0.600011283,,,,,,,,,
1767170359,718758057,914_1767170359-718758057.png,260191,-245359,68100,-67700,2.491105622,-2.349101945,855.45,232.07,435,-402,-374,877,52,-42,262.8955636,-307.4654569,-296.6978056,784.9664433,109.9869506,-18.04008658,-61.27202517,10.02468538,1.034291473,-0.643019396,,,,,,,,,
1767170359,752106934,915_1767170359-752106934.png,263327,-248493,68550,-67700,2.521130132,-2.379107307,878.2,233.53,305,-294,-585,917,212,-22,266.7257686,-313.4403072,-350.374989,802.2603953,126.9483671,-17.45358842,-59.72270429,4.778567791,1.032150158,-0.652803332,,,,,,,,,
1767170359,818803223,916_1767170359-818803223.png,266667,-251694,68600,-68900,2.553107767,-2.409754136,901.54,236.13,270,-297,-527,933,223,-12,269.1651122,-302.200987,-401.0139022,833.4441321,147.9312558,-16.70978727,-59.22585401,4.256850481,1.029244317,-0.666664118,,,,,,,,,
1767170359,852150879,917_1767170359-852150879.png,269058,-254096,68050,-68300,2.57599954,-2.432751225,913.32,237.41,310,-283,-422,891,172,-40,270.5322769,-301.0046109,-416.1700328,846.6960416,157.3219829,-16.89256779,-60.43008766,3.991334915,1.026736817,-0.671914274,,,,,,,,,
1767170359,885499756,918_1767170359-885499756.png,271648,-256685,68100,-67700,2.600796569,-2.45753868,925.14,238.04,260,-274,-674,968,235,-35,274.2887225,-297.3415553,-432.6212629,859.0714108,163.7195157,-20.57949104,-60.4878836,-3.655026197,1.024067132,-0.663121652,,,,,,,,,
1767170359,918847412,919_1767170359-918847412.png,274661,-259758,68550,-69000,2.629643459,-2.486960018,937.02,240.72,238,-215,-519,957,230,-25,267.8777282,-283.4962136,-463.9043709,881.8093931,178.9202164,-22.3402025,-56.77043563,-2.632655144,1.021235725,-0.68003568,,,,,,,,,
1767170359,952196045,920_1767170359-952196045.png,277533,-262565,68100,-68250,2.657140395,-2.513834635,949,241.49,101,-406,-468,948,306,-19,243.4732242,-301.4113912,-464.5033232,891.4892284,197.5045962,-21.85172518,-60.45879081,-3.773813248,1.018243065,-0.659277795,,,,,,,,,
1767170360,18892578,921_1767170360-18892578.png,280188,-265221,68050,-67650,2.682559743,-2.539263557,973.36,243.53,84,-356,-291,978,218,0,211.5330172,-320.3502141,-467.6663733,910.7263488,213.5175593,-18.88555286,-62.61464438,-4.664357901,1.015089549,-0.67380376,,,,,,,,,
1767170360,52240234,922_1767170360-52240234.png,283394,-268430,68600,-68900,2.713254442,-2.569986979,985.47,243.74,100,-258,-353,995,221,-2,185.3679661,-313.986603,-437.2466438,928.2488019,214.9581556,-14.95692427,-62.07227167,-9.031823874,1.010922368,-0.685755311,,,,,,,,,
1767170360,85588867,923_1767170360-85588867.png,286469,-271503,68150,-68300,2.74269493,-2.599408318,1009.56,242.71,179,-301,-418,1007,231,-16,176.049468,-301.2572584,-453.6153875,945.683935,220.4225576,-13.01183803,-65.31631243,-8.500362873,1.007408926,-0.690101402,,,,,,,,,
1767170360,152285400,924_1767170360-152285400.png,288518,-273549,68050,-67650,2.762312347,-2.618997013,1009.56,242.66,118,-322,-556,1016,311,0,169.4613262,-303.6948393,-462.0512329,960.4580166,232.2917926,-11.77870856,-67.28975162,-18.43290901,1.003736427,-0.684309772,,,,,,,,,
1767170360,185633545,925_1767170360-185633545.png,292615,-277789,68050,-67600,2.801537607,-2.659591376,1023.34,242.56,71,-261,-629,1064,286,29,153.4374104,-305.9513717,-485.2351471,971.692362,243.9821851,-6.573441147,-65.24559358,-17.60870743,0.998922963,-0.700450698,,,,,,,,,
1767170360,252330811,926_1767170360-252330811.png,295965,-280995,68550,-68800,2.833610983,-2.690286075,1038.72,243.52,177,-358,-522,1119,206,15,147.6060319,-307.4291819,-504.6550165,998.8587889,243.8685225,-0.285804122,-70.04791683,-19.7473042,0.993863023,-0.692343435,,,,,,,,,
1767170360,285679932,927_1767170360-285679932.png,298958,-284004,68550,-68850,2.862266391,-2.719094669,1054.17,243.23,110,-336,-502,1140,287,11,142.106457,-311.6074306,-504.266742,1019.499538,250.1761486,1.364652498,-65.32358563,-17.75643897,0.989638451,-0.690976493,,,,,,,,,
1767170360,319028076,928_1767170360-319028076.png,301825,-286867,68050,-68300,2.889715456,-2.746505438,1085.05,243.66,139,-509,-708,1115,292,16,126.5174212,-357.662506,-559.7531243,1045.472659,257.3134095,5.50499654,-65.32358563,-17.75643897,0.984138024,-0.690976493,,,,,,,,,
1767170360,352377441,929_1767170360-352377441.png,304484,-289588,68150,-67700,2.9151731,-2.772556679,1100.52,244.67,336,-480,-719,1170,268,4,151.4067523,-372.1978359,-578.6737822,1060.268172,258.5831193,5.326182829,-72.40222478,-20.96741486,0.97956278,-0.690976493,,,,,,,,,
1767170360,419074707,930_1767170360-419074707.png,307564,-292587,68450,-68800,2.944661458,-2.801269531,1132.07,244.96,254,-388,-738,1219,320,-17,184.5161135,-380.3964551,-641.5595521,1096.475949,268.7309836,2.850601517,-71.9894059,-24.1501627,0.974832873,-0.690976493,,,,,,,,,
1767170360,452422852,931_1767170360-452422852.png,311387,-296492,68550,-68750,2.981263404,-2.838656556,1146.32,244.83,177,-342,-557,1161,294,-23,188.7858448,-375.3688003,-636.6451977,1115.379288,276.3878403,-2.463659833,-64.99791524,-26.78181887,0.967449592,-0.690976493,,,,,,,,,
1767170360,519120117,932_1767170360-519120117.png,315272,-300388,68150,-68900,3.018458946,-2.875957414,1184.33,245.41,146,-411,-729,1194,403,14,202.052446,-356.9128311,-646.7465633,1138.778469,279.9001873,-4.231663451,-62.93667817,-28.12702131,0.959722497,-0.690976493,,,,,,,,,
1767170360,585817383,933_1767170360-585817383.png,318824,-303994,68150,-68300,3.052466299,-2.910481771,1196.97,246.43,155,-402,-768,1204,413,8,189.4855687,-368.9929492,-672.8225022,1153.91814,311.8519319,-0.593501244,-56.35079813,-26.45067668,0.954381527,-0.690976493,,,,,,,,,
1767170360,619166504,934_1767170360-619166504.png,321902,-306929,68150,-67650,3.081935509,-2.938581878,1234.08,247.7,222,-453,-753,1285,337,-7,200.9172143,-386.228243,-686.3896476,1172.281985,315.7598615,-2.796665411,-59.45736247,-34.11251307,0.947493461,-0.690976493,,,,,,,,,
1767170360,652514648,935_1767170360-652514648.png,323881,-308974,68550,-68850,3.100882736,-2.958160999,1250.99,248.83,236,-470,-703,1287,330,-16,207.2928175,-403.1722339,-695.3370671,1197.713229,319.6755539,-4.805473571,-51.9694761,-31.14727879,0.940371569,-0.755053515,,,,,,,,,
1767170360,719211914,936_1767170360-719211914.png,327975,-313003,68500,-68850,3.140079274,-2.996735218,1266.57,248.9,246,-433,-863,1300,339,-35,212.679142,-408.5491539,-715.4678476,1212.315264,322.2547401,-8.700035602,-50.22546732,-39.27308679,0.934506955,-0.75524849,,,,,,,,,
1767170360,752561035,937_1767170360-752561035.png,330848,-315879,68150,-68250,3.167585784,-3.02427045,1294.51,252.22,400,-494,-655,1326,317,-48,239.5783696,-420.9863972,-700.5782387,1230.358742,318.4657485,-16.09175705,-50.97311303,-39.28283048,0.928494736,-0.742442648,,,,,,,,,
1767170360,819258301,938_1767170360-819258301.png,334739,-319778,68050,-68300,3.204838771,-3.061600031,1321.14,253.66,313,-622,-655,1286,299,-32,260.9844624,-454.6432493,-711.6873342,1251.526498,317.0022822,-21.6895088,-42.5828307,-28.50186682,0.919201768,-0.762239179,,,,,,,,,
1767170360,852606445,939_1767170360-852606445.png,337323,-322496,68100,-67750,3.229578355,-3.087622549,1335.15,253.18,322,-426,-695,1305,287,-42,272.1274114,-470.1355521,-704.0514169,1260.091267,312.3416316,-24.64183887,-51.5954909,-52.2107017,0.912824829,-0.761778967,,,,,,,,,
1767170360,919303711,940_1767170360-919303711.png,341558,-326592,68100,-67750,3.270124847,-3.126838235,1364.08,252.55,261,-366,-717,1357,385,-37,277.4462681,-442.2113937,-722.4950814,1282.512122,320.8777061,-29.0288862,-46.5008111,-39.97721171,0.902989442,-0.767194829,,,,,,,,,
1767170360,952652832,941_1767170360-952652832.png,344223,-329327,68450,-68800,3.295639936,-3.153023514,1378.44,250.5,330,-402,-786,1409,380,-46,282.8022037,-433.3180867,-729.7435631,1301.563154,331.3650314,-31.47574673,-53.13546053,-55.17521954,0.896254041,-0.773145464,,,,,,,,,
1767170360,986000732,942_1767170360-986000732.png,347074,-332030,67400,-63550,3.322935815,-3.17890242,1406.65,249.62,467,-362,-962,1482,332,-46,317.9007992,-419.1782531,-757.6065703,1329.884749,331.0236236,-34.21600793,-53.61354336,-54.72127819,0.889377094,-0.781385447,,,,,,,,,
1767170361,19349854,943_1767170361-19349854.png,348255,-332844,26050,-15950,3.334242877,-3.186695772,1420.47,248.34,319,-475,-1155,1555,475,-42,334.5974867,-416.2220641,-804.7570579,1360.646553,339.9560532,-36.00733817,-56.54834336,-66.14575529,0.882359731,-0.775590377,,,,,,,,,
1767170361,219441650,944_1767170361-219441650.png,340631,-324704,-68250,68500,3.261249617,-3.108762255,1462.46,259.78,287,-530,-962,1506,352,-29,256.2577653,-474.7269927,-1000.455109,1450.83533,403.9402495,-32.64824282,-7.637066454,-84.01611352,0.843259067,-0.782788424,,,,,,,,,
1767170361,286138916,945_1767170361-286138916.png,337645,-321718,-68250,68650,3.232661229,-3.080173866,1446.85,275.02,326,-314,-976,1525,321,-18,271.7534189,-455.1675424,-979.2629479,1463.502575,385.2748269,-30.7005847,-8.112227023,-74.69097185,0.835389825,-0.801418459,,,,,,,,,
1767170361,319487061,946_1767170361-319487061.png,334365,-318370,-68250,68950,3.201258042,-3.048119638,1432.48,304.38,354,-334,-856,1459,300,-26,286.6196105,-430.061581,-961.0660244,1466.061792,369.4410791,-29.34863988,-1.516411275,-74.66231394,0.82536795,-0.80943717,,,,,,,,,
1767170361,352835938,947_1767170361-352835938.png,331695,-315722,-68650,67650,3.175695083,-3.02276731,1393.45,316.89,375,-331,-902,1420,279,-60,304.168778,-405.0965574,-948.7973342,1460.805747,351.8069137,-34.03011374,-13.41893351,-57.44807863,0.817203697,-0.816569003,,,,,,,,,
1767170361,419533203,948_1767170361-419533203.png,327599,-311694,-68550,67650,3.136479396,-2.984202665,1323.38,366.01,397,-481,-747,1294,263,-55,343.9060979,-416.4256817,-914.9554257,1437.645533,316.5054152,-46.59095168,-8.759151936,-41.20348382,0.806817036,-0.830350679,,,,,,,,,
1767170361,452881348,949_1767170361-452881348.png,324945,-309019,-67900,68150,3.111069623,-2.958591835,1323.38,366.01,397,-481,-747,1294,263,-55,348.7112938,-422.2698981,-899.754834,1424.645077,311.6629758,-47.35200188,-13.29561386,-47.02347612,0.798364229,-0.844848918,,,,,,,,,
1767170361,519578613,950_1767170361-519578613.png,320850,-304924,-67850,68050,3.071863511,-2.919385723,1280.22,391.27,214,-356,-915,1227,394,-52,322.0724028,-412.4370771,-906.0661566,1381.709027,323.1316486,-46.79588069,-13.94214913,-38.45662284,0.787621104,-0.844848918,,,,,,,,,
1767170361,552927490,951_1767170361-552927490.png,317982,-302056,-68300,68900,3.044404871,-2.891927083,1260.37,400.22,142,-550,-867,1139,333,-47,297.7131345,-427.2334096,-901.6696164,1348.62852,326.2479503,-46.96287376,-6.107162416,-27.30683184,0.774473078,-0.844848918,,,,,,,,,
1767170361,619624756,952_1767170361-619624756.png,314635,-298652,-68600,67700,3.012360218,-2.859336703,1223.08,419.96,195,-310,-658,1091,283,-61,274.5518761,-420.0163772,-874.2183764,1293.622165,311.3005587,-50.41530116,-8.799609095,-26.23803496,0.763305977,-0.844848918,,,,,,,,,
1767170361,652972900,953_1767170361-652972900.png,313409,-297426,-68350,68900,3.000622319,-2.847598805,1205.35,430.15,155,-277,-616,1057,294,-45,258.1655296,-400.0065399,-837.6080444,1259.950675,308.4687804,-50.06221294,-18.71245733,-24.23599315,0.756515116,-0.844848918,,,,,,,,,
1767170361,719669922,954_1767170361-719669922.png,307543,-291610,-67850,68150,2.944460401,-2.791915594,1155.04,449.1,340,-235,-865,1046,262,-67,265.9551125,-365.6976485,-806.1316567,1198.439658,287.9375592,-52.27869208,-25.34756133,-38.42753506,0.740409516,-0.844848918,,,,,,,,,
1767170361,753019043,955_1767170361-753019043.png,305144,-289162,-68350,68900,2.921492034,-2.768478094,1155.04,459.9,340,-235,-865,1046,262,-67,274.7526351,-350.1690205,-813.1260029,1180.327788,284.8558304,-54.02778028,-22.36314774,-27.23561692,0.731045043,-0.844848918,,,,,,,,,
1767170361,786367188,956_1767170361-786367188.png,302281,-286365,-68550,67700,2.894081265,-2.741699219,1123.99,469.23,278,-373,-657,982,240,-60,282.7455466,-338.4933845,-800.9274878,1144.08077,276.165196,-56.83455313,-28.14806694,-37.98634648,0.721565122,-0.844848918,,,,,,,,,
1767170361,819716309,957_1767170361-819716309.png,299421,-283483,-67950,68250,2.866699219,-2.714106541,1109.35,475.82,270,-367,-495,929,185,-63,280.9749307,-343.7438177,-756.8066733,1109.773426,263.3805171,-57.73803478,-30.15196264,-44.36502481,0.711971217,-0.844848918,,,,,,,,,
1767170361,886413330,958_1767170361-886413330.png,296479,-280547,-68300,68850,2.838532093,-2.68599686,1095.21,481,259,-356,-483,887,202,-49,278.0629897,-345.8378972,-717.0938265,1078.346628,253.9378343,-56.84416701,-32.65900773,-43.37661338,0.702264927,-0.844848918,,,,,,,,,
1767170361,919761475,959_1767170361-919761475.png,294022,-278106,-68550,67750,2.815008425,-2.662626379,1067.98,487.11,70,-316,-541,841,272,-33,243.2397849,-337.4225501,-714.9998625,1043.988629,261.5933486,-54.56546825,-34.58030069,-32.03381133,0.692447716,-0.812724673,,,,,,,,,
1767170361,953110596,960_1767170361-953110596.png,291159,-275225,-67800,68150,2.787597656,-2.635043275,1054.67,488.99,131,-212,-568,911,215,-54,211.7665548,-320.2778028,-679.3170929,1006.935551,257.1469784,-52.24044856,-64.51587111,-45.84979129,0.682521183,-0.805419324,,,,,,,,,
1767170361,986458496,961_1767170361-986458496.png,288623,-272711,-68350,68850,2.763317632,-2.610973882,1041.59,488.39,122,-171,-704,921,188,-55,201.1010879,-302.541604,-682.2497522,996.7252587,248.9313929,-52.56832016,-69.76341793,-45.16372085,0.672486858,-0.805419324,,,,,,,,,
1767170362,19807617,962_1767170362-19807617.png,285831,-269915,-68800,67600,2.736586627,-2.58420458,1015.72,489.86,201,-208,-342,810,118,-53,198.0551332,-282.2496236,-634.210652,966.0485556,227.8526279,-52.98891088,-34.075333,-24.26794672,0.662346273,-0.805419324,,,,,,,,,
1767170362,86504883,963_1767170362-86504883.png,283162,-267235,-67850,68250,2.711033241,-2.558545879,1002.94,485.03,52,-219,-629,818,206,-49,185.0789997,-270.4136025,-609.6863913,939.804816,216.8326061,-52.62881236,-42.77842775,-22.48972321,0.652101158,-0.805419324,,,,,,,,,
1767170362,119852783,964_1767170362-119852783.png,280497,-264518,-68300,68950,2.685518153,-2.532532935,990.19,478.17,29,-272,-440,755,185,-45,159.3480417,-267.8255909,-590.5683752,911.2696885,212.465472,-51.52644014,-38.25092745,-9.863189936,0.641753047,-0.805419324,,,,,,,,,
1767170362,153201904,965_1767170362-153201904.png,278732,-262808,-67950,68150,2.668619792,-2.516161152,953.14,468.43,115,-181,-434,725,154,-72,146.8660108,-254.7785311,-555.3819335,883.7903621,202.9552576,-51.3541002,-51.21631056,-16.16277242,0.631303601,-0.805419324,,,,,,,,,
1767170362,186550293,966_1767170362-186550293.png,274284,-258308,-68550,67700,2.626034007,-2.473077512,936.21,465.46,75,-127,-546,731,190,-91,133.1237733,-228.608027,-541.6971757,845.3386618,196.0947393,-59.24626546,-53.62360895,-13.91756821,0.618101779,-0.805419324,,,,,,,,,
1767170362,253247559,967_1767170362-253247559.png,270611,-254615,-67950,68250,2.590868183,-2.437720205,905.73,456.24,306,-260,-555,731,130,-77,152.5218626,-218.3900229,-550.6723029,815.7152023,186.0425297,-64.4338148,-49.41872689,-10.80016041,0.604747425,-0.805419324,,,,,,,,,
1767170362,286596680,968_1767170362-286596680.png,267532,-251612,-67950,68200,2.563390395,-2.41082644,891.68,453.95,219,-332,-552,711,129,-75,162.2437469,-235.0045535,-550.8664678,800.4014597,177.7005259,-65.97903303,-53.68036586,-12.68757057,0.593956362,-0.805419324,,,,,,,,,
1767170362,353294189,969_1767170362-353294189.png,264862,-248875,-68250,68850,2.53582644,-2.382764629,865.47,448.87,133,-17,-585,726,163,-52,169.0667004,-221.2317714,-534.7184905,780.9605035,168.3293955,-65.39977104,-53.05389681,-11.38435197,0.580335825,-0.805419324,,,,,,,,,
1767170362,386642334,970_1767170362-386642334.png,261388,-245404,-68700,67800,2.50256587,-2.349532782,852.41,447.89,124,-19,-712,715,194,-34,159.6892513,-175.8763868,-564.5296289,767.0676145,171.6717183,-59.77243367,-41.51691768,-1.218100548,0.566572142,-0.77241459,,,,,,,,,
1767170362,453339844,971_1767170362-453339844.png,256880,-240966,-68650,67750,2.459405637,-2.307042739,814.72,446.91,86,-169,-523,606,111,-77,137.1530656,-169.9495481,-505.3288891,702.4666173,150.8306163,-61.76265362,-40.97097331,0.104318857,0.552668577,-0.751737706,,,,,,,,,
1767170362,486688965,972_1767170362-486688965.png,255042,-239124,-67950,68100,2.441808364,-2.289407169,802.96,446.58,8,-313,-658,617,240,-85,133.1329531,-174.4022408,-510.0810414,699.806321,153.6061676,-62.48595621,-44.33287883,1.831817865,0.541447414,-0.751737706,,,,,,,,,
1767170362,520037109,973_1767170362-520037109.png,252179,-236184,-68200,68950,2.414397595,-2.261259191,791.41,445.41,1,-319,-725,616,251,-70,107.652522,-202.4657946,-545.5161775,683.2734594,171.7564172,-65.59887988,-43.0009746,2.330752134,0.530140731,-0.751737706,,,,,,,,,
1767170362,586734619,974_1767170362-586734619.png,249166,-233244,-68700,67650,2.385550705,-2.233111213,779.95,443.89,-79,-176,-644,591,216,-57,79.71613394,-205.6145193,-566.9100654,668.6771595,181.29255,-64.81489237,-39.5947805,8.402360916,0.518750324,-0.751737706,,,,,,,,,
1767170362,620083740,975_1767170362-620083740.png,246105,-230104,-67900,68200,2.356244256,-2.203048407,761.21,440.27,97,-154,-377,535,92,-41,67.24543006,-179.1143868,-542.3807622,645.8243994,170.7429302,-60.98939579,-41.81343034,10.96724415,0.504397351,-0.751737706,,,,,,,,,
1767170362,686781250,976_1767170362-686781250.png,242200,-226207,-67950,68200,2.31885723,-2.165737975,753.03,438.45,207,-299,-395,513,87,-48,89.98247867,-194.7061321,-508.0488406,617.8367041,152.411879,-57.54525627,-35.57413113,24.2421627,0.487009805,-0.751737706,,,,,,,,,
1767170362,720129395,977_1767170362-720129395.png,239000,-223067,-68250,69050,2.288219975,-2.135675169,735.56,430.35,108,-141,-557,514,107,-47,102.0481674,-198.801169,-545.9463184,597.0153801,142.9684067,-55.96434097,-43.23858735,21.71166897,0.475321557,-0.751737706,,,,,,,,,
1767170362,753478516,978_1767170362-753478516.png,235869,-219933,-68350,68900,2.258243336,-2.105669807,726.22,428.17,163,-37,-428,560,6,-72,111.120043,-173.6030217,-528.9913815,589.3960745,121.982047,-58.07120038,-41.86375827,39.5394702,0.460605961,-0.751737706,,,,,,,,,
1767170362,820176025,979_1767170362-820176025.png,232782,-216860,-68450,67700,2.22868796,-2.076248468,706.51,422.35,150,-194,-717,509,143,-57,117.1928509,-172.9856266,-582.24755,584.8264999,118.1932481,-60.74136712,-43.05630285,47.50235796,0.448751465,-0.707556601,,,,,,,,,
1767170362,853524170,980_1767170362-853524170.png,229788,-213851,-67850,68250,2.200022978,-2.047439874,696.15,419.8,57,-82,-662,468,108,-35,110.9250909,-161.3034671,-604.3227861,561.8825946,118.6193443,-56.68781349,-41.6077677,51.31586647,0.433833902,-0.709532046,,,,,,,,,
1767170362,886873291,981_1767170362-886873291.png,227319,-211340,-68350,68800,2.176384421,-2.023399203,674.93,413.06,-54,-185,-722,419,133,-8,87.8075218,-148.5375337,-636.4196067,547.6751659,123.3715961,-51.9576894,-43.65926388,47.56067681,0.421822612,-0.709240828,,,,,,,,,
1767170362,920221680,982_1767170362-920221680.png,224660,-208668,-68550,67700,2.150926777,-1.997817096,664.52,410.92,-15,-146,-673,439,113,-21,63.17929226,-152.2480231,-648.9781131,523.9349793,123.4733764,-44.40582131,-46.43600172,45.5063343,0.409744711,-0.69373624,,,,,,,,,
1767170362,986918945,983_1767170362-986918945.png,221660,-205660,-67900,68250,2.12220435,-1.969018076,653.93,409.94,-10,-39,-432,415,80,-33,48.38690505,-135.3595148,-618.5037156,503.5601425,116.5677601,-41.51316873,-48.52789012,40.2576375,0.397602094,-0.691886423,,,,,,,,,
1767170363,20268066,984_1767170363-20268066.png,218181,-202192,-67800,68250,2.08889591,-1.935814951,633.5,405.15,80,-124,-335,383,74,-70,50.93330727,-124.0408148,-549.7031265,477.6946977,105.2513914,-47.28011549,-44.79920766,60.01053405,0.382335757,-0.691886423,,,,,,,,,
1767170363,53616455,985_1767170363-53616455.png,215580,-199586,-68300,68950,2.063993566,-1.910864737,623.4,400.39,211,-116,-394,364,63,-63,75.11419156,-122.8638267,-521.2271456,458.5512942,98.2419744,-50.18279423,-37.97675389,66.17757368,0.370054556,-0.691886423,,,,,,,,,
1767170363,120313721,986_1767170363-120313721.png,211895,-195979,-68500,67650,2.028712852,-1.876330806,603.36,394.05,18,-113,-418,289,78,-18,75.51622491,-115.2058993,-531.2734266,428.1032218,99.5699697,-46.71379306,-41.5343214,76.11613798,0.354621138,-0.691886423,,,,,,,,,
1767170363,153663086,987_1767170363-153663086.png,210257,-194331,-67850,68200,2.013030407,-1.860552619,593.45,391.1,-54,-152,-419,308,74,-10,53.56615918,-120.4713183,-508.9276389,403.2609184,94.701982,-39.84233161,-41.67692801,78.08694267,0.342211207,-0.691886423,,,,,,,,,
1767170363,187011230,988_1767170363-187011230.png,206230,-190235,-68350,68200,1.974475337,-1.821336933,574.14,385.14,135,77,-539,349,56,-57,58.99619506,-98.6720233,-540.0538728,395.8673921,89.28884806,-42.24070108,-42.31015074,87.89726281,0.329747247,-0.691886423,,,,,,,,,
1767170363,253708984,989_1767170363-253708984.png,202958,-186968,-68350,68950,1.943148744,-1.790058211,555.54,381.41,-63,-57,-666,306,118,-40,56.14910313,-62.82466109,-548.6256384,375.4820975,86.32886454,-43.47573706,-41.29839706,83.76034975,0.314094284,-0.691886423,,,,,,,,,
1767170363,287058350,990_1767170363-287058350.png,199881,-183965,-68650,67700,1.913689108,-1.761307062,546.25,378.63,67,-120,-404,238,67,-46,46.03907147,-64.09359741,-554.4160788,365.1100778,88.50435569,-43.2495334,-43.08409685,94.06387258,0.298363824,-0.691886423,,,,,,,,,
1767170363,320406738,991_1767170363-320406738.png,197276,-181286,-67900,68150,1.888748468,-1.735657935,537,375.68,129,-37,-268,289,-38,-63,58.09048011,-66.72773463,-504.6379442,342.7591705,71.22251066,-45.88411782,-44.15884161,88.26021528,0.285726259,-0.658613241,,,,,,,,,
1767170363,387104248,992_1767170363-387104248.png,194012,-178078,-68250,68850,1.860121783,-1.706935509,528.03,371.95,128,-35,-178,318,-84,-73,70.19857524,-61.29780712,-450.5812321,337.7097104,45.61993164,-50.30444341,-42.4751614,98.37416601,0.273043587,-0.650079449,,,,,,,,,
1767170363,420453613,993_1767170363-420453613.png,191557,-175638,-68550,67700,1.833993949,-1.68158318,510.76,368.91,-28,-170,-379,204,119,-50,69.66425505,-75.26588944,-415.2570649,323.8122995,40.44830569,-52.94393671,-42.1011762,99.64027262,0.260317788,-0.665608756,,,,,,,,,
1767170363,487151367,994_1767170363-487151367.png,187592,-171612,-68550,67650,1.796032475,-1.643037684,493.95,364.1,118,-72,-500,285,37,-56,71.81953825,-103.848573,-399.559312,293.9945014,48.56430639,-55.02471088,-33.65816319,108.0910614,0.241152649,-0.653928207,,,,,,,,,
1767170363,520499756,995_1767170363-520499756.png,184523,-168534,-67950,68150,1.766649433,-1.613568474,485.8,359.39,37,-44,-214,216,18,-46,72.51745597,-93.4033202,-388.0281987,283.7860168,43.72211282,-54.05456417,-38.1535835,121.4545329,0.228327864,-0.64848162,,,,,,,,,
1767170363,553848877,996_1767170363-553848877.png,181177,-165259,-67900,68150,1.734614354,-1.582213159,470.65,358.76,-65,111,-543,214,90,-15,53.64696228,-65.4501132,-376.6069215,264.1712365,42.98109758,-49.50663157,-34.42386201,113.6091425,0.212246399,-0.641803951,,,,,,,,,
1767170363,620546631,997_1767170363-620546631.png,178719,-162722,-68250,68950,1.711081112,-1.55792356,463.59,358.76,-265,198,-513,116,175,30,20.8858893,-29.62485855,-403.5238579,249.4949283,56.31593073,-40.78550902,-28.23547518,114.2811706,0.19934335,-0.64142256,,,,,,,,,
1767170363,653895020,998_1767170363-653895020.png,177288,-161301,-68000,68100,1.697380515,-1.544318704,450.45,357.6,-252,26,-354,92,123,17,-41.1113572,-3.901992767,-404.7404333,216.1476566,75.23844661,-26.86537495,-31.46542412,124.8102312,0.186408793,-0.641568796,,,,,,,,,
1767170363,687244385,999_1767170363-687244385.png,172700,-156779,-68000,68200,1.65345435,-1.501024433,434.08,356.89,87,63,-103,140,-38,-25,-49.00983451,16.86961412,-413.0962432,197.4621809,78.19764939,-20.73372563,-28.94227409,124.0791678,0.173444824,-0.62711839,,,,,,,,,
1767170363,720592529,1000_1767170363-720592529.png,170330,-154265,-68200,68950,1.630763634,-1.47695504,426.95,355.95,-82,155,-62,103,-3,6,-37.29830153,34.3557928,-347.8116267,182.7036201,58.29260475,-18.77523882,-27.8145389,123.254823,0.160453458,-0.635949789,,,,,,,,,
1767170363,787290283,1001_1767170363-787290283.png,167180,-151262,-68650,67650,1.600605086,-1.448203891,414.31,355.21,148,128,-161,111,-7,-17,-42.53916249,55.52142977,-296.3629077,164.5713088,51.4113803,-13.81194712,-19.7405757,133.8308825,0.144178848,-0.625228209,,,,,,,,,
1767170363,820639648,1002_1767170363-820639648.png,164184,-148182,-67850,68100,1.571920956,-1.418715533,408.39,352.95,217,71,-250,183,-63,-64,-5.38220981,64.5537032,-278.4242882,159.7257914,37.88499166,-17.24327085,-23.82460579,150.6163955,0.131133361,-0.605578214,,,,,,,,,
1767170363,853988037,1003_1767170363-853988037.png,160696,-144776,-67900,68100,1.538526348,-1.386106005,402.71,351.33,184,23,8,184,-122,-60,39.49648493,58.97490807,-234.3407806,165.0740545,6.707906948,-27.10890582,-21.06020641,135.692214,0.114797614,-0.608342224,,,,,,,,,
1767170363,920685547,1004_1767170363-920685547.png,156873,-140956,-67950,68100,1.501924403,-1.349532782,387.62,348.71,46,149,-98,127,-22,-11,42.64876029,59.36373007,-191.007428,155.4442646,-5.469374987,-29.21276229,-17.46205187,174.2085927,0.098433546,-0.582966538,,,,,,,,,
1767170363,954034912,1005_1767170363-954034912.png,154621,-138707,-68600,67750,1.480363434,-1.328000536,387.62,348.71,46,149,-98,127,-22,-11,43.04693237,70.01371737,-179.956902,152.0647057,-7.433434251,-27.04884263,-16.47283211,176.6909411,0.08532461,-0.582966538,,,,,,,,,
1767170363,987383301,1006_1767170363-987383301.png,151340,-135426,-68700,67750,1.448950674,-1.296587776,378.28,346,7,74,-116,113,47,-16,41.06812065,79.20400075,-190.4409416,151.4063402,-2.560510722,-27.26476698,-16.16768253,186.1487689,0.068919738,-0.582966538,,,,,,,,,
1767170364,54081055,1007_1767170364-54081055.png,148681,-132700,-67800,68100,1.425494026,-1.272307751,373.51,346.22,51,19,-181,117,46,-19,38.68133909,71.50611856,-181.5255066,143.2973879,8.397951751,-25.10341764,-12.80921879,194.7180581,0.0557834,-0.582966538,,,,,,,,,
1767170364,87430176,1008_1767170364-87430176.png,146014,-129885,-68250,68950,1.397958793,-1.243537454,368.86,346.22,71,60,-296,154,10,-14,43.73504383,68.42810844,-198.2525006,144.1637123,9.631501346,-23.31743706,-11.73291549,196.3211818,0.042638249,-0.582966538,,,,,,,,,
1767170364,120778564,1009_1767170364-120778564.png,143148,-127235,-68600,67600,1.370519301,-1.218165977,359.44,339.54,8,-55,-102,43,14,-26,35.8591601,64.80891613,-174.1089184,132.3485428,9.678001122,-23.21426908,-9.210349917,207.292434,0.02948637,-0.582966538,,,,,,,,,
1767170364,154127930,1010_1767170364-154127930.png,141791,-125859,-68200,68950,1.357527191,-1.204991958,354.72,337.06,-42,-130,-19,38,42,-10,23.6916873,29.11940781,-148.1303355,111.7841721,13.97078598,-21.93589422,-9.772399217,224.3714039,0.016329832,-0.582966538,,,,,,,,,
1767170364,220825195,1011_1767170364-220825195.png,137757,-121762,-68150,68900,1.318905101,-1.165766697,351.46,334.36,-40,43,50,133,-57,-15,12.63156171,26.92078054,-115.7237933,112.9260214,4.336756477,-20.60438358,-9.331786335,227.3526866,0.003170715,-0.582966538,,,,,,,,,
1767170364,254173340,1012_1767170364-254173340.png,134344,-118362,-68650,67700,1.286228554,-1.133214614,344.6,325.99,-150,-50,-110,54,-2,-14,-23.18621305,24.62492392,-111.917346,106.8047982,6.910619176,-20.19228817,-7.546151489,233.001018,0.003170715,-0.582966538,,,,,,,,,
1767170364,287522461,1013_1767170364-287522461.png,131609,-115684,-67900,68150,1.260043275,-1.107575061,340.74,320.89,-70,-259,-222,10,42,-14,-36.66752508,-20.75744462,-127.9157147,89.88502354,11.57593102,-18.9627224,-10.64070207,241.7103012,0.003170715,-0.52953793,,,,,,,,,
1767170364,320870605,1014_1767170364-320870605.png,128946,-112967,-68300,68850,1.234547335,-1.081562117,336.71,317.95,-152,-185,190,-17,-35,2,-53.53395698,-44.77657607,-81.42313961,74.25396236,4.764581748,-15.89709556,-13.38191813,208.8085809,0.003170715,-0.528650918,,,,,,,,,
1767170364,387567871,1015_1767170364-387567871.png,125467,-109475,-68300,68900,1.201238894,-1.048129213,328.13,313.09,-137,87,-203,61,52,0,-83.22744659,-18.323776,-79.44754205,67.23410082,12.85557898,-10.79991041,-19.52608132,233.8452802,0.003170715,-0.501271112,,,,,,,,,
1767170364,420916992,1016_1767170364-420916992.png,122535,-106608,-68550,67800,1.173167509,-1.020680147,323.66,310.71,69,43,-30,56,-33,-30,-62.39441605,-6.556727234,-75.49961257,65.42553603,7.18982653,-13.32076222,-16.13469338,236.9280119,0.003170715,-0.4959031,,,,,,,,,
1767170364,487614502,1017_1767170364-487614502.png,119196,-103192,-67850,68250,1.141199449,-0.987974877,314.87,300.27,-133,2,-399,32,48,8,-73.04522627,6.999939688,-131.7360924,55.98940859,16.75507956,-9.288740088,-20.61102155,202.0315576,0.003170715,-0.508174382,,,,,,,,,
1767170364,520962646,1018_1767170364-520962646.png,116591,-100680,-68350,68950,1.116258808,-0.963924632,310.49,297.37,-74,-145,-111,2,-9,2,-73.18485412,-15.22880927,-128.7036084,48.09389881,12.98860966,-7.637854107,-10.63427308,240.9759421,0.003170715,-0.508174382,,,,,,,,,
1767170364,554311768,1019_1767170364-554311768.png,113311,-97322,-68300,68950,1.084855622,-0.931774663,302.32,288.93,-38,28,-48,65,-8,-2,-63.59159989,-27.64579474,-113.3256629,46.68533407,3.376206237,-6.244730245,-10.49452379,235.4052737,0.003170715,-0.508174382,,,,,,,,,
1767170364,621009033,1020_1767170364-621009033.png,110040,-93980,-68550,67700,1.055501302,-0.901683134,298.48,282.47,-197,120,-185,30,119,23,-81.76247892,-3.142292639,-120.3894655,45.20350422,19.69001283,-1.745833759,6.545862854,254.6463399,0.003170715,-0.508174382,,,,,,,,,
1767170364,654357178,1021_1767170364-654357178.png,108269,-92343,-68350,68900,1.036582797,-0.884105009,290.68,279.62,-115,122,-323,55,127,8,-98.76786195,15.91684795,-145.9900242,40.74280033,43.40886846,1.895529112,-10.08462718,236.793463,0.003170715,-0.508174382,,,,,,,,,
1767170364,687706299,1022_1767170364-687706299.png,104104,-88175,-68400,68950,0.996706495,-0.844199985,286.84,279.62,131,177,-409,182,-18,-15,-66.01549134,45.02444802,-193.7146378,62.14647963,38.8019965,-0.255904501,-20.67596081,229.7182541,0.003170715,-0.508174382,,,,,,,,,
1767170364,754403564,1023_1767170364-754403564.png,100141,-84152,-68350,68900,0.95876417,-0.805683211,275.61,269.05,-116,149,-190,134,17,-11,-75.45317053,65.98419168,-188.4981212,64.73213385,44.07819449,2.141553599,-11.07176888,239.8726125,0.003170715,-0.508174382,,,,,,,,,
1767170364,787751709,1024_1767170364-787751709.png,98090,-82177,-68550,67700,0.939127604,-0.78677428,275.61,269.05,-116,149,-190,134,17,-11,-80.27067597,75.84757962,-188.6765645,72.96208245,40.86094295,0.58016133,-20.03741306,237.788609,0.003170715,-0.508174382,,,,,,,,,
1767170364,821100830,1025_1767170364-821100830.png,95434,-79383,-67900,68050,0.913698683,-0.760024127,272.05,267.94,-186,188,-8,97,29,6,-95.73272554,92.24895454,-162.2540935,76.47743144,39.12637698,1.372768442,-18.98072141,238.3216462,0.003170715,-0.508174382,,,,,,,,,
1767170364,854448975,1026_1767170364-854448975.png,92224,-76171,-68350,68900,0.882965686,-0.729271982,264.81,264.39,-97,-129,-316,20,57,13,-106.3904732,64.87663546,-163.8982862,66.11526255,39.79615272,3.173534013,-35.56439024,239.1755087,0.003170715,-0.402488079,,,,,,,,,
1767170364,921146240,1027_1767170364-921146240.png,88479,-72409,-68300,68950,0.847110524,-0.693254059,257.5,261.15,132,3,12,39,-71,-30,-76.61856572,25.0852139,-163.5977262,58.09971998,25.62987543,1.339293121,-1.612975955,256.6309004,0.003170715,-0.366046426,,,,,,,,,
1767170364,954495361,1028_1767170364-954495361.png,86005,-69962,-68600,67650,0.823424096,-0.669826134,253.81,260.46,35,112,94,38,-90,-18,-43.97328127,30.56479064,-121.3090262,54.21669864,4.72308591,-3.797518915,-6.487706482,274.0440216,0.003170715,-0.361169743,,,,,,,,,
1767170365,21192627,1029_1767170365-21192627.png,82520,-66464,-67850,68100,0.790058211,-0.636335784,246.39,257.82,42,-228,212,20,-21,13,-22.56182142,17.49658589,-55.48503529,45.78112727,-10.47511381,-3.314882446,-7.720318586,273.8186271,0.003170715,-0.377623206,,,,,,,,,
1767170365,54540771,1030_1767170365-54540771.png,79462,-63391,-68350,68800,0.760780484,-0.606914445,242.45,254.91,83,-207,173,41,-16,4,-3.260252614,-34.87930543,-0.333143601,42.51386511,-12.23346557,-0.737661394,-46.36742586,207.9037073,0.003170715,-0.365991861,,,,,,,,,
1767170365,87890137,1031_1767170365-87890137.png,76728,-60597,-68550,67700,0.734604779,-0.580164292,238.49,253.62,-93,-113,-2,55,24,-2,-14.09161698,-50.87787429,4.029368467,44.29962979,-7.034711866,-0.796366171,-45.82414401,207.2778184,0.003170715,-0.358512016,,,,,,,,,
1767170365,154587158,1032_1767170365-154587158.png,74747,-58833,-67900,68100,0.715638404,-0.563275506,229.03,249.76,33,-25,150,-8,-31,-8,-6.891323815,-50.28115692,37.45332065,31.81209472,-8.800023637,-2.140438459,-22.85571203,265.806591,0.003170715,-0.359208916,,,,,,,,,
1767170365,187935059,1033_1767170365-187935059.png,70584,-54452,-67900,68200,0.67578125,-0.521331189,223.78,247.69,-3,18,-44,40,-34,-12,-4.235047072,-38.97282961,31.43012978,30.92645196,-13.64686618,-3.888903998,-37.37665018,262.8482347,0.003170715,-0.344853537,,,,,,,,,
1767170365,221283936,1034_1767170365-221283936.png,67309,-51312,-68250,68900,0.644425934,-0.491268382,214.38,243.33,107,24,31,65,-36,-14,9.752745579,-29.90067642,53.85855255,32.88745239,-21.24282233,-5.622045183,-21.54380909,277.3196211,0.003170715,-0.334732484,,,,,,,,,
1767170365,287980957,1035_1767170365-287980957.png,64580,-48659,-68650,67800,0.6182981,-0.465868183,210.58,241.51,157,148,-252,134,-46,-2,38.80058274,0.280657005,7.362997474,50.15561795,-26.0036192,-5.739700964,-13.62946659,270.4983213,0.003170715,-0.29606811,,,,,,,,,
1767170365,321328857,1036_1767170365-321328857.png,61978,-45984,-67900,68100,0.593386183,-0.440257353,207.06,239.94,133,153,-33,113,-84,-23,52.57647767,22.61461282,1.46023896,59.34609523,-34.48511592,-8.263878638,-46.82505283,261.145668,0.003170715,-0.291206168,,,,,,,,,
1767170365,354677734,1037_1767170365-354677734.png,59048,-43119,-68350,68900,0.565333946,-0.412827436,201.38,237.68,-6,-182,-49,22,-82,-19,51.10397532,11.22603257,8.46330267,56.7352846,-47.76368822,-9.983847928,-11.89844567,277.996521,0.003170715,-0.291206168,,,,,,,,,
1767170365,388025635,1038_1767170365-388025635.png,56456,-40468,-68600,67800,0.54051777,-0.387446385,198.94,237.66,-102,-242,-84,15,-23,-2,32.54710697,-27.59684284,-4.634936122,50.09892727,-48.3405689,-10.00342468,-11.50342014,280.2246737,0.003170715,-0.291206168,,,,,,,,,
1767170365,421374512,1039_1767170365-421374512.png,53723,-37792,-67950,68150,0.514351639,-0.36182598,196.67,235.93,-141,-127,-8,20,83,-7,0.127458176,-53.35179037,-9.279605181,43.86075151,-27.80720938,-9.145441455,-9.925201297,279.5702703,0.003170715,-0.291206168,,,,,,,,,
1767170365,488071289,1040_1767170365-488071289.png,51055,-35073,-68300,68850,0.488807828,-0.335793888,192.5,235.29,-162,58,-296,70,86,-1,-35.96716454,-45.8686139,-24.25731737,42.56876394,-7.289303924,-5.470737789,-1.359777778,293.7984943,0.003170715,-0.291206168,,,,,,,,,
1767170365,521419189,1041_1767170365-521419189.png,47645,-31651,-68250,68900,0.456160003,-0.303031173,190.6,234.09,-18,85,-13,33,-30,-9,-46.1241179,-16.19393607,-50.17602984,43.951977,-1.147487888,-5.533361356,5.347019166,295.2664959,0.003170715,-0.291206168,,,,,,,,,
1767170365,554768066,1042_1767170365-554768066.png,44907,-28929,-68650,67800,0.429946002,-0.276970358,188.63,233.46,28,127,5,73,-45,-14,-35.28407144,4.747006824,-42.1069864,48.20001297,-7.560559399,-6.771538064,6.407217532,293.9473722,0.003170715,-0.291206168,,,,,,,,,
1767170365,621464844,1043_1767170365-621464844.png,41700,-25781,-67900,68200,0.399241728,-0.246830959,184.71,230.71,-3,52,258,4,-71,-12,-25.14211392,19.96375304,-21.05025044,45.90222728,-15.3556095,-8.339171426,3.290587604,251.7132025,0.003170715,-0.291206168,,,,,,,,,
1767170365,654812500,1044_1767170365-654812500.png,39722,-23807,-68650,67650,0.380304075,-0.227931602,182.8,230.53,45,65,122,33,-81,-12,-13.72587854,28.22614351,14.47020692,41.82296462,-27.86700292,-9.066080348,17.29538852,280.5330329,0.003170715,-0.291206168,,,,,,,,,
1767170365,721509277,1045_1767170365-721509277.png,34879,-18963,-68250,68800,0.333936504,-0.181554458,179.5,228.16,181,110,299,-6,-152,8,23.70653551,38.0341289,40.2899065,35.22591613,-44.41392761,-7.31118603,24.21077037,278.0211668,0.003170715,-0.291206168,,,,,,,,,
1767170365,788206055,1046_1767170365-788206055.png,30307,-14376,-68250,68900,0.290163526,-0.137637868,176.97,228,108,47,364,-24,-144,4,53.42527296,43.96069386,123.5519506,20.79306598,-72.53510777,-4.744178246,-11.49478322,289.357091,0.003170715,-0.224972465,,,,,,,,,
1767170365,821554932,1047_1767170365-821554932.png,27647,-11730,-68550,67750,0.264696308,-0.112304688,173.93,228.24,-23,134,164,45,-14,-17,38.51744514,36.00046761,120.765446,20.01728132,-59.86885739,-7.712325583,-11.49478322,289.357091,0.003170715,-0.217276804,,,,,,,,,
1767170365,854902832,1048_1767170365-854902832.png,25244,-9325,-67950,68200,0.241689645,-0.089278876,172.13,227.62,43,109,159,20,-20,-34,32.27553842,53.19705782,128.8977552,22.7153578,-51.30397397,-11.0950871,-21.04501063,261.8773046,0.003170715,-0.199223557,,,,,,,,,
1767170365,888251709,1049_1767170365-888251709.png,22050,-6115,-68250,68900,0.211109835,-0.058545879,170.1,227.82,87,66,-3,56,-36,-40,40.83967128,57.98911704,111.1838026,27.44089117,-47.42799958,-16.52063017,-84.96433508,256.1991689,0.003170715,-0.199223557,,,,,,,,,
1767170365,954948242,1050_1767170365-954948242.png,19382,-3396,-68750,67650,0.185566023,-0.032513787,165.77,226.8,-74,-75,165,-9,-62,-1,36.15428649,23.2461465,125.7266534,18.87626616,-45.97896775,-18.0891027,-17.92903009,179.9891803,0.003170715,-0.199223557,,,,,,,,,
1767170365,988296143,1051_1767170365-988296143.png,15832,-1215,-68500,33100,0.151577819,-0.011632583,163.54,227.55,-72,-41,-116,33,-62,-4,9.163788076,3.884791265,94.35991109,18.11403731,-49.94705242,-14.29520413,-59.92271721,121.3361757,0.003170715,-0.199223557,,,,,,,,,
1767170366,21645020,1052_1767170366-21645020.png,13237,-1221,-67950,-2850,0.12673292,-0.011690028,160.07,227.55,103,188,-224,129,6,-12,17.87067704,18.27509707,63.57101235,29.34233559,-47.07958742,-13.04841614,12.1376527,28.72497678,0.003170715,-0.199223557,,,,,,,,,
1767170366,54992920,1053_1767170366-54992920.png,10654,-1214,-68500,100,0.102002911,-0.011623009,157.38,229.4,112,207,-296,143,-4,-9,33.13399224,48.77077245,9.461498621,47.42281123,-38.51940332,-12.68337875,32.90146172,97.42415619,0.003170715,-0.199223557,,,,,,,,,
1767170366,121689453,1054_1767170366-121689453.png,7978,-1209,-68600,100,0.076382506,-0.011575138,153.34,227.11,21,16,30,34,-36,-14,37.45333703,56.2044175,-11.13740272,52.84492124,-35.48370572,-12.59131545,-94.82607612,340.1837628,0.003170715,-0.199223557,,,,,,,,,
1767170366,155038330,1055_1767170366-155038330.png,5999,-1207,-68300,100,0.057435279,-0.01155599,140.94,220.26,110,-15,78,20,-56,-18,37.52189716,43.89911736,-1.117198672,45.75187805,-37.18729307,-13.10095613,-29.93727344,216.3913214,0.003170715,-0.199223557,,,,,,,,,
1767170366,188386230,1056_1767170366-188386230.png,2438,-1204,-67200,50,0.023341759,-0.011527267,132.89,211.18,120,-59,75,73,-16,-41,50.66015703,31.02385471,12.37170707,44.54961093,-37.98705634,-15.35713734,84.49440539,147.9487736,0.003170715,-0.199223557,,,,,,,,,
1767170366,221735107,1057_1767170366-221735107.png,1238,-1203,-26200,0,0.011852788,-0.011517693,123.58,204.89,75,-154,66,55,-25,-41,59.57743161,-2.990361732,25.05358807,48.276208,-34.38890312,-21.08857672,-45.10727951,291.4729047,0.003170715,-0.199223557,,,,,,,,,
1767170366,288431885,1058_1767170366-288431885.png,1199,-1203,-650,0,0.011479396,-0.011517693,101.55,187.21,-103,3,-1,-4,32,-10,47.06724227,-19.24128355,28.06065675,44.6262276,-25.60790962,-23.28129154,-37.45334345,246.9516902,0.003170715,-0.128614471,,,,,,,,,
1767170366,321779785,1059_1767170366-321779785.png,1190,-1203,-50,0,0.011393229,-0.011517693,90.7,178.9,-99,18,284,-41,-5,16,17.63129884,-13.46740848,48.08381706,31.62216941,-17.51768803,-18.29100773,65.23523903,228.392539,0.003170715,-0.145220076,,,,,,,,,
1767170366,355128662,1060_1767170366-355128662.png,1202,-1202,150,0,0.011508119,-0.011508119,81.56,168.24,-168,-68,296,-70,-32,40,-15.61816948,-19.7959098,96.68319006,12.96100485,-18.98065463,-7.97224274,-76.97810483,284.4070096,0.003170715,-0.102154742,,,,,,,,,
1767170366,388476563,1061_1767170366-388476563.png,1204,-1202,50,0,0.011527267,-0.011508119,68.79,158.47,79,88,59,40,-33,-38,-13.71577652,-18.57159843,66.41227351,17.09446192,-26.56917355,-8.580776768,3.52014789,284.7142224,0.003170715,-0.102154742,,,,,,,,,
1767170366,455173340,1062_1767170366-455173340.png,1203,-1202,0,0,0.011517693,-0.011508119,64.76,154.98,85,71,107,30,-38,-34,5.407123124,0.569861723,70.64350427,20.45454447,-28.4401713,-13.94712319,-59.98044822,199.4053464,0.003170715,-0.102154742,,,,,,,,,
1767170366,488522217,1063_1767170366-488522217.png,1202,-1202,-50,0,0.011508119,-0.011508119,62.17,151.09,58,-1,-49,29,-29,-11,15.21355833,2.211942032,54.1127825,21.95791511,-28.77609124,-14.04902968,52.93437937,262.8945172,0.003170715,-0.102154742,,,,,,,,,
1767170366,521870117,1064_1767170366-521870117.png,1202,-1201,0,0,0.011508119,-0.011498545,60.93,148.75,316,54,-102,-11,-58,-30,82.39751229,20.62145874,18.28354625,13.52254439,-36.69860474,-19.62184117,88.94780999,175.8322067,0.003170715,-0.102154742,,,,,,,,,
1767170366,588566895,1065_1767170366-588566895.png,1202,-1201,0,0,0.011508119,-0.011498545,61.13,149.36,199,-42,42,-3,-56,-33,99.44967319,11.46358217,21.75188379,11.1062573,-39.52127605,-21.57828756,-5.708435357,272.1957295,0.003170715,-0.102154742,,,,,,,,,
1767170366,621915771,1066_1767170366-621915771.png,1203,-1201,0,0,0.011517693,-0.011498545,61.57,149.34,21,-141,-42,26,31,-33,97.51083654,-12.90098742,32.8381131,10.70465643,-33.28500555,-21.85187066,-12.90006882,267.0136623,0.003170715,-0.102154742,,,,,,,,,
1767170366,655263672,1067_1767170366-655263672.png,1202,-1202,0,0,0.011508119,-0.011508119,61.57,148.75,38,-69,-54,41,32,-30,82.42971735,-32.97785083,14.6852768,15.9055211,-18.79784269,-23.98715031,-12.883834,267.0122294,0.003170715,-0.102154742,,,,,,,,,
1767170366,688612549,1068_1767170366-688612549.png,1202,-1202,0,0,0.011508119,-0.011508119,61.75,148.01,55,-58,-158,86,22,-38,77.23763897,-37.59441344,-12.39382425,26.82314403,-11.48155422,-26.19620473,-8.266003191,189.3424067,0.003170715,-0.102154742,,,,,,,,,
1767170366,721960449,1069_1767170366-721960449.png,1202,-1202,0,0,0.011508119,-0.011508119,61.86,148.67,-35,-92,-73,31,22,-32,73.42699776,-41.47069585,-4.731278942,31.51228811,-14.62184556,-28.33271486,-8.255223274,189.3282211,0.003170715,-0.102154742,,,,,,,,,
1767170366,788657227,1070_1767170366-788657227.png,1202,-1202,0,0,0.011508119,-0.011508119,62.07,148.88,4,-55,-272,61,-27,-29,55.42694003,-48.15536092,-36.2972336,34.12567788,-11.7847464,-28.78939464,-6.324384242,186.2747204,0.003170715,-0.058736792,,,,,,,,,
1767170366,822006104,1071_1767170366-822006104.png,1202,-1202,0,0,0.011508119,-0.011508119,62.3,149.4,-35,-48,-71,47,-18,-12,39.51196763,-48.49076733,-53.7047205,37.41456635,-13.48977222,-26.34510223,-60.28858501,255.8938189,0.003170715,-0.04374803,,,,,,,,,
1767170366,855354004,1072_1767170366-855354004.png,1202,-1202,0,0,0.011508119,-0.011508119,62.55,148.27,72,-69,-395,27,-29,-31,27.84028123,-60.96155895,-83.07301763,36.18151635,-10.64429381,-25.44926792,92.49894851,161.2335792,0.003170715,-0.085343661,,,,,,,,,
1767170366,888702881,1073_1767170366-888702881.png,1202,-1202,0,0,0.011508119,-0.011508119,62.68,147.73,138,-12,-12,6,-62,-40,39.51659307,-58.85751306,-113.5071593,33.3078223,-15.83885451,-26.96008743,46.22310162,212.3891006,0.003170715,-0.085343661,,,,,,,,,
1767170366,955399414,1074_1767170366-955399414.png,1202,-1202,0,0,0.011508119,-0.011508119,62.76,148.48,-51,-109,310,-33,-24,-25,38.76693116,-58.36639714,-64.25180641,18.04043889,-25.7248811,-29.98260819,17.10881802,192.6380668,0.003170715,-0.085343661,,,,,,,,,
1767170366,988747314,1075_1767170366-988747314.png,1202,-1202,0,0,0.011508119,-0.011508119,62.76,148.48,-51,-109,310,-33,-24,-25,35.9727802,-59.94245558,-52.60257178,16.45171697,-25.6711912,-29.82751589,16.66820514,193.4035196,0.003170715,-0.085343661,,,,,,,,,
1767170367,22096191,1076_1767170367-22096191.png,1202,-1202,0,0,0.011508119,-0.011508119,62.86,147.8,-48,70,285,30,-35,-18,19.05955345,-48.41592673,16.42692659,14.11762642,-26.64629978,-28.03725123,98.08671212,84.433954,0.003170715,-0.085343661,,,,,,,,,
1767170367,55444092,1077_1767170367-55444092.png,1202,-1202,0,0,0.011508119,-0.011508119,62.85,148.05,-82,115,209,9,17,-2,2.498332191,-21.3708153,51.72641348,13.79128469,-20.48538221,-23.96277909,58.31336325,190.1805074,0.003170715,-0.085343661,,,,,,,,,
1767170367,122140869,1078_1767170367-122140869.png,1202,-1202,0,0,0.011508119,-0.011508119,63,146.81,55,75,247,-14,-41,-21,2.997308838,12.87060707,73.07613931,10.00280592,-20.92777183,-21.5364616,30.32674992,240.98282,0.003170715,-0.119413235,,,,,,,,,
1767170367,155489990,1079_1767170367-155489990.png,1202,-1202,0,0,0.011508119,-0.011508119,63.08,147.23,105,95,177,12,-64,-26,17.9143688,24.88135958,88.27415462,10.29487923,-27.22673319,-22.18921761,39.76047629,219.4356515,0.003170715,-0.053147877,,,,,,,,,
1767170367,222188477,1080_1767170367-222188477.png,1202,-1202,0,0,0.011508119,-0.011508119,63.26,147.77,59,-22,265,-8,-19,-25,15.20381183,17.26465453,102.5351687,11.94919326,-20.29221724,-22.11219333,-15.16820237,149.9458003,0.003170715,-0.083499699,,,,,,,,,
1767170367,255537354,1081_1767170367-255537354.png,1202,-1202,0,0,0.011508119,-0.011508119,63.4,147.66,82,18,152,30,-22,-24,26.136079,16.3287464,114.0864501,14.05883241,-20.50762622,-22.46501222,-14.52231649,149.2085755,0.003170715,-0.077214985,,,,,,,,,
1767170367,288886963,1082_1767170367-288886963.png,1202,-1202,0,0,0.011508119,-0.011508119,63.49,146.75,-61,-41,237,-32,-35,1,20.36546132,13.8684835,111.7231672,12.73813353,-17.48227387,-20.13945531,-69.6184735,237.0922217,0.003170715,-0.042012052,,,,,,,,,
1767170367,322235840,1083_1767170367-322235840.png,1202,-1202,0,0,0.011508119,-0.011508119,63.56,147.58,13,-188,166,-56,-35,-14,13.00139574,-14.49198979,128.1628924,1.003227988,-20.96066439,-17.72412015,22.37772986,170.7219276,0.003170715,-0.042012052,,,,,,,,,
1767170367,388934570,1084_1767170367-388934570.png,1202,-1202,0,0,0.011508119,-0.011508119,63.62,147.05,97,-193,189,-56,-68,-17,25.28546804,-45.20825065,138.0653319,-8.847871897,-28.21287392,-17.51925612,47.38187778,182.8923702,0.003170715,-0.042012052,,,,,,,,,
1767170367,422284180,1085_1767170367-422284180.png,1202,-1202,0,0,0.011508119,-0.011508119,63.65,145.74,-8,78,270,16,-58,-12,31.03132214,-32.00043782,164.8119308,-6.659567151,-35.0884823,-17.1097276,-44.8869406,258.6406798,0.003170715,-0.042012052,,,,,,,,,
1767170367,455633057,1086_1767170367-455633057.png,1202,-1202,0,0,0.011508119,-0.011508119,63.66,144.58,21,2,171,39,-51,-12,26.54843953,-18.52860533,173.8445882,1.76863752,-39.18574565,-15.96765176,-44.87791404,258.5541329,0.003170715,-0.042012052,,,,,,,,,
1767170367,522331787,1087_1767170367-522331787.png,1202,-1202,0,0,0.011508119,-0.011508119,63.67,143.33,102,-41,117,24,-32,-29,32.50610251,-25.28027268,129.6167311,10.727764,-32.79142845,-18.08247513,16.55176905,288.6952364,0.003170715,-0.042012052,,,,,,,,,
1767170367,555681396,1088_1767170367-555681396.png,1202,-1202,0,0,0.011508119,-0.011508119,63.77,142.74,177,-84,232,71,-150,-52,57.27322881,-34.69004387,143.9293122,20.23651873,-49.89081487,-23.61386504,7.971929014,159.3550529,0.003170715,-0.042012052,,,,,,,,,
1767170367,589030273,1089_1767170367-589030273.png,1202,-1202,0,0,0.011508119,-0.011508119,63.96,142.98,100,122,115,2,-77,-26,80.24299877,-25.03925981,112.4338567,26.15309396,-61.37684038,-27.85185313,8.077260494,159.2057452,0.003170715,-0.042012052,,,,,,,,,
1767170367,622380127,1090_1767170367-622380127.png,1202,-1202,0,0,0.011508119,-0.011508119,64.02,143.81,96,177,52,27,-67,-32,83.41219676,3.742206581,109.0163998,23.51115477,-63.46393471,-27.89952982,-32.33781815,275.4759142,0.003170715,-0.042012052,,,,,,,,,
1767170367,689078857,1091_1767170367-689078857.png,1202,-1202,0,0,0.011508119,-0.011508119,64.04,143.39,-44,49,-31,33,-13,-14,65.75184236,23.74812336,84.13458562,25.16839796,-56.35722242,-26.18367352,-38.1496222,252.700181,0.003170715,-0.042012052,,,,,,,,,
1767170367,722427734,1092_1767170367-722427734.png,1202,-1202,0,0,0.011508119,-0.011508119,64.15,143.17,36,-61,159,5,-31,-9,55.03941524,10.76401818,99.82384172,19.24176691,-50.49851307,-23.04617275,-38.22482187,253.3095915,0.003170715,-0.06536023,,,,,,,,,
1767170367,755777588,1093_1767170367-755777588.png,1202,-1202,0,0,0.011508119,-0.011508119,64.05,144.52,2,-53,188,13,-8,-12,47.2192174,-2.535228448,115.0196867,17.36437106,-43.89410198,-20.61354801,-0.547842205,258.2724257,0.003170715,-0.095668983,,,,,,,,,
1767170367,789126465,1094_1767170367-789126465.png,1202,-1202,0,0,0.011508119,-0.011508119,63.98,144.3,-41,-116,200,-12,-66,0,33.11619071,-20.46961013,129.3867929,12.95408992,-46.17303393,-17.37008263,-26.08397254,256.4222708,0.003170715,-0.095668983,,,,,,,,,
1767170367,855825195,1095_1767170367-855825195.png,1202,-1202,0,0,0.011508119,-0.011508119,63.95,144.57,23,-246,-178,51,97,-38,39.7961898,-73.82375591,110.400379,10.09379181,-43.05045139,-14.97743801,-64.34391195,266.2550874,0.003170715,-0.095668983,,,,,,,,,
1767170367,889175049,1096_1767170367-889175049.png,1202,-1202,0,0,0.011508119,-0.011508119,63.95,144.57,23,-246,-178,51,97,-38,38.76684228,-84.3755056,92.72588145,12.60071181,-34.46751758,-16.38836617,-64.27390742,265.4103954,0.003170715,-0.095686718,,,,,,,,,
1767170367,922523926,1097_1767170367-922523926.png,1202,-1202,0,0,0.011508119,-0.011508119,63.98,145.83,-30,-120,169,11,57,-34,28.2912545,-93.88041912,96.68588901,13.38707033,-17.59743089,-19.53824636,-55.92427707,267.2508066,0.003170715,-0.072069865,,,,,,,,,
1767170367,955873779,1098_1767170367-955873779.png,1202,-1202,0,0,0.011508119,-0.011508119,63.98,146.68,-1,-105,42,-1,63,-29,24.00764791,-95.50656695,88.68852466,11.28307887,-5.810715303,-20.92195051,-95.60528231,251.4260502,0.003170715,-0.078615358,,,,,,,,,
1767170368,22572510,1099_1767170368-22572510.png,1202,-1202,0,0,0.011508119,-0.011508119,64.1,146.51,-106,107,305,54,-100,-38,8.383268669,-59.2887343,106.9768833,14.84545529,-18.35056448,-22.0789395,-95.52969301,251.0810089,0.003170715,-0.105674541,,,,,,,,,
1767170368,55921387,1100_1767170368-55921387.png,1202,-1202,0,0,0.011508119,-0.011508119,64.2,146.74,-191,145,216,66,-74,-34,-26.75969094,-20.71258148,133.2816313,24.37504191,-30.76091898,-24.65532233,-40.27255157,261.3649011,0.003170715,-0.091041674,,,,,,,,,
1767170368,89271240,1101_1767170368-89271240.png,1202,-1202,0,0,0.011508119,-0.011508119,64.19,146,80,54,300,16,-62,-24,-33.67232573,6.934726336,127.8043897,30.72063513,-33.46744231,-25.53390039,18.53657261,248.5714355,0.003170715,-0.097948324,,,,,,,,,
1767170368,122620117,1102_1767170368-122620117.png,1202,-1202,0,0,0.011508119,-0.011508119,64.25,145.73,16,75,183,-1,-3,-3,-15.8694659,19.94937221,152.3906875,25.41059688,-32.83476896,-22.69597736,-28.9591583,273.4182761,0.003170715,-0.102595027,,,,,,,,,
1767170368,155969727,1103_1767170368-155969727.png,1202,-1202,0,0,0.011508119,-0.011508119,64.31,146.03,-81,17,192,-44,18,8,-24.54735276,20.98100451,158.996659,14.55801067,-24.60774943,-17.68352685,-52.82381701,276.5909936,0.003170715,-0.101476148,,,,,,,,,
1767170368,222667236,1104_1767170368-222667236.png,1202,-1202,0,0,0.011508119,-0.011508119,64.23,145.79,42,49,367,12,-103,-21,-26.43215182,21.52425855,196.0440571,4.808827977,-29.49360325,-15.76466423,-41.56964836,279.7094045,0.003170715,-0.122639168,,,,,,,,,
1767170368,256015381,1105_1767170368-256015381.png,1202,-1202,0,0,0.011508119,-0.011508119,64.24,145.25,47,58,320,35,-76,-32,-12.11277795,28.29612931,223.1163944,9.6002982,-40.14080123,-18.41287377,-63.04220447,276.6334074,0.003170715,-0.122639168,,,,,,,,,
1767170368,289364746,1106_1767170368-289364746.png,1202,-1202,0,0,0.011508119,-0.011508119,64.21,144.91,9,-3,88,49,-25,-31,-9.025206721,23.71932616,203.3567259,15.36218259,-37.92658279,-20.25363811,82.38284039,70.09095502,0.003170715,-0.100698994,,,,,,,,,
1767170368,322712891,1107_1767170368-322712891.png,1203,-1202,0,0,0.011517693,-0.011508119,64.42,144.87,186,-158,192,-50,-43,-26,9.517563813,-14.34419716,210.6039329,5.908484575,-31.71886324,-22.238533,-26.80856481,232.1603382,0.003170715,-0.050017207,,,,,,,,,
1767170368,389410400,1108_1767170368-389410400.png,1202,-1202,0,0,0.011508119,-0.011508119,64.56,145.66,147,-50,7,-2,-48,-19,47.52525169,-34.13070781,178.941378,-0.919305121,-35.24418109,-22.14647927,-121.4631867,282.545105,0.003170715,-0.058656291,,,,,,,,,
1767170368,422759521,1109_1767170368-422759521.png,1202,-1202,0,0,0.011508119,-0.011508119,64.71,145.33,-11,-19,273,-36,-43,-16,39.83900583,-31.54699817,190.2782392,-6.079153826,-36.30437422,-20.92863243,-46.56906226,261.5130625,0.003170715,-0.073931201,,,,,,,,,
1767170368,456107910,1110_1767170368-456107910.png,1202,-1202,0,0,0.011508119,-0.011508119,64.79,144.7,58,-20,-125,53,0,-21,43.5309387,-29.85834405,171.7989969,-4.346216301,-34.90906953,-19.78791837,-17.04721987,237.2478342,0.003170715,-0.089805107,,,,,,,,,
1767170368,489457031,1111_1767170368-489457031.png,1202,-1202,0,0,0.011508119,-0.011508119,64.79,143.41,32,52,39,32,-7,-16,44.05087714,-21.38456315,127.7079992,5.140102014,-28.61090963,-19.57607557,-25.49873993,190.5413105,0.003170715,-0.073456723,,,,,,,,,
1767170368,556154541,1112_1767170368-556154541.png,1202,-1202,0,0,0.011508119,-0.011508119,64.68,145.32,103,49,206,-24,-98,-26,46.64283769,12.31217432,109.8421808,-3.398567168,-34.36810993,-17.73494183,-26.07260817,191.374826,0.003170715,-0.029663876,,,,,,,,,
1767170368,589502686,1113_1767170368-589502686.png,1202,-1202,0,0,0.011508119,-0.011508119,64.68,145.32,103,49,206,-24,-98,-26,48.39705182,13.45414634,112.8352592,-4.039822389,-36.34876254,-17.99220606,125.3160038,127.29129,0.003170715,-0.098905061,,,,,,,,,
1767170368,622852051,1114_1767170368-622852051.png,1202,-1202,0,0,0.011508119,-0.011508119,64.67,146.18,-20,62,-8,10,-19,-27,44.62518947,22.05684856,105.9083656,-3.963541376,-39.20422528,-19.70107937,124.5811511,128.453655,0.003170715,-0.098905061,,,,,,,,,
1767170368,656200195,1115_1767170368-656200195.png,1202,-1202,0,0,0.011508119,-0.011508119,64.67,147.25,-115,24,-11,47,45,-17,19.56391506,23.40249582,85.78439201,3.860536966,-26.35312427,-19.50003521,28.12063336,244.2743247,0.003170715,-0.098905061,,,,,,,,,
1767170368,722897705,1116_1767170368-722897705.png,1202,-1202,0,0,0.011508119,-0.011508119,64.52,148.86,25,175,76,72,-29,-9,12.7104215,46.34218464,31.38488261,17.90319908,-15.05029493,-18.81897397,28.12063336,244.2743247,0.003170715,-0.098905061,,,,,,,,,
1767170368,756246826,1117_1767170368-756246826.png,1202,-1202,0,0,0.011508119,-0.011508119,64.41,149.84,33,85,10,97,-47,-22,16.9242354,65.04635095,32.78318147,34.9579249,-21.13770678,-18.28815707,-9.270548612,258.5117192,0.003170715,-0.098905061,,,,,,,,,
1767170368,789595215,1118_1767170368-789595215.png,1202,-1202,0,0,0.011508119,-0.011508119,64.52,149.09,-17,-249,-22,-14,6,-21,-6.082898669,22.67589429,6.029586986,36.41547219,-18.00645032,-19.46525734,8.205515534,233.1210947,0.003170715,-0.098905061,,,,,,,,,
1767170368,856292725,1119_1767170368-856292725.png,1202,-1202,0,0,0.011508119,-0.011508119,64.53,149,87,-45,-102,-2,-21,-15,1.161745022,-12.80640961,-6.776379179,27.49081692,-15.68323308,-19.22697969,-16.57335809,213.0018067,0.003170715,-0.098905061,,,,,,,,,
1767170368,889641846,1120_1767170368-889641846.png,1202,-1202,0,0,0.011508119,-0.011508119,64.52,148.18,95,93,-326,55,-8,-21,19.37607059,0.982473125,-58.44253567,29.97078525,-14.83780806,-19.26510448,-65.15156153,225.8885539,0.003170715,-0.098905061,,,,,,,,,
1767170368,922989990,1121_1767170368-922989990.png,1202,-1202,0,0,0.011508119,-0.011508119,64.44,146.3,-17,-75,158,1,-19,-12,15.17323902,-1.200644898,-26.99630518,23.66911117,-13.60507785,-18.78347217,-16.51315939,280.4444799,0.003170715,-0.098905061,,,,,,,,,
1767170368,956339355,1122_1767170368-956339355.png,1202,-1202,0,0,0.011508119,-0.011508119,64.43,146.41,-27,-133,222,9,-26,-22,6.519776134,-26.17757382,23.71171869,19.77226997,-15.83459035,-18.72971574,-36.90090516,256.9766581,0.003170715,-0.045519999,,,,,,,,,
1767170369,23036865,1123_1767170369-23036865.png,1202,-1202,0,0,0.011508119,-0.011508119,64.55,146.16,-98,28,211,2,-33,-18,-18.70354144,-18.45754875,74.61698048,16.59802611,-19.93724597,-17.63557211,-32.82291442,259.0160985,0.003170715,-0.056675721,,,,,,,,,
1767170369,56385010,1124_1767170369-56385010.png,1202,-1202,0,0,0.011508119,-0.011508119,64.46,145.11,-81,51,41,16,7,-12,-31.96285577,-5.869188013,76.83663354,15.74676861,-16.68136612,-16.83048342,-73.53275236,264.7105691,0.003170715,-0.086098676,,,,,,,,,
1767170369,89734375,1125_1767170369-89734375.png,1202,-1202,0,0,0.011508119,-0.011508119,64.39,145.07,-48,36,-95,58,-1,-22,-34.30815705,0.253838558,51.70693022,21.92595839,-14.38809448,-17.58648297,-73.53138864,264.6998224,0.003170715,-0.078389195,,,,,,,,,
1767170369,123082520,1126_1767170369-123082520.png,1202,-1202,0,0,0.011508119,-0.011508119,64.54,143.9,-59,58,-58,40,-8,-17,-38.4336258,17.45950931,55.4181272,25.04945148,-14.98440375,-17.06005963,13.20681268,267.3306189,0.003170715,-0.069788906,,,,,,,,,
1767170369,189780029,1127_1767170369-189780029.png,1202,-1202,0,0,0.011508119,-0.011508119,64.46,145.24,-100,63,-135,33,14,8,-47.90176679,27.11478621,20.91939817,27.55935683,-10.80942467,-14.07630145,-17.649012,279.207891,0.003170715,-0.086306291,,,,,,,,,
1767170369,223129150,1128_1767170369-223129150.png,1202,-1202,0,0,0.011508119,-0.011508119,64.47,144.07,14,22,128,30,-73,-2,-40.23363418,27.3204293,32.43554992,28.06086441,-19.24498506,-11.72356998,97.24042368,175.2503078,0.003170715,-0.137958575,,,,,,,,,
1767170369,256477539,1129_1767170369-256477539.png,1202,-1202,0,0,0.011508119,-0.011508119,64.69,141.48,20,88,-176,77,-23,-22,-33.22482186,34.83137621,14.9758056,33.96793949,-16.49335855,-12.79105793,-40.74693286,253.2495532,0.003170715,-0.068705829,,,,,,,,,
