sec,nanosec,image,motor position #0,motor position #1,motor velocity #0,motor velocity #1,wire length #0,wire length #1,loadcell #0,loadcell #1,fx,fy,fz,tx,ty,tz,fx_kalman,fy_kalman,fz_kalman,tx_kalman,ty_kalman,tz_kalman,fx_estimated,fy_estimated,theta_desired,theta_actual,translation(m)(x),translation(m)(y),translation(m)(z),Rotation(rad)(x),Rotation(rad)(y),Rotation(rad)(z),Rotation(deg)(x),Rotation(deg)(y),Rotation(deg)(z)
1767173116,747633545,1_1767173116-747633545.png,20036,-4152,-68050,68300,0.191827512,-0.039751838,138.44,261.95,-2,-19,519,-36,65,31,-21.01978937,52.40068498,412.8388385,-63.39808828,71.24954886,32.04013498,-13.66128683,-3.6014359,-0.533467851,-0.102467276,-52,-71.01978937,,,,,,,
1767173116,780982178,2_1767173116-780982178.png,18820,-2993,-68700,67650,0.180185355,-0.028655407,138.44,261.95,-2,-19,519,-36,65,31,-20.42776553,50.17821519,416.1432882,-62.5452754,71.05502084,32.00775898,20.81756413,293.077318,-0.54476032,-0.081764659,-52,-70.42776553,,,,,,,
1767173116,814329590,3_1767173116-814329590.png,15537,281,-68050,68150,0.148753447,0.002690334,136.31,263.04,62,-20,461,-42,164,25,-11.94061698,39.97096285,425.9360257,-59.20626817,79.12939237,31.31736011,21.28837377,284.5150499,-0.555966636,-0.01158154,12,-61.94061698,,,,,,,
1767173116,881025879,4_1767173116-881025879.png,12673,3292,-68000,68500,0.121333104,0.031518076,134.15,264.81,52,27,438,-63,166,18,1.278912585,34.93625191,429.5349081,-58.86080038,96.274127,29.03926675,85.75279838,245.4554605,-0.56985056,-0.098188918,2,-48.72108741,,,,,,,
1767173116,914374512,5_1767173116-914374512.png,9867,6092,-68650,68800,0.094468061,0.058325674,130.7,267.7,-53,64,543,-27,25,19,-8.526449967,39.25049892,427.606702,-52.78796832,94.01675555,26.31248696,-32.29521799,263.1845353,-0.580856473,-0.021606078,-103,-58.52644997,,,,,,,
1767173116,947721924,6_1767173116-947721924.png,7067,8739,-68750,67650,0.067660463,0.083668428,128.78,269.71,-127,96,521,-44,34,23,-24.05457356,47.06097914,448.5285798,-49.20596841,81.12704307,25.22250489,99.0337863,219.7008805,-0.591770506,-0.102355312,-177,-74.05457356,,,,,,,
1767173116,981070557,7_1767173116-981070557.png,4345,11547,-68000,68400,0.041599648,0.110552619,127.59,271.75,-110,68,262,-35,46,3,-42.00972257,52.68373781,425.0421647,-46.85607382,73.5242088,21.85635878,-142.1800446,339.3665824,-0.602590863,-0.085957551,-160,-92.00972257,,,,,,,
1767173117,14418213,8_1767173117-14418213.png,1744,14064,-68650,67650,0.016697304,0.134650735,126.48,275.3,14,3,339,-101,116,0,-33.81875838,45.41789719,412.4592013,-54.77418054,79.73594613,18.66004493,-106.840164,134.4477441,-0.610643663,-0.067012511,-36,-83.81875838,,,,,,,
1767173117,47767090,9_1767173117-47767090.png,-716,16536,-67950,68400,-0.006855086,0.158318015,124.79,279.47,-55,-35,304,-48,81,1,-29.40290852,34.92091064,403.4922548,-56.72066573,80.09608533,14.89964831,-47.83239064,258.2043631,-0.621296041,-0.044877586,-105,-79.40290852,,,,,,,
1767173117,114463623,10_1767173117-114463623.png,-3386,19190,-68100,68850,-0.032418045,0.183727788,124.07,281.67,1,-61,312,-32,109,1,-29.41736186,18.68403507,384.4607003,-53.54099548,82.8096746,12.13967795,-61.6449064,185.3601031,-0.631850149,-0.044877586,-49,-79.41736186,,,,,,,
1767173117,147811279,11_1767173117-147811279.png,-6448,22256,-68650,67700,-0.061734069,0.213082108,123.42,284.06,-5,-135,358,-82,144,-11,-24.25501848,-7.960244321,376.7997347,-56.5758197,93.12859546,8.172836527,-58.01785389,190.6192601,-0.642304321,-0.028763457,-55,-74.25501848,,,,,,,
1767173117,181160156,12_1767173117-181160156.png,-8840,24728,-68000,68350,-0.084635417,0.236749387,122.93,287.84,-114,-80,587,-69,74,18,-37.37948858,-18.49546984,407.5398057,-58.39275454,90.3311947,9.609978872,-163.782739,265.9796848,-0.652656827,-0.028763457,-164,-87.37948858,,,,,,,
1767173117,214507813,13_1767173117-214507813.png,-11296,27169,-68150,68700,-0.10814951,0.260119868,122.35,293.3,-84,19,415,-18,62,19,-52.94584273,-9.890286004,441.2760142,-51.97897817,81.46778169,11.37441951,-231.9242843,317.8079507,-0.662906069,-0.028763457,-134,-102.9458427,,,,,,,
1767173117,247856689,14_1767173117-247856689.png,-14158,29979,-68500,67700,-0.135550705,0.287023208,122.38,295.58,-58,-226,180,-56,19,35,-56.79761362,-32.54229025,407.4819171,-48.89924064,72.00756051,14.97982786,-119.9778959,307.6879818,-0.673050383,-0.028763457,-108,-106.7976136,,,,,,,
1767173117,314553223,15_1767173117-314553223.png,-15997,31962,-68250,68400,-0.153157552,0.306008732,122.48,297.91,-63,-253,171,-55,35,35,-57.56751965,-64.04186026,373.1452255,-49.8188553,66.1566519,17.90761442,-206.8619508,325.9086831,-0.683088303,-0.028763457,-113,-107.5675197,,,,,,,
1767173117,347900879,16_1767173117-347900879.png,-19966,35787,-68250,68800,-0.191157322,0.342629825,122.74,302.93,-116,36,411,24,13,-14,-74.38672858,-61.61163516,391.5068997,-44.63336753,42.97194208,17.06308781,-202.7783753,326.5272641,-0.693018032,-0.028763457,-166,-124.3867286,,,,,,,
1767173117,381249756,17_1767173117-381249756.png,-22832,38639,-68700,67600,-0.218596814,0.369935279,123.06,304.82,72,82,362,38,67,-28,-60.31271445,-36.76405923,389.5556734,-29.34186142,43.43651406,9.231688333,-119.1787534,335.7207227,-0.702838172,-0.028763457,22,-110.3127145,,,,,,,
1767173117,414597412,18_1767173117-414597412.png,-25359,41179,-67900,68300,-0.242790671,0.3942536,123.47,306.72,163,-26,481,-10,147,-17,-24.13888437,-32.03378436,402.1963751,-24.72368253,59.20802006,4.406097366,-128.6791724,331.7454402,-0.712547125,-0.028763457,113,-74.13888437,,,,,,,
1767173117,481293945,19_1767173117-481293945.png,-28565,44446,-67950,68250,-0.273485371,0.425532322,125.25,310.26,17,-9,439,-42,62,9,2.21389798,-27.94955157,418.9347673,-28.05308878,61.6941454,3.171772355,-171.2524424,301.8510814,-0.724524626,-0.028763457,-33,-47.78610202,,,,,,,
1767173117,514642822,20_1767173117-514642822.png,-30826,46693,-68650,67700,-0.295132506,0.44704542,126.63,311.94,-63,61,395,-86,130,17,-2.864053491,-18.84307372,417.8869796,-34.0748745,67.89312748,4.748132822,-117.9620514,313.4125433,-0.731625279,-0.028763457,-113,-52.86405349,,,,,,,
1767173117,547990479,21_1767173117-547990479.png,-34364,50191,-68550,67650,-0.329005821,0.480535769,127.96,312.71,0,68,292,-64,155,12,-5.591655021,-1.965417411,398.2795402,-41.16801714,83.88136487,6.449703964,-116.4621493,314.5998406,-0.743314759,-0.028763457,-50,-55.59165502,,,,,,,
1767173117,581339355,22_1767173117-581339355.png,-36902,52774,-68000,68350,-0.353304994,0.505265778,130.92,313.78,-58,160,257,-83,144,34,1.581457763,24.39301954,376.2785934,-43.33554332,86.01294463,10.08035247,-182.4651798,342.9051182,-0.752534156,-0.083967517,-108,-48.41854224,,,,,,,
1767173117,648035889,23_1767173117-648035889.png,-39967,55775,-68200,68800,-0.38264974,0.533997779,132.43,314.02,-103,122,293,-84,102,33,-16.83015961,45.76250039,357.8588595,-51.35772002,91.38493203,14.68369256,-268.6534755,369.0177789,-0.761634511,-0.056904226,-153,-66.83015961,,,,,,,
1767173117,681383545,24_1767173117-681383545.png,-42621,58448,-68700,67650,-0.408059513,0.559589461,133.87,314.31,-94,-78,395,-124,78,10,-28.1156181,27.66324615,363.2904477,-61.9810598,89.4274951,13.9987408,-267.5551578,369.8802388,-0.77061429,-0.054104353,-144,-78.1156181,,,,,,,
1767173117,714732422,25_1767173117-714732422.png,-45969,61784,-68050,68350,-0.440113741,0.591528799,135.92,314.98,101,-177,471,-94,75,-4,-3.975162106,-23.20070164,391.7410514,-69.53760149,80.64689365,8.994481319,-479.5228134,361.2638073,-0.781667474,-0.045004398,51,-53.97516211,,,,,,,
1767173117,781428955,26_1767173117-781428955.png,-49799,65619,-68050,68350,-0.476782705,0.628245634,136.85,316.78,-127,10,334,-45,35,14,-13.18297203,-15.23529407,396.3831168,-66.81066031,74.6246042,11.00744481,-439.9844148,358.361907,-0.792527379,-0.067839733,-177,-63.18297203,,,,,,,
1767173117,814776611,27_1767173117-814776611.png,-50812,66709,-68650,67600,-0.486481311,0.638020833,137.21,318.68,-100,94,442,-74,35,-1,-26.61982122,-1.564515477,400.0919398,-67.06661722,68.82982967,9.662881,-462.2670233,341.9412093,-0.801074395,-0.027124974,-150,-76.61982122,,,,,,,
1767173117,848125488,28_1767173117-848125488.png,-55261,71069,-68650,67600,-0.52907667,0.680424709,137.57,320.96,-59,82,355,-60,80,-3,-33.30521393,13.19571026,394.6113062,-66.21743476,69.56435823,7.527675283,-460.2685825,368.5305943,-0.811579767,-0.018871293,-109,-83.30521393,,,,,,,
1767173117,914822021,29_1767173117-914822021.png,-58939,74766,-68750,67600,-0.564290365,0.715820313,138.82,325.54,-182,226,303,-155,156,48,-61.97232453,65.98073789,337.3478985,-95.25644434,110.3791664,20.91686598,-470.4020943,373.2055597,-0.821884469,0.03326108,-232,-111.9723245,,,,,,,
1767173117,948169678,30_1767173117-948169678.png,-61747,77551,-68000,68300,-0.591174556,0.742484298,139.54,326.86,32,31,275,-42,64,15,-69.57209708,78.92345348,332.3953605,-98.83745711,112.9358723,23.10752234,-466.7638722,355.5958452,-0.829982077,-0.036431431,-18,-119.5720971,,,,,,,
1767173118,14866211,31_1767173118-14866211.png,-65775,81578,-68050,68400,-0.6297392,0.781039369,140.58,330.27,-18,-60,332,-60,98,-3,-46.41332712,48.771619,317.3023809,-81.18903836,103.0877624,18.7853568,-472.5244392,384.4980671,-0.841881879,-0.036431431,-68,-96.41332712,,,,,,,
1767173118,48215088,32_1767173118-48215088.png,-67548,83426,-68650,67550,-0.646714154,0.798732384,140.58,330.27,-18,-60,332,-60,98,-3,-44.67202815,42.10559545,318.2031184,-79.89047693,102.775961,17.45025025,-445.1818935,389.7050667,-0.847719595,-0.036431431,-68,-94.67202815,,,,,,,
1767173118,81562988,33_1767173118-81562988.png,-70414,86233,-68050,68350,-0.674153646,0.825607001,141.48,333.55,-124,-54,342,-86,49,-11,-50.53959,23.29703879,334.5970773,-78.08346046,94.70629845,10.56553842,-441.9066169,389.769547,-0.855385837,-0.036431431,-174,-100.53959,,,,,,,
1767173118,114912109,34_1767173118-114912109.png,-73153,89033,-68100,68850,-0.700377221,0.852414599,141.81,335.23,-54,54,428,-68,103,6,-56.72180734,21.81448552,348.8285026,-77.22053429,92.38753675,8.231533344,-443.9302542,394.3622642,-0.862916791,-0.036431431,-104,-106.7218073,,,,,,,
1767173118,181608887,35_1767173118-181608887.png,-76491,92378,-68200,68950,-0.732335708,0.884440104,143.16,339.74,68,115,329,-26,91,-11,-37.85992392,26.01653948,364.104863,-70.77750601,94.13140464,6.749973914,-459.4537246,388.1821852,-0.872138252,-0.036431431,18,-87.85992392,,,,,,,
1767173118,214956787,36_1767173118-214956787.png,-80243,96058,-68600,67550,-0.768257889,0.919672947,144.13,341.8,60,122,371,-34,50,-5,-12.81050296,49.07963024,361.5522573,-60.85696079,87.35990431,3.231116434,-461.2409829,395.0456121,-0.881144131,-0.036431431,10,-62.81050296,,,,,,,
1767173118,281653564,37_1767173118-281653564.png,-83454,99273,-68600,67600,-0.79900046,0.950453814,146.64,345.39,-11,32,255,-67,144,9,0.524556209,61.47311059,349.8521879,-62.76506601,92.49672928,4.27335283,-506.4186095,399.8817782,-0.891663484,-0.036431431,-61,-49.47544379,,,,,,,
1767173118,315002441,38_1767173118-315002441.png,-87070,102877,-68000,68400,-0.833620558,0.984959023,149,349.63,-35,-302,169,-98,36,17,-19.79700309,20.00369904,311.763349,-72.6472187,90.15190333,7.869635397,-502.638138,399.4261174,-0.900187264,-0.036431431,-85,-69.79700309,,,,,,,
1767173118,381699463,39_1767173118-381699463.png,-90894,106712,-68000,68200,-0.870232077,1.021675858,150.89,353.45,219,26,369,19,-9,-3,3.913278926,-17.07805984,297.5940723,-67.80227959,75.56910283,8.242240817,-498.5719662,394.2390351,-0.90848847,0.080576578,169,-46.08672107,,,,,,,
1767173118,415047363,40_1767173118-415047363.png,-93822,109651,-68200,68750,-0.898265165,1.049814262,151.38,355.86,169,-45,525,50,-60,-9,42.09658156,-14.95007064,325.8913032,-47.76085253,54.16102986,5.466913675,-498.5719662,394.2390351,-0.916565106,0.10552986,119,-7.903418444,,,,,,,
1767173118,481744141,41_1767173118-481744141.png,-97104,112921,-68050,68800,-0.9296875,1.081121706,151.33,359.64,150,-95,575,13,-49,-26,64.51644266,-28.22899747,372.7392224,-33.76001003,33.10141433,0.10819374,-503.3733803,406.7298732,-0.922863415,0.113089554,100,14.51644266,,,,,,,
1767173118,515093018,42_1767173118-515093018.png,-100316,116126,-68700,67600,-0.960439645,1.111806832,152.17,366.78,-70,64,277,-103,134,29,40.7019567,-10.54102365,356.9268057,-39.79239449,42.0866171,2.841625785,-503.3733803,406.7298732,-0.930530789,0.123143533,-120,-9.298043303,,,,,,,
1767173118,581789795,43_1767173118-581789795.png,-103736,119542,-68700,67650,-0.993183211,1.144512102,153.09,373.11,-137,159,121,-70,210,18,11.46473133,4.400925655,321.454504,-51.90092352,79.02311,6.645615627,-510.1244334,403.5101566,-0.937968132,0.145961712,-187,-38.53526867,,,,,,,
1767173118,615137939,44_1767173118-615137939.png,-106604,122471,-68000,68450,-1.02064185,1.172554764,153.63,378.47,20,84,421,-38,122,-1,-3.064939945,30.04438102,312.2949041,-52.14422249,97.84219423,6.925981446,-510.1725209,416.0373902,-0.94375112,0.169293466,-30,-53.06493995,,,,,,,
1767173118,648486816,45_1767173118-648486816.png,-109259,125145,-68100,68700,-1.046061198,1.19815602,154.27,383.7,-27,92,447,-58,36,18,-5.952303022,40.53873832,334.8832288,-52.62470363,89.44026516,8.334835582,-555.4783051,445.3713436,-0.949384771,0.136525513,-77,-55.95230302,,,,,,,
1767173118,715183594,46_1767173118-715183594.png,-112942,128825,-68650,67700,-1.081322763,1.233388863,155.98,390.68,35,32,615,-106,10,10,6.510345816,47.1867774,384.4170534,-60.56116165,72.2129836,9.004995714,-542.7891412,427.6332417,-0.957553418,0.136525513,-15,-43.48965418,,,,,,,
1767173118,748531494,47_1767173118-748531494.png,-115954,131831,-68650,67650,-1.11016008,1.262168735,156.87,394.45,87,22,480,-90,52,-20,19.03840394,43.099833,404.5229507,-66.07387464,67.6037086,4.789694074,-540.1067601,425.3603826,-0.962809966,0.136525513,37,-30.96159606,,,,,,,
1767173118,781880615,48_1767173118-781880615.png,-118004,133806,-68150,68700,-1.129787071,1.281077665,158.59,405.51,88,5,475,-91,73,9,34.4435298,35.72513879,421.7209534,-71.47437216,68.81139416,3.89950629,-563.869659,449.9111869,-0.969166265,0.136525513,38,-15.5564702,,,,,,,
1767173118,848577393,49_1767173118-848577393.png,-121957,137764,-68200,68700,-1.167633655,1.31897212,159.54,409,89,60,570,-86,74,14,43.8452148,38.45862752,444.8214268,-74.11751421,69.6814963,5.512165036,-561.8728092,448.3708241,-0.974078932,0.136525513,39,-6.154785198,,,,,,,
1767173118,881925293,50_1767173118-881925293.png,-125504,141327,-68200,68750,-1.201593137,1.353084789,162.13,416.61,29,-87,385,-91,85,-16,48.80240125,15.37478393,464.0255876,-83.58248352,65.61473197,1.859300634,-539.4867525,444.3392289,-0.980002934,0.136525513,-21,-1.197598749,,,,,,,
1767173118,948622314,51_1767173118-948622314.png,-128380,144262,-68700,67700,-1.22912837,1.381184896,163.51,142.05,18,-63,416,-103,102,0,43.77155894,1.192533189,454.9021566,-86.61925488,71.45093773,1.112787565,-225.2859983,257.5767548,-0.984567726,0.136525513,-32,-6.228441061,,,,,,,
1767173118,981971191,52_1767173118-981971191.png,-132196,148003,-68700,67650,-1.265663297,1.417001762,166.4,150.88,-14,140,440,-4,47,-3,34.35262138,33.45404696,457.4795502,-66.84338242,71.93910614,-0.127031891,-182.3314699,242.8921535,-0.991122697,0.136525513,-64,-15.64737862,,,,,,,
1767173119,48668213,53_1767173119-48668213.png,-135818,151703,-68050,68350,-1.300340839,1.452426088,170.08,158.89,-138,27,663,-26,91,27,-6.016032247,33.01530755,517.6611729,-54.27884466,76.40237018,6.462917241,-207.9849454,249.5329084,-0.996315728,0.136525513,-188,-56.01603225,,,,,,,
1767173119,82016113,54_1767173119-82016113.png,-138877,154777,-68200,68800,-1.32962814,1.481857001,172.03,163.38,-10,-40,571,26,49,4,-10.10608925,22.17756055,529.3238761,-41.78721791,72.78292511,6.648502524,-198.0400822,247.2495892,-1.001262417,0.232134854,-60,-60.10608925,,,,,,,
1767173119,115365234,55_1767173119-115365234.png,-141615,157501,-68600,67650,-1.355842142,1.507936964,175.95,454.88,46,30,493,3,116,8,-1.436467573,8.218237023,520.4639069,-33.03136631,75.18670662,3.759433798,-468.5202195,387.0939009,-1.005041575,0.232134854,-4,-51.43646757,,,,,,,
1767173119,182062256,56_1767173119-182062256.png,-144625,160501,-68650,67550,-1.384660309,1.53665939,178.13,459.38,-68,207,466,-84,100,24,-7.505505211,38.97148501,510.3769164,-37.70103019,81.9690216,7.047112511,-491.2193483,407.5638185,-1.00866181,0.232134854,-118,-57.50550521,,,,,,,
1767173119,215410400,57_1767173119-215410400.png,-147070,162971,-68200,68900,-1.408069087,1.560307521,180.43,464,-43,87,418,-97,95,10,-12.69628499,45.99526282,496.8675473,-46.3730199,83.8746957,7.478948174,-447.5521765,374.6418943,-1.012122388,0.232134854,-93,-62.69628499,,,,,,,
1767173119,248759521,58_1767173119-248759521.png,-150840,166646,-68150,68750,-1.444163603,1.595492494,185.48,473.94,-10,-74,575,-101,85,-23,-10.59192356,14.08918488,508.809738,-66.55100107,90.29766491,2.087865856,-431.2678776,365.0551059,-1.016222857,0.232134854,-60,-60.59192356,,,,,,,
1767173119,315456543,59_1767173119-315456543.png,-153147,168973,-68750,67650,-1.466251149,1.617771523,190.74,487.18,-90,64,615,-74,46,10,-25.12399714,2.858641619,511.08802,-73.24672381,83.6982128,0.638783129,-429.5590659,362.9210944,-1.020072124,0.232134854,-140,-75.12399714,,,,,,,
1767173119,348804688,60_1767173119-348804688.png,-157377,173204,-68500,67600,-1.50674977,1.658279718,193.41,492.7,-106,-10,420,-71,74,6,-41.96430975,5.702458911,505.7962431,-72.97636318,79.36705179,2.146142552,-354.4813582,355.3971026,-1.023669189,0.232134854,-156,-91.96430975,,,,,,,
1767173119,382153809,61_1767173119-382153809.png,-160256,176074,-68000,68450,-1.534313725,1.685757506,196,498.62,-240,-39,402,-48,76,19,-70.925411,-0.834910374,490.6168908,-69.32377419,78.87464799,4.610881466,-350.5454546,343.1554451,-1.026364707,0.232134854,-290,-120.925411,,,,,,,
1767173119,448850830,62_1767173119-448850830.png,-163327,179147,-68200,68850,-1.563715916,1.715178845,203.22,517.14,22,-83,561,-59,82,24,-60.5385735,-21.1855362,502.2503736,-65.0915223,84.41678897,8.897707408,-351.2666051,338.0265384,-1.028897773,0.232134854,-28,-110.5385735,,,,,,,
1767173119,515547852,63_1767173119-515547852.png,-167014,182819,-68200,68800,-1.599015778,1.750335095,208.96,528.64,60,-47,506,-77,3,2,-21.89259163,-30.04543719,500.2522028,-68.5370028,72.67821313,8.253041789,-334.1662795,331.4034081,-1.032392107,0.30879409,10,-71.89259163,,,,,,,
1767173119,548895996,64_1767173119-548895996.png,-170357,186171,-68700,67650,-1.631022135,1.782427619,211.54,534.46,109,-60,465,-83,42,8,1.534181996,-35.31314749,495.3975937,-71.0949007,64.5460567,7.888863496,-331.6048802,329.5013824,-1.03502331,0.354940408,59,-48.465818,,,,,,,
1767173119,582245117,65_1767173119-582245117.png,-173086,188893,-68050,68250,-1.657149969,1.808488434,216.94,549.39,-29,0,658,-110,47,11,-1.92049893,-27.88938778,519.8596558,-76.21174481,59.96380508,8.506623338,-307.0278378,325.1895127,-1.036944115,0.339303815,-79,-51.92049893,,,,,,,
1767173119,648942139,66_1767173119-648942139.png,-176774,192594,-68000,68350,-1.692459406,1.843922335,219.86,554.83,-33,35,623,-110,30,9,-8.558008853,-16.53736333,545.6169571,-83.76376188,54.58015235,8.771434607,-212.6076467,313.416842,-1.039114325,0.351348583,-83,-58.55800885,,,,,,,
1767173119,682290283,67_1767173119-682290283.png,-179649,195461,-68200,68900,-1.719985064,1.8713714,225.82,566.32,-26,123,339,-39,49,-4,-2.82363746,-0.224455325,517.4945278,-80.36646666,59.92426925,6.921884207,-213.4103609,312.1249433,-1.040665549,0.351348583,-76,-52.82363746,,,,,,,
1767173119,715639404,68_1767173119-715639404.png,-182711,198675,-68100,68900,-1.749301088,1.902142693,228.79,572.43,-39,117,353,-74,127,2,-9.904932858,26.44000687,479.6465796,-76.23910657,68.88944703,5.35818349,-198.5758311,317.6533413,-1.042373035,0.351348583,-89,-59.90493286,,,,,,,
1767173119,782336426,69_1767173119-782336426.png,-185916,201740,-68650,67600,-1.779986213,1.931487439,234.74,586.19,-119,44,154,-24,161,-13,-37.5698995,28.34080041,412.5214942,-69.35725778,96.85801609,0.682367528,-198.3453616,316.4376726,-1.043822793,0.351348583,-169,-87.5698995,,,,,,,
1767173119,815684570,70_1767173119-815684570.png,-189133,205017,-68100,68300,-1.810786229,1.962861903,237.88,594,-27,121,541,-65,62,-1,-38.18811853,42.30758961,424.4402947,-67.51468894,93.46487006,0.072730222,-163.4140139,312.6091187,-1.044796845,0.351348583,-77,-88.18811853,,,,,,,
1767173119,849033691,71_1767173119-849033691.png,-192061,207887,-68050,68900,-1.838819317,1.990339691,244.44,604.96,9,1,137,-1,251,-26,-45.76079932,30.77657171,378.3081062,-61.26237393,116.7222297,-2.874480688,-159.4040146,313.1179399,-1.04560558,0.351348583,-41,-95.76079932,,,,,,,
1767173119,915730957,72_1767173119-915730957.png,-195341,211227,-68100,68900,-1.870222503,2.022317325,250.76,619.34,110,-43,381,-66,95,-6,-10.53462235,-2.142558275,327.8949451,-48.02854878,140.7415441,-8.293026206,-143.2685565,301.1167223,-1.046383889,0.351348583,60,-60.53462235,,,,,,,
1767173119,949078857,73_1767173119-949078857.png,-198203,214163,-68650,67750,-1.897623698,2.050427007,250.76,619.34,110,-43,381,-66,95,-6,-6.782773805,-3.414316799,329.5479317,-48.58794128,139.3177594,-8.221651801,-108.7718472,318.9764771,-1.046820248,0.351348583,60,-56.7827738,,,,,,,
1767173119,982427979,74_1767173119-982427979.png,-200811,216611,-68050,68500,-1.922593061,2.073864507,255.66,628.89,126,-5,660,-79,9,-11,28.74780177,-12.14813607,371.4857788,-56.31638904,117.2397601,-8.044602365,-105.1213517,315.895035,-1.047090958,0.351348583,76,-21.25219823,,,,,,,
1767173120,49124756,75_1767173120-49124756.png,-203878,219753,-68200,68750,-1.951956955,2.103946461,257.52,634.13,27,25,673,-74,-4,-20,33.58065051,-6.341518451,430.6754727,-60.0893294,93.84609193,-9.947614515,-84.6274302,311.8491108,-1.047196419,0.425472991,-23,-16.41934949,,,,,,,
1767173120,82472656,76_1767173120-82472656.png,-206952,222824,-68650,67650,-1.981387868,2.133348652,261.61,649.25,-2,10,394,-41,-23,-26,18.6906836,10.49398584,451.8098904,-66.04571648,78.05775024,-11.48768758,-86.60489562,312.0366769,-1.047043021,0.431307169,-52,-31.3093164,,,,,,,
1767173120,115821289,77_1767173120-115821289.png,-209879,225758,-68000,68300,-2.009411382,2.161439185,263.67,654.56,47,-11,504,-79,-5,-8,21.23195591,7.312496626,454.9753957,-66.00493476,58.10267296,-12.09898342,-74.31897199,314.2573786,-1.046733895,0.44079858,-3,-28.76804409,,,,,,,
1767173120,182517822,78_1767173120-182517822.png,-213841,229720,-68050,68400,-2.047344133,2.199371936,267.35,666.2,-86,-88,447,-115,1,11,8.517721552,-19.27556457,474.538087,-77.78908726,37.25353892,-7.335180571,-99.12797743,327.0273447,-1.046114577,0.44079858,-136,-41.48227845,,,,,,,
1767173120,215865479,79_1767173120-215865479.png,-217127,232928,-68000,68400,-2.078804764,2.230085784,268.95,672.86,9,-31,581,-58,36,-5,8.588250834,-20.99016744,490.1072717,-74.89509497,37.0702191,-6.993679497,-94.73847306,325.8333127,-1.045236666,0.44079858,-41,-41.41174917,,,,,,,
1767173120,282562012,80_1767173120-282562012.png,-220119,235931,-68050,68800,-2.107450597,2.258836933,272.25,690.5,113,13,597,-71,32,-8,29.15294138,-10.27727373,523.7052086,-69.71892635,32.69917427,-6.642214172,-79.77179182,317.2843707,-1.044100361,0.44079858,63,-20.84705862,,,,,,,
1767173120,349258301,81_1767173120-349258301.png,-224500,240301,-68150,68850,-2.149394914,2.300675934,275.49,705.53,127,-174,462,-157,200,3,47.56339865,-37.93142003,513.4695808,-87.76208009,62.8215944,-5.526500866,-75.41462719,317.6738317,-1.042396138,0.44079858,77,-2.436601346,,,,,,,
1767173120,382607178,82_1767173120-382607178.png,-227564,243371,-68650,67650,-2.178730086,2.330068551,277.16,713.52,245,-176,489,-197,222,17,76.43688805,-58.12282149,509.8911046,-103.7372331,86.10013534,-2.232184212,-73.86731943,316.6604879,-1.041053772,0.44079858,195,26.43688805,,,,,,,
1767173120,449303711,83_1767173120-449303711.png,-231246,247196,-68650,67650,-2.213982077,2.366689645,281.2,730.73,137,18,677,-126,93,-11,116.3281342,-50.2213801,544.7059889,-114.517098,105.4503896,-0.988313113,-91.35760528,320.0730722,-1.038731429,0.44079858,87,66.32813419,,,,,,,
1767173120,482651367,84_1767173120-482651367.png,-234122,250007,-68050,68350,-2.24151731,2.393602558,286.96,744.57,-1,-26,310,-75,113,-7,102.8727226,-47.99980999,527.0945006,-108.4777609,111.6600214,-3.66204996,-77.11025622,312.1318212,-1.036977737,0.44079858,-51,52.87272263,,,,,,,
1767173120,516000000,85_1767173120-516000000.png,-237055,252946,-68100,68850,-2.269598269,2.421740962,290.18,749.56,-93,-103,378,-116,26,18,68.79308675,-54.8920595,493.9317831,-107.8261963,99.20305401,-0.668801128,-86.87906918,309.697618,-1.03455486,0.511038882,-143,18.79308675,,,,,,,
1767173120,582696533,86_1767173120-582696533.png,-240191,256086,-68150,68850,-2.299622779,2.451803768,296.81,762.29,99,-14,247,-78,2,14,57.29394445,-72.4792606,463.7265922,-108.3393285,83.1132088,1.299450947,-79.18577993,297.1997588,-1.032432453,0.523654935,49,7.293944453,,,,,,,
1767173120,616044189,87_1767173120-616044189.png,-242720,258529,-68100,68300,-2.323835784,2.475193398,300.35,766.29,196,88,289,-23,72,4,74.35412884,-51.63600217,424.4936403,-97.33732388,73.34230292,2.916286057,-55.25332463,304.090554,-1.030146662,0.548350736,146,24.35412884,,,,,,,
1767173120,649392822,88_1767173120-649392822.png,-245933,261732,-68000,68300,-2.354597503,2.505859375,303.85,770.48,71,180,374,-68,101,16,80.22839639,-10.45506492,410.0200306,-89.15748655,77.31678282,4.886374609,-85.12382591,320.9101698,-1.027697886,0.549917207,21,30.22839639,,,,,,,
1767173120,682740723,89_1767173120-682740723.png,-248591,264538,-68100,68800,-2.380045573,2.532724418,310.74,779.25,16,-103,536,-148,-6,25,49.49133736,-16.61328964,431.1912978,-102.9006858,62.83225745,9.703894131,-64.62490413,292.7572091,-1.024408283,0.549739632,-34,-0.508662638,,,,,,,
1767173120,749437012,90_1767173120-749437012.png,-251654,267479,-68550,67700,-2.40937117,2.56088197,313.51,787.16,27,-184,450,-108,23,7,44.14810908,-43.39046706,441.7845877,-107.1032531,52.61023386,10.60251009,-63.16123813,282.2770102,-1.021594253,0.545161938,-23,-5.851890919,,,,,,,
1767173120,782785889,91_1767173120-782785889.png,-254258,270064,-67950,68500,-2.434302237,2.585631127,317.89,799.92,25,-127,555,-103,52,0,46.91945737,-59.79342524,469.0002621,-105.3499087,49.41665331,7.995525947,-61.27105108,305.6747634,-1.017849449,0.560401757,-25,-3.080542626,,,,,,,
1767173120,816133545,92_1767173120-816133545.png,-257940,273756,-67950,68350,-2.469554228,2.62097886,319.7,807.55,-38,-146,547,-89,47,16,35.081799,-75.39568847,485.1262108,-103.2199142,49.33554622,8.308915908,-59.67828584,295.543618,-1.014672365,0.560401757,-88,-14.918201,,,,,,,
1767173120,882829834,93_1767173120-882829834.png,-261218,277028,-68250,68850,-2.500938266,2.652305453,319.7,828.98,-208,93,528,-54,59,3,8.74073602,-60.19319549,505.616151,-93.7782752,59.43306398,8.682133621,-31.1952768,244.1500926,-1.010475356,0.560401757,-258,-41.25926398,,,,,,,
1767173120,916178711,94_1767173120-916178711.png,-264157,279966,-68700,67600,-2.52907667,2.680434283,321.68,838.21,-144,188,436,-99,138,0,-26.69212511,-18.48726511,499.1299485,-91.2263417,68.73332927,7.197426087,-29.87610066,249.4770255,-1.006937813,0.560401757,-194,-76.69212511,,,,,,,
1767173120,949526367,95_1767173120-949526367.png,-267022,282840,-68000,68350,-2.556506587,2.707950368,323.94,846.8,-133,128,456,-136,135,8,-45.35620453,8.422637253,491.1448866,-97.98070594,80.26502925,7.123526528,-24.26099762,249.3512173,-1.003240946,0.560401757,-183,-95.35620453,,,,,,,
1767173121,16222656,96_1767173121-16222656.png,-270642,286595,-68100,68400,-2.591164982,2.743901271,327.49,864.04,-79,39,491,-132,113,4,-49.85729523,11.71786182,484.9877057,-101.7096071,80.39952018,5.402761823,-30.64485162,237.143806,-0.997398236,0.560401757,-129,-99.85729523,,,,,,,
1767173121,49571533,97_1767173121-49571533.png,-273028,288921,-68100,68850,-2.614008885,2.766170726,329.42,876.09,-5,118,676,-161,-17,15,-43.2972824,27.26075594,512.9216927,-110.3803425,66.15563635,6.806279473,-21.84856904,208.6201551,-0.994343591,0.560401757,-55,-93.2972824,,,,,,,
1767173121,82918945,98_1767173121-82918945.png,-276093,291988,-68550,67550,-2.643353631,2.794893153,334.24,893.7,55,-33,579,-106,12,2,-31.60390569,33.27874558,545.1243132,-117.610052,53.48036184,8.048396514,-21.2126838,197.9415002,-0.989056017,0.560401757,5,-81.60390569,,,,,,,
1767173121,149615234,99_1767173121-149615234.png,-279040,294930,-68050,68450,-2.671568627,2.823701746,336.65,900.53,88,-63,441,-96,105,-12,-7.421075777,14.07752018,532.5144999,-113.5526696,57.80957103,4.64913308,-22.26177755,191.6869106,-0.984649817,0.560401757,38,-57.42107578,,,,,,,
1767173121,182964111,100_1767173121-182964111.png,-281844,297648,-68100,68800,-2.698414522,2.849724265,338.63,907.88,-30,-12,422,-102,113,-3,-10.72305892,10.26389598,516.3526575,-111.8631861,65.88072022,3.53050988,-76.76458454,227.1735747,-0.980087823,0.560401757,-80,-60.72305892,,,,,,,
1767173121,216311523,101_1767173121-216311523.png,-284907,300714,-68650,67600,-2.727740119,2.879078585,342.08,928.51,32,-45,486,-136,93,-13,-7.181856094,-6.749822778,503.0498998,-114.0475797,77.85504803,0.385424465,-22.47627193,178.526767,-0.975370765,0.637764665,-18,-57.18185609,,,,,,,
1767173121,283007813,102_1767173121-283007813.png,-289344,305368,-68150,68800,-2.770220588,2.923636642,348.15,950.6,-226,146,429,-184,53,24,-57.85550848,38.02959679,461.9342206,-123.0541261,66.9806533,2.493641404,-25.26236102,164.0132535,-0.968006059,0.647329071,-276,-107.8555085,,,,,,,
1767173121,316356445,103_1767173121-316356445.png,-291870,307677,-68000,68250,-2.794404871,2.945743336,348.15,950.6,-226,146,429,-184,53,24,-63.08929653,41.39036229,460.909086,-124.9511718,66.54548129,3.163064004,-24.94811994,162.4031086,-0.961605485,0.654692039,-276,-113.0892965,,,,,,,
1767173121,383052734,104_1767173121-383052734.png,-295287,311096,-68050,68350,-2.827119715,2.978477328,356.29,971.24,48,-144,242,-144,107,15,-53.4224435,21.1017568,443.5032054,-131.8689057,67.8731047,5.675732626,-26.70122021,152.7022617,-0.954967156,0.656830653,-2,-103.4224435,,,,,,,
1767173121,416400391,105_1767173121-416400391.png,-298557,314383,-68150,68900,-2.85842716,3.009947534,359.84,979.29,76,-82,397,-145,168,12,-29.18882191,-2.61452222,426.1593976,-134.4239466,84.56305069,7.088471371,-30.82811022,150.5486195,-0.949486437,0.679201849,26,-79.18882191,,,,,,,
1767173121,449749023,106_1767173121-449749023.png,-301230,317031,-68600,67700,-2.884018842,3.035299862,365.82,997.27,12,-102,433,-110,109,-34,-13.71101469,-13.13055482,433.434228,-132.6118116,93.17854313,3.529949394,-32.46711221,140.5292399,-0.943855516,0.680866908,-38,-63.71101469,,,,,,,
1767173121,516445313,107_1767173121-516445313.png,-304573,320523,-68550,67450,-2.916025199,3.068732767,368.16,1006.53,53,-125,515,-153,118,-35,-1.34700302,-38.50527554,445.3185084,-133.2997231,98.41337348,-5.91169953,-40.15877798,138.6640396,-0.936606924,0.650965581,3,-51.34700302,,,,,,,
1767173121,549792969,108_1767173121-549792969.png,-308114,323929,-68150,68300,-2.949927237,3.101342295,371.95,1027.55,61,-48,442,-127,85,-13,9.069297414,-39.82599542,443.9811158,-131.3528105,99.08600962,-8.440525815,-50.4450919,126.8809087,-0.929126837,0.679159096,11,-40.93070259,,,,,,,
1767173121,616489014,109_1767173121-616489014.png,-310913,326807,-68150,68800,-2.97672526,3.128896676,373.56,1035.7,55,-27,485,-116,93,-6,17.16633011,-38.16752013,449.9271449,-128.9919128,97.82164898,-8.204785516,-51.00032258,122.4074085,-0.921416986,0.679159096,5,-32.83366989,,,,,,,
1767173121,649837646,110_1767173121-649837646.png,-313921,329744,-68200,68800,-3.00552428,3.157015931,375.74,1053.04,128,-84,387,-136,184,3,34.76163223,-44.52954234,444.4365065,-127.5109199,107.6138596,-7.260241982,-45.32839769,103.6139789,-0.915085054,0.679159096,78,-15.23836777,,,,,,,
1767173121,683185303,111_1767173121-683185303.png,-316515,332394,-68550,67700,-3.030359605,3.182387408,376.4,1066.11,134,-58,297,-138,161,1,53.81844185,-50.01385913,424.8863463,-129.3775534,120.6998148,-5.403934304,-51.00038752,96.75771642,-0.908608313,0.679159096,84,3.818441846,,,,,,,
1767173121,749881592,112_1767173121-749881592.png,-320000,335816,-68000,68300,-3.06372549,3.215150123,376.6,1074.8,39,11,451,-137,118,-19,55.84664259,-41.50893345,422.0139578,-130.9434195,122.4135839,-7.057179768,-52.53672054,102.8807662,-0.900310302,0.679159096,-11,5.846642587,,,,,,,
1767173121,783230225,113_1767173121-783230225.png,-322044,337867,-68100,68750,-3.083295037,3.234786688,376.9,1092.88,-99,-72,350,-113,101,-11,46.1509707,-42.87467571,421.8372693,-128.4001597,122.7281126,-9.188479511,-61.71250817,95.12349892,-0.893511585,0.679159096,-149,-3.849029297,,,,,,,
1767173121,816577637,114_1767173121-816577637.png,-325669,341472,-68600,67450,-3.118001302,3.269301471,377.3,1102.98,-80,-133,464,-70,-23,-7,19.58666116,-55.90553341,421.1176948,-120.2332669,103.6808328,-9.072928863,-49.40333629,73.4022336,-0.88657152,0.679159096,-130,-30.41333884,,,,,,,
1767173121,849926270,115_1767173121-849926270.png,-328410,344248,-68050,68400,-3.144244026,3.295879289,378.42,1131.7,67,-286,339,-29,-87,-21,15.29807472,-83.34398144,411.1476884,-101.7563707,66.61617801,-12.07257969,-65.73244321,67.31873178,-0.879491107,0.679159096,17,-34.70192528,,,,,,,
1767173121,916622559,116_1767173121-916622559.png,-329397,345243,-31650,32000,-3.153693704,3.305405561,379.4,1141.16,-33,-43,288,-73,25,-4,13.68288104,-94.71253092,390.7622698,-92.53735988,49.42062607,-11.82541707,-68.70367414,72.93195724,-0.870445081,0.679159096,-83,-36.31711896,,,,,,,
1767173121,949969971,117_1767173121-949969971.png,-329036,344864,14350,-14150,-3.150237439,3.301776961,380.64,1150.31,-54,65,435,-40,-40,-22,4.360810434,-74.31815194,393.1996931,-85.75933946,38.12644004,-12.81965444,-69.86628172,68.80292511,-0.863053278,0.679159096,-104,-45.63918957,,,,,,,
1767173121,983318604,118_1767173121-983318604.png,-328248,344033,18550,-20350,-3.142693015,3.293820849,384.19,1166.56,-122,-98,316,-71,78,-7,-15.6693464,-66.59660928,379.2219012,-77.89537716,32.78734289,-14.86018972,-71.20338109,84.26028705,-0.857419693,0.774013883,-172,-65.6693464,,,,,,,
1767173122,16666260,119_1767173122-16666260.png,-326663,342480,36850,-36350,-3.127517999,3.278952206,386.72,1172.53,61,-62,452,-101,52,4,-8.982336079,-69.57405938,378.9768116,-79.24131496,39.41185401,-12.30389769,-72.86550146,90.10148621,-0.84978967,0.773307055,11,-58.98233608,,,,,,,
1767173122,50015137,120_1767173122-50015137.png,-324883,340630,54150,-53250,-3.110476026,3.261240043,390.57,1173.12,109,-28,451,-69,51,-13,8.814809944,-64.22548216,391.477612,-79.1995475,41.46848031,-11.506142,-69.67380175,86.57541656,-0.842025157,0.782995911,59,-41.18519006,,,,,,,
1767173122,116712158,121_1767173122-116712158.png,-320573,336383,68300,-67600,-3.069211474,3.220578661,417.91,1151.49,-31,-11,518,-119,73,-11,4.564878308,-53.62074939,412.104046,-82.75987677,46.61421318,-12.7449907,-68.87998423,110.7763078,-0.832132313,0.808418849,-81,-45.43512169,,,,,,,
1767173122,150060059,122_1767173122-150060059.png,-318458,334211,68250,-68700,-3.048962163,3.199783624,417.91,1151.49,-119,-70,644,-102,70,-4,-3.007743996,-54.62454496,426.3156933,-83.93899974,48.04740143,-12.20905758,-67.35371679,124.981319,-0.824069792,0.808418849,-169,-53.007744,,,,,,,
1767173122,183408936,123_1767173122-183408936.png,-315325,331145,67750,-68100,-3.018966376,3.170429305,432.62,1119.84,-79,-7,505,-79,80,1,-17.20344973,-48.06844257,443.6075252,-83.69667704,53.30359154,-10.05918762,-56.32203004,153.7021363,-0.8138085,0.808418849,-129,-67.20344973,,,,,,,
1767173122,250105713,124_1767173122-250105713.png,-312245,328066,68600,-67750,-2.989478018,3.140950521,466.69,1063.05,43,-13,409,-94,188,-20,-7.833529333,-41.44456227,439.1596662,-84.95993769,85.89196128,-11.49039443,-51.68919826,211.6832561,-0.805454496,0.808418849,-7,-57.83352933,,,,,,,
1767173122,283453613,125_1767173122-283453613.png,-310336,326087,68250,-68800,-2.97120098,3.122003294,481.47,1032.42,-10,-16,418,-84,145,-20,-6.696649709,-37.64121761,435.8183819,-85.09383922,95.71545256,-12.7348547,-49.13351366,233.7638917,-0.794832878,0.808418849,-60,-56.69664971,,,,,,,
1767173122,316802734,126_1767173122-316802734.png,-306313,322123,68250,-68800,-2.932684206,3.084051394,505.88,958.55,-15,129,741,-168,27,15,-8.273295666,-18.76114698,458.8039517,-92.05352451,94.18364194,-10.91729919,-36.03571939,265.7852409,-0.786193983,0.808418849,-65,-58.27329567,,,,,,,
1767173122,383499512,127_1767173122-383499512.png,-303451,319120,67850,-68150,-2.905283012,3.055300245,513.39,934.79,-7,47,641,-178,20,15,-8.826275219,4.522268814,509.9962881,-110.2164643,78.33572428,-5.124520462,29.04419953,307.4365087,-0.777430718,0.808418849,-57,-58.82627522,,,,,,,
1767173122,416847412,128_1767173122-416847412.png,-300095,315912,68750,-67850,-2.873152191,3.024586397,518.38,897.85,104,89,362,-87,67,-24,-1.661053679,14.86157978,507.1996617,-113.5261303,68.29433922,-5.191592265,60.11231065,277.1003881,-0.766303831,0.808418849,54,-51.66105368,,,,,,,
1767173122,483544434,129_1767173122-483544434.png,-296755,312580,68600,-67900,-2.841174556,2.992685355,517.77,882.38,150,-8,400,-108,31,-20,28.68238548,17.24680993,480.3032569,-110.66835,62.74033551,-8.810494479,68.54376447,283.3877909,-0.75498746,0.808418849,100,-21.31761452,,,,,,,
1767173122,516893311,130_1767173122-516893311.png,-294025,309837,68350,-68900,-2.815037148,2.966423483,514.83,862.84,15,-64,303,-58,59,-19,26.68144842,5.365127963,454.3741046,-102.9660343,62.19334201,-10.30062639,53.14712039,295.8462455,-0.745799821,0.840927042,-35,-23.31855158,,,,,,,
1767173122,550241211,131_1767173122-550241211.png,-291439,307253,67800,-68200,-2.790278416,2.9416839,510.48,832.77,-301,-229,651,-187,89,-38,-16.23321381,-27.73192299,478.371023,-108.9798622,67.51986945,-13.16655686,41.82366154,311.5641079,-0.73649427,0.829250402,-351,-66.23321381,,,,,,,
1767173122,616937988,132_1767173122-616937988.png,-287607,303365,68700,-67800,-2.753590303,2.904459635,505.66,808.31,-54,-63,859,-101,-116,-31,-53.03332678,-62.99026226,538.1789682,-114.1211661,40.79712601,-19.18034622,57.04964525,294.7032247,-0.72469853,0.827340295,-104,-103.0333268,,,,,,,
1767173122,650287109,133_1767173122-650287109.png,-284745,300555,68250,-68900,-2.726189108,2.877556296,502.91,796.94,117,-127,706,-97,-82,-15,-28.24203553,-72.3519157,587.5107168,-110.6034853,10.72360324,-19.48228925,33.06536841,305.1860027,-0.712723693,0.836789767,67,-78.24203553,,,,,,,
1767173122,683635010,134_1767173122-683635010.png,-281952,297755,67800,-68100,-2.699448529,2.850748698,499.94,780,-31,-69,439,-119,37,-16,-28.64536529,-71.86172542,565.7922382,-111.831407,14.56631152,-18.97303291,36.71047404,303.9239082,-0.703016804,0.79059234,-81,-78.64536529,,,,,,,
1767173122,716983887,135_1767173122-716983887.png,-279150,294967,67800,-68000,-2.672621783,2.82405599,493.93,758.36,15,49,548,-111,-60,8,-22.23624323,-56.35903411,565.4095515,-115.3716609,9.614649209,-16.29530421,42.81164744,296.2818458,-0.693198661,0.818448775,-35,-72.23624323,,,,,,,
1767173122,750331787,136_1767173122-750331787.png,-276621,292363,68300,-68800,-2.648408778,2.799124923,493.93,747.38,11,-43,428,-131,-41,8,-14.38881941,-43.74105348,547.2607361,-116.7708178,-3.687475565,-10.86505778,15.42487806,313.8401194,-0.685763049,0.812387037,-39,-64.38881941,,,,,,,
1767173122,817028809,137_1767173122-817028809.png,-274436,290250,67750,-68100,-2.627489277,2.778894761,490.49,721.84,-150,87,385,-18,3,8,-25.26903061,-43.79812604,514.8735234,-108.8527217,1.608358636,-8.252654018,65.69358033,288.0607502,-0.673235006,0.812387037,-200,-75.26903061,,,,,,,
1767173122,850377686,138_1767173122-850377686.png,-270340,286153,67850,-68100,-2.588273591,2.739669501,486.6,712.55,-190,181,382,-64,42,22,-57.9001997,-3.39496404,485.4890361,-94.01163369,6.553125994,-2.956634143,21.02634385,292.984323,-0.660540516,0.812387037,-240,-107.9001997,,,,,,,
1767173122,883725586,139_1767173122-883725586.png,-267686,283492,68700,-67900,-2.562863817,2.714192708,482.77,704.02,-262,129,315,-101,-60,32,-91.25863998,20.8669582,457.8062179,-94.23607501,-2.237734754,2.818702969,11.15570614,294.7963629,-0.650267173,0.812387037,-312,-141.25864,,,,,,,
1767173122,950422607,140_1767173122-950422607.png,-264334,280143,68300,-68900,-2.530771293,2.682128906,476.09,686.96,-13,-60,496,-56,-16,7,-88.79676463,24.073398,469.4020619,-94.335341,-3.584657187,7.477444306,-33.28911337,306.322289,-0.639890964,0.772972027,-63,-138.7967646,,,,,,,
1767173122,983771484,141_1767173122-983771484.png,-261049,276805,68400,-69000,-2.499320236,2.65017042,473.13,674.79,100,-15,504,10,-32,-12,-57.2209261,13.96032643,475.8533907,-77.07136009,-8.38976709,4.604046312,-10.08858848,289.9099021,-0.626778558,0.746695336,50,-107.2209261,,,,,,,
1767173123,50468506,142_1767173123-50468506.png,-257091,272835,68350,-68800,-2.461425781,2.612161075,465.23,663.62,59,-62,602,-64,73,3,-5.399635664,-19.70254794,516.5441041,-73.07708096,7.493868214,0.540012214,-80.08044812,307.485657,-0.613511155,0.755681532,9,-55.39963566,,,,,,,
1767173123,83816650,143_1767173123-83816650.png,-254776,270598,68750,-67850,-2.439261642,2.590743719,465.23,663.62,59,-62,602,-64,73,3,-1.45293071,-22.29472974,521.7812332,-72.52079582,11.50838432,0.690771545,-61.93570441,303.6307378,-0.602787937,0.724725399,9,-51.45293071,,,,,,,
1767173123,117165771,144_1767173123-117165771.png,-252248,268058,68350,-68850,-2.415058211,2.566425398,460.94,637.63,-18,72,527,-102,73,24,-0.91198261,-7.132560417,540.8194165,-72.79783638,17.74276805,3.302093475,-127.4343517,303.3564816,-0.591969245,0.724725399,-68,-50.91198261,,,,,,,
1767173123,150513916,145_1767173123-150513916.png,-249324,265130,67800,-68150,-2.387063419,2.53839231,458.32,629.68,-174,-23,554,-107,111,42,-18.42362963,-0.017533232,540.5189779,-79.04885468,32.154009,9.041020536,-129.4036997,304.5963662,-0.581056942,0.724725399,-224,-68.42362963,,,,,,,
1767173123,217211182,146_1767173123-217211182.png,-246647,262405,68750,-67850,-2.361433441,2.512302773,458.32,622.11,-95,-90,550,-83,94,39,-37.76239834,-14.37922719,542.6108568,-81.08914324,45.32387667,15.14676327,-124.4672769,301.4381208,-0.570052761,0.724725399,-145,-87.76239834,,,,,,,
1767173123,250560303,147_1767173123-250560303.png,-243113,258774,68650,-67850,-2.327598422,2.477539063,455.01,605.12,310,-143,472,8,91,-34,15.22682817,-56.69392445,549.1736903,-62.77289465,48.35060716,10.28025844,-164.9685948,312.0722127,-0.55337781,0.724725399,260,-34.77317183,,,,,,,
1767173123,317257568,148_1767173123-317257568.png,-238799,254538,68550,-67850,-2.286295573,2.436982996,442.97,586.68,96,14,433,-61,97,16,68.04244669,-19.36018576,509.8477588,-37.67095901,66.69248895,0.052926281,-207.1176816,326.3163419,-0.536505886,0.724725399,46,18.04244669,,,,,,,
1767173123,350605713,149_1767173123-350605713.png,-235729,251537,68300,-68900,-2.256902956,2.408250996,442.97,586.68,96,14,433,-61,97,16,70.57270943,-16.34096466,502.8927503,-39.78232414,69.43543162,1.496195866,-226.1590417,333.3891149,-0.522299819,0.724725399,46,20.57270943,,,,,,,
1767173123,417302979,150_1767173123-417302979.png,-232249,247933,68250,-68900,-2.223584942,2.373745787,434.91,575.35,8,-67,453,-92,-24,18,46.8672583,-31.32302785,468.8907308,-52.68982696,48.97471907,6.719458305,-247.6396503,340.0930605,-0.507964622,0.724725399,-42,-3.132741703,,,,,,,
1767173123,450652100,151_1767173123-450652100.png,-228971,244787,67800,-68050,-2.192200904,2.343625536,427.55,561.38,107,10,456,-88,76,17,41.38993253,-41.32619122,466.3796198,-61.34242479,39.90122388,8.354416018,-293.466637,361.2046287,-0.49640587,0.66572889,57,-8.610067473,,,,,,,
1767173123,517349365,152_1767173123-517349365.png,-226442,242117,68650,-67800,-2.167987898,2.318062577,424.37,555.96,215,-103,532,-70,113,2,64.19213515,-41.36157618,471.1968837,-65.00659364,50.41778066,8.713562242,-327.6218956,372.4489908,-0.484768589,0.658645364,165,14.19213515,,,,,,,
1767173123,550697510,153_1767173123-550697510.png,-222699,238507,68700,-67850,-2.132151884,2.283499923,418.39,545.79,-25,-101,429,-74,-50,41,80.38374889,-68.44890696,483.3762563,-70.46960171,49.75116381,11.77459867,-329.3325906,376.723032,-0.467169388,0.652642564,-75,30.38374889,,,,,,,
1767173123,584046631,154_1767173123-584046631.png,-219758,235580,68250,-68850,-2.103994332,2.255476409,415.14,538.88,-55,-111,341,-74,-47,37,55.89392456,-76.1005173,462.1235104,-71.17061187,30.30060955,17.10245904,-369.5888278,402.3356121,-0.455343854,0.644140101,-105,5.89392456,,,,,,,
1767173123,650744141,155_1767173123-650744141.png,-217093,232905,67850,-68100,-2.078479243,2.229865579,415.14,534.95,98,103,556,-37,-50,14,59.10462127,-50.8359736,472.633359,-66.24862928,16.50306119,17.17752093,-381.7304564,408.9581692,-0.443446215,0.629359966,48,9.104621267,,,,,,,
1767173123,684092285,156_1767173123-684092285.png,-214297,230031,68600,-67750,-2.051709942,2.202349494,411.49,527.53,15,193,474,-57,40,0,59.40747357,-8.45921302,488.9664213,-62.90211002,23.6397386,13.35484455,-401.7534383,420.3965454,-0.431478469,0.629359966,-35,9.40747357,,,,,,,
1767173123,717441406,157_1767173123-717441406.png,-211496,227313,68300,-68900,-2.02489277,2.176326976,407.24,523.71,-55,13,401,-62,117,-6,45.39786742,10.06559788,479.7732044,-62.3346465,33.43584903,10.50388435,-417.8585048,427.5719137,-0.419442412,0.629359966,-105,-4.602132578,,,,,,,
1767173123,750789551,158_1767173123-750789551.png,-208973,224782,67850,-68100,-2.000737209,2.152094822,402.77,517.75,-38,-87,333,-55,69,0,27.94857204,-3.975918124,454.1872342,-61.24450494,43.00907697,8.104257311,-460.9434962,454.9326265,-0.40734001,0.629359966,-88,-22.05142796,,,,,,,
1767173123,784138672,159_1767173123-784138672.png,-207609,223359,68300,-68850,-1.987678079,2.138470818,398.17,512.38,-140,5,175,-61,97,15,3.387465934,-2.663263454,413.3583828,-61.20874809,50.90480822,9.112703324,-459.102663,461.0228629,-0.395173158,0.629359966,-190,-46.61253407,,,,,,,
1767173123,850835938,160_1767173123-850835938.png,-203237,219054,68250,-68950,-1.944489124,2.095176547,389.55,505.19,62,-3,116,-110,43,-13,8.906595984,7.103945917,362.9895482,-69.32095246,52.4631635,8.293488601,-482.7470477,481.2382982,-0.382943789,0.629359966,12,-41.09340402,,,,,,,
1767173123,884184082,161_1767173123-884184082.png,-200300,216047,67800,-68050,-1.917700674,2.068464691,385.65,501.07,130,-40,299,-63,-82,-35,29.39348121,-0.313282051,340.7085594,-70.52498271,32.30389106,0.848047212,-501.4439375,496.2011678,-0.36757209,0.629359966,80,-20.60651879,,,,,,,
1767173123,917533447,162_1767173123-917533447.png,-197365,212975,68600,-68150,-1.889600567,2.039052926,378.9,490.7,225,-77,832,-20,-146,-15,57.25154578,-14.30499168,440.3205659,-62.6890092,-3.924527165,-2.57336403,-521.6035841,508.4846659,-0.355209131,0.629359966,175,7.251545775,,,,,,,
1767173123,984230713,163_1767173123-984230713.png,-193335,209159,68650,-67850,-1.851016774,2.002517999,373.67,482.55,27,5,511,-66,69,-13,57.07220317,-4.04375473,511.6123682,-66.72478838,-15.98547619,-3.038519844,-508.103621,491.8623598,-0.336559912,0.629359966,-23,7.072203168,,,,,,,
1767173124,17578857,164_1767173124-17578857.png,-190395,206217,68700,-67850,-1.822868796,1.974350873,371.04,478.37,73,37,510,-40,34,-4,55.81617636,1.779643838,511.3566843,-63.47364323,-1.148829908,-4.195691169,-513.2453818,496.0638964,-0.324060133,0.553792379,23,5.816176356,,,,,,,
1767173124,50927490,165_1767173124-50927490.png,-187673,203478,68300,-68900,-1.796807981,1.948127298,371.04,474.34,72,-161,385,-67,102,-19,58.63958325,-21.08957838,492.8419984,-63.36553907,14.86991307,-6.355499913,-538.9109361,517.5186431,-0.311509087,0.553792379,22,8.63958325,,,,,,,
1767173124,117624023,166_1767173124-117624023.png,-184596,200403,67900,-68000,-1.767348346,1.918686811,367.9,464.71,76,-50,282,-113,135,-16,62.22401724,-30.67397339,437.9348103,-68.00453891,29.52570514,-9.917904335,-581.4683934,555.1655407,-0.29890874,0.553792379,26,12.22401724,,,,,,,
1767173124,150971680,167_1767173124-150971680.png,-181997,197824,68500,-67850,-1.74246515,1.893995098,364.05,460.71,106,29,273,-98,81,2,69.69034367,-23.4404316,401.7656252,-75.86785253,45.20321906,-8.64496139,-583.7496771,557.2696047,-0.286261088,0.553792379,56,19.69034367,,,,,,,
1767173124,184320557,168_1767173124-184320557.png,-178730,194549,68400,-68950,-1.711186428,1.862639782,355.64,451.81,-4,-20,539,-122,-21,33,53.83825886,-19.02024362,414.0051196,-81.99828267,34.61234746,-1.164644203,-554.6484139,526.3872643,-0.270388099,0.553792379,-54,3.838258856,,,,,,,
1767173124,251016846,169_1767173124-251016846.png,-175660,191469,67800,-67950,-1.681793811,1.833151425,351.48,444.96,-22,-90,507,-99,15,23,38.77218185,-27.55616498,438.1407129,-88.20636392,26.45970616,5.283365924,-552.0701304,516.9006352,-0.257641378,0.553792379,-72,-11.22781815,,,,,,,
1767173124,317713379,170_1767173124-317713379.png,-172653,188470,67900,-68100,-1.653004366,1.804438572,343.69,435.26,-14,-90,345,5,80,-4,24.27846441,-50.54121839,431.6326402,-69.49751892,34.16867567,3.398939716,-569.3392981,534.3399785,-0.238445496,0.553792379,-64,-25.72153559,,,,,,,
1767173124,351061035,171_1767173124-351061035.png,-168822,184582,68800,-67900,-1.616325827,1.767214308,340,430.65,13,11,334,7,120,4,21.61184248,-42.5899234,415.0524281,-56.33063278,47.93875907,3.290215272,-565.1174993,525.95367,-0.22560067,0.553792379,-37,-28.38815752,,,,,,,
1767173124,384409668,172_1767173124-384409668.png,-165546,181300,68550,-67850,-1.584960938,1.735791973,334.25,419.27,-159,-76,541,-27,78,18,-21.68287337,-28.77639017,440.2768446,-47.24781789,55.5887955,8.839109818,-572.2491289,528.7349205,-0.209494671,0.48647232,-209,-71.68287337,,,,,,,
1767173124,451106201,173_1767173124-451106201.png,-162000,177808,68400,-68900,-1.551011029,1.702359069,331.6,415.16,-70,-97,403,-34,93,11,-35.93359455,-41.22437943,440.0954694,-44.2510221,62.23248229,9.634440417,-602.3172728,559.2861187,-0.193336873,0.466150701,-120,-85.93359455,,,,,,,
1767173124,484453857,174_1767173124-484453857.png,-158714,174534,68350,-68850,-1.519550398,1.671013327,325.79,404.98,-42,37,307,-24,73,9,-35.76085765,-28.93743646,420.5325214,-42.19918065,65.02824433,9.348436053,-589.9368626,539.5190365,-0.177131288,0.490704905,-92,-85.76085765,,,,,,,
1767173124,517802490,175_1767173124-517802490.png,-156068,171873,67600,-68050,-1.494217218,1.645536535,324.2,400.81,-66,32,333,-27,87,17,-40.34888842,-18.27356683,404.7145129,-39.49278694,68.45328104,10.45815516,-582.0977522,527.7902124,-0.164135095,0.476470608,-116,-90.34888842,,,,,,,
1767173124,584499023,176_1767173124-584499023.png,-152376,168199,68700,-67850,-1.458869485,1.610361137,320.51,387.95,-39,203,440,-83,53,31,-39.23407791,33.47258928,422.3958871,-52.66086785,60.51828851,16.90097341,-572.2913719,514.0470235,-0.147853594,0.473020678,-89,-89.23407791,,,,,,,
1767173124,617846680,177_1767173124-617846680.png,-149505,165321,68350,-68800,-1.431382123,1.582806756,312.37,379.34,111,145,664,-75,12,30,-17.44212805,48.20186659,459.293301,-54.87172243,55.05943894,19.28920861,-596.5161188,536.7233138,-0.131535515,0.484914208,61,-67.44212805,,,,,,,
1767173124,684543213,178_1767173124-684543213.png,-146428,162246,68350,-68850,-1.401922488,1.553366268,308.23,375.16,-60,-85,377,-11,115,30,-21.89435942,30.82983209,457.108712,-47.34903935,65.98893623,21.84822792,-558.4667774,495.1679068,-0.118457455,0.466420486,-110,-71.89435942,,,,,,,
1767173124,717891846,179_1767173124-717891846.png,-144051,159868,68650,-67900,-1.379164752,1.530598958,304.15,370.9,28,-210,446,-24,89,-6,-16.59148865,-10.4500361,451.2926884,-42.0325709,71.91848368,18.20217095,-536.458927,470.4142044,-0.105360653,0.463891462,-22,-66.59148865,,,,,,,
1767173124,751239502,180_1767173124-751239502.png,-141103,156933,68700,-67800,-1.350940181,1.502498851,300.26,365.02,84,-206,447,-33,72,-1,-1.880805521,-39.04762019,450.6649178,-40.71163122,71.93040478,15.39401038,-536.633224,470.5079157,-0.092247181,0.453049873,34,-51.88080552,,,,,,,
1767173124,784588379,181_1767173124-784588379.png,-139129,154950,67800,-68100,-1.332040824,1.483513327,292.78,357.77,36,-86,715,4,-29,-7,-6.980714544,-48.078882,459.2040535,-37.36844889,67.46030763,12.51682472,-573.3668959,501.6615033,-0.079119112,0.427631625,-14,-56.98071454,,,,,,,
1767173124,851284668,182_1767173124-851284668.png,-134280,150090,68350,-68900,-1.285615809,1.436982996,287.34,350.39,191,-59,712,-3,-20,-1,29.91194104,-50.73714989,531.5733901,-31.2578608,40.68862114,8.46244906,-552.0589284,478.0297582,-0.059404188,0.410187873,141,-20.08805896,,,,,,,
1767173124,884632324,183_1767173124-884632324.png,-131351,147156,67850,-68100,-1.257573146,1.408892463,285.18,344.98,-9,63,380,-36,47,16,36.6683874,-34.74247758,523.3482771,-29.76792317,36.92230241,8.833606975,-531.4625652,454.7874742,-0.046248722,0.423462294,-59,-13.3316126,,,,,,,
1767173124,951328857,184_1767173124-951328857.png,-127994,143814,68600,-67900,-1.225432751,1.37689568,283.14,337.89,-36,76,413,-58,29,16,26.09374624,-16.8795554,515.6134549,-35.35534162,41.64585892,10.07207813,-533.7099507,457.1915865,-0.029794346,0.41192413,-86,-23.90625376,,,,,,,
1767173124,984677490,185_1767173124-984677490.png,-125137,140944,68350,-68850,-1.198079427,1.349417892,283.14,334.07,-93,57,306,-37,3,12,2.378600822,3.346231509,474.5503083,-37.89288573,34.7114487,10.95533681,-544.1455924,459.6475697,-0.016625344,0.387449769,-143,-47.62139918,,,,,,,
1767173125,51374023,186_1767173125-51374023.png,-120159,135893,68650,-67850,-1.150419347,1.3010589,275.39,320.61,-36,-16,415,-86,158,15,-11.97953373,-17.11048411,455.4360838,-51.06493605,57.08089619,11.50239596,-504.6936929,417.9159164,0.003132438,0.413462915,-86,-61.97953373,,,,,,,
1767173125,84721924,187_1767173125-84721924.png,-117499,133318,68250,-68950,-1.124952129,1.276405484,272.87,315.03,-117,102,483,-98,127,19,-18.41566944,-9.810847506,457.125327,-53.94133197,61.36585946,11.96188351,-505.3080508,418.4690142,0.022889106,0.413462915,-167,-68.41566944,,,,,,,
1767173125,151418701,188_1767173125-151418701.png,-114157,129960,67900,-68150,-1.092955346,1.244255515,270.23,311.59,-214,43,454,-130,87,15,-49.51586956,5.380777592,458.8175189,-66.49182706,69.64590496,12.8841469,-480.0871356,387.2619796,0.036056122,0.413462915,-264,-99.51586956,,,,,,,
1767173125,184767578,189_1767173125-184767578.png,-110597,126346,67700,-68250,-1.0588714,1.209654565,264.07,304.14,172,-373,838,-48,-92,-24,-27.38947026,-67.90741634,515.2548482,-71.74106047,45.3744004,6.287382759,-484.1722697,390.9144306,0.055795305,0.413462915,122,-77.38947026,,,,,,,
1767173125,251464355,190_1767173125-251464355.png,-107257,123002,68650,-67650,-1.026893765,1.177638634,258.17,298.1,33,64,556,-43,87,2,31.67937973,-78.75455413,566.878758,-52.7023261,26.64395435,0.799312953,-497.9178331,403.5858135,0.072229747,0.413462915,-17,-18.32062027,,,,,,,
1767173125,318161133,191_1767173125-318161133.png,-103705,119510,68650,-67800,-0.992886412,1.144205729,253.69,294.11,45,91,432,-74,112,3,27.44887479,-29.80677487,516.9588042,-53.26182101,45.35867312,1.35062126,-453.1601362,357.516212,0.091927153,0.413462915,-5,-22.55112521,,,,,,,
1767173125,351509033,192_1767173125-351509033.png,-99679,115483,68600,-67800,-0.954340916,1.105650659,251.37,291.12,116,-15,523,-38,85,-1,41.75489869,-18.30687148,511.2776578,-52.63230815,56.30515494,1.134306795,-476.2164959,384.1229351,0.105041007,0.413462915,66,-8.245101308,,,,,,,
1767173125,384857910,193_1767173125-384857910.png,-97018,112767,68250,-69000,-0.928864124,1.079647289,248.04,286.66,77,-67,292,-31,93,6,53.93849599,-22.61284471,492.9360466,-47.19361022,58.39593669,0.558281018,-457.0737007,356.7415886,0.121409711,0.413462915,27,3.938495994,,,,,,,
1767173125,451554688,194_1767173125-451554688.png,-93677,109482,67950,-68100,-0.896876915,1.048196232,248.04,284.9,-56,119,126,-110,199,39,43.29079739,-10.43453644,428.3017867,-52.96043063,78.72451234,5.695401503,-457.8088132,357.0973766,0.134483252,0.350557838,-106,-6.709202606,,,,,,,
1767173125,484902588,195_1767173125-484902588.png,-90801,106620,68750,-67850,-0.869341682,1.020795037,245.93,283.23,-197,264,209,-186,244,73,5.511608953,33.1389556,388.1971135,-73.93218979,106.0909866,16.42320868,-471.5894437,377.3960631,0.150795022,0.346192719,-247,-44.48839105,,,,,,,
1767173125,518251465,196_1767173125-518251465.png,-87724,103475,68600,-67800,-0.839882047,0.99068436,241.35,278.24,71,130,539,-68,106,33,-12.93329145,80.96974477,395.6509376,-88.70006597,124.2386055,25.68359732,-472.8549801,378.4350557,0.163817796,0.342232933,21,-62.93329145,,,,,,,
1767173125,584948242,197_1767173125-584948242.png,-84793,100617,68350,-68950,-0.811820236,0.963321461,238.99,276.34,-15,-24,493,-34,158,32,-11.0050287,66.92174176,413.6969006,-80.15053032,128.6912481,26.8017508,-464.0455148,367.7860618,0.176814638,0.303633538,-65,-61.0050287,,,,,,,
1767173125,618296143,198_1767173125-618296143.png,-81923,97738,67800,-68000,-0.784342448,0.935757506,236.69,274.07,62,-74,518,-74,190,29,-0.328639882,46.31308871,428.9503765,-79.25106553,137.657152,27.12322678,-481.0295342,380.721384,0.189783501,0.322081432,12,-50.32863988,,,,,,,
1767173125,651645020,199_1767173125-651645020.png,-79337,95146,68700,-67850,-0.759583716,0.91094133,232.61,269.61,89,30,413,-57,117,2,15.78002988,31.49441087,432.7006577,-78.40092545,136.0992165,22.03995686,-471.337869,377.7839479,0.202722352,0.330664233,39,-34.21997012,,,,,,,
1767173125,684992920,200_1767173125-684992920.png,-76401,92216,68250,-68850,-0.731474035,0.882889093,230.62,266.2,16,-7,435,-62,80,12,19.64322976,25.78672699,432.0061357,-74.88268031,126.8958513,19.52316028,-471.6152896,376.9800935,0.218850572,0.287670571,-34,-30.35677024,,,,,,,
1767173125,751689941,201_1767173125-751689941.png,-73059,88862,67850,-68050,-0.699477252,0.85077742,227.27,261.13,-78,162,532,-186,145,61,-1.25527874,44.59701771,436.3487429,-94.20099539,139.1392901,26.52345414,-474.7132819,365.3276427,0.231714373,0.303390918,-128,-51.25527874,,,,,,,
1767173125,785038818,202_1767173125-785038818.png,-71406,87158,68750,-67850,-0.683651195,0.834463082,225.95,258.99,-185,108,453,-209,113,54,-34.05637636,62.94071403,446.1746628,-118.0825642,135.7694796,33.20561835,-473.9907677,355.543258,0.247742325,0.282981079,-235,-84.05637636,,,,,,,
1767173125,851735596,203_1767173125-851735596.png,-66768,82577,68850,-68050,-0.639246324,0.790603937,223.84,253.75,108,-92,489,-134,87,10,-0.177235866,22.05859532,447.1011433,-120.7092275,126.7310968,28.01892774,-412.9285759,327.5669732,0.263709041,0.282981079,58,-50.17723587,,,,,,,
1767173125,885083496,204_1767173125-885083496.png,-64111,79786,68250,-68800,-0.613807828,0.763882506,223.37,250.45,21,-144,364,-90,-43,33,8.579834445,-8.193915526,437.1405213,-116.9136566,99.83049199,27.80457863,-371.3508897,306.4225917,0.276435672,0.282981079,-29,-41.42016555,,,,,,,
1767173125,918432373,205_1767173125-918432373.png,-61100,76920,67800,-68050,-0.584980086,0.736443015,223.37,248.47,-124,-91,456,-62,-61,39,-10.80888283,-20.30362865,439.8985659,-108.8829831,76.31034693,29.44181751,-439.7408276,344.6106939,0.28911856,0.282981079,-174,-60.80888283,,,,,,,
1767173125,951780273,206_1767173125-951780273.png,-58432,74249,68600,-67900,-0.559436275,0.710870481,221.36,243.77,-136,26,612,-90,80,18,-44.5096399,-24.58500262,462.8032301,-98.54415095,59.84419009,28.08151305,-450.1861129,342.0512557,0.301755692,0.282981079,-186,-94.5096399,,,,,,,
1767173126,18477051,207_1767173126-18477051.png,-55370,71179,68350,-68950,-0.530120251,0.681477865,220.47,241.37,-52,-71,431,-96,118,25,-50.39202218,-28.72609725,465.9585732,-97.72504076,69.40359864,27.10337985,-451.5999705,341.2696111,0.314345087,0.282981079,-102,-100.3920222,,,,,,,
1767173126,51826416,208_1767173126-51826416.png,-52088,67781,68300,-68850,-0.498697917,0.64894493,218.62,236.49,-18,49,467,-24,92,22,-38.23084062,-15.21071322,465.5263106,-82.8428246,77.64627662,26.22873559,-426.0039661,292.1108298,0.330011665,0.282981079,-68,-88.23084062,,,,,,,
1767173126,85174561,209_1767173126-85174561.png,-49362,65166,67750,-68050,-0.472598805,0.623908548,217.68,234.94,-154,100,339,8,17,14,-54.10261166,4.997558795,447.0999784,-66.47901697,69.5282729,24.21912613,-359.863719,298.6634617,0.342486378,0.282981079,-204,-104.1026117,,,,,,,
1767173126,151872070,210_1767173126-151872070.png,-45402,61208,67750,-68200,-0.434685202,0.586014093,215.62,231.77,-26,-32,374,-37,87,22,-55.09908415,2.458941554,422.9128644,-57.1139377,68.02204764,21.99441071,-415.2045671,287.2260885,0.361096215,0.282981079,-76,-105.0990841,,,,,,,
1767173126,185221436,211_1767173126-185221436.png,-43216,59025,68400,-68850,-0.413756127,0.565113741,214.5,229.57,-52,-55,253,-32,72,25,-54.64586842,-5.943959065,398.0644966,-53.44122956,68.60379066,22.43395358,-387.3054919,272.9015739,0.370353329,0.190403972,-102,-104.6458684,,,,,,,
1767173126,218569580,212_1767173126-218569580.png,-40620,56372,67800,-68150,-0.388901654,0.539713542,213.68,228.47,-36,-36,460,-38,85,33,-51.91906255,-10.33940942,407.1220578,-51.18307593,71.00160228,23.97915152,-326.8182074,252.0462074,0.38264475,0.201431697,-86,-101.9190625,,,,,,,
1767173126,285267090,213_1767173126-285267090.png,-37556,53371,68750,-67750,-0.359566483,0.510981541,212.33,226.21,-67,181,355,-33,50,39,-55.7372712,12.14113855,414.3442619,-50.86727785,65.45864464,26.00079572,-238.1035796,201.8666313,0.397923671,0.148174767,-117,-105.7372712,,,,,,,
1767173126,318616455,214_1767173126-318616455.png,-33655,49476,68600,-67750,-0.322217754,0.473690257,212.33,223.57,-8,176,276,-38,72,22,-62.21624573,51.96645189,405.1215092,-50.42317378,60.47267265,25.71579476,-426.4412022,294.54403,0.413104189,0.136905036,-58,-112.2162457,,,,,,,
1767173126,351964844,215_1767173126-351964844.png,-31205,46946,68350,-68900,-0.298761106,0.449467678,211.67,222.85,131,26,292,-54,126,30,-38.87083092,63.01949581,380.9306799,-49.40443778,67.64878655,25.70200133,-431.2250177,296.3278418,0.425175266,0.167150044,81,-88.87083092,,,,,,,
1767173126,418662354,216_1767173126-418662354.png,-27644,43462,68350,-68750,-0.264667586,0.416111366,210.78,222.75,63,-86,268,-31,170,33,-15.08503623,39.28967037,359.7624407,-46.95338916,85.66987981,26.99415481,-244.9637631,181.8841848,0.440169296,0.130364777,13,-65.08503623,,,,,,,
1767173126,452011475,217_1767173126-452011475.png,-24921,40592,67900,-68100,-0.238597197,0.388633578,208.85,221.79,33,-27,361,-48,39,16,-11.98921155,22.55765952,352.5950848,-45.65113441,83.26689269,24.67383152,-417.8527901,304.2983239,0.452086342,0.130364777,-17,-61.98921155,,,,,,,
1767173126,485359863,218_1767173126-485359863.png,-21714,37519,68700,-67800,-0.207892923,0.35921224,208.02,220.94,-37,-37,203,-57,78,19,-12.17059527,10.01860267,331.3674597,-47.49230609,79.07622533,23.17386785,-205.5179679,274.9046187,0.466881833,0.130364777,-87,-62.17059527,,,,,,,
1767173126,552057373,219_1767173126-552057373.png,-19257,35013,68050,-68850,-0.184369256,0.335219439,206.07,219.93,128,63,398,7,175,-1,5.818849082,28.5261904,355.6347457,-43.45934732,98.20385528,19.98805255,-212.1585917,275.9629555,0.478635329,0.130364777,78,-44.18115092,,,,,,,
1767173126,585406738,220_1767173126-585406738.png,-16045,31793,67900,-68100,-0.153617111,0.304390702,204.92,219.68,281,149,323,25,115,-9,51.30601874,46.44938563,356.1928061,-30.04253174,108.2397688,14.34650339,-395.2205487,248.923068,0.490313057,0.130364777,231,1.306018735,,,,,,,
1767173126,618754883,221_1767173126-618754883.png,-12567,28371,67850,-68100,-0.120318244,0.271627987,202.55,219.15,67,113,285,-69,76,24,75.09305588,47.13032447,353.9449947,-34.08260946,101.2836753,14.84691349,-192.1928862,203.7566206,0.50480092,0.020033617,17,25.09305588,,,,,,,
1767173126,685452393,222_1767173126-685452393.png,-9900,25651,68700,-67900,-0.094784007,0.24558632,201.35,219.47,-33,193,608,-117,35,41,61.40283898,71.35793334,376.911809,-47.59004147,90.76116979,18.91254827,-196.309321,205.1264689,0.516301548,0.066970927,-83,11.40283898,,,,,,,
1767173126,718801758,223_1767173126-718801758.png,-7098,22917,68250,-68800,-0.067957261,0.219410616,199.84,219.7,-26,211,632,-103,50,39,46.112161,95.01204572,420.3574714,-57.53784385,83.3183455,22.43714131,-246.5050315,313.3884706,0.527720483,0.008143014,-76,-3.887838997,,,,,,,
1767173126,785499268,224_1767173126-785499268.png,-1447,17180,68650,-67800,-0.013853784,0.164483762,195,218.95,-54,-199,277,-76,100,-11,-10.66437135,31.33633435,352.2627475,-65.6002449,111.5092182,20.91921984,-240.0385748,289.8032947,0.547501578,0.011519561,-104,-60.66437135,,,,,,,
1767173126,818847656,225_1767173126-818847656.png,-78,15885,67850,-68200,-0.000746783,0.152085248,195,218.95,-54,-199,277,-76,100,-11,-12.01326773,24.16671765,349.9200643,-65.92395526,111.1509739,19.92567892,-260.0535043,289.1212363,0.558686589,0.05864657,-104,-62.01326773,,,,,,,
1767173126,852197021,226_1767173126-852197021.png,2935,12809,68600,-67850,0.026041667,0.124617034,192.81,218.45,37,-246,492,-91,-9,-23,-7.577384395,-0.284376845,362.7788279,-68.19343073,100.2768631,16.04074506,-262.1435094,296.7502594,0.569783182,0.004023653,-13,-57.5773844,,,,,,,
1767173126,918894531,227_1767173126-918894531.png,5870,9872,68350,-68700,0.056200214,0.094515931,188.96,216.68,257,-2,695,46,6,-35,6.740580517,-10.28355082,390.7272038,-57.2914689,78.69996305,9.296517308,-129.5706585,268.3469718,0.583526958,0.009700214,207,-43.25941948,,,,,,,
1767173126,952242920,228_1767173126-952242920.png,8789,7013,67800,-68150,0.084147135,0.067143459,187.25,214.74,132,186,647,28,42,-8,42.32897108,2.669485669,440.3689116,-40.54411851,68.34245299,3.29603083,-258.7853054,166.8701608,0.594418288,-0.006888255,82,-7.671028915,,,,,,,
1767173126,985592041,229_1767173126-985592041.png,12010,3729,67900,-68050,0.114985447,0.035701976,185.98,213.49,-58,30,352,5,-16,24,34.58540655,20.83198637,443.4117125,-28.58737619,53.97262209,5.450992071,-187.8830623,305.4321742,0.605215542,0.029015356,-108,-15.41459345,,,,,,,
1767173127,52289307,230_1767173127-52289307.png,16039,-232,67850,-68100,0.153559666,-0.002221201,184.1,211.51,1,48,657,-65,-163,40,2.701964399,46.5179285,477.938536,-23.38698844,-7.721166058,13.80001304,-254.8473887,283.3344872,0.618577287,-0.032275745,-49,-47.2980356,,,,,,,
1767173127,85636963,231_1767173127-85636963.png,18902,-3089,68600,-67850,0.180970435,-0.029574525,184.1,209.31,13,97,644,-100,-119,60,3.235163295,49.69696308,498.4167324,-30.47613106,-23.47384585,18.13861348,-107.7151556,166.7743001,0.6317861,-0.037037008,-37,-46.76483671,,,,,,,
1767173127,118985840,232_1767173127-118985840.png,21638,-5816,68250,-68850,0.207165288,-0.055683211,184.22,207.75,-33,21,242,-29,13,23,0.75951708,50.99342649,487.1934293,-36.06524011,-28.03585225,22.02431507,-58.96129146,159.4196765,0.642240871,-0.047803802,-83,-49.24048292,,,,,,,
1767173127,185682617,233_1767173127-185682617.png,25320,-9584,68300,-68900,0.242417279,-0.091758578,184.79,204.68,104,-245,128,-13,145,9,13.77261191,23.54117988,410.9888542,-33.56299036,0.405612741,22.08999591,-166.9875565,226.1486244,0.657731947,-0.038719934,54,-36.22738809,,,,,,,
1767173127,219030518,234_1767173127-219030518.png,27981,-12376,68700,-68000,0.267894072,-0.118489583,184.79,202.92,111,-183,246,-50,57,3,34.7710401,-29.11406331,361.7579582,-33.36304854,22.26834546,18.4513691,18.58969292,196.743886,0.66792959,-0.037936709,61,-15.2289599,,,,,,,
1767173127,285727051,235_1767173127-285727051.png,30646,-14836,68300,-68850,0.293409161,-0.142041973,187.7,201.38,-83,37,325,17,-90,-3,15.98906791,-30.63107022,339.0364453,-26.62861488,12.86998864,13.39075816,-18.55010918,232.4327316,0.680527807,-0.069552423,-133,-34.01093209,,,,,,,
1767173127,319075928,236_1767173127-319075928.png,34401,-18664,68250,-68950,0.329360064,-0.178691789,189.54,201.08,-98,95,602,-21,-64,12,-5.860229034,-8.719945497,376.7582982,-23.52273017,-3.75400468,12.32977037,-21.52789897,233.4135487,0.690485432,-0.052423449,-148,-55.86022903,,,,,,,
1767173127,385772705,237_1767173127-385772705.png,38496,-22686,68300,-68800,0.368566176,-0.217198989,193.99,200.51,3,40,382,-55,27,19,7.030176432,0.511937074,408.2112857,-31.44787767,2.05900957,14.11071727,-17.93078345,196.8519263,0.705216575,-0.052423449,-47,-42.96982357,,,,,,,
1767173127,419120361,238_1767173127-419120361.png,41231,-25481,67800,-68050,0.394751455,-0.243958716,196.59,200.62,-3,-2,355,-57,74,22,5.456244373,1.193970209,399.733013,-35.81055731,13.24259081,15.39439161,-51.80147824,213.3017118,0.714898097,-0.052423449,-53,-44.54375563,,,,,,,
1767173127,452469238,239_1767173127-452469238.png,44038,-28411,68650,-67900,0.421626072,-0.272010953,202.23,200.79,-83,-124,366,-103,-18,31,-12.5198235,-12.40813513,386.9945534,-45.03358096,7.862612412,19.59133997,-28.56952274,169.9829834,0.726840844,-0.052423449,-133,-62.5198235,,,,,,,
1767173127,519166016,240_1767173127-519166016.png,47776,-32111,68650,-67950,0.457414216,-0.307435279,205.6,201.64,54,-23,480,-74,91,29,-21.49188838,-40.57353139,398.858457,-59.03963841,10.92750026,22.09699771,-13.4341293,262.3206425,0.736265837,-0.045466185,4,-71.49188838,,,,,,,
1767173127,552513672,241_1767173127-552513672.png,50783,-34973,68400,-68950,0.486203661,-0.334836474,207.8,202.2,147,-33,444,-38,164,27,-2.034970173,-38.9085833,407.4666104,-57.96933491,29.24422093,22.92549793,-55.21137387,156.9007893,0.747883012,-0.062114911,97,-52.03497017,,,,,,,
1767173127,619210449,242_1767173127-619210449.png,53653,-37837,67800,-68000,0.513681449,-0.362256817,209.88,203.07,207,147,511,-5,301,-8,36.33252569,-11.41182216,424.5190304,-49.17816273,76.03700359,18.61608357,-58.70984665,158.0088475,0.75704382,-0.062114911,157,-13.66747431,,,,,,,
1767173127,652559326,243_1767173127-652559326.png,56456,-40637,68600,-67850,0.54051777,-0.389064415,212.06,203.79,35,204,442,10,214,-8,36.1376547,20.09039638,427.0754793,-40.52384006,96.21296431,14.72369887,-13.86110494,262.1763499,0.766084786,-0.062114911,-15,-13.8623453,,,,,,,
1767173127,685906982,244_1767173127-685906982.png,60137,-44329,68650,-67700,0.575760187,-0.424412148,213.2,204.52,-120,52,39,20,85,14,9.291246861,52.71318348,374.308553,-26.73796789,102.7870105,12.90438927,-96.57872182,33.96235371,0.779418568,-0.062114911,-170,-40.70875314,,,,,,,
1767173127,752603760,245_1767173127-752603760.png,62867,-47047,68300,-68900,0.601897595,-0.450434666,218.99,204.82,-76,-2,288,-17,105,17,-7.29045757,49.63388203,345.5074084,-22.78804934,104.30297,13.32879889,-115.7865212,-257.1405733,0.788153936,-0.062114911,-126,-57.29045757,,,,,,,
1767173127,785952637,246_1767173127-785952637.png,64712,-48959,68650,-67850,0.619561887,-0.468740426,222.15,204.8,25,129,205,-4,16,30,-10.64758549,53.65773817,322.7924108,-19.94978791,93.88437336,15.69392331,-119.3201911,-262.494158,0.796764535,-0.062114911,-25,-60.64758549,,,,,,,
1767173127,819300293,247_1767173127-819300293.png,69008,-53193,67800,-68050,0.660692402,-0.509277344,225.25,204.61,161,190,284,-5,83,41,15.40179497,75.59887767,313.9890399,-17.33964278,90.2228689,19.7749099,-61.2566995,255.7247372,0.807350401,-0.062114911,111,-34.59820503,,,,,,,
1767173127,852649170,248_1767173127-852649170.png,71608,-55795,68500,-68800,0.685585172,-0.534189262,232.29,205.38,38,28,289,-78,186,56,23.32097237,97.17260954,295.2991693,-22.1087973,108.4170865,26.1442335,-55.16357857,256.2242446,0.813606299,-0.062114911,-12,-26.67902763,,,,,,,
1767173127,919345703,249_1767173127-919345703.png,74617,-58875,68400,-68850,0.714393765,-0.563677619,239.68,207.45,12,21,568,6,49,25,28.27272173,72.59589067,320.4179546,-28.51981597,113.1667729,32.00721338,-58.53912133,256.7248983,0.82387152,-0.062114911,-38,-21.72727827,,,,,,,
1767173127,952693604,250_1767173127-952693604.png,77679,-61875,67800,-68150,0.743709789,-0.592400046,239.68,207.45,12,21,568,6,49,25,26.33930482,66.46560902,349.8340117,-24.4184003,105.5429024,31.17466275,-52.33514908,246.6433311,0.831937236,-0.131776266,-38,-23.66069518,,,,,,,
1767173127,986042480,251_1767173127-986042480.png,80145,-64392,68600,-67850,0.767319623,-0.616498162,246.18,208.56,105,152,557,-2,70,22,33.01424189,70.95270757,404.5171103,-17.01354575,89.61832008,27.52795598,-59.63743904,233.6445315,0.839871259,-0.131776266,55,-16.98575811,,,,,,,
1767173128,52739746,252_1767173128-52739746.png,84998,-69178,68650,-67900,0.813782935,-0.662320006,256.53,211.25,-48,-146,447,18,-117,34,48.47064929,50.0909744,427.0167468,-0.426475772,53.26494424,31.00314263,-50.60795957,219.851048,0.849601851,-0.131776266,-98,-1.529350714,,,,,,,
1767173128,86087891,253_1767173128-86087891.png,86548,-70811,67800,-68050,0.828622855,-0.67795458,256.53,211.25,-48,-146,447,18,-117,34,45.46783351,43.98730374,427.6387601,0.14708015,47.96515343,31.09642499,-51.98480177,219.9364486,0.859122385,-0.131776266,-98,-4.53216649,,,,,,,
1767173128,119437256,254_1767173128-119437256.png,89355,-73534,68600,-67800,0.855497472,-0.704024969,259.93,212.14,-38,-82,525,-53,-39,37,30.77746542,20.51383471,442.3915649,-7.150809999,30.86331109,32.03693622,-52.0435718,204.1430726,0.866586027,-0.131776266,-88,-19.22253458,,,,,,,
1767173128,152785645,255_1767173128-152785645.png,92501,-76679,68850,-67950,0.885617724,-0.734135646,271.34,213.75,-7,67,360,-25,51,30,24.24889505,11.82801621,445.8641655,-15.90303693,26.12525546,32.67674856,-47.69095293,198.9144363,0.873912517,-0.131776266,-57,-25.75110495,,,,,,,
1767173128,219483398,256_1767173128-219483398.png,94879,-79219,67800,-68900,0.908385034,-0.758453968,275.71,215.46,-104,138,337,-82,126,43,12.90396478,25.71385238,429.6158732,-20.96836385,35.02036631,33.01086178,-56.02766037,194.9587846,0.881100721,-0.131776266,-154,-37.09603522,,,,,,,
1767173128,252832764,257_1767173128-252832764.png,98708,-82961,67750,-68150,0.945044424,-0.794280407,284.35,217.71,23,270,349,-52,197,46,-9.972334099,57.06682226,415.9767783,-34.86748051,63.58979819,34.44483047,-32.19378287,199.9062867,0.889889819,-0.131776266,-27,-59.9723341,,,,,,,
1767173128,319530518,258_1767173128-319530518.png,100822,-85075,68700,-67800,0.965284161,-0.814520144,288.83,218.66,264,200,334,-8,134,32,33.43852458,99.5691227,397.1943616,-32.67621761,87.41956356,35.25942596,-33.75290957,200.2220969,0.898458939,-0.131776266,214,-16.56147542,,,,,,,
1767173128,352878906,259_1767173128-352878906.png,105543,-89789,68750,-67850,1.010483686,-0.85965265,298.49,220.61,112,43,189,-88,163,20,59.21105908,106.9499116,328.8762173,-40.06434534,103.3042448,34.05730258,-65.63626817,176.4487817,0.906805952,-0.23964925,62,9.211059081,,,,,,,
1767173128,419576660,260_1767173128-419576660.png,108612,-92790,68700,-67800,1.039866728,-0.888384651,303.45,221.29,150,-121,424,-45,137,22,73.89104996,71.91465026,339.0701247,-42.06002011,109.8183704,31.92045203,-66.97135442,176.8941257,0.914928793,-0.229576048,100,23.89104996,,,,,,,
1767173128,452926025,261_1767173128-452926025.png,112086,-96268,68300,-68900,1.073127298,-0.921683517,312.66,223.52,-85,-34,500,3,46,41,48.06792633,32.9239721,386.7900369,-39.92021128,103.0324987,35.20020261,-54.38417757,179.9188251,0.922825398,-0.247792196,-135,-1.932073671,,,,,,,
1767173128,486274414,262_1767173128-486274414.png,114753,-99001,67850,-68150,1.098661535,-0.947849648,317.08,224.64,-93,26,423,47,-3,15,23.90165483,30.13291332,395.0939689,-26.06824902,86.01049084,32.40021594,-50.77810043,181.6649518,0.928978565,-0.197727546,-143,-26.09834517,,,,,,,
1767173128,552972168,263_1767173128-552972168.png,117553,-101812,68700,-67900,1.125469133,-0.974762561,325.46,228.83,75,-38,519,-21,34,35,33.08699263,24.97821352,426.5612242,-18.33518358,69.91734028,29.07261475,-51.65653381,183.0243399,0.934984726,-0.263467693,25,-16.91300737,,,,,,,
1767173128,586321533,264_1767173128-586321533.png,120416,-104606,68350,-68850,1.152879902,-1.001512714,329.69,230.44,-83,48,361,-19,-13,27,22.63689638,22.69095464,426.1437288,-18.62669356,57.2012196,29.29907337,-52.05149439,182.2849658,0.940842948,-0.263467693,-133,-27.36310362,,,,,,,
1767173128,619669922,265_1767173128-619669922.png,123151,-107402,67850,-68100,1.179065181,-1.028282016,334.09,232.26,-14,115,607,-49,-51,39,14.47178093,36.8629784,450.8613054,-23.07846191,39.51209919,30.65665743,-59.10532674,177.3618228,0.946552299,-0.263467693,-64,-35.52821907,,,,,,,
1767173128,653019287,266_1767173128-653019287.png,126026,-110203,68650,-67900,1.206590839,-1.055099188,342.86,235.98,-119,-79,640,-130,-58,43,-6.127898821,17.15146397,476.7486954,-38.68077702,17.26683393,34.61767547,-66.42807257,175.9396739,0.952111914,-0.263467693,-169,-56.12789882,,,,,,,
1767173128,719717041,267_1767173128-719717041.png,128950,-113141,68250,-68850,1.234585631,-1.083228018,345.9,239.3,-75,-84,519,-68,32,23,-23.31245129,-2.534826293,494.7881167,-49.44706219,13.01475038,33.90583632,-66.64094347,176.7868018,0.958849512,-0.263467693,-125,-73.31245129,,,,,,,
1767173128,753065430,268_1767173128-753065430.png,131958,-116146,68300,-68800,1.263384651,-1.111998315,349.25,241.48,-68,77,621,-45,37,22,-31.22122115,6.931579548,513.8889967,-49.28975444,17.02692442,31.87488573,-75.12175113,171.6802483,0.964068975,-0.263467693,-118,-81.22122115,,,,,,,
1767173128,786415039,269_1767173128-786415039.png,133325,-117499,68650,-67900,1.276472503,-1.124952129,356.55,246.34,-26,-114,688,-67,39,38,-8.219761125,-9.393434167,529.6538957,-48.96254758,21.5272666,30.89464186,-86.10012275,169.8296635,0.969135839,-0.263467693,-76,-58.21976113,,,,,,,
1767173128,819763428,270_1767173128-819763428.png,137143,-121334,68150,-68900,1.313026578,-1.161668964,360.43,249,-3,-75,583,-53,95,48,-9.210894566,-23.94153227,547.5158283,-50.8126653,29.61505234,33.02760243,-87.28974506,171.2830496,0.972835502,-0.311542022,-53,-59.21089457,,,,,,,
1767173128,853112793,271_1767173128-853112793.png,139797,-123988,67900,-68050,1.338436351,-1.187078738,364.53,253.61,-107,11,489,-104,184,70,-23.18678429,-21.50311088,540.8149771,-58.70532453,55.61367454,39.21790243,-91.88549653,171.1791646,0.97763352,-0.305548048,-157,-73.18678429,,,,,,,
1767173128,919810547,272_1767173128-919810547.png,142471,-126715,68550,-67950,1.364037607,-1.213187423,374.01,259.39,-104,-14,384,-152,91,76,-35.73574558,-12.69689004,493.8781857,-70.43580259,69.38026548,44.44093841,-112.3033092,166.6609581,0.983413512,-0.305548048,-154,-85.73574558,,,,,,,
1767173128,953158936,273_1767173128-953158936.png,145549,-129721,68750,-67850,1.393506817,-1.241967295,379.19,262.09,-29,-54,431,-71,30,61,-42.5027925,-16.57578985,476.314004,-79.30071761,68.15244011,49.34987738,-126.2849917,170.0984747,0.987862522,-0.305548048,-79,-92.5027925,,,,,,,
1767173128,986508545,274_1767173128-986508545.png,148413,-132599,68300,-68850,1.42092716,-1.269521676,384.55,264.61,28,31,388,-43,81,45,-31.48583927,-11.57633698,461.0278736,-73.55772239,68.03507056,49.32330359,-127.6194286,170.8622081,0.992155205,-0.305548048,-22,-81.48583927,,,,,,,
1767173129,19856689,275_1767173129-19856689.png,151274,-135468,67850,-68000,1.448318781,-1.29698989,395.57,269.58,39,-38,569,-76,61,34,-18.31289274,-9.908431551,479.4038619,-71.85444136,67.66943288,47.66701207,-142.2914804,178.7710757,0.996290961,-0.305548048,-11,-68.31289274,,,,,,,
1767173129,86552979,276_1767173129-86552979.png,154889,-139070,68700,-67850,1.482929305,-1.33147595,407.55,272.85,100,13,401,-67,81,19,13.41877372,-12.30105637,470.8107419,-72.74795972,70.56567077,38.93471079,-137.6939106,178.0044765,1.001238848,-0.305548048,50,-36.58122628,,,,,,,
1767173129,119901611,277_1767173129-119901611.png,157141,-141397,68300,-68950,1.504490273,-1.353754979,413.74,274.2,232,0,533,-3,-19,11,25.36342553,-10.41586399,468.601338,-70.23563728,68.39734352,36.88153136,-158.7830653,176.4065113,1.005019072,-0.305548048,182,-24.63657447,,,,,,,
1767173129,186597656,278_1767173129-186597656.png,160903,-145083,68300,-68750,1.540508195,-1.389045267,419.73,275.98,95,-109,584,-19,-3,20,56.50798263,-23.77642498,492.0099133,-55.92260317,49.0906638,31.78737754,-138.4201913,181.3308005,1.009520546,-0.305548048,45,6.507982631,,,,,,,
1767173129,219945313,279_1767173129-219945313.png,163561,-147755,67800,-68150,1.565956265,-1.414627374,431.28,279.61,10,-73,443,-113,91,72,54.98836529,-36.95883559,492.6083374,-53.88457765,35.22150986,32.78581179,-156.3716758,178.6826661,1.013772549,-0.305548048,-40,4.988365294,,,,,,,
1767173129,286641602,280_1767173129-286641602.png,167313,-151500,67850,-68200,1.601878447,-1.450482537,437.01,281.38,-50,23,454,-94,141,73,35.07115024,-31.84628541,481.9300187,-65.74767377,56.34880167,42.6446125,-154.4178483,179.0371644,1.017773882,-0.430597036,-100,-14.92884976,,,,,,,
1767173129,319989990,281_1767173129-319989990.png,170874,-155057,68600,-67750,1.635971967,-1.48453776,448.43,284.45,-23,196,692,-73,95,20,9.605598898,20.97835957,501.3569066,-67.93052688,72.36523654,40.90199167,-171.0771064,181.0585504,1.02079384,-0.430597036,-73,-40.3944011,,,,,,,
1767173129,353337646,282_1767173129-353337646.png,173253,-157433,68400,-68900,1.658748851,-1.507285922,453.9,286.3,-31,155,621,-77,75,30,3.88678957,41.70249596,520.8011517,-69.14714937,73.29911831,39.03337991,-175.2884824,182.9203117,1.023652278,-0.425538807,-81,-46.11321043,,,,,,,
1767173129,386686279,283_1767173129-386686279.png,175710,-159977,67800,-68050,1.682272518,-1.53164254,459.21,287.65,26,160,585,-62,123,38,6.193559928,62.01338625,532.8524629,-68.31062433,80.6126665,38.64219719,-175.9595647,182.7575347,1.026348728,-0.437398957,-24,-43.80644007,,,,,,,
1767173129,453382324,284_1767173129-453382324.png,179878,-164072,67900,-68100,1.722177543,-1.570848652,475.29,292.26,137,-118,591,-49,1,18,107.8494695,9.353776408,594.1209136,-46.72881754,61.70686597,27.96654975,-173.0361291,186.3841937,1.030088872,-0.437398957,87,57.84946954,,,,,,,
1767173129,486729980,285_1767173129-486729980.png,182806,-166997,68750,-67800,1.750210631,-1.598853018,480.57,294.93,81,-52,432,-97,105,46,107.8810055,-1.732772317,584.0058583,-49.94032447,60.8676755,28.49835877,-152.0241222,191.037379,1.032378658,-0.437398957,31,57.88100553,,,,,,,
1767173129,553426025,286_1767173129-553426025.png,186295,-170552,68300,-68800,1.783614813,-1.632889093,490.47,298.83,4,-52,671,-120,35,66,96.60614577,-17.69760496,598.3539521,-67.44343016,63.10863398,37.44525503,-156.8133926,197.1994035,1.03550694,-0.437398957,-46,46.60614577,,,,,,,
1767173129,586774658,287_1767173129-586774658.png,189445,-173627,68300,-68900,1.813773361,-1.66232958,495.11,301.32,-117,63,661,-83,-15,58,72.11230297,-12.30612145,608.0728057,-71.78076113,54.4727897,40.89712332,-144.3161567,193.5198708,1.037387731,-0.437398957,-167,22.11230297,,,,,,,
1767173129,653470703,288_1767173129-653470703.png,192580,-176891,67800,-68100,1.843788297,-1.69357958,504.36,303.83,-83,93,668,-76,68,47,39.53362167,7.034221309,619.6059361,-72.98480577,52.81606339,42.68447955,-142.6481918,197.8270118,1.039507873,-0.437398957,-133,-10.46637833,,,,,,,
1767173129,686818359,289_1767173129-686818359.png,195375,-179637,68700,-67850,1.870548024,-1.719870175,517.21,309.77,-67,-205,467,-123,34,47,15.08516806,-15.29990899,599.3252849,-77.69940554,47.15795736,43.95322511,-137.1278351,193.3376064,1.041018951,-0.437398957,-117,-34.91483194,,,,,,,
1767173129,720166992,290_1767173129-720166992.png,198035,-182214,68350,-68900,1.895325904,-1.743901271,523.31,311.62,94,-97,433,-145,29,29,15.47059423,-38.30881751,573.3801621,-87.51917891,44.43152624,42.85069111,-138.2938845,198.2994375,1.042365312,-0.437398957,44,-34.52940577,,,,,,,
1767173129,753514404,291_1767173129-753514404.png,201044,-185294,67850,-68150,1.924823836,-1.774031097,529.47,313.49,131,41,446,-103,64,20,36.47465814,-29.78140379,547.4068533,-92.79064638,46.48584396,38.78426544,-129.9985433,196.5083179,1.043546823,-0.437398957,81,-13.52534186,,,,,,,
1767173129,820210449,292_1767173129-820210449.png,202891,-187131,68800,-67800,1.942507276,-1.791618796,540.8,318.23,13,1,488,-64,147,29,44.66148054,-4.014540034,518.0350462,-89.14877981,56.44917399,36.99640226,-132.2460262,198.3151994,1.044791452,-0.488497119,-37,-5.33851946,,,,,,,
1767173129,853559082,293_1767173129-853559082.png,206845,-191031,67950,-68900,1.980363434,-1.82895795,546.13,320.69,16,26,457,-57,156,34,38.81337444,0.637212996,507.5376693,-83.13144363,75.74548854,36.13981343,-132.5428635,200.3352957,1.045601186,-0.515072909,-34,-11.18662556,,,,,,,
1767173129,886906738,294_1767173129-886906738.png,209784,-194044,68300,-68850,2.008501838,-1.857804841,555.97,324.59,27,85,654,-69,-26,57,32.09606477,6.856798782,503.0939231,-77.71381087,80.26579503,36.06086369,-130.2475204,199.4920366,1.046245471,-0.496193331,-23,-17.90393523,,,,,,,
1767173129,920255127,295_1767173129-920255127.png,212438,-196625,67850,-68150,2.033911612,-1.882515702,560.65,326.79,93,207,872,-90,-72,60,37.05741544,33.41468327,552.788256,-77.88413959,55.00205776,40.49013442,-124.0936164,197.0240171,1.046724241,-0.504016472,43,-12.94258456,,,,,,,
1767173129,986951172,296_1767173129-986951172.png,215711,-200049,68700,-67800,2.065247779,-1.915297564,565.53,329.13,78,200,907,-112,-94,61,45.97197379,66.85879276,621.2906944,-83.50723402,26.56669551,44.51033404,-122.7891165,204.370903,1.047089826,-0.504016472,28,-4.02802621,,,,,,,
1767173130,20298828,297_1767173130-20298828.png,218582,-202909,68250,-68900,2.092735141,-1.942679611,575.69,334.8,-157,141,544,-11,-19,45,19.12242494,68.67630158,611.9838378,-74.87564172,28.63842431,44.19572572,-122.9619848,204.3049898,1.047195953,-0.504016472,-207,-30.87757506,,,,,,,
1767173130,53647949,298_1767173130-53647949.png,221179,-205432,67900,-68150,2.117599188,-1.966835172,579.46,337.32,-181,214,257,-79,130,66,-23.75252377,95.51703371,554.8173574,-70.54323346,39.78078653,47.44656754,-120.5365034,204.070998,1.047136298,-0.504016472,-231,-73.75252377,,,,,,,
1767173130,120344727,299_1767173130-120344727.png,224260,-208443,68700,-67750,2.14709712,-1.995662914,589.82,342.27,-79,-57,262,-116,150,49,-57.67084594,100.6147047,484.0937274,-74.14822005,50.61047994,49.55699371,-112.0188103,205.6390157,1.046911062,-0.504016472,-129,-107.6708459,,,,,,,
1767173130,153692871,300_1767173130-153692871.png,227397,-211643,68750,-67800,2.177131204,-2.026300169,594.48,345.99,56,-146,371,-105,111,47,-49.68804604,61.26326017,449.858805,-81.46293769,66.81601956,49.26538734,-111.0445265,205.6057725,1.046396472,-0.504016472,6,-99.68804604,,,,,,,
1767173130,187041748,301_1767173130-187041748.png,230471,-214649,68350,-68800,2.206562117,-2.05508004,599.21,348.57,-21,-81,319,-89,109,50,-39.96282105,29.61394807,426.5957069,-83.7966827,75.2968857,49.25428835,-95.18122894,196.3853755,1.045798593,-0.504016472,-71,-89.96282105,,,,,,,
1767173130,220389648,302_1767173130-220389648.png,232782,-217175,68600,-68050,2.22868796,-2.079264323,610.15,353.38,57,-118,275,-60,94,47,-28.0234962,17.70603882,411.5909573,-82.6597084,79.52092154,49.85653865,-110.5836526,208.733927,1.045035264,-0.504016472,7,-78.0234962,,,,,,,
1767173130,287086670,303_1767173130-287086670.png,235660,-219834,68700,-67850,2.256242341,-2.104721967,616.18,356.06,53,-132,351,-61,100,56,-9.495137591,-14.28902178,390.0913118,-77.71384756,83.47002236,50.28739368,-106.4807252,206.9178751,1.044106553,-0.504016472,3,-59.49513759,,,,,,,
1767173130,320435547,304_1767173130-320435547.png,239132,-223317,68200,-68850,2.289483762,-2.138068704,622.42,359.89,66,-167,268,-67,111,70,3.206198796,-39.74988818,371.1976154,-75.70286944,87.93533579,53.32201205,-90.7056151,194.1956244,1.042713387,-0.504016472,16,-46.7938012,,,,,,,
1767173130,353783691,305_1767173130-353783691.png,242131,-226463,67900,-68100,2.318196615,-2.168188955,635.93,364.34,-26,135,370,-31,51,65,-1.991618314,-9.735954206,368.5358211,-64.24825522,81.00997832,57.92725653,-101.3528614,205.8560994,1.041062427,-0.579656222,-76,-51.99161831,,,,,,,
1767173130,420480713,306_1767173130-420480713.png,244808,-229051,68700,-67800,2.343826593,-2.192966835,642.94,366.13,-33,98,430,-66,53,43,-7.782512438,13.5924544,377.601064,-62.76481121,75.34355935,56.11432886,-96.23194617,203.6839728,1.039556343,-0.591256432,-83,-57.78251244,,,,,,,
1767173130,453829590,307_1767173130-453829590.png,247734,-231925,68250,-68900,2.371840533,-2.22048292,658.2,368.74,-4,-1,345,-19,208,20,-4.436725618,11.21232691,382.3104166,-63.27784701,80.41587019,52.28190254,-96.65041476,202.9944634,1.037885808,-0.582037357,-54,-54.43672562,,,,,,,
1767173130,487177490,308_1767173130-487177490.png,250674,-234999,68250,-68900,2.399988511,-2.249913833,666.1,369.52,83,124,279,15,247,6,5.997650159,23.33441946,366.1294784,-49.3416454,113.5659361,43.40318335,-93.23935023,203.9042089,1.036051024,-0.594950502,33,-44.00234984,,,,,,,
1767173130,553874512,309_1767173130-553874512.png,254226,-238474,67750,-68100,2.433995864,-2.283183977,681.74,370.54,30,9,449,-106,148,54,28.88353658,41.5320576,391.1188429,-48.9654851,138.0090235,38.80853008,-92.98238558,201.9262397,1.033527079,-0.594950502,-20,-21.11646342,,,,,,,
1767173130,587223389,310_1767173130-587223389.png,257227,-241402,68800,-67800,2.462727865,-2.311217065,689.25,371.46,16,-4,357,-85,145,54,27.08569187,32.35966965,390.6016193,-58.64219816,139.8033824,42.20397739,-92.09135398,203.4134421,1.030747605,-0.594950502,-34,-22.91430813,,,,,,,
1767173130,620571533,311_1767173130-620571533.png,259818,-244081,68200,-68900,2.487534467,-2.336866192,696.63,373.33,16,44,473,-64,111,63,25.46450003,34.06197283,402.6517091,-59.42573289,135.5911231,45.24522574,-91.17259333,201.7130249,1.028340506,-0.594950502,-34,-24.53549997,,,,,,,
1767173130,653920410,312_1767173130-653920410.png,263103,-247287,68400,-68900,2.518985524,-2.367560892,710.73,378.18,-37,148,594,-67,-3,42,26.53277484,55.27207058,440.0997332,-62.84774143,114.0580584,46.51498089,-89.35487849,202.6180418,1.025770756,-0.594950502,-87,-23.46722516,,,,,,,
1767173130,720617432,313_1767173130-720617432.png,265892,-250156,67800,-68050,2.545687806,-2.395029105,717.57,380.42,-124,111,534,-31,-91,29,1.194411221,68.27355552,461.8842828,-58.40752489,77.94525623,43.71732428,-89.23590976,202.3423526,1.023038685,-0.594950502,-174,-48.80558878,,,,,,,
1767173130,753965332,314_1767173130-753965332.png,268822,-253084,68700,-67750,2.573740043,-2.423062194,730.68,384.97,66,8,487,-54,78,52,-16.41356869,62.62024971,475.7945259,-52.86484736,59.14884066,42.75365616,-86.33254036,199.9627428,1.020144761,-0.594950502,16,-66.41356869,,,,,,,
1767173130,787314453,315_1767173130-787314453.png,270609,-254925,67850,-68000,2.590849035,-2.440688189,737.43,387.7,-53,110,475,-59,73,52,-14.18798832,63.89359583,476.5937697,-53.68431471,62.29793622,44.58964757,-86.70756459,200.2338467,1.016300355,-0.594950502,-103,-64.18798832,,,,,,,
1767173130,854011475,316_1767173130-854011475.png,274836,-259089,67800,-68050,2.631318934,-2.480554917,744.52,389.35,-132,82,267,-117,252,68,-32.44844976,67.7667733,445.9000398,-63.08497898,90.32471684,48.21014818,-80.99323437,195.9827318,1.013043975,-0.668176201,-182,-82.44844976,,,,,,,
1767173130,887359375,317_1767173130-887359375.png,277704,-261883,68600,-67700,2.658777574,-2.50730507,759.2,393,-52,-29,329,-54,173,22,-46.66089255,59.30605324,406.205045,-67.70471407,122.6361449,46.07609386,-89.18493244,206.4534736,1.009627272,-0.672885318,-102,-96.66089255,,,,,,,
1767173130,920708252,318_1767173130-920708252.png,280646,-264822,68650,-67750,2.6869447,-2.535443474,766.69,394.84,158,108,440,-85,91,35,-17.01026354,61.80677666,407.107742,-69.51694729,120.6447657,43.19659109,-89.47137952,207.0706217,1.00513179,-0.689305737,108,-67.01026354,,,,,,,
1767173130,954056396,319_1767173130-954056396.png,282965,-267212,67900,-68200,2.709147135,-2.558325674,774.16,397.3,197,154,384,-47,67,49,14.28698851,75.28928212,403.7284236,-66.22402777,112.7996571,44.04529221,-91.02485651,213.279072,1.002315164,-0.70410732,147,-35.71301149,,,,,,,
1767173131,20753174,320_1767173131-20753174.png,286508,-270705,67850,-68100,2.743068321,-2.591768153,789.19,400.41,115,137,515,-78,69,64,50.45469809,100.384167,411.0453188,-59.05348041,97.67946819,50.07922906,-90.76198238,213.5134938,0.997422671,-0.668817267,65,0.454698094,,,,,,,
1767173131,54102295,321_1767173131-54102295.png,289798,-274044,68650,-67800,2.774567249,-2.623736213,800.69,403.11,264,-121,247,-144,166,56,67.59769635,92.11789076,400.2992509,-67.95859622,94.36009589,50.84304291,-87.12187707,204.7044811,0.992283636,-0.685152201,214,17.59769635,,,,,,,
1767173131,87450195,322_1767173131-87450195.png,292791,-276980,68350,-68850,2.801269531,-2.64994064,800.69,404.54,175,-203,344,-123,155,58,93.48442877,47.86629154,382.5854681,-79.19922929,105.7451143,51.91525777,-92.28331444,219.3983963,0.987995746,-0.686311525,125,43.48442877,,,,,,,
1767173131,154146973,323_1767173131-154146973.png,295658,-279851,68350,-68900,2.830671722,-2.679333257,809.44,405.85,172,-45,420,-75,123,45,109.2317647,21.15947521,386.0381605,-80.87687968,110.8456251,51.22232503,-87.3073436,193.9259534,0.982416091,-0.713538556,122,59.23176467,,,,,,,
1767173131,187496094,324_1767173131-187496094.png,298386,-282568,67850,-68050,2.856789982,-2.705346201,829.4,407.11,182,28,112,-69,56,19,98.14694053,23.75327259,371.2977987,-79.20495573,105.5837138,48.3933958,-131.7663848,186.3023753,0.977777397,-0.706130401,132,48.14694053,,,,,,,
1767173131,220843994,325_1767173131-220843994.png,300984,-285239,68300,-68850,2.881663603,-2.730918735,839.69,407.95,197,52,154,-69,25,39,113.9956909,26.65926669,330.2880102,-77.44137072,94.20921309,45.12380574,-89.40559605,196.4709194,0.97298404,-0.716439373,147,63.99569092,,,,,,,
1767173131,287540771,326_1767173131-287540771.png,305358,-289531,68650,-67800,2.923540901,-2.772010953,872.8,411.93,-29,-61,202,-58,61,52,72.40646714,13.74060256,268.4307097,-57.93291824,74.23451805,47.66446475,-156.6559149,211.3711715,0.966775945,-0.731639939,-79,22.40646714,,,,,,,
1767173131,320889893,327_1767173131-320889893.png,307402,-291580,67900,-68150,2.943110447,-2.79162837,872.8,411.93,-29,-61,202,-58,61,52,66.19181387,9.160155738,264.3595312,-57.93702932,73.4234461,47.93016623,-125.3853232,199.0997097,0.961637309,-0.731639939,-79,16.19181387,,,,,,,
1767173131,354237793,328_1767173131-354237793.png,310207,-294395,68650,-67800,2.969965916,-2.81857958,884.27,413.18,15,17,392,-102,52,55,56.17573561,8.442183838,281.3687208,-64.3825521,69.96029285,49.07222625,-127.1981027,187.5186172,0.956346474,-0.731639939,-35,6.175735612,,,,,,,
1767173131,387586670,329_1767173131-387586670.png,312859,-297119,68250,-68800,2.995356541,-2.844659544,904.11,417.64,93,61,240,-45,59,81,62.80131314,0.620108418,272.0561447,-64.1031401,66.13661929,53.76458059,-128.6202725,185.0855603,0.950904371,-0.731639939,43,12.80131314,,,,,,,
1767173131,454283691,330_1767173131-454283691.png,315924,-300117,67850,-68000,3.024701287,-2.873362822,913.48,420.8,110,72,256,-11,74,78,70.81751378,13.91633087,267.5919609,-56.27028879,66.50174386,58.81611547,-128.2833676,179.4878101,0.945311866,-0.731639939,60,20.81751378,,,,,,,
1767173131,487631592,331_1767173131-487631592.png,318600,-302844,68700,-67900,3.050321691,-2.899471507,922.78,423.04,51,191,552,-26,-30,69,68.96062714,41.35692631,308.8762595,-50.64046212,52.58841639,60.81523132,-100.5644988,178.9319899,0.938110944,-0.731639939,1,18.96062714,,,,,,,
1767173131,520980469,332_1767173131-520980469.png,321190,-305383,68250,-68850,3.075118719,-2.923780254,940.71,428.68,28,187,793,-120,-63,76,62.44871301,56.60817064,386.0231122,-61.35172839,27.3703052,62.30589193,-86.03622252,161.434901,0.933678978,-0.731639939,-22,12.44871301,,,,,,,
1767173131,587677490,333_1767173131-587677490.png,324871,-309052,68250,-68900,3.110361137,-2.958907782,969.67,437,-157,-3,483,-63,93,69,14.76267247,64.36438457,457.3742444,-67.96731503,30.39732551,64.80860762,-101.23149,164.8368819,0.926107811,-0.731639939,-207,-35.23732753,,,,,,,
1767173131,621025391,334_1767173131-621025391.png,327334,-311598,67800,-68150,3.133942249,-2.983283548,980.79,440.39,-47,-148,356,-94,183,49,-6.93227444,49.99951813,457.1687071,-68.20581441,42.35386066,64.79902992,-80.83199018,140.2193046,0.919886001,-0.731639939,-97,-56.93227444,,,,,,,
1767173131,654374512,335_1767173131-654374512.png,329935,-314247,68700,-67800,3.158844593,-3.00864545,990.81,442.29,-19,-127,248,-91,170,45,-12.3541797,12.58451155,427.3058373,-73.056101,69.10457827,61.29989576,-82.05213395,133.3351007,0.913518649,-0.802292599,-69,-62.3541797,,,,,,,
1767173131,687722412,336_1767173131-687722412.png,332999,-317177,68300,-68800,3.188179764,-3.036697687,999.96,442.29,-89,-88,205,-71,119,57,-23.91072857,-9.428522115,385.4137467,-73.69427758,81.68044792,59.81822449,-90.27448335,125.7161078,0.907006754,-0.821278102,-139,-73.91072857,,,,,,,
1767173131,754419434,337_1767173131-754419434.png,336075,-320253,67900,-68100,3.217629825,-3.066147748,1015.96,456.46,128,-93,530,-40,25,46,-12.39378302,-22.1707771,401.190804,-71.83866389,77.26934208,59.83893349,-38.79154679,76.01368594,0.898665201,-0.819555876,78,-62.39378302,,,,,,,
1767173131,787768555,338_1767173131-787768555.png,338061,-322234,68700,-67800,3.236644072,-3.085114124,1023.74,461.09,29,-125,364,-37,8,50,7.22312506,-41.80385325,410.2579438,-64.3659601,63.56678772,57.22104524,-89.24720919,105.1049068,0.891831862,-0.831542398,-21,-42.77687494,,,,,,,
1767173131,821116455,339_1767173131-821116455.png,341672,-325933,68350,-68900,3.271216299,-3.120528876,1031.49,465.56,-3,-22,408,-83,72,69,6.605787212,-41.7328327,408.7208859,-65.8293271,63.04465481,58.42248042,-51.26819703,46.41364384,0.884857443,-0.831542398,-53,-43.39421279,,,,,,,
1767173131,854465332,340_1767173131-854465332.png,343939,-328193,64650,-65650,3.292920879,-3.142166437,1048.68,476.61,169,51,389,-111,61,29,31.36560884,-30.17955184,406.5084007,-73.00658942,57.80344693,55.3216983,-63.87972611,70.67256737,0.877743074,-0.831542398,119,-18.63439116,,,,,,,
1767173131,921162354,341_1767173131-921162354.png,344505,-328695,-6300,6200,3.298339844,-3.146972656,1077.77,485.47,35,37,489,-101,90,62,39.77434326,7.619198272,422.0210298,-84.13411605,68.19080376,54.59103899,-61.48255825,19.99004483,0.868654904,-0.831542398,-15,-10.22565674,,,,,,,
1767173131,987859375,342_1767173131-987859375.png,342960,-327159,-32250,31650,3.283547794,-3.132266774,1086.76,491.55,12,93,433,-78,120,42,25.92509298,9.67036377,423.2341929,-85.06688181,70.62133186,54.16444948,-51.49652347,68.77885246,0.855571193,-0.831542398,-38,-24.07490702,,,,,,,
1767173132,21207275,343_1767173132-21207275.png,341663,-325833,-40950,41350,3.271130132,-3.119571461,1086.76,491.55,12,93,433,-78,120,42,25.49165038,12.26414279,423.5381705,-84.84691289,72.15832829,53.78580995,-42.74303585,28.92715836,0.847908213,-0.831542398,-38,-24.50834962,,,,,,,
1767173132,54555664,344_1767173132-54555664.png,339517,-323695,-56450,56900,3.250584023,-3.099101945,1086.48,499.1,88,170,526,-60,197,37,32.18988633,35.36526272,436.2229744,-81.52501253,89.57478932,51.15496036,-38.86960378,30.77631021,0.840111077,-0.831542398,38,-17.81011367,,,,,,,
1767173132,87902832,345_1767173132-87902832.png,337067,-321242,-68250,69400,3.227127374,-3.075616575,1079.62,506.2,34,241,451,-28,137,26,33.93573738,63.490242,440.441128,-74.57512752,98.15604626,47.77796602,-35.0449411,74.89416456,0.834175956,-0.831542398,-16,-16.06426262,,,,,,,
1767173132,154598145,346_1767173132-154598145.png,333316,-317421,-68200,68800,3.191214767,-3.039033778,1057,528.21,-58,176,330,-87,181,50,9.829033013,81.41100711,421.4558526,-75.59833004,106.6181919,47.53885509,-36.49847656,62.05011773,0.82208354,-0.831542398,-108,-40.17096699,,,,,,,
1767173132,187946289,347_1767173132-187946289.png,329978,-314150,-68750,67600,3.159256281,-3.007716759,1021.67,561.88,-131,236,172,-76,243,65,-12.56859831,106.532058,382.5445611,-75.96006694,128.539591,50.27292412,-38.78648153,62.78361702,0.811782766,-0.909480486,-181,-62.56859831,,,,,,,
1767173132,221293701,348_1767173132-221293701.png,327305,-311497,-68000,68250,3.133664599,-2.982316559,1000.92,575.43,-63,-66,549,-117,98,38,-20.16865858,112.7404841,392.6849776,-79.92955126,136.9802738,51.16332242,-44.17910266,29.52696848,0.805505762,-0.915031955,-113,-70.16865858,,,,,,,
1767173132,287989014,349_1767173132-287989014.png,325125,-309304,-68100,68850,3.112792969,-2.961320466,979.16,587.35,-46,-131,585,-109,19,38,-27.2557859,63.28445778,432.8876733,-87.0452372,116.7146836,48.22118661,-69.786861,54.68947601,0.794885142,-0.912751226,-96,-77.2557859,,,,,,,
1767173132,321337158,350_1767173132-321337158.png,321363,-305560,-68700,67500,3.076775046,-2.925474877,936,604.84,75,-204,420,-122,-61,58,-20.77779014,27.86171071,455.7395646,-92.66092851,88.55306556,50.19450677,-76.16129881,54.26333284,0.786247046,-0.927165961,25,-70.77779014,,,,,,,
1767173132,354684326,351_1767173132-354684326.png,318504,-302694,-67950,68400,3.049402574,-2.898035386,916.15,609.95,-28,-197,367,-132,-25,61,-11.08164865,-17.54416189,443.8462747,-99.39165042,62.11533836,52.01590824,-104.9105588,49.10877728,0.777484514,-0.921238311,-78,-61.08164865,,,,,,,
1767173132,421379639,352_1767173132-421379639.png,314544,-298727,-68050,68450,3.011488971,-2.860054764,880.02,612.19,-170,-126,28,-27,210,48,-37.30496661,-48.55667544,358.3117562,-88.89298772,81.9690928,49.24473868,-104.5765113,66.93414259,0.761854954,-0.934858056,-220,-87.30496661,,,,,,,
1767173132,488074951,353_1767173132-488074951.png,310718,-294829,-68000,68350,2.974858303,-2.822734758,847.54,612.23,-66,-8,198,-42,43,58,-44.80291534,-56.3007106,282.2724043,-71.03648672,95.40871041,49.71665229,-82.44163963,44.63828611,0.750464481,-0.928198016,-116,-94.80291534,,,,,,,
1767173132,521423096,354_1767173132-521423096.png,306892,-291090,-68150,68300,2.938227635,-2.78693704,831.91,612.8,22,-75,386,-105,87,50,-36.67139751,-55.30321528,290.9301324,-73.75977314,90.12947352,50.39812974,-80.50696918,47.68376255,0.738888518,-0.941774825,-28,-86.67139751,,,,,,,
1767173132,588118408,355_1767173132-588118408.png,303813,-288010,-68050,68800,2.908748851,-2.757448683,801.47,615.2,-11,-131,268,19,76,27,-21.67906815,-78.30436252,290.4054575,-53.6201187,89.72268181,44.47402133,-92.58190516,51.12686753,0.72712993,-0.92843074,-61,-71.67906815,,,,,,,
1767173132,621465576,356_1767173132-621465576.png,300617,-284797,-68000,68750,2.878149893,-2.726686964,786.67,617.17,-30,-196,372,-22,115,33,-22.61214341,-96.91675836,301.7425743,-47.06607692,93.05460687,42.33167262,-99.09193614,48.17510247,0.715191511,-0.924260954,-80,-72.61214341,,,,,,,
1767173132,654813721,357_1767173132-654813721.png,298160,-282343,-68000,68350,2.854626225,-2.703192019,757.77,621.83,-82,53,524,-15,-67,27,-46.75958751,-81.42574433,355.4844693,-43.44449621,66.21557752,40.79742776,-118.2151846,79.02749538,0.707943452,-0.919803355,-132,-96.75958751,,,,,,,
1767173132,721508789,358_1767173132-721508789.png,294946,-279138,-68050,68400,2.823854933,-2.672506893,744.18,625.29,-130,-129,499,-68,15,45,-61.65578416,-77.9962423,389.4933506,-44.83768022,48.43237727,40.34591588,-116.9391931,88.37183785,0.695723604,-0.914236994,-180,-111.6557842,,,,,,,
1767173132,754855957,359_1767173132-754855957.png,291880,-276070,-68100,68750,2.794500613,-2.643133425,718.73,629.66,184,-122,355,-121,82,23,-41.43150571,-94.00961759,399.6668642,-59.27438106,56.60777419,39.64722985,-144.4733097,74.18172884,0.685823769,-0.919515799,134,-91.43150571,,,,,,,
1767173132,788204102,360_1767173132-788204102.png,290238,-274418,-67950,68400,2.778779871,-2.627316942,706.81,631.96,155,109,326,-84,-5,25,-0.114502264,-72.12161264,387.3520434,-67.13477482,51.31299402,36.57931533,-174.0370379,72.54994726,0.673296525,-0.901216161,105,-50.11450226,,,,,,,
1767173132,821551270,361_1767173132-821551270.png,286544,-270678,-68000,68400,2.74341299,-2.591509651,695.38,633.55,28,49,768,-67,-62,42,8.119135203,-49.59531424,441.3882841,-67.5632534,33.24539381,37.06432933,-186.5162207,94.43599558,0.663154742,-0.901500221,-22,-41.8808648,,,,,,,
1767173132,888246338,362_1767173132-888246338.png,283618,-267809,-68050,68800,2.71539905,-2.564041437,674.15,635.94,20,89,498,-65,38,49,15.8399369,-34.99528003,472.2835041,-68.96224822,26.69919885,38.98532069,-153.4957757,40.47629738,0.65290803,-0.884112806,-30,-34.1600631,,,,,,,
1767173132,921594482,363_1767173132-921594482.png,280133,-264318,-68150,68750,2.682033165,-2.530618107,664.38,636.36,-87,98,326,-76,98,55,1.222424595,-2.967988209,453.4993641,-69.58953982,38.27268769,42.34320455,-154.3371288,45.78130698,0.639954547,-0.870588499,-137,-48.7775754,,,,,,,
1767173132,988289551,364_1767173132-988289551.png,277121,-261315,-68750,67650,2.653195849,-2.501866958,646.75,633.98,47,80,535,-132,128,38,-1.219269411,25.17522487,459.9356183,-75.80443751,50.32356835,43.53999216,-161.2252361,49.20119905,0.629477738,-0.867219068,-3,-51.21926941,,,,,,,
1767173133,21636719,365_1767173133-21636719.png,274393,-258593,-67800,68350,2.627077589,-2.475806143,639.04,629.12,4,24,593,-120,126,18,3.246368764,29.40790516,481.7318809,-85.53709515,65.50968792,40.06368152,-158.0545767,19.1705718,0.618901327,-0.866459316,-46,-46.75363124,,,,,,,
1767173133,54985352,366_1767173133-54985352.png,271329,-255521,-68100,68700,2.597742417,-2.446394378,628.44,625.42,-76,-123,510,-147,93,29,-8.322737503,6.975781129,488.8227791,-95.44138402,71.13743326,37.85937281,-156.4744097,8.122946262,0.608226978,-0.870957271,-126,-58.3227375,,,,,,,
1767173133,88333008,367_1767173133-88333008.png,269000,-253121,-68750,67600,2.57544424,-2.423416437,610.85,617.44,-48,7,389,-101,117,43,-21.13059571,3.296031809,480.6399002,-94.27665776,79.77169175,38.03930916,-156.8763837,18.50198269,0.597456355,-0.846865274,-98,-71.13059571,,,,,,,
1767173133,121681396,368_1767173133-121681396.png,266346,-250466,-67950,68450,2.550034467,-2.397997089,603.58,610.79,-82,20,428,-78,95,38,-29.54301993,5.208055141,465.9731564,-93.53008609,85.17281318,38.57180536,-158.2514726,7.221654892,0.586591257,-0.85265814,-132,-79.54301993,,,,,,,
1767173133,188377686,369_1767173133-188377686.png,262462,-246633,-68050,68750,2.512848499,-2.361299403,589.41,603.41,23,-122,522,-54,63,35,-35.68882989,-11.4994452,464.9370366,-88.4873277,84.54746561,38.52088593,-158.4372638,-8.246167183,0.572879573,-0.850802621,-27,-85.68882989,,,,,,,
1767173133,221725098,370_1767173133-221725098.png,259315,-243431,-68150,68750,2.482718673,-2.330642999,582.97,601.95,63,-61,629,-75,18,41,-16.72160921,-27.27668631,493.3390621,-83.85013922,73.15050668,38.61138325,-158.7448161,-20.91511416,0.559026208,-0.846803095,13,-66.72160921,,,,,,,
1767173133,288421143,371_1767173133-288421143.png,257265,-241384,-67950,68350,2.463091682,-2.31104473,576.26,600.45,-93,64,621,-96,29,38,-27.87670047,-13.92821689,512.008431,-85.62695707,66.6938559,38.52197345,-158.512983,-19.38865042,0.547843895,-0.817048864,-143,-77.87670047,,,,,,,
1767173133,321769775,372_1767173133-321769775.png,252755,-236953,-68650,67550,2.419912301,-2.268621706,562.87,596.94,-80,86,677,-138,20,47,-52.1204373,6.919263442,520.2794422,-93.83208353,61.65145692,39.69664447,-159.0469785,-10.93800497,0.53090842,-0.823403629,-130,-102.1204373,,,,,,,
1767173133,355117188,373_1767173133-355117188.png,250172,-234278,-68250,68300,2.395182292,-2.243010876,556.52,595.55,26,107,669,-120,1,56,-40.69596179,21.55525325,542.0286083,-97.65892746,52.78167702,42.08087698,-159.0712008,-19.03558493,0.519512721,-0.823403629,-24,-90.69596179,,,,,,,
1767173133,421813477,374_1767173133-421813477.png,246335,-230523,-68150,68900,2.358446308,-2.207059972,544.22,591.63,36,-90,554,-91,107,41,-18.03109061,9.541813358,556.5109805,-98.22596027,51.99806153,43.41097151,-156.6607204,-25.1594944,0.505152756,-0.823403629,-14,-68.03109061,,,,,,,
1767173133,455161865,375_1767173133-455161865.png,243408,-227596,-68650,67550,2.330422794,-2.179036458,532.04,585.98,-40,-62,596,-139,106,46,-17.03942723,-11.80235014,549.11406,-99.04640718,63.68186096,42.96410327,-154.2854371,-24.76301217,0.493574664,-0.823403629,-90,-67.03942723,,,,,,,
1767173133,521857910,376_1767173133-521857910.png,239650,-223774,-68650,67600,2.294443168,-2.142444087,524.03,583,-39,24,734,-104,14,55,-30.50059284,-5.407901626,594.463198,-107.0203524,58.49854675,46.55212708,-150.3879775,-22.1670351,0.478992459,-0.823403629,-89,-80.50059284,,,,,,,
1767173133,555205566,377_1767173133-555205566.png,237394,-221525,-67950,68350,2.272843903,-2.120911841,517.49,583,-14,-89,460,-67,147,50,-29.98698336,-8.009850235,590.2777985,-105.7746497,61.25330752,46.65944809,-143.8671017,-28.84848428,0.464291876,-0.823403629,-64,-79.98698336,,,,,,,
1767173133,588553955,378_1767173133-588553955.png,234047,-218097,-68150,68850,2.240799249,-2.088091682,511.41,578.19,28,31,422,-96,79,54,-19.88517515,-10.52044799,552.4534413,-100.4119686,72.54657944,48.07180234,-138.1086777,-22.44730949,0.452448565,-0.823403629,-22,-69.88517515,,,,,,,
1767173133,655250000,379_1767173133-655250000.png,231317,-215516,-68600,67600,2.214661841,-2.063380821,507.42,572.69,-31,28,434,-99,49,61,-21.51062745,-4.887147278,535.1305935,-100.2054797,69.10308463,49.96244559,-123.9429573,-24.83723617,0.440533649,-0.823403629,-81,-71.51062745,,,,,,,
1767173133,688597656,380_1767173133-688597656.png,228529,-212711,-67950,68350,2.187969133,-2.036525352,499.13,565.33,-10,70,280,-15,39,35,-19.36231019,-1.686006464,497.9242183,-91.52350265,59.96826691,48.08967756,-118.6835266,-22.36491799,0.428549058,-0.823403629,-60,-69.36231019,,,,,,,
1767173133,721946045,381_1767173133-721946045.png,225854,-209905,-68200,68800,2.162358303,-2.009660309,494.75,561.02,62,-32,382,-24,19,33,-6.740327505,-0.580124753,464.1326159,-75.73590161,52.35681045,44.87151847,-111.4531893,1.267400265,0.413473203,-0.823403629,12,-56.74032751,,,,,,,
1767173133,755293701,382_1767173133-755293701.png,222931,-207116,-68700,67600,2.134373085,-1.982958027,486.81,545.95,41,-64,371,-6,-94,23,12.56179431,-10.68998855,459.3729445,-62.69255671,33.15659607,41.3751382,-111.4304606,2.962229252,0.401338709,-0.735957433,-9,-37.43820569,,,,,,,
1767173133,821989502,383_1767173133-821989502.png,219714,-203901,-68900,67650,2.10357307,-1.95217716,482.65,541.99,18,122,399,-40,14,42,16.18531365,-0.506028959,442.9474711,-54.06085097,17.5676536,39.52556283,-105.2619452,-12.05566359,0.389140732,-0.718617074,-32,-33.81468635,,,,,,,
1767173133,855338135,384_1767173133-855338135.png,216847,-200978,-67950,68200,2.076124004,-1.924191942,478.03,537.92,10,133,385,7,15,35,15.32898683,22.2736976,433.3052362,-44.75753764,17.09734593,38.92949368,-103.2322686,-5.820991278,0.373806917,-0.723598687,-40,-34.67101317,,,,,,,
1767173133,888685547,385_1767173133-888685547.png,213568,-197755,-68100,68900,2.044730392,-1.893334482,468.42,529.56,-64,149,448,-18,35,61,-0.968668945,43.60965705,439.3932916,-38.64570377,15.99021739,41.5608508,-100.7372372,-4.505019903,0.361473152,-0.698493937,-114,-50.96866895,,,,,,,
1767173133,955381592,386_1767173133-955381592.png,210439,-194613,-68150,68850,2.014772901,-1.863252528,463.61,524,-107,182,484,1,56,56,-18.14992325,66.6488304,446.1453789,-32.29919023,22.34650038,44.18904791,-102.6002797,-15.11002398,0.345975718,-0.701677762,-157,-68.14992325,,,,,,,
1767173133,988730225,387_1767173133-988730225.png,207629,-191825,-68650,67650,1.987869562,-1.836559819,453.19,518.14,-71,-59,547,-34,79,33,-35.23346213,70.94001515,460.8175813,-28.51852616,33.45856885,45.12473285,-101.6400228,-12.00307631,0.333516019,-0.697074596,-121,-85.23346213,,,,,,,
1767173134,22077637,388_1767173134-22077637.png,205188,-189221,-68100,68400,1.965695849,-1.812930836,447.72,515.07,205,-117,356,-20,103,41,-9.542920401,38.24742495,455.2369572,-27.94356259,45.35298042,43.66770384,-95.59255421,16.60955739,0.321003556,-0.689942452,155,-59.5429204,,,,,,,
1767173134,55426270,389_1767173134-55426270.png,202514,-186709,-68800,67550,1.938897825,-1.787578508,442.18,511.93,320,-90,260,-36,107,32,44.35145215,15.3666335,424.0479554,-28.91065293,55.90030544,41.89050408,-95.49384654,17.79341578,0.311585753,-0.704555255,270,-5.648547854,,,,,,,
1767173134,88773682,390_1767173134-88773682.png,199721,-183909,-68000,68350,1.912157246,-1.76077091,436.85,507.4,260,-64,211,-32,58,32,75.88828988,3.759911974,392.8914331,-29.36244469,56.20736861,40.44409869,-95.53936896,11.6710825,0.298985705,-0.665454157,210,25.88828988,,,,,,,
1767173134,155469727,391_1767173134-155469727.png,197183,-181300,-68050,68800,1.887858073,-1.735791973,426.52,501.65,-66,-138,214,-52,126,20,56.36298324,-12.5824759,366.8423095,-33.85744919,72.94854428,35.14912068,-93.73743436,21.95640755,0.286338353,-0.667675162,-116,6.362983242,,,,,,,
1767173134,222165771,392_1767173134-222165771.png,191795,-175848,-67900,68400,1.836272595,-1.68359375,411.87,488.48,96,-55,252,-21,153,9,33.62326902,-30.77797034,334.8590129,-36.9763286,84.45014066,32.01227844,-89.03096145,37.77987432,0.260909742,-0.667675162,46,-16.37673098,,,,,,,
1767173134,255514404,393_1767173134-255514404.png,189482,-173601,-68050,68700,1.814127604,-1.662080653,407.36,482.49,134,-59,297,-33,149,-3,38.62881681,-32.38691429,331.1817355,-36.37074668,88.52668343,30.22845975,-91.12655139,29.25672436,0.248132511,-0.667675162,84,-11.37118319,,,,,,,
1767173134,288861816,394_1767173134-288861816.png,188109,-172306,-68000,68400,1.800982307,-1.649682138,403.08,478.48,113,-105,279,-37,145,12,53.82355717,-39.80518625,324.1714441,-36.03336428,98.73233364,25.40530152,-88.12869537,60.02257037,0.235316015,-0.667675162,63,3.823557174,,,,,,,
1767173134,355557861,395_1767173134-355557861.png,182520,-166629,-68750,67650,1.747472426,-1.595329733,390.16,464.59,-77,-37,179,29,8,-17,58.9385714,-42.51965056,310.1793353,-36.21211131,83.44607252,19.78707144,-104.2959087,24.00659466,0.219243272,-0.667675162,-127,8.938571404,,,,,,,
1767173134,388906494,396_1767173134-388906494.png,180328,-164516,-68000,68350,1.726485907,-1.575099571,390.16,464.59,-77,-37,179,29,8,-17,54.7072483,-42.34784189,306.0961517,-34.18227158,81.09768305,18.64201023,-73.8548511,70.16317296,0.206345866,-0.667675162,-127,4.707248304,,,,,,,
1767173134,455602539,397_1767173134-455602539.png,176641,-160751,-67950,68700,1.691186045,-1.539052926,386.14,459.12,19,-108,254,8,63,8,39.30856049,-51.53571485,288.6570122,-23.13147267,72.80291144,14.33170583,-72.71945307,73.85717797,0.190178447,-0.667675162,-31,-10.69143951,,,,,,,
1767173134,488949951,398_1767173134-488949951.png,173025,-157216,-68000,68750,1.656565947,-1.505208333,378.34,452.78,-127,6,246,-56,62,30,7.956878603,-53.29282274,271.0997775,-27.42239051,76.36674282,17.08107124,-66.53223515,107.9037819,0.173963991,-0.667675162,-177,-42.0431214,,,,,,,
1767173134,555645996,399_1767173134-555645996.png,169543,-153650,-68050,68850,1.623228784,-1.471066942,365,447.1,-174,31,286,-69,82,63,-26.80084142,-37.82758701,279.3005823,-37.7203209,76.34445657,25.87693148,-60.97622684,112.9851165,0.154450244,-0.616915715,-224,-76.80084142,,,,,,,
1767173134,588994629,400_1767173134-588994629.png,166669,-150868,-68750,67500,1.595712699,-1.444431679,359.97,443.63,-232,-12,326,-32,24,56,-60.72131477,-32.22144104,286.3080255,-37.71501879,68.83980195,31.26871846,-57.28527409,123.8063445,0.141410109,-0.603746619,-282,-110.7213148,,,,,,,
1767173134,622342041,401_1767173134-622342041.png,163665,-147728,-68000,68400,1.566951976,-1.414368873,350.33,439.68,-131,-25,459,-7,83,33,-79.75547458,-22.96259342,322.3830751,-29.41964915,73.71069999,33.25984221,-52.21572578,130.3975213,0.125078706,-0.607371953,-181,-129.7554746,,,,,,,
1767173134,689038086,402_1767173134-689038086.png,160320,-144369,-68050,68750,1.534926471,-1.382209329,345.92,437.76,17,37,342,-26,56,24,-69.56535428,-14.35098111,335.808047,-27.18722534,71.83842323,31.8855884,-53.65205234,142.0852213,0.108716386,-0.584043866,-33,-119.5653543,,,,,,,
1767173134,722386475,403_1767173134-722386475.png,157324,-141365,-68750,68850,1.506242341,-1.353448606,337.2,432.37,92,-10,299,-56,78,19,-34.38490687,-5.265102555,319.600692,-33.36115935,72.68357242,29.13853535,-52.86213118,144.1023085,0.095606984,-0.584043866,42,-84.38490687,,,,,,,
1767173134,789082520,404_1767173134-789082520.png,154523,-138717,-68700,67650,1.479425169,-1.328096278,333.05,429.95,151,-50,438,-50,20,14,-0.661140977,-12.05495603,335.8377494,-36.97896811,65.25719778,26.39417764,-40.73654258,154.8218009,0.082482452,-0.584043866,101,-50.66114098,,,,,,,
1767173134,822429932,405_1767173134-822429932.png,150704,-134822,-68050,68400,1.44286152,-1.290804994,325.19,423.86,41,62,593,-21,30,29,22.74922387,-7.074480271,408.2128321,-36.73266692,51.65758209,27.10961172,-44.82531324,160.3271294,0.066058687,-0.584043866,-9,-27.25077613,,,,,,,
1767173134,855778564,406_1767173134-855778564.png,148166,-132290,-68150,68750,1.418562347,-1.266563266,321.21,420.24,-35,-16,550,-2,107,20,15.25879288,-4.765634752,438.6165207,-30.83013025,58.61778575,26.16879841,-40.5293214,167.0174625,0.052907719,-0.584043866,-85,-34.74120712,,,,,,,
1767173134,922474365,407_1767173134-922474365.png,144559,-128742,-68100,68900,1.384028416,-1.23259421,313.34,411.07,77,-91,596,-8,53,17,18.81708508,-24.97093311,459.6946434,-23.99828186,56.43110898,23.18843437,-39.85596621,172.5663509,0.036457477,-0.584043866,27,-31.18291492,,,,,,,
1767173134,955822021,408_1767173134-955822021.png,141008,-125198,-68650,67650,1.350030637,-1.19866345,309.26,405.42,106,-94,375,-24,70,38,34.61113289,-38.52065706,454.4405422,-23.16146758,58.23592518,25.0307122,-48.65497625,177.448513,0.019998226,-0.584043866,56,-15.38886711,,,,,,,
1767173135,22518066,409_1767173135-22518066.png,137326,-121508,-68650,67600,1.314778646,-1.163334865,299.03,390.98,-35,120,442,-134,129,42,71.96487096,-32.2588146,408.4378639,-36.3418763,70.0733218,27.80408065,-43.7398535,185.096307,0.000240957,-0.584043866,-85,21.96487096,,,,,,,
1767173135,55866943,410_1767173135-55866943.png,134656,-118840,-67900,68450,1.289215686,-1.137791054,299.03,390.98,-35,120,442,-134,129,42,62.28415162,-18.47882462,411.4753622,-45.18030033,75.40640571,29.08886424,-41.94246465,184.7479701,-0.012931038,-0.530727862,-85,12.28415162,,,,,,,
1767173135,89214844,411_1767173135-89214844.png,131713,-115765,-68000,68800,1.261038986,-1.108350567,293.83,381,-71,-57,512,-145,-48,62,24.37545016,-25.57127776,431.99182,-73.38300617,50.51126166,38.27121565,-34.12377769,204.1874924,-0.026100986,-0.517480629,-121,-25.62454984,,,,,,,
1767173135,155911377,412_1767173135-155911377.png,128450,-112555,-68100,68800,1.22979856,-1.07761757,287.72,372.77,-176,98,559,-55,19,25,-22.91008559,-33.78835918,436.8728217,-74.17542554,31.33568055,38.71403447,-35.34970105,213.1774797,-0.042557372,-0.520662509,-226,-72.91008559,,,,,,,
1767173135,189260254,413_1767173135-189260254.png,125248,-109419,-68750,67550,1.199142157,-1.047593061,284.32,368.37,-106,186,451,-28,125,20,-48.81029528,6.12324973,451.3376384,-66.68156284,41.17274829,35.05474209,-29.49217975,217.3360295,-0.059003237,-0.506394596,-156,-98.81029528,,,,,,,
1767173135,255957031,414_1767173135-255957031.png,122165,-106280,-67950,68250,1.169625077,-1.017539828,280.52,362.91,-8,156,645,-33,178,17,-44.36192233,32.82167016,479.6502035,-60.72795863,63.41029965,32.01430837,-30.71621987,221.4674976,-0.07214962,-0.487516282,-58,-94.36192233,,,,,,,
1767173135,289304932,415_1767173135-289304932.png,120187,-104364,-68150,68850,1.150687423,-0.999195772,272.6,355.92,-89,66,547,17,62,22,-51.29414562,35.62688296,505.4808921,-45.60004312,67.31358636,30.56489809,-29.89019248,231.4544938,-0.085284588,-0.49229584,-139,-101.2941456,,,,,,,
1767173135,322653809,416_1767173135-322653809.png,116432,-100622,-68650,67600,1.11473652,-0.963369332,268.54,353,88,154,595,-37,14,25,-31.92553695,53.74514038,519.6756879,-42.67877977,59.3757031,29.52346763,-21.51945686,226.5125799,-0.101684076,-0.472672379,38,-81.92553695,,,,,,,
1767173135,356001709,417_1767173135-356001709.png,113841,-98023,-68050,68350,1.089929917,-0.938486137,264.48,350.02,151,140,614,-34,101,9,-5.174172131,66.35920868,533.4698476,-41.40957915,65.46291635,26.52207822,-38.40730119,208.4270008,-0.111511964,-0.474825894,101,-55.17417213,,,,,,,
1767173135,422698486,418_1767173135-422698486.png,110772,-94951,-67950,68250,1.060546875,-0.909074372,256.95,344.42,62,-57,584,-60,50,18,19.01737675,62.4623155,547.024957,-45.6977328,61.47477242,25.28233945,-28.73875445,211.5365276,-0.127869291,-0.471009784,12,-30.98262325,,,,,,,
1767173135,456047363,419_1767173135-456047363.png,107205,-91402,-68050,68750,1.02639591,-0.875095741,249.46,339.53,13,41,471,11,27,12,21.85669591,33.00241644,539.4449206,-44.55908956,61.31130541,22.9011433,-27.64563188,213.0406382,-0.14419501,-0.44516822,-37,-28.14330409,,,,,,,
1767173135,522744141,420_1767173135-522744141.png,103534,-87654,-68050,68800,0.991249234,-0.839211857,242.27,333.5,123,-36,431,-24,118,27,38.9003018,21.29807314,502.1965203,-32.85263372,65.59392909,23.22612558,-22.48711678,231.8641586,-0.163738451,-0.440153748,73,-11.0996982,,,,,,,
1767173135,556092041,421_1767173135-556092041.png,101063,-85188,-68700,67450,0.967591529,-0.815602022,238.64,331,34,-53,596,-56,70,19,46.12219145,13.96114158,498.8733321,-32.79687781,70.32638798,23.42549848,-29.04617691,233.0768182,-0.173488766,-0.416581902,-16,-3.87780855,,,,,,,
1767173135,589440918,422_1767173135-589440918.png,98129,-82192,-68050,68400,0.939500996,-0.786917892,235.08,327.59,-13,-71,621,-46,32,17,39.461485,-0.96400047,520.4217891,-36.49914631,66.82243749,22.36574616,-28.95454761,232.8209031,-0.186464985,-0.416581902,-63,-10.538515,,,,,,,
1767173135,622788818,423_1767173135-622788818.png,95201,-79394,-68100,68850,0.911467907,-0.760129442,231.42,324.91,54,-90,537,-57,104,22,38.84272289,-17.64922641,528.1086918,-39.99433433,70.4373651,22.03151105,-13.05261114,236.635128,-0.202643556,-0.416581902,4,-11.15727711,,,,,,,
1767173135,689485596,424_1767173135-689485596.png,92803,-76924,-68700,67700,0.888509115,-0.736481311,224.65,318.3,-60,105,534,-64,10,25,28.2787975,-10.05563365,534.0859501,-41.59249374,66.93558965,22.11944561,-19.85597277,226.3283095,-0.212326893,-0.416581902,-110,-21.7212025,,,,,,,
1767173135,722834473,425_1767173135-722834473.png,89600,-73716,-68050,68250,0.857843137,-0.705767463,221.51,314.25,-42,103,712,-83,14,32,12.37886963,12.60927067,550.1785467,-47.76138956,55.99224369,23.32494621,-19.63329604,225.9077547,-0.228423388,-0.416581902,-92,-37.62113037,,,,,,,
1767173135,756182373,426_1767173135-756182373.png,87079,-71270,-68100,68850,0.833706725,-0.682349112,218.43,311.54,1,-54,697,-104,59,23,7.869580007,7.597652413,580.1168413,-57.82958889,54.23497625,23.73132352,-12.29626358,227.1413345,-0.241260124,-0.416581902,-49,-42.13041999,,,,,,,
1767173135,789531250,427_1767173135-789531250.png,85032,-69151,-68050,68350,0.814108456,-0.662061504,212.32,305.83,87,96,520,-62,21,-1,14.79615082,9.913160139,566.9442831,-59.8931977,52.44048602,18.54601302,-4.404455006,231.0479813,-0.254058677,-0.416581902,37,-35.20384918,,,,,,,
1767173135,856228027,428_1767173135-856228027.png,81274,-65384,-68000,68400,0.77812883,-0.625995711,209.23,302.08,142,145,467,-29,40,7,35.66797437,32.82876623,551.3257278,-56.39069168,48.45499003,15.61538461,5.146162033,246.2459891,-0.266817033,-0.416581902,92,-14.33202563,,,,,,,
1767173135,889575928,429_1767173135-889575928.png,78534,-62584,-67950,68800,0.75189568,-0.599188113,206.3,298.79,20,143,507,-10,73,10,36.20240279,51.92132562,542.6025215,-48.87853275,51.81980833,14.56522924,-8.797660917,231.0347986,-0.279533178,-0.416581902,-30,-13.79759721,,,,,,,
1767173135,922924805,430_1767173135-922924805.png,75540,-59733,-68800,67550,0.723230699,-0.571892233,200.39,295.2,-4,76,573,6,74,33,27.25869495,52.03498299,544.7945429,-38.39346779,61.98973409,17.67659403,3.822440147,251.9169602,-0.292205064,-0.343912498,-54,-22.74130505,,,,,,,
1767173135,956272705,431_1767173135-956272705.png,72673,-56797,-68100,67700,0.695781633,-0.543782552,197.29,293.64,-5,144,492,-54,116,49,20.93302874,64.8728828,540.7712496,-36.70732354,69.36470258,22.62028538,-18.31301594,243.9774287,-0.307979733,-0.338924786,-55,-29.06697126,,,,,,,
1767173136,22969482,432_1767173136-22969482.png,69456,-53522,-68000,68350,0.664981618,-0.512427237,187.66,290.7,40,-219,621,-117,14,18,-2.510517367,48.88234952,511.2984951,-51.17015829,66.66510194,26.89341956,-28.6465407,244.3366556,-0.323678235,-0.336030072,-10,-52.51051737,,,,,,,
1767173136,89665527,433_1767173136-89665527.png,64623,-48742,-68100,68350,0.618709789,-0.466662837,181.7,288.3,-27,73,424,-23,150,10,3.396730162,4.752908976,511.1164398,-61.22049796,76.45552297,21.79317422,-9.511213511,263.8185916,-0.342410478,-0.318071195,-77,-46.60326984,,,,,,,
1767173136,123014160,434_1767173136-123014160.png,61759,-45864,-68050,68300,0.591289445,-0.439108456,179.42,286.82,48,142,534,-26,196,0,9.919593856,24.82417439,514.4629735,-56.06978798,93.93792576,18.60610059,-32.55601406,237.919719,-0.357927819,-0.317210311,-2,-40.08040614,,,,,,,
1767173136,156361816,435_1767173136-156361816.png,58885,-42925,-68150,68900,0.563773361,-0.410970052,175.43,282.71,101,79,311,-52,52,10,31.16231506,45.46566631,507.0096127,-51.14329069,96.86747721,13.73981094,-5.636612535,262.2209129,-0.370278195,-0.317210311,51,-18.83768494,,,,,,,
1767173136,223057861,436_1767173136-223057861.png,56008,-40060,-68750,67700,0.536228554,-0.383540135,173.16,280.93,165,54,381,-70,86,11,52.6336238,49.15404493,476.4060875,-53.45204301,91.99806412,13.11603233,3.037259549,270.9011083,-0.382569982,-0.317210311,115,2.633623801,,,,,,,
1767173136,256406250,437_1767173136-256406250.png,53208,-37341,-68000,68350,0.509420956,-0.357508042,170.71,278.52,34,52,507,-63,97,38,52.89471128,49.6990224,478.3448091,-55.28811067,92.57015961,16.69887631,-9.406596363,271.5762887,-0.394801248,-0.317210311,-16,2.894711278,,,,,,,
1767173136,289753906,438_1767173136-289753906.png,51589,-35691,-68700,67650,0.49392042,-0.341710708,165.96,275.64,-59,11,402,-61,25,22,42.20791948,42.83846481,468.2648151,-58.48147838,86.56624626,19.2615629,31.31778798,295.6366129,-0.40697003,-0.317210311,-109,-7.792080521,,,,,,,
1767173136,356449951,439_1767173136-356449951.png,46597,-30773,-68100,68800,0.446126302,-0.294625077,161.59,272.35,-94,53,387,-46,75,15,14.46846099,41.86440238,451.2603307,-56.85076604,80.11765836,18.84993852,4.658857822,278.0985432,-0.425101863,-0.317210311,-144,-35.53153901,,,,,,,
1767173136,423145996,440_1767173136-423145996.png,41347,-25516,-68150,68850,0.395862056,-0.244293811,156.63,268.78,159,-71,378,-24,79,23,19.40465815,32.23707926,387.6032061,-31.62249341,105.6246864,10.83632422,-17.01786733,219.2091107,-0.44606397,-0.317210311,109,-30.59534185,,,,,,,
1767173136,456494629,441_1767173136-456494629.png,39021,-23204,-68650,67550,0.375612745,-0.224063649,156.63,268.78,159,-71,378,-24,79,23,32.03855667,22.89373896,386.7340802,-30.93262936,103.2150531,11.93718219,23.59774375,279.0409586,-0.457945929,-0.317210311,109,-17.96144333,,,,,,,
1767173136,523190674,442_1767173136-523190674.png,35810,-19931,-67950,67750,0.342850031,-0.190822227,154.54,265.69,55,-14,368,-71,84,38,28.91998685,12.12745261,364.1262782,-34.45996334,99.0701227,15.32910274,22.75548154,300.230763,-0.472696246,-0.21672183,5,-21.08001315,,,,,,,
1767173136,556538086,443_1767173136-556538086.png,32945,-17125,-67950,68350,0.315420113,-0.163957184,153.52,264.61,-9,-18,417,-76,63,27,27.6348057,7.250182088,369.2304039,-41.2272042,94.5651782,18.25146748,13.64606184,246.1966975,-0.484412557,-0.20473165,-59,-22.3651943,,,,,,,
1767173136,589886719,444_1767173136-589886719.png,30211,-14389,-68200,68800,0.289244409,-0.137762331,152.42,263.48,3,-213,366,-97,145,16,22.72946625,-20.28207381,371.4262977,-49.73159877,98.85289006,18.45641142,-110.4022123,-151.1557293,-0.496052236,-0.217269524,-47,-27.27053375,,,,,,,
1767173136,623234131,445_1767173136-623234131.png,27548,-11672,-68650,67600,0.263748468,-0.111749387,151.21,262.62,125,-304,527,-61,113,-8,37.16139137,-66.8949228,394.033478,-52.63565392,102.1481348,14.52209907,34.2893436,319.379694,-0.507613384,-0.17725892,75,-12.83860863,,,,,,,
1767173136,656582520,446_1767173136-656582520.png,24964,-9132,-68150,68900,0.239008885,-0.087431066,147.97,261.57,177,-123,386,-2,91,7,71.62805053,-86.89631977,396.4365499,-43.76989725,105.2294717,12.27205845,16.97679651,313.7893949,-0.519094238,-0.184383818,127,21.62805053,,,,,,,
1767173136,723278564,447_1767173136-723278564.png,21814,-5990,-68200,68900,0.208850337,-0.057349112,146.2,261.37,211,-165,408,-1,82,20,97.52335296,-100.2073692,397.5815465,-35.32965575,101.0878338,13.12636096,13.36416051,297.782804,-0.530492967,-0.186851491,161,47.52335296,,,,,,,
1767173136,756626221,448_1767173136-756626221.png,18466,-2660,-68700,67550,0.176796109,-0.025467218,142.41,262.14,128,-94,829,-49,9,4,121.8920365,-104.8052473,480.3082792,-34.39492416,75.98305324,13.87966125,2.55157882,226.3429251,-0.544623134,-0.196608648,78,71.89203652,,,,,,,
1767173136,823322266,449_1767173136-823322266.png,16836,-1011,-68150,68800,0.161190257,-0.009679458,140.37,262.87,63,17,596,-68,25,15,113.5991397,-86.42687082,515.4715712,-40.07356179,65.02249662,13.52657587,8.315652519,228.3729084,-0.558618678,-0.152502686,13,63.59913966,,,,,,,
1767173136,856670654,450_1767173136-856670654.png,11374,4508,-67900,68350,0.108896293,0.043160233,135.88,266.57,-170,110,466,-59,49,0,53.32200421,-51.77955694,490.6981584,-50.94779923,74.91233384,11.35782383,50.83852968,324.6530366,-0.572476104,-0.142837571,-220,3.322004212,,,,,,,
1767173136,923366699,451_1767173136-923366699.png,8016,7849,-68000,68400,0.076746324,0.075147442,131.9,267.21,-25,22,508,-38,27,4,14.20668218,-30.15533252,477.7153836,-47.99862472,63.04542075,9.01997476,-1.233990431,244.2234569,-0.588917861,-0.15111022,-75,-35.79331782,,,,,,,
1767173136,956714111,452_1767173136-956714111.png,4672,11213,-68150,68700,0.044730392,0.107354856,130.16,270.09,16,-20,424,-56,69,19,13.42703446,-27.28418585,470.6647523,-48.90305002,62.95833308,10.34606757,70.14685506,317.8923483,-0.599762986,-0.186183466,-34,-36.57296554,,,,,,,
1767173137,23410156,453_1767173137-23410156.png,578,15237,-68150,68800,0.005533854,0.145881204,126.98,275.84,-102,58,311,-142,122,47,-20.11227912,8.571325473,413.1466319,-67.52402904,81.08688849,19.53370713,7.925952017,294.4647908,-0.61585214,-0.124495986,-152,-70.11227912,,,,,,,
1767173137,56758545,454_1767173137-56758545.png,-2085,17889,-68800,67650,-0.019962086,0.171271829,124.53,280.38,84,-205,341,-86,31,23,-27.71889237,-17.08816651,397.310831,-78.19394487,79.24092142,22.55573904,-135.0458824,295.1961408,-0.626456781,-0.124495986,34,-77.71889237,,,,,,,
1767173137,123454590,455_1767173137-123454590.png,-5078,20889,-68000,68300,-0.048617494,0.199994256,123.71,284.27,125,1,225,-3,104,15,-0.664189263,-29.92514568,372.3471738,-69.88243704,78.33538503,21.69344633,-133.7207319,340.6452985,-0.639573049,-0.124495986,75,-50.66418926,,,,,,,
1767173137,156802002,456_1767173137-156802002.png,-8568,24450,-67950,68350,-0.08203125,0.234087776,122.71,290.29,-130,54,171,-105,259,39,-7.56094363,-14.54836016,328.9656895,-67.08757968,106.2005071,24.00197414,-177.4469984,242.5936813,-0.652531192,-0.124495986,-180,-57.56094363,,,,,,,
1767173137,190150391,457_1767173137-190150391.png,-10884,26777,-68100,68800,-0.104204963,0.256366805,122.43,292.27,-113,84,200,-140,227,25,-29.85311038,2.627280462,301.0449713,-78.77409108,132.7389643,25.31665562,-269.7541959,306.7431304,-0.66022886,-0.124495986,-163,-79.85311038,,,,,,,
1767173137,223497803,458_1767173137-223497803.png,-13757,29642,-68650,67650,-0.131711474,0.283796722,122.15,294.3,50,-45,504,-89,90,-6,-20.38484919,-2.175364507,328.0402458,-81.89660682,128.9936988,20.72843564,-270.3761842,307.5562987,-0.67040087,-0.124495986,0,-70.38484919,,,,,,,
1767173137,290193848,459_1767173137-290193848.png,-15997,31897,-68100,68750,-0.153157552,0.305386412,122.23,296.63,-38,-78,367,-128,148,6,-22.96092104,-13.26409777,333.7377915,-88.63885129,131.773215,18.5745223,-117.9610773,272.1570413,-0.680466754,-0.124495986,-88,-72.96092104,,,,,,,
1767173137,323542236,460_1767173137-323542236.png,-19968,35922,-68050,68800,-0.191176471,0.343922335,122.56,301.91,-123,-18,248,-47,120,20,-44.33787637,-22.53871652,290.8922755,-79.34836682,129.8300835,18.960965,-108.941079,287.2286677,-0.692897657,-0.124495986,-173,-94.33787637,,,,,,,
1767173137,390238037,461_1767173137-390238037.png,-23654,39459,-68050,68850,-0.226466759,0.377786075,123.18,306.13,-147,-61,539,-27,40,-1,-66.88488105,-27.81004279,350.3370554,-70.30810486,107.8900609,17.69164079,-104.2866224,289.1106329,-0.707588253,-0.124495986,-197,-116.884881,,,,,,,
1767173137,423585449,462_1767173137-423585449.png,-27064,42883,-68050,68800,-0.259114583,0.410567938,124.38,310.94,3,-46,335,-66,124,15,-75.44664843,-38.5870578,385.4468316,-67.50983937,105.8156353,15.5704853,-194.3599743,326.0972521,-0.719638258,-0.124495986,-47,-125.4466484,,,,,,,
1767173137,456933838,463_1767173137-456933838.png,-29455,45402,-68000,68350,-0.282006357,0.434685202,126.63,312.26,36,-13,295,-68,101,24,-59.86737979,-37.84574542,374.277402,-67.37148335,107.5486486,16.02345728,-193.7140234,326.3925719,-0.726783053,-0.076167075,-14,-109.8673798,,,,,,,
1767173137,523629639,464_1767173137-523629639.png,-33484,49303,-67950,68400,-0.320580576,0.472033931,130.64,314.11,6,54,512,-41,-3,8,-42.86605825,-29.74815727,373.7235104,-61.72758956,99.14725644,16.08415945,-175.2569868,347.4266205,-0.740877966,-0.076167075,-44,-92.86605825,,,,,,,
1767173137,556977295,465_1767173137-556977295.png,-36479,52307,-68100,68750,-0.349255132,0.500794654,132.81,314.71,45,7,582,-56,-2,16,-27.31027814,-16.61382473,412.9466415,-58.87696402,76.43512396,15.22777494,-250.7314085,313.1292598,-0.752422437,-0.076167075,-5,-77.31027814,,,,,,,
1767173137,623673096,466_1767173137-623673096.png,-40251,56127,-68000,68700,-0.385368796,0.537367877,135.63,315.42,-57,206,346,-57,91,24,-19.60983748,37.52969223,410.4943934,-54.30748615,67.74165453,17.87312952,-185.3342613,364.8953381,-0.763780885,-0.076167075,-107,-69.60983748,,,,,,,
1767173137,657021484,467_1767173137-657021484.png,-43447,59265,-68100,68650,-0.415967754,0.567411535,136.24,315.62,-72,139,396,-113,91,27,-27.27147059,52.36889548,408.3747068,-62.89078663,71.14299748,19.20785974,-411.0807292,322.0255358,-0.774950582,-0.076167075,-122,-77.27147059,,,,,,,
1767173137,723717285,468_1767173137-723717285.png,-46040,61920,-68050,68400,-0.440793505,0.592830882,137.04,317.16,77,-43,473,-26,35,33,-40.42339269,56.57428465,392.6219639,-63.88331849,70.56448209,22.29981851,-407.882081,322.3426356,-0.783748468,-0.076167075,27,-90.42339269,,,,,,,
1767173137,757064697,469_1767173137-757064697.png,-49528,65336,-67950,68300,-0.474188113,0.625536152,137.25,318.63,62,-45,450,-34,104,22,-13.5336279,31.61927075,409.1664108,-55.67032366,71.84656747,23.34137629,-379.9386523,334.4665091,-0.794571355,-0.076167075,12,-63.5336279,,,,,,,
1767173137,790413086,470_1767173137-790413086.png,-51435,67244,-68700,67650,-0.492446002,0.643803615,137.49,321.47,-147,-35,441,-122,162,11,-34.9559104,16.19460769,400.1121177,-62.11431893,83.57022191,20.89082272,-334.1188089,357.8787346,-0.803088344,-0.076167075,-197,-84.9559104,,,,,,,
1767173137,857108887,471_1767173137-857108887.png,-55333,71136,-68850,67700,-0.529766008,0.681066176,137.82,323.05,-87,61,493,-113,131,25,-50.07503562,17.43528292,414.4092762,-72.93614155,95.46034127,20.59024815,-332.0919896,358.1271987,-0.811478234,-0.076167075,-137,-100.0750356,,,,,,,
1767173137,890456299,472_1767173137-890456299.png,-58610,74414,-68650,67600,-0.561140472,0.712450214,138.63,326.45,-30,0,558,-95,107,14,-47.98153319,19.22779587,442.5228504,-74.38013062,93.83556942,18.85643552,-474.2524729,351.2878444,-0.821784933,-0.015460062,-80,-97.98153319,,,,,,,
1767173137,923804688,473_1767173137-923804688.png,-61615,77415,-68000,68350,-0.589910769,0.741182215,139.05,328.07,-7,38,629,-112,119,19,-41.22977099,19.44509691,476.7689116,-81.00870745,98.20371335,18.36503987,-472.072462,370.3407714,-0.829884139,-0.015460062,-57,-91.22977099,,,,,,,
1767173137,957152100,474_1767173137-957152100.png,-64133,80025,-68200,68900,-0.614018459,0.766170726,139.77,329.37,-7,65,604,-103,118,16,-35.31430085,26.60022016,499.4209139,-85.04833855,101.6514136,18.03604599,-423.7467424,383.0015509,-0.837851984,-0.015460062,-57,-85.31430085,,,,,,,
1767173138,23847900,475_1767173138-23847900.png,-67689,83491,-68600,67600,-0.648064108,0.799354703,140.49,331.84,-13,-134,584,-69,123,23,-23.41049606,0.679925007,505.0245561,-80.13130845,102.6988596,18.34750158,-467.5164533,378.7624724,-0.847625319,-0.015460062,-63,-73.41049606,,,,,,,
1767173138,57197021,476_1767173138-57197021.png,-70348,86230,-68000,68350,-0.673521752,0.825578278,140.83,333.38,-39,17,665,-65,177,12,-25.14563339,-3.980149448,532.5518276,-77.33606353,114.6269948,17.66266037,-465.8968682,378.7200587,-0.855293159,-0.015460062,-89,-75.14563339,,,,,,,
1767173138,123894043,477_1767173138-123894043.png,-73409,89308,-68200,68350,-0.702828202,0.855047488,141.73,337.33,40,-55,507,-88,114,7,-17.42963623,-0.328520624,521.1932494,-73.08630669,115.0853989,15.11152745,-423.4912064,383.0701866,-0.864687593,-0.015460062,-10,-67.42963623,,,,,,,
1767173138,157241943,478_1767173138-157241943.png,-76625,92504,-68150,68750,-0.733618643,0.885646446,142.27,339.13,14,-58,472,-87,93,11,-7.007767921,-14.30826243,512.5594055,-76.63388415,111.7454893,13.68743397,-418.4097092,382.6844511,-0.872049303,-0.015460062,-36,-57.00776792,,,,,,,
1767173138,190591064,479_1767173138-190591064.png,-79978,95781,-68650,67650,-0.765720741,0.91702091,143.61,342.74,-161,-158,352,-124,43,39,-26.46545202,-18.12997238,483.2863905,-79.17511872,108.6656252,15.55617189,-461.5719784,406.0945272,-0.881057312,-0.015460062,-211,-76.46545202,,,,,,,
1767173138,257288086,480_1767173138-257288086.png,-82835,98715,-67950,68350,-0.793074066,0.945111443,144.51,345.57,-88,-120,383,-116,26,46,-45.85963197,-43.83515,458.4760499,-88.02399882,91.5025822,21.81979758,-454.3185877,394.9762599,-0.889847475,-0.015460062,-138,-95.85963197,,,,,,,
1767173138,290636230,481_1767173138-290636230.png,-84882,100763,-68200,68800,-0.812672335,0.964719286,146.52,349.6,172,-55,521,-46,62,0,-24.83981482,-54.42613468,449.0636244,-82.15057396,73.289279,21.19371572,-451.2844955,394.1602259,-0.898417727,0.077411309,122,-74.83981482,,,,,,,
1767173138,323985107,482_1767173138-323985107.png,-88980,104792,-68100,68850,-0.851907169,1.003293505,147.49,351.57,237,109,591,-6,157,-28,28.66159518,-30.57073967,475.3790605,-68.22088163,84.65898448,12.36193454,-484.6269744,395.4750509,-0.905114045,0.10091898,187,-21.33840482,,,,,,,
1767173138,390682129,483_1767173138-390682129.png,-91707,107601,-68650,67600,-0.878015855,1.03018727,148.47,353.66,138,190,538,-19,200,-12,44.65144331,1.685928389,484.5368611,-61.02272995,101.5266654,8.799200715,-489.0035558,391.9776392,-0.911667153,0.081946029,88,-5.348556687,,,,,,,
1767173138,424030273,484_1767173138-424030273.png,-94449,110321,-68000,68300,-0.904268153,1.056228937,150.07,360.53,-68,-167,754,-99,152,42,9.92776609,-6.686890761,524.726444,-57.99313198,108.9405451,12.92065541,-534.919347,428.8357277,-0.91807605,0.139288946,-118,-40.07223391,,,,,,,
1767173138,457379395,485_1767173138-457379395.png,-97790,113612,-68100,68850,-0.936255362,1.087737439,150.68,363.14,44,-36,582,-133,114,24,8.889206193,-23.36081411,550.8178103,-72.13080423,113.0075797,16.7878304,-520.7256053,420.9821699,-0.924339672,0.170825385,-6,-41.11079381,,,,,,,
1767173138,490727295,486_1767173138-490727295.png,-100459,116259,-68750,67550,-0.961808747,1.113080193,151.92,369.57,-58,-5,501,-77,13,23,-5.362460268,-26.70549268,527.6144202,-76.79790627,100.4003804,18.28646537,-518.6221577,414.3551707,-0.931963436,0.134047606,-108,-55.36246027,,,,,,,
1767173138,557424316,487_1767173138-557424316.png,-103456,119262,-67950,68350,-0.990502451,1.141831342,152.58,374.32,-52,0,355,-38,53,19,-14.09138956,-22.64800189,514.0674591,-74.44273258,87.74753362,18.85590371,-515.9434782,414.1439619,-0.936427227,0.15761822,-102,-64.09138956,,,,,,,
1767173138,590773438,488_1767173138-590773438.png,-106734,122538,-67900,68300,-1.021886489,1.173196232,153.2,379.26,-67,37,229,-34,89,9,-24.75797515,-12.17499659,460.0878015,-65.71244564,85.2458139,17.42569241,-551.7170881,446.8704391,-0.945104405,0.15568474,-117,-74.75797515,,,,,,,
1767173138,624121582,489_1767173138-624121582.png,-109741,125545,-68200,68800,-1.050675934,1.201985677,154.46,385.9,124,-143,327,-106,107,-19,-11.99204702,-40.21865161,423.8240172,-73.38705789,95.561357,11.14627099,-487.5991794,396.3714705,-0.950702436,0.168655818,74,-61.99204702,,,,,,,
1767173138,690818604,490_1767173138-690818604.png,-112389,128282,-68650,67650,-1.076028263,1.228190104,155.2,389.43,204,-97,286,-109,64,-31,26.71042984,-53.90020761,398.6023339,-80.30154101,91.54426162,3.405403612,-519.6999871,422.6434691,-0.956150066,0.168869805,154,-23.28957016,,,,,,,
1767173138,724167725,491_1767173138-724167725.png,-116348,132311,-68600,67650,-1.113932292,1.266764323,156.94,398.37,-133,59,395,-165,174,15,8.009879785,-21.91989525,374.4026932,-96.14629384,104.0342062,3.05271936,-501.2684391,411.475337,-0.96403755,0.196551165,-183,-41.99012021,,,,,,,
1767173138,790864746,492_1767173138-790864746.png,-118752,134556,-68050,68400,-1.136948529,1.288258272,157.79,402.04,-143,52,467,-153,201,18,-14.07408101,-11.10971468,387.9442925,-104.4606837,118.2146611,5.238636997,-507.2197003,415.0226135,-0.969105412,0.166279815,-193,-64.07408101,,,,,,,
1767173138,824212891,493_1767173138-824212891.png,-121887,137698,-68100,68800,-1.166963465,1.318340227,159.8,409.74,112,8,623,-62,34,2,-3.180085926,-5.667858983,413.3395882,-93.14665009,106.434718,4.870119057,-504.2610026,413.0003679,-0.974019943,0.20500405,62,-53.18008593,,,,,,,
1767173138,857561768,494_1767173138-857561768.png,-124820,140635,-68650,67650,-1.195044424,1.346459482,161.08,413.71,199,199,778,-61,131,-21,30.02730078,19.73944,473.3866795,-86.84323196,103.5766844,1.567509106,-522.5211434,429.0854814,-0.978780344,0.189289747,149,-19.97269922,,,,,,,
1767173138,890909912,495_1767173138-890909912.png,-127419,143233,-67950,68300,-1.219927619,1.371333104,162.4,419.94,165,248,724,-35,102,-5,54.25635367,57.88447695,518.1318369,-78.57480685,104.0748736,0.0073398,-531.1988144,439.3511758,-0.983385948,0.225679156,115,4.256353671,,,,,,,
1767173138,957606934,496_1767173138-957606934.png,-130686,146516,-68100,68800,-1.251206342,1.402765012,163.02,429.07,250,98,164,-65,81,-9,112.7549659,94.26682515,475.9562765,-72.31007242,113.6328176,-4.801342077,-526.9373053,435.9853039,-0.98783589,0.205636115,200,62.75496592,,,,,,,
1767173138,990956055,497_1767173138-990956055.png,-133224,149095,-68700,67700,-1.273475797,1.425532322,164.65,432.78,170,141,76,-49,89,-20,128.3075486,101.296498,401.1436962,-68.51868564,108.323048,-7.243704672,-491.5228744,405.1840653,-0.992129505,0.205636115,120,78.30754856,,,,,,,
1767173139,24304443,498_1767173139-24304443.png,-136436,152239,-68650,67700,-1.306257659,1.457557828,168.52,442.78,148,100,365,-68,20,-4,112.1575375,100.3639927,408.357999,-66.44539102,97.73512891,-4.132722537,-514.6780393,412.0175447,-0.997275798,0.205636115,98,62.15753753,,,,,,,
1767173139,57655273,499_1767173139-57655273.png,-138879,154706,-68050,68850,-1.327818627,1.479894301,170.72,448.73,145,-4,241,-68,58,-11,119.0030506,90.87932941,388.5261974,-66.75408047,85.73886902,-4.739894693,-474.5583369,391.8339198,-1.001215345,0.205636115,95,69.00305061,,,,,,,
1767173139,124355957,500_1767173139-124355957.png,-141683,157571,-68550,68800,-1.356493183,1.508607154,173.11,452.91,199,-153,461,-20,-9,-26,132.0621687,50.24967388,391.4060013,-59.98186757,70.4327246,-8.176553924,-472.6739294,390.4157829,-1.004996501,0.205636115,149,82.06216867,,,,,,,
1767173139,157705566,501_1767173139-157705566.png,-145229,161052,-68700,67700,-1.390443091,1.541934743,178.13,462.02,70,-42,550,-34,17,-5,136.6242269,18.61609827,431.957511,-50.56713971,53.09621335,-9.604996401,-467.9116737,383.2743742,-1.009499241,0.205636115,20,86.62422685,,,,,,,
1767173139,191056396,502_1767173139-191056396.png,-148101,163926,-68050,68250,-1.417940028,1.569450827,180.95,466.7,-45,29,435,-63,101,3,104.9152276,15.45095645,441.5233921,-51.10522927,57.31265777,-7.405798469,-463.3607952,380.3009725,-1.012921802,0.205636115,-95,54.91522756,,,,,,,
1767173139,257757080,503_1767173139-257757080.png,-150773,166574,-68100,68800,-1.443522135,1.594803156,183.64,474.15,31,-63,539,-78,73,7,94.1057296,3.978145207,455.7785494,-55.0383697,59.60680337,-5.299068175,-431.1331287,362.086576,-1.016184108,0.205636115,-19,44.1057296,,,,,,,
1767173139,291106934,504_1767173139-291106934.png,-152818,168622,-68650,67650,-1.463101256,1.614410999,188.95,484.66,-40,-232,492,-39,-16,22,75.4393623,-32.71994947,460.6370763,-54.46203586,50.63430696,-1.937646697,-436.689072,367.6864755,-1.019285559,0.205636115,-90,25.4393623,,,,,,,
1767173139,357807861,505_1767173139-357807861.png,-157735,173604,-68700,67600,-1.510177313,1.662109375,194.2,496.57,-54,-112,787,-101,178,37,40.88569785,-55.65146293,516.3745492,-57.77800579,61.52249036,5.80274708,-363.7088375,347.1751473,-1.023635367,0.205636115,-104,-9.114302146,,,,,,,
1767173139,391158691,506_1767173139-391158691.png,-160730,176537,-68000,68300,-1.538851869,1.690190334,197.99,505.7,72,-35,425,-110,193,7,38.10425413,-56.98531066,523.9225354,-68.75473548,89.75002027,8.388394089,-376.1963326,343.9160261,-1.026332816,0.28313076,22,-11.89574587,,,,,,,
1767173139,424508545,507_1767173139-424508545.png,-162987,178864,-68050,68850,-1.560460708,1.712469363,201.39,511.9,165,24,430,-102,178,-5,56.66171991,-45.14187083,510.1871322,-73.61658372,102.6558586,6.43045087,-355.588183,337.6713235,-1.028867879,0.321768085,115,6.661719907,,,,,,,
1767173139,491209473,508_1767173139-491209473.png,-167155,182960,-68150,68900,-1.600365732,1.751685049,207.24,524.18,78,99,451,-82,136,-1,71.18632414,-12.058492,489.5220385,-73.76676494,115.5658645,2.668105882,-315.0536161,334.531276,-1.032365209,0.336630452,28,21.18632414,,,,,,,
1767173139,524560303,509_1767173139-524560303.png,-170832,186713,-68150,68900,-1.635569853,1.787616805,212.65,539.74,18,-135,588,-146,92,10,53.63169497,-29.75084145,509.5315761,-85.98735277,110.502276,4.7418,-305.8523723,333.4795306,-1.034998875,0.327793644,-32,3.63169497,,,,,,,
1767173139,591261230,510_1767173139-591261230.png,-173627,189452,-68600,67600,-1.66232958,1.81384038,218.35,548.59,-112,-95,542,-94,40,-6,32.02500173,-50.1129197,532.6072113,-93.45132076,97.27517071,4.154343401,-307.4977383,329.093437,-1.037376745,0.348823869,-162,-17.97499827,,,,,,,
1767173139,624611328,511_1767173139-624611328.png,-176640,192457,-67950,68450,-1.691176471,1.842610677,221.3,548.59,104,-195,706,-16,-42,-19,17.68589578,-59.78996128,539.0856135,-91.10367573,86.34675328,2.264706185,-263.5946421,327.6740105,-1.039094418,0.345662564,54,-32.31410422,,,,,,,
1767173139,691312256,512_1767173139-691312256.png,-180463,196337,-68000,68350,-1.727778416,1.879758349,227.39,568.85,219,-93,379,8,-59,-40,42.25623631,-87.46078675,550.6366532,-68.86273596,51.73163029,-5.145581401,-193.5873919,310.5327096,-1.041362499,0.345662564,169,-7.743763688,,,,,,,
1767173139,724663330,513_1767173139-724663330.png,-183933,199765,-68200,68850,-1.761000689,1.912578508,230.32,575.41,91,122,367,-71,34,-12,67.31312707,-57.39074458,506.3708342,-61.37849994,37.90614183,-9.683542628,-196.4070546,319.6715748,-1.042969517,0.345662564,41,17.31312707,,,,,,,
1767173139,791364502,514_1767173139-791364502.png,-187965,203861,-68150,68900,-1.799603631,1.951794194,239.64,597.74,1,-206,-22,6,224,-12,32.10241758,-90.23219866,346.6633549,-44.89966944,88.12017816,-13.65536315,-164.8603411,309.6126473,-1.044318607,0.345662564,-49,-17.89758242,,,,,,,
1767173139,824714355,515_1767173139-824714355.png,-190571,206371,-68750,67500,-1.824553845,1.975825291,239.64,597.74,1,-206,-22,6,224,-12,31.13430105,-93.83567166,335.1880705,-43.31532921,92.34967258,-13.60383711,-163.2234172,314.4352009,-1.045212031,0.345662564,-49,-18.86569895,,,,,,,
1767173139,858065430,516_1767173139-858065430.png,-193227,209046,-67850,68300,-1.849982767,2.001436121,245.91,611.39,181,-96,374,-45,95,10,59.51944555,-91.65711975,339.3254583,-45.70903612,87.65931291,-7.269610291,-134.8394405,324.1966593,-1.045940073,0.345662564,131,9.519445549,,,,,,,
1767173139,924766846,517_1767173139-924766846.png,-197119,212938,-67950,68300,-1.887245328,2.038698683,250.93,621.51,16,-33,671,-100,80,-21,67.61071817,-83.68728926,382.9458206,-53.33805367,88.58548185,-6.649312932,-107.7588597,308.2096992,-1.046721844,0.345662564,-34,17.61071817,,,,,,,
1767173139,958116943,518_1767173139-958116943.png,-200064,215941,-68250,68900,-1.915441176,2.067449831,253.04,629.19,69,24,763,-109,60,-14,62.37230881,-65.58580492,458.2596756,-64.83679136,84.29027235,-9.025143173,-99.34656298,309.2981267,-1.047088694,0.345662564,19,12.37230881,,,,,,,
1767173140,24817383,519_1767173140-24817383.png,-202990,218794,-68650,67650,-1.943455116,2.094764859,255.09,636.49,105,14,512,-97,126,-1,68.78238917,-51.56631553,474.2171414,-70.71402176,89.74447246,-7.983736895,-81.35117957,305.7883921,-1.047195754,0.44498969,55,18.78238917,,,,,,,
1767173140,58165771,520_1767173140-58165771.png,-206269,222084,-68750,67600,-1.974848729,2.126263787,259.39,646.36,123,-225,669,-75,49,-3,103.8465212,-73.37429898,519.6207067,-70.60410672,89.34173492,-7.131425406,-100.2540242,324.6918681,-1.047137164,0.423955992,73,53.8465212,,,,,,,
1767173140,91513184,521_1767173140-91513184.png,-209070,224870,-67950,68350,-2.001665901,2.152937347,261.56,651.93,-37,-62,459,-75,50,8,88.63957421,-84.11513189,524.3312555,-71.47697307,81.4501303,-5.004125805,-99.55722594,323.8311276,-1.046912926,0.436141834,-87,38.63957421,,,,,,,
1767173140,158209229,522_1767173140-158209229.png,-212418,228230,-68150,68850,-2.033720129,2.185106464,265.67,666.93,7,-28,472,-80,127,-15,67.13346907,-74.69026525,524.0732403,-75.77607101,88.97085933,-4.844189725,-107.9019209,326.2366729,-1.046399602,0.454542767,-43,17.13346907,,,,,,,
1767173140,191557617,523_1767173140-191557617.png,-215211,231152,-68750,67650,-2.060460708,2.213082108,267.58,673.28,-22,-15,458,-110,97,-8,50.95211134,-63.51811366,511.6859816,-81.00204626,92.13482443,-5.837075679,-80.03687388,317.8979366,-1.045627684,0.454542767,-72,0.952111343,,,,,,,
1767173140,258253418,524_1767173140-258253418.png,-220545,236420,-68100,68750,-2.111529182,2.263518689,274.05,705.81,88,60,582,-142,59,24,27.61962441,-17.51524195,551.7631081,-102.1411274,86.4617931,-3.671873375,-79.86848637,319.4934659,-1.044360153,0.454542767,38,-22.38037559,,,,,,,
1767173140,291600830,525_1767173140-291600830.png,-222098,237914,-68200,68350,-2.126397825,2.277822457,274.05,705.81,88,60,582,-142,59,24,33.08427336,-10.49982376,554.4996595,-105.7485039,83.97639851,-1.167465739,-71.00823861,314.1330032,-1.043019784,0.454542767,38,-16.91572664,,,,,,,
1767173140,358296387,526_1767173140-358296387.png,-226812,242702,-68600,67700,-2.171530331,2.32366345,277.63,722.6,-71,-30,482,-77,13,22,10.49210436,-18.79073895,551.085819,-108.4947876,73.10379945,4.746986825,-89.48923782,318.6056437,-1.041071082,0.454542767,-121,-39.50789564,,,,,,,
1767173140,391644775,527_1767173140-391644775.png,-229683,245563,-68050,68350,-2.199017693,2.35105507,279.74,728.92,-44,-117,416,6,12,-4,-3.773676558,-34.01916126,525.9924785,-89.31731209,59.52375002,4.800922405,-76.78757304,317.3583081,-1.039565997,0.454542767,-94,-53.77367656,,,,,,,
1767173140,424992188,528_1767173140-424992188.png,-232272,248089,-68100,68800,-2.223805147,2.375239354,282.14,735.04,15,-140,629,-67,-75,-1,-1.028179789,-49.5179928,541.0564867,-86.05358758,39.85075098,3.952584911,-76.78757304,317.3583081,-1.037896461,0.454542767,-35,-51.02817979,,,,,,,
1767173140,491687988,529_1767173140-491687988.png,-236027,251851,-68100,68800,-2.255907246,2.407848882,287.86,750.47,-40,-26,269,-58,8,24,-5.912654339,-45.23945921,503.8283384,-79.36301575,24.48771821,7.75812584,-84.88471955,313.2917502,-1.035578645,0.454542767,-90,-55.91265434,,,,,,,
1767173140,525036377,530_1767173140-525036377.png,-238903,254782,-68600,67650,-2.287291284,2.439319087,291.13,754.72,72,-46,480,-107,125,9,4.575573651,-44.83939924,494.1031462,-82.83698311,38.74866183,8.37136271,-62.72445667,301.7724154,-1.033539996,0.535525521,22,-45.42442635,,,,,,,
1767173140,591732178,531_1767173140-591732178.png,-242998,258877,-68650,67650,-2.326497396,2.478525199,301.3,770.18,337,-38,572,8,98,-35,81.76765769,-77.29612208,530.2035855,-69.48199045,44.80238013,-3.460792189,-66.02921563,295.1848209,-1.030761786,0.547356638,287,31.76765769,,,,,,,
1767173140,625079590,532_1767173140-625079590.png,-245999,261871,-68150,68350,-2.355229396,2.507190181,304.73,776.46,188,150,442,7,117,-17,105.6082467,-54.53468495,524.5504852,-58.24138629,54.30166807,-6.444076516,-68.1112982,298.5029774,-1.027091617,0.533117878,138,55.60824674,,,,,,,
1767173140,691775146,533_1767173140-691775146.png,-248720,264672,-68100,68750,-2.381280637,2.534007353,308.04,780.63,108,45,384,10,13,-19,110.2689402,-29.27684288,499.6769011,-44.84806738,51.54215228,-8.832587014,-67.40813589,292.588414,-1.024441639,0.533117878,58,60.26894017,,,,,,,
1767173140,725123535,534_1767173140-725123535.png,-251941,267745,-68600,67650,-2.412118949,2.563428692,313.96,790.98,13,-96,440,-104,107,-26,88.64180663,-39.95756838,485.396432,-46.14404168,48.37410312,-11.7993997,-65.00876009,292.7852938,-1.02162954,0.533117878,-37,38.64180663,,,,,,,
1767173140,791819336,535_1767173140-791819336.png,-255752,271574,-68600,67500,-2.448606005,2.600088082,318.21,808.63,51,-24,634,-98,24,-38,66.33363432,-46.61546126,511.097518,-66.6631851,52.32510784,-17.63554529,-45.27404353,274.9460294,-1.017108491,0.533117878,1,16.33363432,,,,,,,
1767173140,825166504,536_1767173140-825166504.png,-259314,275190,-68550,67650,-2.482709099,2.63470818,319.15,816.32,101,-145,585,-104,58,-24,70.60101727,-59.82010496,528.3356821,-73.76300072,51.67298205,-19.63180816,-42.4703559,267.6086006,-1.013064282,0.533117878,51,20.60101727,,,,,,,
1767173140,858514893,537_1767173140-858514893.png,-261967,277853,-68050,68350,-2.508109298,2.660204121,319.15,820.41,-18,-85,464,-113,91,-8,57.64384259,-63.50245883,518.9271144,-79.5010912,57.42423702,-17.93075128,-17.10488594,259.522054,-1.009648578,0.533117878,-68,7.64384259,,,,,,,
1767173140,925210449,538_1767173140-925210449.png,-264767,280593,-68150,68800,-2.534916896,2.68643727,323.77,836.08,-100,51,504,0,-5,-1,31.14622489,-54.90617183,490.8409854,-68.79437306,52.57939832,-14.01979502,-23.5237422,251.1764398,-1.006073084,0.533117878,-150,-18.85377511,,,,,,,
1767173140,958557861,539_1767173140-958557861.png,-267022,282903,-68150,68350,-2.556506587,2.708553539,325.81,852.29,-3,56,456,-3,-29,-15,17.26085117,-36.15131641,488.7709018,-57.17707961,40.45663726,-13.03681143,-26.79525226,238.0822093,-1.002338467,0.533117878,-53,-32.73914883,,,,,,,
1767173140,991906250,540_1767173140-991906250.png,-270918,286736,-68000,68450,-2.593807445,2.745251225,327.73,862.14,-5,50,393,-53,-16,-26,12.94529099,-18.73082943,473.0505439,-53.73155102,28.56619032,-15.03529019,-21.41315129,218.936574,-0.997447172,0.533117878,-55,-37.05470901,,,,,,,
1767173141,58601563,541_1767173141-58601563.png,-274608,290406,-68050,68250,-2.629136029,2.780388327,331.92,880.23,62,196,307,-101,2,-42,13.13408329,26.87167987,448.6358431,-66.54588493,27.60693405,-20.47251433,-21.39302012,211.1837487,-0.99125226,0.585259999,12,-36.86591671,,,,,,,
1767173141,91948975,542_1767173141-91948975.png,-277819,293622,-68150,68850,-2.6598786,2.811178768,336.8,901.73,138,125,289,-47,243,-43,21.75695207,56.917743,395.5317781,-61.246137,57.79360106,-27.36972498,-21.96357647,198.3068886,-0.986926154,0.612965503,88,-28.24304793,,,,,,,
1767173141,125297119,543_1767173141-125297119.png,-280398,296218,-68650,67600,-2.684570313,2.836033241,337.64,905.32,107,129,587,-59,221,-34,40.30514498,71.02139851,417.9584622,-60.17226837,91.3516122,-29.15715914,-26.26443875,193.7712007,-0.982443855,0.608480965,57,-9.694855022,,,,,,,
1767173141,191992432,544_1767173141-191992432.png,-283067,298884,-68050,68400,-2.710123698,2.861557904,339.33,912.34,-14,39,494,-101,129,-5,32.36346133,66.33853067,429.0789156,-66.14299046,96.85738124,-25.62437204,-24.77103058,185.8803875,-0.977806159,0.613159969,-64,-17.63653867,,,,,,,
1767173141,225339600,545_1767173141-225339600.png,-285869,301743,-68100,68800,-2.736950444,2.888930377,343.11,927.71,115,46,593,-105,52,-6,40.59207166,63.12272715,440.9777475,-72.16779749,92.01855194,-21.50413903,-34.94344103,180.147372,-0.973013734,0.652722268,65,-9.407928341,,,,,,,
1767173141,258687744,546_1767173141-258687744.png,-288733,304677,-68700,67650,-2.764370787,2.91702091,344.03,939.58,99,78,511,-84,42,0,53.02694149,64.4025077,459.1720707,-75.61601398,82.6098882,-17.54812353,-35.48880094,169.6956878,-0.968067379,0.63312924,49,3.026941495,,,,,,,
1767173141,325383057,547_1767173141-325383057.png,-292755,308574,-68600,67650,-2.802877987,2.954331342,346.92,955.41,-56,107,503,-2,-97,-26,13.73136448,80.19563463,453.9485338,-57.40690687,40.16094718,-18.09142957,-35.2867749,171.9361634,-0.960360856,0.63312924,-106,-36.26863552,,,,,,,
1767173141,358730225,548_1767173141-358730225.png,-295629,311449,-67950,68350,-2.830394072,2.981857001,349.82,964.08,-85,105,584,-17,-58,-31,-0.707290693,83.82307035,472.9674979,-51.49772697,25.80571087,-19.9792025,-36.47990394,161.4301724,-0.955033069,0.63312924,-135,-50.70729069,,,,,,,
1767173141,425425537,549_1767173141-425425537.png,-298901,314717,-68050,68300,-2.861720665,3.013145297,355.86,986.92,105,-154,572,-125,122,-14,30.44673999,25.21814582,494.4461387,-67.92802707,42.39470062,-19.35709998,-31.83655199,138.31341,-0.948160982,0.63312924,55,-19.55326001,,,,,,,
1767173141,458773682,550_1767173141-458773682.png,-302039,317852,-68100,68950,-2.891764323,3.043160233,358.89,995.4,61,-143,480,-119,122,-13,34.07687577,5.231581038,492.7297443,-73.99606028,51.8528745,-18.60179151,-32.53685698,130.7204959,-0.942494441,0.63312924,11,-15.92312423,,,,,,,
1767173141,492120850,551_1767173141-492120850.png,-304301,320175,-68750,67550,-2.913421032,3.065400965,362.05,1003.95,-98,-17,452,-131,147,-1,15.47718602,-1.958815715,486.4350629,-83.52838677,67.63150279,-15.87880743,-40.23475692,123.5567341,-0.936678763,0.63312924,-148,-34.52281398,,,,,,,
1767173141,525468994,552_1767173141-525468994.png,-307375,323239,-68000,68250,-2.942851945,3.094736137,368.05,1021.95,68,8,577,-192,54,-14,18.84942239,0.81209456,512.923676,-107.0471546,65.37107283,-13.99333455,-41.7374514,113.6574311,-0.929200873,0.63312924,18,-31.15057761,,,,,,,
1767173141,592164063,553_1767173141-592164063.png,-310231,326041,-68150,68900,-2.970195695,3.121562883,368.99,1034.96,127,-126,527,-141,125,-16,34.66556051,-17.7331379,514.9822233,-112.0124808,74.09131611,-14.28679297,-41.64705595,106.0378652,-0.923053099,0.63312924,77,-15.33443949,,,,,,,
1767173141,625511230,554_1767173141-625511230.png,-312890,328854,-68750,67650,-2.995653339,3.148494945,372.2,1054.91,13,-110,333,-139,206,-11,29.67632442,-32.65119449,483.3770539,-115.4313009,98.19463936,-13.74990755,-57.12292594,116.602175,-0.916759317,0.717521756,-37,-20.32367558,,,,,,,
1767173141,658859375,555_1767173141-658859375.png,-315500,331365,-67950,68350,-3.02064185,3.172535616,373.38,1063.32,-19,-46,371,-59,201,-21,19.14647411,-38.65165712,456.4164181,-108.5484864,123.6869223,-14.21697237,-58.50054741,109.741184,-0.910320392,0.717521756,-69,-30.85352589,,,,,,,
1767173141,692206543,556_1767173141-692206543.png,-318154,334041,-68150,68800,-3.046051624,3.19815602,374.37,1072.12,-89,39,569,-70,89,9,2.317205013,-27.49101688,470.6109312,-101.5943491,120.6688152,-11.00193682,-51.60146531,106.5402384,-0.905396673,0.717521756,-139,-47.68279499,,,,,,,
1767173141,725554443,557_1767173141-725554443.png,-320957,336772,-68750,67600,-3.072887944,3.224303002,375.2,1085.37,-5,-47,749,-102,108,0,1.24712358,-30.34404622,511.3230574,-101.6536723,118.8161045,-9.392993472,-64.49625945,97.24045897,-0.898706413,0.717521756,-55,-48.75287642,,,,,,,
1767173141,792249756,558_1767173141-792249756.png,-323693,339559,-67950,68450,-3.099082797,3.250986137,376.46,1106.7,137,34,586,-111,91,-20,23.91671789,-25.23210414,539.3551305,-103.968568,113.8596149,-10.34487134,-64.52788487,90.75832558,-0.888404774,0.761677672,87,-26.08328211,,,,,,,
1767173141,825596680,559_1767173141-825596680.png,-327572,343390,-68000,68500,-3.136220895,3.287664675,377.08,1115.31,155,6,670,-132,76,-26,42.59286438,-19.89666734,556.1568845,-107.4919383,108.7343825,-12.46973522,-64.60107142,84.24767756,-0.881361045,0.750489982,105,-7.407135617,,,,,,,
1767173141,858944824,560_1767173141-858944824.png,-329151,345009,-55300,32000,-3.151338465,3.303165211,379.35,1138.16,204,-151,582,-174,195,3,83.97752091,-36.73135144,561.7002364,-120.1489301,127.0991474,-11.59447338,-69.36202836,76.53826904,-0.874177901,0.779111752,154,33.97752091,,,,,,,
1767173141,925639893,561_1767173141-925639893.png,-329121,344963,3100,-3550,-3.151051241,3.302724801,382.93,1159.22,84,-111,578,-120,128,0,92.82498106,-55.85367969,570.7125732,-129.5081884,137.2455092,-7.605912446,-78.74003685,82.20795059,-0.863144225,0.779126238,34,42.82498106,,,,,,,
1767173141,958987061,562_1767173141-958987061.png,-328145,343939,18650,-20400,-3.141706878,3.292920879,385.06,1166.95,79,10,497,-123,126,12,90.47859029,-52.42733824,562.5357112,-127.9766441,135.1720568,-4.669891282,-61.9472636,73.08570695,-0.855617466,0.763242861,29,40.47859029,,,,,,,
1767173142,25682373,563_1767173142-25682373.png,-326225,341991,44050,-43700,-3.123324525,3.27427045,392.21,1175.03,46,-20,391,-108,164,-14,83.66891988,-46.02611729,535.7084235,-124.9229704,135.345365,-3.63438941,-77.97018191,86.53758812,-0.847955351,0.785789333,-4,33.66891988,,,,,,,
1767173142,59031250,564_1767173142-59031250.png,-323794,339399,60600,-61450,-3.100049786,3.249454274,398.93,1174.32,48,-110,659,-150,135,-6,79.46563832,-53.93842574,552.7956636,-131.4702111,138.3043782,-5.000701348,-82.0629788,120.5439277,-0.83818914,0.786901748,-2,29.46563832,,,,,,,
1767173142,92379150,565_1767173142-92379150.png,-320934,336732,68350,-67750,-3.072667739,3.223920037,409.79,1168.96,4,-75,534,-97,100,-12,69.63625759,-57.97850487,553.4755086,-127.8829327,133.662672,-5.859720829,-75.40047044,132.7742653,-0.830226888,0.787690059,-46,19.63625759,,,,,,,
1767173142,159075928,566_1767173142-159075928.png,-317167,332990,68700,-67750,-3.036601945,3.188093597,443.84,1142.99,-64,84,596,-110,56,-19,37.5157678,-39.69090129,563.9725182,-122.8734756,120.5449087,-7.6150503,-67.5060643,185.8505833,-0.820089498,0.799534859,-114,-12.4842322,,,,,,,
1767173142,192424805,567_1767173142-192424805.png,-314434,330184,68250,-68850,-3.010435815,3.161228554,465.48,1118.72,-52,124,519,-124,92,-4,24.09567684,-16.84958304,559.5076462,-122.6542222,115.3830246,-7.497805601,-58.43956944,170.1291387,-0.811833499,0.820316798,-102,-25.90432316,,,,,,,
1767173142,225772705,568_1767173142-225772705.png,-311642,327379,67850,-68100,-2.98370481,3.134373085,499.33,1043.79,16,16,604,-174,124,1,26.54661714,-5.562448131,561.1945461,-123.2025735,115.5616766,-7.356082523,-10.18716627,270.5294151,-0.803449003,0.813042815,-34,-23.45338286,,,,,,,
1767173142,292469482,569_1767173142-292469482.png,-309178,324935,68700,-67900,-2.960114124,3.110973882,511.27,999.93,107,114,708,-187,84,-6,37.49734775,13.5886764,585.9711484,-136.4574563,111.5980542,-6.512106283,-13.45094857,274.0520458,-0.792789834,0.845015391,57,-12.50265225,,,,,,,
1767173142,325818359,570_1767173142-325818359.png,-305295,320971,68200,-68850,-2.92293773,3.073021982,519.69,944.9,117,-75,619,-149,147,-39,52.3227596,2.175726255,622.319133,-146.6356041,108.4689278,-10.62928302,27.35564888,291.512166,-0.781934656,0.845015391,67,2.322759596,,,,,,,
1767173142,359166260,571_1767173142-359166260.png,-302505,318236,67850,-68000,-2.896225873,3.046836703,520.62,913.56,52,-78,605,-160,93,-23,57.27305876,-15.51255529,619.5298876,-148.7727307,109.1839538,-14.63055622,39.95367059,299.4810719,-0.773111204,0.845015391,2,7.273058761,,,,,,,
1767173142,425863037,572_1767173142-425863037.png,-299218,315025,67900,-68150,-2.864755668,3.016094133,518.6,881.48,-48,33,641,-173,168,8,37.23816699,-6.136955387,598.5862531,-151.684395,116.3728529,-11.42807108,65.34083027,276.786154,-0.764165446,0.845015391,-98,-12.76183301,,,,,,,
1767173142,459211914,573_1767173142-459211914.png,-297102,312846,68250,-68850,-2.844496783,2.995232077,515.35,869.76,-57,2,682,-155,137,-1,24.49264112,-1.378424113,606.0651128,-154.2413469,122.9579726,-8.867015025,45.43051794,287.5602398,-0.75509878,0.845015391,-107,-25.50735888,,,,,,,
1767173142,492560059,574_1767173142-492560059.png,-293885,309702,68300,-68800,-2.813696768,2.965130974,512.9,857.2,-84,62,635,-95,67,-9,0.360037807,8.232852652,617.999278,-145.6547403,116.19897,-8.088449621,43.54292846,295.151721,-0.745912606,0.845015391,-134,-49.63996219,,,,,,,
1767173142,525908936,575_1767173142-525908936.png,-291234,306969,67900,-68100,-2.788315717,2.938964844,511.19,850.87,-45,-33,534,-90,128,-21,-6.273497017,2.202884927,605.7150701,-137.5156893,117.9247742,-9.976658344,63.02925235,288.7856522,-0.736608453,0.845015391,-95,-56.27349702,,,,,,,
1767173142,592605713,576_1767173142-592605713.png,-287607,303429,68650,-67850,-2.753590303,2.905072381,506.88,818.13,44,-74,340,-83,90,10,-3.38204702,-18.20577695,545.541756,-125.3586087,107.9822042,-6.184163559,54.914832,312.4824507,-0.722434111,0.845015391,-6,-53.38204702,,,,,,,
1767173142,659302490,577_1767173142-659302490.png,-283576,299270,68650,-67800,-2.714996936,2.865253523,501.22,791.18,115,138,379,-148,168,11,26.83814143,23.89142758,492.027493,-130.24807,120.8817584,0.222383511,45.77359205,308.8421793,-0.710425518,0.802273763,65,-23.16185857,,,,,,,
1767173142,692650391,578_1767173142-692650391.png,-280994,296729,68300,-69000,-2.690276501,2.840925628,497.96,777.78,42,27,450,-143,178,6,29.05543933,24.34603089,485.8813156,-132.1129356,129.2348344,1.067312705,39.95906055,310.4600618,-0.700692064,0.80060337,-8,-20.94456067,,,,,,,
1767173142,725999268,579_1767173142-725999268.png,-278189,294008,67800,-68100,-2.663421032,2.814874387,491.84,746.21,5,-195,656,-111,144,-11,31.14286693,-17.01173247,514.9932678,-125.5869149,129.1465173,-1.877939524,37.50779828,313.9487329,-0.690847689,0.808077758,-45,-18.85713307,,,,,,,
1767173142,759347168,580_1767173142-759347168.png,-275258,291077,68600,-67750,-2.635359222,2.786812577,488.67,741.37,-38,-88,632,-100,119,1,20.84285868,-39.64077189,540.1406138,-121.3835311,129.1255506,-2.263492293,52.0519847,300.7713945,-0.680894058,0.789507167,-88,-29.15714132,,,,,,,
1767173142,826044189,581_1767173142-826044189.png,-273274,289096,68450,-68900,-2.616364124,2.767846201,482.24,721.2,168,195,1019,-153,-71,17,30.02324835,-9.262555866,607.2659765,-127.9970842,93.00463207,1.574653755,24.44390231,317.2554262,-0.668300701,0.785930865,118,-19.97675165,,,,,,,
1767173142,859393066,582_1767173142-859393066.png,-269050,284868,68350,-68900,-2.575922947,2.727366728,479.16,707.63,127,70,831,-113,40,9,55.9911009,21.54052187,676.9557852,-128.8329542,69.53622066,4.071867831,34.06017295,294.8866353,-0.655542096,0.785930865,77,5.991100902,,,,,,,
1767173142,892740967,583_1767173142-892740967.png,-266387,282192,67850,-68200,-2.550427007,2.701746324,476.5,698.77,92,-7,623,-97,52,12,63.14414826,18.65449986,673.1588712,-123.7568888,66.18677551,5.362255999,-19.97526619,302.4660802,-0.647808942,0.785930865,42,13.14414826,,,,,,,
1767173142,926089844,584_1767173142-926089844.png,-263306,279049,68600,-67700,-2.520929075,2.671654795,472.02,679.45,122,37,806,-134,2,22,81.25004082,16.15731357,690.7318014,-124.6769289,61.47028079,7.954153538,0.271301627,286.2832432,-0.634792609,0.785930865,72,31.25004082,,,,,,,
1767173142,992786865,585_1767173142-992786865.png,-260372,276112,68250,-68850,-2.492838542,2.643535539,469.96,671.76,6,23,516,-92,73,-3,74.37892703,19.27223858,676.8712658,-120.8439077,57.12386846,7.776979072,-58.59126756,302.4465928,-0.621619282,0.785930865,-44,24.37892703,,,,,,,
1767173143,26134766,586_1767173143-26134766.png,-257232,273040,68300,-68950,-2.462775735,2.614123775,466,650.18,183,-43,743,-15,-69,-23,72.60542294,26.93024029,669.3129711,-112.7539966,52.33035528,6.000453382,-20.0546869,289.9230847,-0.610969834,0.785930865,133,22.60542294,,,,,,,
1767173143,59483398,587_1767173143-59483398.png,-254507,270180,67800,-68100,-2.436686198,2.586741728,463.93,643.46,137,-31,610,2,-6,-29,90.3626451,14.13065376,671.9075699,-91.80500451,33.94024412,-0.301016241,-103.6944413,306.0028965,-0.600223779,0.785930865,87,40.3626451,,,,,,,
1767173143,126180176,588_1767173143-126180176.png,-251017,266830,68650,-67800,-2.403272442,2.554668352,459.39,629.86,259,-82,492,-15,59,-37,115.7693434,-0.879305931,637.5537443,-75.48848749,37.33570502,-7.319893614,-103.5213782,304.713577,-0.58665777,0.785930865,209,65.76934339,,,,,,,
1767173143,159527832,589_1767173143-159527832.png,-247883,263691,68350,-68950,-2.37326708,2.524615119,456.7,619.99,-34,99,536,-104,68,9,88.51399029,18.17825031,607.5319235,-79.10132262,47.56801383,-5.407982643,-136.1246534,306.1423173,-0.57570046,0.785930865,-84,38.51399029,,,,,,,
1767173143,192876709,590_1767173143-192876709.png,-245355,261037,67850,-68050,-2.349063649,2.499205346,453.66,611.86,-91,112,581,-120,23,22,62.26153629,31.89891444,603.6518465,-85.08241994,43.97514259,-1.399789173,-127.9049665,305.5554032,-0.564652003,0.785930865,-141,12.26153629,,,,,,,
1767173143,259573242,591_1767173143-259573242.png,-242824,258568,68600,-67850,-2.324831495,2.475566789,443.71,601.88,130,-52,441,-55,51,0,69.4337888,26.1845629,603.1724299,-89.23520725,42.0719785,1.109154294,-151.0736712,304.471561,-0.553514197,0.700497289,80,19.4337888,,,,,,,
1767173143,292921143,592_1767173143-292921143.png,-240507,256196,68350,-68850,-2.302648208,2.452856924,439.34,596.58,119,-100,390,-99,82,10,82.82615051,-0.199774927,555.5472758,-87.19048136,48.81676495,2.296857552,-194.381599,320.7478228,-0.539468985,0.711106939,69,32.82615051,,,,,,,
1767173143,326270020,593_1767173143-326270020.png,-236826,252560,68300,-68800,-2.26740579,2.418045343,435.48,591.22,77,-101,539,-131,49,11,81.97412361,-14.94098405,553.1273719,-93.59726542,48.84356158,3.569621008,-195.7077886,319.7308967,-0.528136669,0.696169367,27,31.97412361,,,,,,,
1767173143,359617676,594_1767173143-359617676.png,-234293,249978,68750,-67900,-2.243154488,2.393324908,429.31,577.66,48,24,409,-62,10,-4,77.66142134,-17.42117529,536.2960985,-94.65446645,50.20707065,4.245122564,-261.8409574,348.0384669,-0.516720763,0.695532481,-2,27.66142134,,,,,,,
1767173143,392966553,595_1767173143-392966553.png,-231498,247241,68300,-68750,-2.216394761,2.367120481,426.82,571.84,27,43,386,-53,34,-1,69.87115136,-7.476848473,508.9380849,-87.35593004,44.39548156,2.87944887,-240.0054558,335.9981313,-0.505223097,0.669368703,-23,19.87115136,,,,,,,
1767173143,459663330,596_1767173143-459663330.png,-228347,244102,68350,-68750,-2.186226639,2.337067249,424.15,565.62,24,24,289,-14,80,4,60.91975674,-0.23255609,470.3415445,-74.8306464,49.05843678,2.840338956,-313.9263355,367.6027944,-0.493645504,0.660171114,-26,10.91975674,,,,,,,
1767173143,493010986,597_1767173143-493010986.png,-224749,240411,67800,-68050,-2.151778876,2.30172909,418.19,551.48,61,-39,436,-73,160,-28,55.94730423,3.990615168,462.1553518,-72.21182604,76.26269127,-3.772411711,-325.4715619,373.7268472,-0.476133255,0.659261002,11,5.947304229,,,,,,,
1767173143,559707764,598_1767173143-559707764.png,-220914,236734,67850,-68100,-2.11506204,2.266524969,411.4,542.11,-50,5,312,-42,94,-8,45.55686653,-2.202697844,452.5423148,-72.20321754,83.6197887,-6.752494713,-350.7006594,387.341362,-0.464363848,0.640421242,-100,-4.443133472,,,,,,,
1767173143,593056396,599_1767173143-593056396.png,-218537,234343,68600,-67900,-2.092304305,2.243633195,407.81,537.55,-51,-5,209,-22,113,-12,34.11292947,-2.251958298,426.522125,-66.80459697,86.57266737,-7.262729922,-358.2544591,393.4013643,-0.452521003,0.629937081,-101,-15.88707053,,,,,,,
1767173143,626404297,600_1767173143-626404297.png,-215663,231483,68300,-68750,-2.06478822,2.216251149,404.21,533.32,-140,-56,683,-64,142,2,4.197039446,-10.25595377,452.6486787,-64.05017181,96.06119838,-6.155995836,-396.7781169,419.1396093,-0.437616955,0.628931611,-190,-45.80296055,,,,,,,
1767173143,693100830,601_1767173143-693100830.png,-213136,228876,67800,-68100,-2.040594363,2.19129136,397,522.45,-62,-162,479,-74,138,32,-20.42005419,-27.83675516,480.0146799,-65.91135636,106.8511614,-1.970735716,-420.9400675,426.6534276,-0.42561562,0.622292319,-112,-70.42005419,,,,,,,
1767173143,726449707,602_1767173143-726449707.png,-210273,226078,68650,-67800,-2.013183594,2.164502911,393.48,518.84,171,30,701,-123,72,24,-7.588968261,-37.10003614,499.9050281,-71.9521527,107.0629548,4.050601103,-438.5508157,442.8066037,-0.413546973,0.634942472,121,-57.58896826,,,,,,,
1767173143,759797607,603_1767173143-759797607.png,-207404,223217,68450,-68750,-1.98571538,2.13711129,390.04,515.11,148,205,747,-78,36,11,24.50881726,1.815938126,546.5623828,-75.5075374,94.83600695,6.110690644,-442.3984669,445.8423364,-0.401412911,0.634942472,98,-25.49118274,,,,,,,
1767173143,793146240,604_1767173143-793146240.png,-205960,221704,68650,-67900,-1.971890319,2.122625613,384.67,507.98,-44,62,431,-33,72,12,25.98820239,30.35303279,547.703073,-66.03618545,87.77239199,5.42818306,-457.5594464,457.1884341,-0.389215301,0.634942472,-94,-24.01179761,,,,,,,
1767173143,826494141,605_1767173143-826494141.png,-202219,217959,68700,-67900,-1.936073453,2.08677045,382.55,502.23,-19,56,528,-40,81,3,14.35365511,36.09396019,533.3089004,-60.10991299,85.4550956,5.91857607,-474.8484855,472.100436,-0.376956138,0.634942472,-69,-35.64634489,,,,,,,
1767173143,893190674,606_1767173143-893190674.png,-198934,214738,68300,-68750,-1.904622396,2.055932138,380.74,498.36,59,-37,484,-45,97,4,19.13768105,26.44609397,525.8201033,-56.8480165,86.91034305,5.485293634,-494.1116456,490.4255953,-0.36463732,0.634942472,9,-30.86231895,,,,,,,
1767173143,926539551,607_1767173143-926539551.png,-195386,211074,68300,-68900,-1.870653339,2.020852482,376.77,490.05,-3,-181,484,-91,139,19,18.87955966,-18.30524192,512.2354066,-60.86259966,97.16118207,7.9005382,-508.26769,501.517354,-0.346051518,0.634942472,-53,-31.12044034,,,,,,,
1767173143,959887451,608_1767173143-959887451.png,-192789,208463,67800,-67950,-1.845789292,1.995854396,374.53,485.73,-80,-130,416,-132,199,29,4.419232149,-34.63968746,498.1617649,-71.26586309,112.0542769,10.98616205,-515.3243473,498.4561157,-0.336712012,0.634942472,-130,-45.58076785,,,,,,,
1767173144,26584229,609_1767173144-26584229.png,-189648,205389,68450,-67700,-1.815716912,1.966423483,369.31,475.62,98,51,495,-103,100,29,4.193722036,-30.81355283,487.1007133,-80.31271077,115.0146298,15.66129821,-557.7704337,540.4734883,-0.321079989,0.548630247,48,-45.80627796,,,,,,,
1767173144,59933105,610_1767173144-59933105.png,-186231,202055,68650,-67950,-1.783002068,1.934503294,366.18,471.95,115,1,380,-27,89,10,27.64648582,-19.83948696,472.0484737,-74.26917068,110.050048,15.86403836,-565.988075,544.1365428,-0.305368603,0.552077035,65,-22.35351418,,,,,,,
1767173144,93281250,611_1767173144-93281250.png,-183852,199452,67900,-68150,-1.760225184,1.909581801,359.38,463.96,60,92,688,-76,-7,22,36.92164252,4.872437067,488.2566866,-71.16773145,85.42948146,17.06612374,-579.5284304,555.0679605,-0.292744953,0.528105824,10,-13.07835748,,,,,,,
1767173144,159978271,612_1767173144-159978271.png,-181050,196871,68750,-67800,-1.733398438,1.884870941,355.96,457.83,27,149,666,-81,-19,30,38.51755154,27.33155057,525.9274445,-72.57976486,65.99026523,18.76984396,-580.7525354,556.2906504,-0.28324669,0.526931739,-23,-11.48244846,,,,,,,
1767173144,193327148,613_1767173144-193327148.png,-178319,193995,68300,-68900,-1.707251455,1.857335708,352.58,453.59,-170,11,611,-47,87,43,7.420939921,31.30915759,545.6975169,-69.27949865,64.61588827,22.9008929,-572.1573697,544.9714911,-0.270543278,0.53375073,-220,-42.57906008,,,,,,,
1767173144,226675293,614_1767173144-226675293.png,-175172,190915,68300,-68900,-1.67712163,1.82784735,346.15,451.61,-173,-35,482,14,-37,9,-39.93564579,21.84908854,548.6993386,-57.95980411,53.22451197,23.16082348,-586.4154338,557.9467912,-0.254604076,0.5240524,-223,-89.93564579,,,,,,,
1767173144,293372314,615_1767173144-293372314.png,-172919,188679,68750,-67800,-1.655551088,1.806439568,343.25,443.8,21,22,361,19,-36,-15,-41.30596142,17.47852594,516.0961001,-41.14485031,33.20466204,16.48593222,-586.7877955,553.9525945,-0.238601906,0.505398983,-29,-91.30596142,,,,,,,
1767173144,360069336,616_1767173144-360069336.png,-167468,183212,67750,-68100,-1.603362439,1.754097733,337.92,430.33,337,23,266,-32,95,0,35.76899228,27.09352901,455.5698996,-33.98293537,39.36060325,11.75836955,-610.5464084,574.3070207,-0.216100692,0.51407697,287,-14.23100772,,,,,,,
1767173144,393418457,617_1767173144-393418457.png,-163638,179390,67800,-68150,-1.566693474,1.717505362,332.56,420.79,74,-174,172,3,104,-20,62.63870942,-21.18611165,371.0567038,-21.93631682,61.64384965,5.240122946,-598.6791482,556.1278734,-0.199963634,0.51407697,24,12.63870942,,,,,,,
1767173144,426766602,618_1767173144-426766602.png,-161120,176926,68600,-67950,-1.542585784,1.693914675,329.64,413.07,85,-125,287,-24,140,-9,65.90886542,-36.36804441,358.7640978,-22.23811362,73.10279627,3.157621342,-580.9762512,530.7803791,-0.187018207,0.51407697,35,15.90886542,,,,,,,
1767173144,493463623,619_1767173144-493463623.png,-157290,173109,68650,-67850,-1.50591682,1.657370175,320.14,398.11,85,6,584,-61,52,0,84.82690979,-22.90560589,364.1013322,-31.33803023,63.38829397,6.594907153,-539.6588091,487.050123,-0.170795062,0.51407697,35,34.82690979,,,,,,,
1767173144,526812744,620_1767173144-526812744.png,-154906,170708,68300,-68900,-1.483092065,1.634382659,320.14,398.11,85,6,584,-61,52,0,84.84747522,-19.47123345,390.228234,-34.86226881,62.03521239,5.81134401,-600.9127665,547.0218215,-0.157785953,0.51407697,35,34.84747522,,,,,,,
1767173144,560160889,621_1767173144-560160889.png,-152441,168197,68650,-67750,-1.459491805,1.610341988,313.5,389.21,-16,212,466,-83,14,-12,79.46299761,-1.572787242,403.3228474,-42.89788474,58.69307673,1.032971825,-569.8724819,510.9525421,-0.14475186,0.51407697,-66,29.46299761,,,,,,,
1767173144,593509766,622_1767173144-593509766.png,-149578,165256,68350,-67800,-1.432081036,1.582184436,309.97,382.46,149,54,477,-55,16,-8,77.73025731,27.39038024,418.6387726,-48.53433909,48.9413484,-1.40477583,-572.9621945,514.6249104,-0.131694881,0.51407697,99,27.73025731,,,,,,,
1767173144,660207031,623_1767173144-660207031.png,-145964,161781,68350,-68850,-1.397480086,1.548914292,306.48,373.75,84,-113,348,-17,127,-3,76.95723154,0.844770042,420.808663,-41.26193019,61.5756446,-1.438857266,-564.6535083,503.9988427,-0.118617062,0.51407697,34,26.95723154,,,,,,,
1767173144,693555176,624_1767173144-693555176.png,-143847,159514,67750,-68200,-1.377211627,1.527209712,306.48,369.27,36,-88,320,-27,126,14,74.65296824,-7.926491164,412.5032393,-39.67898097,67.43550793,-0.538308552,-548.7708588,481.7241931,-0.105520476,0.427721561,-14,24.65296824,,,,,,,
1767173144,726904053,625_1767173144-726904053.png,-140778,156519,68600,-67850,-1.347828585,1.498535156,302.9,364.85,35,-39,455,-48,85,23,66.85906523,-18.00435568,410.1752271,-39.65647201,74.19296208,3.4177971,-560.482557,489.8873997,-0.089126506,0.425063482,-15,16.85906523,,,,,,,
1767173144,760252197,626_1767173144-760252197.png,-138592,154327,67850,-68850,-1.32689951,1.477548637,299.15,358.77,-61,13,408,-38,50,22,47.31407678,-14.02817498,411.0483228,-39.63595327,70.94213288,6.655683567,-537.7783629,463.2772377,-0.079279293,0.453792706,-111,-2.685923219,,,,,,,
1767173144,826949463,627_1767173144-826949463.png,-134898,150647,67650,-68050,-1.291532629,1.442315794,292.03,351.5,155,8,362,-58,43,26,45.44672325,-4.316424585,400.0855261,-38.95227331,62.30266817,11.91037889,-564.9018685,491.6561661,-0.062852017,0.393627218,105,-4.553276751,,,,,,,
1767173144,860298584,628_1767173144-860298584.png,-132091,147909,68600,-67850,-1.264658012,1.416101792,288.72,347.71,208,-44,347,-59,43,22,74.95088165,-9.475400555,390.3294827,-42.88070876,58.46985234,14.12310371,-567.664547,494.1548495,-0.049698814,0.417200612,158,24.95088165,,,,,,,
1767173144,926995605,629_1767173144-926995605.png,-127600,143274,67800,-68100,-1.221660539,1.371725643,280.13,333.83,69,-107,525,-44,118,20,76.31910457,-32.90618119,408.8948452,-46.38548078,71.51127795,15.28966405,-526.1768991,447.1481342,-0.029954918,0.408574948,19,26.31910457,,,,,,,
1767173144,960343750,630_1767173144-960343750.png,-125002,140743,68350,-68900,-1.196786918,1.34749349,277.71,330.23,4,-71,499,-71,135,38,73.63346094,-38.49138559,418.5934994,-47.01000757,76.24783489,16.27624813,-524.2833352,442.6634574,-0.013493226,0.404534045,-46,23.63346094,,,,,,,
1767173145,27040771,631_1767173145-27040771.png,-121786,137607,68400,-68800,-1.165996477,1.31746898,275.61,326.45,28,-85,392,-76,217,25,59.89646917,-48.59049546,422.8606828,-53.68305115,102.7913841,19.755637,-535.962856,455.1511431,-0.000321276,0.38597181,-22,9.896469174,,,,,,,
1767173145,60389404,632_1767173145-60389404.png,-119064,134866,67850,-68100,-1.139935662,1.291226256,273.41,322.56,-14,-199,334,-108,157,31,49.08971448,-70.58665628,409.8655342,-61.62646102,110.7189512,21.40003319,-524.9852312,446.8211474,0.012850725,0.377714425,-64,-0.910285524,,,,,,,
1767173145,93736816,633_1767173145-93736816.png,-116400,132147,68650,-67850,-1.114430147,1.265194164,271.17,319.06,-25,-279,320,-90,128,11,38.25469923,-101.0654045,396.7234342,-65.77585921,113.2461633,19.87911333,-494.6422968,404.4133108,0.026020692,0.38512455,-75,-11.74530077,,,,,,,
1767173145,127085205,634_1767173145-127085205.png,-113262,129081,68450,-68850,-1.084386489,1.235839844,266.69,310.39,57,-45,566,-71,72,15,35.2944157,-98.51937943,426.1497702,-69.60572004,104.349018,18.56921806,-494.5237501,405.1760411,0.04247712,0.359852626,7,-14.7055843,,,,,,,
1767173145,193781006,635_1767173145-193781006.png,-110190,126003,67900,-68050,-1.054974724,1.206370634,258.44,303.99,-121,-52,442,-53,59,32,20.7528598,-87.64626589,430.3058498,-65.460769,91.83619485,19.75676076,-500.2603221,414.9562705,0.055634896,0.355921402,-171,-29.2471402,,,,,,,
1767173145,227128662,636_1767173145-227128662.png,-107384,123140,68700,-67850,-1.028109681,1.178959865,255.68,301.05,-90,3,571,-39,111,38,-7.247124851,-73.14422927,448.2465355,-61.01227381,90.67526814,23.20612889,-468.0736322,372.4998586,0.072069492,0.376187821,-140,-57.24712485,,,,,,,
1767173145,260477051,637_1767173145-260477051.png,-104793,120601,68300,-68800,-1.003303079,1.154651118,253.23,297.23,-280,122,307,-130,252,70,-49.33413655,-42.58247055,430.8525204,-70.5161954,114.8078154,30.4424928,-477.6015205,390.685024,0.081921956,0.365849453,-330,-99.33413655,,,,,,,
1767173145,327172852,638_1767173145-327172852.png,-100629,116436,68400,-68750,-0.963436351,1.114774816,246.69,291.04,15,-37,264,-27,122,10,-82.7823021,3.878667828,341.6945026,-83.37542871,155.621189,33.52959177,-476.5648951,387.5638907,0.10160414,0.332982086,-35,-132.7823021,,,,,,,
1767173145,360520264,639_1767173145-360520264.png,-97965,113715,67900,-68200,-0.937930836,1.088723575,244.93,288.93,2,-56,318,-35,98,19,-68.88708703,-2.690911116,332.0131599,-75.37999682,149.9573234,30.36872183,-469.3339733,379.3913703,0.117978627,0.340870944,-48,-118.887087,,,,,,,
1767173145,427216309,640_1767173145-427216309.png,-94419,110095,67850,-68000,-0.903980928,1.054065181,243.01,285.84,63,32,518,-58,196,8,-42.40904218,-3.025210134,357.79075,-68.74225283,151.4202475,25.94425997,-470.0565525,379.7073238,0.134323945,0.347714181,13,-92.40904218,,,,,,,
1767173145,460564697,641_1767173145-460564697.png,-90999,106821,68650,-67900,-0.871237362,1.022719439,239.31,283.79,16,8,400,-39,157,25,-20.41305135,2.564063132,382.7964307,-67.56961433,151.8177618,23.37234968,-451.8668708,350.4167871,0.147376488,0.328401893,-34,-70.41305135,,,,,,,
1767173145,493912109,642_1767173145-493912109.png,-88207,104016,68300,-68800,-0.844506357,0.995863971,237.68,283.79,-68,-141,424,-62,105,38,-23.67859075,-17.87959788,390.5672097,-63.85706248,145.496722,25.6766294,-491.8120165,397.1513956,0.163659122,0.327607885,-118,-73.67859075,,,,,,,
1767173145,560607910,643_1767173145-560607910.png,-85417,101147,67800,-68200,-0.817794501,0.968395757,234.09,276.21,99,-157,338,13,34,-1,-19.05540911,-37.67120867,414.6381397,-57.65938176,127.9285233,23.61688332,-488.7464613,391.9541397,0.176656297,0.31242464,49,-69.05540911,,,,,,,
1767173145,593956299,644_1767173145-593956299.png,-82679,98498,68550,-67800,-0.791580499,0.943033854,232.94,273.36,89,-155,216,9,56,-8,0.733670832,-58.17062678,393.9170832,-45.69341115,113.044383,18.93368694,-479.6272358,374.4137774,0.189625525,0.329661119,39,-49.26632917,,,,,,,
1767173145,627303711,645_1767173145-627303711.png,-80014,95825,68350,-68800,-0.766065411,0.917442172,231.3,270.56,99,-63,333,-50,100,17,19.4483237,-66.46662857,372.4903121,-41.84325513,106.945208,16.55595942,-488.243247,374.4699469,0.199332864,0.305114455,49,-30.5516763,,,,,,,
1767173145,660652100,646_1767173145-660652100.png,-76731,92551,68350,-68900,-0.734633502,0.886096431,227.51,265.68,-224,107,143,-120,196,39,-16.4663079,-40.50847534,332.2388854,-55.98511765,121.7314566,20.8711629,-469.9156343,372.6934428,0.21547192,0.305114455,-274,-66.4663079,,,,,,,
1767173145,727347900,647_1767173145-727347900.png,-73525,89348,67850,-68150,-0.703938802,0.855430453,226.28,261.88,35,22,426,-41,122,16,-29.99155988,-16.40417383,326.7546897,-60.28720097,129.3043729,21.99774604,-467.4028096,358.2333763,0.231557712,0.305114455,-15,-79.99155988,,,,,,,
1767173145,760695313,648_1767173145-760695313.png,-70391,86209,68750,-67800,-0.673933441,0.825377221,224.22,258.37,23,59,593,-47,49,34,-13.32418327,-6.065192552,375.3166959,-55.86560608,120.1022134,23.50517469,-450.9136924,328.1368358,0.247586247,0.305114455,-27,-63.32418327,,,,,,,
1767173145,794043701,649_1767173145-794043701.png,-69163,84907,67850,-68150,-0.662176394,0.812911688,223.36,256.49,76,8,697,-68,34,29,1.091748004,2.418054768,436.3277084,-56.37913414,102.4279484,25.25680754,-487.8471175,357.2280567,0.260365209,0.305114455,26,-48.908252,,,,,,,
1767173145,860739502,650_1767173145-860739502.png,-65005,80812,67800,-68150,-0.622367111,0.773705576,222.41,253.98,-3,12,678,-73,46,19,2.484027581,3.967674467,478.5975938,-59.11862096,92.35736993,24.44127478,-455.3985276,355.1966405,0.273102959,0.305114455,-53,-47.51597242,,,,,,,
1767173145,894086914,651_1767173145-894086914.png,-61449,77258,67750,-68100,-0.588321461,0.739679075,221.05,247.85,65,-44,670,-109,92,25,10.73770518,-5.157509582,523.6390779,-67.34147338,89.75037259,22.83707236,-459.507884,349.295403,0.288964164,0.305114455,15,-39.26229482,,,,,,,
1767173145,960782715,652_1767173145-960782715.png,-58104,73853,68750,-67800,-0.556295956,0.707079121,220.52,245.47,73,-41,688,-123,116,30,22.68218044,-12.43150603,555.3334472,-77.66074443,93.70687156,23.99776115,-435.4100284,351.4096406,0.304753912,0.305114455,23,-27.31781956,,,,,,,
1767173145,994131104,653_1767173145-994131104.png,-54408,70153,68650,-67750,-0.520909926,0.672286688,219.24,240.62,54,-1,502,-50,42,17,27.55154732,-9.707024704,544.8702756,-74.53193051,87.68002463,23.59895108,-419.842594,294.0710311,0.320468327,0.197281797,4,-22.44845268,,,,,,,
1767173146,60827393,654_1767173146-60827393.png,-50995,66820,68650,-67800,-0.488233379,0.639744179,217.77,235.5,-38,30,416,-50,83,29,25.10588532,-4.019108671,532.0482622,-68.699815,86.88801948,24.39684628,-374.4487522,322.4989645,0.336103546,0.197281797,-88,-24.89411468,,,,,,,
1767173146,94175049,655_1767173146-94175049.png,-48409,64145,68350,-68800,-0.463474648,0.614133349,216.79,235.5,-75,50,346,-76,94,16,5.590133515,6.509343039,495.8733729,-68.32250457,87.62766787,23.52455397,-388.3236746,347.7329736,0.34855206,0.197281797,-125,-44.40986648,,,,,,,
1767173146,127523682,656_1767173146-127523682.png,-44922,60742,67800,-68200,-0.430089614,0.581552543,215.09,232.74,-159,-44,546,-69,60,17,-35.05375737,5.403168436,509.3959846,-70.51622267,83.92643939,22.36629162,-447.2389095,323.5479875,0.364034913,0.197281797,-209,-85.05375737,,,,,,,
1767173146,194219971,657_1767173146-194219971.png,-42335,58001,68650,-67850,-0.405321308,0.555309819,214.22,230.01,-25,-66,478,-54,68,38,-43.74403284,-7.020418559,508.5849167,-68.43295482,80.12601581,23.79581983,-385.4756984,316.8503466,0.376356594,0.197281797,-75,-93.74403284,,,,,,,
1767173146,227567627,658_1767173146-227567627.png,-39536,55354,68300,-68900,-0.378523284,0.529967065,213.4,228.13,92,-70,474,-67,84,34,-23.39446037,-17.79803229,502.7143703,-67.83984545,80.37030911,25.6655696,-392.3274397,319.9257705,0.388618719,0.197281797,42,-73.39446037,,,,,,,
1767173146,260916260,659_1767173146-260916260.png,-36399,52209,67750,-68000,-0.3484892,0.499856388,211.75,224.76,-6,1,397,-64,79,29,-18.15591304,-20.92939189,488.5872704,-64.46908051,76.25439018,26.05310867,-356.8137816,255.7339077,0.400819359,0.197281797,-56,-68.15591304,,,,,,,
1767173146,294263916,660_1767173146-294263916.png,-34612,50437,68650,-67850,-0.331380208,0.482891008,211.02,223.63,-36,-32,282,-68,184,22,-19.82619825,-20.85393112,451.2987782,-64.94920358,92.22345366,25.68807592,-288.3563069,212.8383133,0.415980769,0.141756891,-86,-69.82619825,,,,,,,
1767173146,360959961,661_1767173146-360959961.png,-30722,46539,68400,-68900,-0.294136795,0.445571002,210.43,222,44,2,319,-48,263,8,-10.49213838,-17.51173047,431.9511631,-62.47052107,117.1981279,23.10133937,-404.2538596,255.2836919,0.428036,0.141756891,-6,-60.49213838,,,,,,,
1767173146,394308838,662_1767173146-394308838.png,-27576,43274,68350,-68700,-0.264016544,0.414311428,209.26,221.3,255,97,443,-44,59,-8,25.496753,-8.350583056,428.6310177,-55.83388622,118.1187271,16.30023296,-410.0468962,258.0026114,0.443009624,0.141756891,205,-24.503247,,,,,,,
1767173146,461004883,663_1767173146-461004883.png,-24109,39919,67800,-68000,-0.230822993,0.382190181,207.79,220.67,211,-39,398,-81,174,25,76.15572207,-12.76932733,441.577255,-64.65414618,110.8545848,14.95046808,-352.7722868,304.1189253,0.457873691,0.141756891,161,26.15572207,,,,,,,
1767173146,494352539,664_1767173146-494352539.png,-21304,37126,68600,-67950,-0.203967525,0.355449602,207.15,220.53,169,-5,370,-60,191,41,95.65788538,-14.22529441,431.5122809,-65.57840163,123.3057195,18.1352529,-288.1511637,293.4684985,0.466738056,0.141756891,119,45.65788538,,,,,,,
1767173146,527701172,665_1767173146-527701172.png,-18778,34448,68400,-68800,-0.179783241,0.329810049,206.4,220.62,54,22,369,-38,142,23,93.40318201,-8.444953309,419.1519119,-61.25341144,129.5815199,20.04301663,-252.6859503,256.0306604,0.47849245,0.141756891,4,43.40318201,,,,,,,
1767173146,561048828,666_1767173146-561048828.png,-15980,31658,67800,-68050,-0.152994792,0.303098192,205.58,220.26,53,-73,383,-65,124,19,87.49454684,-17.88560131,413.8649902,-61.8013194,128.7652683,19.89048397,-240.5185409,191.5420449,0.49017111,0.141756891,3,37.49454684,,,,,,,
1767173146,594397461,667_1767173146-594397461.png,-13114,28934,68600,-67950,-0.1255553,0.277018229,205.6,219.97,-57,-21,388,-53,92,32,56.26260409,-18.18268175,398.2414297,-56.90799468,117.6217179,22.46407699,-352.0369146,310.6179669,0.504660172,0.141756891,-107,6.262604093,,,,,,,
1767173146,661093750,668_1767173146-661093750.png,-10586,26325,68400,-68900,-0.101351869,0.252039292,204.35,220.02,-27,-11,400,-42,64,24,38.15997834,-17.27968158,397.9627519,-54.52334735,108.4393948,23.18763379,-165.0061947,237.4474366,0.516161765,0.141756891,-77,-11.84002166,,,,,,,
1767173146,694441406,669_1767173146-694441406.png,-7725,23536,67850,-68050,-0.073960248,0.22533701,202.46,220.01,-50,-44,367,-48,57,20,25.26730199,-21.18730978,393.4347025,-53.56936112,100.9168037,22.7214684,-171.1728269,239.3660839,0.524734481,0.018412208,-100,-24.73269801,,,,,,,
1767173146,727790039,670_1767173146-727790039.png,-4921,20741,68600,-67850,-0.047114354,0.198577282,197.88,219.93,2,-47,560,-96,57,26,21.24632767,-20.26395694,411.0264447,-55.94293384,95.02753181,23.14636305,-220.6713495,261.9612722,0.536091964,0.079133392,-48,-28.75367233,,,,,,,
1767173146,761137695,671_1767173146-761137695.png,-2050,17801,68350,-67900,-0.019626991,0.170429305,195.64,219.76,-20,-17,473,-64,52,19,13.26208255,-22.49867759,435.2011331,-61.18451801,84.8776745,22.82945824,-295.2225946,266.1344376,0.552968615,0.02369295,-70,-36.73791745,,,,,,,
1767173146,827833984,672_1767173146-827833984.png,1356,14460,68300,-68850,0.012982537,0.138442096,191.28,217.96,-37,33,467,-26,30,20,4.517355356,-17.51893193,426.4145043,-55.29637353,76.04013345,22.54218849,-286.4899525,270.8394938,0.564110716,0.044528441,-87,-45.48264464,,,,,,,
1767173146,894530273,673_1767173146-894530273.png,6815,8988,68700,-67900,0.065247779,0.08605239,186.34,215.53,221,-16,561,-58,169,7,41.79823546,-8.531777188,446.4821644,-42.8957285,97.01577365,14.77310115,-239.5271781,303.7559729,0.5833936,0.046213163,171,-8.201764536,,,,,,,
1767173146,961226563,674_1767173146-961226563.png,10645,5035,68700,-67850,0.099350873,0.051528033,185.68,213.65,80,-53,537,-82,58,30,52.14716436,-15.23335713,462.7629351,-49.0158001,93.22299479,16.79334284,-272.1986396,267.3023908,0.599697139,0.009242487,30,2.147164355,,,,,,,
1767173146,994575195,675_1767173146-994575195.png,13103,2568,68350,-68850,0.125449985,0.024586397,185.21,211.94,0,-49,430,-97,53,49,44.52106774,-20.1714527,457.9716236,-56.03309718,87.34071053,21.50330324,-157.6748119,191.5158229,0.610447921,0.009242487,-50,-5.478932259,,,,,,,
1767173147,27923096,676_1767173147-27923096.png,16379,-565,67800,-68050,0.156814874,-0.00540939,184.7,209.54,125,2,374,-91,34,24,46.9471753,-22.13224124,458.0900241,-66.77469467,76.61557934,24.0564362,-2.388545543,207.6366155,0.623750344,0.009242487,75,-3.052824698,,,,,,,
1767173147,94620605,677_1767173147-94620605.png,20135,-4464,67750,-68150,0.192775352,-0.042738971,184.75,207.12,42,-54,348,-82,91,-1,53.27989951,-26.37754717,442.3838296,-71.33051075,72.61545187,18.71939624,-222.8060329,311.6841846,0.63689857,0.009242487,-8,3.279899505,,,,,,,
1767173147,127969971,678_1767173147-127969971.png,22251,-6443,68350,-68850,0.213034237,-0.061686198,185.07,205.6,15,-21,509,-76,126,22,50.28501283,-27.63707256,441.036587,-72.23048121,76.94474246,17.78601378,-224.0357876,310.824877,0.644712151,0.009242487,-35,0.285012835,,,,,,,
1767173147,161318115,679_1767173147-161318115.png,25042,-9301,67800,-68050,0.239755668,-0.089049096,185.88,204.54,58,44,418,-76,94,20,48.38765294,-18.59631956,443.7196604,-72.9789721,82.88332489,18.38513318,40.41545367,-16.49964619,0.655040889,0.009242487,8,-1.612347063,,,,,,,
1767173147,194667480,680_1767173147-194667480.png,27652,-11835,68700,-67800,0.264744179,-0.113309972,187.04,203.4,57,44,416,-76,94,20,49.90258355,-7.778641013,438.9823943,-73.50105565,84.80447007,18.66420885,9.468778968,234.1818674,0.665265963,0.009242487,7,-0.097416455,,,,,,,
1767173147,228015625,681_1767173147-228015625.png,30235,-14493,68300,-68900,0.289474188,-0.138758042,190.02,201.86,-33,42,710,-149,53,49,37.27592456,3.657726798,469.6660787,-83.99810464,82.14192797,22.91490634,6.814711392,234.2953527,0.675385775,0.009242487,-83,-12.72407544,,,,,,,
1767173147,294713379,682_1767173147-294713379.png,32691,-16950,67800,-68050,0.312988281,-0.16228171,191.99,201.16,109,-30,650,-107,1,40,40.63634323,2.624918442,520.4174057,-93.95559868,67.31948858,28.0594784,-48.99850494,-365.9192772,0.690364658,0.009242487,59,-9.363656768,,,,,,,
1767173147,328062500,683_1767173147-328062500.png,36860,-21175,67750,-68100,0.35290288,-0.20273246,196.38,200.53,34,-38,288,-35,64,19,51.53310625,-18.84809824,498.388131,-89.15130918,75.67228335,26.35216101,-48.78420538,-372.4787869,0.700214359,-0.037505113,-16,1.533106251,,,,,,,
1767173147,394760254,684_1767173147-394760254.png,39869,-24252,68750,-67700,0.381711474,-0.232192096,198.66,200.45,-7,61,460,-34,-13,18,42.74293135,-11.36621854,471.8001536,-76.92913004,63.91478038,24.59006523,-8.049495697,224.3957632,0.70995334,-0.02440816,-57,-7.257068648,,,,,,,
1767173147,428108398,685_1767173147-428108398.png,42865,-27054,68400,-68800,0.410395604,-0.259018842,201.2,200.28,6,8,513,-39,-5,25,36.04767447,-6.610956839,477.5117089,-70.24147602,51.79256979,24.47488584,-15.32074469,238.4124918,0.719579935,-0.02440816,-44,-13.95232553,,,,,,,
1767173147,461457764,686_1767173147-461457764.png,45458,-29714,67800,-68200,0.435221354,-0.28448606,206.2,200.6,69,-18,335,-59,107,35,43.96361603,-6.813219428,476.8071788,-65.53829285,49.71323184,27.25119235,-18.56764278,238.8893595,0.729092613,-0.02440816,19,-6.036383969,,,,,,,
1767173147,494806152,687_1767173147-494806152.png,48134,-32316,68500,-67750,0.460841759,-0.309397978,208.37,200.95,-26,-47,150,-67,228,35,37.64767151,-12.48009953,426.6688987,-65.19052995,75.46474189,28.78982692,-3.117293924,274.9165118,0.738490043,-0.02440816,-76,-12.35232849,,,,,,,
1767173147,561503662,688_1767173147-561503662.png,52424,-36671,68750,-67800,0.501914828,-0.351093367,214.03,202.64,-44,89,138,-2,108,55,1.94100381,-15.94853461,309.2829206,-46.54202243,101.5912534,33.1266849,-44.88849914,186.8536103,0.750072264,-0.02440816,-94,-48.05899619,,,,,,,
1767173147,594853027,689_1767173147-594853027.png,54206,-38390,68200,-68800,0.51897595,-0.367551317,214.03,202.64,-44,89,138,-2,108,55,-0.874471549,-9.516807208,298.7859179,-43.81228306,101.9840108,34.46718194,-18.2424919,254.9311996,0.759204709,-0.02440816,-94,-50.87447155,,,,,,,
1767173147,628201416,690_1767173147-628201416.png,56996,-41393,67850,-68250,0.545687806,-0.396302466,215.37,203.2,20,-84,219,-76,156,52,1.032201361,-17.7913109,282.845042,-47.40832475,110.0432808,37.57686676,-23.04994535,256.3837259,0.770451172,-0.02440816,-30,-48.96779864,,,,,,,
1767173147,661550537,691_1767173147-661550537.png,59665,-43840,68700,-67800,0.571241192,-0.419730392,216.97,203.62,-70,-100,246,-91,81,50,-9.355677577,-29.81365983,277.4567557,-53.78325101,105.7959384,39.39364847,-42.6599136,199.7489548,0.777107743,-0.02440816,-120,-59.35567758,,,,,,,
1767173147,728248291,692_1767173147-728248291.png,62469,-46710,68300,-68800,0.598087086,-0.44720818,221.13,204.28,7,2,532,-61,60,27,-14.74445309,-34.00852858,312.403692,-56.32731224,88.7767563,38.21961934,-45.46412075,200.2683794,0.785875535,-0.02440816,-43,-64.74445309,,,,,,,
1767173147,761596680,693_1767173147-761596680.png,65048,-49383,67800,-67950,0.622778799,-0.472799862,223.63,204.52,-140,78,329,-95,98,47,-31.92433521,-15.74415067,326.3205317,-62.22736215,88.61991667,38.91664292,-13.01215398,278.0968237,0.794519024,-0.02440816,-190,-81.92433521,,,,,,,
1767173147,794945801,694_1767173147-794945801.png,67652,-51831,68650,-67800,0.647709865,-0.496237362,229.33,204.75,-70,34,323,-97,190,47,-54.5855335,0.310824594,318.9345001,-65.97453017,100.5135884,39.56075078,-36.46159106,265.9699411,0.805146435,-0.120128253,-120,-104.5855335,,,,,,,
1767173147,861643555,695_1767173147-861643555.png,71263,-55452,68350,-68850,0.682282093,-0.530905331,232.4,205,59,38,458,-48,120,38,-39.16562706,8.42566364,339.5858272,-65.7431872,110.2777793,39.90732184,-53.3871651,231.7394967,0.813505099,-0.117912428,9,-89.16562706,,,,,,,
1767173147,894991943,696_1767173147-894991943.png,74757,-58938,68400,-68850,0.715734145,-0.56428079,238.66,206.55,65,-52,596,-35,-5,25,-7.499722395,6.997817821,388.8531085,-55.65759138,92.19253845,37.22182266,-46.89733022,259.965965,0.823772384,-0.150894354,15,-57.4997224,,,,,,,
1767173147,928341309,697_1767173147-928341309.png,77612,-61809,67750,-68100,0.743068321,-0.591768153,241.77,207.69,67,-64,571,-65,41,33,7.133742333,-6.142787847,427.0146985,-55.12013762,78.35901009,35.7455151,-63.11435199,239.3822756,0.831839631,-0.153126231,17,-42.86625767,,,,,,,
1767173147,995038818,698_1767173147-995038818.png,80687,-64947,68550,-67750,0.772508808,-0.621811811,248.46,208.8,-134,-166,610,-54,153,58,-25.06662008,-36.53364373,458.8026017,-55.03925144,82.92843554,39.80414729,-51.82342771,237.6112165,0.841738535,-0.138295137,-184,-75.06662008,,,,,,,
1767173148,28386963,699_1767173148-28386963.png,84501,-68691,68650,-67750,0.809024586,-0.657657399,251.81,209.62,-119,-97,749,-63,146,63,-49.85358095,-58.5091476,516.5787439,-56.09802639,99.26004773,45.04210001,-39.45392725,245.3358138,0.851429312,-0.180591918,-169,-99.85358095,,,,,,,
1767173148,61735352,700_1767173148-61735352.png,87112,-71290,68400,-68900,0.834022672,-0.682540594,258.57,211.57,6,-41,295,-31,123,37,-41.19298765,-61.29255923,487.6378016,-55.58629718,106.05481,43.08553302,-56.94168046,195.6715069,0.859030506,-0.162320374,-44,-91.19298765,,,,,,,
1767173148,128431396,701_1767173148-128431396.png,89764,-73960,67800,-67950,0.859413297,-0.708103554,262.14,212.75,10,-47,370,-87,159,48,-31.46014233,-57.80620898,456.1746403,-55.77255124,112.6776495,42.87270596,-34.7616111,213.2634535,0.866495813,-0.138871056,-40,-81.46014233,,,,,,,
1767173148,161778809,702_1767173148-161778809.png,93584,-77840,67850,-67950,0.89598652,-0.745251225,269.48,214.96,-120,36,149,-55,191,52,-36.29983125,-43.8809361,392.6286221,-58.35559167,129.2697416,44.143215,-77.78166324,190.4888666,0.877436278,-0.172235608,-170,-86.29983125,,,,,,,
1767173148,195127441,703_1767173148-195127441.png,96256,-80438,68350,-68900,0.921568627,-0.770124847,273.02,216.12,-44,73,405,-22,101,29,-45.97785015,-21.63064357,368.5913815,-53.68474176,132.373876,43.16657847,-57.22884187,194.0223873,0.884556639,-0.188502945,-94,-95.97785015,,,,,,,
1767173148,261823486,704_1767173148-261823486.png,98901,-83100,67800,-68100,0.946892233,-0.795611213,276.61,217.69,-98,101,472,-27,37,39,-53.53310364,-1.182133237,384.681595,-48.94030387,117.5924747,42.18077786,-58.61295727,190.7283034,0.89153705,-0.188756713,-148,-103.5331036,,,,,,,
1767173148,295170898,705_1767173148-295170898.png,101311,-85497,68500,-67800,0.969965916,-0.818560432,284.57,219.57,14,-50,274,-33,96,35,-46.81817437,-3.581011213,370.1846307,-46.44153577,108.9091525,39.91076933,-61.37501884,187.787715,0.900064093,-0.212578173,-36,-96.81817437,,,,,,,
1767173148,328519287,706_1767173148-328519287.png,105542,-89722,68500,-67750,1.010474112,-0.859011183,288.95,220.18,-58,39,526,-71,54,31,-45.27128337,0.217369354,387.9387621,-49.32971953,100.2037023,38.35069981,-55.36170825,181.9882131,0.906725591,-0.20715638,-108,-95.27128337,,,,,,,
1767173148,395215332,707_1767173148-395215332.png,108198,-92390,68400,-69000,1.035903033,-0.884554994,297.86,-44.84,154,-96,403,-110,181,50,-37.61328403,10.79385892,399.0429808,-49.89626085,95.18020493,37.10502606,103.5013477,-245.3054283,0.913243678,-0.230791552,104,-87.61328403,,,,,,,
1767173148,428562744,708_1767173148-428562744.png,110657,-94906,67800,-68000,1.059445849,-0.908643536,302.52,-43.66,209,-51,592,-157,163,66,5.411929234,-6.338893813,416.9339066,-66.08437739,110.5918633,41.11356383,101.770067,-223.93207,0.919617221,-0.213933304,159,-44.58807077,,,,,,,
1767173148,495258545,709_1767173148-495258545.png,115782,-100022,68300,-68950,1.108513327,-0.957624847,314.3,-39.84,-103,-50,480,-86,84,22,-36.33491727,-21.74076929,457.7291739,-88.17028771,74.64100371,43.0563688,112.5808953,-146.0699527,0.930420201,-0.293031171,-153,-86.33491727,,,,,,,
1767173148,528607178,710_1767173148-528607178.png,117959,-102207,68650,-67950,1.129356235,-0.978544347,314.3,-39.84,-103,-50,480,-86,84,22,-40.42045921,-23.47262452,459.0940322,-88.03728253,75.21456592,41.76593797,98.45738542,-241.708287,0.936391275,-0.293031171,-153,-90.42045921,,,,,,,
1767173148,561954590,711_1767173148-561954590.png,121037,-105279,68650,-67750,1.158825444,-1.007956112,319.65,-35.31,77,29,357,-4,92,26,-19.98784672,-16.89727287,439.0963873,-76.29256043,83.48961005,38.63538959,95.19457722,-162.32816,0.94221421,-0.293031171,27,-69.98784672,,,,,,,
1767173148,628650391,712_1767173148-628650391.png,123975,-108279,68400,-68850,1.186954274,-1.036678539,325.02,232.58,179,63,388,-31,95,29,16.60658522,-1.666545634,425.2805104,-64.08297071,85.83049384,36.24997759,-52.01986897,181.7943423,0.949283105,-0.293031171,129,-33.39341478,,,,,,,
1767173148,661998779,713_1767173148-661998779.png,126970,-111157,67850,-68200,1.21562883,-1.06423292,330.13,234.55,100,30,229,-27,81,33,28.8021906,2.964427871,396.5760898,-58.6598893,85.12407359,35.77469493,-62.24773756,176.4208403,0.95476935,-0.293031171,50,-21.1978094,,,,,,,
1767173148,695346191,714_1767173148-695346191.png,129625,-113892,68700,-67850,1.241048177,-1.090418199,340.26,238.76,4,-44,447,-19,15,20,33.36713612,-1.547309298,393.6146597,-48.99746419,69.98265887,31.18483975,-73.29286674,168.0126085,0.96010446,-0.293031171,-46,-16.63286388,,,,,,,
1767173148,728694580,715_1767173148-728694580.png,132563,-116819,68250,-68850,1.269177007,-1.118441713,345.41,242.23,5,4,548,-14,51,27,27.68212067,-2.957279476,418.9854933,-42.30983728,64.32978563,29.98762554,-80.16194689,169.4695768,0.965287771,-0.293031171,-45,-22.31787933,,,,,,,
1767173148,795390625,716_1767173148-795390625.png,134682,-118870,67800,-68150,1.289464614,-1.138078278,356.12,248.16,-176,135,510,-109,60,68,4.667806585,10.3989734,412.1856264,-41.36629738,66.13194347,33.01454713,-79.87601933,173.7155333,0.970318282,-0.293031171,-226,-45.33219341,,,,,,,
1767173148,828738037,717_1767173148-828738037.png,138031,-122223,68700,-67900,1.321528416,-1.170180377,360.74,250.72,-55,206,699,-149,89,68,-19.13914148,36.28329561,440.6723533,-55.50590238,66.84949527,39.06061159,-83.56814098,171.8762684,0.975195263,-0.293031171,-105,-69.13914148,,,,,,,
1767173148,862086426,718_1767173148-862086426.png,141311,-125560,68400,-67800,1.352931602,-1.202129289,365.29,253.83,110,45,613,-87,-3,56,-3.024504836,50.67176284,485.8344002,-67.33578632,58.34610917,43.77395592,-100.764252,166.6082275,0.981074457,-0.293031171,60,-53.02450484,,,,,,,
1767173148,895433838,719_1767173148-895433838.png,143958,-128157,67750,-68100,1.378274357,-1.226993336,375.41,262.43,-57,152,82,-133,199,56,-12.3693028,60.22138902,402.2154226,-79.55066132,85.03939927,45.24065246,-106.5913817,171.3648679,0.985603229,-0.330128364,-107,-62.3693028,,,,,,,
1767173148,962129639,720_1767173148-962129639.png,146832,-131017,67800,-68100,1.405790441,-1.254375383,378.1,264.64,-255,196,-26,-106,217,61,-44.75640171,83.67310935,325.8003097,-86.95581711,109.8065175,47.97113885,-113.3275961,175.7774701,0.989976073,-0.327830905,-305,-94.75640171,,,,,,,
1767173148,995478027,721_1767173148-995478027.png,149777,-134024,68750,-67950,1.43398629,-1.283164828,378.1,266.84,2,75,161,-34,75,39,-43.50582051,85.38979134,292.3506238,-79.71755508,107.5649834,47.00542118,-130.9026926,174.6037853,0.994192323,-0.340764155,-48,-93.50582051,,,,,,,
1767173149,28825439,722_1767173149-28825439.png,152583,-136764,68350,-68850,1.460851333,-1.309397978,392.2,270.96,-82,228,169,-22,-30,29,-24.79172452,91.0559404,268.9558609,-68.80604183,90.95732183,43.56747142,-143.1480292,179.2257335,0.998251247,-0.366298917,-132,-74.79172452,,,,,,,
1767173149,95521729,723_1767173149-95521729.png,155713,-139961,67600,-68050,1.488807828,-1.338129979,399.36,272.56,-234,202,91,5,80,40,-59.80711099,117.8620365,235.2078516,-54.39588832,80.00873698,41.92015419,-140.3901238,179.579802,1.003102661,-0.381187684,-284,-109.807111,,,,,,,
1767173149,128870361,724_1767173149-128870361.png,158365,-142563,68600,-67800,1.516209023,-1.364918428,406.76,273.51,-197,140,103,-41,164,40,-79.8704498,121.0995327,215.8735338,-52.43684913,92.29177278,41.63934733,-149.5851984,178.4246016,1.006805387,-0.372276323,-247,-129.8704498,,,,,,,
1767173149,162218018,725_1767173149-162218018.png,161030,-145279,68300,-68950,1.541724112,-1.390921798,421.66,276.28,83,71,236,-79,86,29,-54.37378012,94.73905072,226.3572906,-53.45274555,100.9939841,38.41530607,-151.3391429,178.7861211,1.010348723,-0.385702632,33,-104.3737801,,,,,,,
1767173149,195566650,726_1767173149-195566650.png,163695,-147889,67800,-68150,1.5672392,-1.415910309,429.04,277.72,19,31,167,-62,80,34,-38.23737622,85.88401562,219.8255876,-55.84790605,97.68989559,37.38225242,-157.3633632,174.5269821,1.013732269,-0.411273453,-31,-88.23737622,,,,,,,
1767173149,228914307,727_1767173149-228914307.png,166161,-150335,68750,-67850,1.590849035,-1.439328661,436.37,279.88,26,55,293,-49,118,39,-27.32211886,79.90895452,229.1229233,-55.0099458,100.1899787,37.52895244,-162.0385354,174.7321727,1.01695536,-0.406904199,-24,-77.32211886,,,,,,,
1767173149,295610596,728_1767173149-295610596.png,169030,-153206,68350,-68850,1.618317249,-1.466816023,450.76,284.68,206,-111,385,-90,148,47,32.1031049,30.93242607,217.7787143,-45.77660335,105.9965545,40.8367247,-173.029765,179.6012955,1.020757954,-0.406904199,156,-17.8968951,,,,,,,
1767173149,328959229,729_1767173149-328959229.png,172702,-156900,67750,-68050,1.653473499,-1.502182904,450.76,284.68,206,-111,385,-90,148,47,52.76438102,14.06895623,237.6468388,-51.03093413,110.9871254,41.56900421,-175.858714,179.7058969,1.023618389,-0.406904199,156,2.764381023,,,,,,,
1767173149,395655518,730_1767173149-395655518.png,176465,-160646,67800,-68050,1.689500996,-1.538047641,459.2,287.96,12,50,210,-25,75,54,60.94097425,4.457204701,243.5113658,-52.7138873,109.4715645,45.43843028,-171.6767555,186.6028535,1.027605208,-0.406904199,-38,10.94097425,,,,,,,
1767173149,429002930,731_1767173149-429002930.png,179668,-163854,67800,-68050,1.720166973,-1.568761489,466.02,291.48,-64,155,200,-26,84,60,47.1145459,20.20980662,238.7153979,-46.72307255,102.4919153,47.36887823,-153.7129326,195.1732891,1.030059976,-0.406904199,-114,-2.885454101,,,,,,,
1767173149,462351563,732_1767173149-462351563.png,182677,-166995,68550,-67850,1.748975567,-1.598833869,472.7,293.05,-32,97,285,-60,79,46,26.95905857,41.85475331,242.4926699,-47.06347819,97.62757589,48.14467623,-154.051396,195.0264173,1.032351693,-0.406904199,-82,-23.04094143,,,,,,,
1767173149,529047852,733_1767173149-529047852.png,186092,-170354,68400,-68800,1.781671262,-1.630993413,485.72,297.6,144,-65,337,-77,92,27,38.03530366,28.0179003,271.6992038,-55.38021173,91.33681847,45.35602941,-165.4140782,192.4549427,1.034986691,-0.406904199,94,-11.96469634,,,,,,,
1767173149,562395508,734_1767173149-562395508.png,188947,-173211,67850,-67950,1.809005438,-1.658346737,492.06,300.73,65,-104,247,-59,87,30,44.79465008,6.239438557,269.8224961,-56.48411555,90.72021806,42.62252964,-154.7985222,199.1272213,1.03736576,-0.406904199,15,-5.205349915,,,,,,,
1767173149,629091797,735_1767173149-629091797.png,192433,-176626,67850,-68150,1.842380898,-1.691042433,504.61,305.38,-88,42,257,22,46,35,31.46795598,6.201668409,267.8255273,-46.11661166,79.23208107,40.55985151,-154.9490514,197.5147839,1.039488366,-0.406904199,-138,-18.53204402,,,,,,,
1767173149,662440186,736_1767173149-662440186.png,195520,-179769,68550,-67950,1.871936275,-1.721133961,511.08,307.55,-8,19,236,-12,78,43,16.46500465,10.83939587,262.334834,-35.86408155,76.48411302,40.48710303,-148.5555864,197.7473428,1.041001507,-0.49334717,-58,-33.53499535,,,,,,,
1767173149,695787842,737_1767173149-695787842.png,198515,-182704,68450,-68900,1.90061083,-1.749234069,519.12,312.75,21,30,444,-109,91,55,24.91586184,4.073484643,283.3062634,-44.62050797,82.3865943,41.58420958,-142.2697257,202.9825704,1.042661256,-0.497836991,-29,-25.08413816,,,,,,,
1767173149,762484131,738_1767173149-762484131.png,201170,-185500,67800,-68150,1.926030178,-1.77600337,524.66,314.52,186,328,490,-35,215,15,39.17225093,35.52412523,315.2399683,-49.04907249,95.09759514,40.28253086,-143.2980389,203.0728428,1.043533374,-0.499990842,136,-10.82774907,,,,,,,
1767173149,795832764,739_1767173149-795832764.png,202819,-186999,68600,-67900,1.941817938,-1.790355009,530.17,316.46,234,301,588,-6,127,3,75.34657012,89.65078803,364.2727258,-42.01841886,106.0366206,33.50742739,-137.623971,203.1814563,1.044780533,-0.484233164,184,25.34657012,,,,,,,
1767173149,829180420,740_1767173149-829180420.png,208007,-192250,68550,-67850,1.991488588,-1.84062883,532.88,319.93,-127,-146,313,-49,-64,56,53.19342616,58.60453322,371.6766613,-39.23729286,82.86535163,34.05259393,-134.1898531,200.5985186,1.045769431,-0.515968628,-177,3.193426158,,,,,,,
1767173149,895876465,741_1767173149-895876465.png,211685,-196019,68600,-67900,2.026702282,-1.876713771,545.62,325.15,-86,-136,91,-73,-76,75,10.14572047,-0.610275805,327.3423486,-47.15256671,39.68446369,42.80416872,-128.7081353,202.5958319,1.046614785,-0.519181396,-136,-39.85427953,,,,,,,
1767173149,929225098,742_1767173149-929225098.png,214415,-198669,68350,-68900,2.052839691,-1.902085248,552.04,327.55,106,59,197,-24,54,43,19.13306839,1.023349554,295.9148901,-45.11908802,35.72512646,44.51736467,-107.793862,193.7754993,1.046971316,-0.507512658,56,-30.86693161,,,,,,,
1767173149,962572754,743_1767173149-962572754.png,216808,-201004,67800,-68100,2.075750613,-1.92444087,558.48,330.06,-2,125,104,10,28,31,16.04252984,19.15392148,267.8489058,-37.05837186,34.59538985,42.54056056,-90.76503453,169.2295668,1.047162264,-0.522960192,-52,-33.95747016,,,,,,,
1767173150,29269043,744_1767173150-29269043.png,219879,-204073,68650,-67850,2.105152803,-1.953823912,571.14,336.08,30,-4,400,-36,46,33,6.458830347,28.00977209,267.0453082,-30.67064166,33.83978727,41.33254557,-105.6998306,198.1492701,1.047187564,-0.522960192,-20,-43.54116965,,,,,,,
1767173150,62618164,745_1767173150-62618164.png,223022,-207346,68300,-68800,2.135244332,-1.98516008,577.38,338.54,0,-39,299,-69,61,34,7.333265245,15.73680003,281.9916031,-36.68778751,38.75134533,39.61637911,-110.1232982,200.0306621,1.046986096,-0.522960192,-50,-42.66673476,,,,,,,
1767173150,95966309,746_1767173150-95966309.png,225618,-209869,67750,-68100,2.160098805,-2.00931564,587.81,339.72,-170,-15,289,-141,170,76,-29.54720487,14.67566693,279.660525,-55.42311078,60.01638402,43.35365375,-107.7035964,199.1389711,1.046741019,-0.522960192,-220,-79.54720487,,,,,,,
1767173150,162663330,747_1767173150-162663330.png,228552,-212731,68750,-67850,2.188189338,-2.036716835,593.91,343.54,-141,16,224,-84,91,63,-57.49423864,11.72606943,274.0251231,-67.77804972,75.21257932,49.10586881,-110.398316,206.7768781,1.046125496,-0.522960192,-191,-107.4942386,,,,,,,
1767173150,196012451,748_1767173150-196012451.png,231491,-215672,68650,-67850,2.213034237,-2.062969133,600.12,347.58,-1,68,147,-76,58,53,-51.45155845,20.0692503,254.1193344,-69.41153621,73.11492623,50.04458603,-107.0592691,205.8165514,1.045446922,-0.522960192,-51,-101.4515585,,,,,,,
1767173150,229360596,749_1767173150-229360596.png,234758,-218939,68350,-68900,2.247606464,-2.09615311,612.5,353,18,95,156,-90,82,46,-36.46045767,42.66931286,236.0458554,-73.3482343,76.43089413,48.74156092,-95.59391794,198.8273163,1.044366012,-0.522960192,-32,-86.46045767,,,,,,,
1767173150,262709717,750_1767173150-262709717.png,237012,-221199,67850,-68100,2.269186581,-2.117790671,618.88,355.65,-43,-49,160,-47,113,47,-34.5673205,32.0014825,220.7365941,-70.36627763,82.07021496,48.34342732,-96.02498475,203.5638962,1.043315395,-0.522960192,-93,-84.5673205,,,,,,,
1767173150,329406738,751_1767173150-329406738.png,240148,-224339,68700,-67850,2.299211091,-2.147853477,631.67,358.41,-67,-119,167,-52,133,47,-39.31033482,9.918749747,212.8780563,-67.68035963,89.5182798,48.14696206,-109.2353188,205.464489,1.042099728,-0.522960192,-117,-89.31033482,,,,,,,
1767173150,362754883,752_1767173150-362754883.png,242951,-227132,68350,-68900,2.326047411,-2.174594056,649.69,364.68,31,-81,371,-104,156,57,-24.52555373,-18.70496303,235.352224,-72.97022185,101.0718054,49.90485706,-96.40182728,204.7564952,1.040719212,-0.573831707,-19,-74.52555373,,,,,,,
1767173150,396104004,753_1767173150-396104004.png,245615,-229807,67750,-68100,2.351552926,-2.200204887,658.48,366.25,68,-53,315,-84,244,52,-9.104080612,-27.74774307,255.6334461,-76.75535265,122.4341464,50.71963048,-95.15142182,203.9914722,1.039575717,-0.603469705,18,-59.10408061,,,,,,,
1767173150,429452148,754_1767173150-429452148.png,248476,-232674,68750,-67800,2.378944547,-2.227653952,666.86,367.29,12,34,443,-73,210,45,-3.968763528,-19.38871141,284.6119217,-76.39868734,138.4705129,49.9172067,-96.97342265,204.210562,1.037464363,-0.603469705,-38,-53.96876353,,,,,,,
1767173150,462801270,755_1767173150-462801270.png,251076,-235392,68350,-68950,2.403837316,-2.253676471,683.13,369.42,-34,-28,450,-76,136,37,-8.696372135,-5.723304419,324.590579,-75.907684,135.5089276,49.13694687,-94.80672422,200.9527304,1.035590563,-0.603469705,-84,-58.69637214,,,,,,,
1767173150,529498291,756_1767173150-529498291.png,254222,-238401,67750,-68050,2.433957567,-2.282485064,690.98,370.16,42,-7,596,-79,135,31,-3.23761022,-7.631293009,373.9721609,-76.36704304,135.4724454,45.54676542,-94.71548456,200.4476347,1.033552912,-0.603469705,-8,-53.23761022,,,,,,,
1767173150,562846436,757_1767173150-562846436.png,257223,-241402,68700,-67800,2.462689568,-2.311217065,698.36,370.86,33,80,417,-71,118,26,2.061844123,5.184067427,380.2646307,-75.58215686,132.9172431,42.68821072,-93.71496537,200.7105711,1.031351743,-0.603469705,-17,-47.93815588,,,,,,,
1767173150,596195557,758_1767173150-596195557.png,260094,-244276,68400,-68850,2.49017693,-2.33873315,711.6,373.3,34,29,514,-74,1,14,8.66831968,6.649983923,401.7764365,-83.87394461,109.8167109,38.80322676,-90.80256942,201.616591,1.028370867,-0.603469705,-16,-41.33168032,,,,,,,
1767173150,662892822,759_1767173150-662892822.png,263498,-247750,68400,-68800,2.52276731,-2.371993719,724.52,378.17,150,7,526,8,36,17,21.50235704,-2.890577159,435.7985298,-69.40178051,82.81350835,33.2556628,-90.68041867,201.2024841,1.025135725,-0.603469705,100,-28.49764296,,,,,,,
1767173150,696240967,760_1767173150-696240967.png,265959,-250289,67800,-68150,2.546329274,-2.396302466,731.15,379.16,10,37,350,-40,108,47,31.71424525,0.394376474,438.2036707,-61.02406277,80.37990546,32.71694252,-86.36747769,196.9728627,1.023072974,-0.603469705,-40,-18.28575475,,,,,,,
1767173150,762937988,761_1767173150-762937988.png,269510,-253761,68600,-67850,2.580327053,-2.429543888,737.96,379.16,-134,186,257,-127,205,81,5.802068469,30.36613619,404.8887675,-69.0480109,100.7387335,40.88157259,-85.38475186,197.2048485,1.01867443,-0.661535676,-184,-44.19793153,,,,,,,
1767173150,796287109,762_1767173150-796287109.png,271691,-255872,68200,-68850,2.601208257,-2.449754902,750.36,386.21,-89,185,190,-105,243,71,-23.09086706,64.67095056,346.2527928,-79.49898537,134.5564334,48.98562776,-84.49294099,197.0493793,1.015540555,-0.679170763,-139,-73.09086706,,,,,,,
1767173150,829635254,763_1767173150-829635254.png,275460,-259640,68250,-68800,2.637293199,-2.48583027,758.21,388.09,107,18,510,-49,128,50,-5.817656317,61.04341379,366.0471126,-75.71643981,136.4794638,49.71899674,-100.0098526,182.0919547,1.011397276,-0.680009392,57,-55.81765632,,,,,,,
1767173150,896332520,764_1767173150-896332520.png,278451,-262643,67800,-68000,2.665929458,-2.514581419,769.36,392.12,-111,27,457,-82,52,69,-12.56330357,50.30251163,384.518924,-71.88478899,116.8220113,52.99839287,-104.869777,186.0600727,1.007902543,-0.680318906,-161,-62.56330357,,,,,,,
1767173150,929681641,765_1767173150-929681641.png,281109,-265443,68600,-67850,2.691377528,-2.541389017,775.61,395.19,-178,102,498,-123,87,55,-40.06978777,54.58647346,403.7824077,-78.76465435,108.1091586,54.51234949,-109.1440141,188.640861,1.004248419,-0.676467065,-228,-90.06978777,,,,,,,
1767173150,963029785,766_1767173150-963029785.png,284945,-269120,68650,-67850,2.728103937,-2.576593137,788.99,398.86,-194,117,509,-64,30,38,-76.87742034,67.68739799,404.1725834,-80.52394673,100.3822638,53.0945673,-128.6020895,198.4808421,0.999457326,-0.682265212,-244,-126.8774203,,,,,,,
1767173151,29726807,767_1767173151-29726807.png,287879,-272119,68250,-68850,2.75619447,-2.60530599,795.87,400.43,-41,55,527,-48,17,46,-77.75875366,68.41211431,427.6198919,-74.90301582,84.50573322,51.26726361,-87.12921521,207.7409303,0.994419158,-0.682265212,-91,-127.7587537,,,,,,,
1767173151,63075439,768_1767173151-63075439.png,291219,-275404,67850,-68050,2.788172105,-2.636757047,810.97,403.06,54,-16,524,-98,45,45,-68.06973778,63.31965753,453.8960476,-74.68446536,69.66006277,50.16008987,-86.31078571,197.5967455,0.990211563,-0.682265212,4,-118.0697378,,,,,,,
1767173151,129771484,769_1767173151-129771484.png,295048,-279292,67800,-67950,2.824831495,-2.673981311,827.37,405.29,-24,-61,606,-75,34,41,-55.99099258,40.57280713,486.1387786,-80.8768539,62.78480208,49.32429256,-84.44917193,195.8295553,0.983606591,-0.682265212,-74,-105.9909926,,,,,,,
1767173151,163119141,770_1767173151-163119141.png,298185,-282429,68500,-67950,2.854865579,-2.704015395,836.09,406.18,-90,-44,417,-68,95,61,-57.71943333,17.90139447,488.1862662,-78.39758362,64.57614204,50.18737072,-136.2792738,195.9262757,0.977834921,-0.682265212,-140,-107.7194333,,,,,,,
1767173151,196467773,771_1767173151-196467773.png,301193,-285371,68700,-67850,2.883664599,-2.732182521,854.23,407.93,121,77,314,-96,94,73,-41.42781074,21.31349993,461.6262455,-79.59760471,74.19514451,54.12977008,-72.49281505,179.2412088,0.973043429,-0.682265212,71,-91.42781074,,,,,,,
1767173151,263163818,772_1767173151-263163818.png,304666,-288850,68400,-68750,2.916915594,-2.765490962,863.63,409.5,140,-29,263,-65,47,56,1.580857541,19.60428258,417.6038862,-79.12664862,72.22703954,56.31743215,-129.8006734,199.979651,0.966837664,-0.682265212,90,-48.41914246,,,,,,,
1767173151,296511475,773_1767173151-296511475.png,306112,-290296,68600,-68000,2.930759804,-2.779335172,873.12,410.76,-51,44,404,-116,119,79,-6.108663158,23.17195688,415.614429,-84.51907491,79.06720276,59.63457232,-128.1767373,185.9513159,0.961700892,-0.682265212,-101,-56.10866316,,,,,,,
1767173151,363207520,774_1767173151-363207520.png,311359,-295611,67850,-68100,2.980995328,-2.830221737,902.36,415.76,69,-129,385,-91,13,48,-23.67810857,-38.42979103,413.9870709,-96.81944612,52.9541962,62.65243869,-113.6302131,195.9628146,0.953710677,-0.74619513,19,-73.67810857,,,,,,,
1767173151,396556152,775_1767173151-396556152.png,313812,-297998,68600,-67900,3.004480699,-2.853075214,902.36,415.76,69,-129,385,-91,13,48,-17.99836914,-43.98034871,412.2106103,-96.46280378,50.50561986,61.75447006,-139.4377895,179.6743731,0.94819507,-0.764172357,19,-67.99836914,,,,,,,
1767173151,429903564,776_1767173151-429903564.png,316487,-300729,68350,-68950,3.028100107,-2.876723346,921.13,421.95,125,-10,460,-81,50,50,20.61353379,-37.18343518,414.1136004,-94.86880017,53.85077503,59.9252654,-127.7282668,176.1047435,0.943959845,-0.781075357,75,-29.38646621,,,,,,,
1767173151,463252197,777_1767173151-463252197.png,318935,-303334,67850,-68000,3.053529029,-2.904162837,930.25,424.48,212,-85,391,-86,76,62,48.99000352,-41.39669106,413.8454061,-93.06610914,56.27444508,59.63577594,-131.3730477,174.7267277,0.938182317,-0.793471404,162,-1.009996481,,,,,,,
1767173151,529948242,778_1767173151-529948242.png,322695,-306940,68550,-67900,3.089527803,-2.938687194,948.36,430.02,58,-1,608,-116,-2,41,71.7025198,-50.57932103,436.6047932,-98.55330653,53.83476147,56.72469127,-55.89161262,133.2330785,0.930751698,-0.797154832,8,21.7025198,,,,,,,
1767173151,563295898,779_1767173151-563295898.png,325559,-309746,68350,-68800,3.116948146,-2.965552237,957.18,433.29,-95,-43,535,-87,28,39,46.60669246,-46.87680736,459.962065,-97.77657952,47.13524032,53.30984934,-94.47436509,148.472497,0.923091049,-0.812345172,-145,-3.393307539,,,,,,,
1767173151,596644531,780_1767173151-596644531.png,328422,-312617,68300,-68750,3.144358915,-2.993039599,965.98,438.38,-52,-61,445,-74,45,50,32.18626955,-48.94220886,457.7739852,-94.29944908,46.82297888,52.82581093,-91.17973664,140.8456233,0.916798132,-0.809489584,-102,-17.81373045,,,,,,,
1767173151,663340576,781_1767173151-663340576.png,331358,-315551,67750,-68100,3.172468597,-3.021130132,983.43,445.12,36,-25,549,-61,-18,49,30.64456176,-50.77322827,464.3312577,-90.71387065,44.17195626,52.36972265,-87.17830929,120.5697198,0.91036014,-0.814305885,-14,-19.35543824,,,,,,,
1767173151,696688232,782_1767173151-696688232.png,334030,-318273,68750,-67800,3.198050705,-3.047190947,991.95,449.04,23,-108,593,-77,-89,68,29.80681547,-57.79366355,487.5780659,-87.1536336,21.44367151,54.47921162,-85.00972763,129.3186941,0.903778071,-0.814305885,-27,-20.19318453,,,,,,,
1767173151,763384277,783_1767173151-763384277.png,337573,-321766,68300,-68900,3.23197189,-3.080633425,1008.42,459.45,-66,-198,313,-126,24,57,16.7724254,-86.0720519,483.0067578,-99.02834326,12.4385762,56.10668452,-80.49482554,119.9948421,0.893637219,-0.814305885,-116,-33.2275746,,,,,,,
1767173151,796732666,784_1767173151-796732666.png,339208,-323529,68750,-68150,3.247625613,-3.097512638,1023.9,463.17,-33,-50,341,-84,52,52,6.388823521,-87.83067242,456.9535547,-98.69932977,18.53135248,55.52985506,-76.93251747,100.8052168,0.888447318,-0.814305885,-83,-43.61117648,,,,,,,
1767173151,830080322,785_1767173151-830080322.png,343424,-327613,67000,-67500,3.287990196,-3.136613434,1034.72,466.8,-68,4,326,-84,65,63,-4.489933977,-74.40118706,437.8026676,-96.54967292,25.32701242,56.62230271,-76.24520034,91.84804273,0.879621868,-0.814305885,-118,-54.48993398,,,,,,,
1767173151,863428955,786_1767173151-863428955.png,344987,-329202,25000,-25300,3.30295458,-3.151826746,1055.53,474.5,19,-19,314,-104,58,70,-6.403934459,-59.13304083,412.1650458,-98.65270048,30.97098809,59.42849751,-70.68899721,72.76717424,0.870579038,-0.814305885,-31,-56.40393446,,,,,,,
1767173151,930125000,787_1767173151-930125000.png,344680,-328854,-6000,4950,3.300015319,-3.148494945,1076.09,483,136,-35,308,2,49,43,15.93878215,-49.57824022,389.2044614,-87.63429126,35.64528708,59.28148778,-62.50379306,58.94761205,0.863189698,-0.814305885,86,-34.06121785,,,,,,,
1767173151,963472412,788_1767173151-963472412.png,343818,-327917,-24150,23350,3.291762408,-3.139523974,1084.21,485.82,30,-149,163,-11,91,33,30.19117882,-54.04532208,366.2847236,-72.94070395,40.52715476,55.56274035,-52.35157871,20.43882775,0.855663805,-0.814305885,-20,-19.80882118,,,,,,,
1767173151,996821045,789_1767173151-996821045.png,341919,-326063,-39050,39150,3.273581112,-3.121773514,1089.07,489.43,100,-232,115,-37,116,35,38.47507585,-80.31656943,325.4507219,-65.32547424,52.22003083,51.90115267,-47.04175514,23.55136371,0.846066105,-0.814305885,50,-11.52492415,,,,,,,
1767173152,63516846,790_1767173152-63516846.png,339322,-323500,-63050,63800,3.248717065,-3.097234988,1085.56,505.27,150,-39,260,-70,63,66,61.56317871,-91.80407127,301.5831279,-66.6308503,59.51724946,52.5641205,-37.96662337,38.41636658,0.838237277,-0.814305885,100,11.56317871,,,,,,,
1767173152,96864258,791_1767173152-96864258.png,336254,-320418,-68500,68100,3.219343597,-3.067727482,1074.28,515.12,5,105,384,-117,85,58,61.89561286,-64.20995613,308.0590717,-72.88407067,62.82269262,54.28149609,-43.70153934,34.79658556,0.830275823,-0.882309075,-45,11.89561286,,,,,,,
1767173152,163559814,792_1767173152-163559814.png,332626,-316821,-68200,67700,3.184608609,-3.033289292,1034.31,538.59,77,-56,373,-79,94,77,69.23598704,-50.85174308,329.0161448,-76.2595775,75.24790025,58.82100589,-48.0010379,67.42763186,0.818087733,-0.891489459,27,19.23598704,,,,,,,
1767173152,196908203,793_1767173152-196908203.png,329689,-313820,-68150,67750,3.156489354,-3.004557292,1009.53,552.04,90,-62,497,-55,40,62,72.47888056,-52.61889792,354.7512685,-73.22336394,70.59151432,59.7690091,-55.48158613,63.60366321,0.809800309,-0.898758717,40,22.47888056,,,,,,,
1767173152,230255615,794_1767173152-230255615.png,326831,-311015,-67950,68800,3.129126455,-2.977701823,967.61,590.02,215,-65,534,-75,58,30,88.69785795,-55.7637369,388.6962679,-70.96783028,64.11018805,55.5053078,-66.02194244,56.81589317,0.80138472,-0.905277204,165,38.69785795,,,,,,,
1767173152,263604004,795_1767173152-263604004.png,324362,-308558,-68750,68200,3.105487898,-2.954178156,944.07,598.77,102,-27,397,-91,100,33,100.4023387,-52.27094575,401.1379925,-74.20893027,68.88665592,50.2433388,-72.28578869,56.139853,0.790687068,-0.905277204,52,50.40233873,,,,,,,
1767173152,330299561,796_1767173152-330299561.png,320483,-304674,-68150,67800,3.068349801,-2.916992188,909.31,609.2,18,95,577,-127,62,58,86.37394799,-37.30529497,401.6007198,-82.76942609,75.89326061,49.03794365,-81.90348798,21.50991726,0.781988119,-0.905277204,-32,36.37394799,,,,,,,
1767173152,363646973,797_1767173152-363646973.png,317893,-302069,-67900,68750,3.043552773,-2.892051547,896.15,611.83,33,193,569,-112,101,60,74.579541,0.609489547,435.4782031,-89.76982712,77.76828004,51.05511253,-114.0799824,54.22808361,0.773165399,-0.905277204,-17,24.579541,,,,,,,
1767173152,396995117,798_1767173152-396995117.png,314814,-298923,-67850,68750,3.014073989,-2.862591912,869.22,612.55,243,-71,225,-57,91,68,105.0235365,7.781813174,422.2368275,-85.95423932,83.06182557,54.21377777,-83.72548881,41.54265833,0.761965142,-0.905277204,193,55.02353645,,,,,,,
1767173152,463690918,799_1767173152-463690918.png,310241,-294432,-67900,68800,2.970291437,-2.818933824,840.97,612.69,6,-77,395,-129,65,68,94.24800876,-21.02621409,382.4144371,-93.61801704,79.60192317,59.14511507,-131.7454094,89.26711106,0.748276428,-0.905277204,-44,44.24800876,,,,,,,
1767173152,497038086,800_1767173152-497038086.png,308191,-292386,-68150,67800,2.950664445,-2.799345129,826.44,613.16,-43,55,422,-63,39,65,89.97592716,-18.65976671,383.6466062,-92.66497832,78.3381181,59.32735848,-76.34812906,56.04728794,0.739002369,-0.905277204,-93,39.97592716,,,,,,,
1767173152,563733643,801_1767173152-563733643.png,304914,-289108,-68100,67850,2.919289982,-2.767961091,811.5,614.38,-99,108,273,15,-7,47,48.85094534,7.335080027,371.3559314,-73.91070246,61.86774023,58.10000381,-107.3746141,62.37423873,0.727245511,-0.905277204,-149,-1.149054664,,,,,,,
1767173152,597082031,802_1767173152-597082031.png,302189,-286376,-67900,68750,2.893200444,-2.741804534,781.3,617.58,130,-147,431,113,-74,3,60.71833139,-15.23516412,380.078389,-46.57653975,41.9981936,50.04207856,-99.48598757,50.4104197,0.72010491,-0.905277204,80,10.71833139,,,,,,,
1767173152,630429443,803_1767173152-630429443.png,299459,-283631,-68750,68200,2.867063036,-2.715523514,766.82,620.02,114,-53,177,82,120,14,72.80822896,-39.07015809,360.4835212,-14.86828659,44.99411698,37.80607779,-108.3592232,68.76753259,0.710484507,-0.912376456,64,22.80822896,,,,,,,
1767173152,697125000,804_1767173152-697125000.png,296177,-280357,-68100,67800,2.835640702,-2.684177773,752.71,622.77,-238,141,506,15,119,83,30.53788349,-13.81270423,367.5866581,-3.015446393,61.61244928,42.57586451,-190.1141155,87.02391291,0.698301144,-0.913108709,-288,-19.46211651,,,,,,,
1767173152,730473145,805_1767173152-730473145.png,293379,-277352,-67850,68850,2.808852252,-2.655407475,726.13,628.93,-176,-126,687,2,6,50,-23.92650053,-22.36112147,405.6139629,-8.608973053,63.74864446,49.12937081,-195.5362191,93.2835176,0.685945142,-0.914007991,-226,-73.92650053,,,,,,,
1767173152,763820557,806_1767173152-763820557.png,290575,-274771,-68700,68150,2.782006357,-2.630696615,713.87,632.37,42,-63,494,-20,-89,20,-28.22151477,-35.45483389,438.5561317,-9.11630661,40.99457001,45.73784536,-124.6998244,55.7195847,0.675938048,-0.888197901,-8,-78.22151477,,,,,,,
1767173152,830516113,807_1767173152-830516113.png,287107,-271275,-68700,68100,2.748803232,-2.597225414,691,636,8,91,384,-92,-31,33,1.808109834,-29.04630725,437.6399622,-17.76923521,19.82146888,40.74850262,-157.7221527,54.70724392,0.665824095,-0.900577143,-42,-48.19189017,,,,,,,
1767173152,863864258,808_1767173152-863864258.png,284434,-268626,-68100,67900,2.72321155,-2.571863511,680.15,637.35,115,-17,601,35,-170,6,12.72149522,-14.98382952,446.6283029,-21.01482281,-2.849865313,36.76632802,-157.7221527,54.70724392,0.655604747,-0.900577143,65,-37.27850478,,,,,,,
1767173152,897211426,809_1767173152-897211426.png,281358,-265554,-67950,68800,2.693761489,-2.542451746,669.81,637.52,253,-39,596,-7,-167,1,53.21170083,-18.60148868,476.5497621,-16.03444989,-35.60114635,29.9260324,-165.7058503,64.41769123,0.64268482,-0.900577143,203,3.21170083,,,,,,,
1767173152,930559814,810_1767173152-930559814.png,278915,-263086,-68750,68050,2.67037186,-2.518822763,651.33,634.95,86,25,243,-109,74,20,62.42030576,-12.05825942,464.2430833,-32.24212318,-24.73657536,28.77740915,-160.1984165,48.72734046,0.632234376,-0.900577143,36,12.42030576,,,,,,,
1767173152,963906982,811_1767173152-963906982.png,276242,-260220,-68050,67950,2.644780178,-2.491383272,643.26,632.73,17,69,415,-87,86,43,60.85762811,-0.717657681,435.878803,-45.49239556,-4.044997064,29.11611699,-160.6283144,32.9667778,0.621683931,-0.900577143,-33,10.85762811,,,,,,,
1767173153,30602539,812_1767173153-30602539.png,272080,-256195,-68100,67850,2.604932598,-2.45284735,621.7,619.3,-53,-185,529,-50,87,58,52.41068,-25.89599194,447.2387198,-51.8030057,29.50970594,34.58196659,-157.9456086,11.68082619,0.611035081,-0.900577143,-103,2.410679997,,,,,,,
1767173153,63950928,813_1767173153-63950928.png,269686,-253867,-67950,68850,2.582012102,-2.430558747,621.7,619.3,-53,-185,529,-50,87,58,49.12959031,-30.84837931,449.7836811,-51.74688403,31.29919075,35.31089338,-155.7637144,20.4779458,0.597588315,-0.900577143,-103,-0.870409694,,,,,,,
1767173153,130646729,814_1767173153-130646729.png,266489,-250661,-68850,68100,2.551403569,-2.399864047,615.31,615.19,109,-260,603,-80,141,69,53.4417383,-62.30279678,470.1606097,-55.05581761,45.86090086,39.93593686,-157.3065414,-0.080954552,0.583993743,-0.900577143,59,3.4417383,,,,,,,
1767173153,163993896,815_1767173153-163993896.png,263618,-247791,-68050,67800,2.523916207,-2.372386259,603.22,607.59,29,-164,461,-91,-47,52,69.42530588,-86.23931136,488.2967529,-63.78784221,44.70773632,42.62421919,-154.7040356,3.232473373,0.573013996,-0.900577143,-21,19.42530588,,,,,,,
1767173153,197342285,816_1767173153-197342285.png,260273,-244452,-67850,68800,2.491890702,-2.340418199,596.96,603.3,-82,80,392,-70,-45,71,45.16545085,-65.99678216,472.7859132,-66.1201199,26.79036109,47.26450686,-156.6179255,9.76146245,0.55916203,-0.837314431,-132,-4.834549148,,,,,,,
1767173153,264038086,817_1767173153-264038086.png,257536,-241648,-68700,68800,2.465686275,-2.313572304,587.31,599.9,136,-143,168,93,70,0,79.6995766,-73.76432664,448.422281,-37.20548221,14.23608445,41.75465421,-158.4131064,-7.69564867,0.547980781,-0.820794523,86,29.6995766,,,,,,,
1767173153,297385254,818_1767173153-297385254.png,255696,-239812,-68150,67800,2.448069853,-2.295994179,587.31,598.39,67,-70,185,67,145,-6,80.78813019,-76.83638845,395.2266102,-15.15364276,36.27693003,32.5862303,-158.1247111,-14.93535399,0.536712813,-0.80730216,17,30.78813019,,,,,,,
1767173153,330733643,819_1767173153-330733643.png,250989,-235174,-68200,67800,2.403004366,-2.251589308,572.45,594.84,-102,-60,305,-87,21,16,58.15500917,-48.6001081,377.3211582,-20.70452552,43.90191249,29.81008471,-156.4164839,-23.96216679,0.522508644,-0.798425007,-152,8.155009172,,,,,,,
1767173153,397429199,820_1767173153-397429199.png,247233,-231339,-68150,67800,2.367043888,-2.214872472,557.05,590.13,-384,369,212,-205,259,57,-31.87873987,19.89511912,340.2558212,-62.751598,82.87950589,33.84433536,-153.6266932,-18.33160329,0.505293438,-0.790088782,-434,-81.87873987,,,,,,,
1767173153,430776611,821_1767173153-430776611.png,244355,-228475,-68050,68850,2.339489507,-2.187452129,549.33,587.8,-264,385,64,-200,267,68,-93.03238671,100.2634632,289.9455564,-93.81434668,123.4141538,40.62852091,-150.9793794,-23.01158381,0.493716344,-0.787395691,-314,-143.0323867,,,,,,,
1767173153,497472168,822_1767173153-497472168.png,240469,-224591,-68000,68700,2.30228439,-2.150266161,534.22,582.11,164,-110,330,-35,60,20,-36.71606048,66.87108872,300.3816949,-86.2060087,107.578888,36.03472014,-143.8781413,-26.29076552,0.476204795,-0.781413877,114,-86.71606048,,,,,,,
1767173153,530820557,823_1767173153-530820557.png,237391,-221527,-68650,68300,2.272815181,-2.12093099,526.89,578.45,180,-96,516,-34,109,20,0.310861232,38.35222704,332.7012074,-77.21052229,106.5223194,33.2636555,-140.8747005,-24.05430198,0.464435853,-0.781413877,130,-49.68913877,,,,,,,
1767173153,597516113,824_1767173153-597516113.png,234322,-218447,-68100,68250,2.243432138,-2.091442632,514.94,573.19,94,-4,475,-66,128,38,17.79316582,22.3687621,357.9891146,-69.78362038,108.5296641,33.12521887,-139.7926826,-22.9746151,0.449621553,-0.781413877,44,-32.20683418,,,,,,,
1767173153,664211670,825_1767173153-664211670.png,229199,-213400,-68650,68200,2.194383808,-2.043121936,499.1,560.74,-83,17,400,-76,126,58,-3.341465656,14.34155397,347.2135362,-68.08200388,115.9684808,35.98157745,-126.5328649,-21.47322702,0.428695632,-0.781413877,-133,-53.34146566,,,,,,,
1767173153,697558838,826_1767173153-697558838.png,226820,-210997,-68100,67850,2.171606924,-2.020115273,499.1,560.74,-83,17,400,-76,126,58,-8.223305885,14.50447574,350.4485327,-68.56725498,116.5832583,37.33096734,-114.6500192,-21.02573371,0.416644029,-0.781413877,-133,-58.22330589,,,,,,,
1767173153,730907227,827_1767173153-730907227.png,224699,-208743,-67950,68750,2.151300169,-1.998535156,486.14,551.92,-39,-74,387,-48,158,68,-19.49299878,15.92883575,379.2939082,-64.02106483,114.2475393,42.91446264,-114.7391159,-20.02442622,0.407561984,-0.781413877,-89,-69.49299878,,,,,,,
1767173153,764254395,828_1767173153-764254395.png,222105,-206300,-68150,67750,2.126464844,-1.975145527,480.29,547.31,100,196,505,-79,100,76,-14.34557365,16.93448467,387.8572293,-63.15218218,118.2541817,47.73993477,-122.9273072,-43.34852862,0.395396298,-0.781413877,50,-64.34557365,,,,,,,
1767173153,830949951,829_1767173153-830949951.png,218419,-202467,-68200,67750,2.091174556,-1.93844784,474.82,542.64,-7,197,573,-102,58,71,-4.436055969,57.10368184,423.9842686,-70.05789192,108.0320305,53.32513628,-120.0853704,-41.39907408,0.380101431,-0.781413877,-57,-54.43605597,,,,,,,
1767173153,864298096,830_1767173153-864298096.png,215426,-199531,-67900,68700,2.062519148,-1.910338159,465.06,531.67,85,28,582,-25,8,14,-3.150806047,79.46702596,466.6174266,-67.15131088,87.6201483,51.41959492,-103.9532892,-13.05553818,0.364712621,-0.781413877,35,-53.15080605,,,,,,,
1767173153,897645508,831_1767173153-897645508.png,212480,-196665,-68700,68100,2.034313725,-1.882898667,459.91,527.75,109,-142,427,-6,76,-15,20.06159531,43.10251398,469.7391165,-54.95147148,79.76868343,38.81492366,-100.9498484,-9.479173899,0.352336445,-0.698430158,59,-29.93840469,,,,,,,
1767173153,964341064,832_1767173153-964341064.png,209747,-193870,-68100,68250,2.008147595,-1.85613894,448.81,520.35,9,18,273,-14,126,17,32.60232819,13.5436007,449.7666357,-45.74903344,89.31680677,31.64438917,-98.97926652,-1.509121656,0.339904543,-0.6980341,-41,-17.39767181,,,,,,,
1767173153,997689209,833_1767173153-997689209.png,206066,-190182,-68050,67800,1.972905178,-1.820829504,443.21,515.66,64,6,380,-50,80,23,34.79981083,12.89245847,421.6330016,-43.15014774,91.67536548,28.89472203,-96.54430401,7.923343897,0.324289264,-0.692829968,14,-15.20018917,,,,,,,
1767173154,64385498,834_1767173154-64385498.png,202714,-186911,-68100,67850,1.940812653,-1.789512485,432.15,510.06,-228,131,345,-26,-35,26,-3.380277389,36.20708996,409.71115,-39.19562724,69.95417922,26.26074245,-95.93257618,9.919080973,0.308593791,-0.692829968,-278,-53.38027739,,,,,,,
1767173154,97733154,835_1767173154-97733154.png,199109,-183214,-67950,68950,1.906297871,-1.754116881,421.87,503.82,-30,2,312,-56,-6,30,-31.31408419,27.1903733,392.2312595,-47.62956457,58.74743355,29.43784431,-114.5702089,-17.7188971,0.289658882,-0.692829968,-80,-81.31408419,,,,,,,
1767173154,131082031,836_1767173154-131082031.png,196498,-180700,-68700,68100,1.881299786,-1.730047488,416.91,499.14,-19,-2,291,-7,-39,17,-30.05761334,21.82645603,374.399638,-44.85694952,42.90429843,28.37291978,-111.8873732,-7.924338818,0.280152363,-0.692829968,-69,-80.05761334,,,,,,,
1767173154,197778564,837_1767173154-197778564.png,193360,-177558,-68050,67900,1.851256127,-1.699965533,412.09,494.29,-26,4,412,-3,10,12,-28.88566172,17.97282956,375.5347298,-36.75495326,33.80689935,25.38345771,-88.27195138,36.1569767,0.264253125,-0.692829968,-76,-78.88566172,,,,,,,
1767173154,231126221,838_1767173154-231126221.png,190500,-174689,-68000,67850,1.823874081,-1.672497319,405.86,486.87,35,-35,345,-45,34,22,-23.93782485,5.559383786,363.173334,-34.63758866,39.36617245,23.80691172,-88.14967075,40.98397231,0.251486513,-0.692829968,-15,-73.93782485,,,,,,,
1767173154,264475098,839_1767173154-264475098.png,188239,-172228,-68900,68100,1.802226945,-1.648935355,402.56,482.43,10,4,446,-81,7,34,-13.73495862,1.127672356,371.1115602,-41.23097381,34.9588176,24.82880909,-88.66899002,46.33555102,0.23868012,-0.692829968,-40,-63.73495862,,,,,,,
1767173154,297822754,840_1767173154-297822754.png,186403,-170527,-68000,67850,1.78464882,-1.63264974,397.48,478.61,-24,46,434,-69,-4,29,-14.60538764,7.766214799,382.2986184,-46.34881686,28.51841174,25.68253332,-88.66899002,46.33555102,0.225835961,-0.692829968,-74,-64.60538764,,,,,,,
1767173154,364519287,841_1767173154-364519287.png,181696,-165871,-68150,67800,1.739583333,-1.588072534,390.7,468.85,35,91,143,2,31,24,-10.8334332,19.5864821,368.9808867,-43.5227507,25.08287992,26.76954046,-77.55392125,80.6751821,0.209730744,-0.692829968,-15,-60.8334332,,,,,,,
1767173154,397867920,842_1767173154-397867920.png,178818,-163011,-67900,68850,1.712028952,-1.560690487,386.98,464.84,82,175,152,21,45,34,5.14080449,46.05095244,325.4253847,-31.70497455,28.30519279,27.68202758,-77.07785153,84.02959085,0.196809053,-0.621461164,32,-44.85919551,,,,,,,
1767173154,431215820,843_1767173154-431215820.png,176376,-160481,-68800,68200,1.688648897,-1.536467907,383.33,460.66,-25,235,188,-16,60,46,0.732958159,73.68320646,305.3280453,-29.40825037,32.94029932,30.36088135,-74.94050565,90.928267,0.183856219,-0.611744753,-75,-49.26704184,,,,,,,
1767173154,497912354,844_1767173154-497912354.png,172953,-157009,-68100,68100,1.655876608,-1.503226486,375.74,451.69,-63,-109,333,-75,9,25,-25.74830911,46.21983766,286.2796921,-42.24679796,32.29429292,31.22382763,-72.86933288,97.92681599,0.167624519,-0.613514675,-113,-75.74830911,,,,,,,
1767173154,531260986,845_1767173154-531260986.png,170160,-154340,-67950,68850,1.629136029,-1.4776731,371.93,448.69,21,-145,360,-28,-5,11,-19.90170344,14.13057862,298.3022628,-41.03372669,26.22126854,28.10086177,-64.7904343,100.2383633,0.154609118,-0.62002245,-29,-69.90170344,,,,,,,
1767173154,564608887,846_1767173154-564608887.png,166879,-150935,-68000,68700,1.597723269,-1.445073146,363.63,443.71,76,-80,314,-13,95,-5,-10.83956017,-5.575398477,277.834535,-29.5800193,39.6481074,20.67564788,-58.41255471,119.0309331,0.13830572,-0.610291963,26,-60.83956017,,,,,,,
1767173154,631305420,847_1767173154-631305420.png,163599,-147727,-68850,68200,1.566320083,-1.414359298,355.36,438.35,-45,-186,430,-91,49,25,-7.34415427,-36.67063815,295.8799816,-36.0279314,49.5750225,19.98565151,-54.21494585,138.1049237,0.125238188,-0.596181451,-95,-57.34415427,,,,,,,
1767173154,664654053,848_1767173154-664654053.png,160523,-144722,-68850,68200,1.540240119,-1.387561275,350.91,436.47,-31,-104,493,-95,62,33,-9.89416441,-45.16016577,311.8792718,-41.24824676,50.31968042,20.92974541,-50.94824129,144.4360299,0.108876151,-0.596181451,-81,-59.89416441,,,,,,,
1767173154,731350586,849_1767173154-731350586.png,156495,-140625,-68050,68100,1.498305377,-1.346363741,337.84,429.77,14,148,464,-37,-21,38,9.289232983,-26.05683113,421.5776313,-60.69895542,29.68848207,25.26122423,-50.69900441,146.3344734,0.092487199,-0.596181451,-36,-40.71076702,,,,,,,
1767173154,764698486,850_1767173154-764698486.png,153851,-138023,-67900,68800,1.472991345,-1.321451823,337.84,429.77,14,148,464,-37,-21,38,9.848935087,-5.376552471,426.6179759,-57.88320266,23.6660127,26.77476111,-46.84414497,157.1419456,0.076075385,-0.596181451,-36,-40.15106491,,,,,,,
1767173154,798047119,851_1767173154-798047119.png,152192,-136313,-68900,68250,1.457107843,-1.30508004,333.74,424.71,-94,178,239,-49,100,35,-5.338122964,21.44076968,399.1803802,-56.58410687,34.8292345,27.97763508,-46.709396,157.8632653,0.06293219,-0.596181451,-144,-55.33812296,,,,,,,
1767173154,864743652,852_1767173154-864743652.png,147773,-131943,-68900,68200,1.414799709,-1.263241039,325.64,416.03,-99,156,336,-52,40,56,-26.13949422,50.45206861,386.1229769,-59.01767891,36.91599771,31.84680216,-45.13396955,165.2294953,0.049779041,-0.596181451,-149,-76.13949422,,,,,,,
1767173154,898091553,853_1767173154-898091553.png,144900,-129078,-68100,67850,1.387293199,-1.235811121,321.57,412.23,-67,95,292,7,69,39,-35.92723233,62.48934111,369.7357155,-48.99595239,41.76938267,34.1566477,-42.02182043,171.4567165,0.033326775,-0.596181451,-117,-85.92723233,,,,,,,
1767173154,931440186,854_1767173154-931440186.png,141954,-126074,-67850,68750,1.359087776,-1.207050398,313.81,402.57,-73,32,252,-59,68,35,-34.37089779,58.46779907,349.1398664,-45.24667042,50.02630633,33.54710709,-44.14065862,175.4373007,0.020158835,-0.596181451,-123,-84.37089779,,,,,,,
1767173154,998136719,855_1767173154-998136719.png,138350,-122534,-67900,68800,1.324582567,-1.173157935,310.06,397.18,-13,-9,343,-59,72,35,-33.26673885,47.21633096,343.1593881,-47.97758715,54.18020292,33.83559938,-39.02376959,188.7924614,0.003694668,-0.537138537,-63,-83.26673885,,,,,,,
1767173155,31484863,856_1767173155-31484863.png,135553,-119722,-68750,68200,1.297803692,-1.146235447,302.31,389.7,77,-40,300,-56,72,31,-27.15886703,35.38948198,334.7267649,-49.84510879,52.22739556,32.99799239,-37.61049646,190.9541278,-0.009477518,-0.527260352,27,-77.15886703,,,,,,,
1767173155,64834717,857_1767173155-64834717.png,132544,-116717,-68100,67850,1.272843903,-1.120911841,298.46,385.39,50,-17,329,-55,62,29,-7.8268352,21.90273163,331.2059944,-51.07454746,55.18435453,32.25893721,-42.64887393,195.950635,-0.025940398,-0.523344428,0,-57.8268352,,,,,,,
1767173155,131533691,858_1767173155-131533691.png,128653,-112838,-68100,67850,1.231742111,-1.080327053,291.01,372.88,35,212,480,-3,83,16,11.67228073,62.02718598,370.1211125,-42.00251689,66.71291397,28.23192831,-36.37827399,206.0741861,-0.042396867,-0.528428683,-15,-38.32771927,,,,,,,
1767173155,198232422,859_1767173155-198232422.png,125248,-109419,-67900,68800,1.199142157,-1.047593061,291.01,365.52,-157,-77,361,-36,78,47,-17.80604766,55.18527244,356.9112509,-30.63994929,79.38182278,29.1824236,-30.03864363,217.9980273,-0.058842852,-0.505658308,-207,-67.80604766,,,,,,,
1767173155,231581299,860_1767173155-231581299.png,122911,-107037,-68750,68300,1.176767387,-1.024787454,286.88,361.81,-333,-114,317,-113,36,65,-57.78971879,28.9928349,353.6356904,-38.53504151,75.34186449,33.89066233,-36.71699718,200.8955579,-0.071989364,-0.505658308,-383,-107.7897188,,,,,,,
1767173155,264931396,861_1767173155-264931396.png,120257,-104230,-68150,67800,1.151357613,-0.997912837,281.93,358.29,-181,-15,-19,-78,63,39,-90.2078271,15.07754042,297.2239056,-48.20264076,71.47851416,36.26557068,-35.60841906,202.4969621,-0.085124482,-0.505658308,-231,-140.2078271,,,,,,,
1767173155,298280273,862_1767173155-298280273.png,116629,-100827,-68200,68000,1.116622626,-0.965332031,271.95,351.12,-88,171,317,34,-25,11,-92.37448334,42.87844947,286.8803528,-37.14487027,64.5452933,31.68251105,-25.52542996,234.8361275,-0.101524195,-0.505658308,-138,-142.3744833,,,,,,,
1767173155,364979248,863_1767173155-364979248.png,113282,-97404,-67950,68750,1.084577972,-0.932559743,262.26,350.42,-125,-55,138,0,-83,19,-101.9855702,42.39426317,250.1161496,-20.13679888,27.43925372,26.26754892,-30.79836804,237.8735797,-0.117898816,-0.505658308,-175,-151.9855702,,,,,,,
1767173155,398329346,864_1767173155-398329346.png,110551,-94749,-68700,68200,1.05843099,-0.907140395,257.46,346.08,-132,-81,69,-39,-20,30,-104.2863489,32.77042453,237.821476,-19.528286,19.40507374,25.95220269,-20.57069427,242.5148721,-0.130977716,-0.505658308,-182,-154.2863489,,,,,,,
1767173155,431678223,865_1767173155-431678223.png,108036,-92215,-68100,67950,1.034352022,-0.882879519,252.53,341.63,-229,-27,188,-75,78,55,-118.5681449,15.06691026,215.0695445,-26.65280238,20.4500081,29.01854283,-29.24203372,211.5571613,-0.144035902,-0.505658308,-279,-168.5681449,,,,,,,
1767173155,465028320,866_1767173155-465028320.png,105160,-89356,-67950,68750,1.006816789,-0.855507047,248.12,338.82,-252,75,240,-33,114,46,-143.8595026,21.63060089,217.2990814,-30.11066064,37.14207295,32.86134956,-30.6924521,232.0981505,-0.157071294,-0.505658308,-302,-193.8595026,,,,,,,
1767173155,531727295,867_1767173155-531727295.png,102092,-86287,-68750,68150,0.977443321,-0.826124004,240.88,333.47,-76,191,233,24,13,6,-148.7804927,55.94767081,219.5930425,-22.66093609,43.74252034,31.50875567,-16.34652525,223.0968432,-0.170081834,-0.505658308,-126,-198.7804927,,,,,,,
1767173155,565076416,868_1767173155-565076416.png,99298,-83420,-68150,67850,0.950693168,-0.798674939,237.4,329.53,-104,74,126,-32,9,3,-136.608087,69.02293969,206.9417577,-20.42128687,36.28628853,25.36856507,-19.97740918,233.8842549,-0.18630691,-0.401793481,-154,-186.608087,,,,,,,
1767173155,598426514,869_1767173155-598426514.png,96218,-80415,-68200,67800,0.92120481,-0.769904642,233.96,325.35,-85,-13,224,-76,28,2,-129.0608261,57.02775509,209.4363862,-28.54921945,35.07448655,21.95110341,-12.30321208,240.1695085,-0.199254018,-0.41978576,-135,-179.0608261,,,,,,,
1767173155,665125732,870_1767173155-665125732.png,93561,-77670,-67900,68850,0.895766314,-0.743623621,232.17,320.74,-22,168,42,-11,46,16,-131.2009015,51.10669742,202.4711239,-33.53821987,37.11743021,21.01999075,-18.37730581,232.0298014,-0.2121696,-0.392355882,-72,-181.2009015,,,,,,,
1767173155,698474854,871_1767173155-698474854.png,90687,-74805,-68750,68150,0.86825023,-0.716193704,228.46,317.85,-34,261,61,27,-2,1,-111.272431,87.91799413,173.3859235,-23.50575037,31.86158146,17.82957368,-20.5293929,225.1488931,-0.225051593,-0.39084551,-84,-161.272431,,,,,,,
1767173155,731824951,872_1767173155-731824951.png,88026,-72155,-68150,67850,0.842773438,-0.690822227,224.55,313.84,-33,157,278,41,-122,-3,-99.82572762,98.02067292,188.6848772,-14.07231155,9.360582606,14.78341875,-21.46075177,220.8868883,-0.237898,-0.37487442,-83,-149.8257276,,,,,,,
1767173155,765174072,873_1767173155-765174072.png,85573,-69759,-68750,68100,0.819288067,-0.667882583,216.89,307.34,50,104,425,-11,-31,19,-75.24958944,106.9384777,235.3854051,-8.597388515,-14.95615186,12.13469462,-3.405819058,229.286236,-0.253902832,-0.361283974,0,-125.2495894,,,,,,,
1767173155,831873535,874_1767173155-831873535.png,81612,-65809,-68850,68100,0.78136489,-0.630064721,213.13,304.75,9,38,210,-12,60,22,-56.37543952,96.70304107,241.5940527,-9.220702592,-4.833876907,13.9366229,-2.007027388,229.9502399,-0.266661687,-0.382009209,-41,-106.3754395,,,,,,,
1767173155,865223633,875_1767173155-865223633.png,78957,-63141,-68050,67850,0.755945542,-0.60452091,205.67,299.75,36,57,103,22,29,22,-34.87557125,89.36856255,205.288372,-2.746834748,4.90446255,16.22411694,-5.654860467,233.1371431,-0.279378348,-0.321970598,-14,-84.87557125,,,,,,,
1767173155,898572998,876_1767173155-898572998.png,76026,-60200,-67900,68800,0.727883732,-0.576363358,202.04,296.77,28,43,286,-1,28,23,-20.20409823,80.08647557,209.1881398,-0.579228704,10.14381726,17.6613271,-25.8136304,222.0781977,-0.295211806,-0.355317853,-22,-70.20409823,,,,,,,
1767173155,965272461,877_1767173155-965272461.png,71376,-55566,-68100,67900,0.683363971,-0.531996783,195.73,295.14,-117,-95,381,1,82,37,-46.32032,39.11352838,272.6212627,-1.774221587,23.7556193,22.52941751,-2.486668766,315.7960219,-0.314115257,-0.336328182,-167,-96.32032,,,,,,,
1767173156,31971191,878_1767173156-31971191.png,67760,-51940,-67900,68800,0.648743873,-0.497280944,190.14,292.18,73,72,480,-73,95,31,-31.82722847,35.91800154,315.3566559,-17.46251571,41.94605956,25.94946327,-25.81973469,241.5393567,-0.332906854,-0.336328182,23,-81.82722847,,,,,,,
1767173156,65319824,879_1767173156-65319824.png,64552,-48743,-67800,68700,0.618030025,-0.466672411,183.92,287.33,82,110,195,-11,63,-8,-24.62470438,53.53804835,326.1538616,-19.88793114,37.64989975,24.04974927,-16.42341334,244.7034769,-0.345369183,-0.336328182,32,-74.62470438,,,,,,,
1767173156,132015869,880_1767173156-132015869.png,60997,-45182,-68850,68100,0.583993949,-0.432578891,177.92,283.77,29,121,352,-10,14,-8,-2.044548691,64.65303358,314.1883952,-18.58083147,37.7545032,14.93608955,-29.32898739,252.9407642,-0.360870012,-0.336328182,-21,-52.04454869,,,,,,,
1767173156,198712158,881_1767173156-198712158.png,55938,-40133,-67850,68700,0.535558364,-0.384239047,172.81,278.9,-89,-13,385,-33,56,9,-13.74636246,76.01496048,338.9880359,-19.39136676,40.07642417,10.20059661,-9.623363614,269.4674962,-0.385484179,-0.336328182,-139,-63.74636246,,,,,,,
1767173156,232059570,882_1767173156-232059570.png,53280,-37474,-68900,68200,0.510110294,-0.358781403,170.34,277.33,20,-101,420,-85,141,31,-15.73837166,47.8842135,352.2828255,-28.27184723,53.33741021,12.57609543,-4.457055807,275.2722998,-0.397700765,-0.336328182,-30,-65.73837166,,,,,,,
1767173156,298755859,883_1767173156-298755859.png,50417,-34533,-68000,67850,0.482699525,-0.330623851,165.55,274.13,-36,-130,234,-70,93,47,-7.685166834,-1.969627562,326.4975964,-42.2446994,77.56541392,20.82805854,-0.85474515,273.5817695,-0.41288278,-0.336328182,-86,-57.68516683,,,,,,,
1767173156,332104492,884_1767173156-332104492.png,47136,-31196,-68100,67800,0.451286765,-0.298674939,163.32,272.27,-51,-89,215,-37,42,40,-11.60532061,-9.846200512,316.4066485,-41.77003456,74.34661146,22.56319067,18.44780064,290.6005578,-0.424955056,-0.336328182,-101,-61.60532061,,,,,,,
1767173156,365451904,885_1767173156-365451904.png,44341,-28519,-67900,68750,0.424527037,-0.27304496,161.29,270.74,-124,-27,144,-69,114,41,-30.10334083,-16.49630564,285.8877646,-45.5026157,78.45314909,26.17175585,20.85133255,290.2911956,-0.43696012,-0.336328182,-174,-80.10334083,,,,,,,
1767173156,432148193,886_1767173156-432148193.png,40720,-24848,-68750,68150,0.389859069,-0.237898284,157.85,268.11,-116,92,332,-82,86,42,-44.03281916,-1.995140739,289.5768493,-56.21753983,84.96153931,28.93229373,-36.31852987,119.4565032,-0.451868995,-0.277182441,-166,-94.03281916,,,,,,,
1767173156,465496582,887_1767173156-465496582.png,37315,-21420,-68800,68150,0.357259115,-0.205078125,154.71,265.79,-16,56,509,-62,35,10,-47.13392216,10.30582965,291.6080497,-53.48829509,81.73830971,26.98877004,-31.40730348,125.6109333,-0.466666151,-0.255361267,-66,-97.13392216,,,,,,,
1767173156,532192871,888_1767173156-532192871.png,33342,-17530,-68800,68200,0.319221048,-0.167834712,153.18,264.34,-134,158,381,-146,126,32,-56.6792169,36.54001506,326.7326716,-67.88078523,83.47018487,25.99831656,6.581709325,290.1789999,-0.484270145,-0.24812052,-184,-106.6792169,,,,,,,
1767173156,598888916,889_1767173156-598888916.png,29871,-14052,-68150,67900,0.2859892,-0.134535846,150.21,263.63,-103,40,269,-140,183,26,-78.47592294,50.71265301,317.9485521,-88.55578316,103.9599494,27.37217964,-30.39321199,204.5823984,-0.498808707,-0.245489622,-153,-128.4759229,,,,,,,
1767173156,632236572,890_1767173156-632236572.png,26802,-10982,-67850,68750,0.256606158,-0.105143229,146.84,262.47,301,-120,588,36,-87,-6,-43.0761388,40.05542831,335.5714969,-81.05777528,97.59659612,25.7139196,24.60417241,307.2651343,-0.513223966,-0.245489622,251,-93.0761388,,,,,,,
1767173156,698932617,891_1767173156-698932617.png,23170,-7292,-67850,68700,0.221832874,-0.069814645,145.56,261.82,217,-184,639,-18,-116,7,29.86022702,-8.946531206,405.5512493,-59.96199777,47.63475117,19.76016885,-2.341659397,259.6434202,-0.527512324,-0.245489622,167,-20.13977298,,,,,,,
1767173156,732281250,892_1767173156-732281250.png,20171,-4367,-68800,68250,0.193120021,-0.041810279,142.66,261.98,15,-3,286,-84,-6,9,33.63621369,-21.90554808,415.9952549,-58.83206399,20.5112832,17.76086568,1.746591747,261.0253048,-0.538849301,-0.245489622,-35,-16.36378631,,,,,,,
1767173156,765628662,893_1767173156-765628662.png,17377,-1570,-68100,67900,0.166369868,-0.015031403,141,262.75,-8,63,245,-50,17,8,26.10726925,-8.028006089,380.9440846,-59.48513033,17.94930507,15.65648169,-69.77010667,211.869246,-0.552900405,-0.245489622,-58,-23.89273075,,,,,,,
1767173156,832324707,894_1767173156-832324707.png,14031,1851,-68000,67850,0.134334789,0.017721737,137.38,265.78,-87,174,219,-16,91,47,13.12051517,20.42856109,350.5724454,-53.87069512,30.25807507,18.72274987,-66.4357354,215.7003791,-0.566814823,-0.245489622,-137,-36.87948483,,,,,,,
1767173156,865673340,895_1767173156-865673340.png,10952,4929,-67950,68850,0.104856005,0.047190947,135.43,266.52,-112,179,245,-19,79,42,-12.91347917,55.48454141,324.9669594,-45.84493688,42.07960824,24.31179239,-99.1393418,221.680999,-0.577845636,-0.245489622,-162,-62.91347917,,,,,,,
1767173156,899020996,896_1767173156-899020996.png,8151,7651,-68800,68200,0.078038833,0.073251762,133.53,268.01,-62,36,402,-54,54,18,-20.09198168,52.63508647,336.2324121,-47.03754821,43.82286812,23.38874433,-95.10596433,224.6442273,-0.588785036,-0.245489622,-112,-70.09198168,,,,,,,
1767173156,932369385,897_1767173156-932369385.png,5838,10042,-68100,67800,0.055893842,0.096143536,129.72,273.32,-76,131,190,-36,156,18,-34.85464395,50.8753405,324.9883245,-46.83035504,55.98275077,21.89072106,-141.3603813,171.0923312,-0.599631292,-0.245489622,-126,-84.85464395,,,,,,,
1767173156,965717041,898_1767173156-965717041.png,2627,13186,-67900,68800,0.025151271,0.126244638,128.05,276.42,-59,154,277,-14,130,12,-42.03122025,71.5167205,305.1538306,-41.79576691,75.24847082,20.3082253,-70.85335848,313.1792679,-0.610382607,-0.245489622,-109,-92.03122025,,,,,,,
1767173157,32413330,899_1767173157-32413330.png,318,15580,-68800,68100,0.003044577,0.149165135,126.64,278.35,-142,210,360,-28,74,24,-57.10177752,93.96073674,312.4264551,-39.0395846,76.5208976,20.62732859,-118.5959885,236.6070433,-0.621037382,-0.138131611,-192,-107.1017775,,,,,,,
1767173157,65762207,900_1767173157-65762207.png,-3386,19190,-68800,68150,-0.032418045,0.183727788,124.31,282.22,-65,-20,384,-85,32,35,-65.65043646,76.73575509,333.8771292,-48.24815152,65.90499432,21.71166379,-105.4313067,342.317631,-0.634217499,-0.138131611,-115,-115.6504365,,,,,,,
1767173157,99110107,901_1767173157-99110107.png,-5824,21654,-67900,68800,-0.055759804,0.207318474,123.44,284.46,-37,20,304,-85,30,15,-61.42651199,63.37718557,332.1303829,-55.54574713,58.88019792,21.425413,-265.6991287,241.1061924,-0.644648835,-0.138131611,-87,-111.426512,,,,,,,
1767173157,132458984,902_1767173157-132458984.png,-8501,24378,-68750,68200,-0.081389782,0.233398438,122.76,287.59,16,44,235,-84,90,-15,-50.10351738,60.54343054,317.9258582,-59.70694907,63.43121464,16.09849403,-140.0527643,327.2846928,-0.652405558,-0.138131611,-34,-100.1035174,,,,,,,
1767173157,199156006,903_1767173157-199156006.png,-11969,27800,-68800,68100,-0.114592907,0.266161152,122.21,291.6,-264,125,522,-84,-37,10,-90.48563156,77.89255689,322.0591286,-62.92163269,41.07396643,9.825569952,-102.7801614,268.9378979,-0.667743967,-0.138131611,-314,-140.4856316,,,,,,,
1767173157,232503906,904_1767173157-232503906.png,-14981,30806,-68150,67850,-0.143430224,0.294941023,122.18,293.77,-79,325,591,-60,5,9,-88.80595181,114.030001,361.3895331,-62.49436779,35.79844365,9.704837093,-185.0455413,306.5071325,-0.677837881,-0.138131611,-129,-138.8059518,,,,,,,
1767173157,299200684,905_1767173157-299200684.png,-17721,33667,-67950,68800,-0.169663373,0.322332644,122.38,303.34,114,-144,489,6,-58,-4,-30.75086531,89.763502,425.750511,-45.04199237,18.72015273,5.78588076,-150.0449683,318.2078719,-0.690304271,-0.138131611,64,-80.75086531,,,,,,,
1767173157,332549561,906_1767173157-332549561.png,-21128,36950,-67900,68800,-0.202282475,0.353764553,122.71,305.43,-24,55,304,36,-48,24,-17.84801584,68.18349168,427.506951,-38.04371937,9.91604014,5.494735707,-130.8602873,324.8735592,-0.700154638,-0.138131611,-74,-67.84801584,,,,,,,
1767173157,365897461,907_1767173157-365897461.png,-24127,40019,-68700,68150,-0.230995328,0.383147595,123.31,307.74,40,219,213,-6,-7,20,-13.27734024,80.40833528,394.7470724,-27.14245558,2.126649812,8.807200898,-140.5163657,296.4172544,-0.712311702,-0.06397886,-10,-63.27734024,,,,,,,
1767173157,432594482,908_1767173157-432594482.png,-28033,43841,-68800,68350,-0.268391927,0.419739966,125.04,311.49,9,290,334,-19,100,-5,-3.75114196,112.8865241,363.1336187,-21.97141143,4.834209193,8.972148796,-187.8796855,345.313386,-0.724292598,-0.111023582,-41,-53.75114196,,,,,,,
1767173157,465943359,909_1767173157-465943359.png,-30893,46696,-68100,67800,-0.295773974,0.447074142,126.15,312.93,-46,260,532,-29,130,-3,-8.636243291,152.3666841,384.8736942,-22.69787137,32.79209978,5.804014646,-187.8796855,345.313386,-0.733748551,-0.067397592,-96,-58.63624329,,,,,,,
1767173157,499291260,910_1767173157-499291260.png,-33552,49371,-67850,68950,-0.321231618,0.472684972,127.44,313.72,-7,128,472,-78,155,6,-8.396956082,148.8032557,397.6152044,-30.78535573,50.66400644,5.832675903,-190.3653006,367.4083505,-0.74308839,-0.030766477,-57,-58.39695608,,,,,,,
1767173157,565988037,911_1767173157-565988037.png,-36158,52030,-68850,68150,-0.346181832,0.498142616,129.82,314.84,-228,87,281,-118,46,10,-25.66128097,128.2043459,400.6992966,-37.49778958,49.85798905,3.293993032,-189.9854059,368.3718295,-0.752310717,-0.030766477,-278,-75.66128097,,,,,,,
1767173157,599337158,912_1767173157-599337158.png,-40254,56128,-68800,68200,-0.385397518,0.537377451,129.82,315.23,-218,44,293,-131,-36,40,-74.31405856,111.7104667,372.8071111,-59.33769772,36.91061357,9.342189738,-260.0469454,359.2116141,-0.765920469,-0.030766477,-268,-124.3140586,,,,,,,
1767173157,666033936,913_1767173157-666033936.png,-42758,58652,-67900,68850,-0.40937117,0.561542586,133.02,315.49,-92,-107,184,-62,4,27,-85.84841015,76.52612235,353.3509044,-65.38601151,22.63842563,14.88496585,-258.1813054,360.301188,-0.774842525,-0.030766477,-142,-135.8484102,,,,,,,
1767173157,699381836,914_1767173157-699381836.png,-45972,61986,-67850,68800,-0.440142463,0.593462776,134.29,316.07,-22,-54,142,-15,224,-16,-76.83296678,47.83525037,313.5817474,-57.84030549,51.11070653,11.00217743,-318.3496083,369.9143417,-0.785822472,-0.030766477,-72,-126.8329668,,,,,,,
1767173157,732730713,915_1767173157-732730713.png,-48835,64666,-68900,68200,-0.467553232,0.619121477,136.23,317.62,13,78,120,18,80,-20,-62.56463561,37.76318845,278.3008005,-43.4675451,68.65311481,3.47346516,-467.034669,358.8969502,-0.794466693,-0.030766477,-37,-112.5646356,,,,,,,
1767173157,799427734,916_1767173157-799427734.png,-50950,66778,-67800,68750,-0.487802543,0.639342065,136.96,319.32,16,-6,232,-64,35,-3,-45.23644913,34.47220964,259.2980538,-41.7207564,64.60837628,0.713019144,-463.8601132,368.1386974,-0.802985213,-0.030766477,-34,-95.23644913,,,,,,,
1767173157,832775635,917_1767173157-832775635.png,-54719,70532,-67900,68750,-0.523887485,0.675283395,137.38,320.55,101,-50,134,-92,127,16,-23.85056356,22.11883933,240.9742375,-49.07368487,73.73264135,2.948615162,-420.2505425,366.6549339,-0.811376701,-0.030766477,51,-73.85056356,,,,,,,
1767173157,866124512,918_1767173157-866124512.png,-57312,73118,-68800,68150,-0.548713235,0.700042126,137.87,323.73,-14,-55,291,-97,130,22,-25.83215812,6.382702791,250.0445854,-59.48149116,83.59826065,8.082976693,-427.7332986,377.2378714,-0.819639757,-0.030766477,-64,-75.83215812,,,,,,,
1767173157,899472412,919_1767173157-899472412.png,-60519,76324,-68000,67850,-0.579417509,0.730736826,138.11,325.26,-17,-104,275,-74,79,-3,-23.34029808,-15.98639697,257.8485415,-65.41050263,87.63269693,7.873895345,-457.2900783,372.3194571,-0.829786135,-0.002039865,-67,-73.34029808,,,,,,,
1767173157,966169189,920_1767173157-966169189.png,-63527,79396,-68100,67850,-0.608216529,0.760148591,139.15,328.89,-7,0,247,6,92,-9,-17.82431836,-25.12562638,261.0745669,-61.28759585,84.27843495,6.091325737,-464.1583143,386.4864964,-0.837755644,-0.004159364,-57,-67.82431836,,,,,,,
1767173157,999518311,921_1767173157-999518311.png,-67264,83094,-67900,68800,-0.643995098,0.795553768,139.61,330.89,108,48,431,2,156,-22,1.674455871,-11.88291073,284.4970785,-45.20679073,95.55038692,0.452366752,-424.7487552,390.9651551,-0.847530977,0.018077909,58,-48.32554413,,,,,,,
1767173158,32866455,922_1767173158-32866455.png,-69873,85674,-68800,68250,-0.668974035,0.820255055,140.92,333.98,-69,-56,391,-22,-5,-3,4.338170626,1.321327395,316.2213845,-40.06275537,99.99384713,-1.844536853,-424.4761401,359.8092749,-0.855200481,-0.01627731,-119,-45.66182937,,,,,,,
1767173158,99564453,923_1767173158-99564453.png,-73153,89037,-68800,68250,-0.700377221,0.852452895,141.66,336.36,-85,-46,407,-28,-18,4,-16.16607567,-11.41358425,337.0823998,-36.46642827,72.08785744,-1.107028841,-438.0327303,392.9134634,-0.864596979,-0.017461596,-135,-66.16607567,,,,,,,
1767173158,132913818,924_1767173158-132913818.png,-75949,91753,-68150,67950,-0.727146523,0.878456265,142.37,338.98,17,-78,230,-50,36,18,-11.31580815,-21.15130338,321.4224739,-38.44560253,66.81030322,1.687217975,-495.0701815,393.3146741,-0.871960353,-7.86E-05,-33,-61.31580815,,,,,,,
1767173158,166262207,925_1767173158-166262207.png,-78606,94425,-67800,68700,-0.752585018,0.904038373,144.07,342.51,50,-56,225,-32,60,19,-0.80325787,-24.15210954,293.0877487,-39.66507306,62.76100996,5.955819205,-493.9395566,393.1316934,-0.879185842,0.015935421,0,-50.80325787,,,,,,,
1767173158,199611816,926_1767173158-199611816.png,-81345,97159,-68800,68200,-0.778808594,0.930214078,145.15,344.45,-175,91,153,-88,115,34,-18.75662351,-12.19038599,272.7664978,-44.99397047,68.81859715,9.992269775,-452.0116204,392.9181919,-0.886272181,0.054130341,-225,-68.75662351,,,,,,,
1767173158,266309814,927_1767173158-266309814.png,-84143,100084,-68100,68050,-0.805597044,0.958218444,146.41,345.88,-132,214,222,-83,131,23,-39.46966261,23.63036292,262.1595537,-51.69491399,79.13937604,12.53254223,-488.0923281,411.0580778,-0.893218238,0.057179342,-182,-89.46966261,,,,,,,
1767173158,299658203,928_1767173158-299658203.png,-88170,103972,-68150,67900,-0.844152114,0.995442708,148.64,349.68,149,194,105,-24,51,-12,-9.226916662,74.81126372,229.9170508,-46.68400948,71.63573125,9.3777884,-495.5554402,392.1143374,-0.903372072,0.065196996,99,-59.22691666,,,,,,,
1767173158,366356445,929_1767173158-366356445.png,-91773,107602,-68000,68750,-0.878647748,1.030196844,151.26,356.01,17,56,244,5,106,-3,0.036754997,82.16849054,189.7379209,-42.34517796,75.34082333,4.041097933,-515.0445565,414.2115946,-0.911588123,0.100572951,-33,-49.963245,,,,,,,
1767173158,399705811,930_1767173158-399705811.png,-93823,109721,-68800,68200,-0.89827474,1.050484452,151.26,356.01,17,56,244,5,106,-3,2.0522153,79.059324,196.1849814,-36.71993782,78.98354343,3.20452136,-511.1530388,413.3057179,-0.917998752,0.100572951,-33,-47.9477847,,,,,,,
1767173158,433054443,931_1767173158-433054443.png,-96696,112518,-68100,67850,-0.92578125,1.077263327,151.83,359.89,-80,-12,353,-11,81,11,-9.947250616,65.74264204,219.1178963,-32.95860711,79.27843372,4.344546402,-487.7234082,392.4502082,-0.924264171,0.100572951,-130,-59.94725062,,,,,,,
1767173158,499752441,932_1767173158-499752441.png,-100589,116394,-68100,67950,-0.963053385,1.114372702,152.47,362.75,-130,3,134,-99,103,19,-38.62267894,38.49517835,210.6507446,-44.24490623,82.71275504,7.443609568,-528.8587931,413.3168945,-0.931890199,0.100572951,-180,-88.62267894,,,,,,,
1767173158,533102051,933_1767173158-533102051.png,-103250,119068,-67850,68800,-0.988530178,1.139973958,153.19,368.46,-54,-97,237,-53,32,-9,-45.95589749,30.80693976,213.7874334,-50.00862506,84.43379788,7.293988229,-530.1862165,422.1409526,-0.939285798,0.100572951,-104,-95.95589749,,,,,,,
1767173158,566450439,934_1767173158-566450439.png,-106463,122271,-68750,68200,-1.019291896,1.170639936,153.71,374.78,9,-149,300,-65,23,-14,-40.26859353,-3.937500293,226.4609193,-52.10298808,71.64499294,3.058050068,-547.8962568,434.9006019,-0.94503523,0.100572951,-41,-90.26859353,,,,,,,
1767173158,633148682,935_1767173158-633148682.png,-109742,125545,-68100,67850,-1.050685509,1.201985677,155.03,383.37,-233,-143,-6,-11,-58,26,-53.32078903,-34.8219731,212.4102347,-49.29909279,54.93050788,4.458248794,-520.9935772,424.2564797,-0.95201158,0.100572951,-283,-103.320789,,,,,,,
1767173158,666498047,936_1767173158-666498047.png,-112126,128013,-67900,68750,-1.073510263,1.22561466,155.77,387.84,-203,-146,-19,-2,-29,41,-86.28350782,-56.57375065,167.865267,-40.87973656,35.13117771,10.09322189,-505.6947965,414.0188701,-0.957423323,0.100572951,-253,-136.2835078,,,,,,,
1767173158,699846680,937_1767173158-699846680.png,-115134,131018,-68750,68100,-1.102309283,1.254384957,156.44,394.76,-36,-36,190,43,-4,16,-85.03682119,-58.24398724,161.3250861,-26.57873664,26.05307748,12.57415102,-549.9339859,438.4089036,-0.962683532,0.19359417,-86,-135.0368212,,,,,,,
1767173158,766544922,938_1767173158-766544922.png,-118147,133952,-68700,68150,-1.131156173,1.28247549,157.81,405,22,-236,-21,-12,163,-22,-67.24753848,-76.9195312,162.5466412,-25.05111859,34.98403004,11.27492964,-523.7160907,426.2613873,-0.967791475,0.220206167,-28,-117.2475385,,,,,,,
1767173158,799894287,939_1767173158-799894287.png,-120119,135924,-68000,68750,-1.150036382,1.301355699,158.73,408.7,-75,-151,100,-20,152,-31,-58.30504781,-100.8143756,137.0518289,-23.18366553,59.40785761,3.853191554,-501.4826088,407.9395237,-0.972746286,0.187723811,-125,-108.3050478,,,,,,,
1767173158,833242920,940_1767173158-833242920.png,-123663,139674,-67800,68850,-1.183967142,1.337258732,159.88,412.57,-105,-87,114,-19,103,-34,-65.57746629,-100.1278039,132.6960461,-22.48723368,68.24346053,-2.608741446,-528.4583452,431.8680215,-0.977547167,0.203476223,-155,-115.5774663,,,,,,,
1767173158,866592529,941_1767173158-866592529.png,-126127,141930,-68150,67800,-1.207557828,1.358857996,161.11,416.53,-164,78,218,-21,-17,-4,-79.97095749,-74.07806834,145.1710522,-22.26973791,55.77730108,-2.81220164,-525.6509885,429.4022946,-0.982193384,0.200640269,-214,-129.9709575,,,,,,,
1767173158,899941162,942_1767173158-899941162.png,-128917,144864,-68150,67900,-1.234269684,1.386948529,164,425.62,-63,168,147,-20,-5,37,-81.89705178,-39.39010353,155.9543395,-26.55065881,37.80374794,2.362049319,-519.2263851,412.7231026,-0.986684206,0.200640269,-113,-131.8970518,,,,,,,
1767173158,966639404,943_1767173158-966639404.png,-131650,147541,-67850,68800,-1.260435815,1.412578508,165.59,429.47,-12,172,73,15,-53,29,-70.68644357,2.375081196,143.3544344,-20.13146955,22.28485497,8.069966224,-507.7254472,406.2846725,-0.9910189,0.200640269,-62,-120.6864436,,,,,,,
1767173158,999988770,944_1767173158-999988770.png,-134655,150544,-68700,68250,-1.289206112,1.441329657,169.33,437.78,176,88,469,16,80,-31,-44.63265549,10.65475159,176.5359331,-13.03721568,21.49056126,6.277173275,-521.0714393,417.9041667,-0.996216725,0.200640269,126,-94.63265549,,,,,,,
1767173159,33336914,945_1767173159-33336914.png,-137390,153192,-68000,67750,-1.315391391,1.466681985,171.21,444.1,34,166,502,-28,144,-21,-15.20609732,28.80148643,229.1009487,-10.71562666,35.52417271,0.447907506,-501.9553991,402.0660844,-0.999217242,0.200640269,-16,-65.20609732,,,,,,,
1767173159,66685547,946_1767173159-66685547.png,-140114,155928,-67950,68800,-1.341471354,1.492876838,173.12,448.21,13,135,526,-24,109,-8,-7.930616472,52.3609635,286.1404085,-13.67242823,52.90510358,-2.266301911,-473.0924629,392.606967,-1.003079625,0.200640269,-37,-57.93061647,,,,,,,
1767173159,133381836,947_1767173159-133381836.png,-143185,159004,-68750,68150,-1.370873545,1.5223269,175.14,452.65,72,99,419,-35,96,22,4.314807796,61.37764899,311.9442345,-17.06586342,60.698085,1.130075123,-471.1765599,391.1131732,-1.007684297,0.200640269,22,-45.6851922,,,,,,,
1767173159,166729248,948_1767173159-166729248.png,-146052,161877,-68050,67900,-1.39832261,1.54983341,179.64,462.22,-32,-152,281,-50,157,-6,23.33138568,34.8336016,320.0576077,-20.70279721,75.04019241,1.79753991,-466.6757497,393.059762,-1.01118875,0.200640269,-82,-26.66861432,,,,,,,
1767173159,200077881,949_1767173159-200077881.png,-148861,164670,-67850,68850,-1.425216376,1.576573989,182.2,469.75,-161,-151,325,-61,142,-22,-6.520633705,-2.118591856,318.7368116,-28.12882835,89.12083575,-2.09064038,-438.7964809,365.996805,-1.014533215,0.200640269,-211,-56.5206337,,,,,,,
1767173159,233425537,950_1767173159-233425537.png,-151236,167065,-68800,68200,-1.447954963,1.599504059,184.77,477.43,-36,-187,459,-112,134,4,-10.83175011,-29.15598685,339.2491566,-40.39430176,95.68404675,-1.199934,-437.5428934,367.1945624,-1.017717157,0.200640269,-86,-60.83175011,,,,,,,
1767173159,300121582,951_1767173159-300121582.png,-154940,170813,-68850,68150,-1.483417586,1.635387944,195.2,499.87,-23,91,46,-3,42,11,-11.48494075,16.51640466,339.8792885,-51.65681921,63.54746686,8.324730995,-397.5033585,359.4140823,-1.02147055,0.283085204,-73,-61.48494075,,,,,,,
1767173159,333470215,952_1767173159-333470215.png,-158611,174425,-68150,67800,-1.518564262,1.669969746,195.2,499.87,-23,91,46,-3,42,11,-11.84336688,18.83483536,330.7317874,-50.14229157,62.87676469,8.408003368,-392.8466941,345.1379995,-1.024971408,0.289823645,-73,-61.84336688,,,,,,,
1767173159,400166260,953_1767173159-400166260.png,-161403,177302,-67950,68800,-1.545295267,1.697514553,197.78,508.84,1,-45,161,-52,72,-5,-10.82718346,15.07559164,283.9091608,-46.77136174,62.59785127,6.647471614,-388.3682229,340.294239,-1.028218933,0.337277868,-49,-60.82718346,,,,,,,
1767173159,433513916,954_1767173159-433513916.png,-164488,180377,-67900,68800,-1.574831495,1.72695504,202.62,520.89,-36,62,354,-91,20,16,-23.10388264,17.98230728,291.594789,-54.39580136,57.06699222,7.673805205,-285.5102139,351.8761914,-1.030633954,0.326651721,-86,-73.10388264,,,,,,,
1767173159,500209961,955_1767173159-500209961.png,-168112,183911,-68900,68250,-1.609528186,1.760790058,204.87,527.07,-20,100,344,-61,12,3,-23.3247186,32.27982775,302.5238017,-57.2768242,48.53688576,7.425944348,-305.2104477,329.6604338,-1.033423349,0.337774916,-70,-73.3247186,,,,,,,
1767173159,533558594,956_1767173159-533558594.png,-171254,187126,-68900,68200,-1.639610141,1.791570925,212.1,543.09,-37,-4,409,-14,-79,-3,-17.04683264,27.03117437,315.6225626,-46.94463183,24.68056708,4.070451385,-268.2997513,342.205292,-1.03595728,0.332966585,-87,-67.04683264,,,,,,,
1767173159,566906006,957_1767173159-566906006.png,-173565,189455,-67800,68800,-1.661735983,1.813869102,215.58,549.05,-70,-229,371,-76,-83,-8,-23.8856615,-4.239889501,324.7633417,-49.4931776,9.042877998,2.442388804,-213.296912,338.6180377,-1.037354774,0.343509073,-120,-73.8856615,,,,,,,
1767173159,600254639,958_1767173159-600254639.png,-176913,192793,-68000,68700,-1.693790211,1.845827589,222.31,560.71,-108,-213,294,-144,129,15,-32.91742251,-58.14955101,332.9059205,-67.06566296,16.13884961,3.45143045,-212.5268623,339.2714381,-1.039478645,0.351903642,-158,-82.91742251,,,,,,,
1767173159,666950684,959_1767173159-666950684.png,-179515,195393,-68800,68300,-1.718702129,1.870720358,225.47,566.88,-150,-18,154,-64,147,20,-49.69408926,-67.2620413,313.5118128,-73.12088984,37.27218871,5.899732759,-238.1029302,319.1123157,-1.040992785,0.321365865,-200,-99.69408926,,,,,,,
1767173159,700298340,960_1767173159-700298340.png,-182576,198457,-68050,67800,-1.748008578,1.90005553,228.37,575.61,46,-21,196,-32,89,1,-40.94783823,-57.9190967,287.9806592,-66.6300706,50.57816054,5.920944106,-232.9623384,318.0695975,-1.042653799,0.343107931,-4,-90.94783823,,,,,,,
1767173159,733646729,961_1767173159-733646729.png,-185235,201115,-67900,68800,-1.773466222,1.9255036,234.22,583.7,-5,-79,58,-18,53,4,-30.3779037,-55.37831266,270.4570585,-56.97388717,50.09809457,6.088631509,-197.5834293,321.2603695,-1.043797027,0.350522624,-55,-80.3779037,,,,,,,
1767173159,766994385,962_1767173159-766994385.png,-186944,202836,-68100,67850,-1.789828431,1.941980699,237.3,583.7,-58,-57,263,-88,117,-12,-30.78887998,-57.46944866,252.2942313,-56.57381615,56.39183023,4.279621855,-160.1713369,314.872664,-1.044775073,0.350522624,-108,-80.78887998,,,,,,,
1767173159,833690430,963_1767173159-833690430.png,-190837,206726,-68100,67850,-1.827100567,1.979224112,240.5,593.43,32,71,200,-59,130,-19,-23.03026551,-38.65727911,245.2067769,-58.57291327,70.32757721,0.02338153,-134.5137701,317.6374362,-1.04558787,0.350522624,-18,-73.03026551,,,,,,,
1767173159,867039063,964_1767173159-867039063.png,-193708,209587,-67900,68800,-1.854587929,2.006615732,247.11,609.11,-36,242,165,-21,7,-13,-27.11566246,-0.36332624,224.475814,-54.68154961,67.91167733,-2.013475928,-134.84535,318.1095753,-1.046235218,0.350522624,-86,-77.11566246,,,,,,,
1767173159,900386475,965_1767173159-900386475.png,-196433,212318,-68800,68150,-1.880677466,2.032762714,250.33,615.17,-164,48,139,-21,30,-8,-40.2354997,23.96333928,211.8443135,-48.86082118,59.46671849,-3.459610233,-122.7438538,307.9894631,-1.046716984,0.350522624,-214,-90.2354997,,,,,,,
1767173159,967082520,966_1767173159-967082520.png,-200318,216149,-68750,68250,-1.917873009,2.069441253,256.1,628.4,-22,-20,77,-13,91,-19,-48.04726038,24.65114506,187.6688598,-41.60726376,64.96721402,-8.827569006,-120.8152227,315.7849886,-1.047086364,0.350522624,-72,-98.04726038,,,,,,,
1767173160,431152,967_1767173160-431152.png,-202792,218795,-68150,67850,-1.941559436,2.094774433,258.63,637.89,-37,-67,187,-63,90,-9,-44.6574116,10.20080479,178.7634742,-41.86755831,70.01757588,-9.659314331,-120.9682846,321.5142787,-1.047195487,0.350522624,-87,-94.6574116,,,,,,,
1767173160,33778809,968_1767173160-33778809.png,-206068,221940,-67950,68650,-1.972924326,2.12488511,263.42,646,-146,-53,115,-67,57,3,-49.93029362,-5.967933094,175.040652,-47.60510626,72.24973575,-6.604461103,-85.7756862,341.4766645,-1.047098881,0.350522624,-196,-99.93029362,,,,,,,
1767173160,100475098,969_1767173160-100475098.png,-209204,225007,-68700,68200,-2.002948836,2.154249004,265.51,651.91,-175,44,346,-95,21,-7,-74.84843323,-4.95517927,189.066847,-55.2668357,64.56398412,-5.64590052,-92.42007652,324.2531154,-1.046835162,0.350522624,-225,-124.8484332,,,,,,,
1767173160,133823975,970_1767173160-133823975.png,-212072,227946,-68100,67750,-2.030407475,2.182387408,267.99,668.73,-196,135,213,-45,-116,-24,-108.1298606,22.40877328,219.149573,-59.84785576,39.70431108,-10.69693877,-93.02160889,322.7917051,-1.046272702,0.350522624,-246,-158.1298606,,,,,,,
1767173160,167171631,971_1767173160-167171631.png,-214935,230748,-68150,67850,-2.057818244,2.209214154,269.35,675.16,-181,79,192,-14,-16,-26,-120.0608816,35.44238327,216.9632719,-55.77665606,23.06228659,-12.76497192,-86.37864724,318.7721462,-1.045636473,0.458470701,-231,-170.0608816,,,,,,,
1767173160,200520264,972_1767173160-200520264.png,-217398,233274,-68800,68200,-2.081399357,2.233398438,270.67,682.06,-34,43,146,-10,74,-3,-114.6956339,39.81407843,206.5410487,-47.00606085,25.99912433,-12.6602651,-86.37864724,318.7721462,-1.044834795,0.466931463,-84,-164.6956339,,,,,,,
1767173160,233867920,973_1767173160-233867920.png,-220050,235931,-68050,67800,-2.106789982,2.258836933,271.85,689.46,-90,39,211,-18,98,6,-108.9396371,39.77969102,205.5842737,-41.78073656,37.80427281,-9.674635188,-89.58281529,324.9340274,-1.043867801,0.4801718,-140,-158.9396371,,,,,,,
1767173160,300564453,974_1767173160-300564453.png,-221900,237785,-67850,68700,-2.124502145,2.276587393,274.71,709.25,-190,-57,84,-47,134,6,-119.5476523,40.90747545,201.4335877,-41.97426255,51.73637814,-5.832280792,-89.92744794,323.2178483,-1.042735625,0.479432662,-240,-169.5476523,,,,,,,
1767173160,333913086,975_1767173160-333913086.png,-226813,242634,-67900,68900,-2.171539905,2.323012408,276.45,716.52,-89,-17,-1,-43,122,8,-122.226845,22.50745313,159.9171151,-42.63406845,70.35650646,-2.609181226,-83.27597925,321.8199153,-1.041088459,0.479432662,-139,-172.226845,,,,,,,
1767173160,400609619,976_1767173160-400609619.png,-230289,246171,-68000,68900,-2.204819623,2.356876149,281.07,730.04,20,-17,223,-59,52,-11,-85.79211407,17.29072862,156.1678839,-45.4477061,65.5049681,-2.761369238,-79.12973735,315.9582257,-1.0391839,0.479432662,-30,-135.7921141,,,,,,,
1767173160,433957275,977_1767173160-433957275.png,-233366,249248,-68800,68250,-2.234279259,2.386335784,285.29,745.48,-69,17,216,-28,38,-26,-74.67215097,21.63286964,183.7940177,-44.98287049,55.50913252,-8.194286674,-77.01070434,317.3194766,-1.037022412,0.479432662,-119,-124.672151,,,,,,,
1767173160,500653564,978_1767173160-500653564.png,-236302,252250,-68150,67750,-2.26238894,2.415077359,288.44,750.88,33,22,281,-28,94,-6,-64.31448572,21.16546694,196.0717099,-41.61068306,57.10065702,-9.919786586,-72.5898343,314.9792714,-1.035108664,0.479432662,-17,-114.3144857,,,,,,,
1767173160,534002441,979_1767173160-534002441.png,-239655,255527,-68150,67850,-2.294491039,2.446451823,295.07,761.96,151,114,428,-29,-61,17,-26.56374661,27.47451796,227.7059902,-37.32447617,56.83945594,-6.202412867,-76.30169749,305.0720875,-1.032486183,0.479432662,101,-76.56374661,,,,,,,
1767173160,567350098,980_1767173160-567350098.png,-242862,258666,-67850,68750,-2.325195313,2.476505055,298.7,766.72,106,-45,608,-94,-112,9,7.776946576,27.92251328,293.8601355,-43.18674052,24.44166279,-1.966945674,-70.19753689,304.4778657,-1.029608437,0.479432662,56,-42.22305342,,,,,,,
1767173160,634046387,981_1767173160-634046387.png,-245512,261339,-68750,68200,-2.350566789,2.502096737,302.26,772.78,38,-24,532,-118,-93,15,14.80706926,18.39137617,337.034317,-55.4779154,3.64088322,0.805774753,-64.99713597,297.6309171,-1.027122909,0.479432662,-12,-35.19293074,,,,,,,
1767173160,667395264,982_1767173160-667395264.png,-248522,264346,-68100,67850,-2.379384957,2.530886183,309.16,782.53,-74,1,545,-65,6,-3,5.269021693,0.225050586,360.6472116,-60.24066454,5.040406173,0.714833169,-73.19857493,302.3130469,-1.024474928,0.550054279,-124,-44.73097831,,,,,,,
1767173160,700742920,983_1767173160-700742920.png,-251123,266925,-67950,68800,-2.404287301,2.555577895,312.24,786.92,-88,-2,472,-64,15,-14,-11.73800789,0.107416498,390.6462746,-61.09519371,6.045480533,-1.018340106,-73.19857493,302.3130469,-1.021664827,0.55226235,-138,-61.73800789,,,,,,,
1767173160,734091553,984_1767173160-734091553.png,-253704,269528,-68850,68200,-2.425876991,2.577923943,314.83,792.54,-64,84,519,-96,8,-17,-22.06581963,9.961169909,410.2897713,-65.39922008,6.761275899,-3.618225592,-56.10409388,280.1905708,-1.019451141,0.564186276,-114,-72.06581963,,,,,,,
1767173160,767439209,985_1767173160-767439209.png,-255548,271375,-67850,68900,-2.44665288,2.598182828,317.11,802.27,63,34,308,-82,47,-12,-10.74002695,15.44421201,398.2196699,-68.640155,12.67877917,-5.199608232,-50.78472424,268.621228,-1.01556013,0.564186276,13,-60.74002695,,,,,,,
1767173160,834135742,986_1767173160-834135742.png,-260133,275937,-68150,67950,-2.490550322,2.641860064,320.87,820.57,95,37,358,-103,111,18,23.29454701,21.66248656,374.9555783,-78.20471562,42.08017891,-0.033960835,-31.24644893,255.6169834,-1.011418115,0.564186276,45,-26.70545299,,,,,,,
1767173160,867484375,987_1767173160-867484375.png,-262860,278680,-67900,68800,-2.516659007,2.668121936,322.61,828.45,-23,-11,336,-119,38,8,16.52434785,16.88586484,369.2586434,-84.17069256,41.48348609,1.14094028,-38.41015851,262.1270583,-1.007924381,0.564186276,-73,-33.47565215,,,,,,,
1767173160,900832031,988_1767173160-900832031.png,-265665,281478,-68800,68150,-2.543514476,2.694910386,325.78,845.94,-115,10,374,-61,72,3,-8.217451398,11.75563161,372.8455061,-83.91304492,37.53071769,1.955478138,-19.26333708,243.5133138,-1.004271189,0.564186276,-165,-58.2174514,,,,,,,
1767173160,967528320,989_1767173160-967528320.png,-268727,284546,-68050,67750,-2.572830499,2.724283854,327.34,858.18,-124,-32,207,-48,105,-12,-30.73680241,5.264869549,348.6523619,-77.46219433,49.20105805,-0.030744791,-18.93954992,239.2040234,-0.999481294,0.564186276,-174,-80.73680241,,,,,,,
1767173161,877197,990_1767173161-877197.png,-271185,287001,-67750,68850,-2.596363741,2.747788373,328.2,872.76,-212,75,351,-41,36,-6,-47.75140911,17.3162526,325.2541865,-70.73585515,55.9878441,-2.479228722,-28.00552526,214.3494451,-0.9964887,0.564186276,-262,-97.75140911,,,,,,,
1767173161,34224609,991_1767173161-34224609.png,-274115,290012,-68850,68200,-2.624415977,2.776616115,330.56,880.36,-227,111,349,-44,38,-6,-81.72282924,32.02830482,330.1853719,-65.10289471,52.19998442,-3.178327301,-26.01637077,210.6037126,-0.991304058,0.564186276,-277,-131.7228292,,,,,,,
1767173161,67573242,992_1767173161-67573242.png,-277329,293145,-68150,67750,-2.65518727,2.806611903,332.99,888.42,-111,62,382,-33,43,-5,-93.60559962,40.54339434,338.7472608,-59.30395851,50.11158724,-3.592368212,-23.47731063,193.6972632,-0.986979817,0.564186276,-161,-143.6055996,,,,,,,
1767173161,134269531,993_1767173161-134269531.png,-280748,296555,-68100,68000,-2.687921262,2.839259727,337.38,906.98,-1,-112,426,-105,-60,25,-75.95259135,24.5399022,358.9404645,-66.75595066,22.19484919,1.814118881,-23.32113171,185.1563454,-0.981355088,0.635681584,-51,-125.9525913,,,,,,,
1767173161,167617188,994_1767173161-167617188.png,-283541,299354,-67850,68700,-2.714661841,2.866057751,339.47,917.26,168,-234,213,-106,76,39,-44.9119279,-9.923173755,343.4401257,-72.4676437,26.33314254,6.868251686,-16.3105489,178.7796731,-0.975487678,0.644525312,118,-94.9119279,,,,,,,
1767173161,200965820,995_1767173161-200965820.png,-286269,302097,-68750,68200,-2.740780101,2.892319623,344,932.42,-37,-119,176,-172,197,27,-20.77650741,-29.86711037,316.1043384,-85.73598121,60.67501645,10.95159933,-21.26437545,167.513531,-0.971851398,0.625230445,-87,-70.77650741,,,,,,,
1767173161,267661865,996_1767173161-267661865.png,-289481,305369,-68150,67850,-2.771532246,2.923646216,347.55,954.37,-210,-109,505,-78,25,27,-49.77938523,-43.53380102,306.3845915,-93.61430393,65.95032305,12.83124209,-26.03520316,176.6691611,-0.963030942,0.657305696,-260,-99.77938523,,,,,,,
1767173161,334358154,997_1767173161-334358154.png,-293646,309465,-68050,67950,-2.811408548,2.962861903,349.72,961.61,-208,-54,555,-68,49,23,-85.29783087,-50.12285868,358.0892372,-88.66193067,60.30731517,15.4131356,-31.45009845,152.2756886,-0.957780852,0.657305696,-258,-135.2978309,,,,,,,
1767173161,367705566,998_1767173161-367705566.png,-297067,312937,-68100,67900,-2.844161688,2.996103324,355.05,977.88,10,-56,272,-80,-10,-11,-90.46607404,-45.58417778,340.9755236,-84.46479273,49.24814242,12.30266676,-33.62640789,139.1847539,-0.951005304,0.657305696,-40,-140.466074,,,,,,,
1767173161,401054199,999_1767173161-401054199.png,-299723,315608,-67850,68700,-2.86959061,3.021675858,356.41,986.27,-52,-93,356,-123,58,-28,-79.58411751,-53.06333317,339.5637783,-89.86664401,47.42803599,5.189483971,-36.37567642,148.2853608,-0.945415529,0.657305696,-102,-129.5841175,,,,,,,
1767173161,467750244,1000_1767173161-467750244.png,-302591,318412,-68800,68150,-2.897049249,3.048521752,356.41,999,-3,-132,386,-132,78,-29,-68.3843162,-64.60717558,346.3546962,-96.02830299,51.89893588,0.189551354,-34.19904229,137.3695617,-0.939676084,0.657305696,-53,-118.3843162,,,,,,,
1767173161,501097900,1001_1767173161-501097900.png,-305326,321265,-68150,67900,-2.923234528,3.07583678,362.63,1015.87,-1,-128,451,-90,34,-5,-57.47524419,-81.86221266,380.7241571,-102.9307868,53.97330858,-3.174657726,-49.04675481,138.648421,-0.933788035,0.657305696,-51,-107.4752442,,,,,,,
1767173161,534446533,1002_1767173161-534446533.png,-308050,323930,-67900,68700,-2.949314491,3.101351869,365.46,1024.62,-48,-111,478,-142,65,-11,-51.84551976,-89.00369095,397.8863736,-106.5414927,53.69054214,-4.249985287,-50.64237738,130.4347765,-0.927752246,0.657305696,-98,-101.8455198,,,,,,,
1767173161,567793945,1003_1767173161-567793945.png,-311049,326875,-68750,68100,-2.978027344,3.129547718,368.03,1033.68,-10,-40,334,-134,47,-23,-45.72595448,-81.83730163,388.5435136,-110.557075,52.71210503,-6.992021704,-44.28475884,111.5440533,-0.920001116,0.657305696,-60,-95.72595448,,,,,,,
1767173161,601142578,1004_1767173161-601142578.png,-313653,329459,-68200,67950,-3.00295841,3.154287301,372.31,1055.61,56,-106,372,-103,46,-5,-25.45392217,-70.1437579,376.7580637,-112.6516427,55.66114649,-7.922975612,-45.26534167,103.8365076,-0.915241182,0.657305696,6,-75.45392217,,,,,,,
1767173161,667838623,1005_1767173161-667838623.png,-316798,332608,-67900,68550,-3.033069087,3.184436275,373.8,1063.97,-57,-115,356,-83,50,-7,-23.77347252,-79.47416743,373.3547191,-107.5695663,54.08674976,-7.562144628,-47.43840414,95.75311327,-0.907127196,0.657305696,-107,-73.77347252,,,,,,,
1767173161,701186279,1006_1767173161-701186279.png,-319666,335531,-68750,68150,-3.060527727,3.212421492,374.93,1072.93,-88,39,459,-49,67,4,-33.16607727,-62.14828867,385.8796415,-99.00424589,55.97520707,-5.871275468,-63.78127819,105.5558391,-0.898788905,0.719174827,-138,-83.16607727,,,,,,,
1767173161,767882324,1007_1767173161-767882324.png,-323479,339425,-68700,68100,-3.097033931,3.249703202,375.54,1097.66,54,53,429,-61,-25,-22,-19.69538789,-37.36551753,410.8638436,-86.64966649,38.55667605,-8.445902934,-54.20845193,86.97290182,-0.890228373,0.719174827,4,-69.69538789,,,,,,,
1767173161,801230957,1008_1767173161-801230957.png,-325244,341072,-67900,68850,-3.113932292,3.265471814,376.05,1107.14,100,-10,554,-110,71,-13,-2.190915619,-33.36353423,431.7963367,-90.06446194,43.30124703,-9.111902412,-54.3966459,77.27477741,-0.883221463,0.719174827,50,-52.19091562,,,,,,,
1767173161,834578369,1009_1767173161-834578369.png,-328497,344328,-63100,64950,-3.145076976,3.296645221,376.79,1130.01,-185,161,380,-46,-8,-19,-25.86457881,5.021570215,429.871586,-80.33028777,32.42796874,-10.93226104,-53.16793016,74.20852399,-0.876074737,0.719174827,-235,-75.86457881,,,,,,,
1767173161,901274658,1010_1767173161-901274658.png,-329399,345223,-20300,20200,-3.153712852,3.305214078,376.79,1139.65,-180,113,459,-79,-14,-27,-60.70174722,32.86472051,430.2778861,-77.48310124,22.51445751,-13.90541698,-75.31436098,72.56800175,-0.866946553,0.719174827,-230,-110.7017472,,,,,,,
1767173161,934623047,1011_1767173161-934623047.png,-328934,344731,7450,-6600,-3.149260876,3.3005036,379.32,1165.68,-48,34,319,-141,114,-8,-59.51046286,26.70359488,419.7467197,-85.67157254,35.53637268,-12.99639527,-79.65464139,78.20358038,-0.861366631,0.719174827,-98,-109.5104629,,,,,,,
1767173161,967970703,1012_1767173161-967970703.png,-327490,343306,33050,-32650,-3.135435815,3.286860447,381.28,1172.51,-50,62,303,-136,111,-1,-57.46252556,31.47917294,397.8410298,-96.06374193,50.75998764,-11.17259724,-80.82088557,78.12075901,-0.851896697,0.719174827,-100,-107.4625256,,,,,,,
1767173162,34666748,1013_1767173162-34666748.png,-325185,341001,49100,-49950,-3.113367417,3.26479205,388.95,1177.95,1,-229,287,-140,20,16,-49.17466839,-2.48915894,368.659775,-108.9231267,51.45646176,-6.103272304,-84.24078184,97.77349615,-0.842216106,0.719174827,-49,-99.17466839,,,,,,,
1767173162,68015625,1014_1767173162-68015625.png,-322483,338234,65800,-65450,-3.087498085,3.238300398,395.98,1177.26,-3,-58,176,-97,-13,-3,-39.68703686,-27.14898105,339.2567959,-109.9849014,41.28949833,-3.971811222,-72.12064815,105.1814234,-0.834321631,0.719174827,-53,-89.68703686,,,,,,,
1767173162,101363525,1015_1767173162-101363525.png,-319492,335238,68500,-68350,-3.058861826,3.209616268,419.2,1152.9,-59,-101,123,-78,204,-13,-24.88834197,-28.71816364,324.2710356,-109.2748349,49.57199044,-5.248651855,-65.59483692,121.4830475,-0.824267998,0.802212921,-109,-74.88834197,,,,,,,
1767173162,168060059,1016_1767173162-168060059.png,-316627,332431,67900,-68650,-3.031431909,3.182741651,426.58,1133.6,-82,-16,39,-55,192,-19,-35.24535035,-34.77474933,269.3045986,-99.55188523,82.6624534,-7.694036851,-62.01252756,160.5642736,-0.816078312,0.802212921,-132,-85.24535035,,,,,,,
1767173162,201408936,1017_1767173162-201408936.png,-313276,329096,67900,-68400,-2.999348958,3.150811887,443.09,1107.64,-16,-26,194,-39,177,-29,-34.24115335,-33.21722937,254.0405055,-91.1355222,96.86997548,-10.53557526,-55.29274276,191.4405959,-0.805659759,0.802212921,-66,-84.24115335,,,,,,,
1767173162,234756836,1018_1767173162-234756836.png,-310627,326427,68200,-67600,-2.973987056,3.125258502,476.41,1029.74,92,24,201,-147,73,-32,0.435362485,-9.638073242,235.5463598,-98.24709449,93.36577177,-15.07219713,-27.47646511,259.8262577,-0.799312847,0.802212921,42,-49.56463751,,,,,,,
1767173162,268105469,1019_1767173162-268105469.png,-309042,324798,67950,-68400,-2.95881204,3.109662224,484.88,999.95,-38,-23,273,-144,72,-7,3.171069012,-8.542989809,237.2412575,-107.5712284,89.20304842,-15.46311586,-27.32087064,262.6290016,-0.790739732,0.802212921,-88,-46.82893099,,,,,,,
1767173162,301453369,1020_1767173162-301453369.png,-305498,321235,68000,-68250,-2.924881281,3.075549556,484.88,972.16,-73,-65,291,-75,31,6,-7.968327323,-16.79936615,245.1030343,-102.8079524,80.69132825,-12.32431057,10.42546415,271.8915257,-0.782041515,0.802212921,-123,-57.96832732,,,,,,,
1767173162,368149902,1021_1767173162-368149902.png,-301680,317423,68100,-67700,-2.888327206,3.039052926,507.84,921.04,-89,-45,236,-115,148,11,-23.44330122,-28.56469303,253.1230622,-99.74556682,93.5697344,-7.749132524,34.43876883,276.5249372,-0.768762594,0.802212921,-139,-73.44330122,,,,,,,
1767173162,401498779,1022_1767173162-401498779.png,-299013,314765,68700,-68800,-2.862792969,3.013604856,514.45,893.73,-109,85,377,-196,157,26,-35.95526921,-11.95678478,271.239052,-113.821991,102.8458924,-2.813597707,50.71469051,286.4958849,-0.759757714,0.802212921,-159,-85.95526921,,,,,,,
1767173162,468195313,1023_1767173162-468195313.png,-294990,310797,68650,-69050,-2.824276195,2.97561466,515.99,855.23,113,230,185,-67,43,1,5.818257728,68.2262098,278.7040477,-107.6266273,95.89024711,-0.105818518,37.25440529,287.2240825,-0.74833262,0.802212921,63,-44.18174227,,,,,,,
1767173162,534892090,1024_1767173162-534892090.png,-291028,306832,68700,-68850,-2.786343444,2.937653186,512.17,841.67,48,252,471,-122,2,2,20.26874333,107.6016097,299.5854072,-106.5894654,78.07282655,0.287584943,57.26316553,309.7145262,-0.734378655,0.831174069,-2,-29.73125667,,,,,,,
1767173162,568239746,1025_1767173162-568239746.png,-287274,303088,68750,-68850,-2.750402114,2.901807598,506.02,805.51,43,-83,456,-109,107,-17,28.80336638,72.78553438,350.9785025,-112.1123051,75.80162841,-3.400185934,62.42038184,313.6867995,-0.720163234,0.837737368,-7,-21.19663362,,,,,,,
1767173162,634936279,1026_1767173162-634936279.png,-284265,300014,67950,-68450,-2.72159352,2.872376685,500.13,782.95,32,22,436,16,8,-11,26.94707094,56.64108523,351.5026427,-99.74897752,71.31056615,-4.005110417,63.18939257,308.6773963,-0.710543496,0.821486578,-18,-23.05292906,,,,,,,
1767173162,668285156,1027_1767173162-668285156.png,-281268,297016,68150,-67550,-2.692899816,2.843673407,496.95,771.11,25,38,487,-16,-13,-20,27.31687488,51.2106709,372.8964696,-79.6615118,56.83878594,-6.208577503,59.69449145,305.839833,-0.698360999,0.81425768,-25,-22.68312512,,,,,,,
1767173162,701633057,1028_1767173162-701633057.png,-278189,293941,68100,-67600,-2.663421032,2.81423292,496.95,755.26,90,122,417,11,-24,-5,36.36254563,60.87182019,385.3164,-63.0720953,41.36265415,-6.753430699,38.09342054,308.879148,-0.688490525,0.821817326,40,-13.63745437,,,,,,,
1767173162,768329590,1029_1767173162-768329590.png,-274849,290583,68600,-68800,-2.631443398,2.78208295,493.54,732.36,-102,182,150,-7,30,3,14.45977139,99.32778627,338.503135,-45.99829211,35.16089401,-5.233001462,21.47448969,312.1534579,-0.675999434,0.796995818,-152,-35.54022861,,,,,,,
1767173162,801678467,1030_1767173162-801678467.png,-271425,287238,68550,-68800,-2.598661535,2.750057445,485.77,714.6,-72,-88,184,-61,128,-9,-6.999636721,80.27328984,322.9959339,-47.45731678,45.39574416,-5.600621471,-5.635573506,306.9001758,-0.663341163,0.796995818,-122,-56.99963672,,,,,,,
1767173162,868375000,1031_1767173162-868375000.png,-268429,284173,68000,-68350,-2.569977405,2.720712699,481.89,705.94,-32,-74,286,-59,48,1,-16.77534111,44.32589332,304.0478993,-50.24661683,54.35356195,-5.172283285,-13.13878554,311.5575166,-0.653096382,0.796995818,-82,-66.77534111,,,,,,,
1767173162,901722656,1032_1767173162-901722656.png,-265835,281652,68150,-67500,-2.54514208,2.696576287,478.09,693.99,-56,-28,330,-64,51,14,-22.91621764,30.60434745,307.3635645,-52.49055525,53.69428692,-2.204466967,-67.47801054,321.0899982,-0.64274827,0.796995818,-106,-72.91621764,,,,,,,
1767173162,935071533,1033_1767173162-935071533.png,-262223,278029,68700,-68750,-2.510560279,2.66188917,471.73,678.47,-196,33,321,-71,-7,0,-53.75481767,23.42542901,318.6578425,-59.15472507,41.59156976,0.815375264,-67.77549729,325.0698659,-0.629670285,0.796995818,-246,-103.7548177,,,,,,,
1767173163,1768066,1034_1767173163-1768066.png,-259563,275373,68050,-68550,-2.485093061,2.636460248,466.7,662.16,63,45,408,27,12,-1,-55.38262455,33.16514298,336.0583436,-51.95073417,40.53210674,0.743693707,-61.23332137,301.6811399,-0.619095671,0.796995818,13,-105.3826245,,,,,,,
1767173163,35115967,1035_1767173163-35115967.png,-256074,271884,68000,-68450,-2.451688879,2.603056066,464.79,649.93,188,73,549,16,-92,4,-20.5631263,38.04922436,363.1043951,-37.26949818,25.4542688,0.849977463,-85.84737915,304.2298315,-0.603050591,0.796995818,138,-70.5631263,,,,,,,
1767173163,68465088,1036_1767173163-68465088.png,-252731,268551,68250,-67600,-2.419682521,2.57114545,462.77,642.45,137,-24,567,-40,-51,-4,13.39167805,30.8037344,402.6489308,-34.8816336,8.127989261,0.305524053,-64.91940367,291.7157805,-0.592234229,0.796995818,87,-36.60832195,,,,,,,
1767173163,135161865,1037_1767173163-135161865.png,-249516,265337,68300,-67600,-2.388901654,2.540374157,458.33,628.4,5,17,215,-29,69,17,18.01427949,31.37968607,383.4917622,-37.93519429,12.76657762,5.600204154,-107.7573012,301.3287909,-0.578582266,0.796995818,-45,-31.98572051,,,,,,,
1767173163,201858887,1038_1767173163-201858887.png,-245836,261645,68600,-68700,-2.353668811,2.505026425,449.72,611.23,-3,183,541,-77,-23,23,15.30157689,52.34142649,390.6585044,-43.54724957,5.831909699,10.30051439,-148.8074208,307.1777277,-0.562011412,0.700506761,-53,-34.69842311,,,,,,,
1767173163,235207031,1039_1767173163-235207031.png,-242824,258637,68650,-68800,-2.324831495,2.476227405,445.08,605.55,-57,88,567,-67,-18,23,3.313930502,67.6519667,428.063638,-49.56185965,0.118895156,13.13897798,-171.1019132,312.0928464,-0.550852601,0.712616116,-107,-46.6860695,,,,,,,
1767173163,268555908,1040_1767173163-268555908.png,-240849,256655,68200,-67650,-2.305922564,2.457251455,437.32,592.3,-135,79,372,-63,106,30,-17.61351684,62.10353512,419.0833638,-45.3664617,6.656646751,15.20270246,-172.3519939,312.3931813,-0.539606671,0.652488132,-185,-67.61351684,,,,,,,
1767173163,301904053,1041_1767173163-301904053.png,-236898,252703,68150,-67500,-2.268095129,2.419414445,434.16,586.44,-146,180,182,-98,161,18,-45.15753119,77.88021642,385.9852151,-53.46620396,35.39562719,17.08428781,-209.6984977,327.6305938,-0.525429399,0.691764469,-196,-95.15753119,,,,,,,
1767173163,368601074,1042_1767173163-368601074.png,-234163,249840,68550,-68800,-2.24190985,2.392003676,431.47,578.28,-194,47,204,-159,166,9,-69.60438414,76.0780397,353.9505189,-70.0831314,57.83334781,15.92636156,-214.621608,329.1910172,-0.513993885,0.676900876,-244,-119.6043841,,,,,,,
1767173163,401949951,1043_1767173163-401949951.png,-231152,246905,68050,-68500,-2.213082108,2.363903569,426.42,565.3,11,-129,324,-107,65,-15,-50.52443715,43.00963597,368.9363175,-80.46252759,57.30706476,8.215968306,-249.0379874,344.4460542,-0.502477079,0.668179914,-39,-100.5244372,,,,,,,
1767173163,468646973,1044_1767173163-468646973.png,-227333,243146,68100,-68450,-2.176518459,2.327914369,423.85,559.98,22,9,169,-31,114,-9,-36.69923607,29.03607943,337.3460973,-74.61753651,66.00045463,4.483562744,-269.9859641,351.6593943,-0.487969442,0.685309379,-28,-86.69923607,,,,,,,
1767173163,501995117,1045_1767173163-501995117.png,-223855,239674,68100,-67500,-2.143219593,2.294672947,417.86,547.69,-45,47,453,-57,48,-5,-41.32179608,29.28640335,351.0949445,-67.84379303,71.10899812,1.662887186,-345.4535022,385.349637,-0.470401367,0.649779835,-95,-91.32179608,,,,,,,
1767173163,568692139,1046_1767173163-568692139.png,-220441,236175,68150,-67500,-2.110533471,2.261173024,410.95,537.82,-70,73,339,-41,30,11,-50.12578012,37.32775155,362.4902801,-65.30209988,64.04882326,2.286756049,-362.6109744,398.2661884,-0.45563314,0.649779835,-120,-100.1257801,,,,,,,
1767173163,602041016,1047_1767173163-602041016.png,-217573,233384,68600,-68750,-2.083074831,2.234451593,407.29,534.24,14,98,481,-59,30,24,-41.78777205,48.06702311,378.5922946,-63.10892957,57.28795125,5.918036752,-369.3873862,402.5148673,-0.443737266,0.649779835,-36,-91.78777205,,,,,,,
1767173163,635389160,1048_1767173163-635389160.png,-214569,230385,67950,-68500,-2.054314108,2.205738741,399.84,526.83,-56,-121,375,-42,129,23,-51.32836982,38.54432924,415.9443525,-60.02771687,58.62917423,11.42049867,-397.6382374,410.6471233,-0.431771184,0.649779835,-106,-101.3283698,,,,,,,
1767173163,702086182,1049_1767173163-702086182.png,-210874,226698,68050,-68450,-2.018937653,2.170438879,396.24,521.54,-137,49,297,-142,206,40,-64.33102587,23.88954623,394.3964045,-70.18679988,87.31922088,16.77461731,-438.5696481,436.6216528,-0.413694545,0.649779835,-187,-114.3310259,,,,,,,
1767173163,735435303,1050_1767173163-735435303.png,-207541,223358,68200,-67600,-1.987027037,2.138461244,390.39,514.29,81,296,445,13,158,2,-40.83551437,97.08477078,402.4195665,-60.15015729,116.6811195,15.30597217,-435.4658761,440.2685156,-0.398517956,0.649779835,31,-90.83551437,,,,,,,
1767173163,802132324,1051_1767173163-802132324.png,-205422,221238,68650,-68700,-1.96673943,2.118164063,388.05,510.48,62,119,422,-20,161,19,-22.55891864,105.5758064,406.4146071,-52.33458147,124.2604304,15.49259134,-459.8468669,458.9050431,-0.386305531,0.649779835,12,-72.55891864,,,,,,,
1767173163,835480469,1052_1767173163-835480469.png,-201864,217607,68650,-68800,-1.932674632,2.083400352,383.61,500.08,-32,207,349,23,-1,34,-14.54945696,103.6130116,391.1703058,-44.51437421,110.2332901,17.65742319,-467.5255448,464.8680384,-0.374031987,0.649779835,-82,-64.54945696,,,,,,,
1767173163,868829346,1053_1767173163-868829346.png,-198385,214002,68000,-68300,-1.899366192,2.04888557,381.44,495.99,-154,198,442,-16,31,18,-36.29133294,125.4048736,395.3453055,-35.1276594,90.05126226,18.9702853,-500.7671081,496.4715552,-0.358607091,0.649779835,-204,-86.29133294,,,,,,,
1767173163,935526611,1054_1767173163-935526611.png,-195385,211071,68150,-67650,-1.870643765,2.020823759,377.09,486.03,-201,70,453,-20,-25,-9,-63.79493955,128.0510464,404.108515,-31.61346799,73.77959469,15.91079693,-513.508191,501.6854327,-0.343093512,0.591618092,-251,-113.7949396,,,,,,,
1767173163,968874512,1055_1767173163-968874512.png,-192173,207923,68250,-67600,-1.839891621,1.99068436,374.61,481.89,-173,22,359,-4,-5,-9,-86.94415989,109.5045882,400.0698742,-26.9675816,57.09035556,10.96440838,-503.6609314,488.6697249,-0.330621429,0.535315184,-223,-136.9441599,,,,,,,
1767173164,35571533,1056_1767173164-35571533.png,-188764,204569,68550,-68700,-1.80725337,1.958572687,369.02,471.08,5,-136,82,-59,16,25,-78.47562084,58.87852337,340.2337715,-32.8395003,40.0831919,12.37887819,-547.4629821,528.1199217,-0.314957947,0.561239003,-45,-128.4756208,,,,,,,
1767173164,68920654,1057_1767173164-68920654.png,-185769,201573,68000,-68450,-1.778578814,1.929888557,365.89,468.14,26,38,21,-65,5,23,-60.97857559,50.64637177,286.6859565,-38.23791797,34.31255822,14.26753298,-550.4768781,529.0881293,-0.299216635,0.540878108,-24,-110.9785756,,,,,,,
1767173164,102268555,1058_1767173164-102268555.png,-182689,198427,68000,-68350,-1.749090456,1.899768306,359.19,460.91,-57,91,383,-64,14,27,-48.38476071,63.5230017,301.9618195,-45.99110005,24.45223994,16.58134266,-575.0599274,551.085227,-0.286570115,0.548642347,-107,-98.38476071,,,,,,,
1767173164,168965332,1059_1767173164-168965332.png,-179196,194951,68150,-67600,-1.715647978,1.866488588,355.62,457.03,92,64,68,-14,-5,11,-28.30540516,65.03041623,271.9869126,-42.25492866,19.5982062,16.31024414,-570.4936259,545.4245727,-0.270698474,0.541649553,42,-78.30540516,,,,,,,
1767173164,202314209,1060_1767173164-202314209.png,-175660,191471,68200,-67600,-1.681793811,1.833170573,348.7,447.23,288,-315,470,36,-157,-39,25.93902066,2.09024683,288.8141515,-36.53260276,2.404879854,8.152271498,-566.4497283,534.1739058,-0.254759887,0.530021566,238,-24.06097934,,,,,,,
1767173164,269010986,1061_1767173164-269010986.png,-172245,188048,68600,-68850,-1.649098116,1.800398284,342.94,437.29,225,-154,741,25,-254,-17,66.37430989,-54.53571434,371.7755451,-25.09848389,-48.91844613,2.413911713,-583.4597558,548.2899342,-0.235550806,0.530021566,175,16.37430989,,,,,,,
1767173164,302358887,1062_1767173164-302358887.png,-170874,186632,68200,-67550,-1.635971967,1.786841299,340.13,432.25,-95,76,398,-43,-68,9,51.07428343,-40.6501247,394.9292987,-25.09517065,-62.43928868,2.36129443,-582.1769132,547.7985942,-0.225914391,0.530021566,-145,1.074283427,,,,,,,
1767173164,335707764,1063_1767173164-335707764.png,-166580,182401,68200,-67350,-1.5948606,1.746333104,337.46,425.55,-62,18,274,40,-38,-11,34.53809358,-32.07302328,377.2443771,-15.57553393,-58.86524244,0.407314314,-603.3533463,565.1336226,-0.20980944,0.530021566,-112,-15.46190642,,,,,,,
1767173164,402404541,1064_1767173164-402404541.png,-163987,179792,68650,-68800,-1.57003485,1.721354167,332.33,417.18,-61,-241,-2,-8,10,22,-3.308430724,-71.45496568,303.3859443,-8.69507592,-54.9117138,3.238402187,-568.2853339,522.8060281,-0.196887949,0.530021566,-111,-53.30843072,,,,,,,
1767173164,435752441,1065_1767173164-435752441.png,-161194,176996,68000,-68450,-1.543294271,1.694584865,329.49,412.88,-79,-178,36,-41,1,35,-15.41712802,-93.26990737,255.1251141,-12.49579652,-44.76321719,8.02529017,-609.9530584,561.819335,-0.183935299,0.530021566,-129,-65.41712802,,,,,,,
1767173164,469101563,1066_1767173164-469101563.png,-157975,173782,68000,-68400,-1.512475107,1.663813572,323.25,401.75,-76,295,278,-60,195,-4,-25.32009036,-81.14609198,234.5659374,-17.72982223,-25.71515875,8.780917242,-565.2736782,512.9068685,-0.170953553,0.530021566,-126,-75.32009036,,,,,,,
1767173164,502449463,1067_1767173164-502449463.png,-155181,170990,68150,-67650,-1.485724954,1.637082567,320,397.18,23,380,216,-33,207,-1,-26.42342927,1.235813446,237.5791495,-23.67955903,19.19698021,6.514597819,-572.785235,518.7963562,-0.157944744,0.530021566,-27,-76.42342927,,,,,,,
1767173164,569146240,1068_1767173164-569146240.png,-152378,168197,68600,-68750,-1.458888634,1.610341988,316.64,395.03,-79,134,-185,-14,49,8,-31.52637974,40.46927207,174.6513335,-22.75166875,33.38169834,6.338645343,-556.5650637,501.6953197,-0.144910967,0.530021566,-129,-81.52637974,,,,,,,
1767173164,602495117,1069_1767173164-602495117.png,-149367,165057,68050,-68300,-1.430060892,1.580279182,309.6,386.79,-93,1,20,53,-38,-8,-37.55525471,46.77187799,140.9229914,-11.00481813,17.56050624,3.07966758,-569.4117703,508.7417274,-0.128586722,0.45150137,-143,-87.55525471,,,,,,,
1767173164,669191895,1070_1767173164-669191895.png,-145135,160960,67950,-68500,-1.389543122,1.541053922,306.17,373.18,-99,80,-32,55,10,26,-48.14908437,34.67452008,110.5827926,3.311836597,4.067086137,4.493429805,-553.1988721,488.7297633,-0.108956037,0.446548021,-149,-98.14908437,,,,,,,
1767173164,702539795,1071_1767173164-702539795.png,-142140,157960,68200,-67650,-1.360868566,1.512331495,306.17,368.33,-87,85,16,57,-21,22,-56.82048732,44.26859747,87.97401863,13.81287403,1.561935033,8.288607852,-566.4449877,498.1699665,-0.095846935,0.446548021,-137,-106.8204873,,,,,,,
1767173164,769236572,1072_1767173164-769236572.png,-138306,154121,68200,-67600,-1.324161305,1.475576363,298.7,359.51,-225,-133,-40,-35,-87,29,-86.81069361,12.01248684,79.46321963,5.698165874,-18.71067071,13.35288386,-566.1855878,498.1907434,-0.076155488,0.446548021,-275,-136.8106936,,,,,,,
1767173164,802585449,1073_1767173164-802585449.png,-134700,150444,68300,-67650,-1.289636949,1.440372243,291.64,349.83,-291,120,331,-1,8,16,-135.4326078,-0.121948868,92.2275407,-5.008652429,-25.9128816,15.77181142,-559.9107019,484.9017825,-0.059724945,0.446548021,-341,-185.4326078,,,,,,,
1767173164,869282471,1074_1767173164-869282471.png,-131147,146824,68650,-68750,-1.255620021,1.405713848,288.52,346.46,-271,112,184,32,-23,26,-171.0386583,28.45988634,129.8690863,0.810189762,-22.04684547,17.29074738,-543.4266824,473.2205305,-0.039989161,0.446548021,-321,-221.0386583,,,,,,,
1767173164,902630371,1075_1767173164-902630371.png,-128281,144087,68000,-68400,-1.22818053,1.379509421,282.5,339.11,-217,-119,-84,19,64,19,-166.025144,19.35973543,94.26634873,8.952254129,-1.803608425,16.25734891,-525.6810878,442.9614997,-0.026823627,0.446548021,-267,-216.025144,,,,,,,
1767173164,969327148,1076_1767173164-969327148.png,-125205,140945,68000,-68450,-1.198730469,1.349427466,279.57,333.77,-179,-118,-38,-19,38,20,-171.8613509,-11.41882421,61.14913928,5.640837599,9.101876667,17.01660102,-525.4384098,442.2126684,-0.013653851,0.446548021,-229,-221.8613509,,,,,,,
1767173165,2676025,1077_1767173165-2676025.png,-122541,138360,68200,-67600,-1.173224954,1.324678309,277.07,329.85,-28,32,380,-50,-7,26,-150.822804,-5.069176012,107.7784718,-2.496180176,6.747108797,18.33034971,-545.8990499,461.3661847,-0.000481914,0.446548021,-78,-200.822804,,,,,,,
1767173165,36023926,1078_1767173165-36023926.png,-119609,135428,68600,-68800,-1.145153569,1.296606924,272.87,322.59,-56,306,499,-27,-73,35,-114.3332117,40.51678225,197.4815524,-12.62825586,-8.417049347,20.72612132,-537.3362564,462.7500753,0.012690099,0.395573827,-106,-164.3332117,,,,,,,
1767173165,69372559,1079_1767173165-69372559.png,-117221,132890,67900,-68400,-1.122290518,1.272307751,270.66,318.63,-55,224,177,-4,68,15,-104.1334553,76.65397357,211.3310183,-12.37922326,-2.825365424,20.81661606,-493.8343874,403.349529,0.025860104,0.392079572,-105,-154.1334553,,,,,,,
1767173165,102720215,1080_1767173165-102720215.png,-114623,130373,68650,-68800,-1.097416896,1.248209635,270.66,312.98,-51,126,131,-8,18,12,-95.0574149,87.78610302,198.6709269,-11.51612231,2.102336873,19.37268319,-491.6101853,399.7541072,0.039026017,0.364373729,-101,-145.0574149,,,,,,,
1767173165,169416748,1081_1767173165-169416748.png,-111545,127302,68650,-68600,-1.067947687,1.218807445,268.07,306.43,-120,84,176,7,-60,33,-89.16503828,89.23079042,203.5042991,-9.624119155,-4.7377759,19.47026861,-470.5069063,374.7625442,0.052185757,0.379939431,-170,-139.1650383,,,,,,,
1767173165,202765381,1082_1767173165-202765381.png,-108751,124493,68000,-68500,-1.041197534,1.19191368,265,303.22,-65,57,205,-18,-27,19,-88.75301759,84.98418254,201.488522,-9.293501093,-11.79002533,20.4933996,-472.6523696,377.1791227,0.065337237,0.359239869,-115,-138.7530176,,,,,,,
1767173165,236113037,1083_1767173165-236113037.png,-105541,121352,68350,-67650,-1.010464537,1.161841299,261.96,300.33,-135,32,115,-38,-1,19,-94.88503151,76.49200762,188.9335989,-13.72296455,-10.61627281,20.23531547,-498.6809343,403.9520617,0.081761808,0.353727657,-185,-144.8850315,,,,,,,
1767173165,269461670,1084_1767173165-269461670.png,-103916,119724,67800,-68350,-0.994906556,1.146254596,255.93,293.07,-54,27,90,35,92,-7,-100.5105232,60.37579982,149.9291256,-7.887131848,5.669183073,16.54206191,-453.2519603,357.746335,0.094887106,0.353727657,-104,-150.5105232,,,,,,,
1767173165,302809570,1085_1767173165-302809570.png,-100284,116106,68000,-68450,-0.960133272,1.111615349,253.02,291.19,39,-49,-52,57,133,-4,-81.42309271,45.5780939,122.7008838,2.138367466,25.45992319,12.83004464,-440.2039095,347.0054924,0.107997391,0.353727657,-11,-131.4230927,,,,,,,
1767173165,369505859,1086_1767173165-369505859.png,-97145,112838,68250,-67600,-0.93008004,1.080327053,247.17,287.21,22,-236,203,-25,13,14,-58.85457408,-6.741753711,126.7166333,2.053874695,24.07714623,11.75372145,-445.4425597,351.7786112,0.121090589,0.353727657,-28,-108.8545741,,,,,,,
1767173165,402854492,1087_1767173165-402854492.png,-94142,109893,68700,-68800,-0.901328891,1.052131204,244.71,284.38,-145,-44,192,-25,17,18,-64.72340017,-23.54920059,138.5927128,-2.62148197,22.63808577,12.61716898,-457.8846622,365.0563955,0.137429906,0.353727657,-195,-114.7234002,,,,,,,
1767173165,469551025,1088_1767173165-469551025.png,-90872,106692,68650,-68850,-0.870021446,1.021484375,240.95,280.08,-78,87,271,5,65,31,-69.2587813,-7.46529692,147.3059005,-2.862951701,31.37582264,15.22726681,-471.7563376,378.0673747,0.153735235,0.353727657,-128,-119.2587813,,,,,,,
1767173165,502898682,1089_1767173165-502898682.png,-87531,103341,67900,-68500,-0.838034237,0.989401425,239.21,278.15,-92,-26,197,-58,111,39,-73.47118942,-0.593485794,167.1205243,-10.12869321,46.4309733,20.30378746,-483.9160194,383.5095124,0.16675235,0.353727657,-142,-123.4711894,,,,,,,
1767173165,536247314,1090_1767173165-536247314.png,-84659,100479,68250,-67700,-0.810537301,0.96200023,235.17,272.98,-223,24,-20,-63,84,33,-86.13508796,2.664846422,143.8511523,-21.24938599,55.47393838,23.2063518,-471.842577,373.7517796,0.182986381,0.353727657,-273,-136.135088,,,,,,,
1767173165,602943848,1091_1767173165-602943848.png,-80962,96777,68250,-67650,-0.775141697,0.926556756,230.9,267.92,-142,-18,162,-29,49,40,-98.61265163,-4.374841702,128.8009337,-25.10444574,56.5256809,25.73533613,-484.8383517,378.1870215,0.199175171,0.353727657,-192,-148.6126516,,,,,,,
1767173165,636291504,1092_1767173165-636291504.png,-77829,93641,68650,-68750,-0.74514591,0.896532246,228.99,265.87,-118,-142,-70,-11,171,24,-102.2968187,-13.59298123,118.5274029,-24.46416714,63.10824877,26.44961555,-470.2083156,367.6154039,0.212090937,0.331505005,-168,-152.2968187,,,,,,,
1767173165,702987793,1093_1767173165-702987793.png,-74959,90632,67950,-68850,-0.717668122,0.867723652,227.17,263.79,-101,-100,110,-36,207,17,-103.3205276,-36.15109302,102.7131488,-25.11083517,92.48785314,24.87840889,-448.2906657,329.9553237,0.228188231,0.300123497,-151,-153.3205276,,,,,,,
1767173165,736336426,1094_1767173165-736336426.png,-72235,87979,68200,-68500,-0.691588159,0.842323453,225.55,261.8,93,-59,240,-1,138,27,-74.61025485,-39.49255894,122.7902288,-21.58482257,99.14363267,25.18867425,-476.9702459,361.7962713,0.241025633,0.281293111,43,-124.6102549,,,,,,,
1767173165,769684082,1095_1767173165-769684082.png,-70120,85928,68650,-68800,-0.671338848,0.822686887,223.05,257.29,18,134,258,13,30,35,-44.00331649,-17.39832622,134.6745667,-13.89384363,81.15853024,29.05876317,-423.1059867,320.3246887,0.253824901,0.259917719,-32,-94.00331649,,,,,,,
1767173165,803032959,1096_1767173165-803032959.png,-66841,82646,67900,-68450,-0.639945236,0.791264553,222.31,255.37,-133,151,389,-56,-53,32,-49.63250615,14.68376481,174.7271148,-16.75181583,61.13877594,29.88203906,-450.5743847,320.8544302,0.266584023,0.22460003,-183,-99.63250615,,,,,,,
1767173165,869729248,1097_1767173165-869729248.png,-63765,79503,67950,-68500,-0.610495175,0.761173024,221.29,250.64,-73,-126,259,-108,-10,40,-82.02991374,11.16724495,209.5435957,-28.00565125,32.16211942,30.83498338,-453.8269975,368.4333007,0.27930095,0.213047151,-123,-132.0299137,,,,,,,
1767173165,903076904,1098_1767173165-903076904.png,-60907,76715,68150,-67600,-0.583132276,0.734480316,220.84,246.84,146,-112,-166,3,191,9,-60.41658164,-14.80218561,180.8997758,-33.843739,41.98148738,29.84921064,-416.6981052,306.4468076,0.295134741,0.193811182,96,-110.4165816,,,,,,,
1767173165,936425537,1099_1767173165-936425537.png,-58104,73922,68600,-68750,-0.556295956,0.707739737,220.31,244.51,123,-233,-369,31,303,-13,-27.47709241,-45.97599207,96.8306473,-24.14975763,81.04144661,23.63222833,-428.284633,328.4751425,0.304600215,0.202971554,73,-77.47709241,,,,,,,
1767173165,969773193,1100_1767173165-969773193.png,-55643,71383,67950,-68400,-0.532733992,0.68343099,219.53,240.93,-201,-137,-336,80,217,-11,-43.96657926,-61.92064127,32.62756334,-10.26270116,103.2831213,18.51269105,-433.1761178,346.388201,0.317178591,0.214936585,-251,-93.96657926,,,,,,,
1767173166,3122070,1101_1767173166-3122070.png,-52978,68728,68100,-67650,-0.507218903,0.658011642,217.95,236.61,-160,4,163,-54,-3,-6,-49.91344174,-46.33255583,33.60901295,-10.11607598,95.36667919,16.40183988,-446.6787434,323.3234527,0.329706733,0.174582786,-210,-99.91344174,,,,,,,
1767173166,69818848,1102_1767173166-69818848.png,-50242,66056,68550,-68800,-0.48102405,0.632429534,216.88,234.18,-228,155,59,-45,-1,7,-82.59821106,-17.14190124,50.1726179,-18.8552569,73.61835738,12.93937571,-448.0360389,322.3647022,0.342182744,0.174582786,-278,-132.5982111,,,,,,,
1767173166,103166748,1103_1767173166-103166748.png,-46898,62725,68000,-68400,-0.449008119,0.600538067,216.06,232.3,-274,132,117,-16,62,14,-114.4531673,9.243502244,60.18016141,-19.13248761,69.93630714,12.93664622,-415.727523,292.1374817,0.357701383,0.174582786,-324,-164.4531673,,,,,,,
1767173166,136515625,1104_1767173166-136515625.png,-44458,60256,68150,-67650,-0.425647212,0.57689951,214.11,229.85,-47,-69,135,-53,111,42,-121.2158189,11.87436887,76.36913141,-20.87634934,74.48237557,16.8257557,-437.7490756,333.4409857,0.370052792,0.174582786,-97,-171.2158189,,,,,,,
1767173166,203212646,1105_1767173166-203212646.png,-40558,56305,68150,-67600,-0.388308058,0.539072074,213.43,228.66,2,-21,272,-108,118,52,-95.66821663,-1.136963882,110.9259385,-36.87602643,84.5507431,24.52332358,-440.2154687,314.3834734,0.38540951,0.174582786,-48,-145.6682166,,,,,,,
1767173166,236560547,1106_1767173166-236560547.png,-37143,52950,68700,-68750,-0.355612362,0.506950827,212.26,225.7,41,112,260,-6,28,32,-71.35438134,24.95177172,150.0392871,-37.34724068,81.49791044,27.66380808,-200.624405,176.6932337,0.400670955,0.174582786,-9,-121.3543813,,,,,,,
1767173166,303257568,1107_1767173166-303257568.png,-35371,51189,68200,-67600,-0.338646982,0.490090763,211.07,223.45,-79,10,209,-43,74,40,-64.39861207,30.84348521,153.1416021,-34.54153158,82.50864404,29.4822827,-437.3404778,304.8787899,0.41583333,0.174582786,-129,-114.3986121,,,,,,,
1767173166,336606689,1108_1767173166-336606689.png,-31344,47163,68200,-67650,-0.300091912,0.451545267,210.59,222.59,-16,-105,373,-63,18,6,-61.59618797,16.29679007,179.0756824,-38.03115378,75.75092464,28.4935965,-442.78005,307.182313,0.427889393,0.174582786,-66,-111.596188,,,,,,,
1767173166,369954590,1109_1767173166-369954590.png,-27714,43528,68200,-67600,-0.265337776,0.41674326,209.3,221.14,-57,-128,374,-83,41,-6,-53.67300287,-6.571042241,216.2165061,-40.26716392,56.47443326,21.39225166,-320.3838306,261.2376599,0.442864048,0.174582786,-107,-103.6730029,,,,,,,
1767173166,436651611,1110_1767173166-436651611.png,-23833,39568,68250,-67700,-0.22818053,0.378829657,208.61,220.55,-123,-37,205,-59,81,16,-64.14899318,-23.33852535,230.5814078,-47.34141664,58.49140317,17.82506683,-438.7373213,325.9019485,0.460688785,0.117997387,-173,-114.1489932,,,,,,,
1767173166,470000488,1111_1767173166-470000488.png,-21038,36780,68750,-68750,-0.201420803,0.352136949,207.03,219.63,-92,130,274,-7,109,10,-81.28049972,-18.06120731,208.0983545,-40.05378481,64.46032997,15.67706599,-415.7566158,298.3121157,0.472481229,0.092948296,-142,-131.2804997,,,,,,,
1767173166,536697510,1112_1767173166-536697510.png,-17075,32824,68700,-68750,-0.163478477,0.314261642,205.15,218.93,-186,27,92,-109,129,35,-85.16603137,3.375073008,213.4043401,-42.37372375,79.60046298,14.56757142,-334.9115224,211.1559505,0.490029164,0.076756942,-236,-135.1660314,,,,,,,
1767173166,570045410,1113_1767173166-570045410.png,-14266,30089,67900,-68450,-0.136584712,0.288076363,204.1,218.98,-165,60,82,-117,162,41,-102.6929511,11.98697523,188.1096698,-56.55381348,93.33027597,19.33759727,-234.8732411,265.8646233,0.501631225,0.095413194,-215,-152.6929511,,,,,,,
1767173166,603394531,1114_1767173166-603394531.png,-11758,27561,68200,-67650,-0.112572763,0.263872932,203.05,218.78,-122,-70,80,-87,102,34,-107.1722403,1.272981845,169.4796815,-62.61265868,96.42302953,22.05752568,-240.3941172,268.2843542,0.513153958,0.104526442,-172,-157.1722403,,,,,,,
1767173166,670091553,1115_1767173166-670091553.png,-7923,23672,68150,-67700,-0.075855928,0.226639093,200.24,219,-131,-105,405,-21,47,41,-127.241086,-31.90723334,227.9597576,-55.57666774,83.39916081,28.81589034,-298.4995596,296.1788206,0.527442949,0.026214717,-181,-177.241086,,,,,,,
1767173166,736788574,1116_1767173166-736788574.png,-4242,20045,68700,-68650,-0.040613511,0.19191368,196.21,219.54,-186,116,156,-54,107,24,-159.7932321,-6.828853268,229.5658742,-55.22426654,91.20130882,30.79863723,-229.2540469,313.0328259,0.544417305,0.043559961,-236,-209.7932321,,,,,,,
1767173166,770136475,1117_1767173166-770136475.png,-1910,17669,67950,-68400,-0.018286612,0.169165518,194.25,219.27,-126,151,-22,-44,90,29,-157.1933925,18.55647051,195.7036955,-53.82455935,91.91175648,30.21778721,-277.1919492,271.1371062,0.552832195,0.039898259,-176,-207.1933925,,,,,,,
1767173166,803485596,1118_1767173166-803485596.png,1354,14462,68200,-67700,0.012963388,0.138461244,192.32,218.77,4,75,195,-15,21,26,-132.7912212,30.3305224,189.8153755,-47.88570013,81.49068726,29.56860797,-279.73562,272.0580282,0.56397536,0.003588124,-46,-182.7912212,,,,,,,
1767173166,836833496,1119_1767173166-836833496.png,3949,11789,68700,-68700,0.037808287,0.112869562,189.05,217.5,-152,55,55,-69,130,35,-123.8384044,37.42546493,164.693243,-51.39184359,89.61281848,32.29444062,-284.8864723,285.8542342,0.577778657,-0.003031593,-202,-173.8384044,,,,,,,
1767173166,870182617,1120_1767173166-870182617.png,6549,9267,67950,-68450,0.062701057,0.088723575,187.54,215.79,-79,112,295,-41,84,30,-120.7569087,47.68749775,171.4273179,-51.56141595,92.16684551,32.23760058,-273.9794689,252.8692627,0.585992312,0.006132985,-129,-170.7569087,,,,,,,
1767173166,936879639,1121_1767173166-936879639.png,9753,6062,67900,-68300,0.093376608,0.05803845,186.47,214.8,-118,151,313,-17,79,31,-119.244056,64.5051923,195.4150726,-46.22642487,90.0242705,31.99714805,-174.8316347,121.2110839,0.599565446,0.036719049,-168,-169.244056,,,,,,,
1767173166,970227783,1122_1767173166-970227783.png,12754,2986,68150,-67500,0.122108609,0.028588388,185.43,212.39,-72,-14,66,14,134,31,-118.2609918,50.01763426,155.5829692,-33.82926042,99.32126561,31.64126897,-189.2755549,299.4734776,0.612990308,0.017141641,-122,-168.2609918,,,,,,,
1767173167,36924561,1123_1767173167-36924561.png,16036,-432,68800,-68800,0.153530944,-0.004136029,184.84,209.46,-71,2,214,-6,64,17,-108.9289804,39.64590322,159.4388031,-27.25692565,95.97028739,29.46655042,-253.9615522,252.5448551,0.623621314,-0.050042526,-121,-158.9289804,,,,,,,
1767173167,70272949,1124_1767173167-70272949.png,18900,-3087,67950,-68350,0.180951287,-0.029555377,184.79,208.27,-118,117,158,-78,140,39,-105.6508188,50.88726168,180.8432629,-27.31127523,85.76843996,29.02579993,-186.9141685,269.223474,0.634153583,-0.050042526,-168,-155.6508188,,,,,,,
1767173167,103620605,1125_1767173167-103620605.png,21507,-5689,68200,-67600,0.205911075,-0.054467295,185.07,207.15,-251,293,204,-155,145,81,-123.9051004,84.92602739,181.7728273,-46.52486283,97.13094463,35.99647896,-43.21345586,248.8518531,0.644585585,-0.050042526,-301,-173.9051004,,,,,,,
1767173167,136969238,1126_1767173167-136969238.png,24364,-8623,68750,-68750,0.2332644,-0.082557828,185.68,206.05,-204,342,319,-142,205,72,-138.9958336,128.0504982,202.4318602,-63.37001554,114.1780182,42.45765472,-44.71342289,247.897258,0.657481942,-0.050042526,-254,-188.9958336,,,,,,,
1767173167,203665283,1127_1767173167-203665283.png,27296,-11491,67950,-68450,0.261335784,-0.110016468,187.93,203.25,-108,47,381,-56,111,23,-129.8068423,129.4868318,262.6936259,-60.52568488,101.763136,38.10867192,-32.06156653,228.624095,0.667682116,-0.050042526,-158,-179.8068423,,,,,,,
1767173167,237012695,1128_1767173167-237012695.png,30166,-14347,68100,-67550,0.288813572,-0.137360218,189.23,202.24,-78,104,359,-66,79,19,-121.0895327,121.4436972,282.9676976,-61.08946487,98.91750656,34.52366563,-35.62647218,230.4281106,0.677776695,-0.050042526,-128,-171.0895327,,,,,,,
1767173167,270361328,1129_1767173167-270361328.png,32008,-16259,68650,-68850,0.306449142,-0.155665977,192.7,200.82,-42,82,378,-7,56,7,-107.2798645,122.1367337,274.5951355,-52.1669808,90.22544396,31.6090887,-38.53614068,181.4247985,0.687764015,-0.050042526,-92,-157.2798645,,,,,,,
1767173167,303708740,1130_1767173167-303708740.png,35776,-19959,68800,-68800,0.34252451,-0.191090303,194.66,200.32,-196,-129,375,-69,16,8,-105.4362512,102.2693953,292.2813513,-48.16102432,81.85933819,27.41751604,-14.56459194,149.4391284,0.697642478,-0.050042526,-246,-155.4362512,,,,,,,
1767173167,337057373,1131_1767173167-337057373.png,38150,-22471,68050,-67550,0.365253523,-0.215140548,196.76,199.85,-166,-150,235,-55,-26,26,-119.8545542,53.85252841,292.0724288,-50.63550841,63.7918802,25.70053621,-41.55204982,165.7486334,0.70741062,-0.050042526,-216,-169.8545542,,,,,,,
1767173167,403753418,1132_1767173167-403753418.png,41363,-25618,68250,-67550,0.396015242,-0.245270374,201.71,199.75,-163,34,206,-6,-14,24,-120.705992,33.55442375,287.4884705,-50.26030937,47.32779078,25.1309863,-46.16968581,162.2093811,0.717066776,-0.078913136,-213,-170.705992,,,,,,,
1767173167,437100830,1133_1767173167-437100830.png,44640,-28830,68700,-68850,0.427389706,-0.276022518,204.34,199.93,-194,53,231,-12,15,29,-133.8423454,35.91146858,272.2453067,-41.0805624,37.06599645,25.47226627,-28.0270851,198.5735505,0.728977298,-0.033728751,-244,-183.8423454,,,,,,,
1767173167,470449463,1134_1767173167-470449463.png,47242,-31416,68000,-68450,0.452301624,-0.30078125,206.8,200.25,-259,188,217,-94,102,61,-153.7443011,58.60729595,263.0700505,-48.04679046,45.97566658,30.76165544,31.3859742,-0.72217536,0.738376126,-0.071649002,-309,-203.7443011,,,,,,,
1767173167,503796875,1135_1767173167-503796875.png,49684,-33949,68150,-67600,0.475681679,-0.325032552,209.21,200.49,-185,241,274,-86,112,54,-158.3151917,85.28073831,264.6684663,-53.59713718,55.63118576,34.16007341,-53.18715218,-76.72210145,0.747658108,-0.06003302,-235,-208.3151917,,,,,,,
1767173167,570492920,1136_1767173167-570492920.png,52695,-36879,68700,-68850,0.504509421,-0.353084789,211.89,202.09,13,78,-14,-22,90,6,-123.7447411,91.7248931,240.7511606,-52.85881619,63.11271306,31.43798384,-64.68516776,-88.46754718,0.756821779,-0.080466045,-37,-173.7447411,,,,,,,
1767173167,603841553,1137_1767173167-603841553.png,55154,-39411,68000,-68300,0.528052237,-0.377326517,214.24,202.88,9,42,87,-58,64,19,-100.6979572,84.08829895,211.4963744,-52.79060854,63.95699309,28.94302357,-44.08221328,187.3936687,0.765865741,-0.103087853,-41,-150.6979572,,,,,,,
1767173167,637188965,1138_1767173167-637188965.png,58838,-43021,68150,-67600,0.563323376,-0.41188917,217.68,203.93,-88,39,36,2,3,26,-83.76225638,87.90237359,186.2586668,-50.0106518,56.52062767,27.80952708,-79.83673108,-0.927939177,0.777000085,-0.1159122,-138,-133.7622564,,,,,,,
1767173167,703885010,1139_1767173167-703885010.png,61908,-46098,68250,-67550,0.592715993,-0.441348805,219.91,204.38,0,-22,85,-52,29,14,-71.84015416,68.05144658,159.8401833,-46.28280331,48.36051311,25.65017753,-38.63725111,220.7334251,0.787942348,-0.123389911,-50,-121.8401542,,,,,,,
1767173167,737233643,1140_1767173167-737233643.png,64711,-48956,68600,-68800,0.619552313,-0.468711703,224.87,204.91,-127,-28,370,-35,-126,16,-73.72143806,42.24233232,167.1128644,-47.59181378,35.51429012,22.1405,-46.35554197,233.9149189,0.794414362,-0.121977478,-177,-123.7214381,,,,,,,
1767173167,770581055,1141_1767173167-770581055.png,66423,-50613,68150,-67550,0.635943244,-0.484576057,227.73,205.04,-76,-34,386,-35,-144,35,-79.57025413,25.82957977,214.3612069,-44.77741593,-2.724429372,23.02549012,-11.72772035,241.938848,0.805043704,-0.098333257,-126,-129.5702541,,,,,,,
1767173167,837277100,1142_1767173167-837277100.png,71471,-55728,67950,-68350,0.684273514,-0.533547794,233.77,205.96,-21,-70,174,1,-17,20,-81.09075346,14.0999288,221.2973868,-40.76046871,-16.04256324,26.47233592,-43.62523571,250.9119272,0.815473974,-0.098333257,-71,-131.0907535,,,,,,,
1767173167,870625488,1143_1767173167-870625488.png,74066,-58316,68200,-67650,0.709118413,-0.558325674,236.92,206.52,-16,-87,188,19,8,17,-71.57176272,-0.685109552,216.4279161,-32.02098855,-12.52653485,25.0870842,-64.82673535,241.5780449,0.823673181,-0.098333257,-66,-121.5717627,,,,,,,
1767173167,937321533,1144_1767173167-937321533.png,78638,-62832,68200,-67550,0.752891391,-0.6015625,246.29,209.02,-125,73,106,-31,-17,11,-85.96256095,-6.0335787,205.2221659,-26.75821987,-8.451267876,21.68517901,-57.31553578,250.2092352,0.835727247,-0.098333257,-175,-135.962561,,,,,,,
1767173167,970668945,1145_1767173167-970668945.png,80901,-65146,68700,-68850,0.774557675,-0.623717065,246.29,209.02,-125,73,106,-31,-17,11,-88.35495421,-1.190038618,199.1413766,-27.01817561,-8.975173377,21.03034224,-65.88686877,232.0564532,0.843598287,-0.098333257,-175,-138.3549542,,,,,,,
1767173168,37365234,1146_1767173168-37365234.png,84997,-69370,68700,-68700,0.813773361,-0.664158241,256.69,211.13,-121,26,-53,-40,62,49,-82.96554052,17.60068657,169.2468994,-39.034161,11.66760487,28.46915335,-48.35093063,219.2301743,0.855154142,-0.098333257,-171,-132.9655405,,,,,,,
1767173168,70714111,1147_1767173168-70714111.png,87579,-71910,67950,-68450,0.838493796,-0.688476563,256.69,211.13,-121,26,-53,-40,62,49,-85.29646659,18.11543501,155.6265904,-39.09335204,14.75220482,29.72737777,-49.78920537,213.927314,0.862689157,-0.198095038,-171,-135.2964666,,,,,,,
1767173168,137410645,1148_1767173168-137410645.png,92298,-76540,67900,-68450,0.883674173,-0.732804841,270.74,215.16,54,-77,30,55,133,3,-42.5032874,-1.329953859,125.4088203,3.944917861,19.97866228,22.30589648,-38.28794283,213.1465292,0.873735416,-0.145658968,4,-92.5032874,,,,,,,
1767173168,170758545,1149_1767173168-170758545.png,94738,-79003,68150,-67600,0.90703508,-0.756385953,270.74,215.16,54,-77,30,55,133,3,-36.58912347,-5.967361243,119.5617304,7.073807389,26.90512807,21.12274262,-61.4677521,196.9980817,0.882703212,-0.145658968,4,-86.58912347,,,,,,,
1767173168,204107422,1150_1767173168-204107422.png,97478,-81796,68750,-68900,0.933268229,-0.783126532,274.43,216.32,-36,76,228,-1,63,26,-34.09559025,4.132024435,133.039865,7.166703205,35.00314744,21.35439522,-35.29813927,200.8105872,0.889720442,-0.145658968,-86,-84.09559025,,,,,,,
1767173168,270804199,1151_1767173168-270804199.png,100694,-84870,67950,-68350,0.96405867,-0.812557445,281.93,218.06,-80,-66,235,-26,9,26,-46.9171008,-4.439775021,149.3043774,-1.615482798,29.15346007,24.47331661,-56.8558957,185.1229589,0.896596857,-0.145658968,-130,-96.9171008,,,,,,,
1767173168,304151855,1152_1767173168-304151855.png,102255,-86450,68650,-68750,0.979003906,-0.827684589,286,218.95,3,-65,250,-27,4,34,-43.62466531,-16.54460881,168.1026472,-6.576184488,24.55764071,25.72696799,-53.96609861,182.3395591,0.903331459,-0.145658968,-47,-93.62466531,,,,,,,
1767173168,337500732,1153_1767173168-337500732.png,105872,-90129,68650,-68800,1.013633578,-0.862907858,290.34,220.06,20,-63,161,-5,34,25,-33.08104152,-24.62601757,169.2403406,-6.888437146,25.39219546,25.84050821,-55.13169339,182.859127,0.909923115,-0.145658968,-30,-83.08104152,,,,,,,
1767173168,370848633,1154_1767173168-370848633.png,108614,-92858,67950,-68400,1.039885876,-0.889035692,294.8,220.66,-36,11,54,4,45,35,-33.50791534,-19.41600365,152.3873826,-5.296092199,28.25967663,27.18000902,-45.15786719,185.0508842,0.916370828,-0.145658968,-86,-83.50791534,,,,,,,
1767173168,404197510,1155_1767173168-404197510.png,111191,-95387,68200,-67550,1.064558441,-0.913248698,304.23,222.82,-143,17,245,-100,9,60,-48.320953,-7.030055073,165.4168877,-15.71152113,37.11660881,31.00987851,-45.89174578,185.6721878,0.921111521,-0.145658968,-193,-98.320953,,,,,,,
1767173168,470894043,1156_1767173168-470894043.png,114680,-98872,68550,-68850,1.097962623,-0.946614583,308.92,224.07,-180,-77,173,-78,-67,50,-77.18197981,-14.82502971,174.5985986,-33.37074718,19.03831632,36.72772521,-46.5866608,186.4309061,0.930346498,-0.145658968,-230,-127.1819798,,,,,,,
1767173168,504241943,1157_1767173168-504241943.png,117552,-101744,68000,-68450,1.125459559,-0.97411152,315.89,227.84,262,-111,458,80,-199,4,-41.81874828,-45.17883618,201.6314021,-22.39086773,-10.25374858,33.3866033,-55.91901699,178.8763936,0.936319369,-0.258286187,212,-91.81874828,,,,,,,
1767173168,537590820,1158_1767173168-537590820.png,120207,-104462,68100,-67550,1.150878906,-1.000134038,315.89,227.61,208,-39,421,161,-225,-16,12.09280871,-49.69398994,248.1408927,7.564159886,-50.82111497,25.17521315,-52.72972003,180.7183809,0.942144102,-0.273787883,158,-37.90719129,,,,,,,
1767173168,604287354,1159_1767173168-604287354.png,123149,-107467,68150,-67550,1.179046032,-1.028904335,321.56,227.61,-20,41,197,43,-16,31,12.60567244,-36.14654554,245.2556339,16.82387324,-50.357563,24.93282171,-56.95700613,174.6573756,0.947819764,-0.286597846,-70,-37.39432756,,,,,,,
1767173168,637635254,1160_1767173168-637635254.png,126151,-110331,68750,-68800,1.207787607,-1.056324678,332.25,234.5,-85,-212,27,-60,91,33,-25.56997026,-68.26922731,196.8723095,4.175177394,-27.80715173,26.86892412,-57.59860602,177.1251085,0.953345424,-0.293050259,-135,-75.56997026,,,,,,,
1767173168,670983887,1161_1767173168-670983887.png,128882,-113140,68050,-68400,1.233934589,-1.083218444,337.58,236.88,-89,-65,178,-82,-6,37,-37.95560455,-75.31144198,185.2242929,-11.78502549,-18.40178062,28.67130264,-61.14766648,176.4682691,0.960040345,-0.293050259,-139,-87.95560455,,,,,,,
1767173168,737680664,1162_1767173168-737680664.png,132100,-116281,68150,-67550,1.264744179,-1.113290824,348.5,241.71,-64,105,196,-14,-70,42,-33.92936133,-41.84182386,193.2669776,-12.63667816,-23.15615336,30.9060643,-75.36741635,170.7353969,0.965225453,-0.293050259,-114,-83.92936133,,,,,,,
1767173168,771028564,1163_1767173168-771028564.png,134750,-118943,68800,-68850,1.290115656,-1.138777191,354.24,246.04,-67,47,-115,46,-30,25,-41.08917896,-17.50321576,148.3966274,-4.166884739,-27.77655418,30.89956017,-76.3306604,171.7282503,0.970257829,-0.293050259,-117,-91.08917896,,,,,,,
1767173168,837725098,1164_1767173168-837725098.png,139730,-124060,68150,-67600,1.337794884,-1.187768076,362.51,253.06,44,-206,208,-26,28,1,-26.84423172,-37.12811313,141.1230289,-2.744588274,-13.70410056,26.45797158,-86.56456834,174.2845361,0.979861321,-0.293050259,-6,-76.84423172,,,,,,,
1767173168,871073975,1165_1767173168-871073975.png,142873,-127064,68750,-68750,1.367886412,-1.216528799,372.27,258.74,-239,-273,409,-60,74,39,-49.35717937,-75.86266412,149.4653692,-9.837483616,1.251186313,25.70292508,-94.77230641,174.098403,0.984430906,-0.293050259,-289,-99.35717937,,,,,,,
1767173168,937770508,1166_1767173168-937770508.png,145682,-129856,67900,-68350,1.394780178,-1.243259804,377.43,258.74,-252,-145,356,-21,50,68,-93.64541328,-101.2059004,199.7231696,-15.34588255,14.00147874,32.91596892,-117.8221073,171.5745006,0.988844696,-0.293050259,-302,-143.6454133,,,,,,,
1767173168,971118408,1167_1767173168-971118408.png,149017,-133351,68000,-68550,1.426709942,-1.276721431,385.44,265.58,-90,9,38,-2,-24,41,-99.78553817,-85.91238522,173.3765004,-20.38351979,7.416707691,36.03124085,-126.3046683,172.5662076,0.994141856,-0.293050259,-140,-149.7855382,,,,,,,
1767173169,4467285,1168_1767173169-4467285.png,151823,-136070,68050,-67550,1.453574985,-1.302753523,385.44,267.81,-29,88,1,38,-21,43,-88.67761985,-53.14540196,137.7075346,-10.42494392,0.833480976,37.43429248,-136.9091846,177.2714071,0.998202644,-0.293050259,-79,-138.6776199,,,,,,,
1767173169,71163574,1169_1767173169-71163574.png,155161,-139353,68700,-68800,1.485533471,-1.334185432,398.68,271.83,122,-78,453,49,-200,16,-37.10823693,-53.61506273,168.9581566,10.61309313,-29.62316977,33.0216435,-142.0611408,180.0271521,1.003056522,-0.373273528,72,-87.10823693,,,,,,,
1767173169,104511475,1170_1767173169-104511475.png,158164,-142353,67950,-68450,1.51428462,-1.362907858,405.77,274.18,-36,117,296,45,-122,52,-20.31844778,-35.89673593,213.7906848,18.71770192,-58.43667318,33.49441519,-150.1891335,180.7957573,1.006761178,-0.371596638,-86,-70.31844778,,,,,,,
1767173169,137860107,1171_1767173169-137860107.png,160966,-145142,68100,-67550,1.541111366,-1.389610141,412.75,275.78,-125,86,94,9,21,56,-36.04400182,-14.0071497,198.456964,17.99501161,-48.50888523,37.27745339,-152.7893664,180.6739612,1.010306512,-0.371596638,-175,-86.04400182,,,,,,,
1767173169,171207764,1172_1767173169-171207764.png,163562,-147755,68750,-68800,1.565965839,-1.414627374,426.85,278.86,-4,-50,217,16,-5,25,-47.25298586,-4.543221179,173.0356992,17.59887404,-37.12399592,37.58518177,-159.0876305,175.682899,1.013691989,-0.371596638,-54,-97.25298586,,,,,,,
1767173169,237904297,1173_1767173169-237904297.png,166295,-150474,67950,-68500,1.59213197,-1.440659467,433.97,280.6,-11,99,140,16,49,30,-39.49619171,4.133889154,172.616799,17.28139514,-24.32940344,35.68028404,-163.1784143,175.6677103,1.016917077,-0.371596638,-61,-89.49619171,,,,,,,
1767173169,271252930,1174_1767173169-271252930.png,168753,-153014,68100,-67600,1.615665211,-1.464977788,441,282.96,2,37,135,-24,41,19,-32.67043507,11.46132765,166.2488679,11.21027579,-12.82680524,33.08997698,-173.5457074,176.2412984,1.019981243,-0.371596638,-48,-82.67043507,,,,,,,
1767173169,304600830,1175_1767173169-304600830.png,172098,-156278,68650,-68700,1.647690717,-1.496227788,452.47,286.34,-162,-64,245,-12,-78,18,-46.27004407,13.91191249,186.965351,0.97309182,-14.78550166,30.36820906,-171.0119074,180.544714,1.0235845,-0.371596638,-212,-96.27004407,,,,,,,
1767173169,337949463,1176_1767173169-337949463.png,174752,-158947,68000,-68400,1.67310049,-1.521781173,457.82,287.54,-137,-26,144,6,-56,30,-66.27951775,2.956316208,186.4887952,0.535742917,-24.72373388,29.3380879,-166.2039993,182.9462471,1.026284946,-0.371596638,-187,-116.2795178,,,,,,,
1767173169,404645752,1177_1767173169-404645752.png,177760,-162021,67950,-68450,1.70189951,-1.551212086,463.3,288.84,-14,-122,265,-67,65,38,-60.5134411,-16.08702923,196.8412903,-9.195596559,-12.43352844,30.62241187,-162.9621665,195.3379288,1.028823005,-0.371596638,-64,-110.5134411,,,,,,,
1767173169,437993652,1178_1767173169-437993652.png,180894,-165232,68200,-67550,1.731904871,-1.581954657,473.9,293.09,44,-160,152,11,140,17,-33.72551759,-54.82414477,208.0288898,-11.53893856,11.79019811,28.92367927,-161.918203,195.6000054,1.031766597,-0.371596638,-6,-83.72551759,,,,,,,
1767173169,504689941,1179_1767173169-504689941.png,184590,-168839,68250,-67600,1.767290901,-1.616488588,490.81,296.52,71,-33,153,-2,150,27,-14.6983938,-57.78188122,203.1175205,-4.140529709,40.64739417,25.08682915,-164.3691405,195.7302556,1.034455124,-0.461884409,21,-64.6983938,,,,,,,
1767173169,538038818,1180_1767173169-538038818.png,188204,-172465,68650,-68800,1.80189185,-1.651204427,497.15,298.31,98,-5,208,-28,39,50,8.404594071,-48.14810873,199.9590478,-7.464387166,48.85596569,28.87800424,-152.0240572,196.7381544,1.037343789,-0.485736644,48,-41.59540593,,,,,,,
1767173169,604735107,1181_1767173169-604735107.png,191422,-175674,68650,-68700,1.83270144,-1.681927849,508.39,304.17,46,183,478,-47,16,63,16.16981731,4.205667472,229.9065155,-13.26169977,43.16667005,36.5561323,-159.9046963,199.9246278,1.039064457,-0.485736644,-4,-33.83018269,,,,,,,
1767173169,638082764,1182_1767173169-638082764.png,195029,-179216,67950,-68350,1.867235371,-1.715839461,518.89,308.45,-99,-133,387,-129,-12,33,14.88753709,12.86897083,266.843212,-26.90568859,39.02614476,38.74778474,-148.8502808,198.2174759,1.040984063,-0.496953591,-149,-35.11246291,,,,,,,
1767173169,704779297,1183_1767173169-704779297.png,198171,-182502,67950,-68450,1.897317325,-1.747300092,524.33,310.59,41,-271,531,-79,-31,6,6.066391462,-36.13046581,310.8085957,-43.78413219,25.36383085,34.25513568,-150.5395457,203.0844493,1.042646275,-0.480661602,-9,-43.93360854,,,,,,,
1767173169,738127930,1184_1767173169-738127930.png,200559,-184819,68700,-68750,1.920180377,-1.769483379,529.82,312.7,-5,-284,255,-2,8,19,5.709731201,-72.02278953,310.217299,-39.78553557,21.75480265,31.66762681,-140.8360617,199.6800325,1.043790503,-0.482152003,-55,-44.2902688,,,,,,,
1767173169,771475586,1185_1767173169-771475586.png,202958,-187131,67900,-68400,1.943148744,-1.791618796,540.73,317.77,-67,-70,161,-46,-30,60,-11.91239513,-81.18676133,249.0323287,-32.17522197,11.77124753,37.00971841,-144.9331446,205.3444123,1.044988592,-0.496998074,-117,-61.91239513,,,,,,,
1767173169,838172119,1186_1767173169-838172119.png,207449,-191715,68000,-68450,1.986146216,-1.835506664,550.95,321.55,-127,90,165,-60,74,48,-19.9009633,-59.53283673,238.9029602,-32.09723465,12.09837189,38.08406537,-143.3401845,203.8264027,1.045928289,-0.508430371,-177,-69.9009633,,,,,,,
1767173169,904868408,1187_1767173169-904868408.png,212506,-196693,68650,-68750,2.034562653,-1.883166743,560.47,327.34,-47,-35,81,-101,71,48,-46.75300835,-33.00280334,201.3063115,-45.60044212,35.44188971,42.07071577,-139.6692331,203.9570827,1.046809395,-0.507246375,-97,-96.75300835,,,,,,,
1767173169,971564697,1188_1767173169-971564697.png,216395,-200579,68650,-68750,2.071796492,-1.92037186,569.08,333.1,-256,147,-43,-58,31,49,-76.63598641,-8.912400133,166.2717047,-46.3856935,24.13596997,41.36867416,-116.1322578,200.3295641,1.047160933,-0.514930158,-306,-126.6359864,,,,,,,
1767173170,4913574,1189_1767173170-4913574.png,219134,-203451,67950,-68400,2.098020067,-1.947868796,572.82,335.72,-330,-26,-79,-82,-12,75,-123.0731253,-3.253639781,119.4531631,-52.20168102,19.21052094,46.68626859,-116.4072756,198.4348462,1.04718823,-0.533663814,-380,-173.0731253,,,,,,,
1767173170,38261230,1190_1767173170-38261230.png,222405,-206582,68200,-67650,2.129337086,-1.977845435,581.51,341.65,-150,-109,-54,-79,-63,72,-133.1107466,-24.50384424,81.68465102,-57.68301222,19.17216401,50.63583034,-115.2747999,199.8610072,1.047049812,-0.533541241,-200,-183.1107466,,,,,,,
1767173170,71609619,1191_1767173170-71609619.png,225346,-209524,68800,-68900,2.157494638,-2.006012561,586.57,344.8,-22,206,563,-108,-87,71,-121.6775544,-5.963378887,124.6656072,-65.8931625,-2.045667346,55.29212516,-107.6737893,203.3817751,1.04664388,-0.538205949,-72,-171.6775544,,,,,,,
1767173170,138305908,1192_1767173170-138305908.png,227862,-212193,67950,-68500,2.18158318,-2.031565947,591.84,346.93,19,80,546,-122,-109,69,-98.45571068,12.24092583,197.9309235,-75.21730551,-19.94450027,57.71422188,-110.4321493,210.6779366,1.046132753,-0.533558835,-31,-148.4557107,,,,,,,
1767173170,171653564,1193_1767173170-171653564.png,231214,-215407,68000,-68400,2.213675705,-2.06233724,602.91,351.58,17,-157,201,-87,16,34,-69.85705625,-14.54660333,197.8188548,-75.72275464,-21.08798201,55.07398118,-106.1760951,208.6390693,1.045456177,-0.541814151,-33,-119.8570562,,,,,,,
1767173170,205002197,1194_1767173170-205002197.png,234142,-218341,68150,-67600,2.241708793,-2.090427773,608.79,353.9,-9,-87,98,-76,-2,54,-56.41265552,-32.59579778,183.3876076,-76.35334997,-16.35599525,53.81428282,-99.76366785,200.3481917,1.044377796,-0.561114463,-59,-106.4126555,,,,,,,
1767173170,271698486,1195_1767173170-271698486.png,236808,-220988,68750,-68700,2.267233456,-2.115770527,621.82,359.75,-11,-45,136,-16,17,40,-62.73357789,-52.16729405,184.8331521,-73.71623252,-11.29997699,52.70215462,-109.3800034,206.7771647,1.043329243,-0.561114463,-61,-112.7335779,,,,,,,
1767173170,305045898,1196_1767173170-305045898.png,238238,-222436,68100,-67500,2.280924479,-2.129633885,628.39,362.06,21,99,53,26,119,48,-49.56503029,-37.71159067,167.6248348,-58.45470757,3.550760873,50.90399325,-83.91037089,178.6535783,1.042115574,-0.561114463,-29,-99.56503029,,,,,,,
1767173170,338394531,1197_1767173170-338394531.png,242822,-227001,68250,-67650,2.324812347,-2.173339844,635.04,364.27,128,20,261,21,42,42,-19.90547704,-22.11868889,175.2827643,-42.41624853,15.21420783,49.44991365,-81.31708646,176.300477,1.040736989,-0.561114463,78,-69.90547704,,,,,,,
1767173170,371742188,1198_1767173170-371742188.png,245683,-229876,68700,-68750,2.352203968,-2.200865502,649.62,368.14,151,143,398,34,64,20,18.02761434,-9.95218033,204.1803166,-26.00147541,24.65525586,43.53259181,-92.25740367,203.8877306,1.03919382,-0.561114463,101,-31.97238566,,,,,,,
1767173170,438438477,1199_1767173170-438438477.png,248341,-232531,68000,-68450,2.377652037,-2.22628485,657.67,368.79,139,119,222,5,181,45,39.58167977,13.62896339,216.7644081,-19.07781655,45.35584217,42.43610527,-92.17129421,203.6654885,1.037033597,-0.561114463,89,-10.41832023,,,,,,,
1767173170,471786865,1200_1767173170-471786865.png,252372,-236561,67850,-68450,2.416245404,-2.264868643,673.6,369.83,173,-154,149,-94,137,69,54.33618177,-12.92179288,182.0618542,-27.40570898,62.85434443,49.07548251,-94.73003095,201.9378462,1.034617045,-0.561114463,123,4.336181769,,,,,,,
1767173170,538483154,1201_1767173170-538483154.png,256405,-240587,67950,-68400,2.45485792,-2.303414139,688.86,371.63,-92,146,108,-21,-8,68,41.65444489,-2.224995822,166.0392525,-34.23384476,63.7064678,54.85092234,-92.69756198,203.8040495,1.031379573,-0.561114463,-142,-8.345555108,,,,,,,
1767173170,605179199,1202_1767173170-605179199.png,261126,-245307,68800,-68750,2.500057445,-2.34860409,710.73,376.09,-289,80,81,-29,-35,56,-45.29603969,36.20636947,151.9955542,-28.10375584,33.30344353,55.50959158,-92.0984973,202.8477349,1.027774984,-0.657188966,-339,-95.29603969,,,,,,,
1767173170,638526855,1203_1767173170-638526855.png,262676,-246869,68100,-67750,2.514897365,-2.3635589,710.73,376.09,-289,80,81,-29,-35,56,-52.88174687,37.56952195,149.7856948,-28.13165299,31.17738074,55.52485639,-93.71892667,177.861187,1.025168548,-0.645659935,-339,-102.8817469,,,,,,,
1767173170,671875488,1204_1767173170-671875488.png,265416,-249594,68700,-68750,2.541130515,-2.389648438,717.44,378.36,-164,31,185,-49,29,63,-75.40665489,37.73636025,153.10754,-31.20655426,29.1003126,56.63066185,-90.75730675,204.5303843,1.023107262,-0.638312442,-214,-125.4066549,,,,,,,
1767173170,705223145,1205_1767173170-705223145.png,268011,-252202,68050,-68400,2.565975414,-2.4146178,723.93,382.04,-105,-53,243,-66,4,65,-79.73443976,24.46690911,166.2535776,-36.29481135,25.42959701,57.85460916,-86.7704258,199.0287814,1.020217266,-0.638312442,-155,-129.7344398,,,,,,,
1767173170,771919189,1206_1767173170-771919189.png,270802,-255061,68100,-67650,2.592696844,-2.441990273,737.41,387.23,-48,73,293,-45,-14,56,-65.43114567,32.75044718,211.9502592,-42.57463296,16.4368838,59.07052255,-90.87971726,206.2469933,1.016377787,-0.638312442,-98,-115.4311457,,,,,,,
1767173170,805267822,1207_1767173170-805267822.png,274354,-258550,68700,-68750,2.626704197,-2.475394455,751.9,391.26,-204,-61,550,-115,64,39,-81.08466719,39.23736146,293.4569293,-56.55994702,17.15463333,55.5743955,-89.01336291,205.7123799,1.013125268,-0.638312442,-254,-131.0846672,,,,,,,
1767173170,838615479,1208_1767173170-838615479.png,277014,-261345,67900,-68450,2.649682138,-2.498841529,759.31,393,-272,-28,353,-100,58,39,-99.85600388,29.35021406,311.8646128,-62.58413787,22.3527817,53.60513572,-86.16999739,204.5101805,1.009712494,-0.638312442,-322,-149.8560039,,,,,,,
1767173170,905311523,1209_1767173170-905311523.png,280983,-265164,68000,-68600,2.690171186,-2.538717831,773.85,397.14,69,-79,257,-42,-27,63,-105.9491318,4.34842946,326.2910273,-66.50369263,26.97751474,50.0263324,-89.77795777,208.1001573,1.004293893,-0.638312442,19,-155.9491318,,,,,,,
1767173170,938660156,1210_1767173170-938660156.png,283782,-268090,68300,-67550,2.71696921,-2.566731771,788.33,398.73,85,-75,252,-42,-15,66,-69.76246528,-11.83955676,312.0798022,-61.63814036,17.34556589,52.87394747,-89.4357928,208.2516143,1.000482776,-0.638312442,35,-119.7624653,,,,,,,
1767173170,972007568,1211_1767173170-972007568.png,286373,-270637,68650,-68700,2.741775812,-2.591117111,798.33,400.43,-151,132,284,-41,-31,42,-73.54527577,5.89110857,304.8298523,-57.59246998,8.583030321,51.97050567,-85.0331707,201.3110976,0.99549634,-0.638312442,-201,-123.5452758,,,,,,,
1767173171,38703857,1212_1767173171-38703857.png,290261,-274448,68650,-68650,2.779000077,-2.627604167,816.46,404.21,-212,-233,24,-70,29,63,-113.0037176,-17.97605228,247.248787,-55.31143545,11.55035296,51.37656216,-123.5944283,202.5686069,0.990263828,-0.638312442,-262,-163.0037176,,,,,,,
1767173171,72052490,1213_1767173171-72052490.png,292721,-276978,67900,-68400,2.802552466,-2.651826746,825.19,405.25,-185,-137,74,-81,-8,69,-126.9039503,-43.72966062,214.6083754,-59.15680923,10.16984567,54.09816454,-83.12512535,204.1148446,0.985901437,-0.638312442,-235,-176.9039503,,,,,,,
1767173171,138748535,1214_1767173171-138748535.png,296070,-280379,68250,-67600,2.834616268,-2.684388404,842.82,407,-14,157,157,-89,46,58,-101.7396963,-9.637704904,213.4653828,-61.51332794,18.10810272,53.50013419,-80.72354162,186.6924095,0.980229236,-0.683121758,-64,-151.7396963,,,,,,,
1767173171,172096191,1215_1767173171-172096191.png,298863,-283123,68550,-68750,2.861356847,-2.71065985,852.13,407.76,-129,99,42,-85,91,71,-98.94679619,19.12548301,184.026988,-67.07191008,30.92310634,56.40704351,-124.6265079,181.9116964,0.975516906,-0.700720791,-179,-148.9467962,,,,,,,
1767173171,205444824,1216_1767173171-205444824.png,301655,-285849,67950,-68450,2.888087852,-2.736758961,861.65,408.82,-195,4,181,-90,123,78,-112.9937923,16.91350473,183.5843158,-70.42495585,44.38859954,59.56483692,-80.26714849,187.0086496,0.971881292,-0.728266565,-245,-162.9937923,,,,,,,
1767173171,238792480,1217_1767173171-238792480.png,304325,-288506,68200,-67650,2.913650812,-2.762197457,881.11,410.25,68,-86,235,-1,36,62,-97.44264123,-1.155029328,193.7450039,-66.64518437,51.72367836,61.11919173,-105.2568799,188.4606028,0.966899383,-0.725342716,18,-147.4426412,,,,,,,
1767173171,272141113,1218_1767173171-272141113.png,306182,-290426,68700,-68750,2.931429994,-2.78057981,890.71,411.39,231,183,748,-92,-129,75,-41.09795686,11.84205735,263.9171719,-62.7848378,28.60507105,62.8606351,-103.5625497,181.072736,0.96045693,-0.716877466,181,-91.09795686,,,,,,,
1767173171,338837158,1219_1767173171-338837158.png,310409,-294585,68700,-68750,2.971899893,-2.820398667,910.02,415.2,41,88,43,-71,50,19,-12.81973671,37.91168822,348.5793163,-67.50718781,-4.344124199,60.55249389,-123.7170336,166.6724212,0.955131873,-0.742485399,-9,-62.81973671,,,,,,,
1767173171,372184814,1220_1767173171-372184814.png,312926,-297189,67900,-68350,2.995998009,-2.845329733,919.61,418.32,38,26,127,-117,9,32,-2.404583378,42.24619492,295.5045648,-72.3639061,2.736012059,53.47821114,-111.1368052,191.9203293,0.949655748,-0.748655247,-12,-52.40458338,,,,,,,
1767173171,405533447,1221_1767173171-405533447.png,316135,-300328,68200,-67700,3.026721431,-2.875382966,928.98,420.31,22,84,44,-78,-25,43,3.278444809,47.50231077,249.9075455,-75.52359809,-0.992407306,50.82207081,-116.0986843,163.3016775,0.942599436,-0.759189983,-28,-46.72155519,,,,,,,
1767173171,472229736,1222_1767173171-472229736.png,320087,-304284,68200,-67700,3.064558441,-2.913258272,951.87,430.04,-78,-20,323,-70,35,61,-36.04362277,35.83543837,220.1936587,-67.89676097,9.769879125,55.48550728,-51.65737802,136.2037578,0.936786488,-0.780266714,-128,-86.04362277,,,,,,,
1767173171,505577393,1223_1767173171-505577393.png,322206,-306473,67950,-68400,3.084846048,-2.934216069,951.87,430.04,-78,-20,323,-70,35,61,-38.61490194,32.41358669,226.4941026,-68.0256571,11.31609662,55.82346068,-137.0757538,175.0730586,0.929311993,-0.772882968,-128,-88.61490194,,,,,,,
1767173171,572273438,1224_1767173171-572273438.png,325287,-309550,67950,-68400,3.11434398,-2.963675705,965.73,438.04,-109,-130,291,-64,-173,73,-44.90320194,11.69556275,254.9525126,-63.79431991,-11.69178638,56.48851461,-89.02109069,165.3469927,0.921607734,-0.772882968,-159,-94.90320194,,,,,,,
1767173171,605622070,1225_1767173171-605622070.png,328148,-312406,68300,-67550,3.1417356,-2.991019455,973.38,441.42,-75,-27,314,-73,-69,80,-54.25726301,-4.911921664,266.373053,-65.15646794,-32.53665497,61.20269153,-104.8438013,170.0712497,0.916875697,-0.772882968,-125,-104.257263,,,,,,,
1767173171,638969727,1226_1767173171-638969727.png,331631,-315888,68650,-68900,3.175082338,-3.024356618,989.42,449.02,-141,12,-188,-35,155,53,-71.65004686,-3.26003833,208.0431552,-65.59853753,-9.640228979,63.09348607,-76.88296881,139.7037487,0.907167276,-0.772882968,-191,-121.6500469,,,,,,,
1767173171,705665771,1227_1767173171-705665771.png,335525,-319788,68650,-68900,3.212364047,-3.061695772,1005.76,458.43,-51,-176,66,-63,112,54,-78.51391651,-44.03887525,142.8546599,-68.39658036,38.80621967,60.17738817,-82.98160958,124.3716218,0.898830117,-0.772882968,-101,-128.5139165,,,,,,,
1767173171,739014404,1228_1767173171-739014404.png,337988,-322233,68000,-68500,3.235945159,-3.08510455,1013.87,462.27,-52,72,160,-38,47,68,-77.68862502,-40.4269646,143.3883382,-67.45043423,39.06126526,60.42088049,-46.34924287,76.69244862,0.892000241,-0.772882968,-102,-127.688625,,,,,,,
1767173171,772362061,1229_1767173171-772362061.png,339551,-323743,68500,-68700,3.250909544,-3.099561504,1021.94,466.32,88,-4,209,-74,138,75,-59.91726618,-24.98129513,152.5086721,-65.87991826,51.44962918,62.75751469,-73.80270487,83.26299167,0.885029283,-0.772882968,38,-109.9172662,,,,,,,
1767173171,805710693,1230_1767173171-805710693.png,343239,-327484,68650,-68750,3.28621898,-3.13537837,1030.34,470.55,55,38,159,-87,147,75,-42.20641606,-16.92279065,154.8293986,-68.61198766,65.17623391,64.54787811,-80.33195788,100.3446841,0.877918244,-0.772882968,5,-92.20641606,,,,,,,
1767173171,839058105,1231_1767173171-839058105.png,344962,-329199,39250,-39100,3.302313113,-3.151012944,1038.82,476.34,37,77,212,-91,138,65,-30.12941279,-4.257059949,161.7364236,-71.77633767,76.07297067,64.88828182,-74.12194628,56.24746346,0.872493784,-0.772882968,-13,-80.12941279,,,,,,,
1767173171,905754395,1232_1767173171-905754395.png,345178,-329421,650,-2250,3.304783241,-3.153923483,1056.76,481.04,11,35,369,-11,-24,45,-28.65094373,11.03460381,199.8155344,-64.31050524,63.68112849,62.43814547,-75.1385704,55.2114799,0.863280645,-0.772882968,-39,-78.65094373,,,,,,,
1767173171,939103027,1233_1767173171-939103027.png,344263,-328458,-17500,17000,3.296022901,-3.144703585,1065.75,481.04,71,59,484,4,-10,30,-14.66980315,18.02774123,242.7169437,-53.31536833,50.19176756,57.64234518,-76.61288643,51.80491376,0.855756349,-0.85305475,21,-64.66980315,,,,,,,
1767173171,972450684,1234_1767173171-972450684.png,342845,-327042,-34800,34600,3.282446768,-3.131146599,1080.19,492.79,37,201,488,-29,138,35,9.278711341,42.98895102,269.0949625,-40.75357276,54.5980567,52.02909615,-50.61270013,56.49893665,0.848096699,-0.837467966,-13,-40.72128866,,,,,,,
1767173172,39146729,1235_1767173172-39146729.png,340873,-325002,-50000,50400,3.263566559,-3.111615349,1083.65,497.92,-83,27,309,-39,35,56,1.217095589,57.63249364,296.7548611,-39.31466396,61.0014582,50.71800155,-44.44963962,59.54498625,0.840302891,-0.876713927,-133,-48.78290441,,,,,,,
1767173172,72495117,1236_1767173172-72495117.png,337542,-321647,-68450,68150,3.231675092,-3.079494102,1080.35,516.34,-21,-51,331,-84,24,69,-20.05023083,35.03337884,289.2124563,-42.64464481,51.91488855,53.45236363,-33.74018148,65.08398771,0.830373761,-0.873912912,-71,-70.05023083,,,,,,,
1767173172,105842773,1237_1767173172-105842773.png,335023,-319138,-67950,67700,3.207557828,-3.05547258,1071.74,534.88,-83,-43,145,-104,-41,68,-24.01401092,20.65566579,285.0351016,-51.01722537,43.10723642,56.07796757,-40.45249826,54.96459198,0.822282478,-0.876449082,-133,-74.01401092,,,,,,,
1767173172,139191406,1238_1767173172-139191406.png,332024,-316195,-68200,68950,3.178844975,-3.027295879,1058.57,547.96,-5,0,-6,-75,31,62,-26.45906453,13.12491434,239.2883468,-58.09211158,34.96112615,57.73237431,-41.36294669,55.71815181,0.814061167,-0.906884074,-55,-76.45906453,,,,,,,
1767173172,205887207,1239_1767173172-205887207.png,329013,-313125,-68550,67800,3.150017233,-2.997903263,1020.77,574.77,25,115,223,-86,98,69,-19.05401929,20.3071561,223.0204788,-64.11923051,42.69339935,59.60869845,-42.29391593,56.99772763,0.803603533,-0.921398216,-25,-69.05401929,,,,,,,
1767173172,239234863,1240_1767173172-239234863.png,326414,-310539,-68100,67850,3.125134038,-2.973144531,998.46,587.67,27,18,343,-97,9,46,-8.969873287,29.9470684,237.273506,-70.31675106,44.48059454,58.9750419,-54.93232986,65.38747501,0.795094267,-0.913497344,-23,-58.96987329,,,,,,,
1767173172,272583252,1241_1767173172-272583252.png,324575,-308769,-68500,67900,3.107527191,-2.9561983,975.38,602.59,131,-40,187,-69,43,22,8.647017186,21.30873183,234.200256,-70.89218379,43.33150213,54.22602719,-64.20727974,59.16039705,0.786459233,-0.91986038,81,-41.35298281,,,,,,,
1767173172,305930908,1242_1767173172-305930908.png,321096,-305132,-68500,67950,3.07421875,-2.921377145,931.32,613.67,44,-91,23,-43,-102,56,17.06859574,3.25523652,217.8303804,-67.56870133,34.50157871,50.29072138,-111.3851979,70.97261572,0.777699697,-0.924911385,-6,-32.93140426,,,,,,,
1767173172,372626953,1243_1767173172-372626953.png,317956,-302131,-68100,67750,3.044155944,-2.892645144,912.1,615.63,-241,-106,-75,-36,-74,73,-13.85920833,-25.89508684,170.2747073,-62.05671459,9.931377698,52.96294216,-98.30032656,65.87279677,0.768817123,-0.93604144,-291,-63.85920833,,,,,,,
1767173172,405975342,1244_1767173172-405975342.png,315086,-299279,-68150,69000,3.016678156,-2.865339691,912.1,617.17,-290,49,193,-12,13,75,-76.07097017,-27.35613939,156.525634,-55.20235401,5.215074412,59.62902784,-91.45806631,73.72291565,0.759812975,-0.937032261,-340,-126.0709702,,,,,,,
1767173172,439322998,1245_1767173172-439322998.png,312629,-296741,-68500,68050,2.993154488,-2.841040518,892.13,616.77,-304,132,3,-36,56,78,-107.7921167,-13.6061595,155.9456334,-49.63140431,7.692005513,61.97028709,-91.8442601,67.68497992,0.750688519,-0.939880918,-354,-157.7921167,,,,,,,
1767173172,472671387,1246_1767173172-472671387.png,309764,-293941,-68150,67950,2.965724571,-2.81423292,871.09,616.96,-276,-5,93,-65,19,69,-144.2178429,2.906977789,133.7214654,-49.5493056,13.93559835,64.33867816,-70.05609918,61.36848927,0.741445353,-0.937092434,-326,-194.2178429,,,,,,,
1767173172,506018799,1247_1767173172-506018799.png,307026,-291226,-68150,68950,2.93951057,-2.788239124,850.66,617.32,-30,82,10,27,5,84,-134.4095512,14.05997531,113.4975749,-39.16300982,12.89382083,67.45787648,-73.91375101,64.44935822,0.732084874,-0.940885613,-80,-184.4095512,,,,,,,
1767173172,572714844,1248_1767173172-572714844.png,304576,-288683,-68600,68000,2.916053922,-2.76389208,830.81,617.79,132,-9,-48,-3,84,93,-95.4493316,10.68764237,89.87987443,-33.87446517,23.29251842,71.1932033,-91.33935735,74.21955729,0.722608548,-0.939715476,82,-145.4493316,,,,,,,
1767173172,606063232,1249_1767173172-606063232.png,301907,-286032,-68100,67950,2.890500536,-2.738511029,792.76,621.52,-50,-117,403,-104,-74,50,-54.85045328,2.081561724,128.8540441,-42.58225548,15.91703545,72.88801186,-101.5352758,78.58028865,0.713017906,-0.939715476,-100,-104.8504533,,,,,,,
1767173172,639410889,1250_1767173172-639410889.png,298769,-282823,-68250,69000,2.860456878,-2.707787607,774.67,623.96,-46,-181,279,-74,-26,49,-53.18136056,-33.89384973,171.9944538,-51.92248829,2.839275521,67.62606769,-123.8689265,61.73703003,0.703314412,-0.939715476,-96,-103.1813606,,,,,,,
1767173172,672759277,1251_1767173172-672759277.png,295904,-279959,-68550,67900,2.833026961,-2.680367264,756.73,627.2,-20,-137,302,-47,40,35,-48.32885775,-48.97228158,191.0067025,-51.2026146,8.27372778,62.85477192,-129.7204734,68.65820265,0.693499665,-0.939715476,-70,-98.32885775,,,,,,,
1767173172,706106689,1252_1767173172-706106689.png,293577,-277698,-68100,67950,2.810747932,-2.658720129,728.13,631.63,-83,1,247,-79,28,45,-64.23888998,-42.88666179,198.1328533,-50.0554907,14.51654959,61.61113962,-163.3452432,75.98646092,0.683575195,-0.939715476,-133,-114.23889,,,,,,,
1767173172,772802734,1253_1767173172-772802734.png,290707,-274905,-68150,69000,2.783270144,-2.63197955,715.93,634.84,-176,-52,196,-73,14,47,-76.38101832,-38.96904625,203.2204215,-55.25980713,15.92682586,58.49377203,-146.7901477,51.24880695,0.673542535,-0.939715476,-226,-126.3810183,,,,,,,
1767173172,806151123,1254_1767173172-806151123.png,289221,-273326,-68050,67800,2.769042969,-2.616861979,704.3,637.28,-56,146,288,-8,5,46,-78.61274678,-12.60064327,215.2409536,-49.27665276,14.22805108,56.06528036,-146.0814006,84.11986327,0.663403348,-0.939715476,-106,-128.6127468,,,,,,,
1767173172,839498779,1255_1767173172-839498779.png,285452,-269578,-68050,67950,2.732958027,-2.580978094,701.67,639.07,-342,203,-162,-73,69,68,-114.7788905,45.77049097,170.5925028,-48.13391672,24.68537765,59.11962574,-138.5909816,89.0153513,0.653159166,-0.939715476,-392,-164.7788905,,,,,,,
1767173172,872847168,1256_1767173172-872847168.png,282516,-266649,-68150,69000,2.704848346,-2.552935432,690.12,639.16,-347,-44,-69,-138,138,73,-154.3528764,57.80505613,118.814488,-56.41468491,36.57231315,60.96072411,-147.7154672,54.45376468,0.642811653,-0.939715476,-397,-204.3528764,,,,,,,
1767173172,939542969,1257_1767173172-939542969.png,279448,-263646,-68650,67950,2.675474877,-2.524184283,677.82,638.96,-380,-51,225,-33,-103,40,-202.237439,34.02690273,119.831146,-59.29443682,23.99814748,58.82564383,-159.1592585,37.40975738,0.632362474,-0.939715476,-430,-252.237439,,,,,,,
1767173172,972890625,1258_1767173172-972890625.png,276994,-261176,-68100,67800,2.651979933,-2.500536152,654.89,634.16,-206,24,279,17,-59,38,-217.0566515,42.21237406,142.095632,-42.42556249,1.578377416,53.52635082,-160.9561928,42.45297694,0.621813161,-0.869212456,-256,-267.0566515,,,,,,,
1767173173,6239014,1259_1767173173-6239014.png,273920,-258102,-68150,68950,2.62254902,-2.471105239,644.32,630.59,-155,44,210,-54,-15,40,-210.2455081,40.40612595,163.0351598,-37.05154707,-6.468146188,50.62438328,-150.9229471,21.9776144,0.611165576,-0.869212456,-205,-260.2455081,,,,,,,
1767173173,39586670,1260_1767173173-39586670.png,270720,-254893,-68250,69000,2.591911765,-2.440381817,634.41,626.84,-221,-2,293,-63,32,47,-208.9276972,34.39261605,184.49876,-41.73307685,-1.288899682,49.53845558,-158.1656878,2.755605698,0.597720208,-0.869212456,-271,-258.9276972,,,,,,,
1767173173,106282959,1261_1767173173-106282959.png,267437,-251557,-68600,67850,2.560479856,-2.408442479,615.93,616.18,-63,-73,326,-134,103,62,-178.7312754,-1.213666229,210.7483692,-61.87701028,30.47945072,51.04391534,-157.5383745,5.86527586,0.584127101,-0.869212456,-113,-228.7312754,,,,,,,
1767173173,139631836,1262_1767173173-139631836.png,264510,-248682,-68000,67750,2.532456342,-2.38091682,608.46,612.28,34,-7,291,-116,49,62,-147.621065,-2.059870254,222.4845143,-69.7920552,33.18792969,52.64615318,-156.9716496,6.208884239,0.573148486,-0.869212456,-16,-197.621065,,,,,,,
1767173173,206328125,1263_1767173173-206328125.png,261159,-245350,-68050,67900,2.500373392,-2.349015778,596.28,608.35,-149,-71,368,-67,-28,20,-138.4264898,-21.1968033,267.5463921,-77.73456476,15.84219299,47.26655654,-156.400314,8.457384109,0.559297851,-0.869212456,-199,-188.4264898,,,,,,,
1767173173,239675781,1264_1767173173-239675781.png,258224,-242404,-68150,69050,2.472273284,-2.320810355,590.07,606.16,-190,-20,229,-38,-40,22,-146.249682,-22.34528558,264.5788217,-71.63844157,6.510635536,42.84692859,-158.218938,-9.846568346,0.548117668,-0.869212456,-240,-196.249682,,,,,,,
1767173173,273024658,1265_1767173173-273024658.png,256580,-240695,-67950,67800,2.456533395,-2.304448146,577.27,602.04,42,189,327,-7,134,17,-120.4015386,15.36462558,248.1447371,-52.07687785,21.6667593,37.02826066,-155.7969633,-15.14011478,0.536850732,-0.869212456,-8,-170.4015386,,,,,,,
1767173173,339720947,1266_1767173173-339720947.png,252154,-236131,-68050,67800,2.414158241,-2.260751762,564.76,600.77,-9,23,365,-14,81,26,-91.56148391,29.8977461,271.326876,-43.02543213,39.02355888,33.86791811,-159.421743,-14.35044599,0.519791654,-0.869212456,-59,-141.5614839,,,,,,,
1767173173,373068848,1267_1767173173-373068848.png,248800,-232855,-68050,67850,2.382046569,-2.229386872,548.56,597.31,-7,37,275,-19,79,38,-73.19316184,23.10576871,266.1625685,-40.44863919,50.88483889,35.05749303,-158.7198794,-30.64920425,0.50831576,-0.805016245,-57,-123.1931618,,,,,,,
1767173173,406417480,1268_1767173173-406417480.png,246008,-230115,-68100,69050,2.355315564,-2.203153722,541.47,593.68,-88,11,303,-11,62,45,-71.89516804,22.06237593,272.0121358,-35.01977606,53.98138788,36.66546191,-157.6646814,-28.71192932,0.496759438,-0.782775018,-138,-121.895168,,,,,,,
1767173173,473113770,1269_1767173173-473113770.png,242372,-226356,-68550,69000,2.320503983,-2.167164522,528.98,588.2,-1,-74,245,-62,117,53,-56.5462117,1.014361865,270.3077093,-39.58721995,61.20198621,41.21856106,-154.7543635,-26.88828301,0.479278149,-0.782715606,-51,-106.5462117,,,,,,,
1767173173,506461670,1270_1767173173-506461670.png,239243,-223429,-68500,67950,2.290546492,-2.139141008,523.03,585.78,39,-46,171,-63,106,47,-42.57335909,-5.861104333,255.7847684,-43.01114769,67.75332962,42.06404925,-154.4034317,-26.18974638,0.467528782,-0.780613306,-11,-92.57335909,,,,,,,
1767173173,539810303,1271_1767173173-539810303.png,237056,-221167,-68150,69100,2.269607843,-2.117484298,511.55,580.29,-73,-113,72,-8,37,57,-52.64903862,-8.507218836,242.0183273,-41.49471627,62.86371539,42.94495081,-143.6460484,-24.30505872,0.455705445,-0.783129837,-123,-102.6490386,,,,,,,
1767173173,606506836,1272_1767173173-606506836.png,233790,-217959,-68250,69050,2.238338695,-2.08677045,506.17,576.05,-161,-80,193,-39,130,65,-70.55883972,-29.56198058,217.6034979,-37.73225121,70.05828774,47.59603598,-139.9134047,-23.95958757,0.443810003,-0.760001389,-211,-120.5588397,,,,,,,
1767173173,639854492,1273_1767173173-639854492.png,230368,-214561,-68500,67950,2.20557598,-2.054237515,496.33,569.55,-183,111,9,2,23,39,-97.82767157,-23.20430031,200.6180875,-36.70682766,74.3048702,49.45843823,-130.9786716,-27.75389528,0.428842172,-0.760001389,-233,-147.8276716,,,,,,,
1767173173,706550781,1274_1767173173-706550781.png,226889,-211067,-68500,67900,2.17226754,-2.020785463,486.98,560.57,-136,172,117,4,8,40,-109.3838547,4.707933077,179.7569882,-31.02499257,59.57220596,47.18260157,-123.670667,-25.04042077,0.413768348,-0.760001389,-186,-159.3838547,,,,,,,
1767173173,739899658,1275_1767173173-739899658.png,224081,-208279,-68050,67850,2.145383349,-1.994092754,482.73,553.31,-280,221,23,-49,52,54,-117.7584974,30.6982404,167.653379,-27.5525903,53.39976839,46.567979,-116.4022104,-20.41933227,0.401635452,-0.760001389,-330,-167.7584974,,,,,,,
1767173173,773247314,1276_1767173173-773247314.png,222105,-206300,-68500,67850,2.126464844,-1.975145527,479.97,548.51,-255,226,201,-85,43,52,-151.0507814,73.82667693,156.4706643,-36.62358479,52.01758566,47.99148419,-109.8811397,-15.15960217,0.386380166,-0.760001389,-305,-201.0507814,,,,,,,
1767173173,839943848,1277_1767173173-839943848.png,217474,-201575,-68200,69000,2.082126991,-1.929907705,470.66,539.84,-64,-6,100,-59,46,22,-141.9872096,68.08695218,165.4502979,-49.27479053,51.69599177,46.08793429,-108.71548,-13.77958035,0.371029406,-0.760001389,-114,-191.9872096,,,,,,,
1767173173,873292480,1278_1767173173-873292480.png,214056,-198246,-68500,68000,2.049402574,-1.898035386,467.4,535.36,-112,-3,126,-69,61,33,-132.2047957,53.73238754,155.5433698,-52.39400114,52.34717316,42.61188374,-101.9058842,-5.4471488,0.3555869,-0.760001389,-162,-182.2047957,,,,,,,
1767173173,939988770,1279_1767173173-939988770.png,210979,-195172,-68050,67900,2.019942938,-1.868604473,459.75,525.82,-301,-309,239,-123,-139,53,-152.8622722,-18.88479576,146.2557236,-66.96534776,18.82402216,45.94488532,-101.1354448,-6.844508648,0.340056476,-0.760001389,-351,-202.8622722,,,,,,,
1767173173,973336670,1280_1767173173-973336670.png,207912,-192102,-68000,67900,1.990579044,-1.839211857,455.23,524.42,-228,-251,219,-76,-47,31,-171.601445,-68.00921763,161.7465655,-71.21844896,0.940094385,44.12845721,-98.31883425,3.352979898,0.327571444,-0.760001389,-278,-221.601445,,,,,,,
1767173174,6685303,1281_1767173174-6685303.png,204625,-188825,-68250,69000,1.959108839,-1.807837393,445.43,519.46,-6,-22,386,-111,106,31,-152.7214572,-56.95152895,208.7462644,-70.05719036,19.87930158,40.83522038,-116.3977295,-28.86109376,0.311892483,-0.689204936,-56,-202.7214572,,,,,,,
1767173174,73381836,1282_1767173174-73381836.png,201903,-186023,-68500,67900,1.933048024,-1.781010646,440.54,514.15,-91,-12,248,-86,71,35,-133.6869879,-48.82327836,227.5462377,-75.21662592,32.82130769,39.35755274,-96.88620922,8.988558531,0.2992936,-0.689204936,-141,-183.6869879,,,,,,,
1767173174,106729736,1283_1767173174-106729736.png,199044,-183146,-68150,67900,1.905675551,-1.753465839,430.1,506.93,-92,-59,417,-44,50,39,-127.194084,-54.00143688,260.2228822,-76.01937882,35.13414263,39.42383508,-95.93179691,11.80634785,0.28664738,-0.689204936,-142,-177.194084,,,,,,,
1767173174,173426270,1284_1767173174-173426270.png,195341,-179466,-68100,67800,1.870222503,-1.718232996,424.65,503.34,-125,-115,-156,-18,164,10,-124.1538303,-63.30820868,211.4675879,-65.06043601,55.12838057,35.08809065,-91.39923134,29.08792925,0.267593627,-0.689204936,-175,-174.1538303,,,,,,,
1767173174,206775146,1285_1767173174-206775146.png,192136,-176254,-68100,69000,1.839537377,-1.687480852,414.58,492.17,-64,41,56,18,45,17,-114.8320386,-56.88608059,172.1967907,-49.55473488,64.03712235,30.91221289,-89.61534986,38.0727582,0.254837785,-0.689204936,-114,-164.8320386,,,,,,,
1767173174,240123047,1286_1767173174-240123047.png,189819,-173926,-68550,67950,1.81735409,-1.665192249,409.9,488.66,-123,175,106,-50,27,45,-113.3668913,-17.8530198,156.4363776,-46.08523788,57.62468148,32.24451882,-90.58313966,40.57645679,0.242041629,-0.689204936,-173,-163.3668913,,,,,,,
1767173174,273471924,1287_1767173174-273471924.png,188176,-172303,-68150,68950,1.801623775,-1.649653416,405.38,484.77,-144,155,241,-94,85,41,-117.8467331,7.425321707,168.8031162,-53.09238025,61.62809809,33.52493639,-89.57554209,45.12761998,0.229207173,-0.689204936,-194,-167.8467331,,,,,,,
1767173174,306819824,1288_1767173174-306819824.png,184426,-168612,-68200,69000,1.765720741,-1.614315257,400.89,480.7,-118,67,343,-96,67,29,-117.8691472,16.13763153,194.2779869,-59.36726898,62.41369484,32.86320142,-83.99583095,62.15500569,0.216336448,-0.689204936,-168,-167.8691472,,,,,,,
1767173174,373516357,1289_1767173174-373516357.png,180799,-164985,-68500,67950,1.730995328,-1.579589844,388.09,466.32,-375,74,222,-61,73,40,-165.9617306,15.33476739,229.9566644,-50.38787407,53.03773006,26.89699793,-83.56521872,65.20334792,0.203431502,-0.689204936,-425,-215.9617306,,,,,,,
1767173174,406865234,1290_1767173174-406865234.png,177737,-161916,-68600,67950,1.701679305,-1.550206801,384.24,461.98,-318,-22,-283,-10,193,11,-198.593777,19.58976897,197.6329058,-49.09631097,63.84169043,27.38416027,-75.64210942,83.79216003,0.187255295,-0.622070172,-368,-248.593777,,,,,,,
1767173174,473562012,1291_1767173174-473562012.png,173504,-157678,-68600,68000,1.661151961,-1.509631587,372.13,449.27,43,15,-23,-47,131,30,-152.4102868,-0.040813039,26.77075561,-38.17072094,100.6336247,23.16558181,-70.54288387,98.25007725,0.167783077,-0.598331307,-7,-202.4102868,,,,,,,
1767173174,506909668,1292_1767173174-506909668.png,170562,-154747,-68050,67800,1.632984835,-1.481569776,372.13,449.27,43,15,-23,-47,131,30,-129.1929321,1.746236644,20.85732442,-39.21975734,104.2415561,23.97760207,-64.59931806,107.9606678,0.15151033,-0.602478472,-7,-179.1929321,,,,,,,
1767173174,573606445,1293_1767173174-573606445.png,167086,-151273,-68050,67800,1.599705116,-1.448309206,363.9,445.82,-151,-104,40,-21,-6,41,-137.7912116,-22.55414969,-1.731386058,-39.53666825,89.8429449,28.04829312,-65.42787808,114.3959455,0.135200108,-0.597664203,-201,-187.7912116,,,,,,,
1767173174,606955322,1294_1767173174-606955322.png,164904,-149024,-68600,68000,1.578814338,-1.426776961,359.68,443.5,11,68,71,-25,-24,29,-120.8261427,-16.19343906,9.163701611,-36.8084791,71.14105937,28.86080168,-56.32884866,130.8362739,0.122127674,-0.586630163,-39,-170.8261427,,,,,,,
1767173174,640303223,1295_1767173174-640303223.png,161487,-145602,-68550,67900,1.546099494,-1.394014246,355.49,441.43,-55,159,59,29,-27,7,-107.6963671,11.66458498,18.09513401,-26.87072007,54.26038644,25.66753725,-50.24274117,135.93466,0.109035924,-0.577994383,-105,-157.6963671,,,,,,,
1767173174,707000000,1296_1767173174-707000000.png,158689,-142880,-68050,67800,1.519311045,-1.367953431,346.57,436.79,-43,5,357,47,-62,-6,-82.90668209,14.73418069,63.83657949,-8.633385336,31.99893082,18.69310573,-44.99928552,139.6763804,0.095926913,-0.58628949,-93,-132.9066821,,,,,,,
1767173174,740348877,1297_1767173174-740348877.png,155824,-139938,-68150,69100,1.491881127,-1.339786305,342.16,433.82,-35,-6,339,-23,21,12,-72.81720005,10.94983266,126.7292187,-6.435688467,23.12728992,15.80629953,-43.1605953,154.3370523,0.079519552,-0.560380344,-85,-122.8172,,,,,,,
1767173174,773696777,1298_1767173174-773696777.png,153295,-137412,-68600,67950,1.467668122,-1.315602022,342.16,428.11,-84,10,337,-40,24,14,-87.55325759,17.12184252,161.357272,-11.14451752,16.6720296,16.06760529,-46.65627569,159.4698279,0.063092537,-0.568886909,-134,-137.5532576,,,,,,,
1767173174,840393311,1299_1767173174-840393311.png,149200,-133391,-68500,67850,1.42846201,-1.277104396,337.52,423.1,-107,42,289,-36,54,33,-90.21127043,20.38743915,189.2139944,-16.28921147,22.51435585,18.43564794,-44.4491201,164.0870476,0.049939497,-0.575910117,-157,-140.2112704,,,,,,,
1767173174,973786865,1300_1767173174-973786865.png,138615,-122727,-68250,69100,1.327119715,-1.175005744,312.03,403,-102,-48,285,-14,-6,37,-93.15110481,3.117238687,165.823927,-19.22778052,44.31278658,24.17388743,-41.11786592,176.1504529,-0.002730844,-0.562277688,-152,-143.1511048,,,,,,,
1767173175,40483154,1301_1767173175-40483154.png,135619,-119723,-68150,69050,1.298435585,-1.146245021,302.49,393.19,168,-239,273,71,-59,18,-66.55530586,-17.36536807,175.9856053,-11.88230588,42.88042662,26.24268237,-43.2467697,190.6814477,-0.01590256,-0.562277688,118,-116.5553059,,,,,,,
1767173175,73831299,1302_1767173175-73831299.png,131922,-116118,-68550,67850,1.263039982,-1.111730239,294.37,384.1,163,-221,316,40,-100,-14,-14.86102975,-64.270599,203.9577031,2.109231838,14.11320502,22.5984984,-39.7777144,203.4452524,-0.032363422,-0.562277688,113,-64.86102975,,,,,,,
1767173175,140526855,1303_1767173175-140526855.png,129202,-113252,-68100,67850,1.236998315,-1.084290748,290.61,379.53,83,-3,93,-44,26,14,13.43159797,-65.28781986,200.7279882,1.59842173,1.128930036,17.86545691,-38.45029098,206.751086,-0.045526547,-0.562277688,33,-36.56840203,,,,,,,
1767173175,173874268,1304_1767173175-173874268.png,126668,-110718,-68150,69050,1.212737439,-1.060029871,287.08,373,43,-51,-129,19,59,3,21.39570804,-59.93930624,146.8713976,1.757449894,10.89341055,15.48925606,-37.64030358,214.0359275,-0.058682467,-0.562277688,-7,-28.60429196,,,,,,,
1767173175,207222412,1305_1767173175-207222412.png,123391,-107570,-68250,69100,1.181362975,-1.029890472,287.08,365.08,-114,-103,-5,9,98,6,7.490308462,-58.73782812,111.1322937,4.85104962,25.80517901,14.27442517,-31.55413115,220.6299701,-0.075114067,-0.562277688,-164,-42.50969154,,,,,,,
1767173175,240569824,1306_1767173175-240569824.png,120528,-104717,-68500,67900,1.153952206,-1.002575444,282.95,361.54,-102,-27,55,-27,9,17,-18.23824488,-59.60105549,92.30435266,1.501100713,31.36706241,13.73195446,-30.82681143,222.6334448,-0.088246173,-0.562277688,-152,-68.23824488,,,,,,,
1767173175,307265137,1307_1767173175-307265137.png,118478,-102599,-68250,69000,1.134325214,-0.982297411,278.12,357.86,-48,118,105,-19,7,24,-24.8166018,-32.76198932,93.16963537,-2.254425906,27.20918071,15.32041953,-18.05832416,230.4699512,-0.104641425,-0.562277688,-98,-74.8166018,,,,,,,
1767173175,340613525,1308_1767173175-340613525.png,114513,-98714,-68200,69000,1.096363741,-0.945101869,268.06,350.91,19,47,294,73,-80,9,-6.781197074,-9.099197154,129.4780586,12.68839715,8.94144042,13.92813202,-17.10930181,232.1563261,-0.117739201,-0.562277688,-31,-56.78119707,,,,,,,
1767173175,373960693,1309_1767173175-373960693.png,111925,-95973,-68500,67950,1.071585861,-0.918859145,263.11,347.48,-306,-125,297,11,-32,43,-48.54743249,-21.71405303,166.6891034,17.10165761,-3.91826414,17.79886676,-25.02007264,237.488704,-0.130818343,-0.466078373,-356,-98.54743249,,,,,,,
1767173175,440656250,1310_1767173175-440656250.png,108721,-92901,-68100,67900,1.040910309,-0.889447381,253.45,342.92,-38,-155,-6,-6,54,12,-73.64572341,-49.28214101,166.4587401,7.866786859,5.665899722,22.18093906,-26.47562122,235.2816148,-0.147137919,-0.464782395,-88,-123.6457234,,,,,,,
1767173175,474004395,1311_1767173175-474004395.png,105984,-89959,-68150,69050,1.014705882,-0.861280254,248.63,339.55,63,-19,103,39,128,-4,-57.42688816,-57.96539981,142.0795415,9.186009252,21.96058978,18.71131103,-30.0321497,234.3949389,-0.160167585,-0.464782395,13,-107.4268882,,,,,,,
1767173175,507351807,1312_1767173175-507351807.png,102912,-87024,-68150,69000,0.985294118,-0.833180147,244.39,336.35,12,5,94,35,141,6,-40.97277158,-46.71846863,133.0035733,14.52102848,44.91734754,15.66407957,-25.18644702,234.2469208,-0.173171917,-0.464782395,-38,-90.97277158,,,,,,,
1767173175,574047119,1313_1767173175-574047119.png,99151,-83209,-68500,68000,0.949285769,-0.796654795,237.36,332.08,-210,-84,-68,30,76,11,-70.31466272,-45.21384985,120.7131535,12.34971803,49.47325102,14.27480651,-19.29898873,240.1325397,-0.189388554,-0.464782395,-260,-120.3146627,,,,,,,
1767173175,607395264,1314_1767173175-607395264.png,96291,-80482,-68050,67800,0.921903722,-0.770546109,234.05,327,-177,-70,-5,17,70,14,-84.64264805,-52.04772259,106.3557124,8.902669679,61.09693096,13.66055621,-17.84986913,235.6789567,-0.205558369,-0.400594596,-227,-134.642648,,,,,,,
1767173175,640742676,1315_1767173175-640742676.png,93901,-77950,-68300,68950,0.899021523,-0.746304381,234.05,322.82,-137,-25,14,14,29,23,-98.15214144,-52.39236649,88.27601208,10.11816843,60.12286044,14.27077898,-15.51354936,232.905014,-0.215236113,-0.383618799,-187,-148.1521414,,,,,,,
1767173175,707437988,1316_1767173175-707437988.png,90685,-74804,-68500,68950,0.868231081,-0.71618413,230.37,320.13,-60,21,159,-23,96,31,-95.57441037,-39.54277123,92.87963648,5.574849462,62.96478852,17.39178286,-19.28320849,224.665864,-0.231322705,-0.383618799,-110,-145.5744104,,,,,,,
1767173175,740786133,1317_1767173175-740786133.png,87149,-71270,-68550,67950,0.834376915,-0.682349112,221.9,314.05,-158,-5,-165,-36,120,31,-104.463779,-24.28617772,46.2761721,-5.237862696,81.34384266,21.66432658,-5.833508372,231.2078924,-0.247352122,-0.383618799,-208,-154.463779,,,,,,,
1767173175,774133301,1318_1767173175-774133301.png,85371,-69548,-68100,69000,0.81735409,-0.665862439,217.74,311.07,32,-35,0,-25,51,29,-85.92977555,-25.34046229,33.89405935,-8.945408323,77.93357942,22.98520158,-18.91240531,221.6933219,-0.263320369,-0.383618799,-18,-135.9297755,,,,,,,
1767173175,840828857,1319_1767173175-840828857.png,81005,-65189,-68050,67750,0.775553385,-0.624128753,209.77,304.23,132,186,314,-15,1,7,-50.89352571,-7.125191864,70.29390328,-13.03050114,60.8727039,21.18390991,12.26285559,256.016618,-0.276048298,-0.383618799,82,-100.8935257,,,,,,,
1767173175,874177002,1320_1767173175-874177002.png,78275,-62446,-68150,68950,0.749415977,-0.597866881,205.9,301.69,-18,214,288,11,-48,9,-31.95124542,40.13501468,120.9623954,-9.668416556,40.32469895,18.30614611,4.560020268,249.1732516,-0.288732535,-0.383618799,-68,-81.95124542,,,,,,,
1767173175,907524170,1321_1767173175-907524170.png,75539,-59732,-68550,67950,0.723221124,-0.571882659,202,299.36,24,108,72,20,63,0,-23.76883304,50.05971415,113.8020452,-5.329653099,43.64077641,15.62902185,-22.31126127,230.1860945,-0.301371099,-0.383618799,-26,-73.76883304,,,,,,,
1767173175,940872314,1322_1767173175-940872314.png,72602,-56797,-68000,67850,0.695101869,-0.543782552,195.44,294.76,69,28,84,45,-69,14,-12.07497193,54.46533342,109.9436225,-0.689892555,29.92297429,16.54107181,-20.52874351,231.0141649,-0.313961992,-0.383618799,19,-62.07497193,,,,,,,
1767173176,7567627,1323_1767173176-7567627.png,69325,-53445,-68150,68900,0.665632659,-0.51372932,192.68,293.37,83,-36,285,5,-61,16,8.093490597,39.19058654,133.5395676,3.672587846,8.982622768,16.26560019,-28.65030718,239.8860817,-0.3296305,-0.383618799,33,-41.9065094,,,,,,,
1767173176,40915283,1324_1767173176-40915283.png,66175,-50296,-68600,68050,0.633568857,-0.481541054,190.04,290.8,-326,-7,179,83,3,54,-49.6879741,18.62503027,183.3363408,16.88084998,7.778452415,23.90158215,-5.431144714,259.2075334,-0.345217549,-0.327674725,-376,-99.6879741,,,,,,,
1767173176,107611328,1325_1767173176-107611328.png,63251,-47300,-68600,68050,0.605574066,-0.452856924,190.04,289.17,-260,109,209,29,16,49,-94.90164645,30.50087265,186.8625543,22.11267704,8.730767342,29.14683654,-45.15715286,222.7578201,-0.357625883,-0.300281384,-310,-144.9016465,,,,,,,
1767173176,140959717,1326_1767173176-140959717.png,59216,-43346,-68700,67950,0.566942402,-0.415000766,184.07,283.73,53,137,292,-37,-6,4,-67.79089249,72.73196638,212.3684749,9.333642681,8.857520888,23.07873596,-26.54069036,245.6937511,-0.376131723,-0.317570417,3,-117.7908925,,,,,,,
1767173176,207655762,1327_1767173176-207655762.png,56359,-40479,-68150,67800,0.539589078,-0.3875517,177.91,280.58,-23,104,-66,-1,16,6,-37.37991838,78.98573814,168.2291162,8.823026622,15.05100224,15.5931746,-16.1388495,282.2474926,-0.388394947,-0.297201033,-73,-87.37991838,,,,,,,
1767173176,241003418,1328_1767173176-241003418.png,53567,-37672,-68000,68950,0.512858073,-0.360677083,174.98,279.02,-34,22,98,-6,5,9,-35.52012463,76.53136561,136.5622469,6.420008114,14.24389809,13.95982624,16.89912915,281.265959,-0.400596752,-0.283800388,-84,-85.52012463,,,,,,,
1767173176,274351807,1329_1767173176-274351807.png,51653,-35826,-68100,67800,0.494533165,-0.343003217,172.09,277.37,-92,77,361,-31,-8,16,-43.70030853,73.7466977,167.3667719,0.297795403,10.50724856,13.99867588,18.47754282,281.0364091,-0.412735141,-0.283800388,-142,-93.70030853,,,,,,,
1767173176,307699463,1330_1767173176-307699463.png,48024,-32220,-68200,67800,0.459788603,-0.30847886,169.21,275.61,-67,78,387,-45,-48,16,-47.10769799,74.3687084,199.4863365,-6.326636979,1.951041606,14.29135318,11.65827107,282.3943644,-0.424808249,-0.283800388,-117,-97.10769799,,,,,,,
1767173176,374395508,1331_1767173176-374395508.png,45089,-29282,-68050,69000,0.431688496,-0.280350031,163.93,274.1,-117,-14,57,-17,74,15,-56.04373557,61.76392087,202.3561104,-11.32885171,10.90347522,14.43206496,21.36811918,325.2372282,-0.439804875,-0.283800388,-167,-106.0437356,,,,,,,
1767173176,407743896,1332_1767173176-407743896.png,42024,-26145,-68700,67950,0.40234375,-0.250315947,161.97,272.95,-137,-22,234,-35,85,30,-72.59291427,43.65998299,195.7523518,-15.22876365,26.61484733,16.7526316,23.47812563,324.4796562,-0.451724053,-0.283800388,-187,-122.5929143,,,,,,,
1767173176,474439941,1333_1767173176-474439941.png,38335,-22443,-68750,67950,0.36702474,-0.214872472,158.51,268.95,-185,149,264,-26,35,24,-105.9378046,60.23124886,216.7511864,-17.02511693,31.88456065,18.09309553,-12.42114177,244.0546618,-0.469468262,-0.283800388,-235,-155.9378046,,,,,,,
1767173176,507787354,1334_1767173176-507787354.png,34995,-19173,-68050,67900,0.335047105,-0.183565028,156.21,266.67,-140,-167,-202,35,208,10,-111.115866,26.06276634,168.6130161,-15.54387619,63.17035801,14.28574831,34.47091377,291.028707,-0.481205279,-0.283800388,-190,-161.115866,,,,,,,
1767173176,541135986,1335_1767173176-541135986.png,31917,-16039,-68100,67900,0.305577895,-0.153559666,156.21,265.38,17,-249,-288,40,117,29,-98.91806323,-26.83141263,75.55930553,-3.65274136,84.72923243,15.5852942,33.54578906,196.7993391,-0.495769242,-0.283800388,-33,-148.9180632,,,,,,,
1767173176,607832031,1336_1767173176-607832031.png,28847,-12961,-68200,69100,0.276185279,-0.124090456,152.81,263.36,-26,-162,381,3,-116,-28,-82.29602726,-50.08536024,77.7582286,-3.937190888,73.03861295,14.51774213,-79.33611432,328.2980366,-0.510210665,-0.283800388,-76,-132.2960273,,,,,,,
1767173176,641179443,1337_1767173176-641179443.png,26116,-10294,-68600,67950,0.250038297,-0.098556219,150.91,262.85,-40,-238,213,35,-102,-26,-73.42512754,-74.08368806,119.8676081,-0.777222928,41.22760059,7.292542772,-77.56444141,327.7104061,-0.518815206,-0.20338678,-90,-123.4251275,,,,,,,
1767173176,674528076,1338_1767173176-674528076.png,23379,-7502,-68050,67850,0.223833869,-0.071825214,148.8,262.43,110,-182,134,29,-69,-30,-48.9660936,-99.97802495,128.9740961,5.613966881,16.70859037,0.206587401,8.253895283,306.5706098,-0.533053097,-0.17017599,60,-98.9660936,,,,,,,
1767173176,707875488,1339_1767173176-707875488.png,20371,-4573,-68150,68950,0.19503485,-0.043782552,144.27,262.57,-116,77,17,1,-3,14,-47.98321781,-80.19005783,113.5381672,4.533217554,11.60234266,1.031729286,-114.8058085,-220.1111104,-0.544348695,-0.192255314,-166,-97.98321781,,,,,,,
1767173176,774571533,1340_1767173176-774571533.png,18127,-2245,-68550,68000,0.173550475,-0.021493949,141.92,263.45,-220,0,31,-28,-69,27,-75.54224763,-54.20511816,93.62429678,0.297919937,0.496888842,5.474842876,9.55378446,266.3503749,-0.555558173,-0.203714848,-270,-125.5422476,,,,,,,
1767173176,807919922,1341_1767173176-807919922.png,14514,1306,-68050,67850,0.138959099,0.01250383,139.49,265.32,-85,-136,294,-74,-39,15,-80.76428797,-64.72646644,121.2633839,-11.31955237,-7.126067296,7.439843842,-26.34704149,218.7365417,-0.566679734,-0.181865736,-135,-130.764288,,,,,,,
1767173176,874615967,1342_1767173176-874615967.png,10817,4997,-68100,67850,0.103563496,0.047841988,135.22,267.99,-86,-22,260,-33,13,24,-84.18135619,-75.11795765,162.9946821,-21.06756613,-3.542778505,11.18012128,-81.27162898,256.2804141,-0.583193463,-0.138587397,-136,-134.1813562,,,,,,,
1767173176,907963379,1343_1767173176-907963379.png,6992,8807,-68100,67800,0.066942402,0.08431947,131.32,271.95,-202,79,-31,-55,216,31,-106.6615942,-31.92027874,143.5544631,-31.27607042,39.23554299,17.63549927,26.41454911,272.721029,-0.599499599,-0.14271055,-252,-156.6615942,,,,,,,
1767173176,974659424,1344_1767173176-974659424.png,3518,12505,-68200,69100,0.033681832,0.119724648,131.32,277.34,-102,330,58,114,-20,29,-117.8611302,16.49072473,91.04953649,-15.78827516,63.59462913,20.77459022,-22.6082285,189.6930363,-0.612925193,-0.143513326,-152,-167.8611302,,,,,,,
1767173177,8007813,1345_1767173177-8007813.png,779,15092,-68500,67900,0.007458257,0.144492953,129.45,279.74,-128,449,75,46,16,50,-118.1182946,103.9659989,86.14874159,3.276273907,50.17508908,25.68413095,-107.9090642,295.368948,-0.623556799,-0.107369778,-178,-168.1182946,,,,,,,
1767173177,41355469,1346_1767173177-41355469.png,-1870,17759,-68050,67900,-0.017903646,0.170027191,127.71,282.14,-127,366,274,-44,104,18,-119.4171714,142.28633,113.6204529,-3.637494786,58.04654242,24.56038959,-109.7880817,242.5701818,-0.634089667,-0.125241297,-177,-169.4171714,,,,,,,
1767173177,74703857,1347_1767173177-74703857.png,-4812,20632,-68100,69100,-0.046070772,0.197533701,124.84,288.56,-166,146,295,0,67,4,-115.4238213,163.3314445,162.2519916,-3.292255166,55.20146413,21.29059407,-102.9627706,245.9565442,-0.644522268,-0.119166246,-216,-165.4238213,,,,,,,
1767173177,141399902,1348_1767173177-141399902.png,-7806,23635,-68150,69000,-0.074735754,0.22628485,123.71,290.68,-254,190,304,-4,-79,6,-137.1836857,164.6854795,192.9918356,-3.031656289,40.49180433,17.663598,-229.2124857,276.6920128,-0.65485287,-0.124818166,-304,-187.1836857,,,,,,,
1767173177,174747559,1349_1767173177-174747559.png,-10412,26284,-68550,68000,-0.099685968,0.251646752,122.88,292.77,-202,34,109,-23,-37,3,-149.7669004,146.2465219,183.6587247,-5.977596808,25.98380246,15.20921002,-49.70127761,255.3252459,-0.665079874,-0.115328847,-252,-199.7669004,,,,,,,
1767173177,208096191,1350_1767173177-208096191.png,-13882,29711,-68000,67900,-0.132908241,0.284457338,122.29,296.97,45,-54,29,27,108,20,-123.3055024,90.59280268,158.3683968,-5.541695683,31.8645203,14.72052905,-207.8298056,322.6391017,-0.677715442,-0.046627328,-5,-173.3055024,,,,,,,
