sec,nanosec,image,motor position #0,motor position #1,motor velocity #0,motor velocity #1,wire length #0,wire length #1,loadcell #0,loadcell #1,fx,fy,fz,tx,ty,tz,fx_kalman,fy_kalman,fz_kalman,tx_kalman,ty_kalman,tz_kalman,fx_estimated,fy_estimated,theta_desired,theta_actual,translation(m)(x),translation(m)(y),translation(m)(z),Rotation(rad)(x),Rotation(rad)(y),Rotation(rad)(z),Rotation(deg)(x),Rotation(deg)(y),Rotation(deg)(z)
1767170690,904003662,1_1767170690-904003662.png,1202,-1202,0,0,0.01150811887254902,-0.01150811887254902,35.2,161.74,-111.0,86.0,106.0,-34.0,13.0,11.0,-50.57408799125903,38.70148759692858,55.60747923215705,-19.09121906924294,10.189175746063633,14.319527363162793,37.88970607519145,248.1829774379729,0.003170715121138731,-0.10765434040770586
1767170690,937351563,2_1767170690-937351563.png,1202,-1202,0,0,0.01150811887254902,-0.01150811887254902,35.2,161.74,-111.0,86.0,106.0,-34.0,13.0,11.0,-52.45494899112309,40.17373558414398,57.17603357989059,-19.555280656002633,10.276667511449585,14.216201333851869,29.197196424007362,171.4389486312865,0.003170715121138731,-0.10765434040770586
1767170690,970700684,3_1767170690-970700684.png,1202,-1202,0,0,0.01150811887254902,-0.01150811887254902,35.74,161.55,-215.0,-70.0,-114.0,-69.0,2.0,41.0,-71.76747426050558,27.083622785970597,36.838032185780094,-25.429974384551308,9.293288752951316,17.39847471184472,-7.615181922912648,218.21210193634022,0.003170715121138731,-0.10765434040770586
1767170691,4048828,4_1767170691-4048828.png,1202,-1202,0,0,0.01150811887254902,-0.01150811887254902,36.24,161.53,-119.0,-148.0,80.0,-80.0,-51.0,28.0,-82.48120646362017,-1.100894271931434,39.141641868193155,-34.56825499267468,0.2820710630769323,19.576064585131377,-7.955398708581975,218.19433403015125,0.003170715121138731,-0.10765434040770586
1767170691,70746094,5_1767170691-70746094.png,1202,-1202,0,0,0.01150811887254902,-0.01150811887254902,37.13,161.3,-178.0,6.0,-118.0,-20.0,138.0,-6.0,-107.37722195778538,-0.04984934670509478,14.02073862560272,-36.112471855345504,22.13494681967504,16.762690769726255,-27.277231454849293,253.3342373371123,0.003170715121138731,-0.10765434040770586
1767170691,104095215,6_1767170691-104095215.png,1202,-1202,0,0,0.01150811887254902,-0.01150811887254902,37.29,161.7,-121.0,-67.0,117.0,-8.0,26.0,16.0,-110.90589258812295,-11.559108982602988,-4.381369450497997,-31.76586090760312,41.297854747004,13.591099735960873,21.158365368843025,270.6176815032958,0.003170715121138731,-0.10765434040770586
1767170691,170792480,7_1767170691-170792480.png,1202,-1202,0,0,0.01150811887254902,-0.01150811887254902,37.2,161.66,-167.0,-36.0,131.0,-14.0,39.0,24.0,-119.88915184157653,-19.417212695920906,24.795980940149146,-27.331401379947785,39.7797731096739,15.299447950085755,8.383578985929438,244.57637906074513,0.003170715121138731,-0.10765434040770586
1767170691,204140625,8_1767170691-204140625.png,1202,-1202,0,0,0.01150811887254902,-0.01150811887254902,36.77,161.73,-40.0,-133.0,125.0,-66.0,30.0,-17.0,-129.0334163390884,-39.88287874852482,52.645855844879904,-32.25004548702422,41.451080340594366,12.07038628666027,8.402801007032343,244.61693000793446,0.003170715121138731,-0.10216790960865119
1767170691,270837646,9_1767170691-270837646.png,1202,-1202,0,0,0.01150811887254902,-0.01150811887254902,36.33,162.27,38.0,109.0,160.0,2.0,-51.0,-5.0,-87.37526624853054,-42.76133216463801,82.59559094647216,-37.128270036034785,28.29692979879055,5.331097459026328,8.951407879590937,245.3550145626067,0.003170715121138731,-0.10216790960865119
1767170691,304186768,10_1767170691-304186768.png,1202,-1202,0,0,0.01150811887254902,-0.01150811887254902,36.13,162.42,0.0,50.0,244.0,-41.0,-49.0,-9.0,-73.66182407429415,-26.56653389399336,94.40691488344785,-33.817757770744,18.937647805831944,3.9791180384456237,-9.01877909898763,238.0597128868102,0.003170715121138731,-0.10216790960865119
1767170691,337534912,11_1767170691-337534912.png,1202,-1202,0,0,0.01150811887254902,-0.01150811887254902,35.83,162.46,0.0,76.0,135.0,-39.0,-30.0,-12.0,-57.19766072121682,-6.363990874927017,114.89182640720182,-35.18543487443804,6.010349822031489,0.7217136606573127,34.24011963605876,271.63073873519886,0.003170715121138731,-0.10216790960865119
1767170691,370884033,12_1767170691-370884033.png,1202,-1202,0,0,0.01150811887254902,-0.01150811887254902,35.65,162.64,67.0,73.0,34.0,-15.0,-33.0,-12.0,-37.514757203576444,7.431142490587492,103.59642655292994,-32.33485091117878,-0.6515592506555197,-1.4768087109177752,-20.85168644785886,234.03714489936817,0.003170715121138731,-0.10216790960865119
1767170691,404232178,13_1767170691-404232178.png,1202,-1202,0,0,0.01150811887254902,-0.01150811887254902,35.47,162.64,42.0,124.0,94.0,12.0,-69.0,-14.0,-25.886373796741452,24.478385242593227,102.19302759634002,-25.851241291895864,-10.646960132757105,-3.308223091191255,43.09712043404574,247.90685844421375,0.003170715121138731,-0.10216790960865119
1767170691,470929443,14_1767170691-470929443.png,1202,-1202,0,0,0.01150811887254902,-0.01150811887254902,35.25,162.2,-41.0,188.0,198.0,-9.0,-72.0,-5.0,-28.408571534245763,51.338292518392,159.7920706930831,-18.50080865856095,-30.941060472362256,-0.6681802655661758,43.10809516906733,247.85613393783558,0.003170715121138731,-0.10216790960865119
1767170691,504278564,15_1767170691-504278564.png,1202,-1202,0,0,0.01150811887254902,-0.01150811887254902,35.17,162.02,26.0,218.0,27.0,9.0,-44.0,-37.0,-26.143897840050084,73.16248792403694,154.9000040423093,-16.008270505197277,-35.22962644046636,-3.2627802241849566,29.2283672690391,163.7474513053893,0.003170715121138731,-0.10216790960865119
1767170691,570975830,16_1767170691-570975830.png,1202,-1202,0,0,0.01150811887254902,-0.01150811887254902,35.06,161.96,1.0,108.0,-53.0,-2.0,-8.0,-35.0,-18.145254512042406,89.44853702578422,114.6137122176635,-12.027328993181786,-31.925187922703977,-10.510906708124235,-26.07767343521123,237.96413874626148,0.003170715121138731,-0.10216790960865119
1767170691,637673096,17_1767170691-637673096.png,1202,-1202,0,0,0.01150811887254902,-0.01150811887254902,34.96,161.55,-108.0,216.0,110.0,20.0,-45.0,5.0,-44.002866777137925,106.65110053023284,106.99533583058091,-4.718223442308697,-26.605013995995957,-5.806526076053128,31.83814626932139,263.24027490615833,0.003170715121138731,-0.06767558148950532
1767170691,671021240,18_1767170691-671021240.png,1202,-1202,0,0,0.01150811887254902,-0.01150811887254902,34.95,161.17,136.0,2.0,-27.0,50.0,-102.0,-27.0,-40.666596858188036,119.45403670322544,114.58541337548286,1.054055152157313,-30.99143596388092,-6.0685534876614255,-78.80958679318432,234.73826074600208,0.003170715121138731,-0.11219731333630753
1767170691,704370361,19_1767170691-704370361.png,1202,-1202,0,0,0.01150811887254902,-0.01150811887254902,35.05,161.45,144.0,-146.0,4.0,20.0,-88.0,-9.0,-4.862933334172095,82.7373369236427,89.2772567740648,8.057848075597528,-43.82413136084817,-8.595719069370658,-78.63853678107266,234.9126441478728,0.003170715121138731,-0.0854586107778316
1767170691,737718506,20_1767170691-737718506.png,1202,-1202,0,0,0.01150811887254902,-0.01150811887254902,35.05,161.44,147.0,-119.0,72.0,19.0,-111.0,-13.0,25.134618030198837,41.26685588280394,82.28870417110862,10.282888215217325,-55.95943246932525,-9.260962035435032,-5.054691821336797,244.56104707717884,0.003170715121138731,-0.0767413100332296
1767170691,771067627,21_1767170691-771067627.png,1202,-1202,0,0,0.01150811887254902,-0.01150811887254902,34.96,161.31,-139.0,97.0,-100.0,23.0,0.0,1.0,2.862104694197547,46.93114994794588,30.94963173212421,16.306239845551577,-47.138856486813125,-7.346008415656294,-5.176193177700093,244.53683114051807,0.003170715121138731,-0.07225152077313118
1767170691,837764648,22_1767170691-837764648.png,1202,-1202,0,0,0.01150811887254902,-0.01150811887254902,34.84,161.17,-60.0,84.0,-75.0,28.0,1.0,-6.0,-16.81252931813978,54.78717511515631,9.851485800267557,17.769455153284053,-38.931198439650224,-6.332672323369359,-25.367757439613392,250.9185185432433,0.003170715121138731,-0.06707445714409595
1767170691,871112793,23_1767170691-871112793.png,1202,-1202,0,0,0.01150811887254902,-0.01150811887254902,34.81,161.3,27.0,-28.0,-58.0,2.0,1.0,-12.0,-13.742327206001622,44.93745251566463,-6.627569153037526,16.253797974419268,-30.00617136821264,-7.135767656494717,-25.210149854421665,250.93442368507374,0.003170715121138731,-0.1292455796749324
1767170691,937810059,24_1767170691-937810059.png,1202,-1202,0,0,0.01150811887254902,-0.01150811887254902,34.83,161.47,-26.0,86.0,-15.0,52.0,-8.0,-25.0,-16.44106954078963,46.0809728172944,-3.278827902537549,22.198830831710207,-25.53862656995487,-11.978707146518675,1.8265969157218422,146.16281247138966,0.003170715121138731,-0.1292455796749324
1767170692,4507324,25_1767170692-4507324.png,1202,-1202,0,0,0.01150811887254902,-0.01150811887254902,34.73,161.84,155.0,68.0,13.0,1.0,26.0,-35.0,14.928613353366158,48.02778998196595,7.7516364625941705,21.8206634341843,-13.064922269081885,-18.5942756475666,23.269345909357018,268.89046907424915,0.003170715121138731,-0.1292455796749324
1767170692,37856445,26_1767170692-37856445.png,1202,-1202,0,0,0.01150811887254902,-0.01150811887254902,34.6,162.11,131.0,123.0,-139.0,-19.0,21.0,-21.0,38.10484282115339,49.790732912971286,-20.726647224075407,11.365623006306475,-6.7528713187991976,-19.71847356362925,32.40597516298289,243.62135410308827,0.003170715121138731,-0.1292455796749324
1767170692,71204590,27_1767170692-71204590.png,1202,-1202,0,0,0.01150811887254902,-0.01150811887254902,34.69,162.43,-44.0,33.0,-134.0,20.0,55.0,-3.0,38.07551108968586,55.46054190805633,-46.56787199128161,9.212320301467985,3.489830937219094,-17.86626703691444,-27.599654883146336,237.8343183994292,-0.013159126273920865,-0.1292455796749324
1767170692,104553711,28_1767170692-104553711.png,1043,-1084,-550,300,0.009985830269607842,-0.010378370098039215,34.66,162.13,40.0,49.0,-194.0,19.0,12.0,-14.0,36.17581982641773,53.91885830232223,-70.45209834695049,10.930367813220192,6.103240874213093,-16.905790501537446,-7.571088165044835,228.09564304351795,-0.026316171953240108,-0.1292455796749324
1767170692,171250732,29_1767170692-171250732.png,-853,875,-32250,31550,-0.008166743259803922,0.008377374387254902,33.84,163.23,-4.0,-67.0,-151.0,-5.0,5.0,13.0,30.41783666039523,49.232689730643266,-117.48857318950573,13.359405836027861,2.506252599147389,-14.199140575244932,-4.814221739769033,154.17671132087696,-0.04275638967213886,-0.1292455796749324
1767170692,204598877,30_1767170692-204598877.png,-2438,2436,-48000,49150,-0.023341758578431373,0.023322610294117647,33.84,163.23,-4.0,-67.0,-151.0,-5.0,5.0,13.0,26.328537502434024,35.42269217231249,-121.47017873869828,11.17806295946269,2.8025431314982803,-10.967519025375553,19.776003330945915,162.07698154449452,-0.055901174407470715,-0.1292455796749324
1767170692,237947998,31_1767170692-237947998.png,-4682,4676,-64850,65000,-0.04482613357843137,0.0447686887254902,30.23,166.1,74.0,19.0,-231.0,-5.0,9.0,-9.0,33.30009929777482,33.02100765652945,-137.4880199659269,8.812153466827201,3.708870549813273,-10.679785447459526,36.64202806353564,265.79054260253895,-0.0690371332605025,-0.1292455796749324
1767170692,271295654,32_1767170692-271295654.png,-7351,7358,-68450,69550,-0.07037951899509803,0.07044653799019608,28.35,167.98,-249.0,113.0,-170.0,-44.0,79.0,40.0,24.328809746766634,35.93258491564616,-164.21840730257526,7.336589602335468,10.48607095033815,-9.431040220495925,23.680671185254997,152.46912956237782,-0.07888205750695523,-0.1292455796749324
1767170692,337991943,33_1767170692-337991943.png,-10211,10216,-68100,68650,-0.09776156556372549,0.0978094362745098,26.58,171.5,-188.0,117.0,-184.0,-25.0,71.0,32.0,-29.51533055295463,53.63318581354613,-167.1740389754946,-1.8802038218624193,24.84912069457646,0.6667906959392425,-30.769145369529774,251.82367873191822,-0.09199755995386383,-0.072996465075393
1767170692,371340576,34_1767170692-371340576.png,-13208,13219,-68000,67750,-0.12645526960784315,0.12656058517156862,25.12,175.59,-59.0,98.0,-183.0,61.0,-8.0,-12.0,-38.03890495244755,61.805423842037335,-169.93560129469537,6.701110464222296,21.271650998757682,-0.3529533043030012,30.75723227858538,241.20735478401173,-0.10837125690215946,-0.09790943677804444
1767170692,404688232,35_1767170692-404688232.png,-15877,15870,-68700,68150,-0.1520086550245098,0.15194163602941177,25.38,180.52,-116.0,199.0,-56.0,70.0,-67.0,-21.0,-54.342851921212876,84.65439090012195,-161.31459236355886,21.466465206378427,10.608047991075535,-5.276391116942653,35.03445667028422,275.7230887413024,-0.12145116453662347,-0.11649350621396393
1767170692,438036865,36_1767170692-438036865.png,-18741,18804,-68100,68850,-0.17942899816176472,0.18003216911764705,26.09,182.13,-25.0,-70.0,-19.0,-32.0,-25.0,-18.0,-54.815842364276186,70.8727404469052,-132.36476726193297,17.397535128446798,-0.5959795996092234,-8.352051388574896,-30.368600010871937,263.2058854103087,-0.1345118890888605,-0.11901899570290342
1767170692,504732910,37_1767170692-504732910.png,-21336,21408,-68050,67600,-0.20427389705882354,0.20496323529411764,26.96,185.35,-54.0,-59.0,-119.0,0.0,-25.0,-18.0,-54.696532085970816,51.879913541246836,-130.41027927340798,14.853287797231147,-4.164868141360347,-9.762985025155833,44.18602195382113,267.5274987220763,-0.14755137493140416,-0.11901899570290342
1767170692,538080566,38_1767170692-538080566.png,-24821,24819,-68700,68000,-0.2376397824754902,0.23762063419117646,28.76,190.03,-67.0,86.0,180.0,29.0,-89.0,1.0,-54.26446022315824,33.78430007405785,-72.8579018494376,13.717953062512589,-18.089160382835576,-9.545672502579121,18.412148982286404,248.47872710227955,-0.16056755811440962,-0.11901899570290342
1767170692,571429199,39_1767170692-571429199.png,-27274,27270,-68100,68900,-0.2611251531862745,0.2610868566176471,29.53,191.74,-2.0,163.0,18.0,52.0,-116.0,0.0,-46.959653188478384,54.06865670472248,-52.851053497518045,19.722505371349186,-34.29225475051375,-7.8694478339262695,12.092195212840982,256.4136734008788,-0.17680190515866684,-0.11901899570290342
1767170692,638125488,40_1767170692-638125488.png,-32198,32187,-68700,68200,-0.3082682291666667,0.3081629136029412,32.21,198.62,-339.0,158.0,-227.0,-58.0,152.0,41.0,-83.60669082180948,68.57004405109623,-74.99896748957839,9.444955914513379,-4.569856270174187,0.3322703947464971,2.0137518644332375,290.92123985290516,-0.1929926096505604,-0.11901899570290342
1767170692,671472900,41_1767170692-671472900.png,-34109,34234,-68000,67700,-0.32656441482843135,0.3277611825980392,33.49,200.47,-339.0,158.0,-227.0,-58.0,152.0,41.0,-91.55624919653448,71.35370607244101,-79.73026246691468,7.3456150357392405,0.3036512471023878,1.59812380141868,-63.8364765644074,266.6846694946288,-0.20591108811107356,-0.11901899570290342
1767170692,704821533,42_1767170692-704821533.png,-37244,37235,-68800,68200,-0.35657935049019607,0.3564931832107843,34.43,202.1,-113.0,69.0,-180.0,-4.0,59.0,1.0,-117.63016813719481,79.60605115853333,-91.36804564904607,-1.7075582415642163,20.20620563223531,5.454628995068221,-82.47157663106923,275.6841139793395,-0.22201320920720835,-0.11901899570290342
1767170692,771517822,43_1767170692-771517822.png,-39699,39702,-68100,68950,-0.3800838694852941,0.3801125919117647,35.88,203.55,-67.0,81.0,-102.0,12.0,27.0,1.0,-109.98365916743755,79.25497269123885,-97.56030229057973,0.1771144947846202,23.229519801544452,4.570099852155643,-22.578811019659092,268.1616983413695,-0.23485567106335659,-0.11901899570290342
1767170692,804865479,44_1767170692-804865479.png,-43118,43123,-68100,68950,-0.41281786151960786,0.41286573223039214,38.13,205.94,-258.0,-148.0,-216.0,-53.0,129.0,10.0,-128.80386397084592,56.6441376179204,-108.86029576653745,-4.616211122909338,40.937026983400706,4.687326573672281,-21.787006616592457,267.1778721809386,-0.25085634236671617,-0.11901899570290342
1767170692,838213867,45_1767170692-838213867.png,-46398,46455,-68000,67800,-0.44422104779411764,0.4447667738970588,39.05,206.34,-153.0,-280.0,-120.0,-47.0,92.0,-20.0,-142.32511632730274,-8.399819965415901,-118.76788878876505,-14.553026756967107,55.20904528913037,1.4875080391421251,-35.96772798895841,308.84647798538197,-0.2636125178035458,-0.06935292093651974
1767170692,904910156,46_1767170692-904910156.png,-48982,48987,-68650,68150,-0.46896063112745096,0.4690085018382353,39.79,206.6,-251.0,-31.0,-271.0,-53.0,141.0,17.0,-158.21792991917363,-11.70491159554944,-141.03059093679548,-20.175582385951703,67.75527128919589,3.7560832126092634,-251.47866454720503,306.0680932998656,-0.27949895614089776,-0.03483775657293167
1767170692,938257568,47_1767170692-938257568.png,-51919,51916,-68200,69000,-0.49707988664215685,0.4970511642156863,40.63,207.4,-170.0,101.0,-123.0,-46.0,78.0,36.0,-159.07424816538327,20.075798862274144,-140.17303695589584,-23.607840837607867,71.83907887443469,10.582450181637896,-227.46250253915792,326.44172024726856,-0.29215862527772574,0.007334439089120504
1767170692,971606201,48_1767170692-971606201.png,-55538,55542,-68150,69100,-0.5317287071078431,0.5317670036764706,41.22,209.71,-174.0,114.0,-56.0,-6.0,37.0,-7.0,-159.1011797744417,22.663482710376144,-141.47870874391504,-20.716388019448974,61.867934542126676,7.914971380418081,-324.1061490178109,305.8111751079558,-0.307918114054865,-0.04559202817618719
1767170693,38302246,49_1767170693-38302246.png,-58819,58877,-67950,67700,-0.5631414675245098,0.5636967677696079,41.42,210.74,-70.0,65.0,34.0,34.0,-49.0,-26.0,-147.58216523244693,38.119835555879575,-107.14560221531464,-11.221764157604532,43.13185448545561,1.4422408262563076,-307.1437544226647,314.17942905426014,-0.32360163616190973,-0.04243283725352972
1767170693,104998291,50_1767170693-104998291.png,-62295,62438,-67950,67650,-0.5964211856617647,0.5977902879901961,41.88,215.14,81.0,30.0,-272.0,33.0,-17.0,-6.0,-81.47523221193046,38.63712122506921,-139.35622202427786,11.895052488201296,18.905349955536835,-5.03387074177362,-340.9571078419686,310.44931507110584,-0.34231613519508736,0.0008314000913766176
1767170693,138345947,51_1767170693-138345947.png,-66120,66111,-67900,67700,-0.6330422794117647,0.6329561121323529,42.08,217.24,26.0,-42.0,-312.0,63.0,-19.0,-18.0,-68.482588477201,35.614305072795524,-152.6060472832754,14.738930743692432,15.593528555435212,-5.4948297895222105,-312.883151203394,310.8624188899993,-0.35472530074187963,0.015493110933552833
1767170693,205041992,52_1767170693-205041992.png,-70014,70003,-68750,68100,-0.6703239889705882,0.6702186734068627,42.51,218.39,-52.0,-33.0,-294.0,56.0,1.0,-10.0,-56.48803062028987,17.706992711457932,-189.45234285871592,25.668525735973756,9.950249879545936,-7.422172138854153,-274.5943787693978,319.4797101020812,-0.3732334047905761,0.015493110933552833
1767170693,238390625,53_1767170693-238390625.png,-72669,72749,-68150,68900,-0.6957433363970589,0.6965092677696079,43.55,220.89,-157.0,80.0,-188.0,44.0,32.0,-4.0,-67.11109049222355,23.3494506525674,-201.38183153093837,30.681291956034578,14.191257950783209,-8.939123127831834,-297.64112749695784,328.7319173812865,-0.38549889279655863,0.015493110933552833
1767170693,271738770,54_1767170693-271738770.png,-75464,75464,-68000,67700,-0.7225030637254902,0.7225030637254902,44.23,222.05,-196.0,108.0,-358.0,62.0,56.0,-5.0,-89.59351720233923,37.92498712084301,-218.92295384203098,35.46454912957399,20.578954648539128,-8.077204241043342,-296.7473684549332,328.014323234558,-0.3977034942821193,0.015493110933552833
1767170693,338436279,55_1767170693-338436279.png,-78342,78330,-68750,68250,-0.7500574448529411,0.7499425551470589,44.88,224.52,-159.0,5.0,-326.0,20.0,32.0,1.0,-102.57136838588158,34.97219923926411,-238.27802745622427,33.90815683473233,23.19049282675512,-6.667961526405066,-313.7814559936524,320.69996404647816,-0.4098452784554677,0.015493110933552833
1767170693,371785400,56_1767170693-371785400.png,-80726,80735,-68200,68900,-0.7728821997549019,0.7729683670343137,46.25,227.58,-76.0,-29.0,-296.0,-3.0,45.0,4.0,-95.00391103283009,17.399015249929814,-238.61843203315152,26.25460917509807,19.875046223761615,-5.81619005004568,-312.3940936326981,320.66098928451527,-0.4219223478143271,0.015493110933552833
1767170693,405133545,57_1767170693-405133545.png,-84012,84015,-68200,68950,-0.8043428308823529,0.8043715533088235,47.0,229.28,-85.0,35.0,-43.0,6.0,0.0,19.0,-91.61320424894615,15.266397427246565,-215.83149996340399,20.325012416794696,19.517105327813177,-1.19129150269377,-359.26458933949476,327.5082244873046,-0.4369247997620978,0.015493110933552833
1767170693,438482666,58_1767170693-438482666.png,-87077,87080,-67900,67700,-0.8336875765931373,0.8337162990196079,47.99,234.03,-73.0,215.0,-208.0,45.0,3.0,-12.0,-98.314820777158,34.764546376939705,-199.88403817182476,22.888980500367786,19.213092909248832,2.1833075504418016,-313.8082759082318,318.931484222412,-0.4488493032800093,0.015493110933552833
1767170693,505180176,59_1767170693-505180176.png,-90013,90016,-68650,68200,-0.8617972579656863,0.8618259803921569,48.49,236.05,94.0,361.0,-331.0,59.0,-8.0,-37.0,-78.17408543483252,83.76637066827261,-212.62753461930393,28.546486084098113,14.998214651021406,-2.8955804797894262,-380.69363614916807,330.02868795394886,-0.46070293342341107,0.015493110933552833
1767170693,538528320,60_1767170693-538528320.png,-92403,92468,-68150,68900,-0.8846794577205882,0.8853017769607843,48.84,236.88,174.0,237.0,-379.0,28.0,-18.0,-46.0,-32.28715674686882,120.68101432797103,-243.1516576342924,30.0599622754072,8.96917789524522,-10.983668348245853,-398.6112223267556,334.64232540130604,-0.4724837926900265,0.015493110933552833
1767170693,571877686,61_1767170693-571877686.png,-95615,95607,-68050,67750,-0.9154316023284313,0.9153550091911765,49.71,239.72,69.0,-48.0,-155.0,36.0,16.0,-21.0,-15.705561476750852,74.39182709204323,-217.7100227583049,27.536332476643057,12.643565044007222,-12.949045124916282,-396.51478818058973,340.2016739845275,-0.4871047468116433,0.06879141367885697
1767170693,638574951,62_1767170693-638574951.png,-98888,98882,-67950,67700,-0.9467677696078431,0.9467103247549019,50.23,242.87,115.0,47.0,-187.0,65.0,-14.0,5.0,5.660083535360235,67.13347022070704,-211.55243290087813,33.24000710077479,8.836357650943581,-10.538095669934481,-398.87052479386335,342.1292052268981,-0.4987151637684936,0.10624572375097015
1767170693,671923340,63_1767170693-671923340.png,-102780,102772,-68650,68150,-0.9840303308823529,0.9839537377450981,51.57,247.07,1.0,-3.0,-263.0,84.0,14.0,-37.0,21.000767306716856,57.10821400136019,-206.89799523073256,46.9720246647961,1.7389748009958137,-14.643712021116217,-396.1930141448975,340.60675358772266,-0.5159825343548358,0.10701059659538864
1767170693,738620605,64_1767170693-738620605.png,-105862,105848,-68750,68250,-1.0135378370098038,1.0134037990196079,52.46,249.39,-20.0,114.0,-320.0,129.0,63.0,-22.0,14.47322578706753,63.83081503475036,-224.92913301701384,59.95195299948357,11.023732140227915,-16.313620652392828,-406.6407670676709,351.4708251953124,-0.5273926150186848,0.12145788030103159
1767170693,771969971,65_1767170693-771969971.png,-108787,108789,-68050,69000,-1.0415422028186274,1.0415613511029411,54.75,257.09,59.0,108.0,-398.0,162.0,-31.0,-25.0,16.223227739735087,82.24487399565271,-240.217878252613,80.58799564401453,5.641093605673798,-16.789798135585958,-404.28964114189154,350.10785484313953,-0.5415379285696135,0.12768713681992033
1767170693,805318115,66_1767170693-805318115.png,-111447,111523,-68000,67750,-1.0670094209558822,1.0677370557598038,56.61,259.61,19.0,7.0,-53.0,68.0,-42.0,-28.0,17.766087855425212,71.92536084494691,-217.0318060581917,80.9106037029417,-2.2997530371086383,-18.647382189786306,-443.1876087784768,387.36901688575733,-0.5527581591372536,0.16038103618112878
1767170693,838667236,67_1767170693-838667236.png,-114660,114662,-68750,68100,-1.0977711397058822,1.0977902879901962,58.51,264.75,-41.0,75.0,-87.0,61.0,-16.0,-19.0,-1.7276732281406775,68.55476935059268,-196.29150487840556,74.2114845794703,2.8047996302623535,-17.75644320336146,-409.10235467553144,364.1066722869872,-0.566660492528226,0.1720100153819727
1767170693,905364746,68_1767170693-905364746.png,-117183,117175,-68100,68900,-1.121926700367647,1.1218501072303921,59.65,267.62,-30.0,-4.0,-86.0,45.0,-36.0,-23.0,-8.89677570960146,58.4422392726009,-171.71750536183407,68.9187147971741,-4.323099996553731,-18.619358045839732,-436.52016502618795,383.22665882110584,-0.5749349340351023,0.15634824893822347
1767170693,938713135,69_1767170693-938713135.png,-120384,120384,-68050,67850,-1.1525735294117647,1.1525735294117647,60.88,272.09,-15.0,-90.0,-181.0,7.0,-20.0,-18.0,-9.789322383484413,36.733774922875114,-173.0749943414977,59.863608788655455,-6.615718502625035,-18.528781993338015,-434.4121067523957,382.97332286834705,-0.5886119307083405,0.1698598204941513
1767170694,72107910,70_1767170694-72107910.png,-129607,129600,-68050,68750,-1.2408758425245099,1.2408088235294117,68.63,289.82,14.0,-13.0,-203.0,34.0,22.0,-5.0,-0.2501041500334527,37.12040677412442,-125.14040631668482,42.356280927742255,-8.514932966297927,-15.64307933418383,-383.4201759397984,347.73268699645985,-0.6261242191377878,0.1625202804771325
1767170694,105457275,71_1767170694-105457275.png,-131044,131117,-68800,68150,-1.2546338848039216,1.2553327971813726,70.11,293.23,-16.0,15.0,-81.0,35.0,-7.0,-13.0,-2.1747054673367536,32.55354331659873,-120.75432793083412,41.05841930716701,-7.482461228779339,-14.973713947707248,-399.9316323101521,364.15524744987476,-0.6340074422805314,0.19470859400032378
1767170694,138805420,72_1767170694-138805420.png,-134722,134787,-68700,68200,-1.2898475796568627,1.2904698988970589,71.75,296.18,-81.0,89.0,84.0,-1.0,-21.0,-25.0,-13.702260593182928,40.80837629799617,-90.81068082526932,34.90771920583825,-9.459290802012832,-16.43997634305313,-393.5240105390549,371.5723452568053,-0.6444307218919653,0.22090779450921957
1767170694,205502930,73_1767170694-205502930.png,-138276,138420,-68000,69000,-1.323874080882353,1.3252527573529411,76.46,309.65,143.0,61.0,89.0,14.0,-53.0,-22.0,-19.6522756767589,42.60729739233745,-60.62960612412459,22.516979585549016,-6.211373481191298,-19.224312167461502,-390.30795860290533,369.03124809265125,-0.6573164268263137,0.20156547090909896
1767170694,238852295,74_1767170694-238852295.png,-140466,140533,-68000,67750,-1.3448414522058822,1.3454829197303921,76.46,309.65,143.0,61.0,89.0,14.0,-53.0,-22.0,-0.32701068324997085,44.79259637054701,-42.85160838513413,21.50504853970163,-11.77048787043742,-19.554100992609364,-391.43153768777853,364.7540545463561,-0.6675084108970741,0.24039145830098654
1767170694,272200439,75_1767170694-272200439.png,-143541,143603,-68850,68200,-1.3742819393382353,1.3748755361519607,78.06,313.3,110.0,12.0,165.0,0.0,-58.0,-9.0,15.80741298190971,39.99694714878023,-12.455009325646017,18.360110940734785,-18.5311762087941,-18.010649975808683,-378.68720781803137,365.0217194557189,-0.6775950003676947,0.2637169553171909
1767170694,338897705,76_1767170694-338897705.png,-147640,147636,-68700,68250,-1.4135263480392157,1.4134880514705883,80.61,323.0,36.0,70.0,172.0,-1.0,0.0,8.0,20.782141777754774,47.00698785580698,43.29352433002091,15.109325762482563,-19.125912241723192,-13.830909818272266,-325.2447290718556,337.83467364311207,-0.6925237493322974,0.28492654044414006
1767170694,372247070,77_1767170694-372247070.png,-150086,150152,-68300,68900,-1.436944699754902,1.4375765931372548,82.93,333.43,-25.0,-26.0,55.0,10.0,75.0,-22.0,11.9660135289603,35.118734884394705,50.560069947131694,15.055753586975868,-6.201627791206082,-12.158290405040358,-300.6161898374558,329.10490012168873,-0.7023398947942205,0.281821175594317
1767170694,405595215,78_1767170694-405595215.png,-152963,152950,-67900,67650,-1.4644895067401962,1.4643650428921569,84.54,339.25,-75.0,-20.0,70.0,6.0,63.0,-36.0,-1.3147760620372622,23.695632007716103,53.2238809570116,13.576609235241275,8.49633527497939,-15.77588722980109,-300.91815739870077,329.4078142642974,-0.7120450530177146,0.281821175594317
1767170694,438944336,79_1767170694-438944336.png,-155406,155407,-68800,68200,-1.4878791360294117,1.4878887101715685,86.47,342.83,-40.0,130.0,97.0,-11.0,5.0,-35.0,-8.930336587307103,38.080578766953906,60.0716009281289,9.781134873681015,9.433443323204012,-19.124706331711756,-300.91815739870077,329.4078142642974,-0.7192503019259511,0.281821175594317
1767170694,505641846,80_1767170694-505641846.png,-158969,158966,-68700,68250,-1.5219918045343137,1.5219630821078431,90.76,351.04,-23.0,213.0,19.0,63.0,-74.0,-34.0,-19.137156556702212,71.98960948333529,47.66059460815511,18.289296025479707,-2.1913780168392964,-21.254728035272183,-238.2543036639691,312.39690685272205,-0.7311166819530717,0.281821175594317
1767170694,538989990,81_1767170694-538989990.png,-161411,161482,-68050,67600,-1.5453718596813726,1.5460516237745099,93.1,355.55,-59.0,108.0,-25.0,49.0,-7.0,-15.0,-24.181459683977963,87.51379887775448,36.741842795453735,25.50384698942289,-8.489492530752385,-21.528026736622017,-226.8622689545155,305.72247886657703,-0.740480023450654,0.281821175594317
1767170694,572339111,82_1767170694-572339111.png,-164020,164020,-68800,68200,-1.5703507965686274,1.5703507965686274,95.6,362.42,4.0,15.0,-184.0,43.0,39.0,-18.0,-20.985443761923822,77.45366304822646,2.819381383764205,28.686919584177144,-1.5049595395873598,-20.838601310726006,-225.1961872875691,302.5262618064879,-0.749726452176382,0.281821175594317
1767170694,639036621,83_1767170694-639036621.png,-168791,168795,-67950,67700,-1.6160290287990196,1.616067325367647,103.51,377.0,-108.0,34.0,62.0,18.0,-16.0,-26.0,-47.31778619055455,64.90314999995671,8.177318254705732,26.90732122174171,-7.50323219469245,-21.24090327328397,-210.4383507072926,298.07912683486927,-0.7611178574230869,0.281821175594317
1767170694,672384766,84_1767170694-672384766.png,-171045,171053,-68150,68950,-1.6376091452205883,1.6376857383578431,106.05,382.55,-32.0,6.0,158.0,-23.0,-20.0,-14.0,-46.84099360783105,63.06968760077877,12.840808297669511,25.35386954888846,-7.892215702065242,-21.01551763792049,-154.58370313048368,281.8657691478728,-0.7723215098129412,0.281821175594317
1767170694,705733887,85_1767170694-705733887.png,-173634,173635,-67950,67700,-1.6623965992647058,1.6624061734068627,108.47,390.9,7.0,42.0,149.0,16.0,-49.0,-28.0,-41.88612581599495,55.41334746076982,37.37515439506258,19.387620569456534,-11.76189390223499,-20.66110443689787,-102.40766984224324,269.09408354759205,-0.7811472922444911,0.281821175594317
1767170694,772431396,86_1767170694-772431396.png,-176103,176106,-68800,68200,-1.68603515625,1.6860638786764706,110.84,395.87,-13.0,11.0,187.0,-13.0,-56.0,-18.0,-33.884418376006415,47.881831868530995,67.88162680180345,14.389440082023597,-21.10868036582766,-20.83900361125524,-102.37734320759778,267.0833010673522,-0.7898497703175702,0.281821175594317
1767170694,805779541,87_1767170694-805779541.png,-179030,179109,-68150,68750,-1.7140586703431373,1.7148150275735294,113.28,400.68,6.0,-16.0,227.0,-5.0,-71.0,-2.0,-28.051648143841803,38.53963603189658,91.15138848746527,11.553892930186441,-28.40487812561929,-18.08395329482704,-101.33974370360379,270.3103253841399,-0.7984274792935793,0.3543652643113943
1767170694,839128662,88_1767170694-839128662.png,-181699,181758,-67950,67750,-1.7396120557598038,1.7401769301470589,118.55,411.2,-84.0,101.0,146.0,19.0,-18.0,-3.0,-40.121935286819536,40.50877963199394,97.64940788845678,10.698671271721171,-27.986196952333998,-13.578748510061894,-76.48638474941258,258.4929482936858,-0.8068791541710002,0.35934629697144965
1767170694,872477051,89_1767170694-872477051.png,-184769,184758,-68700,68150,-1.7690046721813726,1.768899356617647,121.14,419.14,-79.0,73.0,43.0,9.0,-5.0,-2.0,-49.19791778667731,49.93440856174004,93.39334644166512,11.09168400112582,-23.853037086525397,-11.068049302776263,-38.63413402438169,255.02462434768665,-0.8152033302112336,0.33243212611937434
1767170694,905826172,90_1767170694-905826172.png,-187499,187504,-68100,68900,-1.7951420802696079,1.7951899509803921,123.73,424.1,-75.0,74.0,142.0,-12.0,-7.0,-3.0,-52.97126144291246,53.45380463358953,100.50167228679635,7.714713932700701,-21.388418144031636,-9.888163028361403,-12.454780310392431,249.67175602912891,-0.8233988755708161,0.37217036389338903
1767170694,972523682,91_1767170694-972523682.png,-190576,190577,-68200,68800,-1.8246017156862746,1.8246112898284315,129.22,434.1,-143.0,144.0,6.0,42.0,-41.0,-12.0,-69.34170178956238,62.478160631145656,94.36361519535917,11.051830021316187,-19.415892923183247,-10.282355860343564,-1.971375733614019,246.1448266506194,-0.8334602315901083,0.35125348208784124
1767170695,5871826,92_1767170695-5871826.png,-193573,193578,-67900,67700,-1.8532954197303921,1.8533432904411764,132.07,439.71,-127.0,131.0,134.0,33.0,-58.0,-12.0,-79.73120382665543,74.66533802320163,97.81187602959534,15.084008824699225,-25.63209441286079,-10.579193155079876,46.13796624541278,240.90873932838429,-0.8413614310702098,0.37564057355134256
1767170695,39220947,93_1767170695-39220947.png,-196653,196651,-68650,68250,-1.8827837775735294,1.8827646292892157,137.46,455.33,59.0,-49.0,59.0,19.0,-7.0,4.0,-60.420942583919945,70.15264937291079,82.96670120806661,19.568129224369375,-27.149049813847277,-9.880760944274693,39.19271233677859,245.96585798263538,-0.8510508766432725,0.3711991519398657
1767170695,105918457,94_1767170695-105918457.png,-198085,198142,-68000,67700,-1.8964939491421569,1.897039675245098,139.96,460.26,-66.0,0.0,58.0,58.0,-5.0,-3.0,-52.00938146597863,50.68667561338184,77.4636590476536,25.144577864179304,-22.353049558305386,-7.801963151963942,63.59123671054835,241.32771801948536,-0.8586514052363041,0.39432219226272563
1767170695,139266602,95_1767170695-139266602.png,-202180,202169,-68000,67750,-1.9357000612745099,1.9355947457107843,144.94,470.88,8.0,64.0,122.0,2.0,-29.0,-26.0,-51.69874421664036,57.096442230362776,77.36733593803687,29.221130771320723,-25.343719819002146,-10.521815283970973,47.34362855553622,252.2863607406615,-0.8661163123508234,0.37651080415094773
1767170695,172615967,96_1767170695-172615967.png,-205455,205446,-68050,67650,-1.9670553768382353,1.9669692095588236,147.43,475.7,20.0,-24.0,106.0,-23.0,-3.0,-32.0,-38.758675500713856,50.502912714455945,84.78171854952116,21.55339985164184,-23.716628726875296,-14.138248571943286,65.11873799562449,243.4138708114623,-0.8734444661433672,0.37651080415094773
1767170695,239313477,97_1767170695-239313477.png,-209141,209205,-68800,68100,-2.0023456648284315,2.0029584099264706,151.99,487.81,-150.0,17.0,85.0,-19.0,63.0,0.0,-58.05064215900664,37.96743522568264,84.16560861688005,2.9507900183901,-1.654837707523174,-13.22584338897988,84.37777447700495,239.13080239295948,-0.882410530585337,0.37651080415094773
1767170695,272661865,98_1767170695-272661865.png,-211799,211876,-68150,68900,-2.0277937346813726,2.028530943627451,153.3,492.93,-125.0,-122.0,-122.0,-36.0,70.0,-15.0,-67.84143859976405,14.573505157458644,54.015573244669504,-2.745444696548939,8.824096708189773,-13.485299294050357,86.42894595861429,239.39259243011463,-0.8911588816081928,0.37651080415094773
1767170695,339359619,99_1767170695-339359619.png,-215012,215016,-68150,68750,-2.0585554534313726,2.05859375,156.3,503.94,74.0,-147.0,24.0,-20.0,11.0,-15.0,-43.75396319782915,-24.68425066872403,46.56134935854557,-7.144214995400571,8.349989971603602,-13.605374811668494,92.30672830343241,234.40024065971363,-0.8979993440261157,0.37651080415094773
1767170695,372708984,100_1767170695-372708984.png,-218219,218291,-67950,67800,-2.0892597273284315,2.0899490655637254,159.74,512.24,-53.0,-26.0,-217.0,31.0,54.0,-3.0,-33.16140747548024,-37.28411923660423,5.729080395442848,-2.8699989337416496,15.294742277600685,-12.195893248099141,92.30672830343241,234.40024065971363,-0.9063504179933589,0.37651080415094773
1767170695,406057617,101_1767170695-406057617.png,-221365,221426,-68700,68200,-2.1193799785539214,2.1199640012254903,166.47,522.93,1.0,-40.0,-128.0,43.0,12.0,-10.0,-27.3994414778844,-27.69349267821951,-17.806584222755106,3.7818867931285878,15.433805348716694,-12.524855592126302,91.17159003019327,242.48693060874928,-0.9144778530080628,0.37651080415094773
1767170695,472755371,102_1767170695-472755371.png,-224576,224633,-68750,68250,-2.1501225490196076,2.150668275122549,169.75,528.07,45.0,128.0,-142.0,96.0,-8.0,5.0,-13.9308355518248,-6.172937859953236,-47.14664340728019,21.24623467610379,11.65848487524203,-9.705872671049454,94.71077972650522,235.51001834869373,-0.9223796516994097,0.37651080415094773
1767170695,506104736,103_1767170695-506104736.png,-227571,227572,-68100,68950,-2.1787971047794117,2.1788066789215685,172.84,533.44,-50.0,161.0,-169.0,104.0,-3.0,-11.0,-19.2056560771989,18.27473808157753,-64.96670096266183,33.348296549748405,9.514801258675076,-9.895128216655564,89.47070091962809,234.00590777397144,-0.9285373461928637,0.49974443001066127
1767170695,539453369,104_1767170695-539453369.png,-230788,230776,-67950,67750,-2.209597120098039,2.209482230392157,178.7,546.73,129.0,42.0,89.0,39.0,-42.0,-25.0,-1.8280731815378246,26.34173197920245,-40.49210502397712,35.0058415248548,0.4927540167683031,-13.249699496109539,88.62986737489695,229.40731573104847,-0.9345483670892816,0.49974443001066127
1767170695,606151123,105_1767170695-606151123.png,-232343,232354,-68150,68950,-2.224484911151961,2.2245902267156863,181.09,549.29,-66.0,190.0,-14.0,42.0,20.0,-15.0,-7.7359763108017034,50.69152994677843,-33.17663740014355,36.13482360308834,2.2162971525529014,-13.81792734468643,97.74019622802729,228.0174069404601,-0.940411848861309,0.49974443001066127
1767170695,639500732,106_1767170695-639500732.png,-236725,236855,-68050,68150,-2.2664388020833335,2.2676834405637254,185.18,558.54,-133.0,123.0,96.0,-40.0,15.0,-3.0,-41.20979427338516,74.01325747312599,-8.785319162659157,23.978822184305077,8.47535324128331,-10.365348145233806,80.93859124183649,230.39028215408314,-0.9475322760888266,0.49974443001066127
1767170695,672849121,107_1767170695-672849121.png,-239302,239305,-67900,67700,-2.2911113664215685,2.291140088848039,187.09,567.84,0.0,35.0,116.0,6.0,-58.0,-13.0,-37.62249577649976,69.60969536259984,12.248152319497255,19.649348401721078,-1.0727333740088212,-10.554912534082538,72.17620694637293,225.63708066940296,-0.9530603327215585,0.49974443001066127
1767170695,739547119,108_1767170695-739547119.png,-242725,242730,-67900,67750,-2.3238836550245097,2.323931525735294,191.06,580.3,-86.0,68.0,66.0,-11.0,49.0,-3.0,-38.03080492998415,73.9575693078883,30.059868312949774,13.014372039504403,-0.19053320897066262,-9.603896388602772,63.41512143611903,225.85287475585926,-0.9597587154953259,0.49974443001066127
1767170695,772896484,109_1767170695-772896484.png,-245255,245245,-68750,68200,-2.3481062346813726,2.348010493259804,195.59,586.37,-86.0,-9.0,14.0,-19.0,59.0,5.0,-46.32067462214874,65.9592159961341,31.564723315179965,8.14026186177366,9.215441155076379,-7.7386041452550005,62.4105110764503,222.3623409271239,-0.9649469527729637,0.5368203531680653
1767170695,806244873,110_1767170695-806244873.png,-247493,247569,-67950,67800,-2.3695331648284315,2.370260799632353,198.74,594.59,-111.0,-29.0,189.0,-37.0,17.0,-11.0,-57.85560757655882,48.15017446474284,53.66932065403423,0.11882884590121434,12.958707678590741,-7.549044645211431,62.45298135280604,209.7489902973174,-0.969982857236249,0.5478328253213324
1767170695,872942871,111_1767170695-872942871.png,-251330,251322,-68050,67700,-2.4062691482843137,2.406192555147059,204.46,603.07,-88.0,167.0,271.0,-35.0,17.0,-14.0,-66.85429318590327,65.93589135904541,87.48121741142548,-8.661629686991526,13.595964627554324,-8.458872880417342,55.82917678356166,206.9504017829894,-0.9760621882146274,0.5436883358612072
1767170695,906292480,112_1767170695-906292480.png,-254539,254666,-67950,67700,-2.4369925704656863,2.4382084865196076,207.08,607.19,-17.0,73.0,355.0,-33.0,-14.0,-18.0,-60.66990046839408,72.256857578415,136.20576234180282,-13.59899932492646,9.738387000742005,-10.144108793552954,51.29803988337512,202.15378355979908,-0.9807523477893932,0.564888117734692
1767170695,972990234,113_1767170695-972990234.png,-258968,258980,-67950,67700,-2.4793964460784315,2.4795113357843137,213.38,333.16,-69.0,-25.0,341.0,-42.0,-50.0,-19.0,-67.89248374379058,56.68239087160619,190.40631844313094,-11.182104503745816,-2.3791604481865805,-13.843122498229226,284.90527546405787,323.2668533325194,-0.9885871014002973,0.5584092413607491
1767170696,6338867,114_1767170696-6338867.png,-261229,261432,-68150,68150,-2.501043581495098,2.502987132352941,215.37,338.77,-84.0,-75.0,202.0,-37.0,-24.0,-26.0,-68.42725835610612,50.12018297430792,195.30877438190447,-12.915132797887216,-4.48828888454401,-14.377046700917434,277.8828737139701,323.9324333667754,-0.9928496238830237,0.5854727559610879
1767170696,39688232,115_1767170696-39688232.png,-264501,264499,-68150,68950,-2.532370174632353,2.532351026348039,217.15,344.48,37.0,-103.0,219.0,-69.0,-13.0,-17.0,-54.58904941008632,15.035680788649664,199.45216629046968,-23.560204275374144,-7.71228379217437,-15.939639991286766,271.6980585455894,321.13298511505116,-0.9969554193355988,0.5636652008078911
1767170696,106386230,116_1767170696-106386230.png,-266892,266888,-67800,67800,-2.5552619485294117,2.5552236519607843,220.63,357.05,46.0,53.0,239.0,34.0,-68.0,-22.0,-43.81094157195004,20.860962496659447,185.81342632575607,-11.492954326308162,-14.004853199680014,-16.23014062361105,265.3316732048988,328.48947143554676,-1.0018663549647322,0.5745187037659305
1767170696,139734863,117_1767170696-139734863.png,-270989,270983,-67800,67700,-2.5944872089460786,2.594429764093137,222.27,367.25,31.0,-15.0,281.0,17.0,-67.0,-26.0,-28.17134532864856,17.298175448329015,202.5165241779852,-4.945800459017145,-24.580106018219595,-17.960794538401412,255.60091465711588,324.6008791923522,-1.0056170844649726,0.6009625635704968
1767170696,173084229,118_1767170696-173084229.png,-273587,273653,-68100,68200,-2.6193608302696076,2.619992723651961,223.59,663.75,57.0,23.0,58.0,4.0,-36.0,-13.0,-15.715732136976479,18.13202069086159,181.3821635779485,-3.6375502514215565,-26.250172183995137,-17.235318879243266,-1.9748175144196067,177.97825455665577,-1.009209089564244,0.5857293384566695
1767170696,239782227,119_1767170696-239782227.png,-277267,277271,-68150,69000,-2.654593673406863,2.6546319699754903,225.42,675.7,-206.0,190.0,54.0,-72.0,64.0,46.0,-61.80759620944606,60.230125743413325,138.98336856795453,-21.546128344481343,2.9608731055156907,-2.214952360449005,-11.821557581424765,169.94415187835682,-1.0134748078402787,0.6073389659431575
1767170696,273130371,120_1767170696-273130371.png,-280475,280482,-68100,68950,-2.6853075214460786,2.6853745404411766,226.84,692.53,29.0,49.0,-113.0,56.0,1.0,8.0,-86.7333542898834,82.72528164442068,98.75630895585414,-17.381416996008866,12.897097103540517,6.718512760591024,-16.857272535562565,161.39177083969105,-1.0182635709544046,0.6042317190430879
1767170696,339827393,121_1767170696-339827393.png,-283755,283756,-67800,67650,-2.7167107077205883,2.716720281862745,227.67,699.04,-49.0,133.0,-233.0,55.0,85.0,20.0,-75.1597341080298,88.31296688309355,39.16010083821509,-2.956747990521099,22.819074913975946,8.727871977807041,-25.676738440990498,144.3964819908141,-1.0212551663859177,0.6070678198105163
1767170696,373176514,122_1767170696-373176514.png,-286550,286553,-68750,68250,-2.7434704350490198,2.7434991574754903,228.38,708.65,-177.0,268.0,-90.0,7.0,86.0,10.0,-90.05304070536899,114.59072698453622,20.271491651281927,-1.5006549684096577,32.05876886182795,8.913910304589145,-33.286515802145054,141.59029912948597,-1.0240855074134267,0.6192399540253951
1767170696,406524658,123_1767170696-406524658.png,-289012,289012,-68200,68850,-2.7670419730392157,2.7670419730392157,230.34,722.9,77.0,17.0,-107.0,37.0,12.0,-12.0,-69.51202367822286,98.64470412859389,0.49112803315060516,7.242426398891166,33.15515855854049,7.09491050367812,-31.982015937566807,142.4610698223113,-1.0267541279837407,0.6310398026317259
1767170696,473221680,124_1767170696-473221680.png,-294209,294200,-68750,68250,-2.8167987898284315,2.8167126225490198,235.02,750.88,-75.0,99.0,161.0,-25.0,2.0,3.0,-31.033936568656003,73.8390013773881,17.41742106664142,6.765400653445634,13.99759389066673,-0.40223698672891195,-44.92181298136716,125.36074972152697,-1.0304528592636972,0.6063073329230952
1767170696,506570801,125_1767170696-506570801.png,-296254,296311,-67900,67700,-2.8363779105392157,2.836923636642157,235.02,750.88,-75.0,99.0,161.0,-25.0,2.0,3.0,-32.402456319149834,74.62218096795941,21.88667711918708,5.776647629321157,13.624148034559534,-0.2963364773628679,-50.06552192568784,128.84999394416798,-1.0332555034158695,0.6544222950460423
1767170696,539918945,126_1767170696-539918945.png,-298909,298911,-68750,68250,-2.8617972579656863,2.86181640625,236.94,757.77,-14.0,139.0,168.0,-11.0,-14.0,-3.0,-29.711247476510213,84.03691087380304,43.25455647967824,3.3232000206508383,9.584342142797631,-0.6917251718640259,-54.33346000313764,109.03218722343432,-1.0353141269385007,0.6561565083001457
1767170696,606615967,127_1767170696-606615967.png,-300673,300677,-67900,67700,-2.8786860447303924,2.8787243412990198,241.62,771.89,-47.0,177.0,364.0,-37.0,-44.0,13.0,-35.57055463711512,104.68209595380195,78.89967632623684,-0.6352002761761362,2.262923148437994,-0.1586075438475047,-50.35567054152494,111.83048915863024,-1.0372092323702011,0.6476667758961224
1767170696,639965088,128_1767170696-639965088.png,-305197,305198,-68250,68950,-2.921999463848039,2.922009037990196,244.3,781.66,-95.0,32.0,330.0,-71.0,-44.0,26.0,-44.8596392366567,97.83676636799194,130.5381270939924,-12.828164063921447,-6.923229908622964,4.355362526615616,-55.768877416849186,109.80236864089953,-1.0389404868158343,0.6597215680398437
1767170696,673313232,129_1767170696-673313232.png,-307785,307847,-67950,67750,-2.94677734375,2.9473709405637254,249.7,794.86,2.0,11.0,200.0,-13.0,-2.0,-5.0,-27.04367343862801,75.37748756953809,157.37230589470235,-16.29427094647016,-17.065289553544954,4.007797955988143,-59.33683520555501,113.77120304107653,-1.0408738751882045,0.6757714200088578
1767170696,740010254,130_1767170696-740010254.png,-311679,311666,-68750,68300,-2.9840590533088234,2.9839345894607843,255.12,810.03,-42.0,101.0,330.0,-12.0,-36.0,-23.0,-26.18579892477884,75.32997762356221,194.49771981619202,-14.03880305047717,-16.95952351405829,-3.159034019263217,-59.60113799571996,89.84542775154101,-1.0422356826116166,0.6791100136559449
1767170696,773359375,131_1767170696-773359375.png,-313926,313922,-68100,68800,-3.005572150735294,3.0055338541666665,257.8,821.21,-90.0,39.0,377.0,-21.0,-6.0,-15.0,-30.0966257632469,73.10351001702283,205.68229634302398,-14.465417117555523,-16.287873662247428,-3.8847027069627944,-63.925573229789784,97.84155869483935,-1.0434329066796617,0.6861321630669851
1767170696,806707520,132_1767170696-806707520.png,-316595,316661,-67950,67700,-3.031125536151961,3.0317574295343137,260.3,828.83,-91.0,9.0,342.0,-26.0,-6.0,-17.0,-40.53942257654967,64.49474808991445,232.1211964948564,-16.04721966455266,-14.509959066328088,-5.9866172323617866,-67.57866638898854,101.29784631729113,-1.0446977084603675,0.6912697595175911
1767170696,873404541,133_1767170696-873404541.png,-321224,321225,-68050,67650,-3.0754442401960786,3.0754538143382355,264.85,843.58,-98.0,45.0,66.0,-9.0,41.0,-11.0,-69.60787591933635,62.22442833843229,217.4650362105366,-16.079597403530073,2.042464043793381,-6.089731523518341,-71.56769034266476,91.61032533645617,-1.045875158557319,0.7200475188808304
1767170696,940101807,134_1767170696-940101807.png,-324927,324985,-68150,67750,-3.110897288602941,3.111452588848039,269.6,862.82,90.0,45.0,48.0,-17.0,3.0,-23.0,-46.70251409188709,62.6307989559066,180.1199107261903,-19.344463838150993,6.113668543818089,-8.406277339300742,-81.11674883961682,81.91377711296069,-1.0466810311031767,0.7320301080223175
1767170696,973450684,135_1767170696-973450684.png,-327654,327725,-68750,68200,-3.137005974264706,3.137685738357843,271.99,870.07,-6.0,37.0,-2.0,10.0,35.0,-22.0,-33.597525658416956,57.96002161552035,146.57355572875,-14.930408277441808,10.175144409550933,-11.157824084374166,-72.74172723293309,78.69778609275805,-1.04701166255251,0.7388761123725254
1767170697,6798828,136_1767170697-6798828.png,-330448,330448,-68100,69000,-3.1637561274509802,3.1637561274509802,276.59,884.1,234.0,56.0,-132.0,1.0,-19.0,-58.0,1.4542553225098196,47.8447014431742,121.9519477547986,-12.035680648439678,6.833474852558103,-16.27744048795236,-85.08551174402241,79.5983610153197,-1.0471769116981495,0.7261492062009166
1767170697,73495850,137_1767170697-73495850.png,-333377,333512,-67900,67900,-3.1917987898284315,3.1930912990196076,278.88,891.85,146.0,220.0,5.0,21.0,-94.0,-64.0,39.665150689458194,64.30666150212761,83.92523271831497,-7.63718868386284,-5.0839037801644515,-25.105062938995097,-82.55554309487347,82.58508872985827,-1.0471768451191223,0.7683242715938073
1767170697,106844971,138_1767170697-106844971.png,-334886,334892,-68150,68700,-3.206246170343137,3.2063036151960786,281.24,903.2,-98.0,62.0,239.0,18.0,-36.0,-29.0,29.05110778684692,72.44053108651524,98.08797666627983,-3.044649303829521,-13.558899264398018,-27.6682829313078,-84.09609717130665,80.29646778106677,-1.0470113962364012,0.7644686341051884
1767170697,140193115,139_1767170697-140193115.png,-338841,338851,-68150,68950,-3.2441119025735294,3.244207643995098,285.79,920.36,-64.0,78.0,232.0,26.0,-8.0,-28.0,8.26725854156717,73.07022799653357,122.33705695973417,2.2675797254196035,-11.89983630212334,-27.542010425122562,-86.93556633591656,81.94759345054614,-1.0466805650499862,0.77064514500054
1767170697,173542236,140_1767170697-173542236.png,-341505,341501,-67950,67800,-3.2696174172794117,3.2695791207107843,288.2,927.05,-77.0,53.0,93.0,26.0,30.0,-30.0,-10.14888702106395,72.16699556085065,123.73598129017088,5.476678638713151,-4.324256287560452,-26.9630041704339,-90.26746991276745,70.93808293342578,-1.0461844847179316,0.77064514500054
1767170697,206890137,141_1767170697-206890137.png,-344246,344309,-68700,68250,-3.2958601409313726,3.296463311887255,290.61,934.28,-90.0,-27.0,30.0,28.0,46.0,-38.0,-24.967688095586468,58.8560498406656,110.14767827937374,9.789499041875796,4.392320728929398,-28.51654929976872,-85.41449403762822,68.70276570320117,-1.045523221819265,0.77064514500054
1767170697,273587402,142_1767170697-273587402.png,-348274,348340,-68600,68200,-3.3344247855392157,3.3350566789215685,294.37,961.02,-20.0,-6.0,65.0,-5.0,26.0,2.0,-35.927631999700324,23.026820227253204,64.02207957220706,10.891594911469236,20.51298782997157,-22.601748835563082,-92.69619825482373,76.37520551681506,-1.0444644155488767,0.77064514500054
1767170697,306936768,143_1767170697-306936768.png,-350108,350113,-68200,68800,-3.351983762254902,3.3520316329656863,294.37,961.02,-20.0,-6.0,65.0,-5.0,26.0,2.0,-35.431856911620734,22.123310254451994,64.05251903654381,10.396941540076233,20.68378057191468,-21.835976861669366,-96.2186985611916,68.4835326671599,-1.0434318414152257,0.77064514500054
1767170697,340284912,144_1767170697-340284912.png,-353045,353044,-67950,67650,-3.3801030177696076,3.380093443627451,296.98,968.35,-39.0,132.0,158.0,9.0,-32.0,-9.0,-35.14623973622269,36.720404265679925,77.84114464491851,9.387048164501296,13.257364599416853,-18.711669031895635,-94.97108548879628,63.74050474166858,-1.042549203250946,0.77064514500054
1767170697,373634277,145_1767170697-373634277.png,-355506,355574,-68200,68150,-3.403664981617647,3.4043160232843137,301.71,984.52,99.0,276.0,-137.0,41.0,-36.0,-35.0,-24.857324077078665,61.77754622833997,60.12454647361894,13.858460122895124,3.327979945675187,-18.692765864683,-111.93919473886494,59.318732023239015,-1.0412284085083212,0.77064514500054
1767170697,440331787,146_1767170697-440331787.png,-358510,358580,-68200,68800,-3.432425704656863,3.433095894607843,304.21,996.74,114.0,255.0,-118.0,59.0,-39.0,-34.0,1.0938428200699692,102.41384449212721,22.702270356886515,20.876861073298684,-4.752653928659319,-21.840292477577805,-102.57501831650738,58.33404612541187,-1.0393461528288805,0.77064514500054
1767170697,473679932,147_1767170697-473679932.png,-361650,361652,-67950,67800,-3.4624885110294117,3.4625076593137254,308.92,1012.93,54.0,-80.0,180.0,25.0,-53.0,-46.0,29.562740855868554,98.74480961870671,20.64960519594966,29.331288332074358,-16.10192201545021,-26.490218726094312,-93.56138402223591,51.00292205810535,-1.0376556447479255,0.77064514500054
1767170697,507029297,148_1767170697-507029297.png,-364517,364521,-68700,68200,-3.489937576593137,3.4899758731617645,311.34,1021.42,40.0,30.0,178.0,25.0,-17.0,-28.0,32.70071608342387,79.34614636815046,43.83072897500615,28.69787281095338,-19.29171930644862,-28.240242261367925,-92.8079587221146,48.84713053703296,-1.0353121961467104,0.77064514500054
1767170697,573726807,149_1767170697-573726807.png,-367583,367592,-68050,68850,-3.5192918964460786,3.5193780637254903,312.53,1029.73,-48.0,102.0,179.0,-36.0,71.0,21.0,23.69451485786597,78.10233867551153,70.5907352335371,20.715992672135226,-8.381089705390519,-22.37068366204066,-105.3405216634274,39.8889534473418,-1.0332534394660247,0.8471003854391429
1767170697,607075195,150_1767170697-607075195.png,-369560,369569,-68000,67650,-3.538219975490196,3.5383061427696076,317.38,1049.07,-126.0,8.0,166.0,-43.0,59.0,-14.0,7.495251742056475,71.24828008163931,88.69077018250185,11.041989987003703,3.6974876905775256,-17.461444540466996,-108.36805492639546,41.43834352493274,-1.0304505289977435,0.8408083365651786
1767170697,673772705,151_1767170697-673772705.png,-374275,374337,-68000,67700,-3.583362055759804,3.5839556525735294,319.91,1056.28,-5.0,-12.0,284.0,-5.0,-41.0,-29.0,-7.965870626793774,54.735381828544234,119.99014328864307,3.4779662182099393,4.176822025384789,-18.46997719411659,-123.22018331289296,38.83534526824939,-1.0273934198034143,0.8463946355902695
1767170697,707121826,152_1767170697-707121826.png,-377643,377830,-66200,67700,-3.6156077665441178,3.617398131127451,323.76,1072.36,-101.0,-6.0,278.0,0.0,-13.0,-14.0,-17.0669168551105,33.47503066910065,148.27783773076928,3.333270616839296,-1.9059411319161685,-19.400546425736287,-107.51858446002011,36.428080558776735,-1.0240828442523369,0.8463946355902695
1767170697,740470215,153_1767170697-740470215.png,-378848,380831,-23250,68050,-3.627144607843137,3.646130131740196,326.6,1085.47,-19.0,-85.0,124.0,-25.0,20.0,-17.0,-19.598747991084664,18.315873822003947,148.95138484541073,-0.12452721698792879,0.3924846311850284,-18.9672007565982,-120.85938143730168,37.421936988830446,-1.0205194681347833,0.8463946355902695
1767170697,807167725,154_1767170697-807167725.png,-378540,383625,7200,69000,-3.6241957720588234,3.6728802849264706,329.67,1106.62,191.0,-90.0,180.0,-23.0,-57.0,-32.0,13.048400289547432,-4.688486877098498,130.7208143576198,-4.855077841469186,-2.518005025378755,-20.74954989648926,-123.40772789716725,39.33814835548389,-1.0174875258127556,0.8463946355902695
1767170697,840516846,155_1767170697-840516846.png,-377536,386492,24350,67750,-3.6145833333333335,3.700329350490196,332.27,1115.86,88.0,-109.0,246.0,-38.0,-72.0,-38.0,31.56360061641862,-21.689180311014947,147.0787544835969,-9.773020818881722,-13.71559472607716,-23.406693829245935,-123.38305097818379,38.06860280036914,-1.014294795139914,0.8463946355902695
1767170697,873865234,156_1767170697-873865234.png,-375519,389694,47550,67650,-3.595272288602941,3.7309857536764706,343.93,1147.18,-42.0,-144.0,180.0,-28.0,13.0,-35.0,30.006970680136483,-46.30139946084049,156.20732167910353,-16.772613025369672,-14.502995049008417,-26.12054594649606,-106.85009971261029,43.036738634109376,-1.0100788113972368,0.8463946355902695
1767170697,940562744,157_1767170697-940562744.png,-373531,392528,42550,65350,-3.576238893995098,3.7581188725490198,354.06,1169.67,-71.0,84.0,151.0,40.0,-18.0,-14.0,12.26338773756169,-38.61138023524939,157.48610435126875,-10.922659221784656,-12.72510362662387,-25.38860547446911,-99.40591746568684,49.88411712646472,-1.0065264208191802,0.8463946355902695
1767170697,973911865,158_1767170697-973911865.png,-371817,393683,33950,19650,-3.5598288143382355,3.769177006740196,385.57,1206.85,139.0,-58.0,155.0,56.0,-85.0,-49.0,36.52782380555834,-29.209469177396365,168.92213585714802,1.1384079139698828,-30.68714653340604,-28.769160388841318,-96.80360648036007,52.21873402595508,-1.001862559960179,0.8463946355902695
1767170698,7260254,159_1767170698-7260254.png,-370394,393261,34100,-7550,-3.5462048100490198,3.76513671875,406.02,1229.28,18.0,58.0,-17.0,43.0,8.0,-11.0,45.92416259273173,-24.42780119972353,150.59105946386435,10.855399005466358,-33.054879814228194,-29.347136118788622,-93.86601409316067,54.35145592689502,-0.9979534389541059,0.8463946355902695
1767170698,40609375,160_1767170698-40609375.png,-369110,392306,32650,-24950,-3.5339116115196076,3.755993412990196,427.64,1263.1,30.0,43.0,-45.0,64.0,-1.0,-25.0,42.52416623440035,-11.965115421345462,118.30178026399182,18.905598076951783,-27.029238399759517,-27.839834953888847,-98.57281169295315,53.67842483520496,-0.9938867253905278,0.9277068376392094
1767170698,107306885,161_1767170698-107306885.png,-367612,390529,35250,-41050,-3.5195695465686274,3.738980162377451,486.37,1310.63,-44.0,22.0,166.0,-24.0,-32.0,1.0,25.218102555375346,-3.024668724126969,114.84843396814283,17.83088080649185,-40.15095462117302,-23.233540821986843,-100.09700107574467,59.00363826751697,-0.9896630184806894,0.9475115991577884
1767170698,140655273,162_1767170698-140655273.png,-366310,387754,33750,-57700,-3.5071040134803924,3.712411917892157,486.37,1310.63,-44.0,22.0,166.0,-24.0,-32.0,1.0,23.063569421276128,-2.245732637387895,116.44061491226121,16.52882230735805,-39.89724206394412,-22.479229959221623,-105.2544771432877,58.510578870773195,-0.9852830505938905,0.9604696590080629
1767170698,174004395,163_1767170698-174004395.png,-365450,385628,26650,-68050,-3.4988702512254903,3.6920572916666665,500.63,1311.87,18.0,87.0,143.0,3.0,-54.0,0.0,20.622499403505216,9.022876655510812,120.95556244989058,13.809774253665653,-41.356229089876926,-19.164397831533996,-90.69541963934903,71.52456712722766,-0.9807474875204037,0.9592072791990307
1767170698,207352783,164_1767170698-207352783.png,-363667,383114,42400,-62850,-3.481799555759804,3.6679878982843137,512.84,1308.85,20.0,77.0,320.0,-29.0,-123.0,4.0,20.47660703789444,19.238259977859137,145.20934775408662,8.42690527542975,-51.40339977673314,-15.886507790111752,-95.02803722023968,75.39682435989367,-0.9772440991064046,0.9711707740330243
1767170698,240701904,165_1767170698-240701904.png,-361939,381223,50600,-53700,-3.465255438112745,3.6498831954656863,529.94,1267.29,-51.0,51.0,249.0,-11.0,-30.0,-4.0,18.759819183068174,31.634371071729817,170.32818598617882,4.130809993409111,-60.536344457452394,-13.15926480765098,-81.82647001743321,93.66251850128161,-0.9724380254451931,0.9636591945429506
1767170698,274049561,166_1767170698-274049561.png,-360004,379092,45550,-49450,-3.4467294730392157,3.6294806985294117,535.5,1242.84,-39.0,113.0,416.0,-13.0,-68.0,4.0,5.994072161384825,41.09091963539091,201.06370162295062,0.9453677373589793,-57.91206602102482,-10.61653435219579,-81.1270092427731,94.48800969123828,-0.967478287389084,0.969946565192553
1767170698,340745850,167_1767170698-340745850.png,-357947,376788,41850,-48900,-3.427035462622549,3.607421875,540.41,1187.71,33.0,105.0,281.0,-4.0,-31.0,-9.0,1.0945165461679032,57.95959935731169,242.03611765563804,-2.2893428176870114,-55.93668954132435,-8.303306550565322,-72.37352162599568,113.19259977340685,-0.9623658170444589,0.9728441258681378
1767170698,374094727,168_1767170698-374094727.png,-355922,374544,44300,-49850,-3.407647824754902,3.5859375,541.79,1148.31,88.0,165.0,139.0,16.0,-29.0,-22.0,9.863019463983294,68.97885141759197,233.8140187788653,-0.6825172492700131,-52.79286997170975,-9.562631480506976,-65.22344928979878,129.84986853599537,-0.9557616435942532,0.963115969756744
1767170698,440791016,169_1767170698-440791016.png,-353986,372418,43700,-48200,-3.3891122855392157,3.5655828737745097,542.65,1125.97,-8.0,127.0,25.0,-4.0,-18.0,-18.0,11.960297556404242,81.05798477266994,203.8838651806518,-0.17576995542401275,-47.37412174844041,-11.236760832771584,-51.590815275907566,164.53969931602467,-0.9489215806504936,0.9652202088273906
1767170698,474138672,170_1767170698-474138672.png,-351771,369879,48100,-52350,-3.3679055606617645,3.5412741268382355,543.88,1089.41,-105.0,-46.0,13.0,-38.0,27.0,11.0,-19.36876242017441,61.17164840376253,182.63341897146483,-9.294900248235281,-32.47983581913867,-6.532632480315476,-54.13065469264989,156.4246380329131,-0.9418474258469162,0.970057236810236
1767170698,507487305,171_1767170698-507487305.png,-349728,367732,47950,-53450,-3.348345588235294,3.520718443627451,544.81,1073.14,6.0,-76.0,191.0,-48.0,-27.0,-13.0,-20.978971438553955,39.08621524334797,174.4667404921596,-15.443749591740339,-28.616659143928146,-6.354224704302259,-45.63010549545293,171.33062171936024,-0.9360206956979318,0.9637450620861238
1767170698,540834961,172_1767170698-540834961.png,-347763,365390,49750,-55500,-3.329532398897059,3.4982958026960786,545.37,1052.86,-118.0,74.0,206.0,-60.0,32.0,2.0,-32.50636679217859,43.234439665916206,178.21331331791674,-20.737627852429153,-21.414589599536264,-5.36163111436192,-40.71693092584615,186.04746317863453,-0.9315535758644602,0.9680403075815058
1767170698,607531250,173_1767170698-607531250.png,-346660,364233,51250,-56450,-3.318972120098039,3.4872185202205883,546.02,1023.46,-60.0,174.0,172.0,-23.0,-10.0,29.0,-38.892210491205766,53.02280581929011,177.71329845076818,-27.098654624236406,-18.63342606090892,-0.5722129521925055,-39.937270164489796,194.36413288116444,-0.9254687188268199,0.9680403075815058
1767170698,640880127,174_1767170698-640880127.png,-343671,360972,51400,-58700,-3.2903550091911766,3.455997242647059,545.48,1011.84,81.0,44.0,37.0,36.0,-8.0,11.0,-26.330773358351237,61.59878850962587,160.53903787683495,-19.274820368030017,-16.681511338333152,3.161124551280392,-20.51556083559995,197.9184305667876,-0.9176573344544813,0.9584609474694474
1767170698,674227783,175_1767170698-674227783.png,-342194,359289,41000,-45250,-3.2762140012254903,3.439883961397059,544.65,999.98,5.0,74.0,75.0,59.0,9.0,1.0,-19.66434102689016,62.589510612869624,146.987371265716,-8.458622115079528,-13.392083966597372,3.1193623235576453,-5.5217999219894915,194.520031929016,-0.9112450417608157,0.9571354282232478
1767170698,707576416,176_1767170698-707576416.png,-340183,357003,56450,-62400,-3.256960401348039,3.4179974724264706,540.82,972.31,-38.0,-51.0,210.0,-44.0,25.0,-18.0,-27.100743474035223,52.036958236710156,153.138259509726,-9.100803202419131,-6.837147249580253,0.036346666545607254,-10.971632540226034,209.02953338623036,-0.9063413632456527,0.9483936064209706
1767170698,740924072,177_1767170698-740924072.png,-337561,354413,68600,-68000,-3.231857000612745,3.393200444240196,537.88,964.62,41.0,-23.0,324.0,-71.0,-42.0,-21.0,-22.11514958826296,34.11162755852907,174.74638131217446,-18.474129405278482,-6.579184195536397,-3.816534423786516,-7.79363501071935,210.48635840415943,-0.8996779344611928,0.9492079213038026
1767170698,774272705,178_1767170698-774272705.png,-335195,351878,60900,-68700,-3.2092045802696076,3.368929993872549,534.77,957.06,41.0,19.0,207.0,-36.0,-43.0,-20.0,-9.582750317322011,28.913468648582032,187.2724894396222,-23.78541466521639,-13.758726412245561,-7.082310992254837,-26.138131886720707,219.30396842956532,-0.892872426032577,0.9376999540314985
1767170698,840968994,179_1767170698-840968994.png,-332762,349058,65750,-68200,-3.185910692401961,3.341930912990196,531.26,948.9,-152.0,39.0,165.0,-67.0,49.0,-6.0,-30.410109178736477,30.388541426570395,184.01531988095113,-30.105194599319614,-4.580775570015884,-6.924031854821902,-13.835064291954092,204.6650764942168,-0.8859259698032689,0.9479226903592057
1767170698,874316650,180_1767170698-874316650.png,-329986,346265,62100,-68250,-3.1593328737745097,3.3151903339460786,519.56,931.94,-76.0,24.0,139.0,-19.0,11.0,20.0,-42.99402643074768,22.044305089154566,180.7372664618878,-30.8152247238363,0.6307686572451181,-1.8372829664230537,-8.546670675277761,207.163759946823,-0.878839564458677,0.9282733164964719
1767170698,907665283,181_1767170698-907665283.png,-327473,343522,63600,-68850,-3.1352730545343137,3.288928462009804,513.15,924.95,-9.0,43.0,364.0,-3.0,-82.0,17.0,-40.7375083686373,24.639735519322304,200.25738525328038,-26.872344703785767,-8.626900194863664,1.5801203239947825,-8.082095205783896,195.6859791278838,-0.8716143418422648,0.9351640200156961
1767170698,941012939,182_1767170698-941012939.png,-325009,340648,62700,-67650,-3.111682368259804,3.2614123774509802,507.63,917.61,52.0,95.0,313.0,7.0,-107.0,16.0,-26.33199092097574,35.41726769070274,221.09648204347175,-21.28439072711383,-24.96303016164855,4.098688547950967,7.028621315956064,191.17694306373585,-0.8642515669555499,0.9399353169420186
1767170699,7708984,183_1767170699-7708984.png,-320955,336551,65050,-67650,-3.0728687959558822,3.2221871170343137,491.59,888.0,50.0,-27.0,90.0,-14.0,-57.0,-20.0,9.713029469720059,9.249668845188202,162.42851483028173,-17.96583688960784,-38.98948934494496,3.5998154082585803,12.920820176601358,193.06549954414356,-0.8548562009458595,0.9090506465771037
1767170699,41057617,184_1767170699-41057617.png,-317945,333482,64250,-68200,-3.0440506280637254,3.192804074754902,486.24,879.41,18.0,-62.0,127.0,-32.0,-38.0,-17.0,12.538553476854927,2.7977630526342843,156.0905685570433,-18.597764976705765,-39.96497169179937,0.9796955662084424,-5.646418362855962,186.23302316665638,-0.8452499791568617,0.9144119162341863
1767170699,107753906,185_1767170699-107753906.png,-316555,331995,67100,-67750,-3.0307425704656863,3.178567325367647,481.93,869.48,-46.0,-30.0,114.0,-14.0,-38.0,-9.0,4.399765100410415,-7.005454451888638,147.68738824562928,-18.960947279076727,-39.52578062743842,-1.8690137797741286,1.8798471093177285,193.69425415992725,-0.8354351652754839,0.8813847533358999
1767170699,141101563,186_1767170699-141101563.png,-313088,328500,67650,-67800,-2.997549019607843,3.1451056985294117,479.92,859.21,-143.0,-3.0,103.0,-2.0,-11.0,-3.0,-17.156245921250516,-6.419689472868112,141.15222292229362,-16.480547352818164,-35.354118337558475,-2.034411271499627,-3.2208720445633445,185.75586891174305,-0.8294471807224951,0.8839331946332993
1767170699,174450195,187_1767170699-174450195.png,-310300,325221,60150,-68350,-2.9708563112745097,3.113712086397059,475.16,834.1,-128.0,92.0,43.0,-11.0,67.0,4.0,-49.0499508219122,15.319393294933159,132.50779788270083,-18.275176326363933,-19.972331272130873,-0.012517426218211392,2.8515982031821694,192.49821615219105,-0.819303666183574,0.8839331946332993
1767170699,207797852,188_1767170699-207797852.png,-307779,322706,68550,-68750,-2.946719898897059,3.089633118872549,472.21,824.97,12.0,44.0,89.0,24.0,5.0,-21.0,-50.02330253188094,24.226890598306284,121.20254249830083,-13.850275223050815,-10.553306031924874,-1.581681241546847,-2.106839030981115,194.02281713485706,-0.8131204053436554,0.8839331946332993
1767170699,274494629,189_1767170699-274494629.png,-304365,319355,67700,-67650,-2.9140337775735294,3.057550168504902,467.28,803.89,-64.0,7.0,-76.0,38.0,15.0,-9.0,-41.643273528911244,19.134993664022417,112.97804208244885,-7.646687503759842,-5.632199015043006,-5.690041101393365,-6.653301596641591,192.9872634410857,-0.8026547148918619,0.8839331946332993
1767170699,307843750,190_1767170699-307843750.png,-300876,315868,68050,-67800,-2.8806295955882355,3.0241651348039214,467.28,796.15,-7.0,-101.0,104.0,-28.0,-23.0,-29.0,-38.844796958346556,0.3352845452527089,92.49554379745348,-5.992889656370238,-6.079211328525172,-9.434687321642748,-20.475623190403034,189.91757106780994,-0.7919910184130212,0.8839331946332993
1767170699,341191895,191_1767170699-341191895.png,-298078,313067,68300,-68300,-2.8538411458333335,2.997347962622549,458.95,777.04,146.0,-100.0,-90.0,-5.0,-32.0,-17.0,-9.592667281905292,-23.380351757789292,86.46146132923532,-10.92213463294081,-10.558752002305994,-11.025477979419506,-25.044359922409107,189.0466570854186,-0.7811318459101686,0.8839331946332993
1767170699,407889160,192_1767170699-407889160.png,-295356,310210,68500,-68850,-2.827780330882353,2.9699946384803924,454.17,771.22,-23.0,64.0,34.0,10.0,0.0,0.0,6.007312145673237,-23.751647872499067,62.645022130826725,-8.388655752851879,-11.920093668945063,-10.673239890235628,-31.101244747638752,184.30506205558765,-0.7723055974254279,0.8452135511960597
1767170699,441238281,193_1767170699-441238281.png,-292355,307351,67950,-67700,-2.7990483302696076,2.9426221660539214,449.27,765.3,-122.0,56.0,-117.0,13.0,93.0,-4.0,-14.230437950549685,-7.497260519179443,34.87463477454863,-4.298604440429833,4.047298279486897,-9.138885536719886,-40.8099239468575,182.8429353237151,-0.7633573761627618,0.8527947695876564
1767170699,474586426,194_1767170699-474586426.png,-289958,304878,68300,-68250,-2.7760991115196076,2.9189453125,444.39,759.36,-53.0,24.0,-84.0,-17.0,65.0,3.0,-19.900169556116477,-2.8910435795456135,17.490190941476655,-6.1560797388881445,12.961132770283745,-7.363672731991437,-59.989085137844135,173.54243946075428,-0.7542886468607694,0.8532461119398181
1767170699,507935547,195_1767170699-507935547.png,-287163,302088,68500,-68800,-2.7493393841911766,2.892233455882353,435.09,744.99,-11.0,82.0,-63.0,25.0,1.0,-5.0,-9.75886898224536,5.453938858200745,-0.2768997373083377,2.501427655148174,11.135199720764156,-6.894332318217606,-80.8055599033833,181.761815547943,-0.7451008076790232,0.8407577452857219
1767170699,541283691,196_1767170699-541283691.png,-284631,299619,68000,-67850,-2.72509765625,2.868594898897059,430.9,739.24,-50.0,26.0,142.0,2.0,1.0,1.0,-14.63903440063651,13.99968551327533,11.625288718400899,4.2361276321023205,9.12271348853686,-5.805305815159666,-81.31163156032567,183.7830581665038,-0.7381325801078038,0.84000870288508
1767170699,574632813,197_1767170699-574632813.png,-283204,298128,68500,-68750,-2.711435355392157,2.8543198529411766,427.36,733.17,53.0,97.0,163.0,7.0,-32.0,4.0,-5.687085432091441,26.456707937720626,37.22727190059085,4.580896958435558,2.892994046541013,-4.190511016904857,-69.80718699097638,173.7815897464751,-0.7287397441011488,0.8167387604338061
1767170699,641330078,198_1767170699-641330078.png,-279040,294033,68500,-68700,-2.6715686274509802,2.8151137408088234,421.44,720.12,23.0,83.0,292.0,20.0,-52.0,-5.0,1.3958640064396013,36.37001309148455,65.670332178723,8.379091176542687,-6.8768021334645235,-4.047024496081609,-82.62230065464978,179.49798369407642,-0.7192318595354024,0.8040261745963533
1767170699,674678223,199_1767170699-674678223.png,-276165,291100,67950,-67700,-2.64404296875,2.787032781862745,418.55,711.16,-89.0,28.0,157.0,9.0,8.0,-13.0,-9.632314470256278,39.87601435580722,101.98495264618415,9.648694436771667,-9.278393182735217,-5.452991815450587,-113.0074455738068,201.01348519325245,-0.70718744718941,0.8071637044806012
1767170699,708027344,200_1767170699-708027344.png,-273504,288494,68300,-68250,-2.6185661764705883,2.762082567401961,418.57,705.13,-68.0,17.0,175.0,-14.0,13.0,-7.0,-18.168111469192553,36.53058421045022,112.66280660635691,6.190266144299971,-6.020360249882199,-5.679229119519764,-113.01225107908253,204.09836626052845,-0.6974261628459426,0.7975537698856393
1767170699,741375488,201_1767170699-741375488.png,-270575,285566,68450,-68800,-2.590523514093137,2.7340494791666665,415.32,694.34,-10.0,144.0,-218.0,-27.0,34.0,-7.0,-12.78921247671351,53.82786721994382,80.7395927776426,-2.379356333800767,-1.6545969438724613,-5.340720965011604,-139.92892515659338,215.50980401039112,-0.6875546902123731,0.7867512250411165
1767170699,808072754,202_1767170699-808072754.png,-267843,282773,68050,-67800,-2.5643669577205883,2.707308900122549,411.55,688.81,-156.0,214.0,-154.0,-58.0,110.0,21.0,-33.44968794615426,86.39860311698708,16.107333122508184,-13.010886944668465,18.29070228618876,-1.6569195502060636,-192.27724230289465,231.5364553928374,-0.677574693764383,0.7954499890777371
1767170699,841421875,203_1767170699-841421875.png,-264494,279495,68000,-67600,-2.532303155637255,2.675924862132353,403.75,675.91,180.0,98.0,-83.0,41.0,-25.0,-12.0,-20.082560623368323,90.2454836045886,-9.37975004875496,-10.052953944152993,23.419745467055908,-0.6105788366237114,-179.43128249049192,235.58194971084583,-0.6649493794056169,0.770496803038573
1767170699,874770020,204_1767170699-874770020.png,-262106,277092,68550,-68850,-2.5094401041666665,2.6529181985294117,399.93,671.3,16.0,141.0,-56.0,4.0,-16.0,4.0,4.444340643303491,94.22082935685715,-20.447862159289198,-3.497689403344944,15.60357448625696,-1.5983056838260803,-218.52127552032476,252.2319107055663,-0.6572951881166204,0.7714145766233513
1767170699,908119141,205_1767170699-908119141.png,-259523,274370,67950,-67700,-2.4847100949754903,2.6268573835784315,396.25,665.98,-234.0,179.0,18.0,-37.0,50.0,39.0,-22.964463388988626,108.02439865944517,-18.715049011041796,-6.88026604846311,17.16992337871637,3.6717844723513653,-227.86713907122618,254.1379485130309,-0.6469989412891832,0.7642584451537403
1767170699,974816406,206_1767170699-974816406.png,-256511,271437,68050,-67750,-2.4558727787990198,2.598776424632353,392.81,660.42,-212.0,200.0,121.0,-69.0,68.0,26.0,-56.217571682228225,123.36123395822592,2.692826478235977,-16.76519234242683,25.475856094657154,7.875940225342413,-225.56322398781782,261.39484858512867,-0.6339852048854292,0.758703157478126
1767170700,8164551,207_1767170700-8164551.png,-254056,268968,68500,-68850,-2.4323682598039214,2.575137867647059,386.54,644.13,-183.0,191.0,34.0,10.0,41.0,9.0,-62.54179286993609,140.43454290625223,32.47386868579834,-7.038892040275387,13.84801515642899,4.953020781405067,-256.0784422457219,285.39054918289173,-0.6261015822685222,0.7502901969529119
1767170700,41513672,208_1767170700-41513672.png,-251045,266035,68550,-68700,-2.4035405177696076,2.5470569087009802,383.99,639.38,-221.0,104.0,86.0,-11.0,58.0,9.0,-89.89960305369212,142.6012003667986,37.4830972232884,-5.556158988721935,20.777986375953347,5.756605336610875,-267.3979398012162,292.4598832130431,-0.6155039321847153,0.7392163846514674
1767170700,74861816,209_1767170700-74861816.png,-249142,263917,68300,-68300,-2.385320925245098,2.526778875612745,381.44,634.52,-95.0,3.0,-93.0,-2.0,74.0,4.0,-97.50495763283374,120.1659653831847,20.9395224650981,-5.320933621346869,30.508809126325787,5.669417756206812,-286.19999870657927,304.1759545803069,-0.6021201495474948,0.7387232550960002
1767170700,141559082,210_1767170700-141559082.png,-244085,259014,68000,-67900,-2.336904488357843,2.479836856617647,376.66,622.64,-46.0,107.0,188.0,5.0,-61.0,4.0,-78.2982024881213,103.98634119644562,60.111211271319455,-3.1472354329153838,8.572715638038169,4.342857551574622,-305.74717068672186,308.32246804237354,-0.5858638147794877,0.7106101522403234
1767170700,174908203,211_1767170700-174908203.png,-241221,256222,68300,-68150,-2.3094841452205883,2.4531058517156863,369.14,612.24,-35.0,240.0,169.0,16.0,-40.0,6.0,-74.92456164577194,125.22471256360863,67.45211994534732,-0.9717950867892812,2.5872741789410916,5.195998345116127,-319.7464517652989,320.5179862976073,-0.5749102997950191,0.7169624983240165
1767170700,241605713,212_1767170700-241605713.png,-237460,252448,68550,-68800,-2.2734757965686274,2.4169730392156863,362.61,602.71,-26.0,84.0,53.0,5.0,-11.0,-27.0,-56.3158995262297,144.42229641597615,70.13229976604612,6.184939610977513,-7.7037693683203825,-0.8619069388941317,-352.3652474880219,339.74529671668995,-0.5610908905824888,0.7015291617316931
1767170700,274953857,213_1767170700-274953857.png,-235204,250141,68000,-67750,-2.251876531862745,2.394885493259804,362.61,602.71,-26.0,84.0,53.0,5.0,-11.0,-27.0,-54.45800220084084,140.7193410473595,69.08235388251535,6.112321078511482,-7.905777495084485,-2.463769128303268,-362.9361901879311,348.9386119842528,-0.5499354746978786,0.6020872779037697
1767170700,308303223,214_1767170700-308303223.png,-232543,247464,68300,-68300,-2.2263997395833335,2.3692555147058822,356.84,590.77,39.0,-135.0,125.0,-40.0,-16.0,-11.0,-40.018987175044856,92.83536687000309,85.67676607644238,-3.4557661959983723,-8.414763377654761,-5.668831676897246,-381.39283716678625,362.1562147140502,-0.5386932730512454,0.6853228525284292
1767170700,375000732,215_1767170700-375000732.png,-229548,244534,68550,-68750,-2.1977251838235294,2.3412032781862746,354.39,586.21,63.0,-100.0,155.0,-40.0,-7.0,-4.0,-18.84763977878672,47.03031997880281,98.85316174922173,-11.623772385409298,-8.793964099944949,-5.836708971566379,-406.638494193554,382.5736882686614,-0.5273659501182705,0.6797429949693046
1767170700,408348877,216_1767170700-408348877.png,-226064,241058,68550,-68800,-2.1643688725490198,2.3079235600490198,349.77,576.47,-80.0,16.0,149.0,-12.0,22.0,1.0,-35.52052176419169,48.41918436870756,96.86720786492442,-12.247595492714048,0.8898758110194142,-4.204625482442799,-415.5832279324532,388.46346259117115,-0.5130899419368462,0.6819065024381128
1767170700,441698242,217_1767170700-441698242.png,-222985,237979,67900,-67700,-2.134890088848039,2.278444776348039,347.32,571.69,-72.0,11.0,154.0,-22.0,17.0,6.0,-44.292200791909245,40.44195934810425,109.2506237805105,-13.654673668724806,4.876993125764424,-2.310129863618812,-451.93038141727453,434.7263617515563,-0.49868733373510227,0.6819065024381128
1767170700,508395752,218_1767170700-508395752.png,-220256,235246,68300,-68300,-2.108762254901961,2.2522786458333335,342.13,560.93,-229.0,125.0,74.0,-30.0,39.0,12.0,-59.20998542126779,53.21301888790393,100.46662724920256,-5.144232377859925,-0.2777915611171713,-1.9624498866026008,-449.5641895830632,427.6876916885375,-0.48707645072506117,0.6819065024381128
1767170700,541744141,219_1767170700-541744141.png,-217532,232387,68550,-68850,-2.0826822916666665,2.224906173406863,339.49,556.88,-218.0,149.0,139.0,-39.0,22.0,9.0,-91.92863617916447,69.63942150119757,101.09404890765042,-10.894227617313744,5.982802191697576,0.5384794348247571,-456.267544746399,435.0696835517882,-0.47538866893854403,0.6819065024381128
1767170700,575093262,220_1767170700-575093262.png,-215140,230128,67950,-67650,-2.059780943627451,2.2032781862745097,336.7,553.18,-75.0,28.0,70.0,-34.0,12.0,0.0,-96.04929454146252,67.7023176876261,98.53012170914828,-15.743814273140295,7.700823469538375,0.9024567198700431,-472.2239003181458,434.21481800079334,-0.4665734725723273,0.6819065024381128
1767170700,608441650,221_1767170700-608441650.png,-213502,228498,68550,-68800,-2.0440984987745097,2.1876723345588234,333.9,549.02,12.0,-10.0,136.0,-35.0,-27.0,-11.0,-80.24796824740882,56.33898874784067,104.00978518668285,-18.559874064555675,2.6261116295261084,-0.8381803026081325,-475.0486282706261,438.4662194252013,-0.45475552878753256,0.6819065024381128
1767170700,641790771,222_1767170700-641790771.png,-209808,224674,68650,-68850,-2.008731617647059,2.1510608149509802,328.01,539.31,-73.0,-13.0,55.0,-16.0,50.0,5.0,-75.45315460402527,49.88196764266327,85.33841888734591,-16.417207946438907,10.104653496713766,-1.5295238319283664,-493.8440958410502,465.7015538215636,-0.44286574623233294,0.6819065024381128
1767170700,675139160,223_1767170700-675139160.png,-207292,222079,67900,-67850,-1.9846430759803921,2.1262159160539214,324.73,533.63,-73.0,-93.0,88.0,-17.0,49.0,2.0,-74.96604630797349,30.15557186967382,82.30092272406968,-16.424869175509716,17.9359310659429,-0.5045063585477124,-514.1739807277918,485.9376227855681,-0.43090605569851864,0.6819065024381128
1767170700,741836670,224_1767170700-741836670.png,-204292,219287,68400,-68250,-1.9559206495098038,2.099484911151961,321.52,529.92,114.0,69.0,14.0,-34.0,-30.0,-19.0,-47.22843846163096,29.392479668014303,72.6106593136655,-19.0251805447564,12.551033809974482,-3.078279828051203,-531.8429794162512,509.3661832809447,-0.4188783213988529,0.6819065024381128
1767170700,775186035,225_1767170700-775186035.png,-201892,216746,68500,-68850,-1.9329427083333333,2.0751570159313726,318.45,525.81,106.0,45.0,140.0,-69.0,-46.0,-14.0,-24.820031595712457,31.674951964139716,82.46579964979514,-26.33358947097759,3.988423623467898,-4.675492145463297,-514.3081452399492,474.1745524406432,-0.40981398631265925,0.6223447738021497
1767170700,808534180,226_1767170700-808534180.png,-199168,214093,67900,-67750,-1.9068627450980393,2.0497568167892157,314.11,514.54,-42.0,21.0,159.0,-21.0,-39.0,12.0,-28.355773259258616,24.5876213240733,113.26170926623091,-30.370999983354,-2.5905476593797077,-2.2187609010675975,-524.9197399169207,498.15492105484,-0.3976717360861201,0.6293028158394556
1767170700,841883545,227_1767170700-841883545.png,-196430,211421,68250,-68300,-1.880648743872549,2.0241747089460786,311.8,511.26,-9.0,-53.0,210.0,-33.0,-10.0,-6.0,-28.078403136834705,17.177973031537807,126.95937919808111,-29.596301048360477,-7.195547672358222,-1.0244933130976142,-530.9068150371313,505.19960927963245,-0.3854667018368823,0.6057734504100692
1767170700,875231689,228_1767170700-875231689.png,-193702,208691,68550,-68800,-1.8545304840686274,1.9980373008578431,309.58,507.79,-177.0,-23.0,-75.0,-42.0,97.0,19.0,-48.85874529811955,7.630405808422463,101.76933975194548,-31.58832972055586,7.8954644780468675,1.6435956511909549,-520.2868756651878,489.5796136856078,-0.3732007810672226,0.6033822826959587
1767170700,941929443,229_1767170700-941929443.png,-189395,204325,68450,-68700,-1.8132946537990196,1.9562365962009804,302.07,494.41,-67.0,-65.0,-14.0,-44.0,22.0,13.0,-74.46800203630589,-10.626698907632523,92.57318528429691,-45.93237842902954,20.079268413797354,10.320022402255228,-539.0993248522282,493.5470151901244,-0.35469197793874,0.5852453783768207
1767170700,975278564,230_1767170700-975278564.png,-187487,202344,68350,-68350,-1.7950271905637254,1.9372702205882353,302.07,494.41,-67.0,-65.0,-14.0,-44.0,22.0,13.0,-74.23554755924378,-12.319161926539149,89.25591060578607,-45.87222980895386,20.139054505750305,10.403441339206951,-543.023864120245,498.29333877563465,-0.34228237962827057,0.5752838618729638
1767170701,8626953,231_1767170701-8626953.png,-184764,199755,68450,-68800,-1.7689568014705883,1.9124827665441178,299.36,490.53,-113.0,-47.0,-90.0,-27.0,81.0,3.0,-79.90453192629735,-17.390951065705686,63.04119864824693,-43.11232043265327,29.039470398333698,9.3207485479569,-558.0659398436546,523.2238605022429,-0.32981871914767247,0.5685856854510958
1767170701,75324463,232_1767170701-75324463.png,-181628,196475,68000,-67750,-1.7389322916666667,1.8810795802696079,293.93,481.58,2.0,160.0,-41.0,73.0,60.0,-5.0,-67.99475326669955,13.400821789497897,31.21558629346274,-20.152639668639456,42.50675092798373,5.258324284334739,-535.8037223219872,487.49876260757435,-0.31730296057824975,0.5685856854510958
1767170701,108673828,233_1767170701-108673828.png,-179296,194217,68300,-68200,-1.7166053921568627,1.8594611672794117,288.76,469.88,112.0,144.0,-112.0,56.0,-41.0,4.0,-38.628739055724125,43.42901761202144,24.301075991075333,-5.302204875250215,33.62664468486681,2.6513917173625905,-542.0969535857439,492.7612152099608,-0.30158804645985565,0.5685856854510958
1767170701,175371338,234_1767170701-175371338.png,-174453,189449,68000,-67700,-1.6702378216911764,1.8138116574754901,286.36,465.64,61.0,-6.0,157.0,-19.0,-60.0,-4.0,-8.7793893922139,46.40213554552807,29.881116199519774,-1.0870294251893098,12.364544021038363,1.8154800098038728,-533.0723120868206,483.6442732810973,-0.2826322650319169,0.5685856854510958
1767170701,208719727,235_1767170701-208719727.png,-171460,186452,68300,-68250,-1.6415824142156863,1.7851179534313726,281.4,456.77,-137.0,89.0,-14.0,-23.0,61.0,23.0,-16.25578325006289,40.72075558004225,38.05327766593247,-2.0061710102669825,8.019292095852306,3.139095332840606,-536.3723304867744,487.71813893318165,-0.26993885697302905,0.5685856854510958
1767170701,242069092,236_1767170701-242069092.png,-168585,183512,68500,-68800,-1.6140567555147058,1.7569699754901962,278.88,452.46,-122.0,89.0,-31.0,1.0,65.0,17.0,-41.049710564731036,51.51165543464849,23.93273210909326,-3.188700448194136,20.445983941704206,6.700757611211962,-550.4180756062269,503.72974491119373,-0.25720283833669993,0.5685856854510958
1767170701,308766357,237_1767170701-308766357.png,-164284,179277,68600,-68700,-1.5728783700980393,1.7164234834558822,271.54,440.64,33.0,73.0,-24.0,13.0,-46.0,-6.0,-15.088653747696167,47.61415225461143,9.643571019528471,4.084835471758738,5.914104278183058,2.5690775955310747,-535.5196455270052,493.0738730430602,-0.2412259191013125,0.5685856854510958
1767170701,342114502,238_1767170701-342114502.png,-162166,177159,68000,-67850,-1.5526003370098038,1.696145450367647,271.54,440.64,33.0,73.0,-24.0,13.0,-46.0,-6.0,-12.141560553179728,49.16991340192883,7.581738727214964,4.631197631261548,2.732569934960156,2.0439252301192488,-540.960094422102,498.6792175769805,-0.2284013503587382,0.5685856854510958
1767170701,408812012,239_1767170701-408812012.png,-158815,173671,68350,-68200,-1.5205173866421569,1.6627508425245099,266.31,433.32,-57.0,136.0,13.0,0.0,17.0,18.0,-27.35512536119851,77.62175174447556,-16.74445330506467,4.261110065786333,6.852529763367772,4.945237476858158,-534.091403901577,486.87172746658314,-0.20909747713156931,0.5191353837024529
1767170701,442161133,240_1767170701-442161133.png,-156023,170947,68450,-68750,-1.4937863817401962,1.6366708792892157,263.49,425.38,-14.0,122.0,-9.0,0.0,24.0,24.0,-26.953132938368025,87.16618715090615,-14.055594607791003,3.4150068238510474,9.891145271348933,8.414894867659635,-542.5929271876812,489.69367218017567,-0.19618653874589242,0.5131588098615799
1767170701,508858643,241_1767170701-508858643.png,-151926,166919,68500,-68750,-1.4545611213235294,1.5981062346813726,257.8,415.49,-74.0,84.0,33.0,-11.0,25.0,5.0,-19.40460234151963,83.16032824697281,-10.390591713798594,5.9014201985413886,11.442574241346927,6.0226985688569465,-551.4840210974216,501.92572927474964,-0.17676269011161544,0.5170987499465087
1767170701,542206787,242_1767170701-542206787.png,-148646,163564,68400,-68750,-1.4231579350490196,1.565984987745098,251.94,403.0,-3.0,23.0,91.0,-11.0,8.0,21.0,-27.94241812727854,80.98243826835365,3.411268542352832,2.9474584391543877,13.842796565159016,7.461065737021151,-538.7026758491993,485.19194388389576,-0.16052786036941064,0.4994678663801594
1767170701,608904297,243_1767170701-608904297.png,-146526,161316,68300,-68200,-1.4028607536764706,1.5444623161764706,248.83,396.35,-17.0,12.0,147.0,20.0,2.0,16.0,-24.41492077085222,66.41411626148982,31.177779016642322,4.363556941614731,11.659421421693484,9.755945460783584,-539.0934803187847,485.1072597503661,-0.1442534327507477,0.4901738707861471
1767170701,642253418,244_1767170701-642253418.png,-142429,157422,68200,-68250,-1.3636354932598038,1.507180606617647,242.49,389.45,-107.0,-85.0,42.0,-9.0,-14.0,-2.0,-30.043909678289904,45.06470768245102,27.66382534667705,6.1631175778281815,7.791808519233857,8.29108298629873,-571.7321149855852,517.6318418979644,-0.1344714256850481,0.47295520834759497
1767170701,675601563,245_1767170701-675601563.png,-139436,154424,68550,-68800,-1.3349800857843137,1.4784773284313726,242.49,385.51,-76.0,-18.0,-186.0,14.0,-8.0,-3.0,-43.5611604186414,23.954424663947435,3.778657170563016,5.5067148116956774,3.633998937876303,5.87210839319977,-548.409471809864,497.4350342750548,-0.11814197882273984,0.49039009317874727
1767170701,708950928,246_1767170701-708950928.png,-137175,152098,68050,-67850,-1.313332950367647,1.4562078737745099,242.49,381.93,10.0,13.0,-56.0,-23.0,21.0,-18.0,-36.590330847915546,21.237503356272637,-10.006793673946378,1.56354724268262,5.86446464455527,2.1452340215100456,-559.0915580540895,501.41475868225086,-0.10505723588642166,0.4543878762059526
1767170701,742299072,247_1767170701-742299072.png,-134454,149443,68300,-68150,-1.2872817095588236,1.4307885263480393,234.95,372.86,-80.0,-28.0,-73.0,-3.0,10.0,2.0,-36.86605942173278,19.246179727001255,-9.699566790687967,-2.625664288076706,5.445635119810104,0.2781678117060882,-545.5880882292986,491.16912484168995,-0.09195590644993931,0.4858839264925418
1767170701,808996582,248_1767170701-808996582.png,-131516,146509,68550,-68950,-1.2591528799019607,1.4026979932598038,230.93,368.92,-42.0,65.0,32.0,-16.0,-19.0,9.0,-41.99150299071491,16.780725452680464,-14.204046372863106,-3.487055292446129,4.455451671979862,1.0047209663913192,-546.4722362607718,483.1686952114104,-0.08212026165540982,0.4459078159265325
1767170701,842345703,249_1767170701-842345703.png,-128449,143441,67950,-67700,-1.2297889859068627,1.373324525122549,226.88,364.79,-82.0,26.0,-54.0,-27.0,46.0,4.0,-47.84307525838775,21.85479016110106,-16.4537714540171,-7.892485204598017,8.718639573355567,2.060537628432163,-549.6958211511374,484.8212537765502,-0.06571174387586143,0.4429115418186403
1767170701,875693848,250_1767170701-875693848.png,-125371,140228,67950,-67750,-1.2003197763480393,1.342562806372549,219.04,354.39,-176.0,-135.0,-67.0,-30.0,135.0,4.0,-62.787786341400135,9.274237870398256,-24.293198880326408,-15.493866499239287,27.899366950153272,4.489123060504513,-549.0523055493832,489.9679284095763,-0.04928701410317718,0.4384595979823969
1767170701,909043213,251_1767170701-909043213.png,-122914,137761,68600,-68800,-1.1767961090686274,1.3189433976715685,215.34,350.57,-113.0,-88.0,-186.0,-15.0,100.0,5.0,-74.8674856101039,-10.074506460599123,-45.81243094356206,-16.218565561828996,42.249658440864266,4.523407881831744,-544.0307798236609,478.42695689201344,-0.03942607760067034,0.43208484981525047
1767170701,975740723,252_1767170701-975740723.png,-119023,133943,68550,-68750,-1.1395431219362746,1.2823893229166667,208.8,342.95,65.0,75.0,108.0,-1.0,-56.0,18.0,-53.94910563531058,-16.95313789217215,-17.532427999989686,-16.87285258253507,31.18270603417248,6.3875868558911835,-550.2825473695993,477.0318896770476,-0.019694575603840355,0.3913985594298973
1767170702,9088867,253_1767170702-9088867.png,-116093,131081,67950,-67800,-1.1114908854166667,1.2549881280637254,206.43,339.06,-19.0,4.0,292.0,-44.0,-86.0,19.0,-39.647089924164185,-6.783850492009522,37.43383667263985,-19.61350793337118,7.309233867244933,9.129320572586773,-546.3745026737452,470.30329823493946,-0.006535920064448109,0.41956076573678613
1767170702,42437988,254_1767170702-42437988.png,-113620,128615,68350,-68300,-1.0878140318627452,1.231378293504902,204.29,333.75,5.0,31.0,304.0,-48.0,-87.0,13.0,-33.11781790100484,-1.2582711459927873,76.41695954785023,-23.764800409568196,-6.482720843821767,9.695375805726377,-509.0873209238053,441.11578679084766,0.006623766929717894,0.38486008033878244
1767170702,109135498,255_1767170702-109135498.png,-111711,126700,68500,-68750,-1.0695369944852942,1.2130438112745099,200.49,325.82,-44.0,80.0,240.0,-33.0,-40.0,33.0,-43.02962885744739,11.264639887930649,86.13410405190143,-22.572780728812496,-5.763626906343389,13.276730605177997,-527.310543730855,452.8917531967162,0.023071661522547984,0.3963582098708242
1767170702,142483643,256_1767170702-142483643.png,-107009,122003,68600,-68900,-1.0245193780637254,1.1680740655637254,198.79,322.68,-34.0,34.0,255.0,-60.0,-67.0,39.0,-41.734906753126516,16.41612203545491,114.91830121687748,-28.323305891469452,-15.628767342008011,17.562688486929062,-552.3679093718529,465.9666395187377,0.03622607316910157,0.3677531161866166
1767170702,209181152,257_1767170702-209181152.png,-103662,118508,68600,-68850,-0.9924747242647058,1.1346124387254901,191.85,312.29,79.0,215.0,-99.0,40.0,-12.0,6.0,-13.312052885820224,44.8068545352818,61.97632067736975,-18.251227918359994,-19.000132515174275,15.984330026165336,-554.1617915034294,466.75774121284473,0.05266079811825203,0.37004283069446864
1767170702,242530518,258_1767170702-242530518.png,-100657,115651,67950,-67700,-0.9637044270833334,1.1072591145833333,190.06,308.5,-5.0,286.0,49.0,56.0,-35.0,13.0,-4.958792053894831,67.23807345352671,47.45693746698007,-10.832175561894214,-18.88433795300654,15.01594523407022,-536.5082158893347,452.4835212230681,0.06908253183470994,0.37004283069446864
1767170702,275879150,259_1767170702-275879150.png,-97990,112926,68250,-68250,-0.9381701899509803,1.0811695772058822,188.36,306.05,-11.0,279.0,31.0,7.0,-14.0,-7.0,-5.5099968241658575,110.04279994323068,46.13426714031776,-1.9963911428264005,-20.1837507245607,12.805576485138712,-538.903597921133,453.4869780540465,0.0822078380433814,0.37004283069446864
1767170702,309228516,260_1767170702-309228516.png,-95468,110387,68000,-68800,-0.9140242034313726,1.0568608302696079,186.78,303.59,52.0,204.0,-15.0,26.0,-46.0,-17.0,2.613121082297778,132.623487602135,36.40202180540247,2.5685633766075964,-23.635618660427802,7.410482871120157,-529.0102964043617,435.2599720954894,0.09204341625888364,0.37004283069446864
1767170702,375926758,261_1767170702-375926758.png,-91713,106716,68000,-67700,-0.8780732996323529,1.0217141544117647,183.86,297.63,-10.0,-19.0,72.0,-23.0,-73.0,4.0,13.801795192761471,109.12339448760203,36.8132447921201,0.006933426983183333,-34.770760706928954,3.7390978359507425,-545.5191552042961,443.8561997413634,0.10841743777993709,0.37004283069446864
1767170702,409275146,262_1767170702-409275146.png,-89471,104458,68200,-68300,-0.8566080729166666,1.0000957414215685,182.61,295.6,57.0,9.0,-53.0,-29.0,-35.0,5.0,16.44917925284943,102.98737379435413,31.3090773456156,-1.7707444540606174,-34.78480954190092,3.8163717019673937,-546.5492866933346,444.2301855087279,0.1214975867633749,0.37004283069446864
1767170702,442624756,263_1767170702-442624756.png,-86996,101857,68400,-68900,-0.8329120710784313,0.9751933976715687,181.36,293.24,-63.0,63.0,-41.0,-26.0,28.0,19.0,7.963678882148761,89.87730301011895,14.220047035170175,-7.418033225544045,-25.61967165501017,6.1283101933768425,-498.74210709333425,413.23980474472035,0.13455855266458575,0.37004283069446864
1767170702,475973389,264_1767170702-475973389.png,-84205,99202,67850,-67700,-0.8061906403186274,0.9497740502450981,180.14,291.0,-172.0,69.0,-131.0,1.0,86.0,23.0,-18.35453840157367,86.82416806460454,-7.017198033190732,-6.186964662667277,-9.296206886999666,8.595656943745581,-505.67050926387316,408.8799331188201,0.14759826321134636,0.37004283069446864
1767170702,542671387,265_1767170702-542671387.png,-80383,95377,68050,-67850,-0.7695982689950981,0.9131529564950981,177.66,285.42,-39.0,3.0,68.0,-25.0,-8.0,5.0,-36.062410824260695,73.21411535231175,10.697779755484985,-12.535673335587006,-2.4523410304005613,10.117988302596464,-503.51017488539225,398.1555688381194,0.163864884439064,0.37004283069446864
1767170702,576020996,266_1767170702-576020996.png,-78336,93123,68500,-68750,-0.75,0.8915728400735294,176.33,283.2,-15.0,111.0,-119.0,-14.0,-6.0,13.0,-32.98220537372128,78.73999217697236,-8.269460578919062,-12.749819143050784,-2.97115716146892,10.53945896010712,-538.9841226041317,423.0901026725768,0.1768492761365566,0.2831796593919342
1767170702,642719238,267_1767170702-642719238.png,-73967,88958,68500,-68800,-0.7081705729166666,0.8516965379901961,174.2,278.23,-116.0,32.0,-8.0,-25.0,3.0,25.0,-43.876549571980256,65.44464554039774,-6.3235832981015525,-18.69276447647292,-3.7246424230423916,13.335971608504218,-514.0169251263142,404.0537972450255,0.1962728418099678,0.27024915191405896
1767170702,676067627,268_1767170702-676067627.png,-71499,86428,67900,-67850,-0.6845415900735294,0.8274739583333334,172.96,271.93,-81.0,-20.0,72.0,-16.0,24.0,18.0,-52.842511702334214,48.97812107951174,-7.807092215316676,-17.23558168760209,0.9249441934547167,14.141992796677624,-539.1228003948927,410.0904433727263,0.20918356381380612,0.27155974048973375
1767170702,742765869,269_1767170702-742765869.png,-67888,82816,67950,-67600,-0.6499693627450981,0.7928921568627451,172.23,269.53,-80.0,39.0,44.0,31.0,-8.0,-2.0,-59.67030849655272,40.52190766656497,7.864734313716607,-10.056187277171706,1.9604289141218563,12.172706363692395,-516.932925209403,400.780920267105,0.22527528193693275,0.24855797922391776
1767170702,776115479,270_1767170702-776115479.png,-64401,79396,68250,-68350,-0.6165843290441176,0.7601485906862745,170.91,264.6,38.0,10.0,54.0,-23.0,-35.0,-23.0,-43.95830011352765,33.566945935106524,26.156817054077045,-8.959068531831653,-6.965633081846455,5.109288824652679,-516.2332696169615,397.39742374420155,0.24131140657230404,0.2651354553325809
1767170702,809464111,271_1767170702-809464111.png,-61744,76670,68500,-68800,-0.5911458333333334,0.7340494791666666,170.18,262.29,-21.0,66.0,78.0,-33.0,-28.0,-9.0,-36.31259651580295,37.07694021137167,35.19527588727538,-13.209510925355474,-11.508557524945568,1.5751803774113209,-506.8254864811898,396.3376541137694,0.25409762579518114,0.25775470349387475
1767170702,842813721,272_1767170702-842813721.png,-58946,73946,68050,-67850,-0.5643573835784313,0.7079695159313726,169.48,259.11,-60.0,120.0,175.0,-48.0,-30.0,11.0,-39.776685690111,49.2037600169247,55.640574234943955,-18.297335627322543,-14.212779865647065,2.953483222896127,-515.7609014362097,391.4858694076537,0.26684373115413895,0.23625719270053885
1767170702,909511963,273_1767170702-909511963.png,-56485,71406,68250,-68300,-0.5407954197303921,0.6836511948529411,167.79,254.93,33.0,-38.0,25.0,-38.0,-39.0,26.0,-36.692888075398784,45.89376228696138,37.87667441110536,-18.301726509949706,-18.49642116179267,6.5112328171887235,-518.5825772434473,392.6204361915587,0.27954769198884627,0.21764183774573068
1767170702,942860352,274_1767170702-942860352.png,-53896,68825,68600,-68750,-0.5160079656862745,0.6589403339460784,166.96,253.57,41.0,-37.0,-105.0,-18.0,-13.0,14.0,-22.130356652075594,29.325981398211827,23.554345546498958,-20.40302081945174,-20.21459780310711,9.294956512500782,-463.783225119114,356.7885875701903,0.29220749428372866,0.1837038414604803
1767170702,976209961,275_1767170702-976209961.png,-50411,65332,68650,-68750,-0.48264208026960786,0.6254978553921569,165.41,250.08,-44.0,-1.0,29.0,-47.0,-76.0,27.0,-11.515993645610688,27.66564820247563,-1.4329397081968924,-15.809453566695396,-24.67205023549722,10.609539042600947,-467.89991965889936,331.87884283065785,0.3079671162189225,0.1837038414604803
1767170703,9558594,276_1767170703-9558594.png,-47953,62878,68200,-68400,-0.4591088388480392,0.6020029105392157,164.5,248.11,-37.0,17.0,-51.0,-25.0,-33.0,34.0,-16.70077470898306,23.814872969993985,-1.0763915738297138,-19.851434601778152,-30.90713108810541,13.871073676152552,-492.92699113488203,372.38995552062977,0.3173866837050191,0.1837038414604803
1767170703,76256836,277_1767170703-76256836.png,-44947,59806,68350,-68300,-0.43032896752450983,0.5725911458333334,163.67,246.52,18.0,96.0,-73.0,18.0,4.0,25.0,-14.19673560667668,31.84794046251956,-13.603319237038491,-15.764779657131353,-26.92660491457881,16.798634337383543,-484.78224414587027,329.39448833465565,0.32990207608979194,0.1837038414604803
1767170703,109606445,278_1767170703-109606445.png,-43176,58169,67950,-67750,-0.4133731617647059,0.556918275122549,162.82,245.18,17.0,97.0,-99.0,50.0,13.0,6.0,-8.77884940778915,43.08071841541344,-27.67033483338209,-5.249929223784898,-20.265800015640274,15.437371144832182,-497.3664662688971,354.1062068939208,0.34547284661418554,0.1837038414604803
1767170703,142955078,279_1767170703-142955078.png,-39214,54212,68000,-67750,-0.3754404105392157,0.5190333946078431,161.28,241.7,-66.0,110.0,84.0,-6.0,-21.0,5.0,-23.430445371805263,59.50092563779054,-29.445170419438167,0.16869105006064455,-13.247555691946863,14.168564215468358,-499.8637704700232,353.95546627044666,0.35786826359185037,0.1837038414604803
1767170703,176304688,280_1767170703-176304688.png,-36421,51422,68350,-68200,-0.34869983149509803,0.49232153799019607,160.52,239.84,-25.0,138.0,65.0,3.0,-3.0,4.0,-25.88731331595521,73.62299717628255,-9.697633455192747,0.2599872632335684,-12.154559481129752,12.201775209688202,-504.16736020147806,354.31755900382984,0.3702071882648918,0.1837038414604803
1767170703,243002930,281_1767170703-243002930.png,-32325,47259,68150,-68400,-0.30948414522058826,0.45246438419117646,158.4,237.05,-45.0,-36.0,-33.0,-18.0,22.0,-3.0,-38.1786692973918,42.65924997700118,14.97039933114828,-12.247073839991417,-3.8669916365022114,8.784263212801191,-489.69424980878836,320.638636112213,0.3855483610138069,0.1837038414604803
1767170703,276350830,282_1767170703-276350830.png,-29650,44648,68650,-68800,-0.2838733149509804,0.42746629901960786,158.4,237.05,-45.0,-36.0,-33.0,-18.0,22.0,-3.0,-38.59671171955392,37.83865047531325,12.030553309490086,-12.599639533006458,-2.2817437854287874,8.06206953071042,-507.72879159450537,327.8900911808013,0.4007944256222925,0.1837038414604803
1767170703,343048096,283_1767170703-343048096.png,-26653,41642,67950,-67650,-0.25517961090686275,0.3986864276960784,157.29,235.34,37.0,16.0,162.0,-14.0,-54.0,3.0,-31.68541101872541,35.56147161191538,47.71210964122652,-15.623289924351536,-7.6090693516222725,8.155160201411533,-485.5178760886193,322.9629361629485,0.412920264118614,0.10988356549070843
1767170703,376396973,284_1767170703-376396973.png,-23575,38503,68300,-68350,-0.2257104013480392,0.3686331954656863,156.28,233.39,30.0,-8.0,92.0,-9.0,-23.0,11.0,-20.220688849665404,26.179275936076895,48.59675287779072,-13.092165046766452,-14.030025353871663,8.071565252187572,-485.71308350563055,326.6916172504424,0.42498085516822864,0.13102431154402414
1767170703,409745117,285_1767170703-409745117.png,-21129,36057,68600,-68750,-0.20229204963235295,0.34521484375,156.28,233.39,30.0,-8.0,92.0,-9.0,-23.0,11.0,-15.675529404124212,23.085924123885377,52.524908447603906,-12.721808864064508,-14.841841478321077,8.336599507183845,-419.072089701891,320.652821779251,0.43697436784788685,0.0626047998460996
1767170703,443094238,286_1767170703-443094238.png,-18253,33245,67950,-67750,-0.17475681678921567,0.31829235600490197,155.47,231.67,-90.0,157.0,87.0,-25.0,20.0,25.0,-27.36656426379431,47.82982618973487,65.41768989145822,-15.200096079511189,-11.044529124898354,12.327050994070047,-477.66503107547766,311.4208183288573,0.4518689950610229,0.06444402953830312
1767170703,509791260,287_1767170703-509791260.png,-15315,30312,68200,-68250,-0.14662798713235295,0.29021139705882354,154.7,231.57,-147.0,125.0,102.0,-50.0,58.0,25.0,-48.13909665236475,64.82735878632113,71.89678805441932,-20.80205030961793,0.6769875333720752,14.843442984244835,-493.84757009148603,328.15159463882435,0.4637045822880394,0.04921992488526335
1767170703,543139404,288_1767170703-543139404.png,-12251,27168,68550,-68750,-0.11729281556372549,0.2601102941176471,151.57,232.56,96.0,61.0,-200.0,0.0,9.0,-11.0,-33.1089211997555,58.98804301439361,55.385154537296984,-18.456144050449694,2.466917995687674,12.045615244817999,-308.5152066648007,330.9660882949828,0.47839587715194787,0.02911420839117844
1767170703,609836426,289_1767170703-609836426.png,-9596,24370,68000,-68850,-0.0918734681372549,0.23332184436274508,149.62,233.16,145.0,123.0,-141.0,1.0,-79.0,2.0,2.9140791947822278,68.5047290726774,6.932255078314361,-14.184767197672429,-8.942152862689635,8.795830706296172,-237.0888387560845,318.5254015922545,0.4929691274005386,0.0074274260820021976
1767170703,643185547,290_1767170703-643185547.png,-5142,20135,68600,-68800,-0.04923023897058824,0.19277535232843138,145.57,234.2,-131.0,-40.0,119.0,9.0,15.0,27.0,-11.696968098582973,56.707671061037765,32.62730049194126,-12.179494662637177,-14.094672823460256,12.78916876060898,-179.36355084180838,295.33885717391956,0.5045403293103375,0.004537926229216435
1767170703,676533447,291_1767170703-676533447.png,-2493,17484,68050,-67750,-0.023868336397058824,0.16739430147058823,145.63,234.49,-145.0,-43.0,-102.0,61.0,36.0,19.0,-34.36188931036892,39.55626173719196,15.234486565499912,-0.9147529225627342,-5.995554136076008,14.075100640331282,-180.24276348948484,294.7401933670043,0.5160318361245159,0.004537926229216435
1767170703,743230713,292_1767170703-743230713.png,443,14486,68100,-68350,0.004241344975490196,0.13869102328431374,143.51,232.41,-83.0,63.0,51.0,-48.0,-20.0,19.0,-58.15945335905261,37.210092841011395,28.10196873623945,-1.341025188198224,-3.285155214509655,16.151244230294946,-192.26315048336988,336.2279677391051,0.530281412432121,0.004537926229216435
1767170703,776579834,293_1767170703-776579834.png,3184,11813,68600,-68850,0.03048406862745098,0.1130993412990196,141.38,231.07,-53.0,115.0,-111.0,-33.0,-19.0,34.0,-59.52749163139107,48.50933630700692,13.400928476332586,-8.823619316379832,-6.485309001793211,18.49910524153992,-114.13154417276387,295.44145250320423,0.5415870638917254,0.004537926229216435
1767170703,809927734,294_1767170703-809927734.png,6460,8540,67950,-67650,0.061848958333333336,0.08176317401960784,138.7,226.35,-185.0,151.0,-70.0,-48.0,88.0,59.0,-54.07750412787552,59.53662164450315,0.8757192251720385,-10.753611262848684,-4.097813093610139,23.083988389307663,-202.62414455413824,257.2278447151183,0.5555986201769048,0.004537926229216435
1767170703,876624756,295_1767170703-876624756.png,10072,4918,68100,-67700,0.09643075980392157,0.04708563112745098,138.1,224.59,-240.0,44.0,-100.0,-79.0,97.0,58.0,-91.38330778536461,64.33173704034934,-19.352976315682895,-23.612052840238515,17.803156878775006,30.96533873157127,-101.14934179186825,302.3802497386931,0.5694730569554588,0.004537926229216435
1767170703,909973877,296_1767170703-909973877.png,13289,1706,68150,-68300,0.12723077512254902,0.016333486519607844,138.04,220.65,-10.0,-4.0,-6.0,-20.0,-47.0,8.0,-91.69704409928623,57.49020450569677,-15.054201860301408,-27.97416896274519,14.270583184443717,30.38635250175864,-199.8285093903542,283.96883010864246,0.5832070452760246,0.004537926229216435
1767170703,943322021,297_1767170703-943322021.png,15665,-879,68600,-68800,0.14997893688725492,-0.008415670955882353,138.51,218.93,-8.0,14.0,73.0,-13.0,-20.0,-3.0,-75.23732198957964,47.419101557880815,-3.8701067122747963,-25.55909214544378,5.3124094630985965,24.63428077426762,-112.92627149820332,301.2782096862792,0.5913785556067693,0.004537926229216435
1767170704,10019043,298_1767170704-10019043.png,19362,-4440,68550,-68750,0.18537454044117646,-0.04250919117647059,139.69,213.96,30.0,-90.0,-106.0,-40.0,-6.0,-4.0,-58.736032524648046,14.699757715007781,-37.740873276747195,-23.162977234755054,4.699302419631349,15.571223959878813,-107.18012103438382,269.9625616073607,0.6075632513414534,0.004537926229216435
1767170704,43368164,299_1767170704-43368164.png,22157,-7158,67950,-67700,0.21213426776960784,-0.06853170955882353,140.82,212.24,10.0,20.0,-131.0,-49.0,10.0,-3.0,-45.77724696700725,9.675379903067434,-52.50751273635997,-27.14201336208864,4.751300053024658,12.307806377034822,-111.31986901164059,269.51750421524036,0.6182334725649647,-0.030120893701015464
1767170704,76716064,300_1767170704-76716064.png,24203,-9205,68650,-68800,0.23172296262254902,-0.08812997855392157,142.14,210.45,-57.0,162.0,-398.0,9.0,34.0,4.0,-45.936219306467216,32.22598439550151,-105.11887971929247,-22.437408703658935,9.168166008867198,10.686057236382005,-230.42139500379568,257.1683795452117,0.6261721560374093,-0.002342419626752027
1767170704,110065186,301_1767170704-110065186.png,27483,-12495,68500,-68750,0.2631261488970588,-0.11962890625,144.52,206.07,33.0,-221.0,-274.0,-39.0,80.0,4.0,-52.981446506015594,1.9248800262550354,-124.66942214585889,-28.558563556646398,22.684285735744766,10.09735523681827,-80.11915192008023,149.3118872642516,0.6366704036335289,-0.01205742288469035
1767170704,176762207,302_1767170704-176762207.png,30347,-15420,68050,-67900,0.2905464920343137,-0.14763327205882354,144.52,204.35,56.0,-144.0,-483.0,27.0,52.0,4.0,-31.031015321462235,-38.75245782792747,-182.8783122642934,-23.050647886751293,32.16815371904545,8.734534618373253,-35.721478313207676,290.40582728385914,0.6496517160510111,-0.01205742288469035
1767170704,210110352,303_1767170704-210110352.png,33410,-18418,68250,-68300,0.3198720894607843,-0.17633655024509803,146.62,202.67,-104.0,0.0,-230.0,-8.0,47.0,16.0,-39.389309917774014,-35.88214937490233,-197.74511764048097,-19.519532710379234,34.864215378641184,9.671230718968083,-36.305347204208424,288.8468368053435,0.659921464425602,-0.01205742288469035
1767170704,243459229,304_1767170704-243459229.png,36419,-21427,68600,-68800,0.3486806832107843,-0.20514514399509803,151.78,199.32,-158.0,55.0,-109.0,-19.0,13.0,17.0,-60.845756741064804,-15.170049805426665,-191.34333161245732,-19.137399095888465,33.036489049046246,11.309284841796032,-192.5203748941422,307.33649253845203,0.6726118930730203,-0.01205742288469035
1767170704,310156006,305_1767170704-310156006.png,39486,-24565,67950,-67700,0.37804457720588236,-0.23518880208333334,154.51,197.45,-140.0,33.0,-101.0,12.0,-35.0,3.0,-77.50474317311541,-4.454121230104199,-173.82297216101932,-14.576619923352656,22.0383550577012,10.391870665613466,-102.87497276067738,323.66820740699757,0.6826448864267031,-0.01205742288469035
1767170704,343503906,306_1767170704-343503906.png,42288,-27367,68300,-68300,0.40487132352941174,-0.26201554840686275,160.18,195.76,-146.0,61.0,-164.0,-6.0,21.0,26.0,-97.70155363651016,2.7484285404258744,-174.2507471940038,-15.219785221396032,25.259465288644332,11.955694987315429,-103.83412563800816,323.3558361530303,0.6925700883352649,-0.01205742288469035
1767170704,376853027,307_1767170704-376853027.png,44683,-29756,68550,-68650,0.42780139399509803,-0.28488817401960786,163.13,195.48,-123.0,18.0,-336.0,25.0,45.0,27.0,-105.21030272266216,10.423435872243012,-187.7819581999268,-10.58345189798803,26.585778055877967,14.834892696105292,0.284354418516108,272.0005691051482,0.702385967481079,-0.01205742288469035
1767170704,410200928,308_1767170704-410200928.png,47548,-32616,68000,-67700,0.45334520526960786,-0.3104032628676471,166.19,195.41,-239.0,76.0,-72.0,-40.0,83.0,46.0,-125.70674892638732,20.409895071916917,-178.60488935099576,-13.023576616163119,35.799369857173055,20.029040307306534,-0.5197884440422569,233.99516105651844,0.7120908593884638,-0.01205742288469035
1767170704,476897705,309_1767170704-476897705.png,50964,-36041,68050,-67800,0.4879365808823529,-0.34506165747549017,171.63,196.32,-195.0,9.0,-114.0,-87.0,63.0,43.0,-146.6044288100281,29.26393625702968,-145.04748320592708,-24.692486252035227,42.02411369460482,25.8257620533182,-46.22241649031644,57.516579151153444,0.7240636992801603,-0.01205742288469035
1767170704,510246582,310_1767170704-510246582.png,53493,-38563,68150,-68250,0.5121495863970589,-0.36920764399509803,174.38,196.88,24.0,-161.0,176.0,-78.0,-41.0,26.0,-130.193921078302,5.041974267239835,-104.42669215022809,-35.99519775631558,33.83258001435823,27.216120885724404,-52.6584167182446,47.92735481262195,0.7335134603551157,-0.0718916156398359
1767170704,543594482,311_1767170704-543594482.png,56495,-41571,68550,-68850,0.5408911611519608,-0.3980066636029412,177.12,197.39,64.0,-159.0,308.0,-49.0,-62.0,20.0,-97.69699006202282,-23.360339397078818,-36.660403920945235,-39.01330879736038,17.82919505668452,26.128504132900407,-41.177739918232014,205.25858187675465,0.7428473739226528,-0.12729284561727325
1767170704,576943359,312_1767170704-576943359.png,58344,-43354,68150,-68350,0.55859375,-0.41507735906862747,182.87,198.83,-57.0,42.0,171.0,-25.0,-41.0,8.0,-100.73566726089169,-15.598745556038843,-11.900049499599303,-27.444884250476495,7.795185738545227,23.90162963815671,-65.11798793077473,48.208059072494386,0.752064041823199,-0.13211682949507142
1767170704,643640137,313_1767170704-643640137.png,62440,-47448,68250,-68250,0.5978094362745098,-0.45427389705882354,187.3,199.68,-50.0,-82.0,233.0,-60.0,-35.0,23.0,-89.93661010307302,-20.858829467246988,38.04695635056485,-32.0168918337093,-2.233581258583591,22.5410818556955,-215.59686580300337,-716.8968956470491,0.7634176301824248,-0.13818290985087592
1767170704,676988037,314_1767170704-676988037.png,65299,-50309,68500,-68900,0.6251819087009803,-0.48166551776960786,192.56,199.82,11.0,-86.0,187.0,-59.0,-23.0,27.0,-75.17545577973497,-30.385193291581256,59.83012166585493,-35.96295088363389,-5.270500286001715,23.19316219380076,-34.251967787742664,186.97970509529102,0.7723649859177368,-0.0889875413815177
1767170704,710336914,315_1767170704-710336914.png,68156,-53169,68000,-67700,0.6525352328431373,-0.5090475643382353,199.33,201.15,-159.0,73.0,-42.0,-85.0,87.0,48.0,-102.25154565331961,-12.253026186843604,47.88209969723907,-50.04142828486438,20.546956640263296,29.466179006428113,-33.2908667325974,166.20973920822132,0.7811904354541503,-0.1778702014000375
1767170704,743684814,316_1767170704-743684814.png,70764,-55840,68300,-68250,0.6775045955882353,-0.5346200980392157,202.18,201.77,-96.0,26.0,109.0,-107.0,46.0,36.0,-102.84538131016272,-4.393260182604613,54.431503346194106,-59.30016744054433,26.035225870780128,30.914227651461992,-4.51602065563207,307.61433100700367,0.789892514053066,-0.11796559629754885
1767170704,810381592,317_1767170704-810381592.png,73766,-58780,68400,-68750,0.7062461703431373,-0.5627680759803921,204.63,202.72,29.0,1.0,-30.0,-9.0,-24.0,11.0,-83.5640717996563,-3.604539957306328,42.08408599809893,-51.94417903037864,18.71798299995802,28.00193460641979,-50.78660747408872,191.1942811012267,0.7984698235549115,-0.16578483601889088
1767170704,843730469,318_1767170704-843730469.png,77309,-62322,68500,-68750,0.7401673560049019,-0.5966796875,209.69,203.94,-102.0,17.0,152.0,-58.0,60.0,5.0,-90.6845339532474,-1.6395108473191393,61.89354622466716,-51.713066493319246,29.03542716867073,23.389296553999227,-45.905512899160435,186.79400181770313,0.8090139441008077,-0.15335133333328643
1767170704,910427246,319_1767170704-910427246.png,79982,-64989,68000,-67750,0.7657590379901961,-0.6222139246323529,215.85,204.91,231.0,14.0,-59.0,-20.0,-6.0,4.0,-54.645322112796435,-9.421789932345904,28.390751437704665,-41.27338156240795,29.781836616973788,19.61343627048594,-68.26403534412388,96.52630376815783,0.8173056961547694,-0.20377388454303091
1767170704,943775146,320_1767170704-943775146.png,82708,-67713,68350,-68400,0.7918581495098039,-0.6482938878676471,219.49,205.38,150.0,4.0,-121.0,-14.0,22.0,13.0,-10.245141004012206,-5.986963392818513,9.488541009233872,-37.22928213370181,25.314112268966195,17.466737706797037,-49.678094297647526,216.89455437660206,0.8254683514748895,-0.1899882518543018
1767170704,977124023,321_1767170704-977124023.png,85503,-70579,68500,-68750,0.8186178768382353,-0.6757333792892157,223.48,205.4,46.0,-12.0,-170.0,-3.0,22.0,3.0,10.362120098303075,-6.094645217363248,-26.842818378497995,-30.428642326220064,24.573374628371454,15.005958337895613,-138.69228681921965,-243.50872039794933,0.8354882287602037,-0.16218031156048673
1767170705,10471924,322_1767170705-10471924.png,88106,-73116,68000,-67750,0.843539368872549,-0.7000229779411765,232.04,205.66,132.0,-4.0,-138.0,-13.0,-12.0,-3.0,25.14880494686797,-15.22587235426791,-38.82643676618493,-25.149648126271245,19.6697890239718,12.319300546911093,-59.200852394104054,251.37131357192982,0.843355805831543,-0.1895015407876641
1767170705,43820801,323_1767170705-43820801.png,91112,-76187,68200,-68150,0.8723192401960784,-0.7294251685049019,236.35,205.59,-17.0,161.0,-193.0,2.0,8.0,10.0,32.88055510442507,1.9362969775993983,-63.4964453420895,-21.379608989687203,15.191382190327444,10.453986729238984,-125.99458333849911,-83.21225905418407,0.8510901582693511,-0.22433812838082096
1767170705,110517334,324_1767170705-110517334.png,93627,-78633,68600,-68800,0.8963982077205882,-0.7528435202205882,245.33,205.93,-49.0,104.0,-169.0,-71.0,4.0,20.0,1.5423940411899617,31.662352346134835,-61.9776254360342,-30.22140873394848,12.47868708360451,15.072773010977238,-98.21915248036389,106.76147747039782,0.8586901542301646,-0.22433812838082096
1767170705,143865234,325_1767170705-143865234.png,97187,-82395,68550,-68850,0.9304821537990197,-0.7888614430147058,250.08,206.43,154.0,128.0,-87.0,19.0,-107.0,2.0,11.180089346394013,46.33558279634125,-73.05155500998067,-29.123287941714636,0.967516281783964,14.295212204993607,-98.21915248036389,106.76147747039782,0.867999300399564,-0.22433812838082096
1767170705,177214111,326_1767170705-177214111.png,99771,-84845,68000,-67650,0.9552217371323529,-0.8123180912990197,254.91,207.04,-3.0,238.0,-444.0,75.0,12.0,4.0,17.208031210797955,73.51801444010526,-117.8784498802827,-14.15323974077053,-3.552263887534764,12.408023073502616,-65.7330926060677,267.01738786697376,0.8734821498727918,-0.22433812838082096
1767170705,210562012,327_1767170705-210562012.png,102437,-87451,68650,-68750,0.980746400122549,-0.8372683057598039,259.78,207.79,-62.0,104.0,35.0,1.0,-19.0,27.0,5.087481618006123,82.34681504367884,-104.18780815915443,-9.567981718369019,-5.398072308982513,14.318539760046281,-75.59346991777424,198.48772001266468,0.8806718192886515,-0.22433812838082096
1767170705,277259521,328_1767170705-277259521.png,105235,-90247,68100,-68850,1.007534849877451,-0.8640376072303921,266.62,209.65,-34.0,-10.0,-109.0,23.0,19.0,4.0,7.622072573964871,69.91307478330494,-79.60935728024829,-12.436154727711106,-6.456509116474109,14.191561197236307,-42.4654854536057,282.9880130290984,0.889463180363112,-0.22433812838082096
1767170705,310608887,329_1767170705-310608887.png,108034,-93037,68000,-67700,1.0343328737745099,-0.8907494638480392,270.52,210.68,-41.0,-19.0,78.0,6.0,25.0,4.0,1.10619252039543,57.67487941949018,-72.44728116323509,-8.295744647939742,-2.365995190661592,12.701128662653211,-44.16150411963468,282.99818658828724,0.8946328420921467,-0.22433812838082096
1767170705,343957031,330_1767170705-343957031.png,111453,-96461,68200,-68200,1.0670668658088236,-0.9235313265931373,279.28,212.34,-108.0,112.0,-83.0,48.0,21.0,17.0,-10.983078623901415,46.16222395804897,-33.53652464358626,-0.4721703367279113,1.170324178361747,12.367581069309933,-32.87558016180997,290.11022090911854,0.9047332134214084,-0.2634172508514912
1767170705,410654785,331_1767170705-410654785.png,114314,-99388,68550,-68700,1.0944584865196079,-0.9515548406862745,284.02,213.28,-113.0,118.0,105.0,15.0,1.0,21.0,-33.26140949507732,61.5905135930578,-22.255198560953207,6.44100920686395,3.2261900608352696,13.878227073469692,-33.015394389629414,290.35037422180164,0.9112883847075567,-0.2892444486839245
1767170705,444004150,332_1767170705-444004150.png,117740,-102744,68650,-68750,1.1272594975490196,-0.9836856617647058,294.51,214.32,-13.0,-160.0,152.0,-49.0,-17.0,1.0,-49.949267817990915,49.260749791616036,5.042823609713163,5.439957364346496,3.499075816099709,12.969542941520729,-26.860061645507862,261.2621624469756,0.9192799319276392,-0.27987791901581377
1767170705,477352539,333_1767170705-477352539.png,120387,-105394,68000,-67600,1.1526022518382353,-1.0090571384803921,300.37,214.87,80.0,-139.0,62.0,-28.0,-40.0,-4.0,-37.86435726332702,14.384010075305811,24.92383978062557,-2.681190706400134,-1.453048729994316,10.594585175630305,-19.62400972843175,286.7363247871398,0.9239660967607699,-0.27987791901581377
1767170705,544050049,334_1767170705-544050049.png,123522,-108531,68150,-68300,1.1826171875,-1.0390912224264706,312.05,216.93,-13.0,72.0,-18.0,17.0,69.0,28.0,-6.749079770369702,-12.079214743862707,26.374191652186234,-6.134545335485369,-2.648390155557549,8.259237437208888,-0.6532386243343864,289.7772159576415,0.931593723017893,-0.27987791901581377
1767170705,577399414,335_1767170705-577399414.png,126127,-111135,68650,-68800,1.2075578278186274,-1.0640222886029411,317.93,217.92,-110.0,86.0,-255.0,15.0,119.0,42.0,-10.682518500889017,0.6524574840436932,12.507793950231457,-2.8135606055978046,9.385937818459873,11.581936839500367,-27.30580472946172,188.6523241996764,0.9375304417198977,-0.27987791901581377
1767170705,610747803,336_1767170705-610747803.png,129810,-114889,67950,-68650,1.242819393382353,-1.0999636182598038,323.99,217.92,-133.0,2.0,-67.0,-2.0,79.0,37.0,-38.64500585179479,9.506998813580234,-26.254996123096767,-0.8876140939740379,30.68544418553525,18.384664857060958,-32.396328419446995,101.4580440521239,0.9447430809001592,-0.27987791901581377
1767170705,677445557,337_1767170705-677445557.png,132610,-117682,67950,-67700,1.2696269914215685,-1.1267041973039216,336.64,219.71,19.0,-93.0,-260.0,68.0,15.0,-5.0,-38.318416516190716,-13.867353368172788,-46.17341375177236,7.16253129800217,31.55198324872193,14.702267465433971,-30.721220195293476,106.1913282871245,0.9517225603269845,-0.27987791901581377
1767170705,710794922,338_1767170705-710794922.png,135674,-120890,68300,-68150,1.2989621629901962,-1.1574180453431373,343.29,221.93,60.0,-53.0,-103.0,65.0,-35.0,6.0,-19.51125526770954,-25.704627843453988,-71.00585340904003,20.321595922990227,20.540356063189268,11.907271345029734,7.041868925094553,236.2263228893279,0.9571370997182519,-0.27987791901581377
1767170705,744143311,339_1767170705-744143311.png,138216,-123225,68550,-68800,1.3232996323529411,-1.1797736672794117,350.02,223.88,97.0,-216.0,-145.0,21.0,-12.0,-5.0,-2.4724363727986676,-53.53377083281519,-81.82689263095861,20.420806974996992,15.781594924940167,9.434721085459081,27.999326825141853,269.71065855026234,0.9624005712966844,-0.27987791901581377
1767170705,777492676,340_1767170705-777492676.png,141009,-126010,68000,-67850,1.3500402113970589,-1.2064376531862746,363.82,227.58,63.0,-71.0,-115.0,59.0,17.0,16.0,5.441727545779561,-75.82203638881259,-119.86502771891882,23.829063777764368,17.975812626771877,9.152411808475739,29.440199136733955,269.591441631317,0.9675119763768736,-0.27987791901581377
1767170705,844190186,341_1767170705-844190186.png,144076,-129153,68250,-68300,1.3794041053921569,-1.2365291819852942,370.96,229.67,5.0,-129.0,-82.0,57.0,-12.0,29.0,11.215717955663713,-83.10974179484455,-113.8340787419575,32.24770751391593,13.493110637824085,12.749564244350903,29.93406221270556,225.62232184410084,0.9736863822061678,-0.3583725216350234
1767170705,877538574,342_1767170705-877538574.png,146943,-132020,68600,-68700,1.4068531709558822,-1.2639782475490196,385.71,232.04,88.0,-186.0,48.0,40.0,27.0,6.0,15.27547404917423,-97.77370332367381,-113.07091647902033,34.29588076589053,14.127046774300794,14.84199334128316,9.317795187234827,141.6294171810149,0.9784529079251916,-0.3871699789122424
1767170705,910887939,343_1767170705-910887939.png,149544,-134556,68000,-67700,1.4317555147058822,-1.2882582720588236,393.38,232.86,63.0,14.0,190.0,93.0,-35.0,-6.0,26.311359419123487,-100.76374847362446,-76.53278901304166,38.529729853219564,12.55206156401664,12.578535739213372,93.47186851501459,253.96284866332996,0.9819265355140091,-0.40105738977427124
1767170705,944236328,344_1767170705-944236328.png,152620,-137692,68250,-68400,1.4612055759803921,-1.3182827818627452,401.22,233.39,-57.0,122.0,187.0,66.0,34.0,13.0,16.96262268473438,-59.31877157573593,-17.398738062044103,46.755857286449256,12.01438053656768,11.204639655078159,109.21431416273111,259.0225465297698,0.9875218369642655,-0.41799419300948126
1767170706,10934082,345_1767170706-10934082.png,155204,-140283,68500,-68800,1.4859451593137254,-1.3430893841911764,409.37,233.49,-124.0,156.0,-171.0,114.0,83.0,32.0,-3.652008866166954,-27.830160924997973,-39.86166731447604,56.589763605689406,22.39544725326705,14.245791155483758,109.21431416273111,259.0225465297698,0.9918227089666891,-0.4145495845833273
1767170706,44283447,346_1767170706-44283447.png,158139,-143210,68000,-67700,1.5140452665441178,-1.3711128982843137,426.49,233.3,-14.0,52.0,74.0,140.0,21.0,13.0,3.3455581722962817,-18.7657340638835,-14.412432057573493,72.70567424656974,21.01949948802659,14.499369810263495,81.00768661499018,276.1899261474608,0.9959669205179886,-0.4125427861194499
1767170706,77631592,347_1767170706-77631592.png,160744,-145752,68300,-68300,1.5389859068627452,-1.3954503676470589,435.58,233.14,-31.0,73.0,-210.0,176.0,48.0,11.0,-1.6718682370342708,-4.041164908819496,-32.87629965985229,88.61252722218343,24.224090641271303,14.002627187272354,100.54128628969187,216.6488127708434,0.999953872406919,-0.42611369706818303
1767170706,110980957,348_1767170706-110980957.png,162436,-147587,68000,-67850,1.5551853553921569,-1.413018918504902,444.97,233.2,20.0,-24.0,-35.0,106.0,74.0,28.0,0.7180790926223374,-4.912635625475336,-37.89388257874515,93.47759884066807,32.13524823656934,15.969834652604069,101.99553608894342,216.82333946228016,1.003782965422235,-0.42611369706818303
1767170706,144329346,349_1767170706-144329346.png,165928,-151007,68000,-67800,1.5886182598039216,-1.4457624846813726,463.88,233.52,-16.0,65.0,-124.0,147.0,53.0,13.0,-7.555293587391989,5.8942150729691365,-37.75532417949467,100.46011755874568,35.74102217181549,15.881667535569798,85.00300967693323,250.72464776039112,1.0074534671946367,-0.42611369706818303
1767170706,211027100,350_1767170706-211027100.png,169004,-154009,68200,-68300,1.6180683210784315,-1.4745040594362746,483.23,233.13,6.0,14.0,42.0,129.0,11.0,13.0,-6.828876818075,13.045474462654756,-37.308862871186555,108.72361174566775,34.60841689220146,15.237585670490956,86.86312985420221,250.53192329406727,1.0109649116709334,-0.42611369706818303
1767170706,244376465,351_1767170706-244376465.png,171658,-156666,68350,-68650,1.6434780943627452,-1.4999425551470589,497.07,232.9,83.0,-145.0,-6.0,91.0,42.0,5.0,6.648785835841016,-10.042018321934858,-30.62258835423272,106.67051729761364,35.06198893087587,13.680959266166717,110.47764253616327,236.35714626312244,1.01431669963988,-0.42611369706818303
1767170706,277724609,352_1767170706-277724609.png,174328,-159331,68100,-67800,1.6690410539215685,-1.525457643995098,522.23,232.91,168.0,-82.0,176.0,104.0,8.0,18.0,31.27407693742768,-28.99527749725069,-7.8085618415453,104.50873020023025,31.09367898041824,12.443703717152971,112.50855296850199,236.31931781768787,1.017508298469258,-0.42611369706818303
1767170706,311073486,353_1767170706-311073486.png,177127,-162198,68200,-68250,1.6958390778186274,-1.5529067095588236,534.03,233.32,126.0,-40.0,45.0,144.0,37.0,27.0,54.621772513709416,-35.71895301332579,16.833221258692227,108.02786370087337,29.132712760278018,14.361517901504289,92.29283130168909,-69.41576647758495,1.0205392421058772,-0.42611369706818303
1767170706,377770752,354_1767170706-377770752.png,180795,-165807,68200,-68250,1.73095703125,-1.5874597886029411,544.95,233.8,36.0,13.0,38.0,177.0,81.0,23.0,55.63315746375327,-28.818198153265598,21.40243792872556,119.99661682400694,37.12951353140118,16.286098693184115,129.37860393524164,223.9154565334319,1.0241012200638582,-0.42611369706818303
1767170706,411118896,355_1767170706-411118896.png,183671,-168677,68500,-68750,1.7584922640931373,-1.6149375765931373,567.33,235.92,63.0,-17.0,-125.0,216.0,108.0,9.0,48.56599723132582,-16.354960832255884,-37.79668496905631,147.89843020172566,59.45074998035348,14.99694523224673,124.66765022277826,217.47545027732838,1.0267688419487635,-0.42611369706818303
1767170706,444468018,356_1767170706-444468018.png,186546,-171621,68100,-67750,1.7860179227941178,-1.6431238511029411,578.58,237.59,154.0,-47.0,-109.0,222.0,89.0,11.0,64.36843776235663,-20.853689086028776,-50.52698977042923,160.5449579385189,65.06226803180881,14.253057639957477,128.47750675678247,260.04635047912586,1.0298754193603408,-0.42611369706818303
1767170706,511165283,357_1767170706-511165283.png,189812,-174959,68150,-67750,1.8172870710784315,-1.675082337622549,601.41,243.29,188.0,31.0,-301.0,247.0,94.0,29.0,80.16377407761095,-24.958619542311858,-120.20990199258057,177.07540067378957,74.98831038988934,14.490001402337235,128.7811627388,227.36758875846851,1.0321777221227144,-0.4893370887253572
1767170706,544513428,358_1767170706-544513428.png,192208,-177424,68650,-68650,1.8402267156862746,-1.6986825980392157,612.93,245.01,64.0,172.0,-353.0,249.0,148.0,44.0,83.44218445836185,6.772847867310777,-163.71288980063864,191.2523954696752,86.6604070264827,19.564792798998752,130.61725538969034,227.4512698650359,1.0343169728473478,-0.5268687663026118
1767170706,577862549,359_1767170706-577862549.png,194874,-179876,68000,-67700,1.8657513786764706,-1.7221583946078431,624.4,246.46,-7.0,20.0,-673.0,280.0,250.0,24.0,70.21575411989106,8.707210767843247,-238.1919675194451,204.23100734262152,110.54748760637533,20.21340560542355,130.78051269054407,207.82461142539967,1.036292905218132,-0.5268687663026118
1767170706,611210449,360_1767170706-611210449.png,196304,-181376,68600,-68750,1.8794424019607843,-1.7365196078431373,648.13,249.45,96.0,-80.0,-386.0,260.0,157.0,5.0,57.810612011694275,-7.047930704913904,-281.0217936709584,208.76797824605808,133.87774762179504,19.28455525862006,134.0752710103988,205.11113691329945,1.0381052529189583,-0.5268687663026118
1767170706,644559570,361_1767170706-644559570.png,200260,-185266,68550,-68850,1.9173177083333333,-1.7737630208333333,660.1,250.65,106.0,-105.0,-342.0,266.0,126.0,9.0,66.29868854329305,-23.796181663814263,-297.88452680825884,219.48383796572514,135.66338004002188,16.810171117931525,152.0238332152366,-54.48857593536389,1.0393568720522681,-0.5268687663026118
1767170706,711256836,362_1767170706-711256836.png,203610,-188693,68550,-68800,1.9493910845588236,-1.806573606004902,668.17,251.0,96.0,4.0,-404.0,292.0,135.0,8.0,72.71952317983569,-23.979980934426244,-315.7112668251059,232.5225626748332,135.06075667864468,15.113110137455575,153.0081825256347,244.711930990219,1.04158314156552,-0.5268687663026118
1767170706,744604980,363_1767170706-744604980.png,206127,-191202,68300,-68300,1.973489200367647,-1.8305951286764706,694.33,252.41,124.0,-143.0,-336.0,260.0,160.0,0.0,82.490143606135,-45.96572361368897,-331.5459130783921,236.46851968332848,143.03294173062096,13.210425549856494,161.76796925067896,243.32531785964954,1.0428617252048669,-0.5268687663026118
1767170706,777954102,364_1767170706-777954102.png,209072,-194083,68200,-68300,2.0016850490196076,-1.8581782322303921,703.34,252.9,178.0,-39.0,-414.0,325.0,111.0,20.0,97.14843048628514,-52.87665136492524,-341.69777743646324,248.86389459347933,140.58013429219878,12.963577441961174,171.37170660495752,249.48762893676746,1.0437126051731473,-0.5268687663026118
1767170706,811302246,365_1767170706-811302246.png,211946,-196952,68600,-68800,2.0292011335784315,-1.8856464460784315,712.43,253.73,182.0,63.0,-237.0,315.0,59.0,31.0,111.70588523739785,-35.56187026525326,-328.3079929621549,260.5590536296418,127.86362318725897,15.788247653054938,176.02941012382502,261.46663665771473,1.0447029016244933,-0.5268687663026118
1767170706,877999512,366_1767170706-877999512.png,215081,-200091,68050,-67700,2.059216069240196,-1.9156996783088236,733.34,255.33,207.0,-30.0,-556.0,330.0,170.0,6.0,127.55182225321221,-35.38278713676218,-344.351785358147,269.82850741672763,129.1681397146033,14.531519997858583,174.80686360597605,242.77422618865955,1.045708710989189,-0.5268687663026118
1767170706,911348633,367_1767170706-911348633.png,217662,-202668,68200,-68250,2.083926930147059,-1.9403722426470589,744.8,256.18,224.0,-85.0,-219.0,315.0,87.0,2.0,145.81348469576298,-42.35725967339183,-337.0940146633334,279.58277483929425,125.13780728962297,12.252499584931478,173.89446699619288,232.52501010894764,1.0463276296265234,-0.5268687663026118
1767170706,944696533,368_1767170706-944696533.png,219922,-205005,68600,-68850,2.1055644914215685,-1.962747012867647,756.29,257.22,120.0,-58.0,-173.0,333.0,102.0,18.0,142.03847351965774,-44.644882605895454,-313.0966060768148,287.39460746688576,121.75409206719762,13.093024549200045,179.41391450166697,244.59142446517933,1.0467812991182184,-0.5811237281301423
1767170706,978045654,369_1767170706-978045654.png,222997,-207998,68000,-67650,2.1350049785539214,-1.9914024203431373,781.35,259.45,298.0,-47.0,-273.0,315.0,112.0,2.0,167.00754569408457,-37.82570612977128,-334.93027881359967,298.54131642758216,118.36814617980647,10.04244819141831,185.4259912371635,236.8930492401122,1.0470696528852466,-0.5811237281301423
1767170707,44742920,370_1767170707-44742920.png,225922,-210933,68250,-68300,2.163009344362745,-2.0195025275735294,794.52,260.26,161.0,-36.0,-353.0,306.0,197.0,24.0,179.41658882025308,-38.48933250044546,-331.2907513282258,301.3016220044291,129.22144089902034,11.267817136209457,186.77542906999582,238.53830003738392,1.0471926243485812,-0.5811237281301423
1767170707,78091064,371_1767170707-78091064.png,228865,-213870,68600,-68800,2.1911860447303924,-2.0476217830882355,821.14,262.55,29.0,-133.0,-423.0,322.0,285.0,35.0,151.58014897538305,-55.24740720983043,-341.7554128579685,303.46174582554505,151.89185652257092,14.235612173547334,217.06167149543757,34.302379846572755,1.0471502800872488,-0.5811237281301423
1767170707,111440186,372_1767170707-111440186.png,230093,-215168,68200,-68250,2.2029430912990198,-2.060049019607843,834.37,264.86,244.0,-61.0,-348.0,400.0,151.0,21.0,140.34605075211957,-64.3769639699646,-351.3022650661407,308.60069887245083,167.18685296708608,16.836459987425343,195.84666448831553,219.50801277160633,1.0469425535222228,-0.5811237281301423
1767170707,144788330,373_1767170707-144788330.png,233916,-218985,68200,-68100,2.239545036764706,-2.0965935202205883,847.54,266.64,350.0,-36.0,-245.0,422.0,104.0,-2.0,176.10797489765284,-60.65184409069255,-338.32639829658757,331.6432620395148,157.9846990859342,15.034345819921704,194.89062869548792,214.3659234046935,1.0465694446535025,-0.5811237281301423
1767170707,178137451,374_1767170707-178137451.png,236718,-221791,68750,-68700,2.2663717830882355,-2.123458563112745,860.76,268.44,272.0,-66.0,-441.0,439.0,179.0,-14.0,194.75252819344868,-60.77885283730569,-350.86145246144827,349.7445107471163,159.62338794459365,10.33562740658273,204.3343557119369,148.49155449867237,1.0460311532181703,-0.5811237281301423
1767170707,244834717,375_1767170707-244834717.png,239446,-224530,68000,-67900,2.292490042892157,-2.1496821384803924,887.44,272.72,385.0,-241.0,-396.0,362.0,206.0,-20.0,222.38791301403904,-92.4908047622774,-338.9672575924466,352.2875312289831,166.0794451961739,4.101301051418957,205.42338711023325,129.09530568122852,1.0453276126371986,-0.5811237281301423
1767170707,278183350,376_1767170707-278183350.png,242306,-227387,68100,-68300,2.3198720894607843,-2.177035462622549,900.95,275.86,255.0,-171.0,-563.0,415.0,202.0,13.0,242.91134209721878,-115.6441301821685,-365.4060316863185,359.0127757541501,173.6442170505268,2.3022722217332494,206.78061765432352,242.18759870529163,1.0444590226476693,-0.5811237281301423
1767170707,311532959,377_1767170707-311532959.png,245387,-230460,68650,-68700,2.3493700214460786,-2.2064568014705883,914.65,277.84,180.0,-238.0,-235.0,335.0,197.0,21.0,234.34357782106179,-136.43401793448334,-356.6737694680876,358.43047915139437,178.5434468152641,5.596390919323638,211.80938410758966,-146.09130287170422,1.0431412905402981,-0.5811237281301423
1767170707,378230957,378_1767170707-378230957.png,249553,-234556,68350,-68700,2.3892558976715685,-2.245672487745098,956.13,284.98,409.0,-44.0,-317.0,444.0,133.0,5.0,279.01186171994715,-159.4298478468339,-365.611373906261,369.50637526101013,180.0106648849791,8.690695246549254,206.55268085002893,201.4313175678252,1.0415662304925979,-0.5922491276972954
1767170707,411579590,379_1767170707-411579590.png,252348,-237347,68000,-67650,2.416015625,-2.272393918504902,970.07,288.12,222.0,-118.0,-269.0,436.0,189.0,6.0,292.20086625489,-144.85255391035474,-357.00827474713924,380.1514452464801,174.87883617540928,8.182087958142398,204.61528295278544,189.57439255714405,1.0397341753997051,-0.5809721537926331
1767170707,444929199,380_1767170707-444929199.png,255085,-240092,68250,-68350,2.4389169730392157,-2.2953622855392157,984.04,289.85,193.0,-197.0,-388.0,426.0,244.0,2.0,275.63689039191473,-146.670396569781,-350.3029392562567,390.33592281237804,182.66049646565662,7.386788848599443,220.57462573051447,74.99059844017016,1.038083747893156,-0.581245995476763
1767170707,511627197,381_1767170707-511627197.png,258490,-243493,68200,-68300,2.474820006127451,-2.3312365962009802,1011.95,293.32,203.0,-86.0,-387.0,484.0,212.0,4.0,264.562466041995,-148.6552237700827,-354.5884830730245,405.63845749381585,190.27360838716083,5.678281278371003,203.83224534988398,185.17683577537525,1.0357903001414068,-0.625976750147387
1767170707,544975830,382_1767170707-544975830.png,260883,-245966,68050,-68700,2.4977309283088234,-2.354913449754902,1026.08,295.04,181.0,-89.0,-416.0,501.0,208.0,13.0,254.87467046004087,-139.58578953099942,-360.2310776873903,417.6273470722315,193.32640868484128,5.712986919975137,196.3304619789123,209.77377939224232,1.0342914730799102,-0.6359748427018838
1767170707,578325439,383_1767170707-578325439.png,263073,-248151,68250,-68250,2.518698299632353,-2.375832950367647,1040.27,297.01,182.0,-137.0,-583.0,509.0,244.0,23.0,242.19841020786046,-135.18790790281395,-384.9829913360493,432.75954919827166,199.12038189703628,7.877340468727523,203.18596982955927,204.16127038002003,1.032150158405432,-0.6214985255177812
1767170707,645023438,384_1767170707-645023438.png,267100,-252107,68250,-68450,2.557253370098039,-2.413708256740196,1054.56,298.84,218.0,-207.0,-339.0,488.0,223.0,17.0,235.50987629047378,-145.78465216089685,-388.61904323025516,444.82708296499004,204.96078193415025,10.002705919754288,212.8668550252914,273.63192081451405,1.0286326552376555,-0.6438729222068538
1767170707,678372070,385_1767170707-678372070.png,269962,-254972,68450,-68700,2.5846545649509802,-2.4411381740196076,1083.26,299.35,230.0,-357.0,-668.0,546.0,270.0,3.0,238.19792408236594,-177.67481604684872,-417.8353984239348,463.6196625970789,216.14626694469527,7.747737782969413,214.8438658714294,91.80634546279894,1.0260845427066674,-0.6161063625668532
1767170707,711721680,386_1767170707-711721680.png,272425,-257502,68000,-67750,2.6082356770833335,-2.4653607536764706,1097.68,299.31,270.0,-294.0,-438.0,508.0,256.0,16.0,241.53372210994254,-201.1799292276229,-433.74090095712955,473.3414383394574,223.78969487566445,8.471824037065241,217.26350271701807,89.53377294540392,1.0233743768233483,-0.6351724928126404
1767170707,745070313,387_1767170707-745070313.png,275219,-260226,68250,-68300,2.6349858302696076,-2.4914407169117645,1146.11,297.77,262.0,-119.0,-522.0,571.0,261.0,6.0,247.00995724433355,-198.7655877706981,-414.75925984429676,482.78849081202327,222.48978058865603,9.806895264065426,224.27278673648829,107.44024014472949,1.0205026236408887,-0.6417771348383403
1767170707,811768555,388_1767170707-811768555.png,279170,-264178,68300,-68350,2.6728132659313726,-2.5292777267156863,1181.2,297.44,390.0,-202.0,-416.0,568.0,284.0,0.0,265.4559048379589,-189.8684388313882,-419.34405875064385,507.44516679016505,240.18980838860912,6.864721527243169,232.8980193138122,128.22539472579945,1.0166863803778323,-0.6642811664167646
1767170707,845118164,389_1767170707-845118164.png,282111,-267120,68550,-68700,2.700970818014706,-2.5574448529411766,1197.4,294.25,314.0,-380.0,-461.0,528.0,294.0,-13.0,272.0699809875923,-201.87504646869945,-421.7992153058927,510.47422139638655,244.76763980215222,5.446739046761726,240.24420821666712,124.29825758934008,1.013452703603231,-0.6719232270283018
1767170707,878466553,390_1767170707-878466553.png,284644,-269653,68000,-67750,2.725222120098039,-2.5816961550245097,1212.3,290.06,284.0,-311.0,-422.0,504.0,308.0,-2.0,276.60106947843224,-226.41322522977612,-425.04411346979657,511.3308761710333,254.54285746374438,3.254378653446143,238.98958170413965,123.55673408508288,1.0100589708471157,-0.6689966934367872
1767170707,945164795,391_1767170707-945164795.png,287979,-272992,68300,-68100,2.7571518841911766,-2.6136642156862746,1242.23,284.32,221.0,-218.0,-549.0,592.0,350.0,13.0,255.44224898964626,-242.40473699946634,-433.73097544859087,517.1553137699149,277.4195207967008,4.715315665406296,240.42967474460596,276.56935691833485,1.0055925168039166,-0.6873671706172948
1767170707,978514404,392_1767170707-978514404.png,291129,-276130,68300,-68350,2.787310431985294,-2.6437078737745097,1257.2,281.49,304.0,-203.0,-767.0,693.0,327.0,-3.0,259.35156884012065,-236.40499456194843,-479.55268257158593,542.0898628631384,287.22991962886147,4.246032120667393,254.40174627304071,122.38147306442248,1.0008779893051765,-0.6745424059140157
1767170708,11863037,393_1767170708-11863037.png,293577,-278660,67950,-67650,2.810747931985294,-2.6679304534313726,1271.99,276.68,399.0,-215.0,-586.0,682.0,280.0,-12.0,277.1683071476365,-232.94554754819774,-500.0842836327124,562.852290037827,287.4617404773894,2.1170388121880395,252.0327620506286,196.6715247631072,0.9979306689267858,-0.6745424059140157
1767170708,78561279,394_1767170708-78561279.png,296448,-281452,68000,-67600,2.838235294117647,-2.6946614583333335,1286.82,272.47,365.0,-293.0,-837.0,673.0,336.0,-15.0,290.01297442296726,-241.7280204243859,-549.3554537084361,578.960492437864,294.560064253746,-0.3861882251303258,252.9043768048286,167.81028366088856,0.9938630232568261,-0.6745424059140157
1767170708,111910889,395_1767170708-111910889.png,297892,-282968,68550,-68850,2.852060355392157,-2.709175857843137,1316.35,268.75,288.0,-197.0,-615.0,631.0,385.0,23.0,297.3009197186499,-247.94738421288463,-588.8850355653923,596.5694787123558,310.7335505847241,0.276363581578851,260.2065368890762,124.87743401527392,0.9896384508196334,-0.6745424059140157
1767170708,145259521,396_1767170708-145259521.png,301842,-286852,68100,-67700,2.8898782169117645,-2.7463618259803924,1331.17,266.96,198.0,-17.0,-494.0,618.0,360.0,63.0,285.00036378537203,-217.75642763619146,-579.0217152634275,600.9750680134852,320.597686193664,8.955918302503404,253.05386698245997,234.14790773391712,0.9852576174054803,-0.6745424059140157
1767170708,178609375,397_1767170708-178609375.png,304640,-289714,68050,-67700,2.9166666666666665,-2.7737630208333335,1360.87,262.32,221.0,156.0,-819.0,708.0,396.0,52.0,275.0099790995344,-167.84272778483552,-605.2023294603442,614.1580284704337,330.6372338885697,15.552476506821739,265.21595144271845,131.92513132095326,0.980721122225612,-0.6745424059140157
1767170708,245307373,398_1767170708-245307373.png,308268,-293275,68300,-68150,2.9514016544117645,-2.8078565410539214,1370.76,260.64,457.0,-174.0,-461.0,757.0,296.0,0.0,316.7892173022451,-146.42015877404637,-568.8210401266626,643.955513446556,317.98405406386144,14.423016817643044,260.2097838521003,188.25741815567005,0.9736263279235865,-0.6745424059140157
1767170708,278655273,399_1767170708-278655273.png,311059,-296064,68550,-68800,2.9781230851715685,-2.8345588235294117,1381.85,258.88,342.0,-144.0,-484.0,793.0,305.0,-15.0,323.6303608620577,-146.88908406043296,-555.7858016828453,664.7646270652225,315.83838615067214,10.531567931780728,268.8917733430862,134.79980659484852,0.9687040738598203,-0.6745424059140157
1767170708,312004395,400_1767170708-312004395.png,313725,-298724,67950,-67700,3.0036477481617645,-2.8600260416666665,1411.68,255.9,259.0,-135.0,-401.0,778.0,336.0,-6.0,323.52967341172484,-148.44062118630478,-530.3108453118815,688.8621646146458,318.1513291787136,6.348073673105036,269.8111833930015,113.84628677368151,0.9636288211914289,-0.6745424059140157
1767170708,378701416,401_1767170708-378701416.png,317409,-302491,67950,-67650,3.038918887867647,-2.8960918351715685,1438.16,253.15,282.0,-253.0,-612.0,779.0,399.0,6.0,313.22204011054316,-164.37048378483766,-495.9244548550106,704.8782635310229,327.08348314503905,5.698100477773627,274.5334365367889,121.9223732948302,0.9570709201651634,-0.7159492211885553
1767170708,412049561,402_1767170708-412049561.png,320885,-305960,68200,-68300,3.072198606004902,-2.9293045343137254,1452.22,252.63,341.0,-326.0,-619.0,783.0,435.0,-12.0,314.0324544219191,-190.64249484743743,-519.8045779708953,720.0714286711701,345.64079879962384,3.6194062094302586,281.1367202997207,102.15715384483325,0.9488898224544945,-0.7159492211885553
1767170708,478746582,403_1767170708-478746582.png,324586,-309659,68200,-68250,3.107632506127451,-2.964719286151961,1482.05,252.14,454.0,-310.0,-899.0,849.0,432.0,-9.0,342.5102459328865,-219.26157694319454,-581.1528649813979,747.0840673412035,366.26515571818436,-1.3585182711917874,278.54733222723,74.76692342758166,0.9418146023864811,-0.7159492211885553
1767170708,545443604,404_1767170708-545443604.png,328876,-313950,68250,-68200,3.1487055759803924,-3.005801930147059,1518.18,253.45,384.0,-97.0,-731.0,876.0,409.0,23.0,353.84980528353714,-218.4615887792376,-602.9010682330168,760.0692062040864,387.343848869479,5.945403387050166,276.9428129792213,93.64073848724352,0.9330177152527585,-0.7159492211885553
1767170708,578792725,405_1767170708-578792725.png,331331,-316341,68600,-68850,3.1722100949754903,-3.0286937040441178,1518.18,253.45,384.0,-97.0,-731.0,876.0,409.0,23.0,356.5785102344122,-207.46886247150056,-614.4944988095533,770.5613749600332,389.3038112300034,7.488907919958623,274.0624970197677,97.20836210250842,0.926968744310807,-0.7159492211885553
1767170708,612140625,406_1767170708-612140625.png,334613,-319621,68000,-67750,3.2036324295343137,-3.0600968903186274,1547.41,253.93,340.0,-206.0,-709.0,875.0,451.0,13.0,362.20977897223514,-193.3119739654533,-615.5508431499844,794.4565581124577,393.5922473532175,8.995051017529434,278.34459185600275,79.17866587638842,0.9207733660879285,-0.7159492211885553
1767170708,678837646,407_1767170708-678837646.png,337134,-322211,68200,-68350,3.2277688419117645,-3.084893918504902,1561.86,253.8,344.0,-367.0,-713.0,829.0,453.0,18.0,358.8468155856839,-214.63362711084818,-632.1756553619484,802.910380992391,403.75088252491435,10.281239240708983,268.8529396653175,51.575650453567384,0.9144325792695316,-0.7159492211885553
1767170708,712186768,408_1767170708-712186768.png,340829,-325837,68200,-68400,3.2631452971813726,-3.1196097579656863,1590.9,252.55,484.0,-509.0,-557.0,862.0,406.0,14.0,385.90236733777635,-269.8531263336981,-628.3495756827554,810.6766110592428,403.7073320612718,9.98912309362721,276.29056304693216,61.52725410461414,0.906303679516228,-0.7159492211885553
1767170708,745534668,409_1767170708-745534668.png,343085,-328090,68600,-68800,3.284744561887255,-3.141180300245098,1605.55,251.48,412.0,-379.0,-543.0,905.0,430.0,21.0,396.3389912689047,-299.4161741352148,-614.7521376554514,823.4378010897324,406.27563238744216,11.315794990116407,269.062173962593,45.72270154952991,0.8996394517834412,-0.76407561817126
1767170708,778883789,410_1767170708-778883789.png,345878,-330879,68050,-67750,3.3114851409313726,-3.1678825827205883,1620.21,249.95,252.0,-244.0,-838.0,889.0,532.0,39.0,380.0353332237336,-297.12976958664643,-637.4021265429178,835.6320831168438,422.49455893094813,15.128026324139363,263.50830864906305,156.50688624382008,0.8928332109855256,-0.7709887996197389
1767170708,845580811,411_1767170708-845580811.png,348102,-332738,45050,-36450,3.3327780330882355,-3.185680912990196,1649.48,245.7,471.0,-275.0,-492.0,947.0,404.0,-7.0,366.91265217313685,-291.1001828024569,-626.3039161584546,841.3649969345619,434.211464847433,17.36120796955185,267.47142183780664,97.4638473987578,0.8858858892288631,-0.7709887996197389
1767170708,878928711,412_1767170708-878928711.png,348141,-332514,-8050,9300,3.333151424632353,-3.183536305147059,1664.11,243.93,384.0,-252.0,-750.0,979.0,460.0,-6.0,379.8404648994702,-284.7689214578257,-626.9394807814913,868.7775172904666,434.1124453397708,12.035044751780555,269.4403802156448,20.538987159728883,0.8752029514111466,-0.7709887996197389
1767170708,912277832,413_1767170708-912277832.png,347446,-331703,-25000,27100,3.3264973958333335,-3.175771675857843,1678.54,242.59,472.0,-255.0,-348.0,901.0,349.0,16.0,390.90433946449184,-280.33317460823264,-597.1731013093928,875.6292117422685,424.71000458500083,12.011460985788691,273.5588281154632,26.61704397201526,0.8679080205532016,-0.7709887996197389
1767170708,978974854,414_1767170708-978974854.png,346057,-330118,-31600,42900,3.313198912377451,-3.1605966605392157,1701.21,241.99,443.0,-319.0,-617.0,931.0,379.0,12.0,403.6122981323238,-290.97069746333784,-566.2249121996338,881.8868491574182,411.301202307288,14.935040079330394,293.8496195673942,62.36979675292957,0.8604760700571719,-0.7709887996197389
1767170709,12322754,415_1767170709-12322754.png,343113,-326964,-57200,59600,3.285012637867647,-3.1303998161764706,1709.52,247.22,511.0,-221.0,-659.0,919.0,404.0,2.0,419.70609437781525,-282.9762772817304,-580.3706747741642,890.0096136230918,414.20163075681734,12.104735873789313,302.6695400476455,88.42901039123522,0.8509950834184353,-0.7709887996197389
1767170709,79019775,416_1767170709-79019775.png,339831,-323748,-68450,68200,3.2535903033088234,-3.099609375,1708.71,253.84,442.0,-270.0,-638.0,932.0,408.0,18.0,429.63565884850635,-276.4918722249625,-593.4885507143748,897.31063575611,412.65120718905865,11.999312584427317,297.3047778606414,143.032651901245,0.8432590665049459,-0.7709887996197389
1767170709,112368652,417_1767170709-112368652.png,338280,-322185,-68100,68450,3.2387408088235294,-3.0846449908088234,1702.74,263.5,350.0,-312.0,-631.0,931.0,438.0,9.0,420.5130126644369,-280.5326505022736,-599.1662928134373,902.2648584081312,415.53540724635394,11.807543749335183,287.96625244617456,156.7137963771819,0.8353898249579251,-0.7709887996197389
1767170709,145716797,418_1767170709-145716797.png,334509,-318427,-68750,68250,3.20263671875,-3.0486653645833335,1674.58,296.98,356.0,-127.0,-584.0,942.0,479.0,-12.0,407.6638203003825,-274.5446917426158,-608.8723191661783,909.4151271710334,422.9608928062898,8.685035307750812,292.6747384667396,167.0349438190459,0.8253679503017934,-0.7709887996197389
1767170709,179065674,419_1767170709-179065674.png,331641,-315491,-68700,68500,3.1751780790441178,-3.0205556832107843,1654.63,320.27,391.0,-65.0,-845.0,981.0,474.0,-20.0,400.27490142088965,-234.20053062238125,-634.3233935935465,921.331897527973,434.892133693818,3.111213564465661,276.74786531925196,169.4165596961974,0.8172036970850194,-0.8228032973703775
1767170709,212413818,420_1767170709-212413818.png,328920,-312843,-68000,67500,3.149126838235294,-2.9952033547794117,1650.37,336.75,423.0,-81.0,-876.0,918.0,459.0,-12.0,402.9749469641668,-215.9982593101285,-663.0378056243892,920.9360235545447,437.75647053052427,1.3157993577369633,289.4842725992202,276.5123276710509,0.8109957354259901,-0.8334996076162329
1767170709,279110596,421_1767170709-279110596.png,325369,-309275,-68100,68800,3.1151290594362746,-2.9610428155637254,1625.94,377.21,475.0,-419.0,-1038.0,881.0,423.0,1.0,417.15930052191027,-247.26582131720986,-742.2097077458264,910.2027289854801,436.0165873807007,-0.878366207535718,270.13964617252344,275.39409589767445,0.8004892986095186,-0.8333805380228564
1767170709,312459473,422_1767170709-312459473.png,323116,-306959,-68600,68450,3.093558517156863,-2.9388691023284315,1597.96,397.24,602.0,-488.0,-749.0,812.0,313.0,9.0,439.12084691981323,-275.86826033432595,-743.016485251086,898.534931822275,421.4005720815745,0.29531577059371084,275.1747766733169,283.0625236034392,0.7919418165118819,-0.8233490700610245
1767170709,345807373,423_1767170709-345807373.png,319707,-303621,-68000,67550,3.0609202665441178,-2.9069106158088234,1542.18,422.18,644.0,-189.0,-839.0,848.0,296.0,-12.0,478.86277398999243,-288.7048426787069,-761.8834305212242,884.7398049220351,405.1562435464871,1.6534713456579802,236.11342185735697,164.1811888217925,0.7810817784816751,-0.8410781589867163
1767170709,412504150,424_1767170709-412504150.png,316839,-300689,-68150,68600,3.0334616268382355,-2.878839231004902,1514.41,434.2,565.0,-237.0,-640.0,813.0,300.0,-15.0,502.26683299967993,-274.61008777373456,-753.5521477238644,873.2861327749259,383.9569919988907,-1.4140572341254734,252.3086240291595,247.14957308769215,0.7722548642066619,-0.8330918206760313
1767170709,445853027,425_1767170709-445853027.png,313772,-297680,-68100,68600,3.004097732843137,-2.850030637254902,1488.38,445.09,530.0,-333.0,-555.0,773.0,253.0,-40.0,507.2825780406335,-280.5160033146749,-726.846937683251,859.7172437492693,366.0947396725437,-6.371224579807261,228.24654996395105,245.72384190559376,0.7633059771537232,-0.8330918206760313
1767170709,479200928,426_1767170709-479200928.png,311298,-295228,-68000,67750,2.980411305147059,-2.8265548406862746,1438.38,465.54,543.0,-278.0,-477.0,745.0,254.0,-44.0,491.84519961965617,-281.7671247281035,-705.9007599664576,837.8825183699053,355.4103294066478,-12.066977165897518,225.82743263244623,245.3779408931731,0.7542365154824312,-0.8330918206760313
1767170709,512549805,427_1767170709-512549805.png,308713,-292560,-68150,68700,2.9556621476715685,-2.8010110294117645,1417.11,471.97,512.0,-104.0,-400.0,772.0,272.0,-51.0,498.3194891306857,-260.34558285101417,-651.3006701614114,822.6473509940131,337.4125250651369,-19.2394208713195,179.91134923696512,85.1812090873717,0.7450479439313853,-0.8330918206760313
1767170709,579246582,428_1767170709-579246582.png,305443,-289355,-68200,68800,2.9243547028186274,-2.7703259037990198,1399.03,477.54,491.0,-163.0,-382.0,716.0,295.0,-44.0,497.8250712736765,-244.49130791654198,-612.4113602464815,808.5870411126434,330.57918536556656,-22.86045321310753,178.82439589500422,85.87559032440173,0.7333970136364522,-0.8330918206760313
1767170709,612594482,429_1767170709-612594482.png,304277,-288196,-67950,67550,2.9131912530637254,-2.7592294730392157,1364.36,485.72,304.0,-156.0,-400.0,646.0,289.0,-15.0,473.39704267735607,-223.3892657106042,-610.9839263229544,790.9743583746315,332.8868314061887,-25.044281932120896,204.71684795618052,211.84990191459644,0.7263193967234574,-0.8330918206760313
1767170709,645943359,430_1767170709-645943359.png,300382,-284304,-68150,68850,2.875899969362745,-2.721966911764706,1364.36,487.39,316.0,-144.0,-608.0,669.0,310.0,-2.0,440.84692573459427,-208.92213595477116,-587.9148798587638,764.9203711653616,326.667565499487,-21.50527489500272,178.01992833614344,80.76201558113085,0.7167822839647474,-0.8330918206760313
1767170709,679291016,431_1767170709-679291016.png,297320,-281029,-68200,68700,2.8465839460784315,-2.6906115962009802,1364.36,488.6,419.0,-178.0,-939.0,720.0,300.0,-12.0,434.82686025586906,-203.467458723683,-630.1793899675614,756.9522826558755,323.0419365619268,-19.840921547331803,209.03024351596827,123.86165428161608,0.7047019855230663,-0.8330918206760313
1767170709,745987793,432_1767170709-745987793.png,294309,-278161,-68500,68350,2.8177562040441178,-2.663152956495098,1324.48,490.21,405.0,-38.0,-744.0,687.0,248.0,-15.0,438.2349287272655,-180.02586739201536,-667.3997944126002,743.2210631740722,312.75339548597435,-18.251847068199094,167.8282309174537,96.61858224868762,0.6949123385139895,-0.8330918206760313
1767170709,779336670,433_1767170709-779336670.png,291175,-275084,-68000,67600,2.7877508425245097,-2.6336933210784315,1303.56,490.13,316.0,15.0,-760.0,706.0,228.0,11.0,421.91699385123,-149.18434164932253,-682.5385898234432,735.7625883233069,299.18667117262964,-14.600726534576898,158.9554498791694,67.8225378990172,0.6825211825940688,-0.8330918206760313
1767170709,812684570,434_1767170709-812684570.png,288703,-272553,-68200,68700,2.764083563112745,-2.6094611672794117,1261.99,489.23,238.0,-288.0,-687.0,613.0,329.0,2.0,396.23495272515896,-149.811539606545,-664.0683702072084,718.7453576933043,291.7549640199518,-10.341523352215445,201.98147642612452,180.8685483932494,0.6724868576598411,-0.8242498253056045
1767170709,879381348,435_1767170709-879381348.png,285427,-269274,-68700,68350,2.732718673406863,-2.578067555147059,1241.26,489.23,68.0,-239.0,-632.0,579.0,368.0,2.0,340.66956611053945,-174.87620425005434,-662.6590862568886,691.07054522118,304.713328015599,-7.5830679507885606,187.31611335277552,51.983595848083375,0.6623462725981191,-0.8200705085309953
1767170709,912730225,436_1767170709-912730225.png,282291,-266200,-68600,68400,2.702694163602941,-2.548636642156863,1220.63,486.55,155.0,-290.0,-761.0,607.0,376.0,-21.0,311.13063363880633,-190.31326719131016,-673.5023701690076,678.0079182358136,314.9189935422461,-8.914330088069391,198.95595628023142,187.32517623901356,0.6495237511606328,-0.8200705085309953
1767170709,946077881,437_1767170709-946077881.png,279492,-263405,-68000,67700,2.6758961397058822,-2.5218769148284315,1181.76,479.67,280.0,-128.0,-463.0,588.0,201.0,-11.0,296.30060332542297,-191.25620033517745,-647.0794677774439,656.4290367373325,307.1249590602269,-8.642071849079487,196.09862881898874,156.46490240097035,0.639150139503529,-0.8200705085309953
1767170710,12774658,438_1767170710-12774658.png,276219,-260121,-68150,68800,2.6445599724264706,-2.490435431985294,1165.69,476.14,214.0,-53.0,-662.0,598.0,251.0,3.0,285.22220721452885,-169.78479071588905,-634.1717650475438,644.0296242494242,291.9930266303858,-7.446884417144529,189.93368506431574,183.56955671310413,0.6260413948278863,-0.8200705085309953
1767170710,46123535,439_1767170710-46123535.png,273419,-257336,-68550,68300,2.617752374387255,-2.4637714460784315,1134.07,467.31,280.0,-114.0,-462.0,556.0,225.0,-10.0,264.4170227175748,-145.9409475655728,-582.001034336759,625.7264294162055,279.3770177049366,-6.169208418216408,202.62073850631708,113.85689020156848,0.6154430123747798,-0.8200705085309953
1767170710,79471436,440_1767170710-79471436.png,271089,-255004,-67950,67700,2.5954446231617645,-2.4414445465686274,1118.58,463.48,262.0,-121.0,-724.0,576.0,256.0,-14.0,265.37260102927644,-140.43031747189767,-589.3022467171033,614.2575350916466,272.26291169481004,-7.405119361792259,195.60444104671473,151.70167064666737,0.6047474245418852,-0.8200705085309953
1767170710,112820313,441_1767170710-112820313.png,267821,-251727,-68200,68800,2.564156326593137,-2.4100700827205883,1103.21,462.65,321.0,-15.0,-265.0,497.0,176.0,-2.0,271.9818797592296,-125.52751876663042,-550.7708039215947,600.3257722023583,260.82559076088125,-6.7629189157575125,180.69568562507624,185.51399612426746,0.5939563623839115,-0.8200705085309953
1767170710,146167969,442_1767170710-146167969.png,265362,-249211,-68700,68400,2.5406135110294117,-2.3859815410539214,1052.48,462.97,239.0,-16.0,-341.0,504.0,179.0,-10.0,287.38073236429625,-103.32847492154488,-488.17462090051333,582.2939130055885,236.84947902029845,-7.0580168975953805,189.98823404312128,63.284127473831056,0.5830714903765396,-0.8200705085309953
1767170710,212864746,443_1767170710-212864746.png,262571,-246473,-68000,67550,2.5138920802696076,-2.3597675398284315,1033.29,464.27,211.0,-40.0,-280.0,476.0,202.0,16.0,276.4856379080624,-90.40876059810262,-457.2196867980268,566.2293265611621,228.93371866057444,-5.213343332805197,187.6979562044143,-60.12386798858655,0.5720945395744782,-0.8200705085309953
1767170710,246213623,444_1767170710-246213623.png,259495,-243345,-68150,68600,2.484442018995098,-2.3298196231617645,999.64,469.16,282.0,32.0,-410.0,503.0,142.0,1.0,267.6375275176833,-51.27177094902243,-427.19597837697484,549.9289792973401,210.48621983474555,-1.7021740669831051,165.15091508626932,21.020869970321534,0.5610273076114632,-0.7579453293860033
1767170710,279561523,445_1767170710-279561523.png,256894,-240808,-68750,68500,2.459539675245098,-2.305530024509804,984.82,471.73,297.0,-98.0,-507.0,439.0,210.0,-19.0,269.40428572488656,-47.78184023299262,-428.6589710002518,543.6896211611269,206.40457936982008,-2.080151830604445,163.57405996322626,33.31912684440601,0.5498713923841485,-0.753242493794756
1767170710,312910156,446_1767170710-312910156.png,254243,-238155,-68000,67600,2.434158624387255,-2.280129825367647,970.3,474.04,326.0,-172.0,-407.0,402.0,180.0,-19.0,279.0177949413012,-67.79829666703658,-434.2876470323208,515.8943363814051,203.64379118009307,-5.861909174669567,170.22358047962183,32.14587187767017,0.5386286913948108,-0.743455650590018
1767170710,379606934,447_1767170710-379606934.png,251095,-235017,-67950,67650,2.404019224877451,-2.2500861672794117,955.86,476.33,232.0,-86.0,-343.0,393.0,170.0,-17.0,273.390364662389,-73.22927597321686,-420.2124136836651,494.8953362821803,198.09533502960588,-7.83990474673693,163.84044080972666,53.705076694488405,0.5244558807056272,-0.7271891651400282
1767170710,412954834,448_1767170710-412954834.png,247958,-231876,-68100,68750,2.3739851409313726,-2.220013786764706,926.99,481.55,142.0,-161.0,-305.0,348.0,191.0,13.0,241.10536953184086,-90.84458073314919,-412.2952510281365,466.3731884763229,195.04930105391693,-4.353545580164762,151.85603016614908,189.54759740829456,0.5130242950159758,-0.7258782443672188
1767170710,446303711,449_1767170710-446303711.png,245360,-229200,-68650,68450,2.349111519607843,-2.194393382352941,912.65,483.39,131.0,-105.0,-525.0,382.0,204.0,1.0,222.36966366560208,-94.77905429683305,-425.9260604386278,450.8885672959605,196.25065866676672,-3.1094680329099793,154.84804165363306,40.790388107299684,0.5015117159396721,-0.7189748494761372
1767170710,479651611,450_1767170710-479651611.png,242215,-226127,-68050,67550,2.3190008425245097,-2.164972043504902,884.48,487.44,163.0,-49.0,-343.0,367.0,146.0,-12.0,205.4501840914919,-92.67695883391978,-455.66059377767886,442.9089671418152,196.06790222383606,-4.220829496903743,151.7314766645431,47.284844398498414,0.4899199078209388,-0.7178143543217196
1767170710,546348145,451_1767170710-546348145.png,239767,-223615,-68050,68700,2.2955633425245097,-2.140921798406863,870.73,489.86,249.0,-164.0,-375.0,318.0,156.0,-9.0,204.80442432192072,-94.4122137555693,-436.18637002161216,423.4014931764347,187.03125439487405,-5.493981865517073,149.6390038132667,55.573572635650514,0.47532155727907405,-0.6965564177779522
1767170710,579697021,452_1767170710-579697021.png,236894,-220817,-68600,68400,2.268056832107843,-2.114133348651961,843.97,491.69,254.0,-60.0,-469.0,313.0,155.0,-2.0,218.5221512613151,-91.70949001516594,-471.7690733430497,398.55404045309393,184.0316425183347,-5.634655912071278,122.92507010698313,-82.31139755249035,0.4606059610702186,-0.729847190433769
1767170710,613044922,453_1767170710-613044922.png,233271,-217114,-68700,68400,2.2333697150735294,-2.078680300245098,830.99,491.44,64.0,36.0,-401.0,321.0,166.0,4.0,203.87726931451232,-73.21601449478123,-463.0708482672288,380.38235331456866,178.84972359939755,-4.1093933030633165,136.82142245769495,43.23060941696155,0.44875146539946253,-0.7183550118057973
1767170710,679741455,454_1767170710-679741455.png,229927,-213773,-68000,67550,2.2013537837009802,-2.0466930912990198,808.48,487.61,265.0,2.0,-400.0,329.0,125.0,-18.0,192.4191214176477,-57.83047241570016,-458.36593203733446,370.6821343673083,173.1800672633765,-5.1676045940726905,137.04845011234278,47.475849390029786,0.4338339017114382,-0.7091242376543403
1767170710,713090332,455_1767170710-713090332.png,227334,-211261,-68150,68800,2.1765280330882355,-2.0226428462009802,799.09,483.33,205.0,-95.0,-376.0,289.0,112.0,3.0,201.28522166862953,-53.43538272543772,-446.8085043277726,361.02738926514706,164.05705576440207,-6.0982783126749425,139.94694906473154,-3.641556978225829,0.4248317514366978,-0.6986061916743885
1767170710,746438232,456_1767170710-746438232.png,224674,-208591,-68700,68500,2.1510608149509802,-1.9970798866421569,789.1,480.32,128.0,-196.0,-148.0,260.0,94.0,9.0,190.85489151242064,-77.49592001914995,-397.63895015148586,340.6875256396005,149.78942393680745,-3.1872700436706625,127.70408016443247,-102.71411228179943,0.4127703281492426,-0.6986061916743885
1767170710,813134766,457_1767170710-813134766.png,220851,-204759,-68700,68500,2.114458869485294,-1.9603917738970589,767.84,473.01,145.0,70.0,-195.0,265.0,85.0,-18.0,180.60585907417027,-70.99736186225518,-387.59378877139295,325.1006614533445,139.16551734977784,-5.700026753329633,134.43763208389277,-94.1640238761903,0.3945565366905135,-0.6986061916743885
1767170710,846483643,458_1767170710-846483643.png,218194,-202110,-68000,67550,2.0890203737745097,-1.9350298713235294,756.1,467.58,106.0,171.0,-224.0,295.0,66.0,-17.0,167.83238447263642,-28.229931073920376,-353.5926004316817,317.55408595883125,125.63159851610406,-7.996117341337358,138.53633844852442,-78.9869363307954,0.38233575650133067,-0.6986061916743885
1767170710,913180176,459_1767170710-913180176.png,214506,-198350,-68150,68750,2.0537109375,-1.8990310968137254,731.4,460.35,157.0,-166.0,-203.0,209.0,102.0,8.0,149.05145002378455,-40.00302130451595,-342.14569814259113,303.9316606445132,116.75852430084186,-5.351867969065217,140.1599498391151,-40.87750005722058,0.36697507609743074,-0.6986061916743885
1767170710,946528076,460_1767170710-946528076.png,211909,-195751,-68700,68350,2.0288468903186274,-1.8741479013480393,718.59,457.76,139.0,-169.0,-174.0,190.0,94.0,19.0,147.9973933472748,-65.46021627089533,-310.27535276868707,282.3030515845007,112.65807742830526,-1.0920069822410485,138.90818065404886,-83.94876742362987,0.35462113785374394,-0.6986061916743885
1767170710,979876953,461_1767170710-979876953.png,208829,-192759,-68700,68250,1.9993585324754901,-1.8455020680147058,692.55,452.81,-42.0,-123.0,-171.0,184.0,152.0,21.0,126.63957731801533,-72.42855610337787,-316.5278867309365,272.82421890213766,121.44066901868709,1.3089589601958362,137.15092426538462,-28.861523628234984,0.3422112066481382,-0.6986061916743885
1767170711,13224854,462_1767170711-13224854.png,206383,-190288,-68100,68850,1.9759401807598038,-1.821844362745098,679.37,448.84,42.0,-164.0,-312.0,207.0,177.0,9.0,102.6437764122304,-83.68080539043305,-300.0193892767124,258.8834713412578,128.2539410928408,3.9764812629591226,132.85960805416101,-20.74144721031201,0.3297472465619175,-0.6986061916743885
1767170711,46573486,463_1767170711-46573486.png,203991,-187912,-68650,68400,1.9530388327205883,-1.7990962009803921,666.45,446.3,84.0,-113.0,-146.0,208.0,124.0,10.0,95.59226452605459,-93.56982753074855,-282.67528837660876,248.700092881566,131.63604702104627,5.092784822896716,133.65550363063807,30.858701705932496,0.31723122167638573,-0.6986061916743885
1767170711,113270264,464_1767170711-113270264.png,202217,-186064,-68100,68800,1.9360543045343137,-1.7814031862745099,653.66,443.28,84.0,-70.0,-159.0,240.0,125.0,0.0,93.58892963127829,-90.63928387216357,-260.95668347820464,246.34618266365638,130.46265372281152,4.478414431736028,130.94325047731394,-73.21867156028759,0.30466506278333316,-0.6515053987081655
1767170711,146617920,465_1767170711-146617920.png,198327,-182162,-68100,68800,1.8988108915441178,-1.7440448835784315,628.49,436.08,102.0,-67.0,-220.0,191.0,115.0,-7.0,87.10787292684934,-79.18615545154782,-252.17841411159824,240.74876193297524,128.64059039557768,3.0615139058095884,128.00682699680323,-24.023064851760985,0.2920508338326048,-0.6379033069778152
1767170711,179966797,466_1767170711-179966797.png,195526,-179441,-68650,68400,1.8719937193627452,-1.7179936427696079,616.13,430.12,142.0,-21.0,-359.0,191.0,110.0,0.0,95.18894887507165,-70.99701133373492,-261.5012712330412,229.62941003840692,124.99771351016017,1.6443572852322519,130.52789896726603,-16.799407958984496,0.27939046561599074,-0.6411976916224551
1767170711,213314453,467_1767170711-213314453.png,192514,-176300,-68700,68350,1.8431564031862746,-1.687921262254902,603.95,426.36,159.0,-39.0,-123.0,154.0,61.0,13.0,105.76478322048355,-64.98905437263693,-243.83759162923792,217.54266194020545,115.24001120167354,3.261328927674975,129.17924040555948,11.68584132194507,0.26350317839604126,-0.6411976916224551
1767170711,246663330,468_1767170711-246663330.png,189930,-173838,-68150,68850,1.8184168198529411,-1.6643497242647058,579.88,419.34,20.0,-54.0,-338.0,199.0,115.0,0.0,100.01135830578055,-56.99730285879343,-240.41553012650706,212.35452633510224,110.23939037849247,4.397994962054787,127.42795842885965,14.051122188567994,0.25393935080264635,-0.6411976916224551
1767170711,313360107,469_1767170711-313360107.png,186922,-170833,-68150,68850,1.789617800245098,-1.6355794270833333,568.13,415.75,84.0,-41.0,-28.0,152.0,76.0,10.0,89.5536450001505,-54.353787989282274,-219.25025709707904,202.17351519193346,105.71506553090038,4.771119106886921,113.75032150745386,-70.14754629135143,0.23794994799964922,-0.6411976916224551
1767170711,346708008,470_1767170711-346708008.png,184253,-168106,-68650,68350,1.7640644148284315,-1.6094707414215685,556.63,410.48,185.0,-117.0,-12.0,168.0,5.0,-5.0,103.51189438374051,-63.51528451981222,-188.94160074892682,197.1759178780951,90.98631029067002,3.342172791955312,122.34970825910563,-14.68488383293164,0.22832786375740885,-0.6411976916224551
1767170711,380056885,471_1767170711-380056885.png,181739,-165584,-68150,68800,1.7399950214460784,-1.5853247549019607,533.97,402.07,63.0,-131.0,-73.0,118.0,32.0,11.0,97.07752868749199,-85.8044935011716,-195.82603754999133,185.47666790137419,80.79250100916104,3.5320535120497194,123.62290740013117,-18.418723344802977,0.21224639880447901,-0.6411976916224551
1767170711,446753906,472_1767170711-446753906.png,177847,-161752,-68150,68800,1.7027324601715685,-1.5486366421568627,522.92,398.44,62.0,-46.0,-110.0,153.0,11.0,13.0,88.49097433328411,-84.56794824418758,-170.8154674323534,173.8825301206938,65.63650998277015,5.6741960102478295,122.76908600330347,-13.934189796447875,0.19611258609137228,-0.6411976916224551
1767170711,480101807,473_1767170711-480101807.png,174572,-158479,-68100,68800,1.6732249540441178,-1.5192344515931373,501.35,390.08,93.0,-25.0,-49.0,184.0,80.0,-36.0,90.16381920062139,-72.71697918020513,-157.02212345746636,180.0010725777748,63.79265230586347,-1.7783191006922587,70.3607649803161,-59.29035258293164,0.18317048872094144,-0.6411976916224551
1767170711,513450684,474_1767170711-513450684.png,171897,-155819,-68700,68400,1.6457663143382353,-1.4918332567401962,490.93,386.27,5.0,3.0,-91.0,132.0,146.0,-10.0,77.85770190637909,-59.14733170880466,-141.71497065541368,173.19054074391644,76.66280940395171,-4.7712269000863925,87.47420829534525,-92.15281152725231,0.16695243689360414,-0.6411976916224551
1767170711,580147461,475_1767170711-580147461.png,169042,-152742,-67900,67700,1.6184321384803921,-1.4623736213235294,470.08,382.26,-61.0,66.0,-266.0,96.0,120.0,23.0,50.5601141425887,-26.060804099176426,-149.919973621972,157.45143652628437,89.24912145240732,0.8804196474637297,101.42484986782068,106.32602047920214,0.15394813806696317,-0.5750009756334886
1767170711,613495361,476_1767170711-613495361.png,167126,-150910,-68700,68350,1.6000880821078431,-1.4448337928921569,459.95,380.5,-90.0,133.0,21.0,66.0,91.0,33.0,24.962699124419174,0.17965713870906708,-138.86985580180877,141.6849897504535,91.90955249294342,6.460706648579633,116.34581387042994,72.00673651695239,0.13765882171333105,-0.5712051561523617
1767170711,646844238,477_1767170711-646844238.png,162827,-146745,-68650,68350,1.5589288449754901,-1.4049574908088236,454.93,375.73,-69.0,109.0,-352.0,151.0,100.0,5.0,8.031424632341697,17.02119243688548,-139.70581095249045,136.52862386506987,89.03360288299532,5.616385098330598,116.03449505567545,65.15720868110644,0.12460271608110962,-0.5942072370067516
1767170711,713541016,478_1767170711-713541016.png,159411,-143251,-68750,68550,1.526223575367647,-1.3715054381127452,444.25,373.54,35.0,9.0,-109.0,90.0,39.0,8.0,4.161453543934394,25.178294350414706,-156.75001069454814,131.19213867595354,82.82900549647964,5.902444496555194,114.91091597080225,66.76061892509448,0.10825515972338881,-0.5656944217545345
1767170711,746888916,479_1767170711-746888916.png,156539,-140456,-67950,67550,1.4987266390931373,-1.3447457107843137,420.83,368.58,8.0,-16.0,-332.0,70.0,57.0,6.0,3.832989226797894,9.843996266525743,-163.94066816126616,120.47543599613216,76.80673869709915,6.202683295323431,111.59329903125757,86.84823989868151,0.09515769187048707,-0.5673253283318042
1767170711,780237793,480_1767170711-780237793.png,153534,-137460,-68150,68850,1.4699563419117647,-1.316061580882353,409.45,365.35,21.0,53.0,-139.0,88.0,15.0,-2.0,5.836956166196651,10.957064952728206,-179.84398948924706,112.08189641891177,69.07267610734844,5.438407875584274,108.82337981462473,87.52270388603198,0.08204519380218322,-0.5489317586403794
1767170711,846934570,481_1767170711-846934570.png,150675,-134597,-68650,68350,1.4425838694852942,-1.2886508118872548,398.19,361.01,-106.0,141.0,-277.0,118.0,69.0,17.0,-9.72492064014742,32.17456093158394,-191.91521400308787,111.68735253016149,66.23284561377159,6.740002257554648,102.29023045301432,166.3438582420348,0.06563659279885076,-0.5489317586403794
1767170711,880282471,482_1767170711-880282471.png,148007,-131919,-68050,67700,1.4170400582107843,-1.2630112591911764,376.52,355.78,-95.0,116.0,-341.0,108.0,66.0,28.0,-32.2548025654214,34.19227997963607,-221.93022287102835,108.92477010619938,68.31795300957788,9.280562848265966,89.69539076089853,169.8942871093749,0.05249785843262041,-0.5489317586403794
1767170711,946979248,483_1767170711-946979248.png,143847,-127759,-68000,67550,1.3772116268382353,-1.2231828278186274,356.36,350.88,67.0,37.0,-200.0,86.0,-3.0,0.0,-26.227701837369814,38.608596291714456,-238.62731736557373,103.03013675722,60.01591651543503,10.791691206858092,75.71578627824778,23.1654849052428,0.03277485774533266,-0.5489317586403794
1767170711,980328125,484_1767170711-980328125.png,140780,-124624,-68100,68800,1.3478477328431373,-1.1931678921568627,348.28,347.96,16.0,-17.0,-379.0,72.0,31.0,-17.0,-11.44984860491781,31.833136762745596,-251.2613141236647,97.56034161886745,49.97087584566872,6.359811690601582,76.13763171434397,23.6783182621001,0.019619289288180578,-0.5489317586403794
1767170712,13676025,485_1767170712-13676025.png,138323,-122238,-68650,68450,1.3243240655637254,-1.1703239889705883,340.44,346.46,18.0,-58.0,-121.0,14.0,25.0,-5.0,-6.413577448950292,17.3980487401786,-235.6062786773086,84.66106615774395,45.814944003975285,4.077752094256539,58.368171989917705,124.29639482498156,0.006460622305518021,-0.5489317586403794
1767170712,47024902,486_1767170712-47024902.png,135849,-119632,-68050,67550,1.300637637867647,-1.1453737745098038,332.77,344.76,-103.0,-59.0,-154.0,28.0,72.0,11.0,-20.53855239470365,6.225458474822107,-223.67202734789518,76.37484829461937,49.64429444607816,5.09007427841489,58.368171989917705,124.29639482498156,0.003170715121138731,-0.5489317586403794
1767170712,80372803,487_1767170712-80372803.png,134013,-117928,-68600,68500,1.283059512867647,-1.1290594362745099,318.46,342.02,2.0,-76.0,-202.0,43.0,80.0,-5.0,-39.31388568588141,-2.741937168583916,-250.5317391615793,74.4327474641194,62.116441737468435,6.038448842090204,44.39908766746516,143.32567906379688,0.003170715121138731,-0.5489317586403794
1767170712,147069336,488_1767170712-147069336.png,130195,-114114,-68700,68400,1.2465054381127452,-1.0925436580882353,305.22,340.34,86.0,-17.0,-194.0,39.0,23.0,-3.0,-20.099490947284814,-12.10586697309923,-238.7338972171138,66.93195673525818,59.34123595914937,3.8088705243713172,21.128947883844322,75.22029161453234,0.003170715121138731,-0.5101042891381093
1767170712,180418213,489_1767170712-180418213.png,127730,-111641,-67900,67600,1.2229051776960784,-1.0688668045343137,299.18,338.38,106.0,63.0,-304.0,76.0,-9.0,3.0,1.161091138494709,-1.2523078450302103,-247.0897414887365,67.51580059917615,48.38113129587242,3.5096361329696912,38.16498360037799,160.96734714508045,0.003170715121138731,-0.5093569673803137
1767170712,213766113,490_1767170712-213766113.png,124667,-108570,-68200,68650,1.1935795802696079,-1.0394646139705883,283.47,335.01,-228.0,144.0,-38.0,6.0,76.0,0.0,-8.545185419088845,15.773373055791637,-215.9147214665027,56.31809439666194,42.5273934329055,4.320010983037092,-3.3413343727589164,173.3041489124297,0.003170715121138731,-0.49951496772473036
1767170712,247115479,491_1767170712-247115479.png,122205,-106061,-68650,68500,1.1700080422794117,-1.0154430912990196,276.79,332.82,-122.0,202.0,-61.0,34.0,66.0,-5.0,-42.52762571896693,46.48378659781987,-182.66884076931893,48.86083446003734,48.268812263023875,3.0096935085978167,-3.2330806255341087,175.79595446586598,0.003170715121138731,-0.481586957096975
1767170712,313814697,492_1767170712-313814697.png,118931,-102783,-68050,67600,1.1386623008578431,-0.9840590533088235,265.26,326.72,26.0,111.0,-1.0,46.0,16.0,4.0,-35.98886805532223,78.12732261796693,-138.72959069914955,51.01364099227817,41.32404910267496,-0.48407067756671834,-3.3438020646572624,131.2420699596404,0.003170715121138731,-0.4773336867561764
1767170712,347163818,493_1767170712-347163818.png,115724,-99640,-67950,67600,1.1079580269607843,-0.9539675245098039,259.8,324.73,-23.0,-29.0,-31.0,-8.0,46.0,5.0,-28.114790355802352,71.98413274930438,-114.0965581114289,45.13091098213361,39.01071529952866,0.49680825050149935,3.6395062506198372,175.5605297088622,0.003170715121138731,-0.49787080659795807
1767170712,380513916,494_1767170712-380513916.png,112933,-96843,-68200,68800,1.0812365962009804,-0.9271886488970589,254.86,322.25,30.0,38.0,-207.0,35.0,41.0,6.0,-19.348360046521154,61.73051752375989,-123.33513122151247,40.86942107676562,39.66732678917361,1.5372220377705426,-5.55693206191068,114.98902106285082,0.003170715121138731,-0.4832247335912604
1767170712,447213135,495_1767170712-447213135.png,109916,-93772,-68750,68500,1.0523514093137254,-0.8977864583333334,245.44,316.92,53.0,90.0,68.0,44.0,-68.0,1.0,-1.1826732407255094,56.610482861800435,-74.58450464696845,39.84005399221966,19.592781262489982,0.8851218850053227,6.627166807651468,204.21285462379444,0.003170715121138731,-0.45739880704555685
1767170712,480562256,496_1767170712-480562256.png,106644,-90567,-67950,67600,1.0210248161764706,-0.8671013327205882,240.89,312.9,25.0,-14.0,-140.0,18.0,-44.0,-4.0,5.48128624341691,48.031290315266006,-76.69064906877182,36.86378217474637,5.709808345569968,0.17672341044984258,10.898936301469751,238.45705485343922,0.003170715121138731,-0.46398768539545093
1767170712,513912354,497_1767170712-513912354.png,103775,-87628,-68200,67700,0.9935566023284313,-0.8389629289215687,232.02,307.35,57.0,13.0,63.0,8.0,-65.0,-6.0,9.567118304165499,38.43505944522687,-45.74868595905237,27.34157005725718,-0.8424232438104768,-0.04057769078372278,16.683271050453136,261.97101593017567,0.003170715121138731,-0.4751195569466479
1767170712,580611572,498_1767170712-580611572.png,100970,-84888,-68150,68700,0.9667011335784313,-0.8127297794117647,227.57,304.48,-88.0,85.0,-158.0,31.0,-13.0,10.0,2.9409088881535794,41.304628814356846,-47.70000853916199,25.751240863847976,-9.003995876287961,0.5284450146212432,17.27590674161906,263.57958459854115,0.003170715121138731,-0.4715606675822387
1767170712,613960693,499_1767170712-613960693.png,97292,-81207,-68750,68500,0.9314874387254902,-0.7774873621323529,220.21,297.29,-61.0,14.0,-15.0,3.0,37.0,21.0,-0.21804230844055517,43.97419189901782,-27.759539035095322,18.069891475534412,-9.853062063559227,3.5941227856194073,-16.353538691997578,262.48800468444813,0.003170715121138731,-0.4715606675822387
1767170712,647310791,500_1767170712-647310791.png,94568,-78476,-68000,67550,0.9084903492647058,-0.7545189950980392,215.62,294.85,23.0,-2.0,-53.0,23.0,25.0,9.0,-3.119856182887475,37.34609654678086,-28.993621388331984,17.275639682326847,-2.8421233089598616,5.516101326388493,-15.418932855129293,265.0766739845275,0.003170715121138731,-0.4715606675822387
1767170712,714010010,501_1767170712-714010010.png,91487,-75408,-68200,68700,0.8759095435049019,-0.7219669117647058,212.66,292.47,-252.0,75.0,-109.0,-54.0,170.0,42.0,-38.14989450212883,40.79399726149327,-41.9499673211431,7.1516710924018705,23.89138624619042,11.033858639668528,-33.65679946541791,251.77338409423817,0.003170715121138731,-0.4715606675822387
1767170712,747359375,502_1767170712-747359375.png,89237,-73017,-68750,68400,0.8543677236519608,-0.6990751378676471,204.72,287.54,-195.0,71.0,-160.0,-64.0,143.0,28.0,-70.94203907350864,42.67343955208138,-65.25317961741459,-5.878256717115358,49.189427631518996,15.912798296232,-24.829800605773976,272.78092408180225,0.003170715121138731,-0.4715606675822387
1767170712,780709473,503_1767170712-780709473.png,86566,-70480,-67950,67600,0.8287951899509803,-0.6747855392156863,201.28,283.67,-34.0,112.0,-151.0,50.0,-19.0,-13.0,-79.21768378921928,49.32863550927276,-78.55756651398087,-7.391643967285991,52.9803543822081,15.16778477233756,-31.948896914720585,275.4376559257506,0.003170715121138731,-0.4715606675822387
1767170712,814058594,504_1767170712-814058594.png,83771,-67610,-68100,68750,0.802035462622549,-0.6473077512254902,197.83,280.3,-90.0,133.0,105.0,-7.0,3.0,-6.0,-77.30061606762112,66.40739826746508,-57.3112758862582,-2.899814737413247,40.109336731734494,9.895692528109734,6.109146326780268,296.4573755264281,0.003170715121138731,-0.4715606675822387
1767170712,847408691,505_1767170712-847408691.png,81110,-65032,-68700,68350,0.7765586703431373,-0.6226256127450981,194.15,278.44,-95.0,119.0,-34.0,-32.0,-14.0,3.0,-79.88900631955312,74.09863645791991,-53.9021922992467,-7.15547901086295,32.19628844316036,8.887253850906546,-33.96461156010633,280.4578058719634,0.003170715121138731,-0.4715606675822387
1767170712,914108154,506_1767170712-914108154.png,77758,-61685,-68650,68400,0.7444661458333334,-0.5905809589460784,186.54,274.92,20.0,121.0,0.0,-30.0,-8.0,-3.0,-53.18396354831451,78.44815919655362,-66.25818416004309,-9.977470531098874,22.048326855068115,5.664655197042499,-54.5007435381413,277.0394899845122,0.003170715121138731,-0.4715606675822387
1767170712,947457275,507_1767170712-947457275.png,74903,-58820,-67900,67700,0.7171319699754902,-0.5631510416666666,182.65,272.65,-70.0,60.0,-7.0,-32.0,38.0,9.0,-55.64317145035054,75.75026668160035,-57.592159014023736,-13.198085486849326,24.381128687498762,6.15242211637656,-57.920509934425404,253.56550669670094,0.003170715121138731,-0.3789051083705997
1767170712,980807617,508_1767170712-980807617.png,72437,-56282,-68650,68450,0.6935221354166666,-0.538851868872549,174.68,269.92,7.0,-15.0,161.0,-21.0,-20.0,5.0,-57.427788122530785,72.1107535825529,-55.379960509246544,-14.12131586328573,25.779483221320213,7.08678291056977,-55.203775972127964,251.24249625205982,0.003170715121138731,-0.33031125777360915
1767170713,14156738,509_1767170713-14156738.png,69162,-53073,-68600,68250,0.6621668198529411,-0.5081284466911765,170.77,269.05,2.0,65.0,58.0,2.0,-31.0,9.0,-43.62159212949707,62.14568793323062,-19.25462603793941,-12.926063892703747,14.240358230687468,7.095619285290754,-17.95208352804189,304.4079403877257,0.003170715121138731,-0.3576052932277615
1767170713,80856201,510_1767170713-80856201.png,66359,-50270,-67950,67750,0.6353304993872549,-0.48129212622549017,163.13,267.47,-21.0,114.0,108.0,12.0,-19.0,0.0,-42.22149921327198,69.9052533173905,-10.717996765099834,-7.3839802456280434,8.606256300779524,5.351652885809487,-36.213393211364796,273.585208415985,0.003170715121138731,-0.34007949907840124
1767170713,114206299,511_1767170713-114206299.png,63226,-47130,-68150,68750,0.6053347120098039,-0.4512293198529412,159.66,266.93,7.0,30.0,114.0,5.0,-23.0,-10.0,-35.4735682147669,71.0585715351655,13.398150992319946,-4.16854483996322,2.7626315375681862,3.383969796079471,-107.55702850222592,-63.62428879737866,0.003170715121138731,-0.3335880887267505
1767170713,147555664,512_1767170713-147555664.png,60765,-44621,-68650,68350,0.5817727481617647,-0.42720779718137253,156.33,266.56,15.0,18.0,82.0,18.0,-40.0,-14.0,-25.86991017332957,61.150913645121825,28.694322375162503,-0.4468577514367704,-4.839011803996326,0.14142733321318418,-17.576344966888477,289.92566394805897,0.003170715121138731,-0.29410918450131956
1767170713,214255127,513_1767170713-214255127.png,56875,-40785,-68600,68300,0.5445293351715687,-0.3904813878676471,150.38,265.82,-133.0,78.0,55.0,-30.0,34.0,-5.0,-56.656449404615834,63.00449634178333,2.735386585098586,-1.3232543853493008,7.229084014683239,-1.2608662564922377,-11.584074705839209,307.0648155212401,0.003170715121138731,-0.3023394249281853
1767170713,247604980,514_1767170713-247604980.png,54422,-38341,-67900,67650,0.5210439644607843,-0.3670821844362745,147.79,264.89,-47.0,100.0,-41.0,-25.0,14.0,2.0,-57.27307950769049,68.81328740877593,-2.27163988281365,-5.547860828938846,8.930704188258519,-0.8833575712993182,-8.401141792535833,307.5156044960021,0.003170715121138731,-0.30501987223649835
1767170713,280952881,515_1767170713-280952881.png,51561,-35401,-68200,68750,0.49365234375,-0.33893420649509803,145.37,264.25,-103.0,163.0,-224.0,59.0,-21.0,-15.0,-63.960267926528026,82.58732438452945,-34.69760047538969,3.8917363000349208,4.553583309343514,-2.9478011582658685,-25.15345788002019,196.62667512893665,0.003170715121138731,-0.30501987223649835
1767170713,314302002,516_1767170713-314302002.png,48951,-32868,-68700,68500,0.46866383272058826,-0.3146829044117647,141.1,263.2,-283.0,25.0,-247.0,-40.0,77.0,42.0,-108.55191834655263,87.21424899415086,-53.515715422228595,-0.8424800344561603,22.508102603721852,1.996111684047814,3.3881263732909646,312.89641427993763,0.003170715121138731,-0.30501987223649835
1767170713,380999023,517_1767170713-380999023.png,46021,-29936,-67900,67600,0.4406115962009804,-0.28661151960784315,139.07,262.16,-59.0,-52.0,-314.0,10.0,-16.0,20.0,-116.57683986160953,65.71210670586842,-99.89523298966782,-2.6770870145123187,22.278590656600134,7.325551342482858,12.984525591134974,319.5424709320067,0.003170715121138731,-0.30501987223649835
1767170713,414346924,518_1767170713-414346924.png,43626,-27473,-68050,68750,0.4176815257352941,-0.26303040747549017,137.16,260.89,-19.0,-27.0,-25.0,-2.0,-39.0,12.0,-100.77693726439402,49.02555493358143,-94.63218707784571,-2.2411787949579693,12.29985553057524,8.345970920352778,14.20934498310084,333.4927132129668,0.003170715121138731,-0.30501987223649835
1767170713,447696045,519_1767170713-447696045.png,40490,-24400,-68700,68450,0.38765701593137253,-0.23360906862745098,133.36,258.69,-139.0,22.0,-243.0,15.0,35.0,4.0,-99.9926162092245,41.87461853308831,-107.20732654270238,0.9077404555063879,14.198978293285933,8.03213519514849,19.597874939441628,322.8809745311736,0.003170715121138731,-0.30501987223649835
1767170713,514393066,520_1767170713-514393066.png,36326,-20240,-68650,68500,0.34779028799019607,-0.19378063725490197,129.56,256.77,23.0,116.0,-23.0,-8.0,-14.0,-4.0,-88.42142573202332,41.56102312621728,-113.65232858049063,2.083048922141142,13.677700318751903,5.625082081418214,24.682619035243935,314.68438148498524,0.003170715121138731,-0.30501987223649835
1767170713,547740967,521_1767170713-547740967.png,33519,-17368,-67950,67600,0.32091567095588236,-0.16628370098039216,127.62,255.92,-53.0,175.0,-23.0,5.0,-90.0,9.0,-74.63198806131788,66.82715581965553,-93.390615476825,1.7305291757102745,-3.622924771688088,5.3749225598488755,-21.978902131319096,374.8182837963103,0.003170715121138731,-0.30501987223649835
1767170713,614437988,522_1767170713-614437988.png,31686,-15528,-68650,68450,0.3033662683823529,-0.14866727941176472,123.99,254.26,70.0,-2.0,-96.0,21.0,-31.0,-6.0,-67.91517410835073,76.32784525031997,-100.7843603368074,7.32764896338986,-13.596658346812399,6.951392892317129,-0.1588560342789207,258.94731950759876,0.003170715121138731,-0.30501987223649835
1767170713,647787109,523_1767170713-647787109.png,27178,-11090,-68200,68750,0.26415058210784315,-0.1094515931372549,123.05,254.2,91.0,121.0,-421.0,94.0,15.0,-2.0,-34.59465582368368,73.43482342718691,-138.32935258425385,19.056933826140167,-12.021066363907591,4.531878954581135,-136.99893066287046,-334.98477935791027,0.003170715121138731,-0.19394765581406043
1767170713,681135254,524_1767170713-681135254.png,24652,-8575,-68000,67750,0.2360217524509804,-0.08209826899509803,123.05,254.39,-170.0,248.0,-541.0,80.0,87.0,6.0,-51.05894057990275,100.22758413860873,-204.72853143911001,29.960948655601307,3.1780320594998894,4.572996939266791,-66.73770296573643,-168.45794439315807,0.003170715121138731,-0.181117206531775
1767170713,714484131,525_1767170713-714484131.png,22329,-6169,-68200,68700,0.21378102022058823,-0.05906288296568627,120.9,254.41,-256.0,49.0,-149.0,-20.0,92.0,19.0,-81.0298956397096,92.73596861566216,-196.5786891574476,22.65456822046872,16.167518973449546,6.682828232246478,3.934070736169764,244.0043671131133,0.003170715121138731,-0.19134156058770538
1767170713,781181152,526_1767170713-781181152.png,18652,-2602,-68250,68650,0.17857689950980393,-0.024911917892156864,116.27,255.88,36.0,-84.0,-302.0,14.0,-21.0,-9.0,-61.16468378563916,52.064979767956864,-213.0471383865692,18.934934178357718,12.084564176893409,4.054377835337273,33.25122457742686,305.26868081092823,0.003170715121138731,-0.16575971257710762
1767170713,814529297,527_1767170713-814529297.png,15709,-1222,-68550,28400,0.15040019914215685,-0.011699601715686275,111.33,258.02,-6.0,-23.0,-87.0,22.0,-6.0,-3.0,-40.5795105003187,39.800959658245134,-197.7818403957416,18.756179219802817,10.23446078425271,0.7099177920115811,51.640334725379894,242.3735885620116,0.003170715121138731,-0.15732245406424
1767170713,847878174,528_1767170713-847878174.png,13254,-1223,-67950,-300,0.12689568014705882,-0.011709175857843137,108.91,258.93,-110.0,72.0,-26.0,22.0,14.0,9.0,-43.12565056109159,35.92880114668021,-170.26382302148457,19.400285388385296,8.820955129487325,1.0593062241612077,-23.207098364830067,187.96868968009937,0.003170715121138731,-0.14574118717426252
1767170713,914575195,529_1767170713-914575195.png,9706,-1216,-68200,150,0.0929266237745098,-0.011642156862745098,106.16,258.86,-176.0,161.0,-26.0,47.0,37.0,13.0,-66.0564523676101,56.1067668711914,-141.6182150770835,23.57254091962448,13.21288924992212,3.2210097937884536,-30.973898857832005,324.08689951896656,0.003170715121138731,-0.1696143598061854
1767170713,947923340,530_1767170713-947923340.png,6967,-1210,-68700,100,0.06670304840686274,-0.011584712009803922,97.83,254.91,-60.0,128.0,112.0,-8.0,-5.0,17.0,-67.05033002421538,67.63658874342924,-73.68698634131421,16.891531176445756,7.125434087493479,5.819742338538566,55.664231061935375,312.25805926322926,0.003170715121138731,-0.1503499955887155
1767170714,81317383,531_1767170714-81317383.png,1224,-1202,-3800,0,0.01171875,-0.01150811887254902,68.96,222.08,-125.0,72.0,-135.0,-24.0,55.0,17.0,-91.85408422825633,40.21471300670644,-26.12312519498244,-5.6773519209660135,20.377526520575326,12.518715336100469,-6.598233103752187,236.40729761123646,0.003170715121138731,-0.1317097071648741
1767170714,114666260,532_1767170714-114666260.png,1199,-1202,-550,0,0.011479396446078432,-0.01150811887254902,59.43,211.31,-97.0,51.0,36.0,-20.0,19.0,8.0,-92.60663235488789,41.79197308674007,-17.038125836327865,-7.771922150713061,20.176074524773814,11.857890147387474,-9.34367021918302,236.17258930206287,0.003170715121138731,-0.1317097071648741
1767170714,148014404,533_1767170714-148014404.png,1199,-1202,50,0,0.011479396446078432,-0.01150811887254902,34.25,191.88,-237.0,123.0,-322.0,15.0,64.0,9.0,-105.49082555941798,53.93586295169473,-60.02081790769196,0.45630813621488087,22.974913658894042,8.682106227820643,-42.9401265084744,201.77635884284962,0.003170715121138731,-0.1317097071648741
1767170714,214711426,534_1767170714-214711426.png,1201,-1202,0,0,0.011498544730392158,-0.01150811887254902,26.57,183.65,-151.0,90.0,-103.0,6.0,25.0,0.0,-122.30766013806242,64.5464164048945,-86.54885687567557,2.3907940448262037,26.441004477061526,7.4369822563960515,-12.13449987769132,249.9970233440398,0.003170715121138731,-0.1317097071648741
1767170714,248060303,535_1767170714-248060303.png,1202,-1201,50,0,0.01150811887254902,-0.011498544730392158,22.19,174.27,-80.0,-43.0,-112.0,-34.0,21.0,-12.0,-116.12051060213538,48.81863192854335,-90.2708785581937,-2.9310621805408914,25.64530203888906,4.594482450095243,-2.5004358887672935,246.26003146171558,0.003170715121138731,-0.1317097071648741
1767170714,314757080,536_1767170714-314757080.png,1202,-1201,0,0,0.01150811887254902,-0.011498544730392158,21.1,165.49,-82.0,35.0,-116.0,16.0,-3.0,-4.0,-113.53372973660764,55.62817160385532,-85.62367391843158,4.4070539615101785,14.806998478963372,-3.726304181575987,-14.700834512710623,286.57655692100514,0.003170715121138731,-0.1317097071648741
1767170714,348104980,537_1767170714-348104980.png,1202,-1202,0,0,0.01150811887254902,-0.01150811887254902,21.39,164.82,-56.0,5.0,-198.0,41.0,15.0,0.0,-103.39647431001994,47.453165336427055,-102.15578662568394,9.968529002795638,12.965594718190001,-3.312224488031722,-23.499130219221165,262.1836576461791,0.003170715121138731,-0.1317097071648741
1767170714,381453613,538_1767170714-381453613.png,1202,-1202,0,0,0.01150811887254902,-0.01150811887254902,21.68,164.28,-78.0,14.0,-371.0,54.0,21.0,-10.0,-98.42290043555064,41.43273319284432,-144.01908686630296,17.232423803935763,14.194624538395681,-4.202235630581293,-24.026761710643818,262.16703605651844,0.003170715121138731,-0.1317097071648741
1767170714,448150391,539_1767170714-448150391.png,1202,-1202,0,0,0.01150811887254902,-0.01150811887254902,22.01,163.83,-42.0,-69.0,-26.0,-28.0,-30.0,5.0,-83.94972146216753,24.996296053521636,-116.17755588441533,8.98460876146463,6.045761740060299,-2.6774684027560207,-2.7768173813820396,287.7917957305907,0.003170715121138731,-0.1317097071648741
1767170714,481498291,540_1767170714-481498291.png,1202,-1202,0,0,0.01150811887254902,-0.01150811887254902,22.11,163.89,-86.0,-110.0,-299.0,23.0,10.0,14.0,-82.05465557989818,0.33609656324301884,-138.195554716579,9.099128523051489,4.738042659365775,0.16317721010652908,-12.127356559038214,266.4230227470397,0.003170715121138731,-0.06675250855919627
1767170714,548194824,541_1767170714-548194824.png,1202,-1202,0,0,0.01150811887254902,-0.01150811887254902,22.4,163.79,-200.0,160.0,-128.0,46.0,36.0,11.0,-94.77243271705146,18.489793386431536,-126.52081228582,17.207795036425324,8.22840595861414,1.1719759080112617,25.37617033720011,161.96693515777577,0.003170715121138731,-0.10599215718438126
1767170714,581543701,542_1767170714-581543701.png,1202,-1202,0,0,0.01150811887254902,-0.01150811887254902,22.51,163.71,-132.0,149.0,-287.0,40.0,12.0,4.0,-103.01305116321974,41.33643571759579,-150.02889094210894,21.306112936196723,9.517992528417231,1.8467281057685554,-14.290808022022299,165.96972918510426,0.003170715121138731,-0.10890906017305534
1767170714,614891602,543_1767170714-614891602.png,1202,-1202,0,0,0.01150811887254902,-0.01150811887254902,22.67,163.05,-74.0,43.0,-108.0,4.0,-6.0,-4.0,-103.8415164003554,43.45139271821544,-145.5272892554241,11.829445042495152,13.712488456222419,2.8822494597008324,-22.372304171323826,273.47731137275684,0.003170715121138731,-0.10890906017305534
1767170714,648240234,544_1767170714-648240234.png,1202,-1202,0,0,0.01150811887254902,-0.01150811887254902,22.86,162.9,-207.0,94.0,-181.0,-15.0,88.0,17.0,-113.71824245285009,49.421244219561494,-146.74909498352162,8.01734475321837,20.966753822296404,4.010762950386244,-22.61907336115842,273.4668512344359,0.003170715121138731,-0.10890906017305534
1767170714,714937012,545_1767170714-714937012.png,1202,-1202,0,0,0.01150811887254902,-0.01150811887254902,22.84,162.73,-170.0,125.0,-126.0,3.0,46.0,9.0,-124.42792420154181,61.65868662146077,-144.62491692044776,6.671920068596544,26.409049861233683,5.085583164899703,-25.19560346007352,180.97028398513783,0.003170715121138731,-0.10890906017305534
1767170714,748284668,546_1767170714-748284668.png,1202,-1202,0,0,0.01150811887254902,-0.01150811887254902,23.02,162.69,-37.0,24.0,-308.0,25.0,64.0,-18.0,-110.11918258289853,58.001513024224785,-174.00710510524294,9.14955215620702,34.30203583007431,1.4296140415915566,-10.986178934574179,269.4878432750701,0.003170715121138731,-0.10890906017305534
1767170714,781633545,547_1767170714-781633545.png,1202,-1202,0,0,0.01150811887254902,-0.01150811887254902,23.25,162.7,-77.0,61.0,-295.0,24.0,52.0,-4.0,-100.14737173348087,59.07607617327533,-186.44512390189058,11.439276592581557,35.94631429435336,-0.195737672667976,-36.049161821603825,266.36284112930286,0.003170715121138731,-0.10890906017305534
1767170714,848330078,548_1767170714-848330078.png,1202,-1202,0,0,0.01150811887254902,-0.01150811887254902,23.32,162.51,-61.0,80.0,28.0,-17.0,5.0,-11.0,-85.89049229737833,66.1484436477724,-137.38041408267657,7.845404882912662,27.3161017180429,-2.233015363754951,-11.627129435539297,270.8824806213378,0.003170715121138731,-0.10890906017305534
1767170714,881677979,549_1767170714-881677979.png,1202,-1202,0,0,0.01150811887254902,-0.01150811887254902,23.4,162.9,-38.0,93.0,-178.0,2.0,15.0,-5.0,-77.5845734843115,70.80000843515523,-134.66762691017416,5.69059556423362,24.347344613999788,-3.0963723122209945,-1.7179827392101799,263.26749992370594,0.003170715121138731,-0.10890906017305534
1767170714,915026611,550_1767170714-915026611.png,1202,-1202,0,0,0.01150811887254902,-0.01150811887254902,23.59,163.47,-145.0,0.0,-214.0,51.0,123.0,-34.0,-82.85903245873641,57.714458083548045,-142.70998019198245,12.10391149920198,40.40432530715825,-7.728580930409293,-13.877989143133215,264.0896954536437,0.003170715121138731,-0.10890906017305534
1767170714,981723145,551_1767170714-981723145.png,1202,-1202,0,0,0.01150811887254902,-0.01150811887254902,23.73,163.61,-51.0,109.0,-178.0,19.0,3.0,-15.0,-85.57971098231224,57.76534978131296,-154.3667399659143,16.995553184479984,44.607690323246146,-11.343055007917766,6.913873642682978,185.4561071395873,0.003170715121138731,-0.08867394767019965
1767170715,15071045,552_1767170715-15071045.png,1202,-1202,0,0,0.01150811887254902,-0.01150811887254902,23.67,163.74,-8.0,-22.0,-33.0,-22.0,37.0,-3.0,-62.97770114147536,49.775906604803275,-123.82915631984801,10.090277639875517,40.33155148036857,-11.16641400950658,-34.302750289440205,245.5715250968932,0.003170715121138731,-0.06929479227176626
1767170715,81767578,553_1767170715-81767578.png,1202,-1202,0,0,0.01150811887254902,-0.01150811887254902,23.63,163.58,-86.0,-99.0,-103.0,-33.0,90.0,-5.0,-64.88350831615693,26.11122298964601,-118.36930490479887,2.935887207050856,47.50662118181558,-10.04760635782393,-8.016116917133383,230.27622365951527,0.003170715121138731,-0.08819548842600682
1767170715,115116211,554_1767170715-115116211.png,1202,-1202,0,0,0.01150811887254902,-0.01150811887254902,23.59,163.77,-86.0,-77.0,29.0,-62.0,42.0,-13.0,-67.97162265043457,11.032049303665973,-96.81774843781022,-6.560455608577023,46.70132283682522,-10.479369799561272,-8.016116917133383,230.27622365951527,0.003170715121138731,-0.11030925321563105
1767170715,148464111,555_1767170715-148464111.png,1202,-1202,0,0,0.01150811887254902,-0.01150811887254902,23.68,163.63,-37.0,82.0,-14.0,8.0,-1.0,-10.0,-59.05405550590975,24.766002330635416,-76.44505374308753,-4.503103961195151,36.57161989537068,-10.90425138580885,-37.61270439624791,298.72650909423817,0.003170715121138731,-0.09874712498325214
1767170715,181812744,556_1767170715-181812744.png,1202,-1202,0,0,0.01150811887254902,-0.01150811887254902,23.65,163.48,-45.0,145.0,-223.0,72.0,35.0,-18.0,-55.844847702172174,45.34385143223908,-94.61025336023413,7.339039870362278,34.37595294044644,-11.894634194854783,-37.65368106961255,298.65529417991627,0.003170715121138731,-0.08461346393991004
1767170715,215160645,557_1767170715-215160645.png,1202,-1202,0,0,0.01150811887254902,-0.01150811887254902,23.68,163.3,-65.0,141.0,-137.0,24.0,34.0,-11.0,-58.27714811233715,51.389769775570464,-86.35002440109562,9.368190349035187,35.586190238640235,-12.306785811374963,-27.25385332107549,272.72719049453724,0.003170715121138731,-0.08349567134703033
1767170715,281858154,558_1767170715-281858154.png,1202,-1202,0,0,0.01150811887254902,-0.01150811887254902,23.78,163.42,-117.0,153.0,-272.0,30.0,21.0,8.0,-67.54683716884627,75.33930781375466,-118.63764253610503,13.86964372977277,33.29217933796714,-9.20452675405884,30.370518982410378,284.13762521743763,0.003170715121138731,-0.08731942056582497
1767170715,315207764,559_1767170715-315207764.png,1202,-1202,0,0,0.01150811887254902,-0.01150811887254902,23.88,163.28,-93.0,75.0,-113.0,-5.0,-29.0,5.0,-71.26915421698212,75.28968681898544,-117.81318338882159,11.110112546417687,24.182457192495683,-7.127230802743125,25.905944824218697,281.8146147727965,0.003170715121138731,-0.059191951262361264
1767170715,348556152,560_1767170715-348556152.png,1202,-1202,0,0,0.01150811887254902,-0.01150811887254902,24.07,163.3,-105.0,-39.0,-408.0,71.0,65.0,2.0,-77.55504895301519,58.77344014146054,-159.50943379167015,16.412676755281524,28.16896978065618,-5.864008785101197,49.57149976491923,230.16015911102284,0.003170715121138731,-0.08323608022645018
1767170715,381905762,561_1767170715-381905762.png,1202,-1202,0,0,0.01150811887254902,-0.01150811887254902,24.06,163.09,-45.0,8.0,-139.0,61.0,27.0,-3.0,-75.87582719686787,44.94337896287468,-176.88992874177066,26.063622651332714,30.96737998961022,-4.896566256725755,-28.594913989305546,225.55296969413746,0.003170715121138731,-0.11744533117738724
1767170715,448603760,562_1767170715-448603760.png,1202,-1202,0,0,0.01150811887254902,-0.01150811887254902,23.96,162.55,48.0,22.0,-340.0,33.0,37.0,-4.0,-47.04859714915183,39.94205248873089,-214.85530958261867,30.146133296313106,31.59543431597193,-4.758958922876416,-6.581089138984731,241.42644453048695,0.003170715121138731,-0.11050950723768982
1767170715,481952393,563_1767170715-481952393.png,1202,-1202,0,0,0.01150811887254902,-0.01150811887254902,23.89,162.36,-13.0,-79.0,-339.0,21.0,80.0,-6.0,-41.27628028307324,28.66942047926971,-229.6336682493582,29.399166108811382,36.129229180581795,-4.849791906938523,-34.089165061712315,242.01077938079823,0.003170715121138731,-0.11050950723768982
1767170715,515302002,564_1767170715-515302002.png,1202,-1202,0,0,0.01150811887254902,-0.01150811887254902,23.92,162.32,-92.0,-18.0,-173.0,44.0,60.0,-27.0,-47.21473212435194,16.210896529052654,-227.0737458743557,31.09495576174407,41.91555024990106,-8.149260253625064,-34.089165061712315,242.01077938079823,0.003170715121138731,-0.11050950723768982
1767170715,548650391,565_1767170715-548650391.png,1202,-1202,0,0,0.01150811887254902,-0.01150811887254902,23.95,162.38,-22.0,-100.0,-240.0,49.0,70.0,-34.0,-43.527283618511376,-0.7839973550108175,-228.9641049004462,33.713422152652164,46.022671505745784,-11.92971967641552,-33.879800885915806,256.43573999404896,0.003170715121138731,-0.11050950723768982
