sec,nanosec,image,motor position #0,motor position #1,motor velocity #0,motor velocity #1,wire length #0,wire length #1,loadcell #0,loadcell #1,fx,fy,fz,tx,ty,tz,fx_kalman,fy_kalman,fz_kalman,tx_kalman,ty_kalman,tz_kalman,fx_estimated,fy_estimated,theta_desired,theta_actual,translation(m)(x),translation(m)(y),translation(m)(z),Rotation(rad)(x),Rotation(rad)(y),Rotation(rad)(z),Rotation(deg)(x),Rotation(deg)(y),Rotation(deg)(z)
1767171669,901976318,1_1767171669-901976318.png,1202,-1202,0,0,0.011508118872549,-0.011508118872549,55.14,160.21,112,83,-29,163,11,-26,90.4011584101822,-18.609812029258,230.94689128323,127.604051530227,26.3941659878911,1.04730289027107,83.102237522602,196.022709608078,0.00317071512113873,-0.0521122984867955,,,,,,,,,
1767171669,935324951,2_1767171669-935324951.png,1202,-1202,0,0,0.011508118872549,-0.011508118872549,55.14,160.21,112,83,-29,163,11,-26,91.0734597034197,-15.4470309259839,222.855594791424,128.705811633084,25.9149959518994,0.20540881756825,28.0275104641914,287.817014694214,0.00317071512113873,-0.0294524243752112,,,,,,,,,
1767171670,2020996,3_1767171670-2020996.png,1202,-1202,0,0,0.011508118872549,-0.011508118872549,55.25,160.3,50,-59,152,154,61,-5,85.6229184132408,-19.2000964589784,205.800556386738,133.316237713403,30.6495295272541,-1.25224054381431,128.868051469326,241.613294124603,0.00317071512113873,-0.0387230800888297,,,,,,,,,
1767171670,35368408,4_1767171670-35368408.png,1202,-1202,0,0,0.011508118872549,-0.011508118872549,55.29,160.24,150,40,89,179,80,9,91.5162407412283,-12.2694141450568,185.24774040226,142.311584670667,38.748916911688,0.513833393231842,102.001640379429,212.861096382141,0.00317071512113873,-0.0407366692425983,,,,,,,,,
1767171670,102064453,5_1767171670-102064453.png,1202,-1202,0,0,0.011508118872549,-0.011508118872549,55.15,160.1,191,-23,258,202,14,-16,113.47335537666,-4.56002088042791,185.424107158599,153.287985270488,34.5421793817112,-0.98801384815795,84.0063219070434,194.251507282257,0.00317071512113873,-0.0407366692425983,,,,,,,,,
1767171670,135413086,6_1767171670-135413086.png,1202,-1202,0,0,0.011508118872549,-0.011508118872549,55.19,159.8,213,-99,407,150,-21,-34,125.49578160892,-9.62234854530628,200.67562101138,158.79312940735,30.4486180059934,-3.74367526307047,92.4119299054145,189.712380409241,0.00317071512113873,-0.0407366692425983,,,,,,,,,
1767171670,168760742,7_1767171670-168760742.png,1202,-1202,0,0,0.011508118872549,-0.011508118872549,55.04,159.54,173,-55,167,131,44,-17,141.319128210436,-25.3247392004249,216.679945393606,153.836654916403,27.2115578491836,-8.75144202426745,46.5943593680858,217.079111337662,0.00317071512113873,-0.0407366692425983,,,,,,,,,
1767171670,235456787,8_1767171670-235456787.png,1202,-1202,0,0,0.011508118872549,-0.011508118872549,54.86,159.23,51,-177,216,72,82,11,135.602868703051,-45.9697096073539,216.956771060619,140.469706471463,37.266895680592,-7.57510499817223,37.9206821024417,208.55008649826,0.00317071512113873,-0.0407366692425983,,,,,,,,,
1767171670,268805176,9_1767171670-268805176.png,1202,-1202,0,0,0.011508118872549,-0.011508118872549,54.98,159.27,77,-279,67,110,64,11,123.335191631395,-77.8452893332787,203.306370087182,132.076151173035,43.3684483466926,-4.36501986482017,76.5284361839294,182.430118083954,0.00317071512113873,-0.0407366692425983,,,,,,,,,
1767171670,302152832,10_1767171670-302152832.png,1202,-1202,0,0,0.011508118872549,-0.011508118872549,54.95,159.18,76,-190,233,103,61,14,113.988446824682,-104.771859285415,200.516969534005,126.668928551771,47.0264071719167,-0.875353918605136,76.5284361839294,182.430118083954,0.00317071512113873,-0.0407366692425983,,,,,,,,,
1767171670,335501465,11_1767171670-335501465.png,1202,-1202,0,0,0.011508118872549,-0.011508118872549,55.11,159.29,92,10,169,164,96,1,112.642479996962,-89.6699445290975,197.965378003062,130.649550580226,58.5354347106235,1.00709797287529,134.890778243542,139.866525650024,0.00317071512113873,-0.0407366692425983,,,,,,,,,
1767171670,402197510,12_1767171670-402197510.png,1202,-1202,0,0,0.011508118872549,-0.011508118872549,55.23,159.25,188,18,295,152,47,0,119.949709222618,-68.9285704279354,207.184380048636,135.845990211104,60.1526951356116,0.886875200794262,40.4716261327266,249.76073884964,0.00317071512113873,-0.0407366692425983,,,,,,,,,
1767171670,435544922,13_1767171670-435544922.png,1202,-1202,0,0,0.011508118872549,-0.011508118872549,55.3,159.17,191,15,281,133,29,-3,132.14864961461,-54.3446022771232,220.312984914789,135.859075356456,55.2473391473215,0.294883026256495,81.6025302410125,221.810246229172,0.00317071512113873,-0.0407366692425983,,,,,,,,,
1767171670,468893555,14_1767171670-468893555.png,1202,-1202,0,0,0.011508118872549,-0.011508118872549,55.24,159.02,48,66,351,138,38,10,130.403214439376,-27.9774612669711,228.141838559346,135.597788720365,53.0581528768081,-0.386339408266076,72.6277945637702,137.312962293625,0.00317071512113873,-0.0613943233172844,,,,,,,,,
1767171670,502240967,15_1767171670-502240967.png,1202,-1202,0,0,0.011508118872549,-0.011508118872549,55.27,159.24,59,2,300,143,41,4,117.158118093309,-17.5288412415828,244.758069317813,136.465449158934,50.7273663714349,0.8655693420104,91.213930428028,275.77238035202,0.00317071512113873,-0.0422184438512049,,,,,,,,,
1767171670,535589600,16_1767171670-535589600.png,1202,-1202,0,0,0.011508118872549,-0.011508118872549,55.41,158.92,18,20,259,168,11,-8,99.6140921092394,-11.018762676323,249.731215484485,141.419021680071,44.4086063528205,-0.266947364351701,30.5177362859249,206.598625898361,0.00317071512113873,-0.0570760913095846,,,,,,,,,
1767171670,568937256,17_1767171670-568937256.png,1202,-1202,0,0,0.011508118872549,-0.011508118872549,55.35,158.93,-130,95,-19,217,21,-14,66.034907658954,4.4856149269715,210.431471425179,152.472122073972,40.9852889805073,-2.27529407897113,28.4781889319419,227.689846992493,0.00317071512113873,-0.050962001886797,,,,,,,,,
1767171670,635633301,18_1767171670-635633301.png,1202,-1202,0,0,0.011508118872549,-0.011508118872549,55.21,158.96,73,-9,95,157,44,15,45.5740503632063,13.1903657915147,187.628498357496,158.069546557309,37.6823479142854,0.660013848954359,59.506687104702,277.333950042724,0.00317071512113873,-0.050962001886797,,,,,,,,,
1767171670,668981934,19_1767171670-668981934.png,1202,-1202,0,0,0.011508118872549,-0.011508118872549,55.16,159.3,20,-24,-188,227,56,-11,41.8340545014608,7.75157873269285,132.695900295835,168.150062039315,40.3611548308475,-1.04516788501626,43.8970422446727,199.201731920242,0.00317071512113873,-0.050962001886797,,,,,,,,,
1767171670,702329590,20_1767171670-702329590.png,1202,-1202,0,0,0.011508118872549,-0.011508118872549,55.24,159.49,123,-37,188,166,-30,-17,50.0515896010987,4.26846025315724,119.724684891745,172.879328503593,30.1852415897615,-2.38552858166298,43.8695729374885,199.381990194321,0.00317071512113873,-0.050962001886797,,,,,,,,,
1767171670,769025635,21_1767171670-769025635.png,1202,-1202,0,0,0.011508118872549,-0.011508118872549,55.27,159.59,161,-82,-44,151,-4,-1,70.8712058317366,-10.3020600156594,107.420207149145,169.559528395817,19.8223784614446,-3.75099696648338,76.001648902893,249.814615726471,0.00317071512113873,-0.050962001886797,,,,,,,,,
1767171670,802374268,22_1767171670-802374268.png,1202,-1202,0,0,0.011508118872549,-0.011508118872549,55.23,159.72,185,-119,-65,166,53,-5,89.9567548773431,-28.1035966101679,78.1812144633708,168.545762569316,24.0412619198775,-3.86054653511828,115.255094051361,209.276421308517,0.00317071512113873,-0.050962001886797,,,,,,,,,
1767171670,835721924,23_1767171670-835721924.png,1202,-1202,0,0,0.011508118872549,-0.011508118872549,55.13,159.82,150,-40,-147,207,97,8,98.7375887732356,-29.8433483825989,45.2503021411103,174.169380526378,34.71088110896,-2.12603853464915,115.360425531864,208.942986488342,0.00317071512113873,-0.050962001886797,,,,,,,,,
1767171670,869070557,24_1767171670-869070557.png,1202,-1202,0,0,0.011508118872549,-0.011508118872549,55.1,159.59,58,-138,-96,149,103,-6,86.4401717648009,-54.0174548798093,15.6745257066115,171.203897136552,52.2352992196825,-2.19386975433761,79.3195255994796,207.893533706665,0.00317071512113873,-0.050962001886797,,,,,,,,,
1767171670,902417969,25_1767171670-902417969.png,1202,-1202,0,0,0.011508118872549,-0.011508118872549,55.14,159.55,116,-20,-69,144,76,-8,88.4164155084442,-54.5110490040874,-0.41671698676709,166.772629899401,57.8003175127031,-3.08925870425974,113.473420500755,215.345450878143,0.00317071512113873,-0.0590461185742401,,,,,,,,,
1767171670,969114258,26_1767171670-969114258.png,1202,-1202,0,0,0.011508118872549,-0.011508118872549,55.17,159.38,199,41,15,190,39,-16,105.321386463536,-39.626217896477,0.0152717468357868,169.564267155965,55.5345758140132,-5.10785057971287,64.8044319748878,283.949486017227,0.00317071512113873,-0.0448403259416456,,,,,,,,,
1767171671,2462891,27_1767171671-2462891.png,1202,-1202,0,0,0.011508118872549,-0.011508118872549,55.02,159.03,169,-144,254,207,-32,-21,118.490150024065,-53.77737335221,24.9949006306169,182.453749912487,41.0239551105687,-8.65990685004394,64.777417242527,284.029011726379,0.00317071512113873,-0.065907604667664,,,,,,,,,
1767171671,35810547,28_1767171671-35810547.png,1201,-1202,0,0,0.0114985447303922,-0.011508118872549,55,159.08,-61,-135,231,126,83,1,94.8839697164473,-70.3761664135873,67.1035169752289,175.482164540408,43.341833517476,-7.89288543070549,29.432406425476,237.267321586609,0.00317071512113873,-0.0696191759449931,,,,,,,,,
1767171671,102506592,29_1767171671-102506592.png,1202,-1202,0,0,0.011508118872549,-0.011508118872549,55.09,159.07,120,-78,244,145,-33,-4,95.4500919790213,-75.8140538924973,103.323235200881,168.217382944582,28.7636953965236,-8.08608748960239,54.7911876440048,255.118765592575,0.00317071512113873,-0.0261110535095825,,,,,,,,,
1767171671,135855225,30_1767171671-135855225.png,1202,-1202,0,0,0.011508118872549,-0.011508118872549,55.29,159.11,46,-223,121,95,58,-7,95.9724458816095,-105.642601643272,134.007582860214,151.030135584714,25.031444558845,-7.61501402621612,127.712782025337,209.868207216263,0.00317071512113873,-0.0339687447740906,,,,,,,,,
1767171671,169202881,31_1767171671-169202881.png,1202,-1202,0,0,0.011508118872549,-0.011508118872549,55.35,159.03,100,-187,328,98,41,-5,90.936916178426,-125.687427002705,150.15901582833,140.176076515319,30.0392508800236,-7.31188690342849,104.524270892143,116.779854059219,0.00317071512113873,-0.0387609548261589,,,,,,,,,
1767171671,202551514,32_1767171671-202551514.png,1202,-1202,0,0,0.011508118872549,-0.011508118872549,55.31,159.03,48,-70,318,146,22,16,86.324871613543,-122.382088648741,179.704743361776,138.590395206678,29.6759954476928,-4.41727387039736,104.496866524219,116.79719209671,0.00317071512113873,-0.0524820618657673,,,,,,,,,
1767171671,269247559,33_1767171671-269247559.png,1202,-1202,0,0,0.011508118872549,-0.011508118872549,55.25,158.85,-56,-27,236,128,64,19,64.4925503456075,-107.041199431951,191.612619451264,137.238544478029,34.4916133286934,-0.450106028001948,86.7579282522201,192.266516923904,0.00317071512113873,-0.030169489866443,,,,,,,,,
1767171671,302595215,34_1767171671-302595215.png,1202,-1202,0,0,0.011508118872549,-0.011508118872549,55.26,158.88,-6,35,401,142,20,22,42.4854510816135,-80.3477965839138,225.378191682603,139.233822767877,35.3757893676342,3.90268794346131,78.5564892888069,255.125786781311,0.00317071512113873,-0.0204127228330372,,,,,,,,,
1767171671,369291504,35_1767171671-369291504.png,1202,-1202,0,0,0.011508118872549,-0.011508118872549,55.18,158.94,26,71,73,170,27,9,46.105048070418,-50.8954177807571,239.544447705579,142.990676562517,30.5984441254188,6.97621371509079,110.050472080707,137.094302415848,0.00317071512113873,-0.0204127228330372,,,,,,,,,
1767171671,402640137,36_1767171671-402640137.png,1202,-1202,0,0,0.011508118872549,-0.011508118872549,55.1,159.14,27,39,100,146,59,2,42.2034121683601,-29.5874900351024,208.918309437921,146.181667604883,32.7800417324597,6.74453882226137,109.885006844997,137.358385086059,0.00317071512113873,-0.0204127228330372,,,,,,,,,
1767171671,469336426,37_1767171671-469336426.png,1202,-1202,0,0,0.011508118872549,-0.011508118872549,55.07,159.54,-14,-61,-26,197,41,8,37.1606825346804,-29.2987369464294,175.455111203909,149.536744981951,35.5627612421918,6.21167923456338,55.6877390742301,233.6943962574,0.00317071512113873,-0.0204127228330372,,,,,,,,,
1767171671,502683838,38_1767171671-502683838.png,1202,-1202,0,0,0.011508118872549,-0.011508118872549,55.07,159.68,3,-39,14,182,75,15,28.2118631604123,-33.1669699430862,136.277527636708,157.951635532507,41.7502612803449,7.63507982117426,111.306137621403,207.991687059402,0.00317071512113873,-0.0204127228330372,,,,,,,,,
1767171671,536032471,39_1767171671-536032471.png,1202,-1202,0,0,0.011508118872549,-0.011508118872549,55.07,159.83,51,47,32,185,99,16,31.5444419372011,-21.4432057533051,121.027791427718,161.907237783175,50.1225676947237,8.85838103503474,88.0728183984756,121.736096858978,0.00317071512113873,-0.0204127228330372,,,,,,,,,
1767171671,569380127,40_1767171671-569380127.png,1202,-1202,0,0,0.011508118872549,-0.011508118872549,55.21,159.93,-106,81,101,98,87,42,5.46857658670089,4.6640685759816,91.3797335874829,157.728884659937,64.5836315495751,15.4391148852096,-6.37666034698491,288.787085056305,0.00317071512113873,-0.0204127228330372,,,,,,,,,
1767171671,636076172,41_1767171671-636076172.png,1202,-1202,0,0,0.011508118872549,-0.011508118872549,54.86,159.84,68,9,121,147,30,18,-3.97179579851834,19.0627688999842,95.3768415801921,148.85284510749,62.4105161854004,18.5785596308527,25.9222445785999,161.257221937179,0.00317071512113873,-0.0204127228330372,,,,,,,,,
1767171671,669424561,42_1767171671-669424561.png,1202,-1202,0,0,0.011508118872549,-0.011508118872549,54.64,159.96,33,-18,84,180,127,11,7.95616118074214,13.6056771992288,96.7077821821575,152.359556676156,66.6913346083992,17.6175521074132,86.6364918351173,239.855131149292,0.00317071512113873,-0.0204127228330372,,,,,,,,,
1767171671,769468018,43_1767171671-769468018.png,1202,-1202,0,0,0.011508118872549,-0.011508118872549,54.81,159.5,-8,-18,124,172,70,-3,-7.8242279655678,-10.4957711189291,93.5391553246193,156.901974301468,88.4258242062548,12.5451106686179,108.113593697548,206.358615875244,0.00317071512113873,-0.00496967052647992,,,,,,,,,
1767171671,802816406,44_1767171671-802816406.png,1202,-1202,0,0,0.011508118872549,-0.011508118872549,54.83,159.55,8,-32,277,157,23,7,-5.52789389258461,-14.401801959869,123.458688200838,158.447821561542,76.9887554615776,10.1573203939347,68.3285557627677,223.362502098083,0.00317071512113873,-0.0332570856224373,,,,,,,,,
1767171671,836163818,45_1767171671-836163818.png,1202,-1202,0,0,0.011508118872549,-0.011508118872549,54.92,159.31,-34,-180,45,104,51,20,-8.88975660963519,-39.6193522671369,141.921624486724,148.188199353326,70.3721220370921,13.4168858743838,76.9959988594055,224.782215118408,0.00317071512113873,-0.0387963608586278,,,,,,,,,
1767171671,902859863,46_1767171671-902859863.png,1202,-1202,0,0,0.011508118872549,-0.011508118872549,55.05,159.36,182,-39,291,109,28,-3,5.67305668451838,-54.7328759104385,144.940391393094,139.866530469182,64.4439294757934,12.6424699401647,87.4271922707557,223.540037870407,0.00317071512113873,-0.0424094300819591,,,,,,,,,
1767171671,936208252,47_1767171671-936208252.png,1202,-1202,0,0,0.011508118872549,-0.011508118872549,55.19,159.25,232,-15,375,153,-17,-13,52.0750231577678,-48.0960042989398,184.258844970138,141.598657699088,49.7044143164218,7.48030775011704,104.898191154003,136.558972597122,0.00317071512113873,-0.0415860595240127,,,,,,,,,
1767171671,969555664,48_1767171671-969555664.png,1202,-1202,0,0,0.011508118872549,-0.011508118872549,55.19,159.26,187,41,169,202,21,-12,70.8857775604486,-45.3116855558602,176.732069074319,148.590018807947,45.5066283094114,4.74658704273739,40.4089597463607,113.347782373428,0.00317071512113873,-0.0440572915502289,,,,,,,,,
1767171672,36251709,49_1767171672-36251709.png,1202,-1202,0,0,0.011508118872549,-0.011508118872549,55.26,159.25,58,147,117,229,30,-3,80.7797191073098,-8.43239832946826,167.212417394616,165.767116966054,40.7530100894791,1.91497361697616,108.679084777832,242.346220254898,0.00317071512113873,-0.0547162725010113,,,,,,,,,
1767171672,69600098,50_1767171672-69600098.png,1202,-1202,0,0,0.011508118872549,-0.011508118872549,55.12,159.04,22,115,130,244,16,-1,72.1836655649981,9.61858117519753,161.770405469057,177.208036751694,37.1330846578163,1.48868254810923,107.599014997482,228.205976009369,0.00317071512113873,-0.0428060947683657,,,,,,,,,
1767171672,102947510,51_1767171672-102947510.png,1202,-1202,0,0,0.011508118872549,-0.011508118872549,54.92,159.2,-9,-71,67,146,66,15,46.5912261259373,-1.44730975651104,152.287413739833,176.914259487387,35.0400869812711,2.2496319575159,107.571480751038,228.288224220276,0.00317071512113873,-0.0362596660966007,,,,,,,,,
1767171672,136296143,52_1767171672-136296143.png,1202,-1202,0,0,0.011508118872549,-0.011508118872549,54.86,159.14,-43,8,114,148,39,9,29.1938022063959,-5.43993572932186,140.098179304235,170.297093204502,38.0114116030061,4.22201732090591,61.2791392803192,208.874923944473,0.00317071512113873,-0.0362596660966007,,,,,,,,,
1767171672,202991943,53_1767171672-202991943.png,1202,-1202,0,0,0.011508118872549,-0.011508118872549,54.81,159.35,101,143,399,136,-60,8,28.6257497064378,26.2313693623768,168.031984258181,166.095233415566,19.3735462107147,6.34498341344605,61.2335519194602,209.0364112854,0.00317071512113873,-0.0362596660966007,,,,,,,,,
1767171672,236339355,54_1767171672-236339355.png,1202,-1202,0,0,0.011508118872549,-0.011508118872549,54.82,158.94,113,95,487,105,-82,-1,46.557029215545,45.3107326288492,232.52495466653,154.835147443097,-1.58456506418291,5.39871992661639,80.7590991258621,206.857406854629,0.00317071512113873,-0.0362596660966007,,,,,,,,,
1767171672,269687988,55_1767171672-269687988.png,1202,-1202,0,0,0.011508118872549,-0.011508118872549,54.9,158.87,66,-6,58,136,54,-11,49.4004047951332,37.8069573187358,207.002106351379,152.080661059747,6.54422331171132,3.00054115585328,80.7590991258621,206.857406854629,0.00317071512113873,-0.0362596660966007,,,,,,,,,
1767171672,303035400,56_1767171672-303035400.png,1202,-1202,0,0,0.011508118872549,-0.011508118872549,54.76,157.25,-5,-14,256,137,72,9,44.7760160830765,43.9934933557528,209.043676572813,151.557214269952,14.7366059404617,3.23086175478069,62.788977086544,186.501691102981,0.00317071512113873,-0.0362596660966007,,,,,,,,,
1767171672,369731201,57_1767171672-369731201.png,1203,-1202,0,0,0.0115176930147059,-0.011508118872549,53.54,153.29,145,83,252,171,11,-5,54.9989529325704,40.1698556044477,201.488425703391,152.159970750024,27.3750380737519,2.10051751653722,170.40489089489,173.58456659317,0.00317071512113873,-0.0362596660966007,,,,,,,,,
1767171672,403079834,58_1767171672-403079834.png,1202,-1202,-50,0,0.011508118872549,-0.011508118872549,53.12,151.09,-1,119,135,207,11,-5,55.9701273001506,43.9152454861643,200.942179261954,154.435136377759,26.3715006588703,1.66536524630894,59.1399101614952,201.468716144562,0.00317071512113873,-0.0362596660966007,,,,,,,,,
1767171672,436427246,59_1767171672-436427246.png,1202,-1202,0,0,0.011508118872549,-0.011508118872549,53.12,149.57,-122,24,-19,202,82,-13,28.8603093879956,49.4101780570904,167.90617570662,165.589848657587,31.3715639194228,-0.774918318298703,59.5495470166206,200.133973836899,0.00317071512113873,-0.0362596660966007,,,,,,,,,
1767171672,503123047,60_1767171672-503123047.png,1202,-1202,0,0,0.011508118872549,-0.011508118872549,52.09,148.32,18,-48,-116,151,116,-17,23.2630105165797,34.4894677561573,121.420242289441,164.42379135538,45.0932165424028,-3.47258178611099,68.1838710904121,228.453866958618,0.00317071512113873,-0.0362596660966007,,,,,,,,,
1767171672,536471680,61_1767171672-536471680.png,1202,-1202,0,0,0.011508118872549,-0.011508118872549,49.63,147.31,-250,165,-171,103,212,39,9.22568349935145,39.9495274720602,84.3598537920426,160.18944356409,54.6228355171614,-1.62846820713151,67.9634672403335,228.773689270019,0.00317071512113873,-0.0463521569722477,,,,,,,,,
1767171672,569819092,62_1767171672-569819092.png,1202,-1202,0,0,0.011508118872549,-0.011508118872549,48.44,148.32,-315,104,-300,132,224,45,-58.2195996702608,58.9788224798828,8.41914573535114,151.648037001131,91.5531268249494,8.32985668075404,14.5111826658248,242.88312625885,0.00317071512113873,-0.0564201397671265,,,,,,,,,
1767171672,603167725,63_1767171672-603167725.png,1202,-1202,0,0,0.011508118872549,-0.011508118872549,47.24,149.41,-123,-66,-143,118,180,20,-67.693203800798,40.701691081367,-13.72466685579,146.727286578228,104.487759194913,10.0365197669717,-84.5922980606556,116.410453557968,0.00317071512113873,-0.047133807662844,,,,,,,,,
1767171672,669864014,64_1767171672-669864014.png,1202,-1202,0,0,0.011508118872549,-0.011508118872549,46.12,151.34,-67,22,-66,156,47,46,-72.5325496483625,22.3089214226367,-20.7750512061137,143.654001381698,102.487552982626,12.9927381695544,149.961751937866,158.006554841995,0.00317071512113873,-0.0649752677668502,,,,,,,,,
1767171672,703211670,65_1767171672-703211670.png,1202,-1202,0,0,0.011508118872549,-0.011508118872549,45.81,152.02,-65,-51,218,67,27,31,-70.8697656840277,11.556754445672,9.5563254645923,133.696332129086,85.8195752321076,18.9743398956909,98.4307603240013,98.6070115566252,0.00317071512113873,-0.0550555644429683,,,,,,,,,
1767171672,736560303,66_1767171672-736560303.png,1202,-1202,0,0,0.011508118872549,-0.011508118872549,45.65,152.8,29,-14,218,109,1,15,-56.2646286381912,7.81928797051507,40.0395093598985,130.08469538593,73.4154055422142,18.3931251662307,101.301205515861,283.954931020737,0.00317071512113873,0.0197644161972749,,,,,,,,,
1767171672,769907959,67_1767171672-769907959.png,1202,-1202,0,0,0.011508118872549,-0.011508118872549,45.85,152.66,-130,56,114,129,86,41,-66.1010410589491,17.9353627723375,40.8601781615691,131.104829004748,78.9344015671408,20.8228457641034,52.5185732841491,196.467193841934,0.00317071512113873,-0.0649265553583134,,,,,,,,,
1767171672,836604248,68_1767171672-836604248.png,1202,-1202,0,0,0.011508118872549,-0.011508118872549,45.96,152.55,-93,79,24,152,70,20,-74.972157608504,29.8067565504009,44.0459042555591,133.997940447727,78.1737651013124,22.2615656099242,59.0919849872589,169.82679772377,0.00317071512113873,-0.0726196223676966,,,,,,,,,
1767171672,869952881,69_1767171672-869952881.png,1202,-1202,0,0,0.011508118872549,-0.011508118872549,46.07,152.47,71,108,75,174,58,4,-57.3756256103065,40.3674053471297,47.1072724794028,137.884562598994,72.2016540138934,17.9139080412728,85.6253875494003,230.580140829086,0.00317071512113873,-0.0356870760085733,,,,,,,,,
1767171672,936649170,70_1767171672-936649170.png,1202,-1202,0,0,0.011508118872549,-0.011508118872549,46.11,152.62,205,-68,45,164,58,4,-12.288437493099,28.0582451333448,48.2585103985404,143.59337158568,69.3817161769248,15.1511062079581,85.5334335565567,230.956562519073,0.00317071512113873,-0.0356870760085733,,,,,,,,,
1767171672,969996826,71_1767171672-969996826.png,1202,-1202,0,0,0.011508118872549,-0.011508118872549,46.24,153.05,144,9,-144,201,55,-22,28.4828993484467,11.3533345338598,33.6297615603277,152.399442425777,65.8196568410852,10.0732538639959,85.1874371767044,237.033329725265,0.00317071512113873,-0.0356870760085733,,,,,,,,,
1767171673,3345459,72_1767171673-3345459.png,1202,-1202,0,0,0.011508118872549,-0.011508118872549,46.28,153.22,45,180,39,216,1,-23,33.9682225626584,35.9539919358426,29.6946575189603,162.992049405691,56.0527826380012,4.38422369601495,105.105477273464,268.41245508194,0.00317071512113873,-0.0356870760085733,,,,,,,,,
1767171673,70041748,73_1767171673-70041748.png,1202,-1202,0,0,0.011508118872549,-0.011508118872549,46.32,153.88,-76,16,-226,232,103,-22,13.2705955553528,39.0346754919475,-17.7737404828779,179.452503810401,56.6690815471411,-2.3938942777761,50.500390946865,83.5469915866851,0.00317071512113873,-0.0356870760085733,,,,,,,,,
1767171673,103389404,74_1767171673-103389404.png,1202,-1202,0,0,0.011508118872549,-0.011508118872549,46.39,153.99,-25,62,10,206,70,-16,7.67383372174517,42.3931665171834,-13.7120579180934,183.334858168772,58.6186194239683,-4.3836760437806,50.3620053827762,83.7275364398955,0.00317071512113873,-0.0356870760085733,,,,,,,,,
1767171673,170085938,75_1767171673-170085938.png,1202,-1202,0,0,0.011508118872549,-0.011508118872549,46.5,154.68,-131,82,-408,268,107,-19,-15.1873158702968,64.2425684061135,-70.0359914742644,200.543985527444,58.3751640994993,-7.84669674773474,71.0487315058708,187.523059129715,0.00317071512113873,-0.0356870760085733,,,,,,,,,
1767171673,203434570,76_1767171673-203434570.png,1202,-1202,0,0,0.011508118872549,-0.011508118872549,46.46,154.66,-40,-126,-277,196,169,-12,-18.8159681426564,36.4211475337145,-100.302786308224,199.879464779768,74.553142268706,-8.45408340551633,135.38288795948,277.53928399086,0.00317071512113873,-0.0356870760085733,,,,,,,,,
1767171673,236782227,77_1767171673-236782227.png,1202,-1202,0,0,0.011508118872549,-0.011508118872549,46.5,154.59,2,-102,110,174,61,-4,-25.7036698560436,14.1999631345973,-96.6893324501947,196.398894141607,82.6959803254079,-6.97589519197135,66.2549152970314,193.133848667145,0.00317071512113873,-0.0356870760085733,,,,,,,,,
1767171673,270130859,78_1767171673-270130859.png,1202,-1202,0,0,0.011508118872549,-0.011508118872549,46.46,154.6,11,-89,-44,190,96,1,-19.3881836352213,-7.69662289764729,-69.5858367229917,193.399338774578,81.555569154865,-5.93247078314155,115.9355276227,129.329870700836,0.00317071512113873,-0.0159043142836301,,,,,,,,,
1767171673,336827148,79_1767171673-336827148.png,1202,-1202,0,0,0.011508118872549,-0.011508118872549,46.59,154.6,54,-54,-39,180,70,9,-7.06578445341469,-18.72208619453,-63.7742004045995,191.261934049266,80.6214262259151,-3.385996737088,90.4549203515052,194.898173093796,0.00317071512113873,-0.0359726532375371,,,,,,,,,
1767171673,370174805,80_1767171673-370174805.png,1202,-1202,0,0,0.011508118872549,-0.011508118872549,46.66,154.46,3,-66,-184,302,40,7,4.19021748632873,-30.3029999762231,-73.1908097304613,207.091535563258,73.1376498978289,0.732800072363651,-36.5535450577736,237.505325555801,0.00317071512113873,-0.0299610319991157,,,,,,,,,
1767171673,403523682,81_1767171673-403523682.png,1202,-1202,0,0,0.011508118872549,-0.011508118872549,46.84,155.63,150,-122,-221,777,74,-29,15.3306225744535,-38.8508578604226,-74.8083702657263,260.700401820024,61.6650414494732,-3.1106359602641,122.04098701477,148.504593849182,0.00317071512113873,-0.04208374676078,,,,,,,,,
1767171673,470219971,82_1767171673-470219971.png,1202,-1202,0,0,0.011508118872549,-0.011508118872549,49.59,160.92,277,-310,-647,1075,238,-28,67.2582074243405,-86.9386770961378,-173.316089684228,432.157402739699,88.7038201540684,-9.37666438912114,46.7354723811149,237.889628171921,0.00317071512113873,-0.04208374676078,,,,,,,,,
1767171673,503567627,83_1767171673-503567627.png,1202,-1202,0,0,0.011508118872549,-0.011508118872549,-438.15,190.86,214,-678,-1129,1719,544,-59,101.544071631976,-165.138266311681,-269.89620181268,604.10350312296,143.866018259884,-13.7017029724467,-180.254907131195,-306.662450313568,0.00317071512113873,-0.04208374676078,,,,,,,,,
1767171673,570263916,84_1767171673-570263916.png,1202,-1202,0,0,0.011508118872549,-0.011508118872549,-434.89,202.87,187,-666,-1174,1981,578,-65,121.430174825102,-265.888120897467,-444.555992911916,849.19383508596,226.395366050832,-23.2393383209433,-195.328803092241,-156.160117387772,0.00317071512113873,-0.04208374676078,,,,,,,,,
1767171673,603612305,85_1767171673-603612305.png,1202,-1202,0,0,0.011508118872549,-0.011508118872549,-431.62,215.16,334,-682,-1131,2197,575,-74,148.484791261569,-326.302227220959,-546.122242663626,1040.37492491745,277.458230168086,-30.4158141315988,-185.860658913851,-206.724855899811,0.00317071512113873,-0.04208374676078,,,,,,,,,
1767171673,636959717,86_1767171673-636959717.png,1202,-1202,0,0,0.011508118872549,-0.011508118872549,-428.34,227.97,470,-658,-1093,2347,488,-65,191.77349272201,-375.468598673213,-627.140926705976,1227.34389511582,310.634519166037,-35.7203247941698,-184.504467397928,-223.104716062546,0.00317071512113873,-0.04208374676078,,,,,,,,,
1767171673,670308105,87_1767171673-670308105.png,1202,-1202,0,0,0.011508118872549,-0.011508118872549,-422.25,250.11,468,-773,-1110,2483,471,-82,255.774022069975,-462.857820676873,-745.040297324188,1501.21241919832,349.403968238637,-45.798287893412,-189.388873875141,-177.827935695648,0.00317071512113873,-0.04208374676078,,,,,,,,,
1767171673,737003662,88_1767171673-737003662.png,1202,-1202,0,0,0.011508118872549,-0.011508118872549,-421.2,254.31,374,-856,-1047,2494,488,-84,275.641880156173,-518.075089467472,-790.927428905014,1646.0977763024,369.206221428557,-51.3301191703644,-188.711102813482,-182.194112062454,0.00317071512113873,-0.04208374676078,,,,,,,,,
1767171673,770351074,89_1767171673-770351074.png,1202,-1202,0,0,0.011508118872549,-0.011508118872549,73.04,259.92,190,-768,-1321,2620,554,-98,277.731420575149,-587.909666562384,-872.419959987387,1849.28524263614,404.864828572054,-60.5642523956738,83.1032765507698,238.114879369736,0.00317071512113873,-0.04208374676078,,,,,,,,,
1767171673,837046875,90_1767171673-837046875.png,1202,-1202,0,0,0.011508118872549,-0.011508118872549,73.3,262.86,330,-675,-1122,2639,500,-103,271.609807336934,-614.878040664728,-942.41833285398,2020.48156106922,429.646680206879,-70.1301994043082,66.0849043130874,222.330244064331,0.00317071512113873,-0.04208374676078,,,,,,,,,
1767171673,870395264,91_1767171673-870395264.png,1202,-1202,0,0,0.011508118872549,-0.011508118872549,73.44,263.61,371,-747,-1520,2783,564,-121,288.075348223754,-635.370662609958,-1025.36451593092,2160.40620818022,451.220375489937,-78.7956005581721,53.4115530550479,206.397877216339,0.00317071512113873,-0.0368233431238833,,,,,,,,,
1767171673,903742432,92_1767171673-903742432.png,1202,-1202,0,0,0.011508118872549,-0.011508118872549,73.52,264.21,490,-835,-1405,2810,550,-131,319.80887601428,-667.531337822634,-1094.02789222688,2271.94923432022,468.663172922469,-87.5516365663683,56.8217084407806,214.484997034073,0.00317071512113873,0.00449713121021588,,,,,,,,,
1767171673,970438232,93_1767171673-970438232.png,1202,-1202,0,0,0.011508118872549,-0.011508118872549,73.69,265.63,386,-791,-1668,2981,614,-124,343.083699267375,-699.525097309278,-1203.68044654714,2420.48306657369,498.844096440253,-96.431092028694,56.8217084407806,214.484997034073,0.00317071512113873,-0.0508940931023818,,,,,,,,,
1767171674,3786377,94_1767171674-3786377.png,1202,-1202,0,0,0.011508118872549,-0.011508118872549,73.7,266.05,415,-797,-1415,2974,564,-118,352.805445242966,-713.615434468686,-1241.52360400675,2501.62239367458,509.74403772996,-99.7499392933116,68.4092103242874,236.492841482162,0.00317071512113873,-0.00605394575423628,,,,,,,,,
1767171674,70482178,95_1767171674-70482178.png,1202,-1202,0,0,0.011508118872549,-0.011508118872549,73.58,267.53,535,-891,-1641,3063,676,-155,386.403717605853,-763.255833395792,-1344.32527094144,2648.68289543052,550.945017672222,-112.355816103123,47.1410830020904,210.441222190857,0.00317071512113873,-0.0286829262502428,,,,,,,,,
1767171674,103829590,96_1767171674-103829590.png,1202,-1202,0,0,0.011508118872549,-0.011508118872549,73.72,268.59,580,-819,-1641,3043,637,-143,412.499246598573,-787.500031042478,-1395.81863113218,2719.0580467919,574.627764246967,-118.432361127788,47.1145228445529,210.456554174423,0.00317071512113873,0.00634608196122688,,,,,,,,,
1767171674,137177734,97_1767171674-137177734.png,1202,-1202,0,0,0.011508118872549,-0.011508118872549,73.93,269.62,535,-795,-1535,3026,593,-130,440.412271738899,-790.903271352765,-1431.90861777172,2781.36144340003,581.784859268072,-121.766037018363,53.0491270422935,214.510932445526,0.00317071512113873,0.0271681772973565,,,,,,,,,
1767171674,203873535,98_1767171674-203873535.png,1202,-1202,0,0,0.011508118872549,-0.011508118872549,74.02,269.96,497,-703,-1562,3034,538,-132,449.730045923234,-780.571554406994,-1450.19285089554,2818.0883399538,576.890246600427,-123.207813552163,53.0033448636531,214.526407718658,0.00317071512113873,-0.00946547820037298,,,,,,,,,
1767171674,237220703,99_1767171674-237220703.png,1202,-1202,0,0,0.011508118872549,-0.011508118872549,74.44,270.92,402,-795,-1224,2809,527,-126,452.49554361615,-778.609208561545,-1401.89756774266,2829.75666289217,564.542213875039,-124.097908282859,41.2797952294349,202.515159845352,0.00317071512113873,-0.0174001838854391,,,,,,,,,
1767171674,270569092,100_1767171674-270569092.png,1202,-1202,0,0,0.011508118872549,-0.011508118872549,74.75,270.6,266,-792,-1342,2631,562,-129,427.610460837296,-781.085368102085,-1385.17390558116,2805.02078865975,562.212766805637,-124.78306127701,49.772421836853,215.752393245697,0.00317071512113873,-0.0174001838854391,,,,,,,,,
1767171674,303916504,101_1767171674-303916504.png,1202,-1202,0,0,0.011508118872549,-0.011508118872549,75.09,268.36,391,-746,-1064,2122,458,-105,412.910338769427,-772.046375589621,-1326.28990700218,2688.13744909704,548.629625487996,-121.824417189269,85.4879760742187,234.003758430481,0.00317071512113873,-0.0174001838854391,,,,,,,,,
1767171674,370612061,102_1767171674-370612061.png,1202,-1202,0,0,0.011508118872549,-0.011508118872549,75.08,265.05,283,-586,-1086,1874,380,-85,396.29202617102,-748.534992238342,-1283.57577035993,2560.83382563991,523.699885521723,-116.540612445001,85.4879760742187,234.003758430481,0.00317071512113873,-0.0174001838854391,,,,,,,,,
1767171674,403960449,103_1767171674-403960449.png,1202,-1202,0,0,0.011508118872549,-0.011508118872549,74.9,253.36,250,-134,-553,1236,280,-68,372.202362170734,-682.49722358063,-1180.2876977095,2356.1365603578,483.83557409816,-109.323557132503,77.1618537306785,220.732565402984,0.00317071512113873,-0.0174001838854391,,,,,,,,,
1767171674,437307617,104_1767171674-437307617.png,1202,-1202,0,0,0.011508118872549,-0.011508118872549,73.62,244.88,211,-4,-354,926,161,-53,336.231884901907,-527.63415106124,-995.819137069308,2033.36649198807,415.946860123789,-96.8949229472674,144.430355608463,296.330277681351,0.00317071512113873,-0.0174001838854391,,,,,,,,,
1767171674,504003418,105_1767171674-504003418.png,1202,-1202,0,0,0.011508118872549,-0.011508118872549,66.06,211.34,63,-35,-239,368,122,-34,294.607567299878,-417.047732779308,-859.407294698486,1737.14173231808,362.796202573153,-86.8772830084606,136.043190360069,295.151864290237,0.00317071512113873,-0.0174001838854391,,,,,,,,,
1767171674,537351563,106_1767171674-537351563.png,1202,-1202,0,0,0.011508118872549,-0.011508118872549,61.6,197.3,17,-142,-192,210,56,-3,236.113807399264,-347.30407260867,-713.86661810972,1408.01848669263,299.323853123135,-70.5251783312002,53.9091176688671,209.78724861145,0.00317071512113873,-0.0174001838854391,,,,,,,,,
1767171674,604047363,107_1767171674-604047363.png,1202,-1202,0,0,0.011508118872549,-0.011508118872549,52.38,173.63,-6,-55,-160,171,65,18,196.275478424874,-305.324690752864,-638.757605461232,1169.25506771267,253.481958786275,-53.2218199382215,70.6013000011444,249.836252450943,0.00317071512113873,-0.0174001838854391,,,,,,,,,
1767171674,637394775,108_1767171674-637394775.png,1202,-1202,0,0,0.011508118872549,-0.011508118872549,47.83,161.47,-32,42,-198,181,105,1,158.965835891253,-253.285585701398,-559.459520413394,997.645131165612,224.529310303709,-42.452075710096,71.9933379888534,239.315932512283,0.00317071512113873,0.0406306523084086,,,,,,,,,
1767171674,670743164,109_1767171674-670743164.png,1202,-1202,0,0,0.011508118872549,-0.011508118872549,43.22,155.71,-35,78,-188,210,71,-23,120.608161977018,-189.387780202221,-486.224238417776,839.729785298412,195.822865068819,-37.3338597444376,46.9540579319,217.492788314819,0.00317071512113873,-0.00102364613533273,,,,,,,,,
1767171674,704090576,110_1767171674-704090576.png,1202,-1202,0,0,0.011508118872549,-0.011508118872549,36.53,152.89,-4,-20,28,132,38,-24,113.667861362788,-154.163800816338,-391.973579151338,723.089973699885,163.731012532576,-35.3129280081618,122.400360882282,150.415503501892,0.00317071512113873,-0.0214478366667238,,,,,,,,,
1767171674,737439209,111_1767171674-737439209.png,1202,-1202,0,0,0.011508118872549,-0.011508118872549,36.09,153.26,-7,103,-128,149,33,-13,93.1490564740757,-123.44007474671,-328.955599076041,621.981695282567,141.696192692234,-32.6837366437961,91.7021437883377,246.115165710449,0.00317071512113873,-0.0214478366667238,,,,,,,,,
1767171674,804135010,112_1767171674-804135010.png,1202,-1202,0,0,0.011508118872549,-0.011508118872549,32.39,153.88,21,112,-22,167,53,8,61.1147957506527,-47.9213166842281,-222.370867581731,462.816025706175,106.734749674656,-20.6057033237573,118.351138234138,247.853268146515,0.00317071512113873,-0.0214478366667238,,,,,,,,,
1767171674,837482422,113_1767171674-837482422.png,1202,-1202,0,0,0.011508118872549,-0.011508118872549,32.68,152.95,44,38,-101,187,82,2,60.0659225934435,-42.655664437182,-214.932704314792,445.912754997828,105.218890802484,-19.2203221739285,105.02690076828,231.805839776993,0.00317071512113873,-0.0214478366667238,,,,,,,,,
1767171674,870830811,114_1767171674-870830811.png,1202,-1202,0,0,0.011508118872549,-0.011508118872549,29.19,152.41,-66,139,-38,131,124,33,43.8063373623032,-14.640199264228,-184.824523623592,387.848442891341,105.598615508321,-11.3235147446745,-22.3876947760582,282.745423793793,0.00317071512113873,-0.0214478366667238,,,,,,,,,
1767171674,937526611,115_1767171674-937526611.png,1202,-1202,0,0,0.011508118872549,-0.011508118872549,30.61,152.03,-69,28,-7,109,86,39,24.3912620207111,-4.32147648156234,-154.917322728604,340.243466835561,103.221489422003,-2.78622789966079,-6.35315233469014,286.541594266891,0.00317071512113873,-0.0214478366667238,,,,,,,,,
1767171674,970874268,116_1767171674-970874268.png,1202,-1202,0,0,0.011508118872549,-0.011508118872549,36.16,152.55,29,-29,-253,128,48,-17,18.5050289550427,-19.4138369098158,-141.327085911073,288.548698762425,90.4799083418732,-0.642893958212208,-12.8338307738305,243.972843408584,0.00317071512113873,-0.0214478366667238,,,,,,,,,
1767171675,4222656,117_1767171675-4222656.png,1202,-1202,0,0,0.011508118872549,-0.011508118872549,39.43,153.33,48,88,-61,114,44,-15,23.3675475584634,-4.2070103912279,-135.422880335404,254.622114467631,81.4599586891734,-3.59834340912794,49.9840588867664,144.567569732666,0.00317071512113873,-0.0747846256023806,,,,,,,,,
1767171675,70918457,118_1767171675-70918457.png,1202,-1202,0,0,0.011508118872549,-0.011508118872549,43.41,154.3,84,1,-72,161,39,8,32.249544917821,19.7525840918672,-116.37724228778,231.913745180177,71.6561430524309,-3.491800775178,-50.529058367014,222.494453907013,0.00317071512113873,-0.0196552701564422,,,,,,,,,
1767171675,104265869,119_1767171675-104265869.png,1202,-1202,0,0,0.011508118872549,-0.011508118872549,43.52,155.23,133,-73,14,103,63,1,50.9821450418101,4.7392964813438,-93.8816822441771,207.581779283386,67.8669683648628,-1.94695976390397,-7.08066686987882,268.007948637009,0.00317071512113873,-0.0471782323305007,,,,,,,,,
1767171675,137614258,120_1767171675-137614258.png,1202,-1202,0,0,0.011508118872549,-0.011508118872549,43.69,156.84,-29,76,-44,105,65,41,49.345231123971,4.86900116523084,-76.6182254986477,188.153674887311,69.7802354107676,3.20794790134569,59.1238052248954,204.290230989456,0.00317071512113873,-0.0272769437497345,,,,,,,,,
1767171675,204310059,121_1767171675-204310059.png,1202,-1202,0,0,0.011508118872549,-0.011508118872549,43.8,157.04,-37,39,122,79,65,35,28.7707721404836,17.0757589278731,-44.2632094016602,163.755909037274,68.5962680759264,11.6908215556261,28.5378681123256,286.323794126511,0.00317071512113873,-0.0583531210272826,,,,,,,,,
1767171675,237657715,122_1767171675-237657715.png,1202,-1202,0,0,0.011508118872549,-0.011508118872549,42.51,156.98,-119,117,22,84,130,39,18.5360386716082,22.4423762170782,-12.1251212189283,152.239806598246,68.0143537468559,13.7181927709504,28.453576952219,286.57927942276,0.00317071512113873,-0.0853478595362512,,,,,,,,,
1767171675,304353516,123_1767171675-304353516.png,1202,-1202,0,0,0.011508118872549,-0.011508118872549,25.69,157.33,-81,20,74,49,23,60,-11.7162912205552,46.4738873554377,26.2092786522852,127.987798805637,61.9583278468916,24.3545060459414,50.5151970982551,238.513367652893,0.00317071512113873,-0.0791553833028941,,,,,,,,,
1767171675,337701904,124_1767171675-337701904.png,1202,-1202,0,0,0.011508118872549,-0.011508118872549,16.84,157.14,-44,-5,103,108,-33,25,-20.34102329642,39.63616894682,37.0929131794251,119.677121558593,50.1574762966258,27.3470061144788,78.0082720518112,274.544818639755,0.00317071512113873,-0.0423230189146013,,,,,,,,,
1767171675,371049316,125_1767171675-371049316.png,1202,-1202,0,0,0.011508118872549,-0.011508118872549,10.19,157.18,-81,95,40,132,50,20,-30.449792979308,45.3972135310564,40.9664556621263,120.868268952449,45.7834632878769,26.1497659541495,50.5096123218536,158.591319561005,0.00317071512113873,-0.106164989957236,,,,,,,,,
1767171675,437745117,126_1767171675-437745117.png,1202,-1202,0,0,0.011508118872549,-0.011508118872549,4.87,156.7,-52,38,82,154,37,40,-40.6319058951311,41.0455242928158,61.7439522359284,122.916817311206,40.8819557778936,26.4288941815629,50.5096123218536,158.591319561005,0.00317071512113873,-0.0601161643281994,,,,,,,,,
1767171675,471093506,127_1767171675-471093506.png,1202,-1202,0,0,0.011508118872549,-0.011508118872549,5.78,156.54,56,20,-320,206,82,25,-27.378672635609,37.7324658887468,7.4821693056375,137.468798324713,46.5951816024148,27.2685462986194,63.8125497102737,183.225518465042,0.00317071512113873,-0.0865914071783739,,,,,,,,,
1767171675,504440918,128_1767171675-504440918.png,1202,-1202,0,0,0.011508118872549,-0.011508118872549,7.7,155.76,48,-36,-81,219,106,14,2.65078350344822,18.3308567172896,-23.394889641325,151.133668042359,56.0111772150209,22.8501752436418,8.61287951469416,281.238877296448,0.00317071512113873,-0.059678132527821,,,,,,,,,
1767171675,537789551,129_1767171675-537789551.png,1202,-1202,0,0,0.011508118872549,-0.011508118872549,11.72,155.81,-7,-60,-283,226,121,15,6.67780236299834,5.37061273732044,-53.1149458273083,165.243007372695,67.2947158521113,21.1833523924755,7.09219685196871,280.930661439895,0.00317071512113873,-0.0547804307446078,,,,,,,,,
1767171675,604485352,130_1767171675-604485352.png,1202,-1202,0,0,0.011508118872549,-0.011508118872549,15.51,155.19,97,-39,-126,212,91,6,19.1710326879312,-4.53856203758204,-75.8018846699625,175.259775878629,73.5713993729361,18.6393844951867,13.9359506964683,295.33484506607,0.00317071512113873,-0.0392808009983742,,,,,,,,,
1767171675,637832764,131_1767171675-637832764.png,1202,-1202,0,0,0.011508118872549,-0.011508118872549,13.2,153.93,-118,169,-134,293,34,-3,5.38718472956157,24.8406165032507,-85.1614664150837,194.245808144187,63.1056326322319,13.107065703827,-2.16716760396962,273.819343566894,0.00317071512113873,-0.060319964758116,,,,,,,,,
1767171675,671181152,132_1767171675-671181152.png,1202,-1202,0,0,0.011508118872549,-0.011508118872549,14.78,153.28,-111,31,-213,254,99,9,-18.2813799240498,37.0692414684966,-104.245299314713,209.221118307387,65.0491695882833,11.3345420569881,-2.54485434293752,273.01620554924,0.00317071512113873,-0.0493354460553401,,,,,,,,,
1767171675,704528564,133_1767171675-704528564.png,1202,-1202,0,0,0.011508118872549,-0.011508118872549,16.55,152.43,48,-80,-183,248,136,9,-11.0522392555249,19.787533384013,-118.65265415061,216.082198156802,76.3273818043823,10.9310946067013,-5.64375585317617,282.619328975677,0.00317071512113873,-0.018983849743423,,,,,,,,,
1767171675,771224365,134_1767171675-771224365.png,1202,-1203,0,0,0.011508118872549,-0.0115176930147059,26.02,151.2,-20,-197,-453,252,190,9,-6.6475886862288,-3.93302483883242,-132.651253750816,218.747142983219,92.4296439457746,11.447508330013,17.2408395409584,275.518184661865,0.00317071512113873,-0.0881203361083804,,,,,,,,,
1767171675,804572998,135_1767171675-804572998.png,1202,-1203,0,0,0.011508118872549,-0.0115176930147059,31.09,150.42,-103,-268,-227,191,162,7,-19.4934974811063,-55.521197450388,-177.400619805778,218.931877579036,110.910831863499,10.6628387025524,16.8585421144962,273.51628613472,0.00317071512113873,-0.0488237838443931,,,,,,,,,
1767171675,871268799,136_1767171675-871268799.png,1202,-1202,0,0,0.011508118872549,-0.011508118872549,35.71,149.34,-84,-154,-220,264,147,4,-33.2695437818777,-95.8353656117069,-189.317866774639,222.211662853946,115.423700222041,10.1491486731539,-8.9766335189343,276.663498163223,0.00317071512113873,-0.0712524660433973,,,,,,,,,
1767171675,904616211,137_1767171675-904616211.png,1202,-1202,0,0,0.011508118872549,-0.011508118872549,41.61,149.21,-18,-150,20,240,83,3,-33.6908276519399,-106.79980326006,-160.312196592387,226.999520163988,112.334141005871,8.78190702467266,-12.9492927789689,250.073826551437,0.00317071512113873,-0.071970644100324,,,,,,,,,
1767171675,937964600,138_1767171675-937964600.png,1202,-1202,0,0,0.011508118872549,-0.011508118872549,47.93,146.5,-89,-128,-163,300,135,-5,-25.4541164347847,-106.75373684416,-162.493251196837,233.53258202347,109.970792714982,4.12340343803796,-35.6103022992611,252.650602817535,0.00317071512113873,-0.0575748695422677,,,,,,,,,
1767171676,4660400,139_1767171676-4660400.png,1202,-1202,0,0,0.011508118872549,-0.011508118872549,49.43,144.69,-27,-90,-13,394,137,-13,-30.590271376136,-105.945302288553,-140.670240558808,262.135454570522,115.857557566756,0.914295794171353,-35.6103022992611,252.650602817535,0.00317071512113873,-0.0575748695422677,,,,,,,,,
1767171676,38007813,140_1767171676-38007813.png,1202,-1202,0,0,0.011508118872549,-0.011508118872549,52.51,139.94,301,-237,-392,759,188,-81,7.01912580479049,-117.541915762695,-150.665384435889,321.50586749458,120.390335239715,-9.27453397510597,7.21032136678691,155.930432319641,0.00317071512113873,-0.0575748695422677,,,,,,,,,
1767171676,71356201,141_1767171676-71356201.png,1202,-1202,0,0,0.011508118872549,-0.011508118872549,57.03,136.5,355,-265,-642,930,251,-73,87.7292830521964,-151.224030957923,-246.999529642896,454.871641196597,146.34911273945,-25.8695421983751,2.43059697747225,212.582971334457,0.00317071512113873,-0.0575748695422677,,,,,,,,,
1767171676,138052246,142_1767171676-138052246.png,1202,-1202,0,0,0.011508118872549,-0.011508118872549,61.2,132.84,215,-252,-773,1057,350,-45,106.341585286143,-165.961692838929,-323.922799694871,542.927992778833,176.131390664852,-28.6672153082361,101.288477420807,269.345843315124,0.00317071512113873,-0.0575748695422677,,,,,,,,,
1767171676,171399658,143_1767171676-171399658.png,1202,-1202,0,0,0.011508118872549,-0.011508118872549,72.1,130.16,78,-329,-1169,1363,513,-51,97.2600880846214,-202.348117334542,-500.37036066473,724.522512898815,255.314321835687,-31.2346671196316,110.772726535797,136.5793197155,0.00317071512113873,-0.0575748695422677,,,,,,,,,
1767171676,204748047,144_1767171676-204748047.png,1202,-1202,0,0,0.011508118872549,-0.011508118872549,79.35,129.52,389,-434,-906,1525,396,-88,139.412834906402,-239.591047715068,-577.459012111546,858.553150805117,282.736371960786,-40.0613909194302,38.7113175988197,276.38064455986,0.00317071512113873,-0.0575748695422677,,,,,,,,,
1767171676,271443848,145_1767171676-271443848.png,1202,-1202,0,0,0.011508118872549,-0.011508118872549,93.04,128.45,212,-546,-1275,1825,571,-76,177.438102607788,-277.781737530933,-673.271659392299,1029.86282577003,318.147729581206,-47.1975064349312,150.056043744087,182.141103029251,0.00317071512113873,-0.0575748695422677,,,,,,,,,
1767171676,304791260,146_1767171676-304791260.png,1202,-1202,0,0,0.011508118872549,-0.011508118872549,100.62,128.62,299,-602,-1231,1890,605,-99,194.637615865001,-337.693788822213,-787.525483160051,1195.47134679386,372.394753230113,-55.6493535105018,156.597765088081,165.548887729645,0.00317071512113873,-0.0575748695422677,,,,,,,,,
1767171676,338139648,147_1767171676-338139648.png,1202,-1202,0,0,0.011508118872549,-0.011508118872549,105.4,129.13,367,-614,-1120,1958,561,-92,217.979070795929,-377.772172603688,-839.191722895484,1305.11979544383,401.183581329132,-61.1573376872893,129.156511664391,159.793948888779,0.00317071512113873,-0.0575748695422677,,,,,,,,,
1767171676,404835449,148_1767171676-404835449.png,1202,-1202,0,0,0.011508118872549,-0.011508118872549,125.4,130.17,427,-643,-1147,2302,565,-88,296.705861344994,-465.824366083368,-942.574053471867,1631.18774819944,450.91979399713,-68.5931729319158,119.013648569584,181.011837959289,0.00317071512113873,-0.0597743561579051,,,,,,,,,
1767171676,438182861,149_1767171676-438182861.png,1202,-1202,0,0,0.011508118872549,-0.011508118872549,125.4,130.17,427,-643,-1147,2302,565,-88,300.761491715482,-471.339264061437,-948.937164551257,1652.06793950644,454.47073767666,-69.197243982729,171.131431341171,165.813686847687,0.00317071512113873,-0.105340648530273,,,,,,,,,
1767171676,471531250,150_1767171676-471531250.png,1202,-1202,0,0,0.011508118872549,-0.011508118872549,128.68,130.5,441,-742,-1172,2350,593,-98,327.491307469502,-517.187437416987,-991.235656154893,1786.82411880782,479.74464922007,-74.1189289342215,185.749908268452,169.758305311203,0.00317071512113873,-0.105340648530273,,,,,,,,,
1767171676,504878662,151_1767171676-504878662.png,1202,-1202,0,0,0.011508118872549,-0.011508118872549,130.95,130.66,448,-764,-1242,2401,650,-106,344.922719691767,-552.678331552142,-1025.98790003835,1875.24347074287,503.079680776273,-78.5618473687117,177.853164315224,177.142159938812,0.00317071512113873,-0.105340648530273,,,,,,,,,
1767171676,571574463,152_1767171676-571574463.png,1202,-1202,0,0,0.011508118872549,-0.011508118872549,133.37,133.54,388,-646,-1432,2467,646,-116,359.973543784761,-577.467478075525,-1100.26012644675,2018.20130049519,538.22041174403,-88.2211172989523,130.613748669624,184.502944946289,0.00317071512113873,-0.105340648530273,,,,,,,,,
1767171676,638270996,153_1767171676-638270996.png,1202,-1202,0,0,0.011508118872549,-0.011508118872549,134.49,135.34,665,-867,-1291,2498,488,-135,395.195836177993,-606.205051202747,-1114.98317778897,2093.04237849898,537.999555753363,-94.4633139709238,159.604193091392,167.080366611481,0.00317071512113873,-0.105340648530273,,,,,,,,,
1767171676,671619873,154_1767171676-671619873.png,1202,-1202,0,0,0.011508118872549,-0.011508118872549,134.67,135.34,663,-907,-1545,2504,470,-131,448.588234288401,-661.609699631667,-1172.92173594166,2173.99542338422,526.442374757731,-102.150427332324,165.33391392231,166.036215543747,0.00317071512113873,-0.105340648530273,,,,,,,,,
1767171676,704967529,155_1767171676-704967529.png,1202,-1202,0,0,0.011508118872549,-0.011508118872549,134.75,137.18,461,-810,-1336,2419,579,-88,455.943902026139,-685.971128729441,-1202.50314694424,2212.15675931187,531.138796042665,-101.260466656609,65.3365442752838,222.017156362533,0.00317071512113873,-0.105340648530273,,,,,,,,,
1767171676,738316406,156_1767171676-738316406.png,1202,-1202,0,0,0.011508118872549,-0.011508118872549,134.71,140.59,453,-837,-1333,2445,569,-101,467.044139429573,-707.7853287981,-1213.50825903608,2249.4026753379,537.026664024372,-101.100212817522,63.6382527351379,224.253190040588,0.00317071512113873,-0.105340648530273,,,,,,,,,
1767171676,805012939,157_1767171676-805012939.png,1202,-1202,0,0,0.011508118872549,-0.011508118872549,134.65,141.14,514,-813,-1184,2386,555,-98,469.776205589857,-731.27062689931,-1223.74996709424,2282.90155109137,542.108366721842,-100.808802978377,150.994416058063,176.405794858932,0.00317071512113873,-0.105340648530273,,,,,,,,,
1767171676,838360840,158_1767171676-838360840.png,1202,-1202,0,0,0.011508118872549,-0.011508118872549,134.63,141.44,517,-779,-1126,2381,535,-92,476.600014213144,-739.183225205878,-1211.04568380958,2297.38478982295,541.617395334117,-99.6851582783833,150.844406366348,176.595940113068,0.00317071512113873,-0.0690304320418306,,,,,,,,,
1767171676,871709717,159_1767171676-871709717.png,1202,-1202,0,0,0.011508118872549,-0.011508118872549,134.69,141.56,535,-732,-1179,2400,542,-95,484.6468226237,-739.421874732157,-1204.9055561923,2311.87028499413,541.481348936385,-98.9177067967812,157.482497572899,183.348174333572,0.00317071512113873,-0.0690304320418306,,,,,,,,,
1767171676,905057373,160_1767171676-905057373.png,1202,-1202,0,0,0.011508118872549,-0.011508118872549,134.69,141.81,572,-721,-1275,2439,616,-74,491.934553487592,-734.772373657356,-1227.22269380687,2339.22101204325,555.343887452547,-95.742462238657,157.332098245621,183.564684867859,0.00317071512113873,-0.0690304320418306,,,,,,,,,
1767171676,971754150,161_1767171676-971754150.png,1202,-1202,0,0,0.011508118872549,-0.011508118872549,129.77,142.05,631,-751,-1406,2436,524,-105,519.3388175244,-735.734239698782,-1245.27663924294,2355.71692834912,564.524351300446,-93.5412706220484,150.950127482414,188.301408052444,0.00317071512113873,-0.0690304320418306,,,,,,,,,
1767171677,5102783,162_1767171677-5102783.png,1202,-1202,0,0,0.011508118872549,-0.011508118872549,129.3,140.89,522,-731,-1108,2389,513,-126,531.34556482643,-736.770024262308,-1245.7935531339,2368.07677917705,554.159801491389,-98.5974934014777,133.563030123711,188.394402980804,0.00317071512113873,-0.0690304320418306,,,,,,,,,
1767171677,38450684,163_1767171677-38450684.png,1202,-1202,0,0,0.011508118872549,-0.011508118872549,129.21,140.5,486,-694,-1077,2394,495,-107,525.701571031116,-731.530110683509,-1221.95915763899,2371.73069607688,546.001876243637,-99.8262913220439,129.392760694027,187.314859390259,0.00317071512113873,-0.0690304320418306,,,,,,,,,
1767171677,105147461,164_1767171677-105147461.png,1202,-1202,0,0,0.011508118872549,-0.011508118872549,130.73,140.41,615,-713,-1062,2419,478,-111,521.580623298779,-722.94358899725,-1229.17126180728,2383.58354775303,544.876762996186,-99.0651866917713,133.19443488121,190.158297538757,0.00317071512113873,-0.0690304320418306,,,,,,,,,
1767171677,138496338,165_1767171677-138496338.png,1202,-1202,0,0,0.011508118872549,-0.011508118872549,133.62,140.72,642,-806,-1068,2360,435,-81,546.249819991517,-721.648823068999,-1174.77594083841,2384.56803595478,518.614598105404,-99.2454285805708,141.701867640018,174.97404551506,0.00317071512113873,-0.0690304320418306,,,,,,,,,
1767171677,205192871,166_1767171677-205192871.png,1202,-1202,0,0,0.011508118872549,-0.011508118872549,134.93,140.84,569,-763,-966,2316,505,-72,558.977578492458,-735.393190087684,-1138.7914734483,2373.84904294354,508.242824897609,-94.0980702668544,122.018518030643,192.562553167343,0.00317071512113873,-0.0299318737162389,,,,,,,,,
1767171677,238540771,167_1767171677-238540771.png,1202,-1202,0,0,0.011508118872549,-0.011508118872549,139.02,141.35,481,-689,-993,2297,588,-70,547.573994909534,-728.60856518561,-1117.470661937,2362.61049846169,519.906659940986,-90.5739244317561,147.550297439098,172.350700139999,0.00317071512113873,-0.0813019884612799,,,,,,,,,
1767171677,271889648,168_1767171677-271889648.png,1202,-1202,0,0,0.011508118872549,-0.011508118872549,144.54,142.34,463,-649,-632,2264,507,-69,524.946671788301,-711.480276982129,-1030.24407817804,2339.94187331153,519.011129098627,-85.123753412075,122.932473182678,189.788467168808,0.00317071512113873,-0.0378782663100867,,,,,,,,,
1767171677,338586426,169_1767171677-338586426.png,1202,-1202,0,0,0.011508118872549,-0.011508118872549,145.66,142.44,614,-615,-785,2301,504,-108,536.323779067094,-695.710430376683,-983.795919320234,2332.228810134,516.496682000654,-88.040733618725,145.868630349636,178.387202978134,0.00317071512113873,-0.0391693367033275,,,,,,,,,
1767171677,371934326,170_1767171677-371934326.png,1202,-1202,0,0,0.011508118872549,-0.011508118872549,145.68,141.7,669,-705,-964,2311,536,-111,566.187651021917,-683.862075072606,-952.568962185141,2325.9135048762,517.400878154112,-93.1723620696696,146.316321611404,177.85832118988,0.00317071512113873,-0.0390667885955201,,,,,,,,,
1767171677,438631104,171_1767171677-438631104.png,1202,-1202,0,0,0.011508118872549,-0.011508118872549,143.55,140.49,533,-723,-712,2298,528,-78,569.52483802367,-696.756930786217,-882.943286907359,2313.23827601766,520.33273992345,-90.4762821098925,155.619000554085,186.985723257065,0.00317071512113873,-0.0517767095424815,,,,,,,,,
1767171677,471979980,172_1767171677-471979980.png,1202,-1202,0,0,0.011508118872549,-0.011508118872549,140.79,140.2,528,-745,-1177,2431,554,-108,564.591132083922,-702.488852413365,-917.88115592881,2327.22994328811,524.332860548123,-92.558334085426,103.510179400444,237.908255815506,0.00317071512113873,-0.0512910791269951,,,,,,,,,
1767171677,538676758,173_1767171677-538676758.png,1202,-1202,0,0,0.011508118872549,-0.011508118872549,135.58,137.54,666,-778,-1126,2452,506,-130,580.254353677405,-719.196777729795,-960.818147207195,2354.16722740978,521.057019987569,-100.567266901108,155.576010763645,193.599539756775,0.00317071512113873,-0.0501300381282464,,,,,,,,,
1767171677,572024658,174_1767171677-572024658.png,1202,-1202,0,0,0.011508118872549,-0.011508118872549,133.16,136.27,503,-734,-1414,2434,600,-97,571.235200592365,-722.924305965392,-1031.48194764116,2368.44199449481,532.201649872429,-100.827749306077,160.782321155071,181.527966976166,0.00317071512113873,-0.0501300381282464,,,,,,,,,
1767171677,605373047,175_1767171677-605373047.png,1202,-1202,0,0,0.011508118872549,-0.011508118872549,126.61,134.97,474,-811,-1602,2453,613,-97,564.35769375052,-737.699113749153,-1107.32437987813,2378.25914183353,545.830344298628,-100.946974557659,159.142345070839,183.964176177978,0.00317071512113873,-0.0501300381282464,,,,,,,,,
1767171677,672069092,176_1767171677-672069092.png,1202,-1202,0,0,0.011508118872549,-0.011508118872549,125.93,134.25,416,-791,-1628,2469,586,-104,543.493174846512,-748.556643819761,-1195.16559937694,2392.62365697284,554.994770320259,-100.89839820222,98.7950695753097,192.640645980835,0.00317071512113873,-0.0501300381282464,,,,,,,,,
1767171677,705416504,177_1767171677-705416504.png,1202,-1202,0,0,0.011508118872549,-0.011508118872549,129.18,133.07,405,-724,-1588,2453,622,-108,506.635379593756,-750.505109928329,-1289.04524768393,2407.06663593531,567.15114615284,-100.052142990741,120.935461044311,174.888358354568,0.00317071512113873,-0.0501300381282464,,,,,,,,,
1767171677,738765137,178_1767171677-738765137.png,1202,-1202,0,0,0.011508118872549,-0.011508118872549,132.17,133.82,430,-675,-1535,2452,616,-105,492.041440525275,-740.102733759688,-1334.41246108756,2414.88586701381,575.917054362068,-101.069223926035,120.935461044311,174.888358354568,0.00317071512113873,-0.0501300381282464,,,,,,,,,
1767171677,772112549,179_1767171677-772112549.png,1202,-1202,0,0,0.011508118872549,-0.011508118872549,135.14,135.36,465,-860,-1736,2456,638,-122,487.126854828164,-752.562464429026,-1387.62823670024,2420.78875912743,584.392751721416,-103.663895090731,169.701079189777,153.791405677795,0.00317071512113873,-0.0501300381282464,,,,,,,,,
1767171677,838808594,180_1767171677-838808594.png,1202,-1202,0,0,0.011508118872549,-0.011508118872549,140.81,138.77,371,-818,-1509,2399,577,-121,486.208925376775,-772.342443464027,-1424.41704633453,2420.36636634041,587.720037908292,-107.671696427157,137.76096367836,162.595976352692,0.00317071512113873,-0.0501300381282464,,,,,,,,,
1767171677,872156982,181_1767171677-872156982.png,1202,-1202,0,0,0.011508118872549,-0.011508118872549,147.49,138.12,306,-645,-1538,2423,551,-109,458.576049977654,-759.678110822144,-1442.47996635225,2419.52542599348,582.778290571151,-108.549287121948,166.851024925709,193.40939450264,0.00317071512113873,-0.0354417170612663,,,,,,,,,
1767171677,938853027,182_1767171677-938853027.png,1202,-1202,0,0,0.011508118872549,-0.011508118872549,149.28,140.02,482,-607,-1419,2463,570,-89,439.471369226387,-717.83863646416,-1407.70453599341,2422.19309431823,573.936925397898,-105.376881129804,93.2034096121788,187.816372871399,0.00317071512113873,-0.0342786956343094,,,,,,,,,
1767171677,972200439,183_1767171677-972200439.png,1202,-1202,0,0,0.011508118872549,-0.011508118872549,150,139.93,549,-595,-1468,2458,593,-75,457.365321718291,-692.541919600046,-1444.11316149389,2436.38615170449,581.826740795617,-99.920601354602,94.5090783834457,208.698391199112,0.00317071512113873,-0.0765837006353808,,,,,,,,,
1767171678,5549072,184_1767171678-5549072.png,1202,-1202,0,0,0.011508118872549,-0.011508118872549,150.15,138.71,347,-705,-1296,2401,603,-82,449.201007848435,-688.754534511541,-1427.80530234296,2433.34901981699,584.945798344836,-96.445603168447,131.177291572094,167.233543157577,0.00317071512113873,-0.051623269199711,,,,,,,,,
1767171678,72245117,185_1767171678-72245117.png,1202,-1202,0,0,0.011508118872549,-0.011508118872549,150.1,137.36,350,-690,-1340,2410,595,-84,434.611385797797,-688.936673660664,-1414.96449446395,2429.93441648857,586.416143168962,-94.6255354167277,132.982213377953,165.03777384758,0.00317071512113873,-0.0896771137146881,,,,,,,,,
1767171678,105592529,186_1767171678-105592529.png,1202,-1202,0,0,0.011508118872549,-0.011508118872549,149.68,134.44,476,-591,-1055,2378,454,-68,434.455629439866,-697.494981175727,-1385.63328267692,2426.21152275775,581.950492221305,-93.1824862775001,165.655493140221,174.370796442032,0.00317071512113873,-0.059814413582797,,,,,,,,,
1767171678,172288574,187_1767171678-172288574.png,1202,-1202,0,0,0.011508118872549,-0.011508118872549,149.28,133.84,535,-663,-1070,2352,447,-83,451.333115440946,-686.878318744294,-1322.17502876143,2412.83616036921,555.520432401356,-90.3757774043147,147.109749495983,221.193527936935,0.00317071512113873,-0.0468102871505645,,,,,,,,,
1767171678,205636963,188_1767171678-205636963.png,1202,-1202,0,0,0.011508118872549,-0.011508118872549,148.19,133.86,627,-901,-1385,2397,590,-96,481.549566531281,-708.012826694895,-1342.38374874686,2412.99924062114,553.002643946741,-89.3401610674919,146.387754797935,222.312332868576,0.00317071512113873,-0.0195325717215276,,,,,,,,,
1767171678,238984619,189_1767171678-238984619.png,1202,-1202,0,0,0.011508118872549,-0.011508118872549,147.2,134.53,570,-783,-1315,2396,591,-83,503.658430559684,-732.313162408522,-1342.5288679969,2409.70355335007,560.467801911445,-89.1179918024657,153.337554454803,160.007307052612,0.00317071512113873,-0.0664645555759129,,,,,,,,,
1767171678,272333008,190_1767171678-272333008.png,1202,-1202,0,0,0.011508118872549,-0.011508118872549,142.47,137.07,544,-785,-1260,2372,580,-93,507.061804030021,-744.703507148428,-1349.873266329,2409.81153410492,564.250725340767,-88.1417388027256,132.271518111229,210.366138458252,0.00317071512113873,-0.0891913893824675,,,,,,,,,
1767171678,339029053,191_1767171678-339029053.png,1202,-1202,0,0,0.011508118872549,-0.011508118872549,135.38,139.66,432,-719,-1443,2427,597,-114,505.011740551662,-747.449587383919,-1358.63499458393,2407.91410920902,572.939914202624,-91.3800740348197,163.272741794586,179.111961603165,0.00317071512113873,-0.095420543066784,,,,,,,,,
1767171678,405725098,192_1767171678-405725098.png,1202,-1202,0,0,0.011508118872549,-0.011508118872549,132.73,139.85,437,-685,-1222,2419,558,-109,489.286944296086,-737.051162034548,-1351.23367256851,2411.22949204655,573.683865510841,-95.8417896182003,149.707709550857,172.998512268066,0.00317071512113873,-0.095420543066784,,,,,,,,,
1767171678,439072510,193_1767171678-439072510.png,1202,-1202,0,0,0.011508118872549,-0.011508118872549,131.48,140.14,505,-707,-1329,2415,579,-104,489.719715160279,-732.0529991126,-1345.04733469557,2411.89061185072,574.461306733783,-97.0348612135811,164.676079213619,177.787106275558,0.00317071512113873,-0.095420543066784,,,,,,,,,
1767171678,472421143,194_1767171678-472421143.png,1202,-1202,0,0,0.011508118872549,-0.011508118872549,130,139.45,512,-671,-1431,2467,578,-99,490.310373253587,-716.677952612063,-1352.02203693413,2419.81890685998,573.922176528003,-97.474089625281,172.638541698456,192.497929573059,0.00317071512113873,-0.095420543066784,,,,,,,,,
1767171678,539117188,195_1767171678-539117188.png,1202,-1202,0,0,0.011508118872549,-0.011508118872549,130.3,139.48,448,-780,-1474,2445,591,-106,487.690065465301,-722.948582663582,-1368.68089349057,2424.10486200673,576.063098693355,-98.5289351363175,172.638541698456,192.497929573059,0.00317071512113873,-0.095420543066784,,,,,,,,,
1767171678,572464600,196_1767171678-572464600.png,1202,-1202,0,0,0.011508118872549,-0.011508118872549,132.2,139.88,313,-737,-1683,2406,657,-99,471.98175437758,-732.75702500087,-1399.50212888017,2423.85621131105,584.189132242151,-99.4718959427353,137.406265437603,185.404522895813,0.00317071512113873,-0.095420543066784,,,,,,,,,
1767171678,605812988,197_1767171678-605812988.png,1202,-1202,0,0,0.011508118872549,-0.011508118872549,133.22,139.55,318,-681,-1551,2392,697,-93,441.007761329334,-726.945978556785,-1440.11124749977,2418.64722262366,603.399287307352,-98.6653141571715,151.21858638525,157.481541872024,0.00317071512113873,-0.095420543066784,,,,,,,,,
1767171678,672508789,198_1767171678-672508789.png,1202,-1202,0,0,0.011508118872549,-0.011508118872549,134.01,139.12,577,-804,-1752,2479,599,-100,435.689976792622,-729.598977059263,-1466.52920025242,2418.91086515741,611.183260397836,-97.5575401963889,136.653359651565,226.193044185638,0.00317071512113873,-0.095420543066784,,,,,,,,,
1767171678,705856201,199_1767171678-705856201.png,1202,-1202,0,0,0.011508118872549,-0.011508118872549,134.35,139.25,562,-734,-1686,2465,626,-98,461.966865755638,-736.055409078478,-1515.3717539695,2429.17901952809,611.972063944492,-97.8048981498514,128.410619318485,224.360084056854,0.00317071512113873,-0.095420543066784,,,,,,,,,
1767171678,739204590,200_1767171678-739204590.png,1202,-1202,0,0,0.011508118872549,-0.011508118872549,134.84,139.76,438,-611,-1500,2458,548,-99,462.500758579485,-710.901522662839,-1508.74794649879,2434.15976127629,605.02563816679,-99.853398871548,112.544139683247,233.921223640442,0.00317071512113873,-0.0393906565446565,,,,,,,,,
1767171678,772551758,201_1767171678-772551758.png,1202,-1202,0,0,0.011508118872549,-0.011508118872549,135.09,139.63,665,-600,-1487,2403,546,-119,472.178223399471,-692.962758043651,-1506.43945716028,2434.90909635167,594.989657980902,-101.515991955446,165.70523661375,172.263866662979,0.00317071512113873,-0.0321389905244733,,,,,,,,,
1767171678,839247559,202_1767171678-839247559.png,1202,-1202,0,0,0.011508118872549,-0.011508118872549,135.16,139.89,666,-606,-1585,2433,575,-113,505.619826520095,-677.610137283016,-1514.72370793748,2432.95907823906,589.96902315943,-103.824637283375,135.814084649086,162.654725074768,0.00317071512113873,-0.011860383711387,,,,,,,,,
1767171678,872595947,203_1767171678-872595947.png,1202,-1202,0,0,0.011508118872549,-0.011508118872549,135.18,139.78,528,-557,-1390,2442,549,-88,512.677871140012,-661.31588481444,-1501.83243419013,2434.03438304117,584.690778239522,-102.196124847787,113.104305744171,223.573281049728,0.00317071512113873,-0.0669567518870868,,,,,,,,,
1767171678,905943359,204_1767171678-905943359.png,1202,-1202,0,0,0.011508118872549,-0.011508118872549,135.45,140.25,440,-488,-1285,2445,568,-66,494.265554941097,-649.415413100668,-1451.22693924632,2427.28859552214,581.513869290789,-96.65622945373,148.000846028328,179.205816268921,0.00317071512113873,-0.0505414935856549,,,,,,,,,
1767171678,972638916,205_1767171678-972638916.png,1202,-1202,0,0,0.011508118872549,-0.011508118872549,135.96,140.57,238,-694,-1287,2328,725,-73,424.844414968525,-630.861772590738,-1427.28997500991,2415.15739174561,628.166488662934,-86.2431350251826,126.62232196331,173.333523273468,0.00317071512113873,-0.0573241115234795,,,,,,,,,
1767171679,5987305,206_1767171679-5987305.png,1202,-1202,0,0,0.011508118872549,-0.011508118872549,135.96,140.57,238,-694,-1287,2328,725,-73,419.028559460943,-632.827059097584,-1422.92320694806,2412.44446721481,631.180599147976,-85.8309195474717,118.3217856884,229.448583126068,0.00317071512113873,-0.0573241115234795,,,,,,,,,
1767171679,39334717,207_1767171679-39334717.png,1202,-1202,0,0,0.011508118872549,-0.011508118872549,136.33,140.29,575,-561,-1477,2377,526,-113,418.03333718638,-646.97161088941,-1409.03119208653,2405.36226251385,629.112837730245,-87.8515863176941,118.604920864105,229.043216943741,0.00317071512113873,-0.0573241115234795,,,,,,,,,
1767171679,106030518,208_1767171679-106030518.png,1202,-1202,0,0,0.011508118872549,-0.011508118872549,136.44,140.48,561,-628,-1277,2352,535,-111,447.934220197228,-635.964489874427,-1404.42660824766,2397.46794386189,609.452869325727,-92.6641495598591,131.564459443092,235.292934656143,0.00317071512113873,-0.0573241115234795,,,,,,,,,
1767171679,139378662,209_1767171679-139378662.png,1202,-1202,0,0,0.011508118872549,-0.011508118872549,136.5,140.82,376,-698,-1188,2363,566,-85,447.725977218515,-641.135009115481,-1377.7366766024,2392.12557572756,602.247960119364,-92.256470219878,163.194814682007,171.883432865143,0.00317071512113873,-0.0573241115234795,,,,,,,,,
1767171679,172726074,210_1767171679-172726074.png,1202,-1202,0,0,0.011508118872549,-0.011508118872549,136.56,139.16,360,-736,-1145,2326,610,-116,432.985749533306,-653.042408124103,-1365.36102762778,2389.72466820629,602.654345796335,-93.7641819293892,166.119678974152,190.897528409958,0.00317071512113873,-0.0573241115234795,,,,,,,,,
1767171679,206074463,211_1767171679-206074463.png,1202,-1202,0,0,0.011508118872549,-0.011508118872549,136.64,137.97,598,-902,-1208,2376,478,-159,441.912492487162,-682.402469493192,-1332.98073487583,2383.23717864884,591.977304458289,-101.498558984944,167.577435493469,188.823268651962,0.00317071512113873,-0.0573241115234795,,,,,,,,,
1767171679,272770264,212_1767171679-272770264.png,1202,-1202,0,0,0.011508118872549,-0.011508118872549,136.63,136.6,559,-863,-1293,2381,484,-165,464.253272008709,-715.718830614512,-1321.48113478072,2382.58054141934,572.993022771032,-112.148638534623,183.340531826019,170.828821659088,0.00317071512113873,-0.0573241115234795,,,,,,,,,
1767171679,306117432,213_1767171679-306117432.png,1202,-1202,0,0,0.011508118872549,-0.011508118872549,136.2,135.82,396,-709,-1337,2341,584,-88,474.986656428365,-735.669485505785,-1305.1766182729,2379.78712039284,558.742573405565,-116.901811950297,115.122488081455,157.419497489929,0.00317071512113873,-0.0573241115234795,,,,,,,,,
1767171679,339465820,214_1767171679-339465820.png,1202,-1202,0,0,0.011508118872549,-0.011508118872549,136.04,135.05,440,-642,-1428,2349,611,-85,464.530534867404,-722.413388858839,-1322.30761426764,2373.03589991403,566.965751130632,-110.806511212429,116.111513018608,156.053088188171,0.00317071512113873,-0.0573241115234795,,,,,,,,,
1767171679,372813232,215_1767171679-372813232.png,1202,-1202,0,0,0.011508118872549,-0.011508118872549,137.27,135.01,406,-637,-1670,2399,634,-83,456.903490042516,-710.059521067034,-1366.51709742369,2375.46151447947,576.13810766545,-106.79489311149,160.470872461796,161.319839477539,0.00317071512113873,-0.0631211493117329,,,,,,,,,
1767171679,439508789,216_1767171679-439508789.png,1202,-1202,0,0,0.011508118872549,-0.011508118872549,142.1,136.76,443,-689,-1663,2433,654,-83,447.016674873175,-697.828364828948,-1425.46153936477,2385.64526465413,591.065747151662,-101.006077566652,161.847974419594,162.882555484772,0.00317071512113873,-0.0596866039914062,,,,,,,,,
1767171679,472857178,217_1767171679-472857178.png,1202,-1202,0,0,0.011508118872549,-0.011508118872549,153.01,138.97,423,-742,-1939,2500,670,-93,443.397690521699,-704.05349433825,-1506.87485553728,2403.62714799347,604.281695394584,-97.5149064799649,124.62219274044,170.49366736412,0.00317071512113873,-0.0541409161535533,,,,,,,,,
1767171679,539552979,218_1767171679-539552979.png,1202,-1202,0,0,0.011508118872549,-0.011508118872549,159.7,139.65,476,-654,-1699,2540,687,-90,449.532972437263,-692.237851148168,-1552.12009875801,2433.47968038973,623.817041354618,-96.1493390680014,186.17876714468,152.880370616913,0.00317071512113873,-0.0540378710218549,,,,,,,,,
1767171679,572900146,219_1767171679-572900146.png,1202,-1202,0,0,0.011508118872549,-0.011508118872549,171.66,140.3,457,-660,-1733,2605,632,-67,451.328317496573,-686.507169480059,-1600.08820534313,2462.77525204068,628.649756988073,-92.0684149096389,167.316379666328,154.835126876831,0.00317071512113873,-0.0540378710218549,,,,,,,,,
1767171679,606248779,220_1767171679-606248779.png,1202,-1202,0,0,0.011508118872549,-0.011508118872549,175.79,140.36,338,-665,-1785,2630,698,-61,439.631420324427,-680.291533245955,-1631.18590237399,2493.27856613816,635.28824067806,-86.5477067420123,173.874725461006,142.372946739197,0.00317071512113873,-0.0540378710218549,,,,,,,,,
1767171679,672944580,221_1767171679-672944580.png,1202,-1202,0,0,0.011508118872549,-0.011508118872549,181.22,140.63,536,-704,-1700,2673,641,-81,439.078856650283,-684.140068035655,-1663.42674265,2529.9527486749,645.986139821456,-82.67849448364,195.898875653744,133.299134969711,0.00317071512113873,-0.0540378710218549,,,,,,,,,
1767171679,739640381,222_1767171679-739640381.png,1202,-1202,0,0,0.011508118872549,-0.011508118872549,186.47,140.87,453,-665,-1756,2701,669,-80,445.966922330241,-682.938471077294,-1676.40075467802,2558.00045219432,648.451226811602,-82.269609526597,194.806467413902,118.670416593552,0.00317071512113873,-0.0540378710218549,,,,,,,,,
1767171679,772988037,223_1767171679-772988037.png,1202,-1202,0,0,0.011508118872549,-0.011508118872549,199.99,141.12,376,-835,-1794,2660,649,-55,435.314644163968,-708.011759609018,-1682.62293945363,2584.88280463942,646.243726268375,-76.4338104764903,196.513590693474,116.049507141113,0.00317071512113873,-0.0540378710218549,,,,,,,,,
1767171679,839683838,224_1767171679-839683838.png,1202,-1202,0,0,0.011508118872549,-0.011508118872549,217.18,142.04,428,-792,-1632,2583,655,-59,435.891891145316,-733.914271441902,-1673.22961095592,2590.28735988315,642.992902954973,-71.5879346263308,223.512867510319,115.929430484772,0.00317071512113873,-0.0540378710218549,,,,,,,,,
1767171679,873032227,225_1767171679-873032227.png,1202,-1202,0,0,0.011508118872549,-0.011508118872549,222.98,142.97,349,-675,-1759,2497,649,-67,427.175051007067,-734.859072638707,-1676.53686587441,2581.05703183684,644.834058333921,-69.8124532402644,223.512867510319,115.929430484772,0.00317071512113873,-0.0540378710218549,,,,,,,,,
1767171679,906379639,226_1767171679-906379639.png,1202,-1202,0,0,0.011508118872549,-0.011508118872549,223.66,143.93,344,-492,-1404,2176,536,-84,412.933901061065,-697.752181166485,-1638.87200955144,2519.58696090165,629.028675396357,-71.8125259066328,188.608534514904,122.610879659653,0.00317071512113873,-0.0433832452733906,,,,,,,,,
1767171679,939728271,227_1767171679-939728271.png,1202,-1202,0,0,0.011508118872549,-0.011508118872549,213.66,146.23,182,-315,-1264,1499,397,-77,375.150501765204,-619.119526765426,-1543.77877685102,2338.16068926472,582.754186323667,-72.6578886197887,188.608534514904,122.610879659653,0.00317071512113873,-0.0727293884141887,,,,,,,,,
1767171680,6424072,228_1767171680-6424072.png,1202,-1202,0,0,0.011508118872549,-0.011508118872549,201.16,147.01,134,-197,-833,1072,292,-69,334.751295153093,-549.306110729582,-1432.39815267038,2130.69459305703,535.297401090706,-72.238342608092,150.580103576183,198.966880321503,0.00317071512113873,-0.0723266802610867,,,,,,,,,
1767171680,39771484,229_1767171680-39771484.png,1202,-1202,0,0,0.011508118872549,-0.011508118872549,183.69,147.45,190,-80,-715,720,196,-51,313.582601216612,-480.673927438596,-1327.48453577725,1924.39203772107,485.677929088496,-69.1324085719694,156.87596487999,169.515716075897,0.00317071512113873,-0.0946748841393775,,,,,,,,,
1767171680,106467285,230_1767171680-106467285.png,1202,-1202,0,0,0.011508118872549,-0.011508118872549,144.2,147.45,35,92,-488,262,111,-9,252.667751721042,-332.165931919614,-1105.89585840146,1497.44505143381,382.23104562514,-55.3277971418375,28.2360304296016,132.316884994507,0.00317071512113873,-0.0739078678409066,,,,,,,,,
1767171680,139815918,231_1767171680-139815918.png,1202,-1202,0,0,0.011508118872549,-0.011508118872549,105.83,145.73,-125,88,-280,196,91,10,161.769837989447,-210.51919582754,-889.23958201767,1145.5012106768,301.031795034352,-38.1170490592027,64.8841773867607,232.523577213287,0.00317071512113873,-0.0888334752213387,,,,,,,,,
1767171680,206511719,232_1767171680-206511719.png,1202,-1202,0,0,0.011508118872549,-0.011508118872549,78.19,144,64,94,-340,287,38,-17,122.588021764339,-136.050128468155,-795.692928816083,973.798224324083,251.823286470222,-31.0410938104708,52.2125145494937,171.850046396255,0.00317071512113873,-0.0655558183262252,,,,,,,,,
1767171680,239859131,233_1767171680-239859131.png,1202,-1202,0,0,0.011508118872549,-0.011508118872549,70.93,142.34,73,-8,-486,243,65,-29,112.023867625888,-102.489408617015,-722.555450550127,832.197003965597,212.573631228024,-29.6787978953095,-116.12180262804,247.254890918732,0.00317071512113873,-0.0943520732504604,,,,,,,,,
1767171680,273207520,234_1767171680-273207520.png,1202,-1202,0,0,0.011508118872549,-0.011508118872549,68.13,140.65,69,-155,-635,203,56,-36,104.694931044961,-107.657625829901,-703.464791454855,724.524350956025,185.754292363578,-30.5851831930616,-116.12180262804,247.254890918732,0.00317071512113873,-0.0943520732504604,,,,,,,,,
1767171680,306555176,235_1767171680-306555176.png,1202,-1202,0,0,0.011508118872549,-0.011508118872549,67.08,140.85,31,-91,-593,229,146,-43,93.9164395737887,-112.552513865322,-661.800739514905,591.225981763975,165.212054156455,-31.4693536236692,-94.4697543978691,277.15211558342,0.00317071512113873,-0.0943520732504604,,,,,,,,,
1767171680,373250977,236_1767171680-373250977.png,1202,-1202,0,0,0.011508118872549,-0.011508118872549,66.21,138.82,-71,100,-628,281,150,4,55.7203748811037,-64.4286545736367,-678.622055945073,506.16468874712,162.025373836917,-25.918256446464,-94.1577861905098,276.483956336975,0.00317071512113873,-0.0943520732504604,,,,,,,,,
1767171680,406599365,237_1767171680-406599365.png,1202,-1202,0,0,0.011508118872549,-0.011508118872549,65.74,137.62,215,208,-728,278,20,-26,66.5483656432381,-35.1179296471228,-681.65785145233,479.14060211979,148.831114312823,-25.0786793462748,-31.9207782149315,269.371492147446,0.00317071512113873,-0.0943520732504604,,,,,,,,,
1767171680,439946777,238_1767171680-439946777.png,1202,-1202,0,0,0.011508118872549,-0.011508118872549,65.28,137.4,200,105,-774,265,65,-51,93.8318949247734,-1.90635886586521,-697.586859890059,437.30016721256,129.830769640217,-28.9176661876444,52.7749534845352,208.302052259445,0.00317071512113873,-0.0943520732504604,,,,,,,,,
1767171680,506642822,239_1767171680-506642822.png,1202,-1202,0,0,0.011508118872549,-0.011508118872549,64.42,139.19,44,-35,-478,255,61,9,92.036560411481,9.50604292448796,-663.594367265202,400.964629530393,115.888894828489,-26.7424799450266,52.5522118210792,208.923785686493,0.00317071512113873,-0.0943520732504604,,,,,,,,,
1767171680,539991211,240_1767171680-539991211.png,1202,-1202,0,0,0.011508118872549,-0.011508118872549,63.5,139.39,12,-104,-352,201,80,14,78.6961989323243,-7.5293794148439,-611.771514754013,365.565380595295,107.247387988553,-19.0512417741587,-58.8416084051133,267.728390693664,0.00317071512113873,-0.0943520732504604,,,,,,,,,
1767171680,573338623,241_1767171680-573338623.png,1202,-1202,0,0,0.011508118872549,-0.011508118872549,62.77,138.97,-147,-110,-485,200,87,11,43.9175428998311,-25.0785479812443,-586.328866833749,336.979521238559,103.562281820666,-13.7781664421612,-39.3237889707089,259.20094203949,0.00317071512113873,-0.0802346450866097,,,,,,,,,
1767171680,640035156,242_1767171680-640035156.png,1202,-1202,0,0,0.011508118872549,-0.011508118872549,35.32,141.25,-34,-2,-389,184,86,16,6.56316190442951,-24.0659397803965,-533.957302795942,294.133827877069,104.169971888177,-7.20365722829668,-30.1680675745011,262.920452594757,0.00317071512113873,-0.0949880586766287,,,,,,,,,
1767171680,673383789,243_1767171680-673383789.png,1202,-1202,0,0,0.011508118872549,-0.011508118872549,15.38,142.34,4,50,-461,229,56,22,6.18832042334203,-13.2344013912525,-523.287893505441,284.60853785612,97.1255071685263,-2.93286102548633,30.6576803922653,232.677470207214,0.00317071512113873,-0.0891200913205412,,,,,,,,,
1767171680,706731689,244_1767171680-706731689.png,1202,-1202,0,0,0.011508118872549,-0.011508118872549,-1.01,142.45,-83,72,-360,134,139,31,-13.3059060110928,6.02383672594103,-486.883684937731,258.684201958523,104.479319555412,3.94226450491844,-34.0900092720986,279.559380292892,0.00317071512113873,-0.0830699467329807,,,,,,,,,
1767171680,740080322,245_1767171680-740080322.png,1202,-1202,0,0,0.011508118872549,-0.011508118872549,-7.63,142.39,-22,104,-551,205,106,27,-19.9624900474603,25.449915568932,-486.456085974134,241.199190405712,107.369060777164,9.40497498124997,-32.9933150410653,281.274126529693,0.00317071512113873,-0.0969565194433899,,,,,,,,,
1767171680,806776855,246_1767171680-806776855.png,1202,-1202,0,0,0.011508118872549,-0.011508118872549,-21.63,142.41,-67,168,-778,178,194,32,-11.0885734246855,47.392819918433,-487.815022629074,229.568876825605,105.195853292834,12.3179401469635,45.1445254385471,244.484960317612,0.00317071512113873,-0.0969565194433899,,,,,,,,,
1767171680,840124756,247_1767171680-840124756.png,1202,-1202,0,0,0.011508118872549,-0.011508118872549,-26.26,142.18,-137,247,-670,188,184,22,-28.5258331256037,78.4908635253219,-535.660922556728,220.234189411414,121.92412643345,15.3210522676373,70.9976892471313,290.313692092895,0.00317071512113873,-0.0969565194433899,,,,,,,,,
1767171680,906821289,248_1767171680-906821289.png,1202,-1202,0,0,0.011508118872549,-0.011508118872549,6.31,141.16,50,52,-627,317,141,15,-30.8909177417897,81.3698902686632,-546.118669255455,229.216590322894,129.859042802807,14.4871081629048,31.777168303728,288.144574642181,0.00317071512113873,-0.0969565194433899,,,,,,,,,
1767171680,940169922,249_1767171680-940169922.png,1202,-1202,0,0,0.011508118872549,-0.011508118872549,24.45,141.28,60,-69,-802,466,232,0,-11.3485604994969,57.1101613569275,-589.788785244658,270.627103307637,145.657165818045,12.4081172679255,28.6777472794055,157.131485462189,0.00317071512113873,-0.0969565194433899,,,,,,,,,
1767171680,973517822,250_1767171680-973517822.png,1202,-1202,0,0,0.011508118872549,-0.011508118872549,121.35,146.64,298,-328,-1065,1003,415,-29,12.4988156127371,12.8020590265562,-673.755104312793,358.228549361521,181.577324147408,6.52731843416417,141.203913390636,192.466262578964,0.00317071512113873,-0.0969565194433899,,,,,,,,,
1767171681,40214355,251_1767171681-40214355.png,1202,-1202,0,0,0.011508118872549,-0.011508118872549,179.42,152.72,480,-325,-1207,1277,447,-20,97.9352537479212,-63.0142109668937,-778.073797562625,534.896358896575,237.551682955145,-0.344076546924809,210.161095798016,143.39431476593,0.00317071512113873,-0.0969565194433899,,,,,,,,,
1767171681,73562988,252_1767171681-73562988.png,1202,-1202,0,0,0.011508118872549,-0.011508118872549,244.43,160.53,423,-333,-1332,1521,507,-14,155.626572094254,-109.459619755559,-870.479562619685,698.827138692987,282.522323330639,-2.86349400689468,210.161095798016,143.39431476593,0.00317071512113873,-0.0969565194433899,,,,,,,,,
1767171681,140259521,253_1767171681-140259521.png,1202,-1202,0,0,0.011508118872549,-0.011508118872549,358.35,174.02,364,-500,-1204,1682,578,16,211.622850350255,-191.828600755526,-940.418099440493,908.630034234149,346.680033607539,0.0963268209065854,264.378364861011,62.3044567108153,0.00317071512113873,-0.0969565194433899,,,,,,,,,
1767171681,173607422,254_1767171681-173607422.png,1202,-1202,0,0,0.011508118872549,-0.011508118872549,449.32,188.43,513,-579,-1179,1791,559,-28,256.459442476154,-277.218264216237,-1024.01958423966,1097.22651433476,403.395556211225,-0.830195928922205,274.723838448524,44.2409441471099,0.00317071512113873,-0.0240217313832214,,,,,,,,,
1767171681,240303955,255_1767171681-240303955.png,1202,-1202,0,0,0.011508118872549,-0.011508118872549,487.26,195.23,594,-536,-1171,1797,565,-31,310.417773608109,-324.26216078338,-1049.85225447614,1217.83491883065,430.99945598276,-5.88202721582987,292.777862012386,18.3578333854674,0.00317071512113873,-0.0802133352809089,,,,,,,,,
1767171681,273652832,256_1767171681-273652832.png,1202,-1202,0,0,0.011508118872549,-0.011508118872549,541.77,200.6,382,-331,-1217,1825,601,-27,355.019976294585,-343.51821061388,-1094.60377494479,1381.65099055483,470.315217056336,-10.927516942869,305.339582681656,8.23915410041797,0.00317071512113873,-0.0393654702332794,,,,,,,,,
1767171681,340349365,257_1767171681-340349365.png,1202,-1202,0,0,0.011508118872549,-0.011508118872549,556.64,204.59,422,-463,-1321,1841,545,-15,366.028472174835,-339.512613681643,-1125.3690862048,1462.30929920068,483.080292062277,-14.4651052756183,311.382570505142,12.5540328025817,0.00317071512113873,-0.0393654702332794,,,,,,,,,
1767171681,373697021,258_1767171681-373697021.png,1202,-1202,0,0,0.011508118872549,-0.011508118872549,509.84,207.86,387,-518,-1544,1912,592,0,373.556316741529,-364.223927088524,-1172.84380377381,1532.10451644216,496.661416438523,-13.1999880394339,275.361282229423,29.8116848468779,0.00317071512113873,-0.0393654702332794,,,,,,,,,
1767171681,407045898,259_1767171681-407045898.png,1202,-1202,0,0,0.011508118872549,-0.011508118872549,519.17,209.55,483,-552,-1483,1921,675,1,387.28569090104,-394.838628512016,-1229.738112995,1598.82605484029,522.999009034019,-10.7999985809032,281.73390173912,4.50961327552783,0.00317071512113873,-0.0393654702332794,,,,,,,,,
1767171681,440393555,260_1767171681-440393555.png,1202,-1202,0,0,0.011508118872549,-0.011508118872549,536.58,213.48,528,-513,-1848,2104,802,-1,410.407587615691,-423.892876117125,-1303.05539440386,1666.64567406247,563.350515643429,-9.74393805304677,297.007096290588,15.16047000885,0.00317071512113873,-0.0393654702332794,,,,,,,,,
1767171681,507090332,261_1767171681-507090332.png,1202,-1202,0,0,0.011508118872549,-0.011508118872549,548.11,216.81,495,-611,-1549,2164,796,-4,428.267880575229,-455.452930578162,-1389.33083258593,1771.52759540413,615.978211006512,-8.14601949371001,289.903390586376,1.54538202285755,0.00317071512113873,-0.0393654702332794,,,,,,,,,
1767171681,540438965,262_1767171681-540438965.png,1202,-1202,0,0,0.011508118872549,-0.011508118872549,577.57,222.25,566,-641,-1746,2303,854,-3,444.308238359081,-493.084928538491,-1453.07266885016,1866.78808352653,661.524359919426,-7.70761228316809,299.239318430424,-15.1075880527498,0.00317071512113873,-0.0393654702332794,,,,,,,,,
1767171681,573786865,263_1767171681-573786865.png,1202,-1202,0,0,0.011508118872549,-0.011508118872549,594.83,224.51,622,-666,-1788,2386,907,-7,475.125395252873,-525.425877382063,-1516.2276655367,1963.26559492672,706.040209779179,-7.2481032353443,307.840003967285,-14.4624984264375,0.00317071512113873,-0.0393654702332794,,,,,,,,,
1767171681,640483887,264_1767171681-640483887.png,1202,-1202,0,0,0.011508118872549,-0.011508118872549,665.43,226.84,611,-684,-1900,2504,905,-21,495.297658795943,-548.12233463124,-1569.27924582085,2039.10702451972,735.191310015725,-8.8752073432649,304.211847484112,-27.2470800876619,0.00317071512113873,-0.0393654702332794,,,,,,,,,
1767171681,673833008,265_1767171681-673833008.png,1202,-1202,0,0,0.011508118872549,-0.011508118872549,706.24,231.77,684,-724,-1909,2611,968,-21,528.236936464922,-582.633476550624,-1629.73431988366,2144.01580000154,772.083741594271,-11.1454757348237,310.856952130794,-39.1018557548524,0.00317071512113873,-0.108320220064217,,,,,,,,,
1767171681,707181152,266_1767171681-707181152.png,1202,-1202,0,0,0.011508118872549,-0.011508118872549,725.88,232.71,636,-714,-1933,2638,978,-15,550.811189299634,-606.158910902408,-1680.16813423081,2227.1619881742,807.129442642167,-12.1356201736464,308.137166023254,-55.3673708438875,0.00317071512113873,-0.132782625805864,,,,,,,,,
1767171681,773878174,267_1767171681-773878174.png,1202,-1202,0,0,0.011508118872549,-0.011508118872549,759.03,234.42,720,-740,-2036,2627,932,-24,590.7158581149,-641.833977327911,-1749.99422815036,2336.4587885102,845.151460642693,-12.9505344861837,307.498163700104,-59.2066714763643,0.00317071512113873,-0.0431936514941571,,,,,,,,,
1767171681,807227295,268_1767171681-807227295.png,1202,-1202,0,0,0.011508118872549,-0.011508118872549,771.41,235.23,790,-661,-1799,2529,859,-40,614.393478577999,-644.111157068979,-1755.8167690479,2359.33525869009,846.796852271795,-16.1643726376162,305.573364019394,-72.9008553028108,0.00317071512113873,-0.0743654228318187,,,,,,,,,
1767171681,873924316,269_1767171681-873924316.png,1202,-1202,0,0,0.011508118872549,-0.011508118872549,784.41,239.46,672,-563,-1721,2287,726,-38,645.588055973614,-635.016122196674,-1746.96051488812,2367.73727429083,828.743819382585,-22.3302636733241,313.299837231636,-29.0371966362001,0.00317071512113873,-0.0589529990933367,,,,,,,,,
1767171681,907272461,270_1767171681-907272461.png,1202,-1202,0,0,0.011508118872549,-0.011508118872549,783.21,243.51,633,-565,-1428,1985,712,-57,645.518754984291,-622.808172814653,-1707.66179148964,2317.90290124627,809.324602173747,-27.2957071113033,299.188146293163,-17.2330021858217,0.00317071512113873,-0.0522595847439286,,,,,,,,,
1767171681,973969482,271_1767171681-973969482.png,1202,-1202,0,0,0.011508118872549,-0.011508118872549,664.39,255.44,150,-194,-790,870,366,-40,524.783525865589,-512.041243969233,-1441.43243915919,1895.54710060501,690.143346484965,-33.6087932921315,279.657403945923,28.0955057144164,0.00317071512113873,-0.0781102843265929,,,,,,,,,
1767171682,7318604,272_1767171682-7318604.png,1202,-1202,0,0,0.011508118872549,-0.011508118872549,664.39,255.44,150,-194,-790,870,366,-40,513.117740546698,-502.14166029322,-1421.15547803225,1863.62517372085,680.053824316383,-33.8077306525996,277.839104652405,109.703498840332,0.00317071512113873,-0.023577664625194,,,,,,,,,
1767171682,40666748,273_1767171682-40666748.png,1202,-1202,0,0,0.011508118872549,-0.011508118872549,596.44,250.24,156,-71,-457,618,170,-40,451.242444719698,-430.901943972698,-1263.38285180062,1655.05738158656,597.11673493502,-34.8778571351017,258.567729711533,171.762353181839,0.00317071512113873,-0.0524580664894119,,,,,,,,,
1767171682,107364014,274_1767171682-107364014.png,1203,-1202,50,0,0.0115176930147059,-0.011508118872549,514.65,239.39,120,37,-87,402,-8,-27,402.800944257634,-362.475108594356,-1091.34647371119,1471.80798013837,508.623357766033,-33.7257849108642,229.135308682918,160.313660144806,0.00317071512113873,-0.0582314350877857,,,,,,,,,
1767171682,140713135,275_1767171682-140713135.png,1202,-1202,0,0,0.011508118872549,-0.011508118872549,340.56,200.67,38,-120,-11,121,21,-9,341.747225545851,-316.525863898894,-846.818953442764,1177.07106791389,391.388204504352,-30.726443234319,50.8070341348648,254.926900863647,0.00317071512113873,-0.0698315039624126,,,,,,,,,
1767171682,174061279,276_1767171682-174061279.png,1202,-1202,0,0,0.011508118872549,-0.011508118872549,261.92,176.78,-30,-61,-313,124,106,-11,271.489504149467,-268.874626004668,-725.020394814295,967.812052554048,330.272980510489,-26.704836482722,-11.1041086316109,220.395261764526,0.00317071512113873,-0.0760717712395729,,,,,,,,,
1767171682,207410400,277_1767171682-207410400.png,1202,-1202,0,0,0.011508118872549,-0.011508118872549,193.68,162.12,-68,88,-188,175,117,3,221.841938644875,-216.684628508625,-646.485550870765,851.869769122871,299.083550083821,-22.3607469098384,77.6347414255142,144.097579956055,0.00317071512113873,-0.00544321377264294,,,,,,,,,
1767171682,274107666,278_1767171682-274107666.png,1202,-1202,0,0,0.011508118872549,-0.011508118872549,99.52,144.61,8,92,-574,171,137,-13,157.003000715757,-140.617321533335,-595.246582412458,667.03831865982,254.893478368727,-18.8242354218287,18.2851277887821,204.817536592483,0.00317071512113873,-0.0279936076880873,,,,,,,,,
1767171682,307455566,279_1767171682-307455566.png,1202,-1202,0,0,0.011508118872549,-0.011508118872549,99.52,141.52,-66,40,-495,178,94,26,120.27299349079,-94.4572566175057,-581.930629694185,567.873701103547,229.809791715152,-11.5711075095392,-29.4795165956021,154.052335977554,0.00317071512113873,-0.0634968995209362,,,,,,,,,
1767171682,340804688,280_1767171682-340804688.png,1202,-1202,0,0,0.011508118872549,-0.011508118872549,76.3,141.11,-86,-60,-578,180,93,8,80.9096074210151,-79.6402171343637,-574.530842110544,490.696429528997,202.72403703591,-6.24947716397076,-9.15248903632169,202.607438325882,0.00317071512113873,-0.0478065368779057,,,,,,,,,
1767171682,407501953,281_1767171682-407501953.png,1202,-1202,0,0,0.011508118872549,-0.011508118872549,65.34,140.74,-54,68,-364,133,96,10,57.5481837657391,-54.4699995545527,-531.010775676431,424.423158542124,178.76313206173,-5.34144707892715,-40.1654017865658,262.950829982757,0.00317071512113873,-0.123561756589943,,,,,,,,,
1767171682,440850098,282_1767171682-440850098.png,1202,-1202,0,0,0.011508118872549,-0.011508118872549,65,140.26,-108,69,-348,113,107,27,22.0229029344939,-23.9904233803803,-487.305725440922,349.318717708804,159.873043364243,0.944429198859179,-53.8590787053109,141.715677499771,0.00317071512113873,-0.0795168243602597,,,,,,,,,
1767171682,507547607,283_1767171682-507547607.png,1202,-1202,0,0,0.011508118872549,-0.011508118872549,64.56,140.38,-9,-9,-239,171,43,8,1.07575484238123,-17.8575855309186,-456.296335360723,309.434149170437,150.868943938404,5.84768318152578,-51.1753338873387,271.343299865723,0.00317071512113873,-0.0606267517519012,,,,,,,,,
1767171682,540896729,284_1767171682-540896729.png,1202,-1202,0,0,0.011508118872549,-0.011508118872549,69.57,140.02,-47,46,-299,261,82,1,-6.97699467080151,-7.62044077570762,-411.250951022304,288.308583303035,129.855426129522,5.3570756009995,-29.7510276436806,205.704212427139,0.00317071512113873,-0.103806374434132,,,,,,,,,
1767171682,607592773,285_1767171682-607592773.png,1202,-1202,0,0,0.011508118872549,-0.011508118872549,134.94,150.16,282,-100,-705,800,340,-36,47.1442997414996,-12.8620489391507,-427.744865564309,388.669051118146,157.406216685131,-1.75734388777418,150.069291353226,138.751016378403,0.00317071512113873,-0.0638591884249918,,,,,,,,,
1767171682,640939453,286_1767171682-640939453.png,1202,-1202,0,0,0.011508118872549,-0.011508118872549,134.94,150.16,282,-100,-705,800,340,-36,54.4545895249302,-15.574368345016,-436.37491105368,401.472438176285,163.089763932294,-2.82320577172764,177.408460259438,158.663680791855,0.00317071512113873,-0.121934769617537,,,,,,,,,
1767171682,707634277,287_1767171682-707634277.png,1202,-1202,0,0,0.011508118872549,-0.011508118872549,231.99,169.41,504,-470,-1184,1438,554,-51,156.261758399814,-109.569624980319,-630.8248552588,617.219790131089,250.24532329228,-14.2401549691322,234.672030031681,93.7807323932647,0.00317071512113873,-0.0931399955268387,,,,,,,,,
1767171682,740981934,288_1767171682-740981934.png,1201,-1202,0,0,0.0114985447303922,-0.011508118872549,369.1,190.66,417,-446,-1415,1889,661,-40,200.683284685987,-185.132372536234,-768.206120617082,833.377389509903,328.828384450438,-21.7574635131137,255.41181153059,66.1312911510466,0.00317071512113873,-0.0931399955268387,,,,,,,,,
1767171682,807676514,289_1767171682-807676514.png,1202,-1202,0,0,0.011508118872549,-0.011508118872549,508.34,201.82,454,-407,-1192,2015,670,-38,248.0321009131,-232.297581883332,-870.14074674944,1057.95656743931,395.855043702004,-25.1421485710518,292.327832937241,-10.978699207306,0.00317071512113873,-0.0931399955268387,,,,,,,,,
1767171682,841023438,290_1767171682-841023438.png,1202,-1202,0,0,0.011508118872549,-0.011508118872549,646.93,221.17,597,-492,-1504,2192,740,-53,318.572498069235,-279.254278145007,-990.091748465904,1302.7969459086,465.085382135316,-27.7526596502281,305.977286219597,-33.9566140174867,0.00317071512113873,-0.0931399955268387,,,,,,,,,
1767171682,907718018,291_1767171682-907718018.png,1202,-1202,0,0,0.011508118872549,-0.011508118872549,665.29,226.17,739,-485,-1534,2181,740,-60,383.560870482268,-315.18856132835,-1082.46798875916,1455.15898239338,512.595171600055,-32.9475109132111,289.564537525177,-27.6965794563295,0.00317071512113873,-0.0931399955268387,,,,,,,,,
1767171682,941065918,292_1767171682-941065918.png,1202,-1202,0,0,0.011508118872549,-0.011508118872549,464.14,234.96,480,-440,-1261,2032,644,-28,426.443207665675,-338.899624574364,-1158.07208527536,1586.361420151,548.966443044018,-37.3190119971643,278.629545331001,-10.8981704711915,0.00317071512113873,-0.0931399955268387,,,,,,,,,
1767171682,974412598,293_1767171682-974412598.png,1202,-1202,0,0,0.011508118872549,-0.011508118872549,322.2,239.22,398,-437,-1482,1932,654,-15,427.334964545704,-358.618083748647,-1204.76762289689,1662.96788125221,569.024824023958,-33.9240174905302,225.227783501148,68.5779604911803,0.00317071512113873,-0.0931399955268387,,,,,,,,,
1767171683,7760498,294_1767171683-7760498.png,1202,-1202,0,0,0.011508118872549,-0.011508118872549,253.96,242.81,560,-450,-1183,1722,576,1,442.292731643087,-371.625372232936,-1209.78539476995,1671.60084617921,570.044886505843,-28.8166653490006,110.95741379261,187.065822124481,0.00317071512113873,-0.0931399955268387,,,,,,,,,
1767171683,74455078,295_1767171683-74455078.png,1202,-1202,0,0,0.011508118872549,-0.011508118872549,201.86,252.89,308,-308,-1036,1129,454,2,407.512506566744,-362.072949319484,-1195.89883946846,1550.32346859885,558.627448743808,-14.0543838492038,102.625446915626,202.366855144501,0.00317071512113873,-0.0931399955268387,,,,,,,,,
1767171683,107801758,296_1767171683-107801758.png,1202,-1202,0,0,0.011508118872549,-0.011508118872549,294.98,254.96,371,-312,-929,915,382,11,406.375991662364,-360.514342185684,-1187.59115156807,1530.54792703627,553.129613977166,-13.2745228278133,201.29480868578,127.896545171738,0.00317071512113873,-0.088399490629541,,,,,,,,,
1767171683,141149658,297_1767171683-141149658.png,1202,-1202,0,0,0.011508118872549,-0.011508118872549,357.1,253.23,255,-196,-829,705,291,25,397.59184140456,-349.808815536987,-1146.66163606671,1433.992460139,525.270774132062,-9.28879803890864,202.520472288132,142.328383684158,0.00317071512113873,-0.0756602407448232,,,,,,,,,
1767171683,174496338,298_1767171683-174496338.png,1202,-1202,0,0,0.011508118872549,-0.011508118872549,331.08,247.35,50,-21,-523,468,242,29,360.386274650677,-312.503307824729,-1073.01137232861,1293.48606833502,481.781967911234,-3.11798870830586,198.516966879368,154.407550811767,0.00317071512113873,-0.0703801740020997,,,,,,,,,
1767171683,207843994,299_1767171683-207843994.png,1202,-1202,0,0,0.011508118872549,-0.011508118872549,331.24,236.06,-2,14,-387,322,177,17,283.407225221893,-242.230903699771,-930.189374353849,1087.63026892054,418.68255200267,2.30580496568393,198.516966879368,154.407550811767,0.00317071512113873,-0.0703801740020997,,,,,,,,,
1767171683,274538574,300_1767171683-274538574.png,1202,-1202,0,0,0.011508118872549,-0.011508118872549,207.1,198.59,9,58,-141,199,67,-14,234.426533816343,-189.354213057785,-814.632807846826,937.885896649845,367.965970419255,2.46337813506254,21.090438902378,263.88937664032,0.00317071512113873,-0.0703801740020997,,,,,,,,,
1767171683,307885254,301_1767171683-307885254.png,1202,-1202,0,0,0.011508118872549,-0.011508118872549,164.22,183.41,23,0,-154,176,59,-30,190.931982042286,-145.487776570519,-682.050102519235,789.088140073987,307.480920750116,-2.25371639772615,32.0732263922691,251.456140995026,0.00317071512113873,-0.0703801740020997,,,,,,,,,
1767171683,374579834,302_1767171683-374579834.png,1202,-1202,0,0,0.011508118872549,-0.011508118872549,100.39,150.52,21,-63,-205,119,91,-16,148.941508832642,-115.098967631957,-550.26993476079,630.450717128127,248.447462156148,-7.16968810443403,-7.4304946660996,185.232575416565,0.00317071512113873,-0.0703801740020997,,,,,,,,,
1767171683,407927490,303_1767171683-407927490.png,1202,-1202,0,0,0.011508118872549,-0.011508118872549,89.91,143.6,17,-40,-8,110,62,-6,119.760319157365,-100.090758940183,-444.288969185227,514.82012802972,209.015347539223,-7.68093392657963,16.8295142650604,240.064047336578,0.00317071512113873,-0.0703801740020997,,,,,,,,,
1767171683,441274414,304_1767171683-441274414.png,1202,-1202,0,0,0.011508118872549,-0.011508118872549,66.41,140.77,78,220,-387,221,92,-22,101.208262017478,-73.6785044130198,-400.524626838866,452.141210948094,183.408949264579,-7.74677863285886,-12.9144853353501,218.357970714569,0.00317071512113873,-0.0703801740020997,,,,,,,,,
1767171683,507968750,305_1767171683-507968750.png,1202,-1201,0,0,0.011508118872549,-0.0114985447303922,62.03,141,54,205,-202,196,121,-19,93.1694596439085,-9.82058634217555,-375.521262401979,397.508476230823,166.423711505635,-10.5760777829091,-21.9412373602391,152.730346441269,0.00317071512113873,-0.0703801740020997,,,,,,,,,
1767171683,541316406,306_1767171683-541316406.png,1202,-1201,0,0,0.011508118872549,-0.0114985447303922,60.05,141.66,50,132,-244,176,36,0,85.8153623560768,16.6283078972976,-351.676077238305,359.75964466936,146.143188104776,-9.25327604114997,-99.7586675286293,236.342960596084,0.00317071512113873,-0.0703801740020997,,,,,,,,,
1767171683,574663086,307_1767171683-574663086.png,1202,-1202,0,-50,0.011508118872549,-0.011508118872549,57.68,143.13,6,45,-77,100,-2,24,68.4568272850273,25.1447743985956,-327.199486104595,313.534618292871,116.589998287749,-4.43500406157804,-68.193836003542,253.641306877136,0.00317071512113873,-0.14046380724534,,,,,,,,,
1767171683,608011475,308_1767171683-608011475.png,1202,-1202,0,0,0.011508118872549,-0.011508118872549,57.13,143.18,-104,-51,-170,130,72,30,42.9856764642015,17.6812247573611,-288.568508010166,274.698722280697,101.834478151265,1.92404552431559,-68.222084581852,253.910118103027,0.00317071512113873,-0.0923137139034577,,,,,,,,,
1767171683,674707031,309_1767171683-674707031.png,1202,-1202,0,0,0.011508118872549,-0.011508118872549,56.93,142.56,-117,-15,-217,145,67,12,15.6829785900298,11.0766798188015,-274.951276143848,251.88601905585,95.9473781165501,4.14368157232494,-22.0658558011055,247.069904088974,0.00317071512113873,-0.0471488303027973,,,,,,,,,
1767171683,708054443,310_1767171683-708054443.png,1202,-1202,0,0,0.011508118872549,-0.011508118872549,57.55,141.67,57,-74,-237,167,42,8,-0.486470754180758,-6.47574897485941,-257.690359528457,231.317057735601,84.5546249890503,3.54253740815658,-63.0223979949952,231.422110319137,0.00317071512113873,-0.122676193457365,,,,,,,,,
1767171683,741402588,311_1767171683-741402588.png,1202,-1202,0,0,0.011508118872549,-0.011508118872549,59.91,140.76,116,-60,-283,190,92,4,19.556543113861,-17.8362516676658,-260.309122156378,221.909564756269,83.4168979819267,3.8426618914925,-63.7906294465066,226.815780639648,0.00317071512113873,-0.122676193457365,,,,,,,,,
1767171683,774750000,312_1767171683-774750000.png,1202,-1202,0,0,0.011508118872549,-0.011508118872549,66.63,139.97,154,-98,-426,238,116,10,39.2177999445867,-29.559544723203,-284.540058932653,224.262659411616,88.1819103667364,4.74312226902882,115.275874614716,259.159244775772,0.00317071512113873,-0.122676193457365,,,,,,,,,
1767171683,808098145,313_1767171683-808098145.png,1202,-1202,0,0,0.011508118872549,-0.011508118872549,110.13,141.57,26,-82,-434,423,281,2,32.6121158737879,-34.8929935972013,-302.548675172825,243.681948400392,119.60467690124,6.39490814549466,130.086182117462,240.764446735382,0.00317071512113873,-0.122676193457365,,,,,,,,,
1767171683,874793701,314_1767171683-874793701.png,1202,-1202,0,0,0.011508118872549,-0.011508118872549,148.62,145.11,162,-92,-727,724,283,-26,51.0231295823839,-46.884304663526,-374.778232400554,327.78013823264,155.970649060149,1.31783051563155,197.78146481514,122.925973415375,0.00317071512113873,-0.122676193457365,,,,,,,,,
1767171683,908141113,315_1767171683-908141113.png,1202,-1202,0,0,0.011508118872549,-0.011508118872549,196.37,150.42,452,-296,-668,1050,284,-75,109.66271989832,-83.3154392089827,-417.659519557686,433.398890675797,174.693895315497,-9.84302848996821,212.998032331467,123.385932922363,0.00317071512113873,-0.122676193457365,,,,,,,,,
1767171683,941489258,316_1767171683-941489258.png,1202,-1202,0,0,0.011508118872549,-0.011508118872549,309.81,169.56,528,-390,-1074,1426,415,-55,194.253908177357,-152.793587868757,-528.845552945817,628.920019968654,220.8233776668,-21.399139112641,237.198686778545,89.7052905559539,0.00317071512113873,-0.122676193457365,,,,,,,,,
1767171684,8184814,317_1767171684-8184814.png,1202,-1202,0,0,0.011508118872549,-0.011508118872549,432.22,192.78,428,-451,-1210,1677,604,-9,244.748547740942,-206.512701576679,-637.873406184185,805.825071593971,279.537096843723,-23.3008945016091,251.723391413689,73.8758056163787,0.00317071512113873,-0.122676193457365,,,,,,,,,
1767171684,41532227,318_1767171684-41532227.png,1202,-1202,0,0,0.011508118872549,-0.011508118872549,487.46,201.88,442,-422,-1158,1789,685,-21,277.275411469139,-246.986894402584,-733.559538671227,963.2423706142,340.573700284194,-21.5648786032808,283.099704265594,-7.0663208961488,0.00317071512113873,-0.122676193457365,,,,,,,,,
1767171684,74880371,319_1767171684-74880371.png,1202,-1202,0,0,0.011508118872549,-0.011508118872549,536.97,212.89,637,-519,-1092,1829,687,-31,333.1523988627,-293.263101091134,-809.996470233313,1131.96067876217,409.202005579127,-22.6408477229662,300.223927497864,-20.2822041511537,0.00317071512113873,-0.122676193457365,,,,,,,,,
1767171684,141575928,320_1767171684-141575928.png,1202,-1202,0,0,0.011508118872549,-0.011508118872549,610.39,223.71,685,-682,-1128,1893,647,-16,390.84030375357,-347.124420866944,-867.644841959681,1262.48902253999,458.940506750629,-24.4686852360664,303.626225233078,-11.9939057826997,0.00317071512113873,-0.0939946313257954,,,,,,,,,
1767171684,174923096,321_1767171684-174923096.png,1202,-1202,0,0,0.011508118872549,-0.011508118872549,637.02,226.61,675,-685,-1253,1960,646,-32,455.399839919698,-422.32894283028,-940.688526571449,1411.37510439476,500.854893832465,-24.9157175980478,298.340559065342,-25.6899523735048,0.00317071512113873,-0.0523219651271479,,,,,,,,,
1767171684,241618652,322_1767171684-241618652.png,1202,-1202,0,0,0.011508118872549,-0.011508118872549,677,231.2,872,-618,-1010,1925,577,-44,549.691470346297,-478.009209338718,-935.30396236859,1534.33698182841,518.554694789637,-27.9672447260429,308.658888041973,-12.4767916202546,0.00317071512113873,-0.0890587201443447,,,,,,,,,
1767171684,308314209,323_1767171684-308314209.png,1202,-1202,0,0,0.011508118872549,-0.011508118872549,721.13,231.1,683,-621,-1135,1981,648,-8,554.50596918002,-497.326725624577,-1000.08860704304,1691.47631914254,585.804739646365,-18.8637087874845,314.102616369724,-16.6195795536042,0.00317071512113873,-0.065906952448003,,,,,,,,,
1767171684,341662354,324_1767171684-341662354.png,1202,-1202,0,0,0.011508118872549,-0.011508118872549,721.13,231.1,683,-621,-1135,1981,648,-8,558.505568081393,-501.176270145553,-1004.28795743784,1700.48824435408,587.740674673025,-18.52555706593,312.011312425136,-28.6471624374391,0.00317071512113873,-0.0993900942317715,,,,,,,,,
1767171684,408357910,325_1767171684-408357910.png,1202,-1202,0,0,0.011508118872549,-0.011508118872549,736.09,229.85,638,-661,-1110,2041,738,-35,601.362039881392,-544.409576501243,-1015.65917261852,1796.06467653779,616.688616528801,-20.471750682697,311.761036515236,-39.6440634727479,0.00317071512113873,-0.0544519464411208,,,,,,,,,
1767171684,441705078,326_1767171684-441705078.png,1202,-1202,0,0,0.011508118872549,-0.011508118872549,744.25,229.61,731,-728,-1134,2054,764,-43,613.09475825763,-561.025193821312,-1026.3694583929,1819.40878428753,630.020845563416,-22.5106411782568,312.615637183189,-50.3277335166932,0.00317071512113873,-0.0565414666452885,,,,,,,,,
1767171684,475053467,327_1767171684-475053467.png,1202,-1202,0,0,0.011508118872549,-0.011508118872549,752.74,229.25,787,-745,-1118,2075,753,-42,640.124281357574,-591.901027199929,-1043.06878086799,1862.44510420557,651.867710646868,-25.9327276391918,314.501083672047,-54.8248765468599,0.00317071512113873,-0.073589171699069,,,,,,,,,
1767171684,541748779,328_1767171684-541748779.png,1202,-1202,0,0,0.011508118872549,-0.011508118872549,771.36,228.54,751,-630,-1075,2137,727,-7,665.855421431451,-615.810910622842,-1057.65436029609,1909.90042317598,670.244015734033,-23.9667872891722,311.915332198143,-67.5032806396486,0.00317071512113873,-0.0542997122625334,,,,,,,,,
1767171684,575096191,329_1767171684-575096191.png,1202,-1202,50,0,0.011508118872549,-0.011508118872549,782.02,227.37,732,-579,-1305,2222,780,10,680.504619155737,-612.568871710329,-1088.42565571732,1965.09336973337,687.810822033258,-18.577966121749,314.118721306324,-70.2762203216554,0.00317071512113873,-0.0620258552165778,,,,,,,,,
1767171684,641792236,330_1767171684-641792236.png,1202,-1202,0,0,0.011508118872549,-0.011508118872549,805.97,227.96,649,-743,-1148,2261,824,4,678.170489500039,-629.226273864663,-1102.40129536756,2019.72273906886,712.656624486156,-12.9965582257952,326.829932153225,-101.748054027557,0.00317071512113873,-0.0409644860696334,,,,,,,,,
1767171684,675140869,331_1767171684-675140869.png,1202,-1202,0,0,0.011508118872549,-0.011508118872549,817.89,227.77,882,-849,-1237,2358,702,-42,694.216714891626,-658.481648991297,-1118.33633671789,2070.19829872079,720.85714541122,-14.2224434431019,332.356652855873,-73.4902052879335,0.00317071512113873,-0.0409644860696334,,,,,,,,,
1767171684,708488525,332_1767171684-708488525.png,1202,-1202,0,0,0.011508118872549,-0.011508118872549,828.77,227.95,1012,-912,-1095,2349,678,-67,737.124223765979,-693.828643118592,-1118.81842916991,2111.21762514505,715.247921127439,-21.2550183247866,328.804864943027,-89.4287335872651,0.00317071512113873,-0.0409644860696334,,,,,,,,,
1767171684,741837158,333_1767171684-741837158.png,1202,-1202,0,0,0.011508118872549,-0.011508118872549,846.97,229.13,934,-909,-1482,2406,818,-37,790.637969160062,-740.051372072576,-1168.72699029188,2172.22461326963,726.617075910499,-27.6837698597657,324.184306681156,-106.763475418091,0.00317071512113873,-0.0409644860696334,,,,,,,,,
1767171684,808533447,334_1767171684-808533447.png,1202,-1202,0,0,0.011508118872549,-0.011508118872549,854.31,229.58,982,-817,-1142,2370,782,-26,821.116339179798,-758.31765715255,-1182.46919805129,2208.34758237265,738.13227415732,-27.9868213279907,337.223720550537,-145.18900847435,0.00317071512113873,-0.0409644860696334,,,,,,,,,
1767171684,841880859,335_1767171684-841880859.png,1202,-1202,0,0,0.011508118872549,-0.011508118872549,864.66,229.99,809,-789,-1281,2465,809,-23,839.000697004767,-772.971599732669,-1183.76938149172,2244.05828415596,743.861657713658,-27.6917753765689,351.085135579109,-136.578738451004,0.00317071512113873,-0.0409644860696334,,,,,,,,,
1767171684,875229492,336_1767171684-875229492.png,1202,-1202,0,0,0.011508118872549,-0.011508118872549,868.39,230.25,648,-707,-1398,2522,896,-22,819.24498091314,-768.320266696095,-1211.16137519557,2287.39937650653,762.992463929731,-26.7904553251533,352.118968605995,-136.771462917328,0.00317071512113873,-0.0409644860696334,,,,,,,,,
1767171684,908577148,337_1767171684-908577148.png,1202,-1202,0,0,0.011508118872549,-0.011508118872549,872.43,231.32,625,-754,-1384,2529,866,-8,792.120216263923,-763.606353937034,-1237.21794497586,2322.34132649889,779.728617306733,-24.8228382247534,326.46341496706,-114.595109939575,0.00317071512113873,-0.0409644860696334,,,,,,,,,
1767171684,975273438,338_1767171684-975273438.png,1202,-1202,0,0,0.011508118872549,-0.011508118872549,880.78,233.14,918,-1120,-1776,2550,881,14,776.80502959796,-798.312044347157,-1283.94947340887,2355.10351226677,802.001676104934,-18.8139822428813,326.652777850628,-113.993866920471,0.00317071512113873,-0.0409644860696334,,,,,,,,,
1767171685,8622070,339_1767171685-8622070.png,1202,-1202,0,0,0.011508118872549,-0.011508118872549,884.93,233.91,1058,-1111,-1561,2561,868,-21,821.475145543823,-861.118385047138,-1356.10814075699,2395.10989388829,816.143328871858,-16.4567732110146,327.255024552345,-120.115197181702,0.00317071512113873,-0.0409644860696334,,,,,,,,,
1767171685,41969727,340_1767171685-41969727.png,1201,-1202,-50,0,0.0114985447303922,-0.011508118872549,892.93,235.55,836,-877,-1845,2641,918,-27,839.209186683076,-878.369757331885,-1410.37184491531,2430.87318814858,831.956649656858,-16.9682178678023,326.527445077896,-117.68185377121,0.00317071512113873,-0.0283939392261937,,,,,,,,,
1767171685,108665771,341_1767171685-108665771.png,1202,-1202,0,0,0.011508118872549,-0.011508118872549,897.05,236.41,813,-950,-1720,2639,949,-14,836.49037191092,-884.704544750623,-1485.36040284415,2472.41580998171,851.847380661388,-17.7836206521024,343.452304780483,-155.65143942833,0.00317071512113873,-0.0271262141521103,,,,,,,,,
1767171685,142014404,342_1767171685-142014404.png,1202,-1202,0,0,0.011508118872549,-0.011508118872549,901.51,236.88,828,-958,-1854,2680,988,-20,834.83729754232,-895.203978412996,-1535.5955179019,2501.64873452845,870.688878685808,-17.9431772727072,330.255348265171,-123.191337585449,0.00317071512113873,-0.0424495437838068,,,,,,,,,
1767171685,175362061,343_1767171685-175362061.png,1202,-1202,0,0,0.011508118872549,-0.011508118872549,909.47,237.04,906,-922,-1646,2692,853,-16,839.821300925425,-901.228551484302,-1581.83379165076,2542.48263943565,878.013526234238,-18.4410457938768,333.646866083145,-124.760215044022,0.00317071512113873,-0.0668195649780666,,,,,,,,,
1767171685,242058350,344_1767171685-242058350.png,1202,-1202,0,0,0.011508118872549,-0.011508118872549,920.33,236.94,876,-691,-1563,2831,832,-57,847.720693810709,-842.324717794998,-1634.62134648271,2628.01227222194,867.887889620304,-21.9580431004026,356.206115782261,-162.865066051483,0.00317071512113873,-0.0116322718815823,,,,,,,,,
1767171685,275406982,345_1767171685-275406982.png,1202,-1202,0,0,0.011508118872549,-0.011508118872549,920.33,236.94,876,-691,-1563,2831,832,-57,849.453779358359,-833.050845244613,-1630.23206197687,2640.45229090585,865.688515193636,-24.1055748912316,321.183463454246,-139.059797286987,0.00317071512113873,-0.0252529699966403,,,,,,,,,
1767171685,342103271,346_1767171685-342103271.png,1202,-1202,0,0,0.011508118872549,-0.011508118872549,927.35,236.6,905,-959,-1703,2770,964,-34,867.543819460762,-842.236928990009,-1634.83071696824,2672.54227974465,869.207859549121,-30.6004740496323,337.444384157658,-145.553107261658,0.00317071512113873,-0.0383281172680765,,,,,,,,,
1767171685,408799561,347_1767171685-408799561.png,1202,-1202,0,0,0.011508118872549,-0.011508118872549,933.81,235.37,976,-886,-1600,2760,943,-13,882.615141584095,-856.853198247771,-1672.30162541438,2698.73351851635,890.547006887653,-31.1671015926207,372.549119710922,-166.821434259415,0.00317071512113873,-0.0338905910333022,,,,,,,,,
1767171685,442146973,348_1767171685-442146973.png,1202,-1202,0,0,0.011508118872549,-0.011508118872549,936.96,235.05,937,-994,-1575,2754,913,2,897.628371317176,-872.415107411575,-1655.68252922211,2710.35581642055,898.247173493164,-26.2022125677521,355.258911728859,-158.897091388703,0.00317071512113873,-0.0922986961771155,,,,,,,,,
1767171685,475495605,349_1767171685-475495605.png,1202,-1202,0,0,0.011508118872549,-0.011508118872549,940.16,234.43,749,-945,-1704,2812,949,-15,881.049236708078,-884.374049175717,-1659.21029341705,2723.6295970407,904.681935118402,-24.0976967503799,321.994424939156,-165.231636524201,0.00317071512113873,-0.0223353442145654,,,,,,,,,
1767171685,508843262,350_1767171685-508843262.png,1202,-1202,0,0,0.011508118872549,-0.011508118872549,946.66,234.14,1017,-893,-1771,2920,964,-37,877.046383606349,-872.742138023726,-1649.35150399859,2746.75263875202,917.872794435235,-26.6637053862636,378.494438886642,-181.389254570007,0.00317071512113873,-0.0191785711362957,,,,,,,,,
1767171685,575539551,351_1767171685-575539551.png,1202,-1202,0,0,0.011508118872549,-0.011508118872549,949.83,234.08,966,-969,-2006,2971,1004,-34,900.220449488876,-883.642904147697,-1694.77489670567,2785.76902523251,930.652147886138,-28.4446106565012,378.494438886642,-181.389254570007,0.00317071512113873,-0.0191785711362957,,,,,,,,,
1767171685,608887695,352_1767171685-608887695.png,1202,-1202,0,0,0.011508118872549,-0.011508118872549,952.84,233.98,1084,-960,-1908,2961,1012,-44,928.844778597206,-897.077844555159,-1734.22803905871,2816.31758069874,944.497803567068,-30.8670920236715,337.315155029297,-180.30469584465,0.00317071512113873,-0.0191785711362957,,,,,,,,,
1767171685,642234863,353_1767171685-642234863.png,1202,-1202,0,0,0.011508118872549,-0.011508118872549,957.74,233.88,836,-649,-1830,3054,952,-42,918.405607473246,-853.76182223379,-1766.4282655259,2862.97246121688,948.797038270196,-34.3744110478676,338.45354026556,-179.851470947266,0.00317071512113873,-0.0191785711362957,,,,,,,,,
1767171685,708930420,354_1767171685-708930420.png,1202,-1202,0,0,0.011508118872549,-0.011508118872549,961.45,234.29,813,-726,-1696,3020,1026,-44,898.679254862583,-824.364107695654,-1759.45492125243,2895.93143948921,950.930603573369,-37.1019832611587,384.243901252747,-191.972621917725,0.00317071512113873,-0.0191785711362957,,,,,,,,,
1767171685,742278564,355_1767171685-742278564.png,1202,-1202,0,0,0.011508118872549,-0.011508118872549,963.27,234.37,921,-909,-1817,3012,1074,-50,908.082126851661,-840.629451060375,-1765.046047606,2915.52055196638,970.180865257588,-39.0147037067573,365.455414652824,-190.225492238999,0.00317071512113873,-0.0191785711362957,,,,,,,,,
1767171685,775625732,356_1767171685-775625732.png,1202,-1202,0,0,0.011508118872549,-0.011508118872549,967.57,234.6,791,-901,-1984,3037,1128,-43,898.205775893977,-849.904055279436,-1787.7580107334,2931.89247590443,990.250766437035,-39.9876874327917,355.951424002647,-173.572378873825,0.00317071512113873,-0.0191785711362957,,,,,,,,,
1767171685,842321045,357_1767171685-842321045.png,1202,-1202,0,0,0.011508118872549,-0.011508118872549,974.4,234.55,898,-1003,-1721,3002,1052,-31,891.442617655464,-873.993223646092,-1776.73979339714,2941.89701926273,1006.31072248375,-37.378507689427,357.617895305157,-172.793170213699,0.00317071512113873,-0.0191785711362957,,,,,,,,,
1767171685,875669189,358_1767171685-875669189.png,1202,-1202,0,0,0.011508118872549,-0.011508118872549,977.88,234.69,897,-850,-1748,3063,1022,-16,892.625864634793,-881.430885128113,-1768.87983565643,2961.07892567202,1011.81856904818,-34.3297648665424,400.046220898628,-166.688031673432,0.00317071512113873,-0.07178713202972,,,,,,,,,
1767171685,909016357,359_1767171685-909016357.png,1202,-1202,0,0,0.011508118872549,-0.011508118872549,983.37,235.04,1024,-961,-1802,3095,1061,-57,908.015129891293,-890.719176077767,-1746.08333463136,2985.24259230196,1017.51580691472,-38.0498216756179,403.899846494198,-170.976974964142,0.00317071512113873,-0.0590154803252678,,,,,,,,,
1767171685,975711670,360_1767171685-975711670.png,1202,-1202,0,0,0.011508118872549,-0.011508118872549,985.67,235.36,1198,-1087,-1658,2991,1008,-55,964.901253687945,-927.198746589591,-1767.37834192761,3000.05492887946,1021.97930629154,-41.7166814246851,414.365977227688,-172.110108852387,0.00317071512113873,-0.0603777203388602,,,,,,,,,
1767171686,9059814,361_1767171686-9059814.png,1202,-1202,0,0,0.011508118872549,-0.011508118872549,986.06,235.31,1021,-1009,-1681,2967,1040,-61,989.165410020112,-947.755753604224,-1750.55754244302,2996.31799810324,1022.45957034995,-44.5552807610169,398.846922636032,-173.62611246109,0.00317071512113873,-0.0746834965969555,,,,,,,,,
1767171686,75755127,362_1767171686-75755127.png,1202,-1202,0,0,0.011508118872549,-0.011508118872549,986.02,235.63,915,-1053,-1610,2932,1072,-55,979.165319581813,-964.774411971564,-1728.1536797828,2986.1328995316,1030.17058496319,-46.5197490614085,360.857715010643,-171.975559949875,0.00317071512113873,-0.0864792423868856,,,,,,,,,
1767171686,109102295,363_1767171686-109102295.png,1202,-1202,0,0,0.011508118872549,-0.011508118872549,985.2,236.24,894,-1002,-1452,2880,969,-77,957.303196202189,-983.878473289079,-1672.92173555838,2962.82990912394,1026.44453153666,-51.5525488937723,385.447615385055,-172.798328638077,0.00317071512113873,-0.0418966319923767,,,,,,,,,
1767171686,142450439,364_1767171686-142450439.png,1202,-1202,0,0,0.011508118872549,-0.011508118872549,984.65,237.31,715,-887,-1539,2811,1064,-57,926.778027892465,-972.865060935008,-1650.95050039586,2942.51858931938,1029.33100840433,-52.8977632510074,405.765681326389,-166.821290969849,0.00317071512113873,-0.0418966319923767,,,,,,,,,
1767171686,209145752,365_1767171686-209145752.png,1202,-1202,0,0,0.011508118872549,-0.011508118872549,977.97,244.69,908,-910,-1707,2714,1002,-80,898.506790664686,-934.473912738345,-1683.4290905319,2910.19627334668,1032.53269916518,-55.23120839459,387.850887537002,-138.10950088501,0.00317071512113873,-0.0418966319923767,,,,,,,,,
1767171686,275841064,366_1767171686-275841064.png,1202,-1202,0,0,0.011508118872549,-0.011508118872549,957.8,254.35,792,-808,-1524,2534,875,-42,898.340017689555,-922.372994572395,-1645.97065898076,2828.1539407988,1002.30385846951,-56.5967300446388,370.995902478695,-121.627331972122,0.00317071512113873,-0.0418966319923767,,,,,,,,,
1767171686,309188232,367_1767171686-309188232.png,1202,-1202,0,0,0.011508118872549,-0.011508118872549,908.38,263.38,708,-455,-1293,2250,741,-76,864.125023568624,-859.345106830412,-1571.9127682523,2735.11801079481,964.21183027897,-56.5986204772216,320.015985429287,-8.53202986717236,0.00317071512113873,-0.0418966319923767,,,,,,,,,
1767171686,342536377,368_1767171686-342536377.png,1202,-1202,0,0,0.011508118872549,-0.011508118872549,884.85,269.41,587,-448,-1447,2103,696,-69,826.193088423385,-788.834063702775,-1537.64960607329,2637.97755334227,921.564469343779,-59.3179734246749,320.015985429287,-8.53202986717236,0.00317071512113873,-0.0418966319923767,,,,,,,,,
1767171686,409231689,369_1767171686-409231689.png,1202,-1202,0,0,0.011508118872549,-0.011508118872549,857.93,272.99,659,-514,-1226,1880,582,-59,789.227353330717,-730.808634668584,-1487.33040992547,2499.13831995304,860.103908039414,-59.778057489986,282.941252470016,21.3894107341765,0.00317071512113873,-0.0418966319923767,,,,,,,,,
1767171686,442578857,370_1767171686-442578857.png,1202,-1202,0,0,0.011508118872549,-0.011508118872549,785.24,276.83,438,-442,-851,1474,449,-37,728.77941735799,-681.782268971173,-1380.32086789512,2316.54641215217,785.497374625943,-55.4712749397178,256.906843185425,74.7977306842803,0.00317071512113873,-0.0418966319923767,,,,,,,,,
1767171686,475927002,371_1767171686-475927002.png,1202,-1202,0,0,0.011508118872549,-0.011508118872549,741.21,277.36,347,-217,-753,1308,445,-30,667.715911684167,-613.610921800141,-1277.20176361872,2151.21744801546,726.869813538697,-51.4474397672266,260.42629134655,135.112177848816,0.00317071512113873,-0.0430858596874977,,,,,,,,,
1767171686,542622070,372_1767171686-542622070.png,1202,-1202,0,0,0.011508118872549,-0.011508118872549,637.35,274.48,316,-156,-617,928,329,-32,580.724092379722,-503.41947304747,-1118.22660554604,1876.80464505546,634.584197596086,-46.2682740268191,239.714173972607,162.445665597916,0.00317071512113873,-0.0666933393052794,,,,,,,,,
1767171686,575969238,373_1767171686-575969238.png,1202,-1202,0,0,0.011508118872549,-0.011508118872549,578.52,272.3,246,-203,-860,803,315,-45,524.738466211854,-450.253012216266,-1067.14312844806,1694.55529311355,579.726812294391,-45.703624221586,219.603134393692,190.595617294311,0.00317071512113873,-0.048456408677498,,,,,,,,,
1767171686,609317383,374_1767171686-609317383.png,1202,-1202,0,0,0.011508118872549,-0.011508118872549,515.84,272.3,288,-152,-434,617,231,-28,490.117400272994,-406.63594665176,-974.551120273432,1536.97163781408,528.728365965485,-43.1146138620113,233.330514788628,222.825882673263,0.00317071512113873,-0.0323079993584603,,,,,,,,,
1767171686,642664551,375_1767171686-642664551.png,1202,-1202,0,0,0.011508118872549,-0.011508118872549,389.04,239.86,-11,-162,-383,369,166,10,416.971159196338,-351.058791697643,-850.912762645775,1321.3907228839,459.037305924408,-35.7253889249283,226.591507971287,196.263579368591,0.00317071512113873,-0.0670054543474769,,,,,,,,,
1767171686,709359863,376_1767171686-709359863.png,1202,-1202,0,0,0.011508118872549,-0.011508118872549,328.97,224.98,18,-107,-155,270,121,22,325.556285797334,-300.758937414299,-712.986386882283,1094.04381442516,386.959619420617,-23.7503996959013,142.81038081646,200.155323982239,0.00317071512113873,-0.0208962361811376,,,,,,,,,
1767171686,742708008,377_1767171686-742708008.png,1202,-1202,0,0,0.011508118872549,-0.011508118872549,273.93,209.11,-6,65,-51,239,63,24,277.068888642531,-247.269681981614,-616.176287883121,969.000644409277,339.583172639668,-16.7672939804181,154.674783706665,187.938169002533,0.00317071512113873,-0.113828567855006,,,,,,,,,
1767171686,776055176,378_1767171686-776055176.png,1202,-1202,0,0,0.011508118872549,-0.011508118872549,183.12,170.76,-51,40,-265,205,164,15,188.130402750479,-163.024124994827,-529.713316651806,767.875422240374,287.862884162372,-9.65353829234272,96.5634968280792,171.949346065521,0.00317071512113873,-0.0667741601978888,,,,,,,,,
1767171686,842750244,379_1767171686-842750244.png,1202,-1202,0,0,0.011508118872549,-0.011508118872549,148.34,155.15,37,11,-338,201,142,15,166.028816461124,-137.574518926134,-501.676810868161,684.97452452593,266.531629417743,-6.04815979807808,-0.917541414499334,170.426177978516,0.00317071512113873,-0.0970354618799598,,,,,,,,,
1767171686,876098389,380_1767171686-876098389.png,1202,-1202,0,0,0.011508118872549,-0.011508118872549,101.09,145.54,34,67,-96,159,31,2,139.126942528047,-90.9004174194457,-396.430840065242,556.376567681795,214.251941158217,-2.89499680030645,1.69554948806758,171.524779081345,0.00317071512113873,-0.085518654609218,,,,,,,,,
1767171686,909445557,381_1767171686-909445557.png,1202,-1202,0,0,0.011508118872549,-0.011508118872549,87.3,143.12,-76,42,-17,122,50,12,104.872668407176,-67.2686613660049,-332.958321326479,482.29238174964,185.361571854562,-0.586642178868482,-88.4283251166344,181.391125440597,0.00317071512113873,-0.0555619899369005,,,,,,,,,
1767171686,942793701,382_1767171686-942793701.png,1202,-1202,0,0,0.011508118872549,-0.011508118872549,73.63,141.77,60,140,-374,214,97,11,81.8154315426031,-49.7271950733718,-294.14350722709,421.332974963724,165.698848161669,2.26585986783059,47.2770658135414,235.426337242126,0.00317071512113873,-0.0894414324935386,,,,,,,,,
1767171687,9489014,383_1767171687-9489014.png,1202,-1202,0,0,0.011508118872549,-0.011508118872549,70.42,141.7,95,112,-255,173,127,18,81.5306556806838,-6.83038901023977,-296.519562969364,363.984888291718,153.070791987315,5.45282198200259,-70.9388834834099,224.512974023819,0.00317071512113873,-0.10664416121978,,,,,,,,,
1767171687,76184326,384_1767171687-76184326.png,1202,-1202,0,0,0.011508118872549,-0.011508118872549,67.81,141.56,-56,-14,-490,160,150,19,55.1089083893643,-13.3936896675447,-347.847829298671,308.185779898502,157.482226070881,8.75085560322336,-70.8619304597378,224.934531927109,0.00317071512113873,-0.0498407363469959,,,,,,,,,
1767171687,109531250,385_1767171687-109531250.png,1202,-1202,0,0,0.011508118872549,-0.011508118872549,66.92,141.54,-25,207,-252,160,87,24,38.6668267985165,24.2949744377352,-316.715402190349,274.133713238082,140.797690277499,12.4252065362488,-50.4136613011361,198.643619060516,0.00317071512113873,-0.0690230114388818,,,,,,,,,
1767171687,176226563,386_1767171687-176226563.png,1202,-1202,0,0,0.011508118872549,-0.011508118872549,66.54,142.19,30,27,-61,124,26,-3,22.9854129528304,39.0580193264409,-285.328493386624,227.335663099233,115.014231688435,11.6322001891672,7.33240717649455,101.44371509552,0.00317071512113873,-0.0407767969800893,,,,,,,,,
1767171687,209574707,387_1767171687-209574707.png,1202,-1202,0,0,0.011508118872549,-0.011508118872549,66.5,142.19,86,22,-101,167,32,-19,32.2007813218972,36.5634234065764,-258.37195765306,218.512065464052,102.874078737638,7.15249125309393,-40.6802402436734,253.407744884491,0.00317071512113873,-0.0407767969800893,,,,,,,,,
1767171687,276269775,388_1767171687-276269775.png,1202,-1202,0,0,0.011508118872549,-0.011508118872549,66.2,140.33,33,93,49,144,53,0,28.9274909694241,49.5543311738803,-201.869161171715,205.775840366759,93.1081594849927,4.08491017972608,-59.5817211568356,233.485336780548,0.00317071512113873,-0.0407767969800893,,,,,,,,,
1767171687,309616943,389_1767171687-309616943.png,1202,-1202,0,0,0.011508118872549,-0.011508118872549,66.16,140.06,21,64,16,147,76,2,28.0828360334005,55.0238649558228,-150.623344429908,192.407040175639,87.507141861107,3.464375058358,-48.9520084261895,162.408553600311,0.00317071512113873,-0.0407767969800893,,,,,,,,,
1767171687,376312256,390_1767171687-376312256.png,1202,-1202,0,0,0.011508118872549,-0.011508118872549,66.33,139.18,-58,141,-293,191,100,4,16.6898282093797,70.1172031521159,-142.677055433808,188.10236053501,89.5013837357009,4.38213103850614,-71.7739374339581,255.415088415146,0.00317071512113873,-0.0407767969800893,,,,,,,,,
1767171687,409660156,391_1767171687-409660156.png,1202,-1202,0,0,0.011508118872549,-0.011508118872549,66.38,138.1,-55,163,-129,145,87,15,4.13863161007199,84.9808160608354,-149.169951971274,183.137705508716,89.7711443276093,5.62303954839021,-71.7739374339581,255.415088415146,0.00317071512113873,-0.0407767969800893,,,,,,,,,
1767171687,443007324,392_1767171687-443007324.png,1202,-1202,0,0,0.011508118872549,-0.011508118872549,66.52,136.72,-2,47,-245,142,106,6,1.66931554477497,81.4997684737467,-162.648302913268,176.108154214688,92.0708395117986,5.92735683938361,-62.2604656517506,242.227863073349,0.00317071512113873,-0.0407767969800893,,,,,,,,,
1767171687,476355469,393_1767171687-476355469.png,1202,-1202,0,0,0.011508118872549,-0.011508118872549,66.74,135.04,-122,271,-275,152,120,32,9.64826775920548,104.850636968903,-203.764595829416,180.381585859909,88.0070044891213,7.94701874581843,-62.0222684442997,241.42486834526,0.00317071512113873,-0.0407767969800893,,,,,,,,,
1767171687,543050537,394_1767171687-543050537.png,1202,-1202,0,0,0.011508118872549,-0.011508118872549,66.82,136.08,-87,148,-321,143,65,27,-28.2449427988862,127.863206264068,-215.755499949557,165.278963379792,91.9520135668776,14.7406491789725,-75.0939571261406,259.139327526092,0.00317071512113873,-0.0407767969800893,,,,,,,,,
1767171687,576397705,395_1767171687-576397705.png,1202,-1202,0,0,0.011508118872549,-0.011508118872549,66.87,136.54,79,69,-13,192,-34,-26,-31.6703526914778,128.349036173106,-221.559615377342,163.546056791164,84.9289556570247,14.8837623993366,-76.5114513039589,230.287400245666,0.00317071512113873,-0.0894373048441996,,,,,,,,,
1767171687,643093506,396_1767171687-643093506.png,1202,-1202,0,0,0.011508118872549,-0.011508118872549,66.89,137.61,241,-21,68,216,14,-61,10.8841354297592,102.37379601384,-170.433096503287,177.24939896369,57.1572433540009,-0.831382701985244,-17.2258028388024,157.307874917984,0.00317071512113873,-0.104949803502096,,,,,,,,,
1767171687,676442139,397_1767171687-676442139.png,1202,-1202,0,0,0.011508118872549,-0.011508118872549,66.9,138.32,6,-27,136,121,111,-26,34.3962186805627,74.0856234828052,-109.061576643994,174.623280424798,59.0360594665989,-10.1212098037963,-60.9576542079449,258.087008953094,0.00317071512113873,-0.0683330039128985,,,,,,,,,
1767171687,709789551,398_1767171687-709789551.png,1202,-1202,0,0,0.011508118872549,-0.011508118872549,66.93,139.07,-39,-14,186,94,78,-7,22.9080005523319,58.517500866349,-59.3987947065431,161.407761996035,63.1903068881912,-10.0867324549925,-72.7964060902596,246.925898075104,0.00317071512113873,-0.0540966974454309,,,,,,,,,
1767171687,776485352,399_1767171687-776485352.png,1202,-1202,0,0,0.011508118872549,-0.011508118872549,67,139.53,-59,43,-195,138,135,-1,8.29137030950692,52.5534145452442,-43.6304068848163,152.915997321004,71.1342748147703,-8.00787520636362,-72.7058807611466,132.16227555275,0.00317071512113873,-0.0945643385377859,,,,,,,,,
1767171687,809833984,400_1767171687-809833984.png,1202,-1202,0,0,0.011508118872549,-0.011508118872549,67.05,139.51,-63,134,161,104,83,-5,-7.33389944957913,63.7261359886562,-25.4009526570274,144.609898791298,77.8043358709455,-7.02651146761617,-88.3400726616383,243.756332874298,0.00317071512113873,-0.0717685768626796,,,,,,,,,
1767171687,843181396,401_1767171687-843181396.png,1202,-1202,0,0,0.011508118872549,-0.011508118872549,67.25,139.57,-19,207,125,144,18,4,-9.03997131389567,84.6787676949592,-3.4060424824103,144.520706077467,69.0584405006304,-5.41397427961937,-57.824140071869,260.323472499847,0.00317071512113873,-0.101068194724326,,,,,,,,,
1767171687,876529785,402_1767171687-876529785.png,1202,-1202,0,0,0.011508118872549,-0.011508118872549,67.73,139.51,-133,134,44,85,120,27,-31.5947839020879,103.944473569061,-29.2737276769344,144.508067410644,69.7013199203799,-1.44875473990896,-4.17223221063619,222.487002849579,0.00317071512113873,-0.0869919885243764,,,,,,,,,
1767171687,909877197,403_1767171687-909877197.png,1202,-1202,0,0,0.011508118872549,-0.011508118872549,68.61,139.49,-135,64,80,80,124,31,-49.3002886131474,102.803304466832,-13.3526824204172,133.771571247511,78.7557780240609,3.8296751526388,62.7578062415123,209.025664567947,0.00317071512113873,-0.100549464419505,,,,,,,,,
1767171687,976573242,404_1767171687-976573242.png,1202,-1202,0,0,0.011508118872549,-0.011508118872549,70.83,138.83,-158,66,-55,186,64,-4,-69.6807318146526,95.3908471087417,-14.5588430955636,138.59610438235,78.9651440076715,4.10626073886128,113.506149888039,201.176118850708,0.00317071512113873,-0.100549464419505,,,,,,,,,
1767171688,9921631,405_1767171688-9921631.png,1202,-1202,0,0,0.011508118872549,-0.011508118872549,89.5,137.35,172,19,-44,364,23,-36,-39.4707868511563,69.8043100566765,-4.38043363836974,171.286305961071,68.1854509559707,-3.66083695318384,120.204374849796,190.24685049057,0.00317071512113873,-0.100549464419505,,,,,,,,,
1767171688,43269043,406_1767171688-43269043.png,1202,-1202,0,0,0.011508118872549,-0.011508118872549,111.15,137.71,291,-99,-189,458,113,-29,19.9224850155325,42.4598652094646,-33.4525199011681,223.299047958225,72.3750096087531,-9.05853911948165,130.631671905518,210.815781116485,0.00317071512113873,-0.100549464419505,,,,,,,,,
1767171688,109965088,407_1767171688-109965088.png,1202,-1202,0,0,0.011508118872549,-0.011508118872549,180.34,140.75,228,-252,-608,816,352,-26,68.4250119248211,-8.19216616890173,-133.539335181285,327.576354380933,122.238417841135,-13.6431655068711,191.777830183506,130.100911855698,0.00317071512113873,-0.100549464419505,,,,,,,,,
1767171688,143313477,408_1767171688-143313477.png,1202,-1202,0,0,0.011508118872549,-0.011508118872549,226.75,143.63,220,-281,-753,1007,430,-23,98.9409320838872,-60.8446483444223,-248.955227975949,452.491917159447,179.267669044526,-15.6580630388562,232.439418256283,98.0231065750121,0.00317071512113873,-0.100549464419505,,,,,,,,,
1767171688,176660889,409_1767171688-176660889.png,1202,-1202,0,0,0.011508118872549,-0.011508118872549,279.63,148.27,336,-377,-1106,1279,476,-9,127.106718806094,-98.4081310835271,-350.783605487133,550.692127723442,214.523437240799,-14.8669961322666,254.412915825844,72.0845427513121,0.00317071512113873,-0.100549464419505,,,,,,,,,
1767171688,243356934,410_1767171688-243356934.png,1202,-1202,0,0,0.011508118872549,-0.011508118872549,451.55,173.26,568,-656,-1354,1660,559,-15,247.883034626512,-210.64054257961,-594.121943889221,821.709069197557,302.790567354467,-13.9349146597218,292.860075116157,38.1704816818236,0.00317071512113873,-0.100549464419505,,,,,,,,,
1767171688,276705322,411_1767171688-276705322.png,1202,-1202,0,0,0.011508118872549,-0.011508118872549,451.55,173.26,568,-656,-1354,1660,559,-15,285.917210041646,-263.555200528317,-684.40561644156,921.309239634811,333.231673444808,-14.0614610382212,301.074112296104,4.61306834220874,0.00317071512113873,-0.100549464419505,,,,,,,,,
1767171688,343401123,412_1767171688-343401123.png,1202,-1202,0,0,0.011508118872549,-0.011508118872549,544.89,187.08,555,-623,-1366,1913,647,-6,349.857365038398,-367.65974746753,-832.990701900753,1146.44117403243,406.564266862216,-12.0648006815263,315.283471882343,-14.9644417762758,0.00317071512113873,-0.042143308489413,,,,,,,,,
1767171688,376748535,413_1767171688-376748535.png,1202,-1202,0,0,0.011508118872549,-0.011508118872549,613.91,201.77,680,-464,-991,2027,535,19,407.998730652598,-402.164756775833,-938.633853604317,1322.93584802751,450.187873714053,-8.91659633713522,320.280677855015,-19.1313023567201,0.00317071512113873,-0.042143308489413,,,,,,,,,
1767171688,410097168,414_1767171688-410097168.png,1202,-1202,0,0,0.011508118872549,-0.011508118872549,641.37,204.22,711,-516,-1088,2120,546,10,465.691616836724,-420.621307898881,-960.556784223492,1473.78731590904,468.637172499473,-4.6895405517428,318.999686002731,-56.0911264419557,0.00317071512113873,-0.042143308489413,,,,,,,,,
1767171688,476792969,415_1767171688-476792969.png,1202,-1202,0,0,0.011508118872549,-0.011508118872549,665.04,207.46,723,-672,-1344,2181,709,-5,503.320865022127,-457.383387226831,-1016.63222084192,1577.21139126315,503.788271656717,-4.73494270882122,325.302690625191,-47.6145455837251,0.00317071512113873,-0.042143308489413,,,,,,,,,
1767171688,510140381,416_1767171688-510140381.png,1202,-1202,0,0,0.011508118872549,-0.011508118872549,702.99,216.91,832,-676,-1102,2247,676,-20,567.828300661779,-508.897309500146,-1050.87284296692,1707.93805864473,540.468715969549,-7.98215483428537,317.989231109619,-52.4084413051607,0.00317071512113873,-0.042143308489413,,,,,,,,,
1767171688,543489014,417_1767171688-543489014.png,1202,-1202,0,0,0.011508118872549,-0.011508118872549,719.42,220.48,791,-611,-1023,2275,697,-17,608.610188092054,-530.052547071979,-1050.32220445641,1804.42364551285,566.385842535271,-9.70259698746974,324.679663360119,-50.9099190235139,0.00317071512113873,-0.042143308489413,,,,,,,,,
1767171688,610184570,418_1767171688-610184570.png,1202,-1202,0,0,0.011508118872549,-0.011508118872549,750.19,225.6,759,-635,-1026,2341,724,-11,635.169435820554,-554.065483256488,-1095.15869270583,1914.6226129413,606.467378983527,-12.902998215927,304.532517552376,-73.3621044158937,0.00317071512113873,-0.042143308489413,,,,,,,,,
1767171688,643531494,419_1767171688-643531494.png,1202,-1202,0,0,0.011508118872549,-0.011508118872549,776.14,229.08,848,-865,-1207,2362,682,3,682.156064787274,-612.478592755328,-1096.70021335236,2030.81281514563,630.962970985822,-10.3636267612465,323.295288205147,-58.443511247635,0.00317071512113873,-0.042143308489413,,,,,,,,,
1767171688,676879395,420_1767171688-676879395.png,1202,-1202,0,0,0.011508118872549,-0.011508118872549,787.04,229.32,769,-965,-1215,2393,837,-21,694.706547193338,-638.445393837209,-1106.93176881585,2061.75141786733,640.406655283918,-9.90121025201604,324.43497222662,-61.4176294803621,0.00317071512113873,-0.0396512795321197,,,,,,,,,
1767171688,743574219,421_1767171688-743574219.png,1202,-1202,0,0,0.011508118872549,-0.011508118872549,802.53,228.9,783,-882,-1216,2481,868,-29,710.725607703249,-695.77558743803,-1128.48073743526,2135.48980339997,682.248640114512,-12.8290606209432,326.074558675289,-104.921488046646,0.00317071512113873,-0.0767757968735311,,,,,,,,,
1767171688,776921143,422_1767171688-776921143.png,1202,-1202,0,0,0.011508118872549,-0.011508118872549,827.4,227.53,820,-922,-1406,2606,859,-29,733.029502508314,-729.605745122507,-1199.09738703568,2222.58059521993,717.151762973204,-17.8819950922695,327.783370375633,-85.8219919204713,0.00317071512113873,-0.0360208104134901,,,,,,,,,
1767171688,843615967,423_1767171688-843615967.png,1202,-1202,0,0,0.011508118872549,-0.011508118872549,837.19,226.53,651,-921,-1580,2652,945,-30,730.219256592429,-767.689512833219,-1260.85433271489,2304.17931737711,755.535672207089,-20.2084444657015,334.048710227013,-148.616208314896,0.00317071512113873,-0.0441029924472061,,,,,,,,,
1767171688,876964111,424_1767171688-876964111.png,1202,-1202,0,0,0.011508118872549,-0.011508118872549,845.88,225.95,693,-939,-1436,2668,905,-42,723.624249270396,-792.248559309751,-1290.41765307381,2356.94626356515,778.490746954359,-23.066139879811,337.005654513836,-150.128629684448,0.00317071512113873,-0.0160451944944549,,,,,,,,,
1767171688,910311035,425_1767171688-910311035.png,1202,-1202,0,0,0.011508118872549,-0.011508118872549,860.64,225.56,900,-941,-1575,2734,861,-44,750.676420049534,-821.505820184367,-1331.54660727686,2436.30035384282,796.400374655244,-29.2081398983271,352.985388219356,-146.363266468048,0.00317071512113873,-0.109638152262161,,,,,,,,,
1767171688,943658936,426_1767171688-943658936.png,1202,-1202,0,0,0.011508118872549,-0.011508118872549,867,225.12,821,-833,-1601,2759,873,-38,763.127517049296,-826.149023468297,-1370.23882395743,2482.80682839083,807.273302360296,-30.658448332408,332.732781052589,-113.727778196335,0.00317071512113873,-0.0223256418258554,,,,,,,,,
1767171689,10353760,427_1767171689-10353760.png,1202,-1202,0,0,0.011508118872549,-0.011508118872549,877.86,224.49,796,-822,-1663,2813,968,-46,771.190753598007,-824.93920761909,-1455.10343390819,2548.54240080907,834.734256277438,-32.4949612519904,342.686670899391,-158.775295257568,0.00317071512113873,-0.00955282549760093,,,,,,,,,
1767171689,43700684,428_1767171689-43700684.png,1202,-1202,0,0,0.011508118872549,-0.011508118872549,882.74,222.89,965,-884,-1902,2886,984,-34,790.773331031866,-830.042494956622,-1512.66178685322,2600.85181659681,859.212838878186,-33.7428104368426,338.379119873047,-128.093560218811,0.00317071512113873,-0.00583380141800727,,,,,,,,,
1767171689,77048584,429_1767171689-77048584.png,1202,-1202,0,0,0.011508118872549,-0.011508118872549,887.44,219.45,948,-865,-2016,2925,947,-29,814.232730213227,-835.6758850737,-1583.14404282771,2647.18612947232,873.065846683489,-33.1863554591209,378.04350066185,-168.503367185593,0.00317071512113873,-0.0454511562070497,,,,,,,,,
1767171689,110395264,430_1767171689-110395264.png,1202,-1202,0,0,0.011508118872549,-0.011508118872549,895.13,212.17,810,-778,-1810,2930,929,-4,832.24863087824,-839.53204760824,-1626.0961630721,2691.6689082134,883.78611287845,-29.9579893435858,353.36385422945,-130.811476707459,0.00317071512113873,-0.0301462230247158,,,,,,,,,
1767171689,143743164,431_1767171689-143743164.png,1202,-1202,0,0,0.011508118872549,-0.011508118872549,898.33,206.87,705,-774,-2031,2982,963,-17,818.327961588787,-826.951980564192,-1682.61417580703,2743.69908708278,895.841091772914,-25.980214467214,343.683488547802,-117.332513809204,0.00317071512113873,-0.0262400145639268,,,,,,,,,
1767171689,210437988,432_1767171689-210437988.png,1202,-1202,0,0,0.011508118872549,-0.011508118872549,901.9,204.38,709,-825,-1896,2962,984,-27,799.327984171697,-825.259336391037,-1723.07835726682,2781.95658667001,910.518339423425,-25.8907032668238,381.445798397064,-150.06959438324,0.00317071512113873,-0.071634021160154,,,,,,,,,
1767171689,243784912,433_1767171689-243784912.png,1202,-1202,0,0,0.011508118872549,-0.011508118872549,908.71,204.38,857,-1051,-2201,2986,1057,-57,802.690858992964,-861.26650794391,-1825.39672199832,2829.13280635902,942.420899359659,-31.5875849671838,378.12961012125,-128.939541816712,0.00317071512113873,-0.0433760177740369,,,,,,,,,
1767171689,277132813,434_1767171689-277132813.png,1202,-1202,0,0,0.011508118872549,-0.011508118872549,912.54,199.44,913,-1089,-2181,2969,1045,-51,814.211719688196,-887.248525090833,-1868.21333868663,2846.23216292474,954.948383717972,-34.0638972803954,379.691918849945,-126.682874441147,0.00317071512113873,-0.0433760177740369,,,,,,,,,
1767171689,343827637,435_1767171689-343827637.png,1202,-1202,0,0,0.011508118872549,-0.011508118872549,919.08,198.54,966,-1037,-2005,3026,892,-80,835.477236666454,-920.164621580967,-1924.55983878949,2876.0675992991,963.958003014954,-38.6128530498217,398.252468645573,-126.57999253273,0.00317071512113873,-0.0433760177740369,,,,,,,,,
1767171689,377174561,436_1767171689-377174561.png,1202,-1202,0,0,0.011508118872549,-0.011508118872549,921.14,199.14,918,-953,-2160,3103,887,-66,855.691322490646,-933.383603603649,-1958.94843474458,2914.98741242663,949.07566416732,-45.1674650941788,361.311120927334,-124.822402715683,0.00317071512113873,-0.0433760177740369,,,,,,,,,
1767171689,410522217,437_1767171689-410522217.png,1202,-1202,0,0,0.011508118872549,-0.011508118872549,922.83,199.84,1010,-1047,-1883,3020,901,-62,871.420769198635,-944.221643975589,-1957.76651672963,2929.8140123092,942.967297478495,-47.2806338671052,362.213646769524,-125.417770862579,0.00317071512113873,-0.0433760177740369,,,,,,,,,
1767171689,443869141,438_1767171689-443869141.png,1202,-1202,0,0,0.011508118872549,-0.011508118872549,927.28,200.82,831,-1113,-2398,3014,1147,-21,882.455822576481,-972.635065503528,-1999.04905319286,2943.28425233127,966.520232018348,-44.5347910882905,387.113956809044,-146.028542041779,0.00317071512113873,-0.0433760177740369,,,,,,,,,
1767171689,510563965,439_1767171689-510563965.png,1202,-1202,0,0,0.011508118872549,-0.011508118872549,929.85,200.7,822,-1075,-2235,3005,1106,-19,871.169226085563,-995.99158632372,-2058.89978682041,2956.25653675657,997.485676246237,-39.6240010810412,387.113956809044,-146.028542041779,0.00317071512113873,-0.0433760177740369,,,,,,,,,
1767171689,543911865,440_1767171689-543911865.png,1202,-1202,0,0,0.011508118872549,-0.011508118872549,932.84,200.95,799,-1061,-2229,3057,1032,-35,863.24567894951,-1004.11179004322,-2079.27982423282,2966.75410561839,1003.6813530348,-38.621653622358,403.445401549339,-141.625970125198,0.00317071512113873,-0.0433760177740369,,,,,,,,,
1767171689,577258545,441_1767171689-577258545.png,1202,-1202,0,0,0.011508118872549,-0.011508118872549,940.42,201.14,842,-926,-2025,3056,1015,-24,856.219630283572,-989.385405711881,-2113.28574971124,2990.87691963392,1002.39922277117,-36.4266110339582,405.105508804321,-141.493140697479,0.00317071512113873,-0.0433760177740369,,,,,,,,,
1767171689,610606689,442_1767171689-610606689.png,1202,-1202,0,0,0.011508118872549,-0.011508118872549,944.34,201.16,893,-1001,-2062,3053,1026,-26,858.377933171663,-985.219139461651,-2101.37715091675,3001.85975302955,1005.57238631075,-34.460094724718,402.530277490616,-125.754214763641,0.00317071512113873,-0.0376455143411272,,,,,,,,,
1767171689,643953857,443_1767171689-643953857.png,1202,-1202,0,0,0.011508118872549,-0.011508118872549,948.18,201.12,877,-1043,-1999,3027,1040,-34,861.993067886158,-991.328117823582,-2089.91682968899,3006.98549933855,1009.82681002726,-33.9469048165245,403.552421450615,-124.832719564438,0.00317071512113873,-0.0680019631814073,,,,,,,,,
1767171689,710649414,444_1767171689-710649414.png,1202,-1202,0,0,0.011508118872549,-0.011508118872549,957.52,199.92,791,-930,-1617,2984,957,-21,855.67046026666,-985.088193233835,-1998.28557951288,3007.70697311431,1002.08761409012,-34.2875067421122,393.305265903473,-116.799333333969,0.00317071512113873,-0.0389394352519742,,,,,,,,,
1767171689,743997559,445_1767171689-743997559.png,1202,-1202,0,0,0.011508118872549,-0.011508118872549,957.52,199.92,791,-930,-1617,2984,957,-21,849.817542673108,-980.102506506915,-1963.77781403082,3005.56140372361,998.007017034348,-33.0849378773682,406.213502466679,-138.339910507202,0.00317071512113873,-0.0389394352519742,,,,,,,,,
1767171689,810692871,446_1767171689-810692871.png,1202,-1202,0,0,0.011508118872549,-0.011508118872549,963,200.15,1028,-989,-1849,3023,1005,-14,862.334961832447,-975.432472422264,-1953.40808201207,3015.18594907051,1002.5869600492,-28.9938836266122,400.469884634018,-147.304392337799,0.00317071512113873,-0.0389394352519742,,,,,,,,,
1767171689,844040039,447_1767171689-844040039.png,1202,-1202,0,0,0.011508118872549,-0.011508118872549,967.65,201.6,924,-1010,-2121,3034,1067,2,883.244154271573,-973.484862341776,-1946.78350129515,3015.35320616126,1011.32729063456,-23.7918833330985,396.607816934585,-142.199844837189,0.00317071512113873,-0.0389394352519742,,,,,,,,,
1767171689,877388184,448_1767171689-877388184.png,1202,-1202,0,0,0.011508118872549,-0.011508118872549,970.31,202.49,928,-1058,-2035,3037,1056,-7,890.532576323441,-982.736941699018,-1971.62051721577,3018.75953406646,1020.27432447604,-19.8861808983941,423.168753743172,-147.42088675499,0.00317071512113873,-0.0389394352519742,,,,,,,,,
1767171689,944083740,449_1767171689-944083740.png,1202,-1202,0,0,0.011508118872549,-0.011508118872549,971.91,205.48,966,-1034,-1991,3028,1050,9,901.522474412496,-992.892121164194,-1977.34575103469,3020.84246770987,1025.73543142338,-15.7582219517503,372.893038034439,-176.170791864395,0.00317071512113873,-0.0389394352519742,,,,,,,,,
1767171689,977430908,450_1767171689-977430908.png,1202,-1202,0,0,0.011508118872549,-0.011508118872549,797.74,214.89,819,-861,-1763,3001,1078,-12,900.607145868113,-987.128836473095,-1988.37930512801,3026.41916531679,1034.71421165237,-12.4785986289472,318.683042168617,-212.552299261093,0.00317071512113873,-0.0389394352519742,,,,,,,,,
1767171690,44126221,451_1767171690-44126221.png,1202,-1202,0,0,0.011508118872549,-0.011508118872549,687.3,219.37,884,-879,-1802,3031,1070,-38,890.089991707171,-961.076405387744,-1942.63847036181,3024.30212564912,1043.43851656735,-15.4607746077158,279.830142378807,-222.597900867462,0.00317071512113873,-0.0389394352519742,,,,,,,,,
1767171690,77474365,452_1767171690-77474365.png,1202,-1202,0,0,0.011508118872549,-0.011508118872549,474.91,228.81,789,-1027,-1536,2907,1098,-9,864.543651960675,-958.583491873647,-1889.79246731516,3008.56445321928,1055.98481818921,-15.0526949673578,223.940687358379,-189.599746704102,0.00317071512113873,-0.0454983041446125,,,,,,,,,
1767171690,110821533,453_1767171690-110821533.png,1202,-1202,0,0,0.011508118872549,-0.011508118872549,367.41,233.71,810,-1117,-1527,2840,1116,-16,852.038479779085,-982.861753618954,-1818.47268432592,2980.43690898974,1066.46616321107,-14.6825409733882,192.227859258652,-173.088919878006,0.00317071512113873,-0.0695653298114291,,,,,,,,,
1767171690,144169678,454_1767171690-144169678.png,1202,-1202,0,0,0.011508118872549,-0.011508118872549,338.99,236.29,975,-1062,-1345,2852,991,-30,865.49490170271,-995.943640563666,-1754.22315298309,2961.32491920902,1058.85841078997,-16.5385957675655,174.897908449173,-193.942710161209,0.00317071512113873,-0.0497232668287187,,,,,,,,,
1767171690,210865234,455_1767171690-210865234.png,1202,-1202,0,0,0.011508118872549,-0.011508118872549,339.48,237.42,880,-854,-1435,2921,1011,-42,874.855232280352,-982.173663645214,-1705.75064715215,2950.58280839555,1048.82660349806,-21.9634645626412,193.311565637588,-209.369408130646,0.00317071512113873,-0.0469229521460839,,,,,,,,,
1767171690,244212402,456_1767171690-244212402.png,1202,-1202,0,0,0.011508118872549,-0.011508118872549,412.14,237.23,979,-833,-1896,2969,1049,-52,871.448785069365,-953.943974518259,-1695.10175513697,2951.87040127124,1049.44121597694,-25.8281979437364,193.311565637588,-209.369408130646,0.00317071512113873,-0.0540556078185979,,,,,,,,,
1767171690,310907715,457_1767171690-310907715.png,1202,-1202,0,0,0.011508118872549,-0.011508118872549,475.1,237.46,1168,-1016,-1714,2917,999,-68,915.260316034876,-951.671696662598,-1713.36888952988,2949.0934284139,1043.41293785424,-32.9259906884437,220.272008776665,-199.604654073715,0.00317071512113873,-0.0503061404539127,,,,,,,,,
1767171690,344255859,458_1767171690-344255859.png,1202,-1202,0,0,0.011508118872549,-0.011508118872549,488.04,237.49,1092,-1093,-1743,2921,1002,-67,938.410886442519,-966.283546036405,-1716.06848193542,2945.6423149353,1038.40759821799,-37.0027482046706,240.041078209877,-221.688871860504,0.00317071512113873,-0.0718062290937267,,,,,,,,,
1767171690,377603027,459_1767171690-377603027.png,1202,-1202,0,0,0.011508118872549,-0.011508118872549,558.99,237.8,921,-1000,-1967,2996,1041,-62,939.946271120644,-974.581753559003,-1753.48086271306,2952.35185271504,1037.81919481227,-41.4555599402094,273.198155462742,-223.818298101425,0.00317071512113873,-0.0748091362073549,,,,,,,,,
1767171690,410951172,460_1767171690-410951172.png,1202,-1202,0,0,0.011508118872549,-0.011508118872549,770.62,237.96,956,-838,-1692,2931,942,-61,942.053361258081,-958.051439476299,-1749.80973911475,2950.05722822704,1025.60074808951,-45.1202623403227,330.142094194889,-212.0172560215,0.00317071512113873,-0.0735824480117602,,,,,,,,,
1767171690,444298340,461_1767171690-444298340.png,1202,-1202,0,0,0.011508118872549,-0.011508118872549,845.13,238.18,955,-941,-1828,2947,1060,-88,944.002439469561,-949.816781314851,-1753.66404390742,2948.71832395437,1024.05426153491,-49.8861447884437,332.977991700172,-209.619448423386,0.00317071512113873,-0.0626954818421447,,,,,,,,,
1767171690,510993652,462_1767171690-510993652.png,1202,-1202,0,0,0.011508118872549,-0.011508118872549,856.45,239.87,832,-961,-1834,2902,1121,-114,932.297596219288,-960.590563165694,-1776.40419113342,2943.85924823862,1043.85894779933,-59.8220687044107,335.603096365929,-197.960836172104,0.00317071512113873,-0.0654955248780995,,,,,,,,,
1767171690,544341797,463_1767171690-544341797.png,1202,-1202,0,0,0.011508118872549,-0.011508118872549,857.42,241.05,797,-879,-1450,2811,984,-77,915.48493197447,-955.62510397571,-1761.29382678758,2932.16077803127,1046.74420808541,-65.4776187374507,297.548300087452,-193.311089754105,0.00317071512113873,-0.0622145965008169,,,,,,,,,
1767171690,577688965,464_1767171690-577688965.png,1202,-1202,0,0,0.011508118872549,-0.011508118872549,905.85,242.88,757,-794,-1458,2803,895,-60,891.388628509829,-934.690202949977,-1708.22113858911,2910.49816336522,1027.84614037568,-65.930313313308,390.100643277168,-149.905384540558,0.00317071512113873,-0.0928778234211717,,,,,,,,,
1767171690,611037109,465_1767171690-611037109.png,1202,-1202,0,0,0.011508118872549,-0.011508118872549,1000.37,246.86,760,-746,-1564,2769,954,-59,876.274132916659,-907.385451419197,-1643.13259768378,2879.45150698735,1001.88725270357,-64.4382600014303,406.509235858917,-151.541751384735,0.00317071512113873,-0.0928778234211717,,,,,,,,,
1767171690,677732178,466_1767171690-677732178.png,1202,-1202,0,0,0.011508118872549,-0.011508118872549,1000.3,248.56,833,-720,-1873,2839,985,-58,861.859647001197,-872.250956101839,-1664.13304045809,2865.83674510708,996.061780669631,-63.2396037392751,412.878218770027,-146.780095815659,0.00317071512113873,-0.0928778234211717,,,,,,,,,
1767171690,711079102,467_1767171690-711079102.png,1202,-1202,0,0,0.011508118872549,-0.011508118872549,996.64,250.68,849,-677,-1620,2773,941,-55,859.540173400924,-844.876523137277,-1664.61834374401,2854.07040804564,989.216297373897,-62.1169144033854,391.805688500404,-129.012046337128,0.00317071512113873,-0.0928778234211717,,,,,,,,,
1767171690,744427246,468_1767171690-744427246.png,1202,-1202,0,0,0.011508118872549,-0.011508118872549,984.91,257.68,806,-866,-1837,2675,905,-35,861.481040603364,-841.584208956382,-1676.41413857363,2825.8161882063,976.362606922767,-60.6895287828382,342.024550199509,-117.601611614227,0.00317071512113873,-0.0928778234211717,,,,,,,,,
1767171690,777774170,469_1767171690-777774170.png,1202,-1202,0,0,0.011508118872549,-0.011508118872549,978.48,260.21,872,-942,-1572,2602,895,-30,858.30618328923,-855.462123248457,-1676.81517343122,2787.1961401382,961.004425480877,-54.9944452378835,370.730690538883,-111.974630355835,0.00317071512113873,-0.0928778234211717,,,,,,,,,
1767171690,844469238,470_1767171690-844469238.png,1202,-1202,0,0,0.011508118872549,-0.011508118872549,967.82,264.85,930,-580,-1554,2675,910,-49,866.724166350332,-821.834586705917,-1642.89790805725,2755.65150958241,943.935273326575,-52.1000473531945,370.49223357439,-87.1468472480775,0.00317071512113873,-0.0928778234211717,,,,,,,,,
1767171690,877817139,471_1767171690-877817139.png,1202,-1202,0,0,0.011508118872549,-0.011508118872549,963.25,267.68,1053,-691,-1391,2611,886,-50,892.273320657504,-793.229857394984,-1608.16830104231,2734.10954013083,935.219176372105,-51.6831213061526,350.665887713432,-79.1634690761567,0.00317071512113873,-0.0928778234211717,,,,,,,,,
1767171690,911164307,472_1767171690-911164307.png,1202,-1202,0,0,0.011508118872549,-0.011508118872549,959.63,269.91,1032,-770,-1308,2574,897,-45,909.469220822866,-788.233377860715,-1574.85399413324,2716.13384295321,930.678227232897,-50.8890771423819,350.665887713432,-79.1634690761567,0.00317071512113873,-0.0928778234211717,,,,,,,,,
1767171690,944512207,473_1767171690-944512207.png,1202,-1202,0,0,0.011508118872549,-0.011508118872549,956.63,271.65,946,-807,-1307,2559,876,-17,918.067767358478,-790.493296441997,-1528.59097183925,2689.3771384407,921.786994591428,-45.7765761136885,329.27060931921,-90.1943297386171,0.00317071512113873,-0.064332277299524,,,,,,,,,
1767171691,11207275,474_1767171691-11207275.png,1202,-1202,0,0,0.011508118872549,-0.011508118872549,953.71,272.36,877,-764,-1213,2565,897,-13,895.325042608707,-785.881042294085,-1495.31835886013,2668.67854272525,922.484325231276,-39.7005679169315,365.921418786049,-63.682750940323,0.00317071512113873,-0.0590241476246087,,,,,,,,,
1767171691,44554199,475_1767171691-44554199.png,1202,-1202,0,0,0.011508118872549,-0.011508118872549,953.7,272.73,942,-727,-1366,2628,914,-22,899.881041431901,-777.703541873021,-1464.70752618343,2658.24641935625,920.100039941505,-36.1555888311843,365.921418786049,-63.682750940323,0.00317071512113873,-0.0458554274222837,,,,,,,,,
1767171691,77902100,476_1767171691-77902100.png,1202,-1202,0,0,0.011508118872549,-0.011508118872549,954.58,272.66,938,-630,-1667,2740,933,-22,905.455627595376,-756.103105980981,-1494.29114724428,2670.20221239443,921.986553675163,-34.0854496511439,321.458026647568,-79.7508130073549,0.00317071512113873,-0.0452812443578201,,,,,,,,,
1767171691,144597168,477_1767171691-144597168.png,1202,-1202,0,0,0.011508118872549,-0.011508118872549,958.16,272.55,1146,-898,-1583,2774,917,-47,945.121051727984,-782.478963800287,-1501.76425697043,2690.67995308191,917.940499365578,-37.4954661521529,317.001634836197,-96.2192261219026,0.00317071512113873,-0.077824068985394,,,,,,,,,
1767171691,177944092,478_1767171691-177944092.png,1202,-1202,0,0,0.011508118872549,-0.011508118872549,910.28,272.13,890,-804,-1717,2800,963,-22,944.081733538019,-788.204514479362,-1529.56531205489,2705.95397662792,923.268374034553,-35.9150923043557,302.665643692017,-140.1010825634,0.00317071512113873,-0.0478605946494301,,,,,,,,,
1767171691,211291992,479_1767171691-211291992.png,1202,-1202,0,0,0.011508118872549,-0.011508118872549,763.6,270.39,834,-743,-1483,2849,939,-39,933.443023457191,-777.16980311084,-1507.71894326887,2731.94092301745,917.607110276307,-38.4666899643388,294.127169966698,-150.590308666229,0.00317071512113873,-0.039196908799449,,,,,,,,,
1767171691,277987061,480_1767171691-277987061.png,1202,-1202,0,0,0.011508118872549,-0.011508118872549,746.72,269.04,999,-837,-1517,2841,995,-26,935.861831546715,-782.433153180665,-1507.48675591976,2751.2201591894,927.957703893458,-37.0142809439085,271.871056735516,-180.844181060791,0.00317071512113873,-0.039196908799449,,,,,,,,,
1767171691,311333984,481_1767171691-311333984.png,1202,-1202,0,0,0.011508118872549,-0.011508118872549,756.77,265.32,975,-824,-1326,2797,993,-27,935.808335413634,-788.078524638301,-1494.51296083634,2765.52700885983,944.579310528256,-34.0648486284551,275.716759741306,-183.198571920395,0.00317071512113873,-0.039196908799449,,,,,,,,,
1767171691,344681885,482_1767171691-344681885.png,1202,-1202,0,0,0.011508118872549,-0.011508118872549,765.76,263.14,962,-809,-1233,2763,972,-16,941.036728963917,-792.504148704556,-1454.34149280021,2766.92640730485,950.452125147161,-31.5369789563251,275.384270727634,-193.289023160935,0.00317071512113873,-0.039196908799449,,,,,,,,,
1767171691,378029053,483_1767171691-378029053.png,1202,-1202,0,0,0.011508118872549,-0.011508118872549,774.71,257.19,980,-885,-1403,2747,1015,-5,946.241076688684,-803.94634825588,-1442.17038127245,2764.45118840683,958.712300649716,-27.9578756910957,281.240363359451,-231.941670179367,0.00317071512113873,-0.039196908799449,,,,,,,,,
1767171691,411376953,484_1767171691-411376953.png,1202,-1202,0,0,0.011508118872549,-0.011508118872549,935.94,245.95,1004,-634,-1493,2741,965,-14,957.356291597124,-794.838451660703,-1426.30055464003,2755.43929255283,960.082298609362,-26.5375526748599,322.114172935486,-220.516763210297,0.00317071512113873,-0.039196908799449,,,,,,,,,
1767171691,478071777,485_1767171691-478071777.png,1202,-1202,0,0,0.011508118872549,-0.011508118872549,991.36,241.96,994,-529,-1724,2770,994,-21,965.429921214881,-750.426314605513,-1466.99055461507,2756.01775597365,964.504365006121,-24.8797391168104,397.262015044689,-198.049389123917,0.00317071512113873,-0.039196908799449,,,,,,,,,
1767171691,511418701,486_1767171691-511418701.png,1202,-1202,0,0,0.011508118872549,-0.011508118872549,1033.38,237.83,919,-553,-1377,2679,995,-6,960.69705900651,-720.896046577924,-1463.34784624147,2747.25052823261,968.93667394085,-22.5301584297798,456.413498997688,-175.215480327606,0.00317071512113873,-0.039196908799449,,,,,,,,,
1767171691,544766846,487_1767171691-544766846.png,1202,-1202,50,0,0.011508118872549,-0.011508118872549,1053.9,230.46,895,-741,-1677,2583,983,-17,951.058224291459,-719.671349452397,-1472.41257342838,2717.93098628368,968.571717291063,-20.196552694074,455.097829580307,-182.958418607712,0.00317071512113873,-0.039196908799449,,,,,,,,,
1767171691,578113770,488_1767171691-578113770.png,1202,-1202,0,0,0.011508118872549,-0.011508118872549,1056.72,230.13,927,-681,-1363,2460,889,-15,945.172464499414,-716.228490570948,-1470.46126379872,2679.99863736086,959.896706228843,-19.4065088195187,461.161078453064,-178.022093057633,0.00317071512113873,-0.039196908799449,,,,,,,,,
1767171691,644808838,489_1767171691-644808838.png,1202,-1202,0,0,0.011508118872549,-0.011508118872549,1058.44,231.68,885,-619,-1291,2299,831,-39,936.877336979178,-693.017906769796,-1441.76334066502,2611.39290077685,935.559549099898,-21.5662417625331,424.571052134037,-170.281017541886,0.00317071512113873,-0.0726797794022765,,,,,,,,,
1767171691,678157227,490_1767171691-678157227.png,1202,-1202,0,0,0.011508118872549,-0.011508118872549,1055.45,233.17,777,-636,-1289,2191,856,-60,924.09488055741,-685.265427781494,-1423.7280709344,2567.65771231137,924.668591345428,-24.9245816163684,452.788979113102,-176.004432678223,0.00317071512113873,-0.0726797794022765,,,,,,,,,
1767171691,711504395,491_1767171691-711504395.png,1202,-1202,0,0,0.011508118872549,-0.011508118872549,1047.43,237.52,794,-550,-955,2011,702,-43,900.694281456787,-666.533597843444,-1360.76116809061,2481.17862804382,894.504264916036,-28.9663663142989,449.578901588917,-185.796841621399,0.00317071512113873,-0.0831426166891256,,,,,,,,,
1767171691,744852539,492_1767171691-744852539.png,1202,-1202,0,0,0.011508118872549,-0.011508118872549,1033.71,240.93,765,-551,-874,1852,653,-37,881.645527025702,-649.610324899317,-1291.79803037854,2393.52752041369,860.530234288138,-30.3057903316477,449.578901588917,-185.796841621399,0.00317071512113873,-0.0648236164513663,,,,,,,,,
1767171691,811547852,493_1767171691-811547852.png,1202,-1202,0,0,0.011508118872549,-0.011508118872549,945.74,245.57,457,-248,-643,1310,454,-26,790.3761343513,-567.821140634949,-1158.13012586267,2152.45584281354,770.256282248783,-31.7742001024711,382.772117853165,-138.594106197357,0.00317071512113873,-0.0982111582533888,,,,,,,,,
1767171691,844895020,494_1767171691-844895020.png,1202,-1202,0,0,0.011508118872549,-0.011508118872549,894.64,250.74,406,-282,-653,1108,382,-12,738.497085376422,-523.133588449206,-1083.40940070646,2016.87407457388,719.593895444156,-30.0717863352656,360.652377068996,-124.196943759918,0.00317071512113873,-0.0699713846429449,,,,,,,,,
1767171691,911590332,495_1767171691-911590332.png,1202,-1202,0,0,0.011508118872549,-0.011508118872549,831.75,252.84,317,-327,-428,884,333,3,651.165098306973,-475.818672693292,-954.304131462303,1780.97334909006,636.97239283007,-23.8389317376238,294.591875314712,3.72839856147754,0.00317071512113873,-0.0872067491265728,,,,,,,,,
1767171691,978285645,496_1767171691-978285645.png,1202,-1202,0,0,0.011508118872549,-0.011508118872549,598.64,238.32,168,-60,-197,437,174,11,522.558990516599,-361.102435470145,-785.142329347978,1430.63445213482,516.39987504419,-13.2408575248471,281.539083957672,105.334170103073,0.00317071512113873,-0.029849736793679,,,,,,,,,
1767171692,11633789,497_1767171692-11633789.png,1202,-1202,0,0,0.011508118872549,-0.011508118872549,516.33,230.85,74,-62,-132,356,163,16,467.781723241196,-317.130918500068,-697.108082874688,1282.80226892026,465.984297560026,-9.54019657418733,262.870864868164,146.55757522583,0.00317071512113873,-0.0827297269704912,,,,,,,,,
1767171692,44980957,498_1767171692-44980957.png,1202,-1202,0,0,0.011508118872549,-0.011508118872549,436.64,222.25,78,-18,12,279,171,19,370.834946335246,-247.505525406186,-536.083451906835,1041.99152818412,392.1111683023,-2.77568253299477,236.06134057045,150.57985663414,0.00317071512113873,-0.0796760303665234,,,,,,,,,
1767171692,111676270,499_1767171692-111676270.png,1202,-1202,0,0,0.011508118872549,-0.011508118872549,299.83,201.16,156,-149,-136,221,155,23,308.723330746661,-203.695818381721,-416.260216048898,823.543422040584,330.078438762347,4.08717207831717,214.370718419552,157.218605518341,0.00317071512113873,-0.0952487795291866,,,,,,,,,
1767171692,145024414,500_1767171692-145024414.png,1202,-1202,0,0,0.011508118872549,-0.011508118872549,175.53,180.29,59,-109,-82,211,83,9,270.943289953954,-203.150801721454,-348.652641047209,700.266970210673,284.44953149085,5.74908034142694,143.458474636078,205.163151025772,0.00317071512113873,-0.0597601453212486,,,,,,,,,
1767171692,211719727,501_1767171692-211719727.png,1202,-1202,0,0,0.011508118872549,-0.011508118872549,147.74,172.61,94,-96,176,165,93,23,228.690283127654,-180.206000698506,-251.32268497528,584.183725494951,240.885940220939,8.52307937893439,130.1316395998,204.127597332001,0.00317071512113873,-0.0531351790428956,,,,,,,,,
1767171692,245066895,502_1767171692-245066895.png,1202,-1202,0,0,0.011508118872549,-0.011508118872549,129.56,159.82,27,-86,-95,212,86,37,187.999674264614,-166.332351355381,-193.638888509129,495.942652166,205.46932630056,15.1539722017587,134.780901014805,197.207284450531,0.00317071512113873,-0.10294504007317,,,,,,,,,
1767171692,311762207,503_1767171692-311762207.png,1202,-1202,0,0,0.011508118872549,-0.011508118872549,129.58,155.1,64,87,293,203,121,35,161.44187565346,-125.081398736152,-117.310922948074,438.245674750595,186.865477829489,19.1993241478374,154.417104721069,196.671524763107,0.00317071512113873,-0.128322742962809,,,,,,,,,
1767171692,345110352,504_1767171692-345110352.png,1202,-1202,0,0,0.011508118872549,-0.011508118872549,135.8,147.93,138,-67,135,160,27,24,155.688926388183,-102.29160584788,-60.7589115024413,384.506162686183,163.633268612391,21.9371987047993,164.505548715591,165.444286346435,0.00317071512113873,-0.0636862535539556,,,,,,,,,
1767171692,378457520,505_1767171692-378457520.png,1202,-1202,0,0,0.011508118872549,-0.011508118872549,136.87,146,61,-85,187,119,126,25,145.663200689506,-97.8217001567491,-22.2223425650668,341.997134622265,148.9806505054,22.3841885860545,167.158187627792,162.445379018783,0.00317071512113873,-0.084566357091176,,,,,,,,,
1767171692,445152832,506_1767171692-445152832.png,1202,-1202,0,0,0.011508118872549,-0.011508118872549,138.19,141.86,35,-108,221,226,91,17,106.186858053219,-77.6089853560232,13.3016971241336,288.21706047865,142.201702319859,26.4073583942592,178.23059129715,153.636796236038,0.00317071512113873,-0.108432700543292,,,,,,,,,
1767171692,478500977,507_1767171692-478500977.png,1203,-1202,0,0,0.0115176930147059,-0.011508118872549,138.19,141.86,35,-108,221,226,91,17,97.7289075560014,-81.2198442202646,37.9790324093461,280.824841858502,136.118255523108,25.2896384416699,167.885896980762,156.552738904953,0.00317071512113873,-0.0705552987844373,,,,,,,,,
1767171692,545196289,508_1767171692-545196289.png,1202,-1202,0,0,0.011508118872549,-0.011508118872549,158.15,139.26,-59,-172,136,300,154,2,59.9846694903077,-101.584995275416,77.9117226102552,276.284467256666,140.716232188875,18.9758877274642,202.229024887085,112.035536527634,0.00317071512113873,-0.100162990940261,,,,,,,,,
1767171692,578543457,509_1767171692-578543457.png,1202,-1202,0,0,0.011508118872549,-0.011508118872549,199.57,139.44,152,-152,-43,450,188,8,59.4483198106426,-114.478471049983,16.7002690769757,306.110624189633,154.086192564802,14.874558676959,202.230453550816,112.03639626503,0.00317071512113873,-0.0565425461718449,,,,,,,,,
1767171692,645238770,510_1767171692-645238770.png,1202,-1202,0,0,0.011508118872549,-0.011508118872549,232.71,140.48,122,-217,-248,452,284,16,75.7473024008048,-132.370631385241,-26.6229200404754,338.563839918348,175.705487273399,14.5079598420938,237.265963852405,93.7655436992644,0.00317071512113873,-0.0290562052998039,,,,,,,,,
1767171692,678586914,511_1767171692-678586914.png,1202,-1202,0,0,0.011508118872549,-0.011508118872549,267.2,145.02,242,-169,-572,573,282,8,100.060400724861,-137.72737719171,-106.379860891503,372.848212401258,191.25019106798,13.5562239014759,244.024452447891,94.000395298004,0.00317071512113873,-0.0503985136051415,,,,,,,,,
1767171692,711934082,512_1767171692-711934082.png,1202,-1202,0,0,0.011508118872549,-0.011508118872549,325.21,154.71,254,-229,-477,724,305,32,128.789054596401,-161.293733745922,-140.249219228191,416.955338427747,208.074242033046,16.3185438372854,249.65884244442,79.8058443069457,0.00317071512113873,-0.0681437981929185,,,,,,,,,
1767171692,745282227,513_1767171692-745282227.png,1202,-1202,0,0,0.011508118872549,-0.011508118872549,358.62,160.2,191,-249,-726,795,358,38,150.588030491813,-180.988038893331,-260.069771026487,503.387241851556,239.831602810879,21.0799733648551,255.979770302772,71.0468397140502,0.00317071512113873,-0.0648878410891227,,,,,,,,,
1767171692,811977295,514_1767171692-811977295.png,1202,-1202,0,0,0.011508118872549,-0.011508118872549,425.38,175.3,365,-185,-449,883,430,29,191.515184511768,-178.901801497392,-295.250770336691,570.665197839981,273.611104314479,21.9662085845897,268.822548091412,53.1734724044799,0.00317071512113873,-0.0386115989879344,,,,,,,,,
1767171692,845324463,515_1767171692-845324463.png,1202,-1202,0,0,0.011508118872549,-0.011508118872549,460.55,180.91,409,-170,-558,952,474,27,236.725437355729,-178.071183181746,-345.555638754736,650.565873959419,315.000246021971,23.2458485134108,299.313479065895,1.12955570220935,0.00317071512113873,-0.091399268976392,,,,,,,,,
1767171692,878672607,516_1767171692-878672607.png,1202,-1202,0,0,0.011508118872549,-0.011508118872549,498.3,185.78,407,-230,-686,1022,539,20,261.626700573944,-185.665348253268,-395.34284430602,704.88507934823,347.758379403734,22.7711696950147,306.769675076008,-30.3706493377687,0.00317071512113873,-0.0818209401617017,,,,,,,,,
1767171692,945367920,517_1767171692-945367920.png,1202,-1202,0,0,0.011508118872549,-0.011508118872549,575.21,195.63,515,-416,-656,1072,504,22,304.936274926227,-213.555198415037,-439.549612775719,773.113400640082,379.606024006355,23.8535582425762,306.769675076008,-30.3706493377687,0.00317071512113873,-0.0857660783802171,,,,,,,,,
1767171692,978715088,518_1767171692-978715088.png,1202,-1202,0,0,0.011508118872549,-0.011508118872549,639.38,210.79,535,-396,-842,1123,501,18,361.852958156414,-257.31442569589,-519.483158222911,855.052515530614,411.609408810643,22.2051756939445,318.321200609207,-67.841157436371,0.00317071512113873,-0.0857660783802171,,,,,,,,,
1767171693,45410156,519_1767171693-45410156.png,1202,-1202,0,0,0.011508118872549,-0.011508118872549,680.57,213.54,413,-163,-688,1100,459,16,401.749168088439,-246.741077848278,-582.552427407197,932.643464907512,447.493358919334,17.0920899987325,318.321200609207,-67.841157436371,0.00317071512113873,-0.0857660783802171,,,,,,,,,
1767171693,78758301,520_1767171693-78758301.png,1202,-1202,0,0,0.011508118872549,-0.011508118872549,693.77,225.2,435,-166,-414,977,410,20,403.452198335522,-239.255578500772,-583.567101786186,943.961267153234,447.009543075952,17.1177587019104,311.438028633594,-61.9152741432191,0.00317071512113873,-0.0857660783802171,,,,,,,,,
1767171693,112105469,521_1767171693-112105469.png,1202,-1202,0,0,0.011508118872549,-0.011508118872549,699.23,237.77,393,-87,-481,914,404,33,405.915300901609,-217.559860341899,-555.960922129923,944.819836803949,439.117756222749,18.866616620127,298.693309128284,-41.0301034450532,0.00317071512113873,-0.0857660783802171,,,,,,,,,
1767171693,178800781,522_1767171693-178800781.png,1202,-1202,0,0,0.011508118872549,-0.011508118872549,699.42,246.07,283,-90,-536,800,433,35,387.264185513993,-192.074092113513,-549.119678884365,922.028557071179,436.385645566889,21.9654820189968,288.80098170042,17.3894824981688,0.00317071512113873,-0.0857660783802171,,,,,,,,,
1767171693,212148926,523_1767171693-212148926.png,1202,-1202,0,0,0.011508118872549,-0.011508118872549,688.96,257.68,300,-267,-268,609,363,29,359.777976162009,-191.988222404521,-485.886328184472,869.34462382015,423.32396912729,24.1859610958559,269.254264295101,48.364101409912,0.00317071512113873,-0.0857660783802171,,,,,,,,,
1767171693,245495850,524_1767171693-245495850.png,1202,-1202,0,0,0.011508118872549,-0.011508118872549,678.24,262.45,325,-264,-196,614,320,23,350.073039049908,-208.315388552544,-426.657116610051,811.886174087046,403.552552790266,24.3844965580321,261.805211603641,76.6021761894225,0.00317071512113873,-0.0857660783802171,,,,,,,,,
1767171693,312191162,525_1767171693-312191162.png,1202,-1202,0,0,0.011508118872549,-0.011508118872549,637.17,271.88,393,-69,-99,552,250,35,353.139621805682,-189.74450083133,-307.387638726622,740.819966824639,357.449233784076,24.6346520984431,261.805211603641,76.6021761894225,0.00317071512113873,-0.0841569989377991,,,,,,,,,
1767171693,345539307,526_1767171693-345539307.png,1202,-1202,0,0,0.011508118872549,-0.011508118872549,637.17,271.88,393,-69,-99,552,250,35,357.875567664058,-175.398439791818,-282.628401125995,718.385630263598,344.682828226042,25.8661940127141,252.277972698212,92.5460062026976,0.00317071512113873,-0.0709645198329256,,,,,,,,,
1767171693,412234375,527_1767171693-412234375.png,1202,-1202,0,0,0.011508118872549,-0.011508118872549,597.93,275.14,361,38,-21,433,183,39,393.145036157094,-113.649192720147,-265.519111476125,638.001942685066,304.800628143457,25.3067099433146,249.084649503231,113.862048625946,0.00317071512113873,-0.0915154425365094,,,,,,,,,
1767171693,445581543,528_1767171693-445581543.png,1202,-1202,0,0,0.011508118872549,-0.011508118872549,597.93,275.14,361,38,-21,433,183,39,391.175040952131,-104.355434858587,-250.533859172301,625.43848367622,297.336127178786,26.1458975435399,241.963540077209,135.756980895996,0.00317071512113873,-0.0915154425365094,,,,,,,,,
1767171693,478929688,529_1767171693-478929688.png,1202,-1202,0,0,0.011508118872549,-0.011508118872549,566.72,274.76,311,-7,-55,360,216,29,364.343679077189,-91.639944660971,-219.332663617561,571.563557851023,279.156679395527,27.3158439234686,239.252715587616,136.058175563812,0.00317071512113873,-0.0915154425365094,,,,,,,,,
1767171693,512276855,530_1767171693-512276855.png,1202,-1202,0,0,0.011508118872549,-0.011508118872549,550.21,273.86,211,93,-52,311,213,29,339.127359745868,-60.2093123074355,-186.263380065436,522.388792924681,266.177308315648,27.6502567629115,234.941138327122,133.777005672455,0.00317071512113873,-0.0915154425365094,,,,,,,,,
1767171693,578971924,531_1767171693-578971924.png,1202,-1202,0,0,0.011508118872549,-0.011508118872549,517,269.66,173,-53,110,250,240,35,303.394850401731,-46.5599303671536,-155.303855482515,475.989822594308,257.5474496997,29.9333282410454,227.863927841186,159.985813617706,0.00317071512113873,-0.0915154425365094,,,,,,,,,
1767171693,612320313,532_1767171693-612320313.png,1202,-1202,0,0,0.011508118872549,-0.011508118872549,502.95,266.95,248,-108,151,259,204,20,285.218418423456,-56.0426516349943,-90.0098432058897,426.794986015962,248.360711270379,28.8721532561342,227.460655033588,156.399848937988,0.00317071512113873,-0.0915154425365094,,,,,,,,,
1767171693,645667480,533_1767171693-645667480.png,1202,-1202,0,0,0.011508118872549,-0.011508118872549,483.54,267.38,137,-27,57,293,209,29,263.542686043742,-51.7954011843865,-68.5108550746666,407.228562750373,242.604528922417,28.8908497975973,224.155636310577,146.768210887909,0.00317071512113873,-0.0915154425365094,,,,,,,,,
1767171693,712363037,534_1767171693-712363037.png,1202,-1202,0,0,0.011508118872549,-0.011508118872549,476.14,258.15,244,0,139,308,168,18,249.504861942293,-36.3804174862662,-9.25876461699405,379.32915752881,222.629176532178,28.0609109179736,228.519294857979,132.059393644333,0.00317071512113873,-0.0915154425365094,,,,,,,,,
1767171693,745711426,535_1767171693-745711426.png,1202,-1202,0,0,0.011508118872549,-0.011508118872549,475.58,245.07,212,-21,-145,338,190,-11,244.86536932863,-41.2319864335751,-23.3655668277878,373.036934849712,221.807768690077,22.0189889426675,247.612216711044,79.2892854213713,0.00317071512113873,-0.0915154425365094,,,,,,,,,
1767171693,812406982,536_1767171693-812406982.png,1202,-1202,0,0,0.011508118872549,-0.011508118872549,475.08,240.63,238,-154,149,270,129,-8,240.608774207454,-52.5121108543998,-15.6209631891546,357.126516082294,207.450794837149,14.9953507751945,254.59799271822,88.3010528087615,0.00317071512113873,-0.0698576027641879,,,,,,,,,
1767171693,845754150,537_1767171693-845754150.png,1202,-1202,0,0,0.011508118872549,-0.011508118872549,471.96,237.46,223,-209,-77,282,181,-14,237.964307496817,-78.0941958957492,-20.2223930845609,343.824516098491,201.497775967725,10.1439231534185,246.611113071442,101.664954185486,0.00317071512113873,-0.0698576027641879,,,,,,,,,
1767171693,879102539,538_1767171693-879102539.png,1202,-1202,0,0,0.011508118872549,-0.011508118872549,463.34,229.06,303,57,-133,379,198,-15,253.830507094818,-63.9930496351869,-66.1783278421495,347.297381719128,201.248013220316,3.59295701793011,247.888338446617,75.0427558422087,0.00317071512113873,-0.120972944519621,,,,,,,,,
1767171693,945798096,539_1767171693-945798096.png,1202,-1202,0,0,0.011508118872549,-0.011508118872549,456.66,230.68,261,106,-309,355,188,-39,252.036190254414,-30.7489051829327,-73.2731113516141,353.211126933792,200.352471891931,-0.743039400407035,253.244788408279,82.8613510131835,0.00317071512113873,-0.0950746022284423,,,,,,,,,
1767171693,979145264,540_1767171693-979145264.png,1202,-1202,0,0,0.011508118872549,-0.011508118872549,454.33,230.13,391,54,-176,368,188,-43,261.552280790056,-10.3032327531073,-105.859763731835,354.316973370957,198.217760600429,-7.59961280308533,248.526561498642,94.8584132194518,0.00317071512113873,-0.0860492713905438,,,,,,,,,
1767171694,12493652,541_1767171694-12493652.png,1202,-1202,0,0,0.011508118872549,-0.011508118872549,454.9,228.75,351,-18,-285,407,286,-23,284.63548332181,-6.46022087670056,-137.477175759231,363.078699607261,210.265686767902,-12.5871211467074,248.526561498642,94.8584132194518,0.00317071512113873,-0.0654397442490836,,,,,,,,,
1767171694,45840820,542_1767171694-45840820.png,1202,-1202,0,0,0.011508118872549,-0.011508118872549,456.91,225.04,195,-205,-231,436,303,7,271.527026431796,-35.4950410075506,-151.154124489356,373.742843840523,223.827322207114,-9.72266475470835,250.469024658203,62.8998248577117,0.00317071512113873,-0.119217113334157,,,,,,,,,
1767171694,79189209,543_1767171694-79189209.png,1202,-1202,0,0,0.011508118872549,-0.011508118872549,460.66,222.57,143,-244,-267,451,305,7,252.730999203003,-65.9871872538521,-168.095637032611,385.041071544898,235.698162950783,-7.27711170027522,254.792290985584,68.6547636985778,0.00317071512113873,-0.100783469868355,,,,,,,,,
1767171694,145884766,544_1767171694-145884766.png,1202,-1202,0,0,0.011508118872549,-0.011508118872549,457.65,220.47,248,29,-104,546,185,-38,248.208701755874,-63.3371355631073,-164.978216017344,423.103203952978,225.718583362221,-12.0514883088918,253.952886104584,68.9833266735076,0.00317071512113873,-0.100783469868355,,,,,,,,,
1767171694,179231934,545_1767171694-179231934.png,1202,-1202,0,0,0.011508118872549,-0.011508118872549,428.48,216.57,265,2,-10,436,191,-22,245.01248074667,-41.8754079669647,-161.279406189862,442.381870851357,214.702921653305,-18.2644898056103,261.067111968994,94.7562477588652,0.00317071512113873,-0.100783469868355,,,,,,,,,
1767171694,245927490,546_1767171694-245927490.png,1202,-1202,0,0,0.011508118872549,-0.011508118872549,371.74,212.77,235,42,-84,323,97,-6,246.896517821798,-19.8855297680683,-136.735227750924,421.392465652147,197.091425721796,-17.3648545195278,251.00529307127,142.445164680481,0.00317071512113873,-0.100783469868355,,,,,,,,,
1767171694,279275879,547_1767171694-279275879.png,1202,-1202,0,0,0.011508118872549,-0.011508118872549,332.87,208.35,235,42,-84,323,97,-6,243.241532117602,-15.9683938337094,-122.391128871312,412.561118586318,189.463281219414,-16.9796314172227,225.537803530693,160.350628852844,0.00317071512113873,-0.100783469868355,,,,,,,,,
1767171694,312623047,548_1767171694-312623047.png,1202,-1202,0,0,0.011508118872549,-0.011508118872549,287.99,201.08,61,60,57,190,115,-26,210.884445115618,-0.454443332550727,-59.6808969536486,367.318415994829,165.90999838162,-17.9488075776513,208.244868099689,147.637118816376,0.00317071512113873,-0.100783469868355,,,,,,,,,
1767171694,379318604,549_1767171694-379318604.png,1202,-1202,0,0,0.011508118872549,-0.011508118872549,241.04,186.61,53,69,-91,196,136,-17,183.812001248213,11.3092600498624,-61.1603000520437,337.552314144902,160.182987652271,-18.0240102422981,128.016438007355,152.861169815063,0.00317071512113873,-0.100783469868355,,,,,,,,,
1767171694,412666992,550_1767171694-412666992.png,1202,-1202,0,0,0.011508118872549,-0.011508118872549,153.12,160.39,238,-12,268,103,-18,-34,183.72671219323,14.0939698570121,-7.46965401998675,299.215425841514,135.372771495386,-19.1370754914136,-9.49932962656026,231.565113306045,0.00317071512113873,-0.100783469868355,,,,,,,,,
1767171694,446014160,551_1767171694-446014160.png,1202,-1202,0,0,0.011508118872549,-0.011508118872549,118.01,151.76,137,-88,419,63,-3,-24,181.086916844278,-2.85267544325831,76.1831181625185,249.509618793539,103.286031898984,-20.9966713002013,-9.49932962656026,231.565113306045,0.00317071512113873,-0.0967438272639721,,,,,,,,,
1767171694,512709717,552_1767171694-512709717.png,1202,-1202,0,0,0.011508118872549,-0.011508118872549,71.13,137.57,29,-9,440,94,56,-17,147.86777569134,-0.0922087848454435,145.129362111486,213.82621915282,93.7594467743067,-18.4184431375926,11.9630959630012,211.121847629547,0.00317071512113873,-0.0506178878661857,,,,,,,,,
1767171694,546057861,553_1767171694-546057861.png,1202,-1202,0,0,0.011508118872549,-0.011508118872549,58.38,136.29,133,68,461,86,-38,-15,136.508774596009,9.17743042340343,214.107013007871,185.873911561372,71.5730963993382,-17.8089230825554,-112.312660425901,198.648490905762,0.00317071512113873,-0.0877373391458107,,,,,,,,,
1767171694,579405273,554_1767171694-579405273.png,1202,-1202,0,0,0.011508118872549,-0.011508118872549,46.39,136.89,179,56,255,50,21,-16,145.835617764154,23.503495380629,195.81152320074,170.46897253457,54.190151860836,-19.4799684462768,-62.3296259641648,243.013233184814,0.00317071512113873,-0.0756150712639416,,,,,,,,,
1767171694,646100830,555_1767171694-646100830.png,1202,-1202,0,0,0.011508118872549,-0.011508118872549,24.25,137.09,8,43,125,80,105,-5,129.04240993689,29.6510765622935,191.459870574864,145.018506811073,58.2539380820964,-17.0093907575637,-24.8946099877358,245.882033586502,0.00317071512113873,-0.0964264835284894,,,,,,,,,
1767171694,679448975,556_1767171694-679448975.png,1202,-1202,0,0,0.011508118872549,-0.011508118872549,-17.28,136.71,-116,0,-70,91,151,-4,93.206960092206,25.3148489384197,153.223501283539,137.118741656088,71.8172916705914,-15.106873678489,-1.28133115172391,275.59183549881,0.00317071512113873,-0.117983103459099,,,,,,,,,
1767171694,712796387,557_1767171694-712796387.png,1202,-1202,0,0,0.011508118872549,-0.011508118872549,-92.18,136.48,121,-73,136,107,60,-17,82.6601798025123,6.7986512966593,142.058522544898,127.194744472036,75.6933208228663,-15.3970001780384,0.439559251069972,270.615388870239,0.00317071512113873,-0.0489376302652802,,,,,,,,,
1767171694,779491943,558_1767171694-779491943.png,1202,-1202,0,0,0.011508118872549,-0.011508118872549,-111.93,136.25,146,40,-18,151,56,-24,92.2562686198535,6.43403632260231,122.714250757162,128.932547145094,72.5060021425229,-16.5057186291904,-19.6480372548104,267.222291946411,0.00317071512113873,-0.0489376302652802,,,,,,,,,
1767171694,812840332,559_1767171694-812840332.png,1202,-1202,0,0,0.011508118872549,-0.011508118872549,-203.05,134.9,55,160,41,148,106,-49,88.3168566700532,26.8105006734705,115.899765618921,132.795900219806,75.1925633685231,-21.6450349595414,-15.770773768425,262.889645338058,0.00317071512113873,-0.0489376302652802,,,,,,,,,
1767171694,846187500,560_1767171694-846187500.png,1202,-1202,0,0,0.011508118872549,-0.011508118872549,-246.33,133.94,64,85,34,121,34,-34,82.7706472417005,44.3461433907528,100.195671755589,132.606926753884,72.7552499055642,-25.2945468632042,-18.7748639583588,208.947858333588,0.00317071512113873,-0.0489376302652802,,,,,,,,,
1767171694,879535889,561_1767171694-879535889.png,1202,-1202,0,0,0.011508118872549,-0.011508118872549,-296.86,134.32,44,199,242,132,-7,-28,76.60193262691,68.0433700319648,104.784878497139,130.022531218633,59.1408665021589,-26.0366571730424,-14.8515585362912,200.351917266846,0.00317071512113873,-0.0489376302652802,,,,,,,,,
1767171694,946231445,562_1767171694-946231445.png,1202,-1202,0,0,0.011508118872549,-0.011508118872549,-302.84,134.46,-75,78,-4,161,84,-36,55.6843669389314,79.6377669681555,109.766951261164,133.039793458398,54.2435076821379,-27.150536267566,-10.8785096406937,165.514641523361,0.00317071512113873,-0.0489376302652802,,,,,,,,,
1767171694,979578613,563_1767171694-979578613.png,1202,-1202,0,0,0.011508118872549,-0.011508118872549,-263.8,134.84,-115,-10,-205,143,113,-30,28.3474137234186,68.8991572184188,66.2246545155382,135.733138587447,62.8315090652865,-27.9669896357545,-0.451861977577261,269.250699043274,0.00317071512113873,-0.0489376302652802,,,,,,,,,
1767171695,12927002,564_1767171695-12927002.png,1202,-1202,0,0,0.011508118872549,-0.011508118872549,-221.77,135.04,55,-93,35,125,36,-31,27.5822988541888,47.4992905775148,55.0754741492784,134.657217022595,58.9076201449405,-28.4105426142545,-13.4729629755021,144.071357965469,0.00317071512113873,-0.0489376302652802,,,,,,,,,
1767171695,46274170,565_1767171695-46274170.png,1202,-1202,0,0,0.011508118872549,-0.011508118872549,-247.16,137.81,57,9,-145,158,77,-23,31.0898457445705,28.8723591694172,33.468567541857,135.036591192283,62.088277861451,-28.983556891741,-7.91195434331899,152.445200204849,0.00317071512113873,-0.0489376302652802,,,,,,,,,
1767171695,112969727,566_1767171695-112969727.png,1202,-1202,0,0,0.011508118872549,-0.011508118872549,-237.27,138.72,-36,52,-89,140,135,1,27.1507021301709,29.3297472785267,9.27979824497022,136.866407091135,71.5564453457941,-25.0979784935841,8.14577141404147,258.919664621353,0.00317071512113873,-0.0915087838703873,,,,,,,,,
1767171695,146318115,567_1767171695-146318115.png,1202,-1202,0,0,0.011508118872549,-0.011508118872549,-201.7,140.55,125,4,-96,199,4,-31,43.5682226222203,27.3780183900672,10.658856928107,146.55128267556,63.073676800178,-25.0209178410915,-4.93370997905736,251.928136825561,0.00317071512113873,-0.0595916517406581,,,,,,,,,
1767171695,179665283,568_1767171695-179665283.png,1202,-1202,0,0,0.011508118872549,-0.011508118872549,-151.51,141.03,122,105,47,138,27,-6,61.3303237107066,36.9232192038758,7.732104038801,149.353350453916,53.2336740700059,-22.7012575418033,7.49930107593531,259.312134742737,0.00317071512113873,-0.0595916517406581,,,,,,,,,
1767171695,246360840,569_1767171695-246360840.png,1202,-1202,0,0,0.011508118872549,-0.011508118872549,-35.88,141.63,156,150,-107,170,-26,-37,90.2869972507468,59.3762019576904,-11.0684621149353,153.59031211805,39.4226278211146,-25.2659147372431,57.9969791769981,178.279019355774,0.00317071512113873,-0.0595916517406581,,,,,,,,,
1767171695,279708984,570_1767171695-279708984.png,1202,-1202,0,0,0.011508118872549,-0.011508118872549,-26.28,141.53,36,95,-35,139,34,-13,87.425499272176,71.5882376846461,-21.9807203590171,152.724546820997,33.5745178854408,-24.3787977165813,14.7415871620178,274.709171772003,0.00317071512113873,-0.0595916517406581,,,,,,,,,
1767171695,313056396,571_1767171695-313056396.png,1202,-1202,0,0,0.011508118872549,-0.011508118872549,-51.44,141.61,-67,84,140,139,56,11,64.8420320456922,73.4033564881648,1.70763620638847,150.717444012256,36.8540613724891,-19.2049376836821,71.3971955776214,176.708709001541,0.00317071512113873,-0.0595916517406581,,,,,,,,,
1767171695,346404541,572_1767171695-346404541.png,1202,-1202,0,0,0.011508118872549,-0.011508118872549,-81.66,142.01,-12,118,130,158,61,10,51.0940415330119,86.1024711416559,21.6907083243921,156.007322589569,42.4722533128052,-13.5431666421307,71.3748564720153,176.811304330826,0.00317071512113873,-0.0595916517406581,,,,,,,,,
1767171695,413100098,573_1767171695-413100098.png,1202,-1202,0,0,0.011508118872549,-0.011508118872549,-97.89,142.25,41,29,244,76,71,-5,44.8629421670542,81.8617835102676,56.7417633314339,146.660300341376,47.3393312998806,-10.6505408391872,13.9167936146259,301.985057115555,0.00317071512113873,-0.0595916517406581,,,,,,,,,
1767171695,446447510,574_1767171695-446447510.png,1202,-1202,0,0,0.011508118872549,-0.011508118872549,-90.56,142.48,4,-22,214,56,107,2,38.7844143003924,65.2680604735001,84.7158266085646,131.524196093716,56.6929916798161,-8.650341203505,14.6612572968006,268.818537712097,0.00317071512113873,-0.0595916517406581,,,,,,,,,
1767171695,479795654,575_1767171695-479795654.png,1202,-1202,0,0,0.011508118872549,-0.011508118872549,-94.95,142.73,-144,150,122,55,154,50,34.1173082125151,63.7585030411631,86.3416948408042,128.926285128293,60.3320997149786,-4.32387464011708,14.5010521411895,269.150826215744,0.00317071512113873,-0.0595916517406581,,,,,,,,,
1767171695,513143066,576_1767171695-513143066.png,1202,-1202,0,0,0.011508118872549,-0.011508118872549,-95,142.96,-150,180,101,49,185,42,-1.79340697180998,83.598075113145,91.5215738378106,113.704160722213,81.7367921813162,5.73886372962088,-15.325809955597,250.257380485535,0.00317071512113873,-0.0595916517406581,,,,,,,,,
1767171695,546491211,577_1767171695-546491211.png,1202,-1202,0,0,0.011508118872549,-0.011508118872549,-85.37,143.31,-24,107,122,76,111,17,-12.4354710425293,91.5845449605326,95.6546832957285,105.730173374598,90.7901917454529,9.03505311554734,19.0988816618919,267.191914558411,0.00317071512113873,-0.0593657159913737,,,,,,,,,
1767171695,579838623,578_1767171695-579838623.png,1202,-1202,0,0,0.011508118872549,-0.011508118872549,-26.96,143.55,100,-29,392,83,19,-8,3.69997383758735,74.3597018213889,139.692882855287,101.616000859155,80.82853248796,6.75548188583757,-35.4743844270707,257.318690299988,0.00317071512113873,-0.0993274877105732,,,,,,,,,
1767171695,646533936,579_1767171695-646533936.png,1202,-1202,0,0,0.011508118872549,-0.011508118872549,46.11,144.52,159,4,383,77,-5,-7,23.966456647355,56.4076906945233,186.632133125902,96.4535892928039,66.8062201513955,3.88685833267374,49.674363553524,278.066303014755,0.00317071512113873,-0.0926504173625344,,,,,,,,,
1767171695,679882080,580_1767171695-679882080.png,1202,-1202,0,0,0.011508118872549,-0.011508118872549,46.5,144.52,75,58,404,66,36,14,39.700171675627,52.23797678872,222.468324120557,92.096146572545,58.1075713236554,3.90600752494399,36.1310210227966,272.838096618652,0.00317071512113873,-0.047037592000623,,,,,,,,,
1767171695,713229248,581_1767171695-713229248.png,1202,-1202,0,0,0.011508118872549,-0.011508118872549,46.81,145.08,65,-46,521,84,14,14,45.2470300266253,38.1729573526611,275.62428141665,89.5467430998378,50.5004823777245,5.9103114798664,36.1454375386238,272.786369085312,0.00317071512113873,-0.0723273092795263,,,,,,,,,
1767171695,746577393,582_1767171695-746577393.png,1202,-1202,0,0,0.011508118872549,-0.011508118872549,48,145.18,46,-4,279,107,28,18,37.8675964021239,30.8847733321353,307.804486274053,90.7209869705233,45.6201985745285,8.99143804589284,61.5266877412796,274.714186906814,0.00317071512113873,-0.0736832360097778,,,,,,,,,
1767171695,779924561,583_1767171695-779924561.png,1202,-1202,0,0,0.011508118872549,-0.011508118872549,48.9,145.19,84,21,443,46,34,27,41.6018243826346,26.3882225900619,312.877266957605,89.7959097712147,42.9428445636605,11.0998277017303,38.8330787122249,223.397178173065,0.00317071512113873,-0.0989765757625337,,,,,,,,,
1767171695,846619873,584_1767171695-846619873.png,1202,-1202,0,0,0.011508118872549,-0.011508118872549,49.57,144.83,105,42,305,77,14,29,54.1493242038384,28.2549786742009,321.779642818817,84.5405772475879,38.0191917259746,14.9461608215095,-17.3221727013588,245.83288526535,0.00317071512113873,-0.135190337437943,,,,,,,,,
1767171695,879968262,585_1767171695-879968262.png,1202,-1202,0,0,0.011508118872549,-0.011508118872549,50.38,144.4,123,42,400,123,-3,18,66.0478588724849,31.9055537021132,301.858621016457,91.1870011158227,33.6225036310065,14.482086117997,-6.82876747846608,261.051813364029,0.00317071512113873,-0.0906846768196064,,,,,,,,,
1767171695,913315430,586_1767171695-913315430.png,1202,-1202,0,0,0.011508118872549,-0.011508118872549,50.74,143.95,212,168,270,130,-41,14,81.3444581808147,41.3718985794255,310.852077214364,97.1138051904989,24.9647155105632,14.8449014366323,63.2247195243835,218.729090690613,0.00317071512113873,-0.102499878551871,,,,,,,,,
1767171695,946663574,587_1767171695-946663574.png,1202,-1202,0,0,0.011508118872549,-0.011508118872549,51.07,143.86,209,143,-6,84,53,27,110.108568909998,66.0185154050318,261.358480024226,97.7370785695212,23.96766562386,16.5572011702055,-53.4423634707928,262.667976379394,0.00317071512113873,-0.0575833521952129,,,,,,,,,
1767171696,13358887,588_1767171696-13358887.png,1202,-1202,0,0,0.011508118872549,-0.011508118872549,51.4,144.07,221,79,127,87,54,16,126.32553444692,67.91695143589,241.709650365082,96.166868577481,28.3596490871802,16.4757150527884,90.6741552948951,197.811106681824,0.00317071512113873,-0.0905858602076219,,,,,,,,,
1767171696,46706055,589_1767171696-46706055.png,1202,-1202,0,0,0.011508118872549,-0.011508118872549,53.28,143.87,70,-126,258,24,19,33,124.359412151486,13.0577403617363,240.460919418649,77.261668531371,29.263112465977,19.7952471478928,49.1332896351814,232.971500396728,0.00317071512113873,-0.0514578062847617,,,,,,,,,
1767171696,80054199,590_1767171696-80054199.png,1202,-1202,0,0,0.011508118872549,-0.011508118872549,55.73,143.87,71,-136,341,-15,33,46,115.111449164403,-12.4361536468895,255.630034093132,62.3537406841056,29.5368625990291,23.9783904324377,100.32711660862,165.431533575058,0.00317071512113873,-0.0406785246115336,,,,,,,,,
1767171696,146749512,591_1767171696-146749512.png,1202,-1202,0,0,0.011508118872549,-0.011508118872549,61.51,142.53,110,-7,502,19,30,17,119.000100628409,-15.4711843389015,322.063262965231,49.038571768753,28.2340425628697,23.4097817810126,-28.1278058886528,263.759842872619,0.00317071512113873,-0.0716107679670447,,,,,,,,,
1767171696,180096680,592_1767171696-180096680.png,1202,-1202,0,0,0.011508118872549,-0.011508118872549,72.8,141.7,216,71,397,0,43,14,120.876343357042,-5.36560480135491,329.213848929816,44.8667851428843,32.5828790622473,23.5779098629438,80.8571574091911,260.887460231781,0.00317071512113873,-0.107902446624584,,,,,,,,,
1767171696,213444824,593_1767171696-213444824.png,1202,-1202,0,0,0.011508118872549,-0.011508118872549,79.26,141.02,169,29,271,-13,59,7,133.061608222533,4.03047732093134,329.524946700734,35.9365147260408,35.831189333816,21.2891626655329,99.9574823379516,239.92792224884,0.00317071512113873,-0.0944369442198159,,,,,,,,,
1767171696,280140137,594_1767171696-280140137.png,1202,-1202,0,0,0.011508118872549,-0.011508118872549,85.6,140.47,102,-5,379,-28,34,11,130.399478146812,4.01630455848069,333.698114043129,24.0258551037171,36.775636361494,19.0368160669137,120.377373039722,194.763194322586,0.00317071512113873,-0.0691320896260286,,,,,,,,,
1767171696,313487305,595_1767171696-313487305.png,1202,-1202,0,0,0.011508118872549,-0.011508118872549,95.96,139.73,81,72,376,2,31,16,123.83434867362,7.45238704899242,375.48995440562,18.0550322593593,30.705940051135,17.3825939327774,136.220214784145,227.446111440658,0.00317071512113873,-0.0988455092121125,,,,,,,,,
1767171696,346835449,596_1767171696-346835449.png,1202,-1202,0,0,0.011508118872549,-0.011508118872549,98.72,139.7,99,99,286,22,34,11,119.064218197094,22.5558106840858,362.416334238636,18.2052938944096,31.1954839527166,16.4124497136345,136.964808344841,226.873812913895,0.00317071512113873,-0.0581929854417802,,,,,,,,,
1767171696,413530762,597_1767171696-413530762.png,1202,-1202,0,0,0.011508118872549,-0.011508118872549,99.94,139.83,134,42,575,-26,-10,24,121.248454223123,25.3993644639415,393.504958016668,11.7406309300248,25.1709810946388,17.5220669337765,138.165015757084,225.327002048492,0.00317071512113873,-0.0788676215088518,,,,,,,,,
1767171696,446877930,598_1767171696-446877930.png,1202,-1202,0,0,0.011508118872549,-0.011508118872549,99.05,139.77,68,-22,313,7,32,16,117.992301497,15.8691778645956,392.536103805234,10.1490263390847,22.4411312370145,16.6498439772516,122.975333094597,247.377833366394,0.00317071512113873,-0.0767475277013294,,,,,,,,,
1767171696,480226074,599_1767171696-480226074.png,1202,-1202,0,0,0.011508118872549,-0.011508118872549,97.57,139.44,9,73,293,2,55,26,99.4373601748952,22.2426944189253,373.818256926535,8.79253380046428,27.7027408967604,17.9832266048904,133.486401796341,168.550087690353,0.00317071512113873,-0.0149491068837401,,,,,,,,,
1767171696,546921387,600_1767171696-546921387.png,1202,-1202,0,0,0.011508118872549,-0.011508118872549,97.11,139.02,44,34,231,7,50,26,78.8767345272804,27.9898000409321,351.976038064493,5.51349999366877,33.9985176921552,21.1286158273811,122.069820046425,178.275580406189,0.00317071512113873,-0.121889375489242,,,,,,,,,
1767171696,580268555,601_1767171696-580268555.png,1202,-1202,0,0,0.011508118872549,-0.011508118872549,98.24,138.73,-26,96,-58,34,98,9,62.6125304700805,38.095455229209,288.805491174982,9.71892110461707,43.7834460106076,19.4843604539541,123.144694685936,177.075816869736,0.00317071512113873,-0.079042663833868,,,,,,,,,
1767171696,613617432,602_1767171696-613617432.png,1202,-1202,0,0,0.011508118872549,-0.011508118872549,110.6,139.06,-31,218,47,30,139,17,42.1025355443198,66.1303793409087,258.36338584525,7.43115906697495,59.8071613091713,18.716496882629,134.838696956634,225.302499532699,0.00317071512113873,-0.0640987283035321,,,,,,,,,
1767171696,680313965,603_1767171696-680313965.png,1202,-1202,0,0,0.011508118872549,-0.011508118872549,122.11,139.77,92,153,89,96,44,6,43.7511236220782,90.5690581340246,217.26368625008,22.1274840931287,63.6145888063442,16.7241823508844,153.529125273228,135.44059753418,0.00317071512113873,-0.0609754554492641,,,,,,,,,
1767171696,713661621,604_1767171696-713661621.png,1202,-1202,0,0,0.011508118872549,-0.011508118872549,158.25,143.39,146,64,149,114,115,-22,56.0972771652221,85.5616494655932,223.420091305672,36.0116015527216,68.4494285149651,10.8620699364253,187.083630800247,136.592072486877,0.00317071512113873,-0.0609754554492641,,,,,,,,,
1767171696,747010498,605_1767171696-747010498.png,1202,-1202,0,0,0.011508118872549,-0.011508118872549,183.9,147.08,227,44,-36,193,121,-29,71.7429740232974,81.7741455295355,203.240341220544,50.1191482100846,74.3479662942252,6.52862456977373,204.983228802681,125.223621606827,0.00317071512113873,-0.0609754554492641,,,,,,,,,
1767171696,780358154,606_1767171696-780358154.png,1202,-1202,0,0,0.011508118872549,-0.011508118872549,217.73,155.96,447,16,2,210,105,-43,138.617693033412,69.2364704491163,155.324892592905,84.5405760235559,82.4352988420606,-3.45976825988917,198.63970208168,131.39008808136,0.00317071512113873,-0.0609754554492641,,,,,,,,,
1767171696,847054688,607_1767171696-847054688.png,1202,-1202,0,0,0.011508118872549,-0.011508118872549,308.13,172.3,352,-47,-161,282,219,-43,171.526367897372,48.298748535761,90.3153680349739,108.746542045211,106.319315794416,-8.73438600853094,226.091086030006,128.56986284256,0.00317071512113873,-0.0609754554492641,,,,,,,,,
1767171696,880403564,608_1767171696-880403564.png,1202,-1202,0,0,0.011508118872549,-0.011508118872549,361.51,183.34,331,-165,-7,373,258,-27,205.4613636872,18.6964041159474,54.3507462631346,151.38428813841,132.223293308132,-14.0902452449961,269.843782901764,46.9021179676055,0.00317071512113873,-0.0609754554492641,,,,,,,,,
1767171696,913751465,609_1767171696-913751465.png,1202,-1202,0,0,0.011508118872549,-0.011508118872549,417.79,195.24,415,-167,90,411,269,-13,242.673136364706,-18.0715802078421,56.3541513174516,200.946389302493,158.806684794951,-14.6062727570616,289.856634318828,-9.72333931922925,0.00317071512113873,-0.0609754554492641,,,,,,,,,
1767171696,947100098,610_1767171696-947100098.png,1202,-1202,0,0,0.011508118872549,-0.011508118872549,533.1,223.43,312,-95,-447,559,458,-3,268.931389347695,-26.4828253675102,5.96400027433304,263.394355980329,198.722036068898,-12.8508021464335,294.553561151028,-37.1013901233674,0.00317071512113873,-0.0980724725407707,,,,,,,,,
1767171697,13796631,611_1767171697-13796631.png,1202,-1202,0,0,0.011508118872549,-0.011508118872549,637.38,241.34,454,-136,-249,676,510,-6,294.220271459325,-45.0127150121007,-58.5477902151214,345.494226899477,272.776525962423,-11.9212364625112,297.268931388855,-48.1068885326387,0.00317071512113873,-0.0979405622340239,,,,,,,,,
1767171697,47144531,612_1767171697-47144531.png,1202,-1202,0,0,0.011508118872549,-0.011508118872549,720.17,245.88,590,-24,-308,756,394,-30,338.255287021213,-52.9431008997919,-101.704470783901,418.361087462401,309.382145864571,-12.9175812270751,295.004239618778,-86.5534851551057,0.00317071512113873,-0.0979405622340239,,,,,,,,,
1767171697,113841064,613_1767171697-113841064.png,1202,-1202,0,0,0.011508118872549,-0.011508118872549,765.59,248.71,644,-14,151,681,257,7,396.139793695917,-45.7336234958362,-75.5423462752859,474.435897916016,306.149078716053,-10.8985877436848,289.053205788135,-155.259972333908,0.00317071512113873,-0.0979405622340239,,,,,,,,,
1767171697,147189941,614_1767171697-147189941.png,1202,-1202,0,0,0.011508118872549,-0.011508118872549,819.6,249.18,610,-319,-204,686,361,15,439.191033103111,-70.2882019747769,-49.8508002150699,508.022185511073,300.750795669227,-6.56457355487898,297.21983730793,-177.736373662949,0.00317071512113873,-0.0979405622340239,,,,,,,,,
1767171697,180537842,615_1767171697-180537842.png,1202,-1202,0,0,0.011508118872549,-0.011508118872549,833.39,249.36,664,-274,-210,682,415,-20,483.78448826351,-120.531204877034,-85.017587025777,547.326775224289,320.633024708887,-5.90314101515878,282.127044022083,-176.047276258469,0.00317071512113873,-0.0979405622340239,,,,,,,,,
1767171697,213886719,616_1767171697-213886719.png,1203,-1202,0,0,0.0115176930147059,-0.011508118872549,837.78,249.4,644,-239,-193,677,349,-12,512.003870552698,-141.934685081461,-104.130502497176,569.869325064487,327.289237021505,-7.16937660568213,291.6498670578,-176.686920881271,0.00317071512113873,-0.0979405622340239,,,,,,,,,
1767171697,280583252,617_1767171697-280583252.png,1202,-1202,0,0,0.011508118872549,-0.011508118872549,838.22,247.74,522,-423,-159,704,435,19,517.959100291053,-203.043682979851,-115.143237030616,601.802108711884,344.817497524018,-2.87848075101905,300.954624056816,-175.673720359802,0.00317071512113873,-0.0979405622340239,,,,,,,,,
1767171697,313931152,618_1767171697-313931152.png,1202,-1202,0,0,0.011508118872549,-0.011508118872549,837.87,246.68,471,-287,-240,757,481,30,511.199101341865,-221.166881225766,-134.567998517536,627.21441020262,367.129648457878,2.51114240964459,304.400560975075,-173.960550308228,0.00317071512113873,-0.0979405622340239,,,,,,,,,
1767171697,347280029,619_1767171697-347280029.png,1202,-1202,0,0,0.011508118872549,-0.011508118872549,837.42,243.11,407,-104,-248,825,348,6,496.450639885578,-218.771422254969,-153.320784271287,660.403200326242,370.766529139015,3.96421344783894,292.353808641434,-195.498548269272,0.00317071512113873,-0.0979405622340239,,,,,,,,,
1767171697,413976563,620_1767171697-413976563.png,1202,-1202,0,0,0.011508118872549,-0.011508118872549,837.39,241.21,586,-195,-150,770,362,-13,500.472818189623,-203.652875627427,-162.439206159388,693.127187925457,367.175107319792,1.68984175436587,313.157490372658,-187.479204416275,0.00317071512113873,-0.0729573647943605,,,,,,,,,
1767171697,447324463,621_1767171697-447324463.png,1202,-1202,0,0,0.011508118872549,-0.011508118872549,838.19,241.09,553,-192,-406,797,471,-12,508.154489251106,-201.948737800018,-198.057981758496,708.317737791018,382.358649365553,-0.312185722006842,305.668694853783,-191.030349731445,0.00317071512113873,-0.0881532979161886,,,,,,,,,
1767171697,480673340,622_1767171697-480673340.png,1202,-1202,0,0,0.011508118872549,-0.011508118872549,851.03,238.51,400,-307,-433,805,528,37,493.405590037792,-216.081447704001,-288.913004152727,728.201755941524,420.200949517347,4.48836302694397,296.076776444912,-217.921789169312,0.00317071512113873,-0.0759501840920339,,,,,,,,,
1767171697,547370117,623_1767171697-547370117.png,1202,-1202,0,0,0.011508118872549,-0.011508118872549,860.72,237.69,566,-403,-421,852,467,24,496.80463849273,-250.441879943243,-319.363004375153,752.240306803381,435.374377063348,9.85389924547175,322.716679394245,-216.010449647904,0.00317071512113873,-0.0929102581381637,,,,,,,,,
1767171697,580717773,624_1767171697-580717773.png,1202,-1202,0,0,0.011508118872549,-0.011508118872549,885.53,237.09,655,-343,-379,888,528,26,516.867167502235,-270.996550336754,-364.481005544538,782.450966119556,458.604262979191,13.3297098124663,333.045009016991,-219.18144774437,0.00317071512113873,-0.0987559266201367,,,,,,,,,
1767171697,614066650,625_1767171697-614066650.png,1202,-1202,0,0,0.011508118872549,-0.011508118872549,893.44,238.73,591,-419,-448,899,540,19,534.935904221088,-296.408225295314,-377.454641880206,805.017869114333,474.138663012596,14.8218810643964,302.214705467224,-238.053256750107,0.00317071512113873,-0.0751691986144008,,,,,,,,,
1767171697,647414551,626_1767171697-647414551.png,1202,-1202,0,0,0.011508118872549,-0.011508118872549,827.58,237.57,619,-548,-546,932,565,9,547.229591215106,-333.201466212618,-402.103023068637,823.587967995161,487.426390982916,13.9704785380394,313.441145062447,-235.655305862427,0.00317071512113873,-0.0665946478161525,,,,,,,,,
1767171697,714111084,627_1767171697-714111084.png,1202,-1202,0,0,0.011508118872549,-0.011508118872549,840.18,236.04,489,-607,-310,947,513,26,552.008387902526,-394.830224022497,-390.888943628321,856.603085188795,497.239846391127,13.0839566671151,313.567646741867,-232.518553972244,0.00317071512113873,-0.0953875337044775,,,,,,,,,
1767171697,747459717,628_1767171697-747459717.png,1202,-1202,0,0,0.011508118872549,-0.011508118872549,847.65,238.25,495,-485,-391,956,518,27,541.996948102061,-413.655164873566,-388.755585350201,873.541342500185,500.694670539382,15.4623042452282,315.936111450195,-231.85727262497,0.00317071512113873,-0.0724257019685962,,,,,,,,,
1767171697,780807617,629_1767171697-780807617.png,1202,-1202,0,0,0.011508118872549,-0.011508118872549,863.88,243.99,847,-292,-574,1046,537,1,554.89168307274,-414.876440040753,-441.313902397454,894.418591472657,506.827141688482,15.9384648065296,310.389779090881,-253.062122344971,0.00317071512113873,-0.0742404602567322,,,,,,,,,
1767171697,847504150,630_1767171697-847504150.png,1202,-1202,0,0,0.011508118872549,-0.011508118872549,961.97,250.57,597,-420,-505,1029,681,11,627.398478312112,-375.543597517957,-540.064071103267,952.885764530679,558.029408875611,18.2073131803224,307.383610844612,-245.990209102631,0.00317071512113873,-0.0781001302341453,,,,,,,,,
1767171697,880853027,631_1767171697-880853027.png,1202,-1202,0,0,0.011508118872549,-0.011508118872549,961.97,250.57,597,-420,-505,1029,681,11,626.452273109546,-376.927379919299,-538.972641257325,955.25495172653,561.857081165317,17.9829730946864,300.819550395012,-248.510385990143,0.00317071512113873,-0.0929461383275292,,,,,,,,,
1767171697,914200928,632_1767171697-914200928.png,1202,-1202,0,0,0.011508118872549,-0.011508118872549,970.87,253.3,776,-496,-508,1112,594,-15,641.8717038985,-394.509869612806,-532.583336370705,979.759576357009,575.177817632431,13.5072581083408,361.387359619141,-200.83694434166,0.00317071512113873,-0.0801983204531757,,,,,,,,,
1767171697,947549805,633_1767171697-947549805.png,1202,-1202,0,0,0.011508118872549,-0.011508118872549,981.38,254.34,798,-416,-435,1181,503,-1,668.268610400346,-400.349695264964,-517.659276150841,1012.70359318987,565.122595515959,10.6281183544704,379.168248653412,-215.290276288986,0.00317071512113873,-0.0858438103824575,,,,,,,,,
1767171698,14246338,634_1767171698-14246338.png,1202,-1202,0,0,0.011508118872549,-0.011508118872549,991.69,254.88,818,-476,-394,1183,468,17,690.165602449825,-411.412934080504,-499.575117618958,1037.60805093882,550.91920965596,11.5599539709396,399.382152020931,-221.097229242325,0.00317071512113873,-0.0908715248241651,,,,,,,,,
1767171698,47594238,635_1767171698-47594238.png,1202,-1202,0,0,0.011508118872549,-0.011508118872549,1009.03,255.9,768,-314,-848,1231,619,-28,683.541468725642,-396.435236884464,-542.702667548105,1080.61039234811,561.20925677142,6.91640964952654,393.078627884388,-204.501574993134,0.00317071512113873,-0.0908715248241651,,,,,,,,,
1767171698,80943115,636_1767171698-80943115.png,1202,-1202,0,0,0.011508118872549,-0.011508118872549,1016.37,256.57,761,-230,-524,1195,518,-22,692.744577853115,-376.660505521703,-540.480540590774,1094.20140711368,556.075419363945,3.48075357393308,396.207011818886,-201.367832183838,0.00317071512113873,-0.0908715248241651,,,,,,,,,
1767171698,147639893,637_1767171698-147639893.png,1202,-1202,0,0,0.011508118872549,-0.011508118872549,1032.19,258.06,624,-357,-599,1234,628,55,704.357976677155,-375.084368546978,-520.584738763596,1127.02542121691,552.026610653429,10.8658710297726,352.054289102554,-220.260274887085,0.00317071512113873,-0.0908715248241651,,,,,,,,,
1767171698,180987549,638_1767171698-180987549.png,1202,-1202,0,0,0.011508118872549,-0.011508118872549,1032.19,258.06,624,-357,-599,1234,628,55,697.085280402277,-373.447665817472,-527.68161205321,1136.70701914648,558.902485439456,14.8601741298405,400.237272202969,-201.821630239487,0.00317071512113873,-0.0908715248241651,,,,,,,,,
1767171698,214336426,639_1767171698-214336426.png,1202,-1202,0,0,0.011508118872549,-0.011508118872549,1030.45,264.86,761,-293,-365,1070,468,14,695.499381918329,-371.064318369986,-488.103082195205,1134.99287818753,555.129584028836,18.6704787524776,402.53352445364,-193.022217988968,0.00317071512113873,-0.0908715248241651,,,,,,,,,
1767171698,281033203,640_1767171698-281033203.png,1202,-1202,0,0,0.011508118872549,-0.011508118872549,1020.89,269.28,680,-355,-454,968,454,2,697.195088286577,-364.939942924462,-477.403224994725,1111.64207097442,538.408764744676,16.4375823966362,362.555616915226,-174.210733890534,0.00317071512113873,-0.0908715248241651,,,,,,,,,
1767171698,314381104,641_1767171698-314381104.png,1202,-1202,0,0,0.011508118872549,-0.011508118872549,998.26,271.68,330,-255,-703,856,540,27,653.146519543545,-340.526027613399,-484.964707218715,1060.47516449322,524.088688944356,16.7203560399575,376.973171770573,-88.9650485515596,0.00317071512113873,-0.0908715248241651,,,,,,,,,
1767171698,381077881,642_1767171698-381077881.png,1202,-1202,0,0,0.011508118872549,-0.011508118872549,967.97,291.11,253,-415,-984,746,492,17,546.987974229046,-343.400022343027,-599.379855357778,992.028027165937,524.882476645104,18.0953652551949,299.466216206551,-5.21129417419446,0.00317071512113873,-0.11450368995294,,,,,,,,,
1767171698,414426758,643_1767171698-414426758.png,1202,-1202,0,0,0.011508118872549,-0.011508118872549,946.63,298.09,258,-332,-1054,770,451,19,489.343742637526,-345.479131695991,-685.988514186652,946.685511283425,512.357284214064,18.1703487566674,299.466216206551,-5.21129417419446,0.00317071512113873,-0.100648571330867,,,,,,,,,
1767171698,481123535,644_1767171698-481123535.png,1202,-1202,0,0,0.011508118872549,-0.011508118872549,896.12,308.79,181,-251,-1473,756,449,-4,435.39357375632,-326.307134962746,-809.725465131614,909.783181443576,498.404011135151,16.3764243725967,268.174324393272,58.033711194992,0.00317071512113873,-0.0776843468076525,,,,,,,,,
1767171698,514471680,645_1767171698-514471680.png,1202,-1202,0,0,0.011508118872549,-0.011508118872549,871.76,313.68,164,-226,-1544,757,401,-12,376.047923749417,-305.819182283203,-968.357207699883,875.557325484179,480.34210681368,10.6521526364683,217.10505092144,95.9230546951293,0.00317071512113873,-0.0974286948687573,,,,,,,,,
1767171698,547820557,646_1767171698-547820557.png,1202,-1202,0,0,0.011508118872549,-0.011508118872549,835.01,316.96,104,-125,-1799,782,378,-12,336.263138212157,-279.375854618676,-1089.83192764728,861.875331229166,465.375410082835,7.33946043805516,228.116022050381,118.26447725296,0.00317071512113873,-0.108810890921829,,,,,,,,,
1767171698,614516846,647_1767171698-614516846.png,1202,-1202,0,0,0.011508118872549,-0.011508118872549,741.79,318.48,132,61,-1153,614,208,11,279.389755861893,-182.356491477069,-1160.64431829537,807.037737183036,401.220194931119,8.3318216690589,228.137581884861,127.996131420135,0.00317071512113873,-0.1254693565384,,,,,,,,,
1767171698,647864258,648_1767171698-647864258.png,1202,-1202,0,0,0.011508118872549,-0.011508118872549,670.88,318.45,0,-127,-1371,584,323,-14,227.756821208775,-156.126662915245,-1187.99904983682,764.26053640261,379.510901188748,6.09399619736006,227.744439601898,187.798318386078,0.00317071512113873,-0.075824318513493,,,,,,,,,
1767171698,714560059,649_1767171698-714560059.png,1202,-1202,0,0,0.011508118872549,-0.011508118872549,625.14,317.34,77,-179,-1129,526,267,-28,177.99352916776,-156.340451028157,-1182.57661588341,712.424095864718,359.237127035271,0.82303657412381,214.762561917305,164.940480232239,0.00317071512113873,-0.0794126932721125,,,,,,,,,
1767171698,747908447,650_1767171698-747908447.png,1202,-1202,0,0,0.011508118872549,-0.011508118872549,611.48,316.73,180,-42,-1338,552,254,-21,167.26172945056,-148.440812268582,-1190.8535050889,677.760070561359,339.745601751565,-4.26665601735634,213.994460344314,162.888000488281,0.00317071512113873,-0.0873574724051607,,,,,,,,,
1767171698,781255859,651_1767171698-781255859.png,1202,-1202,0,0,0.011508118872549,-0.011508118872549,606.19,314.59,185,-24,-1167,587,261,-14,170.522301088013,-124.673141359164,-1195.06415551522,657.907106476968,323.743301198774,-6.56560365739312,221.119985640049,163.388940811157,0.00317071512113873,-0.088944311617399,,,,,,,,,
1767171698,814604248,652_1767171698-814604248.png,1202,-1202,0,0,0.011508118872549,-0.011508118872549,608.38,311.02,219,-142,-1228,690,267,-39,177.611768369998,-127.20705283167,-1199.880753603,662.600429875606,315.445057132965,-11.3088690524626,225.857824206352,154.305242061615,0.00317071512113873,-0.0866378081144704,,,,,,,,,
1767171698,881300049,653_1767171698-881300049.png,1203,-1202,0,0,0.0115176930147059,-0.011508118872549,605.86,302.15,266,-120,-779,533,283,-26,185.690210401428,-135.934671159286,-1158.31648366476,653.065420574388,311.885504029552,-16.4224707326785,231.724696755409,123.543981313705,0.00317071512113873,-0.118915546027132,,,,,,,,,
1767171698,914647461,654_1767171698-914647461.png,1202,-1202,-50,0,0.011508118872549,-0.011508118872549,599.31,298.69,158,103,-482,415,224,11,187.846143975755,-99.7611833168812,-1030.10158700859,608.973048018576,296.801033650788,-13.1521978588742,231.724047362804,123.546560525894,0.00317071512113873,-0.118915546027132,,,,,,,,,
1767171698,947995850,655_1767171698-947995850.png,1202,-1202,0,0,0.011508118872549,-0.011508118872549,590.58,295.24,69,127,-299,338,259,27,170.465866689165,-66.5992134620869,-923.183954834785,569.345454272531,291.272941408229,-7.28026706576744,230.793208003044,147.573354959488,0.00317071512113873,-0.118915546027132,,,,,,,,,
1767171698,981343262,656_1767171698-981343262.png,1202,-1202,0,0,0.011508118872549,-0.011508118872549,558.38,288.72,337,-251,409,218,180,-4,155.888639116832,-66.4448226676764,-771.740078056594,515.144883804593,289.329293455742,-2.3209989740989,219.138299167156,158.907989501953,0.00317071512113873,-0.118915546027132,,,,,,,,,
1767171699,48039063,657_1767171699-48039063.png,1202,-1202,0,0,0.011508118872549,-0.011508118872549,543.85,288.21,351,-205,627,207,139,4,202.793634595152,-105.428271965789,-447.413995943714,439.939464147643,256.254730497289,-1.5669188463849,229.50000756979,181.971018314361,0.00317071512113873,-0.118915546027132,,,,,,,,,
1767171699,81387451,658_1767171699-81387451.png,1202,-1202,0,0,0.011508118872549,-0.011508118872549,538.24,287.58,354,-60,765,239,87,0,224.906329801904,-98.7847584532503,-270.108357487809,410.553709693403,231.502609395994,-1.33776977074213,220.329415082931,171.801327943802,0.00317071512113873,-0.118915546027132,,,,,,,,,
1767171699,114734863,659_1767171699-114734863.png,1202,-1202,0,0,0.011508118872549,-0.011508118872549,528.35,286.09,424,-185,1101,82,66,-6,245.631888158563,-114.393931339477,23.285497736164,348.746743228872,199.600698367049,-1.43984430738053,218.34928715229,178.322292804718,0.00317071512113873,-0.118915546027132,,,,,,,,,
1767171699,181430664,660_1767171699-181430664.png,1203,-1202,0,0,0.0115176930147059,-0.011508118872549,503.98,282.72,226,-104,1183,51,74,0,281.948216467994,-116.386326407117,417.538627879526,251.284969552427,149.109280311606,-2.96378035079882,217.551053762436,173.162722110748,0.00317071512113873,-0.118915546027132,,,,,,,,,
1767171699,214779053,661_1767171699-214779053.png,1203,-1202,50,0,0.0115176930147059,-0.011508118872549,503.98,282.72,226,-104,1183,51,74,0,275.30082033007,-114.914665226124,508.48567302214,227.488437381493,140.185293607736,-2.61164361970526,211.268959581852,186.671202659607,0.00317071512113873,-0.118915546027132,,,,,,,,,
1767171699,281474854,662_1767171699-281474854.png,1202,-1202,-50,0,0.011508118872549,-0.011508118872549,470.33,275.7,350,-81,1045,115,67,-7,285.234587373455,-115.713071063127,594.544795170889,199.547188447815,131.78835927546,-1.24467716223621,213.182979345322,185.183570384979,0.00317071512113873,-0.115651013998637,,,,,,,,,
1767171699,314822266,663_1767171699-314822266.png,1202,-1202,0,0,0.011508118872549,-0.011508118872549,449.5,269.94,339,-60,1079,80,52,1,299.667006085715,-104.04426920565,711.085633179049,173.488101111465,113.547969628727,-1.500219251176,204.246947467327,198.690904617309,0.00317071512113873,-0.135021436473694,,,,,,,,,
1767171699,348170654,664_1767171699-348170654.png,1202,-1202,0,0,0.011508118872549,-0.011508118872549,403.62,252.59,282,-149,978,10,40,0,293.638369700005,-102.886905210047,768.12296146969,149.060279820137,100.695975156175,-0.674197379579642,204.545797944069,221.05152797699,0.00317071512113873,-0.128200222742561,,,,,,,,,
1767171699,414866455,665_1767171699-414866455.png,1202,-1202,0,0,0.011508118872549,-0.011508118872549,379.97,245.11,191,-92,1333,-37,43,14,280.22505959778,-106.42128661084,857.211350460005,112.394671199924,87.4862503981705,1.13987973806652,200.341110706329,206.352311134338,0.00317071512113873,-0.081206528433059,,,,,,,,,
1767171699,448213623,666_1767171699-448213623.png,1202,-1202,0,0,0.011508118872549,-0.011508118872549,359.1,237.62,143,35,1241,-39,59,26,257.785886961871,-85.3563378519669,925.981244301354,86.2843193246284,82.1381603477558,5.11722298780482,205.577163279056,170.012644290924,0.00317071512113873,-0.0888893823861322,,,,,,,,,
1767171699,481562012,667_1767171699-481562012.png,1202,-1202,0,0,0.011508118872549,-0.011508118872549,328.84,222.43,444,-199,1475,-81,-34,2,252.891079471865,-84.3098161216395,996.695659345677,56.2250960933589,72.8052434707525,8.47935886416537,197.113629460335,202.467730998993,0.00317071512113873,-0.102858885819691,,,,,,,,,
1767171699,514909424,668_1767171699-514909424.png,1202,-1202,0,0,0.011508118872549,-0.011508118872549,319.71,218.93,420,-225,1492,-52,-18,2,292.096053929442,-113.746520732628,1106.08763238421,29.7949109959045,51.2730596145426,7.03115656801757,206.796073198318,179.236623525619,0.00317071512113873,-0.125253096172715,,,,,,,,,
1767171699,581605225,669_1767171699-581605225.png,1202,-1202,0,0,0.011508118872549,-0.011508118872549,310.49,214.36,292,-56,1556,-30,33,25,292.362833818436,-111.559906452348,1158.4774513881,20.5948805307503,47.4067239266708,8.71957170568826,199.946799516678,150.996542692184,0.00317071512113873,-0.109108679545814,,,,,,,,,
1767171699,614954102,670_1767171699-614954102.png,1202,-1202,0,0,0.011508118872549,-0.011508118872549,308.96,212.71,386,-1,1469,-22,39,14,306.019699027597,-89.7555442526377,1244.21268316576,9.23348965920871,44.7159216435625,11.1432434114004,203.338187456131,203.892745733261,0.00317071512113873,-0.127967161313506,,,,,,,,,
1767171699,681650879,671_1767171699-681650879.png,1202,-1202,0,0,0.011508118872549,-0.011508118872549,309.02,209.59,286,-12,1529,-15,-11,-19,313.827065494228,-76.0427049706088,1314.30092166843,3.66270497075578,29.3617930761076,3.97034231108768,207.741329073906,127.618420124054,0.00317071512113873,-0.0988903771597966,,,,,,,,,
1767171699,714998535,672_1767171699-714998535.png,1202,-1202,0,0,0.011508118872549,-0.011508118872549,315.25,205.59,465,-139,1483,8,6,11,324.224679453944,-77.5712393923961,1358.75740863973,4.83733062724741,22.6323829765264,4.61842414751313,202.823608756065,141.217173099518,0.00317071512113873,-0.121242640101007,,,,,,,,,
1767171699,781695313,673_1767171699-781695313.png,1202,-1202,0,0,0.011508118872549,-0.011508118872549,325.23,203.2,464,-134,1380,80,-2,6,352.087092517483,-89.3162638211794,1374.10563613968,11.9815912909898,18.6057599643357,5.43305702065843,212.912182629108,162.517453670502,0.00317071512113873,-0.099117566066689,,,,,,,,,
1767171699,848392090,674_1767171699-848392090.png,1202,-1202,0,0,0.011508118872549,-0.011508118872549,367.09,194.77,255,-75,1439,101,93,25,335.510778223637,-83.3109934512631,1407.31879079491,32.6601628525608,33.2337032410514,9.38951515463084,254.044450461864,70.462791442871,0.00317071512113873,-0.0797355687906841,,,,,,,,,
1767171699,881740967,675_1767171699-881740967.png,1202,-1202,50,0,0.011508118872549,-0.011508118872549,444.29,196.16,530,-191,1513,283,93,1,364.931620730539,-94.3981986351523,1409.77055215443,71.2490169375572,43.8656256351312,9.6455715163397,277.323486924171,31.440314054489,0.00317071512113873,-0.114469915617521,,,,,,,,,
1767171699,915088867,676_1767171699-915088867.png,1202,-1202,0,0,0.011508118872549,-0.011508118872549,496.43,198.11,510,-331,1335,381,216,14,398.901237920594,-136.463534982427,1406.81233343559,132.909204284675,72.8354004715893,9.61434252156878,295.392186760902,-15.6450672149659,0.00317071512113873,-0.0712034113728366,,,,,,,,,
1767171699,981785645,677_1767171699-981785645.png,1202,-1202,0,0,0.011508118872549,-0.011508118872549,586.49,212.3,727,-252,1221,702,264,12,463.949722110089,-219.747724071588,1352.1465224264,263.815035449287,130.479960426788,14.4762817560265,305.2029504776,-35.8112108707429,0.00317071512113873,-0.104405187738402,,,,,,,,,
1767171700,15134521,678_1767171700-15134521.png,1202,-1202,0,0,0.011508118872549,-0.011508118872549,586.49,212.3,727,-252,1221,702,264,12,487.756752292064,-222.66667520376,1340.27727354093,303.47240726439,142.564021456932,14.2521690313501,289.023463606834,-149.88432097435,0.00317071512113873,-0.0670707996596932,,,,,,,,,
1767171700,81831299,679_1767171700-81831299.png,1202,-1202,0,0,0.011508118872549,-0.011508118872549,730.81,222.45,835,-445,1176,752,269,45,546.410816096101,-253.497971644178,1302.71565346898,389.65099082016,166.296865947631,17.8865524191715,281.258416473865,-210.305518865585,0.00317071512113873,-0.11843710625724,,,,,,,,,
1767171700,115179199,680_1767171700-115179199.png,1202,-1202,0,0,0.011508118872549,-0.011508118872549,797.43,225.02,946,-534,939,773,320,18,627.146262915479,-309.316136188375,1239.73410906873,473.710740778055,196.710389266162,19.9981530780885,288.47135001421,-228.777549982071,0.00317071512113873,-0.0807996997032244,,,,,,,,,
1767171700,148528076,681_1767171700-148528076.png,1202,-1202,0,0,0.011508118872549,-0.011508118872549,912.81,230.4,885,-398,822,888,428,7,690.701894629434,-336.260565856117,1167.22037430265,551.992586746749,234.399421989441,16.456231048154,290.317832946777,-231.481280803681,0.00317071512113873,-0.125198479878687,,,,,,,,,
1767171700,215224854,682_1767171700-215224854.png,1202,-1202,0,0,0.011508118872549,-0.011508118872549,959.86,229.75,780,-521,1085,883,460,32,718.774096155477,-368.047699153149,1128.52172664214,626.362435846229,282.350849457296,17.998713371809,345.664915263653,-210.305232286453,0.00317071512113873,-0.0992886657801543,,,,,,,,,
1767171700,248572754,683_1767171700-248572754.png,1202,-1202,0,0,0.011508118872549,-0.011508118872549,1033.96,228.02,904,-407,1022,969,390,14,758.72294308351,-387.746968615754,1105.23124818981,703.752561512187,315.327810988306,18.9413083386821,424.929516851902,-202.887847900391,0.00317071512113873,-0.0766401998129715,,,,,,,,,
1767171700,315269531,684_1767171700-315269531.png,1202,-1202,0,0,0.011508118872549,-0.011508118872549,1061.54,224.46,869,-411,1105,984,415,25,780.570043643277,-394.357316640204,1118.88584355748,760.61349387249,336.009359350086,19.3727184729651,449.182901978493,-198.617102384567,0.00317071512113873,-0.0403129680767932,,,,,,,,,
1767171700,348618652,685_1767171700-348618652.png,1202,-1202,0,0,0.011508118872549,-0.011508118872549,1077.16,221.21,965,-484,1061,998,410,27,802.190559729092,-403.397945041638,1112.87298849068,794.548996926964,347.108576366046,20.3766698586448,461.385638415813,-195.528209209442,0.00317071512113873,-0.0882256103291536,,,,,,,,,
1767171700,415315430,686_1767171700-415315430.png,1202,-1202,0,0,0.011508118872549,-0.011508118872549,1103.67,218.71,1019,-501,1210,991,371,12,836.742643724035,-419.347139532003,1121.61167089134,828.876999091514,353.343532347125,19.7390902221017,480.726758122444,-191.570121526718,0.00317071512113873,-0.0758133407674916,,,,,,,,,
1767171700,448663330,687_1767171700-448663330.png,1202,-1202,0,0,0.011508118872549,-0.011508118872549,1110.14,220.21,1018,-520,956,1089,485,10,867.203383280667,-438.348959344935,1100.95390198646,887.634070214799,381.699579152111,17.9712468663303,508.699734210968,-185.359378576279,0.00317071512113873,-0.0671852605087067,,,,,,,,,
1767171700,482012207,688_1767171700-482012207.png,1202,-1202,0,0,0.011508118872549,-0.011508118872549,1110.14,221.56,1069,-569,940,1123,511,15,895.315637955246,-456.111611872411,1077.85456453816,921.121846359518,399.895569095792,17.3995840065803,541.52419257164,-187.626362800598,0.00317071512113873,-0.0921841178275089,,,,,,,,,
1767171700,548709229,689_1767171700-548709229.png,1202,-1202,0,0,0.011508118872549,-0.011508118872549,1141.29,223.63,937,-532,850,1152,583,38,915.2614073197,-492.595912441571,1038.5138576929,960.513811449927,431.311464690478,20.2545707718336,548.561010837555,-184.725178956986,0.00317071512113873,-0.0928192083629817,,,,,,,,,
1767171700,582057129,690_1767171700-582057129.png,1202,-1202,0,0,0.011508118872549,-0.011508118872549,1157.55,224.35,915,-516,814,1168,589,32,916.964016031824,-498.519133455997,996.804502649298,1000.43709712758,462.144233743557,23.0652947231599,547.46678429842,-176.519128799439,0.00317071512113873,-0.0928192083629817,,,,,,,,,
1767171700,615405518,691_1767171700-615405518.png,1202,-1202,0,0,0.011508118872549,-0.011508118872549,1188.59,228.8,922,-530,1113,1148,476,26,917.692627493196,-497.866886174434,1020.9940090821,1024.80488712543,471.198159639859,24.4225990831361,552.168776392937,-175.730892896652,0.00317071512113873,-0.0928192083629817,,,,,,,,,
1767171700,648752930,692_1767171700-648752930.png,1202,-1202,0,0,0.011508118872549,-0.011508118872549,1202.73,230.61,979,-545,971,1148,513,41,923.706629154433,-505.604923051568,1026.41156156832,1049.26700680422,475.500270324167,26.0933700712054,584.264096736908,-174.514507770538,0.00317071512113873,-0.0928192083629817,,,,,,,,,
1767171700,715448730,693_1767171700-715448730.png,1202,-1202,0,0,0.011508118872549,-0.011508118872549,1215.71,232.57,1067,-626,1185,1122,516,49,946.131518287018,-524.258631456045,1048.13127903114,1062.52741226777,482.419568850485,29.8394167039139,588.930891752243,-174.017436265946,0.00317071512113873,-0.0928192083629817,,,,,,,,,
1767171700,748797363,694_1767171700-748797363.png,1202,-1202,0,0,0.011508118872549,-0.011508118872549,1235.64,236.8,1152,-619,1287,1099,506,68,985.534618842277,-539.92305673677,1087.14470502003,1072.23103335396,486.636346863259,33.8837798158833,567.440672159195,-176.749251842499,0.00317071512113873,-0.0928192083629817,,,,,,,,,
1767171700,782144775,695_1767171700-782144775.png,1202,-1202,0,0,0.011508118872549,-0.011508118872549,1240.68,239.49,1037,-642,1568,1052,505,77,1004.92512039165,-558.357601799344,1160.21533732689,1071.96215921079,490.362458745654,41.7273547533694,576.137727558613,-171.518036365509,0.00317071512113873,-0.0928192083629817,,,,,,,,,
1767171700,848840576,696_1767171700-848840576.png,1202,-1202,0,0,0.011508118872549,-0.011508118872549,1244.97,239.12,1016,-585,1588,1083,500,80,1007.39711131007,-564.476606393795,1233.61210301999,1073.0458648383,492.160858650678,48.261776283427,606.75957608223,-174.693763017655,0.00317071512113873,-0.0928192083629817,,,,,,,,,
1767171700,882188965,697_1767171700-882188965.png,1202,-1202,0,0,0.011508118872549,-0.011508118872549,1251.97,237.93,1103,-677,1508,1186,462,32,1022.92247724969,-578.066820651948,1288.74403507271,1090.82790093698,485.739755350411,48.0584611229745,606.75957608223,-174.693763017655,0.00317071512113873,-0.0928192083629817,,,,,,,,,
1767171700,915536621,698_1767171700-915536621.png,1202,-1202,0,0,0.011508118872549,-0.011508118872549,1251.97,238.32,1163,-693,1483,1198,454,32,1043.88999881088,-597.065123024376,1323.66475519532,1108.70097299744,480.686626321196,45.283293643682,561.091430783272,-181.876009225845,0.00317071512113873,-0.0928192083629817,,,,,,,,,
1767171700,982232422,699_1767171700-982232422.png,1202,-1202,0,0,0.011508118872549,-0.011508118872549,1268.11,240.31,1146,-625,1226,1226,527,81,1069.59145763698,-603.010138641056,1321.07718401231,1139.38014238913,483.901930657028,48.8621139405717,631.721708297729,-164.024278640747,0.00317071512113873,-0.136351444924861,,,,,,,,,
1767171701,15580811,700_1767171701-15580811.png,1202,-1202,0,0,0.011508118872549,-0.011508118872549,1285.56,238.82,1000,-753,986,1238,693,75,1066.61672367479,-617.453417056076,1299.82869167679,1154.54452570124,508.678498818431,56.4736801292082,618.210705518722,-170.029974222183,0.00317071512113873,-0.122524389296283,,,,,,,,,
1767171701,48928223,701_1767171701-48928223.png,1201,-1202,0,0,0.0114985447303922,-0.011508118872549,1294.91,239.3,994,-694,954,1301,657,61,1054.56123049922,-635.538386945915,1242.69778790595,1174.66874563966,537.274166369861,58.4082822271975,648.399019539356,-165.465628385544,0.00317071512113873,-0.09736909601034,,,,,,,,,
1767171701,115624268,702_1767171701-115624268.png,1202,-1202,0,0,0.011508118872549,-0.011508118872549,1314.33,241.9,1216,-686,1244,1238,515,64,1075.00163343332,-645.976826568796,1227.78291793657,1190.54035511836,540.281072430607,59.361629668746,719.664273142815,-158.758673667908,0.00317071512113873,-0.13941238365433,,,,,,,,,
1767171701,148972656,703_1767171701-148972656.png,1202,-1202,0,0,0.011508118872549,-0.011508118872549,1323.6,239.96,1138,-603,1355,1250,558,64,1098.81920411955,-640.140153888783,1236.22014375769,1204.45836817256,543.822645097482,60.9218361567441,662.541621565819,-161.498370170593,0.00317071512113873,-0.108198591490347,,,,,,,,,
1767171701,215668701,704_1767171701-215668701.png,1202,-1202,0,0,0.011508118872549,-0.011508118872549,1336.18,235.34,1112,-639,1584,1236,531,75,1101.78800567135,-638.986427273737,1290.23664448204,1210.28132923119,542.324196990392,63.0624538440144,667.547659277916,-158.906405210495,0.00317071512113873,-0.118215146633768,,,,,,,,,
1767171701,249016113,705_1767171701-249016113.png,1202,-1202,0,0,0.011508118872549,-0.011508118872549,1342.1,232.98,1073,-522,1439,1279,559,85,1096.6120444643,-618.458637240452,1328.31246285355,1224.35862759129,542.285542019691,68.9313061418301,662.751505255699,-169.832091331482,0.00317071512113873,-0.079310890802757,,,,,,,,,
1767171701,282364502,706_1767171701-282364502.png,1202,-1202,0,0,0.011508118872549,-0.011508118872549,1347.59,232.36,1108,-480,1459,1260,566,69,1096.68996089217,-596.798829023677,1349.81736599668,1231.54410577034,546.005770186786,69.8072280886328,664.759557068348,-165.468494176865,0.00317071512113873,-0.0905355670072589,,,,,,,,,
1767171701,349060547,707_1767171701-349060547.png,1202,-1202,0,0,0.011508118872549,-0.011508118872549,1354.46,227.36,1180,-712,1392,1260,513,18,1104.90966529773,-611.46957674009,1369.17555508469,1230.3909747228,545.38943897958,62.6776029563512,706.236652374268,-153.778071641922,0.00317071512113873,-0.107623440206522,,,,,,,,,
1767171701,382407959,708_1767171701-382407959.png,1202,-1202,0,0,0.011508118872549,-0.011508118872549,1354.46,227.28,982,-624,1297,1259,591,33,1096.29485850116,-620.975727467393,1362.42039900459,1236.1514491185,548.225503879754,55.5884380342905,706.28938305378,-153.71230173111,0.00317071512113873,-0.100552769848046,,,,,,,,,
1767171701,415756348,709_1767171701-415756348.png,1202,-1202,0,0,0.011508118872549,-0.011508118872549,1360.76,232.2,989,-650,1544,1192,564,57,1070.12538344629,-616.923849720493,1399.36551846166,1230.22496186913,551.049147059021,54.2213699917211,720.36847448349,-156.412450313568,0.00317071512113873,-0.0944901691705528,,,,,,,,,
1767171701,482452393,710_1767171701-482452393.png,1202,-1202,0,0,0.011508118872549,-0.011508118872549,1362.91,234.67,1091,-645,1430,1252,532,32,1066.13576305562,-622.897516994347,1414.5400016922,1229.76366109384,549.818692941584,51.8027717526466,719.879871487617,-158.268623352051,0.00317071512113873,-0.129475504795885,,,,,,,,,
1767171701,515799805,711_1767171701-515799805.png,1202,-1202,0,0,0.011508118872549,-0.011508118872549,1364.39,237.23,1067,-598,1600,1214,526,34,1066.92043362844,-620.545596116576,1436.99917297929,1228.5006358766,546.335403757096,49.1992618769372,705.765842735767,-154.977118730545,0.00317071512113873,-0.128517466188862,,,,,,,,,
1767171701,549148438,712_1767171701-549148438.png,1202,-1202,0,0,0.011508118872549,-0.011508118872549,1365.82,242.64,1167,-543,1534,1234,456,52,1084.07414690881,-606.010917134209,1453.19575982447,1227.60904951418,535.116336749888,47.1328593529266,676.201335251331,-162.829816818237,0.00317071512113873,-0.128517466188862,,,,,,,,,
1767171701,582495850,713_1767171701-582495850.png,1202,-1202,0,0,0.011508118872549,-0.011508118872549,1365.98,246.08,1055,-613,1686,1198,511,63,1090.40382228747,-601.81615057308,1487.30020866112,1224.6007811646,525.941412408795,49.4062455460028,681.896898031235,-156.747174739838,0.00317071512113873,-0.128517466188862,,,,,,,,,
1767171701,649191895,714_1767171701-649191895.png,1202,-1202,0,0,0.011508118872549,-0.011508118872549,1365.99,246.44,998,-641,1860,1142,503,50,1075.94967251169,-607.843675758932,1547.08489448961,1211.8141842097,522.189354788694,49.8543272213069,672.065353751183,-159.90527677536,0.00317071512113873,-0.128517466188862,,,,,,,,,
1767171701,682540527,715_1767171701-682540527.png,1202,-1202,0,0,0.011508118872549,-0.011508118872549,1365.7,247.02,1116,-613,1660,1183,482,27,1076.87830683573,-606.59826968435,1580.3118060709,1204.47181854107,515.289797192603,47.6936065900061,671.480770528316,-159.604655265808,0.00317071512113873,-0.128517466188862,,,,,,,,,
1767171701,715888184,716_1767171701-715888184.png,1202,-1202,0,0,0.011508118872549,-0.011508118872549,1365.56,248.06,1068,-523,1777,1141,481,35,1077.93614022169,-597.011391193773,1607.98440726113,1195.77097189829,509.41795668931,45.0679163283577,697.860786557197,-157.583269357681,0.00317071512113873,-0.128517466188862,,,,,,,,,
1767171701,749236816,717_1767171701-749236816.png,1202,-1202,0,0,0.011508118872549,-0.011508118872549,1364.74,256.6,1031,-561,1737,1040,434,19,1072.18944453941,-594.497908088972,1631.80388229029,1175.33401642384,501.432296462812,42.1392957379266,647.102961778641,-155.501415252686,0.00317071512113873,-0.128517466188862,,,,,,,,,
1767171701,815932861,718_1767171701-815932861.png,1202,-1202,0,0,0.011508118872549,-0.011508118872549,1354.5,269.21,1194,-505,1886,953,305,-9,1085.82507261811,-578.011613485668,1679.64885883621,1129.09148707766,465.865488876962,32.313390439364,626.703721761703,-164.279190778732,0.00317071512113873,-0.128517466188862,,,,,,,,,
1767171701,849280518,719_1767171701-849280518.png,1202,-1202,0,0,0.011508118872549,-0.011508118872549,1300.31,277.66,1007,-446,1624,814,326,-14,1075.46820306227,-556.445447443361,1679.40502816837,1073.11732687063,438.849654163163,23.1172163929822,599.894976735115,-165.994223594666,0.00317071512113873,-0.102446603977977,,,,,,,,,
1767171701,915976563,720_1767171701-915976563.png,1202,-1202,0,0,0.011508118872549,-0.011508118872549,1256.37,289.43,858,-434,1907,726,293,17,1045.93257388947,-535.932888361048,1703.45430730423,1017.8819938202,415.426527657786,20.3859624328269,477.521875739098,-89.6336376667024,0.00317071512113873,-0.0965917543445813,,,,,,,,,
1767171701,949325195,721_1767171701-949325195.png,1202,-1202,0,0,0.011508118872549,-0.011508118872549,1142.34,306.51,803,-221,1668,685,256,38,1011.62763396637,-491.542065090878,1722.67256143631,967.084686260655,389.779173511324,21.490509362772,402.5307970047,-47.4973347187043,0.00317071512113873,-0.0969023717748883,,,,,,,,,
1767171701,982672852,722_1767171701-982672852.png,1202,-1202,0,0,0.011508118872549,-0.011508118872549,1088.23,311.38,777,-185,1782,599,229,42,967.84859063697,-434.564004746604,1722.13398132538,903.289490108726,360.771839369609,25.1307154726342,352.533151209354,-15.8760499954225,0.00317071512113873,-0.0976652407386231,,,,,,,,,
1767171702,16021240,723_1767171702-16021240.png,1202,-1202,0,0,0.011508118872549,-0.011508118872549,1038.73,314.96,694,-281,1813,499,231,41,925.00529033056,-402.841303706246,1736.16303322113,838.821900254384,338.237114480882,27.9271932667459,276.521227300167,20.1251668930052,0.00317071512113873,-0.0940572609014875,,,,,,,,,
1767171702,82717529,724_1767171702-82717529.png,1202,-1202,0,0,0.011508118872549,-0.011508118872549,954.4,317.84,703,-203,1789,444,192,27,884.492288237866,-368.788464271237,1734.71124213331,768.798514435801,310.43519692644,28.5667627697918,276.521227300167,20.1251668930052,0.00317071512113873,-0.105684847884113,,,,,,,,,
1767171702,116065186,725_1767171702-116065186.png,1202,-1202,0,0,0.011508118872549,-0.011508118872549,922.79,318.29,726,-257,1869,386,138,34,851.187153236349,-342.284758512242,1754.99610697097,697.414032825515,280.502303428125,29.0873536091787,284.208996713161,75.5429797172545,0.00317071512113873,-0.0913910673786252,,,,,,,,,
1767171702,149413574,726_1767171702-149413574.png,1202,-1202,0,0,0.011508118872549,-0.011508118872549,898.99,318.7,685,-402,1847,322,159,43,823.556829268804,-348.751207732939,1771.48054361698,634.237064271727,258.946628646101,31.2525165440493,228.485396564007,79.5903367996215,0.00317071512113873,-0.109671724951952,,,,,,,,,
1767171702,182761230,727_1767171702-182761230.png,1202,-1202,0,0,0.011508118872549,-0.011508118872549,870.55,318.93,711,-488,2091,312,114,23,797.468193743003,-376.416556079529,1815.09803955837,565.272965565348,228.411679422866,32.06812350227,234.699953913689,82.2767295837401,0.00317071512113873,-0.130064642149042,,,,,,,,,
1767171702,249457520,728_1767171702-249457520.png,1202,-1202,0,0,0.011508118872549,-0.011508118872549,865.92,318.75,654,-240,1908,417,153,15,771.962935442887,-362.305042605377,1843.11999383681,530.337453451303,211.397065073435,29.0975856180604,219.695348143578,75.1575307846068,0.00317071512113873,-0.110612399004526,,,,,,,,,
1767171702,282805908,729_1767171702-282805908.png,1202,-1202,0,0,0.011508118872549,-0.011508118872549,864.56,318.25,726,-342,1942,401,146,16,761.327674414576,-352.419954764647,1842.07179897521,511.244669290439,201.228889797212,24.85044919188,236.324864089489,70.5013363361357,0.00317071512113873,-0.0518162708934918,,,,,,,,,
1767171702,316153564,730_1767171702-316153564.png,1202,-1202,-50,0,0.011508118872549,-0.011508118872549,864.19,317.72,570,-345,1722,388,179,31,734.896695860917,-350.447429504091,1838.26782209315,485.0592958979,192.805515056497,24.6544847534963,236.324864089489,70.5013363361357,0.00317071512113873,-0.105487510382922,,,,,,,,,
1767171702,382849854,731_1767171702-382849854.png,1202,-1202,0,0,0.011508118872549,-0.011508118872549,856.11,317.48,621,-277,1869,349,107,34,704.847064856478,-333.978998925243,1844.6112494526,451.735485103045,163.641073002544,23.4787001697393,262.636174380779,77.0458006858824,0.00317071512113873,-0.0820303966713134,,,,,,,,,
1767171702,416198486,732_1767171702-416198486.png,1202,-1202,0,0,0.011508118872549,-0.011508118872549,856.11,317.48,621,-277,1869,349,107,34,694.884912525455,-327.20913204995,1847.50895909256,439.52913591062,156.911356244899,24.7287712582005,261.177378833294,77.2968440055846,0.00317071512113873,-0.0820303966713134,,,,,,,,,
1767171702,482894531,733_1767171702-482894531.png,1202,-1202,0,0,0.011508118872549,-0.011508118872549,846.62,317.46,715,-286,1884,334,98,37,689.475653531422,-318.284853480606,1843.16808247062,411.794491645682,148.556829787619,28.8045952788379,242.735927641392,87.2931540012358,0.00317071512113873,-0.0820303966713134,,,,,,,,,
1767171702,516242188,734_1767171702-516242188.png,1202,-1202,0,0,0.011508118872549,-0.011508118872549,841.81,317.77,729,-284,1967,342,77,25,695.255766189812,-313.270973851961,1861.27748839321,401.587617637839,138.092228229222,28.2482043123549,244.281092405319,84.1629934310912,0.00317071512113873,-0.0820303966713134,,,,,,,,,
1767171702,582938477,735_1767171702-582938477.png,1202,-1202,0,0,0.011508118872549,-0.011508118872549,829.08,318.64,628,-302,1979,296,94,52,678.770458481089,-308.158622623391,1860.79915882904,386.87643493804,131.300115820564,30.2356201250846,220.588392853737,84.1019520759581,0.00317071512113873,-0.0820303966713134,,,,,,,,,
1767171702,616288574,736_1767171702-616288574.png,1202,-1202,0,0,0.011508118872549,-0.011508118872549,826.82,318.74,545,-256,1836,337,108,68,668.762175325952,-305.826144852771,1873.63394357831,374.862694913099,126.28105292575,33.9165104796695,241.813270628452,89.730939388275,0.00317071512113873,-0.0820303966713134,,,,,,,,,
1767171702,649637695,737_1767171702-649637695.png,1202,-1202,0,0,0.011508118872549,-0.011508118872549,825.91,318.82,441,-128,1759,355,121,49,634.775069966766,-284.347987205283,1859.19240871591,368.973592197468,123.827641581646,38.9646951678868,241.461169958115,89.8020110130309,0.00317071512113873,-0.0820303966713134,,,,,,,,,
1767171702,716337158,738_1767171702-716337158.png,1202,-1202,0,0,0.011508118872549,-0.011508118872549,825.71,318.77,662,-169,1698,369,143,22,609.247974311194,-243.057090651414,1831.18753981356,368.292513492449,129.00577510558,36.089007430559,234.986336052418,86.2385427951812,0.00317071512113873,-0.0820303966713134,,,,,,,,,
1767171702,749687256,739_1767171702-749687256.png,1202,-1202,0,0,0.011508118872549,-0.011508118872549,825.8,318.54,685,-327,1661,365,137,45,624.402148089525,-249.610789962428,1796.00782880135,367.865676578705,131.256175066837,36.3035336805352,221.446630120277,83.6465778350829,0.00317071512113873,-0.103899712409567,,,,,,,,,
1767171702,783036377,740_1767171702-783036377.png,1202,-1202,0,0,0.011508118872549,-0.011508118872549,825.87,318.52,598,-331,1730,360,173,49,620.541049702933,-261.513296777273,1786.35472328799,366.715385661295,137.360868311989,38.1602881179123,248.274856925011,91.5512900352477,0.00317071512113873,-0.0842525049444007,,,,,,,,,
1767171702,849735840,741_1767171702-849735840.png,1202,-1202,0,0,0.011508118872549,-0.011508118872549,825.78,318.34,581,-321,1682,390,179,43,603.456828193012,-274.410157934662,1768.08462935517,367.929540756172,150.790834068992,40.9710958800337,252.380706608295,90.0754075050353,0.00317071512113873,-0.0982894309722451,,,,,,,,,
1767171702,883086182,742_1767171702-883086182.png,1202,-1202,0,0,0.011508118872549,-0.011508118872549,825.64,317.63,663,-377,1820,377,115,32,610.989539451305,-291.850767673682,1771.17268951352,370.410796614919,147.032683143161,39.7653031822425,216.64774864912,78.5312836170195,0.00317071512113873,-0.0651788001917792,,,,,,,,,
1767171702,949785645,743_1767171702-949785645.png,1202,-1202,0,0,0.011508118872549,-0.011508118872549,825.52,317.07,640,-201,1644,469,107,23,625.133624525909,-276.436524479735,1749.46843634724,387.355094315833,139.565860189713,38.4479372503681,245.743005037308,86.209455013275,0.00317071512113873,-0.068571674442047,,,,,,,,,
1767171702,983135010,744_1767171702-983135010.png,1202,-1202,0,0,0.011508118872549,-0.011508118872549,825.46,316.77,788,-221,1992,413,10,4,646.719598041485,-257.404314454801,1742.75885413498,404.232466597535,121.862150328235,33.7972959363485,231.402598023415,82.0133633613585,0.00317071512113873,-0.0807782554654795,,,,,,,,,
1767171703,49834473,745_1767171703-49834473.png,1202,-1202,0,0,0.011508118872549,-0.011508118872549,825.33,316.21,592,-175,1521,425,171,25,662.483433293033,-241.144242177655,1759.5357889142,403.723973852771,110.575352252012,30.7653839527938,231.402598023415,82.0133633613585,0.00317071512113873,-0.0807782554654795,,,,,,,,,
1767171703,83184814,746_1767171703-83184814.png,1202,-1202,0,0,0.011508118872549,-0.011508118872549,825.37,315.05,563,-215,1572,425,218,23,651.273132052788,-232.716256490924,1726.23934240803,406.835418798523,120.874919437328,29.8599902088826,248.522665143013,77.6044867038726,0.00317071512113873,-0.0857032932335463,,,,,,,,,
1767171703,116534180,747_1767171703-116534180.png,1202,-1202,0,0,0.011508118872549,-0.011508118872549,825.45,314.17,635,-296,1626,412,215,14,640.261530319012,-236.529246754453,1700.50015618917,409.265703046172,139.888956924598,27.6833092878641,248.522665143013,77.6044867038726,0.00317071512113873,-0.0653566910713889,,,,,,,,,
1767171703,149884521,748_1767171703-149884521.png,1202,-1202,0,0,0.011508118872549,-0.011508118872549,825.51,314.41,622,-274,1621,402,171,20,637.315635829463,-245.120679748582,1684.97589484152,408.346217828812,148.368668894539,25.843747040328,243.864052474499,77.1539843082427,0.00317071512113873,-0.0749538765998585,,,,,,,,,
1767171703,216584229,749_1767171703-216584229.png,1202,-1202,0,0,0.011508118872549,-0.011508118872549,825.24,316.95,595,-373,1718,375,148,40,620.143291822429,-264.525560924963,1697.81037893265,399.695943007697,150.680382815419,27.2787297149002,247.953017950058,84.7582182884215,0.00317071512113873,-0.0645547619718063,,,,,,,,,
1767171703,249933594,750_1767171703-249933594.png,1202,-1202,0,0,0.011508118872549,-0.011508118872549,825.14,317,641,-388,1671,380,139,45,621.26353046877,-285.053937296161,1695.71525074092,396.022142757021,149.147848037371,30.0712423133037,233.886005222797,77.8761637210845,0.00317071512113873,-0.0645547619718063,,,,,,,,,
1767171703,283283936,751_1767171703-283283936.png,1202,-1202,0,0,0.011508118872549,-0.011508118872549,825.13,315.84,683,-333,1596,395,174,30,630.816475342325,-294.801417802294,1680.47590988274,395.446879104128,152.512596146199,30.457550955734,233.886005222797,77.8761637210845,0.00317071512113873,-0.0645547619718063,,,,,,,,,
1767171703,316633301,752_1767171703-316633301.png,1202,-1202,0,0,0.011508118872549,-0.011508118872549,825.15,316.15,578,-280,1623,327,206,63,641.058220590202,-305.04121638907,1674.82899807318,386.797850544714,158.328490277912,33.7618836752513,230.671381950378,76.4015707969664,0.00317071512113873,-0.0645547619718063,,,,,,,,,
1767171703,383333008,753_1767171703-383333008.png,1202,-1202,0,0,0.011508118872549,-0.011508118872549,825.01,317.62,552,-319,1588,336,202,79,625.447977754122,-304.702652649269,1660.37915472977,375.993467912406,167.31908450026,41.4685361779332,236.709953904152,83.6813971996306,0.00317071512113873,-0.0645547619718063,,,,,,,,,
1767171703,416683594,754_1767171703-416683594.png,1202,-1202,0,0,0.011508118872549,-0.011508118872549,825.22,315.71,710,-253,1637,404,137,35,625.983538999018,-292.451766222735,1676.29549581641,372.152477987908,164.38929101983,45.567702117441,234.706707596779,78.386131286621,0.00317071512113873,-0.0645547619718063,,,,,,,,,
1767171703,450032959,755_1767171703-450032959.png,1202,-1202,0,0,0.011508118872549,-0.011508118872549,825.04,314.61,716,-294,1461,463,168,11,645.474948743674,-288.50524527054,1646.60140161571,386.280710370945,161.950721684005,40.3541928408587,246.570980608463,79.8873760700225,0.00317071512113873,-0.0645547619718063,,,,,,,,,
1767171703,516732910,756_1767171703-516732910.png,1202,-1202,0,0,0.011508118872549,-0.011508118872549,823.73,312.89,733,-378,1627,404,136,0,660.148954231677,-301.739143209453,1638.80255535841,390.910803731411,158.316398473009,33.6726430804167,243.637414455414,73.7382476329802,0.00317071512113873,-0.0645547619718063,,,,,,,,,
1767171703,550083252,757_1767171703-550083252.png,1202,-1202,0,0,0.011508118872549,-0.011508118872549,804.41,311.33,539,-227,1608,279,88,27,638.078894336886,-291.656780008224,1615.34307060981,383.047640920247,165.717754789935,30.2524633139097,224.648785054684,72.5212893486022,0.00317071512113873,-0.0645547619718063,,,,,,,,,
1767171703,583432861,758_1767171703-583432861.png,1202,-1202,0,0,0.011508118872549,-0.011508118872549,780.13,308.51,523,-213,1790,218,20,34,614.032744567,-275.541947982754,1635.32585331529,352.544324345703,140.267740711514,30.3571984280705,238.403699696064,84.4760811328887,0.00317071512113873,-0.0645547619718063,,,,,,,,,
1767171703,616781494,759_1767171703-616781494.png,1202,-1202,0,0,0.011508118872549,-0.011508118872549,740.43,305.71,522,-209,1782,137,4,55,598.154539985504,-264.148698434229,1660.88616753292,317.447253464961,117.143618218653,34.0578131216109,249.405839085579,98.2775888442992,0.00317071512113873,-0.0845754577427187,,,,,,,,,
1767171703,650129395,760_1767171703-650129395.png,1202,-1202,0,0,0.011508118872549,-0.011508118872549,610.49,293.54,441,-83,1648,18,10,31,577.655058685923,-246.445430093896,1651.29135533185,273.349068196999,102.02798537994,35.0879602530329,254.68553084135,75.6299564838408,0.00317071512113873,-0.0845754577427187,,,,,,,,,
1767171703,716826172,761_1767171703-716826172.png,1202,-1202,0,0,0.011508118872549,-0.011508118872549,525.89,275.47,353,-105,1795,-73,-17,15,530.939092143842,-209.180633074265,1671.97370203052,196.796277956182,75.285991026087,31.7355861905765,230.759179830551,169.898585796356,0.00317071512113873,-0.0845754577427187,,,,,,,,,
1767171703,750174805,762_1767171703-750174805.png,1202,-1202,0,0,0.011508118872549,-0.011508118872549,466.18,264.31,377,-181,1774,-94,-54,19,508.426757984716,-205.059445793319,1686.89421429885,154.269698837068,56.3789714280149,29.8731107917564,199.563917636871,238.111440420151,0.00317071512113873,-0.0845754577427187,,,,,,,,,
1767171703,783522705,763_1767171703-783522705.png,1202,-1202,0,0,0.011508118872549,-0.011508118872549,311.98,229.59,358,138,1948,-127,-162,4,483.184257845516,-162.697837391494,1702.02692144312,91.4030738773911,21.0027068058382,24.4892278102687,186.061356961727,220.102664470672,0.00317071512113873,-0.0845754577427187,,,,,,,,,
1767171703,850219482,764_1767171703-850219482.png,1202,-1202,0,0,0.011508118872549,-0.011508118872549,258.46,200.87,405,173,2100,-82,-247,-22,465.200531391965,-97.871595143001,1773.09708814803,54.6169587825204,-27.7656058581746,16.6185163851602,121.539396166801,188.687716722488,0.00317071512113873,-0.0845754577427187,,,,,,,,,
1767171703,883568115,765_1767171703-883568115.png,1202,-1202,0,0,0.011508118872549,-0.011508118872549,157.17,162.68,387,-132,2110,-211,-133,19,433.263059907353,-84.5249196049261,1859.68595517411,-4.65577149876231,-66.5324553486533,13.8930402123973,124.044622957706,213.896076917648,0.00317071512113873,-0.0845754577427187,,,,,,,,,
1767171703,950264893,766_1767171703-950264893.png,1202,-1202,0,0,0.011508118872549,-0.011508118872549,110,144.59,220,-22,1964,-217,-104,52,405.900895017857,-74.1446495447441,1878.13821550533,-41.3523635843526,-73.007466288313,18.0698260936077,104.109049260616,172.61263346672,0.00317071512113873,-0.0845754577427187,,,,,,,,,
1767171703,983612793,767_1767171703-983612793.png,1202,-1202,0,0,0.011508118872549,-0.011508118872549,98.59,139.38,158,-128,2081,-271,-98,56,369.974503707386,-71.6293583359195,1900.14684735919,-75.0165456722982,-77.9957808146784,24.1786592471517,138.069814801216,153.437193870544,0.00317071512113873,-0.0845754577427187,,,,,,,,,
1767171704,16961670,768_1767171704-16961670.png,1202,-1202,0,0,0.011508118872549,-0.011508118872549,93.13,136.51,187,-97,1955,-230,-110,39,331.329576984815,-79.1393263794104,1921.08729591387,-109.060464541025,-83.3936598900041,28.4774060296283,100.800783574581,229.178052425384,0.00317071512113873,-0.107738328043009,,,,,,,,,
1767171704,50309570,769_1767171704-50309570.png,1202,-1202,0,0,0.011508118872549,-0.011508118872549,89.82,135.86,255,74,1990,-188,-131,33,316.331485025549,-57.2185934604956,1932.0664356158,-123.818658273838,-91.0627535599733,29.4184332089878,80.6406499147415,244.825129747391,0.00317071512113873,-0.133403666373192,,,,,,,,,
1767171704,117006104,770_1767171704-117006104.png,1202,-1202,0,0,0.011508118872549,-0.011508118872549,88.78,135.23,262,-141,1676,-155,-50,20,316.975600966837,-48.5684065301793,1931.48560742438,-144.490274618481,-110.15481289233,29.4379650876271,49.2432318031787,230.580140829086,0.00317071512113873,-0.133403666373192,,,,,,,,,
1767171704,150354980,771_1767171704-150354980.png,1202,-1202,0,0,0.011508118872549,-0.011508118872549,88.78,135.23,262,-141,1676,-155,-50,20,312.000104259559,-56.9338101068485,1908.36320810284,-145.441443921054,-104.710578209871,28.583794084654,74.7591010928153,233.673619270325,0.00317071512113873,-0.133403666373192,,,,,,,,,
1767171704,217051758,772_1767171704-217051758.png,1202,-1202,0,0,0.011508118872549,-0.011508118872549,103.4,135.18,268,-33,1992,-161,-92,54,298.573546883124,-53.8165155933028,1891.95722640765,-148.285914822928,-97.0197035230577,33.101802872464,76.2880310416221,229.429382324219,0.00317071512113873,-0.133403666373192,,,,,,,,,
1767171704,250399658,773_1767171704-250399658.png,1202,-1202,0,0,0.011508118872549,-0.011508118872549,165.65,146,331,79,1543,-17,25,32,289.636975240401,-35.1315809276194,1863.02702931617,-135.945198576368,-84.1851728724653,35.6286135951121,186.235783815384,127.46911239624,0.00317071512113873,-0.133403666373192,,,,,,,,,
1767171704,283748535,774_1767171704-283748535.png,1202,-1202,0,0,0.011508118872549,-0.011508118872549,226.37,162.45,501,0,1689,94,27,15,323.743140663958,-21.1751216185305,1812.84905547251,-93.1268997695409,-59.4886978081093,32.3314706569179,238.469288349152,90.525480031967,0.00317071512113873,-0.133403666373192,,,,,,,,,
1767171704,350445313,775_1767171704-350445313.png,1202,-1202,0,0,0.011508118872549,-0.011508118872549,407.77,189.9,781,-327,1412,497,224,-3,383.494870521884,-57.5906984148513,1765.53763252771,-23.8735617746108,-28.3500801410024,26.7923677972226,264.9445053339,53.6702573299407,0.00317071512113873,-0.133403666373192,,,,,,,,,
1767171704,383793213,776_1767171704-383793213.png,1202,-1202,0,0,0.011508118872549,-0.011508118872549,523.08,204.43,849,-370,1535,649,273,6,491.893271196305,-130.606315506534,1695.9612779343,127.365010320373,41.3177648435833,20.7295791377023,309.470369040966,-62.3789591789247,0.00317071512113873,-0.133403666373192,,,,,,,,,
1767171704,450489990,777_1767171704-450489990.png,1202,-1202,0,0,0.011508118872549,-0.011508118872549,777.21,236.12,736,-488,1140,975,529,14,541.736884746175,-182.764564693957,1609.72854345611,275.494760487938,122.641342381756,20.628841817027,367.197085618973,-237.10582613945,0.00317071512113873,-0.133403666373192,,,,,,,,,
1767171704,483838867,778_1767171704-483838867.png,1202,-1202,0,0,0.011508118872549,-0.011508118872549,900.22,246.33,778,-518,1024,1080,619,34,585.30071583413,-246.937747863591,1502.67499389124,426.866752718752,214.022763598937,21.6888595838548,367.197085618973,-237.10582613945,0.00317071512113873,-0.0926635773973265,,,,,,,,,
1767171704,517186768,779_1767171704-517186768.png,1202,-1202,0,0,0.011508118872549,-0.011508118872549,1100.43,249.92,923,-441,1077,1136,567,69,652.306195911135,-305.732075861257,1421.32070132114,565.949876769281,283.891633768059,25.3645347174836,502.05930519104,-169.277990579605,0.00317071512113873,-0.0680798892065447,,,,,,,,,
1767171704,583883789,780_1767171704-583883789.png,1202,-1202,0,0,0.011508118872549,-0.011508118872549,1170.93,250.17,958,-576,1089,1096,524,87,710.214719987128,-348.631226689129,1354.37675124884,674.388799102126,334.997800642648,36.1676097761472,542.515035808086,-163.824532985687,0.00317071512113873,-0.0766555081221846,,,,,,,,,
1767171704,617231934,781_1767171704-617231934.png,1202,-1202,0,0,0.011508118872549,-0.011508118872549,1223.42,250.78,957,-584,1228,1072,503,77,746.332478794434,-382.83255857414,1332.08262858442,733.194470739405,360.142746910879,42.4132977198775,601.086742043495,-165.865692853928,0.00317071512113873,-0.0766555081221846,,,,,,,,,
1767171704,683927246,782_1767171704-683927246.png,1202,-1202,0,0,0.011508118872549,-0.011508118872549,1282.29,251.22,926,-402,1027,1137,560,66,791.708221660481,-407.100668515962,1253.16957871103,837.288169206798,413.090098737009,49.3694851693465,643.458050966263,-167.408634901047,0.00317071512113873,-0.0766555081221846,,,,,,,,,
1767171704,717274414,783_1767171704-717274414.png,1202,-1202,0,0,0.011508118872549,-0.011508118872549,1299.91,251.18,1073,-694,796,1154,551,23,855.450636817147,-451.742212264304,1189.93808978673,909.030214732395,442.092929782011,46.8331552872632,629.14595746994,-165.10138630867,0.00317071512113873,-0.0766555081221846,,,,,,,,,
1767171704,783969727,784_1767171704-783969727.png,1202,-1202,0,0,0.011508118872549,-0.011508118872549,1304.4,252.47,857,-569,989,1091,584,37,878.275016310789,-497.236442417773,1118.42511318646,957.68268764064,474.342622078182,43.3052815676783,650.186277866363,-170.410694599152,0.00317071512113873,-0.0766555081221846,,,,,,,,,
1767171704,817317871,785_1767171704-817317871.png,1202,-1202,0,0,0.011508118872549,-0.011508118872549,1305.63,255.27,809,-497,918,1018,573,32,868.895300126599,-501.083808567964,1087.62256536438,972.048746541715,491.986282215313,41.6215578563135,604.800228714943,-176.952866315842,0.00317071512113873,-0.0766555081221846,,,,,,,,,
1767171704,884013184,786_1767171704-884013184.png,1202,-1202,0,0,0.011508118872549,-0.011508118872549,1304.09,260.25,984,-487,1013,1020,468,3,873.21822789152,-494.855284154813,1056.33167216057,977.31447809985,500.814135364009,37.6592505449012,611.125702321529,-170.810472488403,0.00317071512113873,-0.0766555081221846,,,,,,,,,
1767171704,917360352,787_1767171704-917360352.png,1202,-1202,0,0,0.011508118872549,-0.011508118872549,1302.47,263.24,968,-458,1043,1037,458,-1,893.314490523561,-489.849919448025,1051.29196124715,987.810115190088,493.110294282721,30.3019161530087,613.905232548714,-167.524269580841,0.00317071512113873,-0.0766555081221846,,,,,,,,,
1767171704,950708496,788_1767171704-950708496.png,1202,-1202,0,0,0.011508118872549,-0.011508118872549,1300.81,267.5,920,-455,963,1080,498,-9,897.217028197219,-484.753403539645,1038.37998348062,1001.2921324219,493.825373782763,24.5543321104593,550.928826153278,-171.710760831833,0.00317071512113873,-0.120933132718413,,,,,,,,,
1767171704,984055420,789_1767171704-984055420.png,1202,-1202,0,0,0.011508118872549,-0.011508118872549,1297.35,273.28,984,-450,1338,992,450,-1,912.091683384799,-479.645793988092,1051.21448651317,1011.584841708,493.473413307719,17.379609829467,607.986148834228,-165.394700050354,0.00317071512113873,-0.0878232709577518,,,,,,,,,
1767171705,50750732,790_1767171705-50750732.png,1202,-1202,0,0,0.011508118872549,-0.011508118872549,1295.01,274.45,976,-505,1191,985,414,11,921.65718006008,-481.845074241499,1075.68895873271,1007.88902507605,482.838500581788,16.1175025379162,591.380140900612,-162.480333566666,0.00317071512113873,-0.110193465452449,,,,,,,,,
1767171705,84098877,791_1767171705-84098877.png,1202,-1202,0,0,0.011508118872549,-0.011508118872549,1273.29,282.02,845,-513,1326,786,358,11,917.263743390061,-482.294091829525,1109.46100381732,981.654299071119,461.13759347469,16.4837629521628,577.871346056461,-162.205504179001,0.00317071512113873,-0.0700230489114132,,,,,,,,,
1767171705,117446045,792_1767171705-117446045.png,1202,-1202,0,0,0.011508118872549,-0.011508118872549,1240.25,286.65,734,-462,1324,613,316,30,891.58709017578,-481.541098371708,1146.64489434516,927.287289633484,438.323551237922,17.7935321121201,482.57973498106,-131.932287693024,0.00317071512113873,-0.0700230489114132,,,,,,,,,
1767171705,184141357,793_1767171705-184141357.png,1202,-1202,0,0,0.011508118872549,-0.011508118872549,1188.79,289.97,587,-438,1394,419,272,37,842.855887918028,-474.654269758443,1187.53171566486,844.602337241863,410.74937953978,20.9267042912372,366.900702834129,33.5539784431456,0.00317071512113873,-0.0700230489114132,,,,,,,,,
1767171705,217489258,794_1767171705-217489258.png,1202,-1202,0,0,0.011508118872549,-0.011508118872549,1153.39,287.57,238,-461,1637,-43,34,54,748.922328539914,-480.324886091084,1256.73083595643,705.820668391756,354.674947526957,27.4230399827842,370.637827396393,21.5690958499907,0.00317071512113873,-0.0700230489114132,,,,,,,,,
1767171705,250836426,795_1767171705-250836426.png,1202,-1202,0,0,0.011508118872549,-0.011508118872549,1049.73,262.93,260,-187,1814,-65,-14,34,637.94333629237,-435.935317689955,1367.60964702092,535.234348552275,275.981242868959,30.4384230329296,276.850209593773,177.397931814194,0.00317071512113873,-0.0700230489114132,,,,,,,,,
1767171705,317531738,796_1767171705-317531738.png,1202,-1202,0,0,0.011508118872549,-0.011508118872549,778.95,245.94,346,-80,1867,-159,-29,38,561.577379111336,-350.516183250571,1495.96464908087,365.923969338921,199.530635180214,33.9342784150607,257.245306611061,120.173380851745,0.00317071512113873,-0.0700230489114132,,,,,,,,,
1767171705,350879883,797_1767171705-350879883.png,1202,-1202,0,-50,0.011508118872549,-0.011508118872549,513.16,211.93,411,25,1523,-104,-49,1,533.571462249055,-289.163025594482,1511.12184956407,278.478989930815,159.272540126931,28.9511397907529,250.574615895748,105.385037899017,0.00317071512113873,-0.0700230489114132,,,,,,,,,
1767171705,417574951,798_1767171705-417574951.png,1202,-1203,0,-50,0.011508118872549,-0.0115176930147059,403.48,196.55,482,44,1660,-91,-107,8,513.596167403973,-208.572622842384,1534.09895682337,185.647847215357,99.2056311573773,23.051902300527,232.121865272522,95.5596723556517,0.00317071512113873,-0.0700230489114132,,,,,,,,,
1767171705,450922119,799_1767171705-450922119.png,1202,-1202,0,50,0.011508118872549,-0.011508118872549,263.87,166.81,276,-133,1818,-66,26,19,470.948333931535,-191.781984366627,1575.3707553869,132.247646839008,77.2565343513653,21.0118250782981,208.58787727356,147.53165769577,0.00317071512113873,-0.0700230489114132,,,,,,,,,
1767171705,484270020,800_1767171705-484270020.png,1202,-1202,0,0,0.011508118872549,-0.011508118872549,248.32,164.66,271,-180,1886,-30,83,23,442.132310383239,-186.065975049888,1615.02065131359,105.461793732061,73.2539064489611,20.9627504427639,208.58787727356,147.53165769577,0.00317071512113873,-0.105930074410943,,,,,,,,,
1767171705,517617188,801_1767171705-517617188.png,1202,-1202,0,0,0.011508118872549,-0.011508118872549,275.26,165.99,322,-164,1799,29,94,35,414.211068825899,-182.960476601561,1658.49064315267,85.5739411326934,76.4960772558028,22.7930353899453,224.272526979446,137.086564779282,0.00317071512113873,-0.0530712148877926,,,,,,,,,
1767171705,584312256,802_1767171705-584312256.png,1202,-1202,0,0,0.011508118872549,-0.011508118872549,371.47,179.2,550,-283,1817,132,54,7,424.047381841586,-192.467618291989,1669.99527226537,88.0272901625089,78.0942772323416,22.5699320466864,265.428172945976,47.5295829772948,0.00317071512113873,-0.0530712148877926,,,,,,,,,
1767171705,617661133,803_1767171705-617661133.png,1202,-1202,0,0,0.011508118872549,-0.011508118872549,399.01,191.49,417,-307,1480,164,186,14,432.748903950015,-216.212325915493,1653.5688211624,102.535374423312,92.012883596838,20.1135874136491,269.26894056797,22.0111441612242,0.00317071512113873,-0.0530712148877926,,,,,,,,,
1767171705,651008789,804_1767171705-651008789.png,1202,-1202,0,0,0.011508118872549,-0.011508118872549,441.39,211.94,210,-279,1377,134,251,12,391.264570184034,-212.343444851282,1589.31719476163,122.099225090515,124.95480277776,19.1889179831864,281.097237229347,-2.57075405120862,0.00317071512113873,-0.0530712148877926,,,,,,,,,
1767171705,717705566,805_1767171705-717705566.png,1202,-1202,0,0,0.011508118872549,-0.011508118872549,472.74,222.6,290,-207,1605,84,111,7,364.777013883686,-217.024477295767,1574.24808252606,118.521622575748,133.348974942584,17.167390514864,281.451545834541,15.4941914081572,0.00317071512113873,-0.0530712148877926,,,,,,,,,
1767171705,751054443,806_1767171705-751054443.png,1202,-1202,0,0,0.011508118872549,-0.011508118872549,491.73,232.51,270,-162,1725,23,67,30,348.929473499232,-208.711199707518,1597.11154140094,103.634964180206,123.052062302219,18.7738594305782,248.836321771145,90.7338230609892,0.00317071512113873,-0.0530712148877926,,,,,,,,,
1767171705,784402100,807_1767171705-784402100.png,1202,-1202,0,0,0.011508118872549,-0.011508118872549,490.79,241.07,303,-164,1844,-61,-1,31,339.260413721525,-192.969190241632,1627.87654400349,80.6912215906892,100.890813520452,22.8488848244897,258.609810352325,97.0005922317504,0.00317071512113873,-0.0530712148877926,,,,,,,,,
1767171705,851098877,808_1767171705-851098877.png,1202,-1202,0,0,0.011508118872549,-0.011508118872549,420.91,234.84,332,-26,1718,-114,-43,23,333.024087373437,-171.863714639227,1656.79726121829,38.2798719284049,74.3472034389975,23.7685980721313,239.644429206848,99.5594573020934,0.00317071512113873,-0.0530712148877926,,,,,,,,,
1767171705,884447754,809_1767171705-884447754.png,1202,-1202,0,0,0.011508118872549,-0.011508118872549,361.64,225.02,382,-44,2074,-185,-120,17,335.911337406909,-147.759176600923,1689.19141828106,7.61218779426883,49.3487542391927,23.2680641118958,131.431204080582,201.766901731491,0.00317071512113873,-0.0530712148877926,,,,,,,,,
1767171705,917795410,810_1767171705-917795410.png,1202,-1202,0,0,0.011508118872549,-0.011508118872549,298.91,204.97,240,-23,2021,-201,-96,17,325.446280542839,-121.496871907623,1767.44921482266,-37.7784552148205,15.0073972235344,21.8670883317994,131.431204080582,201.766901731491,0.00317071512113873,-0.118175002793481,,,,,,,,,
1767171705,984492188,811_1767171705-984492188.png,1202,-1202,0,0,0.011508118872549,-0.011508118872549,194.51,178.46,88,47,1950,-241,-25,52,295.916765509054,-87.9593136718453,1805.59103531075,-76.816220600139,-6.30425599332876,24.3458944100234,3.42358320951457,218.033563137054,0.00317071512113873,-0.0856425509981588,,,,,,,,,
1767171706,17841064,812_1767171706-17841064.png,1202,-1202,0,0,0.011508118872549,-0.011508118872549,152.17,165.92,-11,16,1854,-277,64,63,240.154031038673,-65.6947433737412,1820.2262477313,-114.681921407641,2.99896413923261,31.4456655214758,5.12330341339106,203.863657951355,0.00317071512113873,-0.11827145124495,,,,,,,,,
1767171706,51188965,813_1767171706-51188965.png,1202,-1202,0,0,0.011508118872549,-0.011508118872549,116.84,155.17,-33,29,1784,-276,78,76,200.207486350018,-51.8464110479251,1814.92845505953,-138.273372030112,13.9672526880601,37.961372818754,-52.0656511485577,189.251847743988,0.00317071512113873,-0.0859622299508063,,,,,,,,,
1767171706,117885742,814_1767171706-117885742.png,1202,-1202,0,0,0.011508118872549,-0.011508118872549,68.93,142.89,19,44,1964,-228,1,61,173.625088857063,-38.4165069154957,1847.08239783719,-155.342183772161,5.98747256642762,39.6727167501407,89.1908127069473,210.286469459534,0.00317071512113873,-0.121879912992372,,,,,,,,,
1767171706,151234375,815_1767171706-151234375.png,1202,-1202,0,0,0.011508118872549,-0.011508118872549,62.81,140.9,141,-110,1759,-249,-33,33,161.738685601707,-30.9540725315737,1840.53823349629,-168.581107453796,-0.87862206625167,40.0605141662835,13.7429512143135,195.25840306282,0.00317071512113873,-0.0959497296714008,,,,,,,,,
1767171706,184582275,816_1767171706-184582275.png,1202,-1202,0,0,0.011508118872549,-0.011508118872549,62.62,139.75,247,-175,2021,-255,-104,17,169.697596642138,-56.3445065389474,1853.44271581647,-187.268424230926,-16.4938244586848,36.5814038588784,14.0710243582725,194.039438724518,0.00317071512113873,-0.0908695026325858,,,,,,,,,
1767171706,251279053,817_1767171706-251279053.png,1202,-1202,0,0,0.011508118872549,-0.011508118872549,62.64,137.21,175,-75,1871,-217,-69,26,172.527317934501,-62.2259540711718,1860.46310960745,-193.416370474512,-26.4978738390683,34.5135900988729,-21.1470951437951,251.892601013183,0.00317071512113873,-0.106233367758923,,,,,,,,,
1767171706,284627930,818_1767171706-284627930.png,1202,-1202,0,0,0.011508118872549,-0.011508118872549,62.74,132.68,95,-76,1740,-234,-5,35,149.637068619807,-53.3496856702229,1829.92846168461,-199.299408622691,-25.1646506967558,36.018861064818,104.782729148865,152.264225482941,0.00317071512113873,-0.0875430501575163,,,,,,,,,
1767171706,351324707,819_1767171706-351324707.png,1202,-1202,0,0,0.011508118872549,-0.011508118872549,62.74,131.03,95,-57,1609,-197,8,33,141.64684385549,-53.8835143087666,1797.61947970063,-198.963138903535,-20.3145915703942,35.5773773057242,-9.68284797668462,210.896023273468,0.00317071512113873,-0.064510461753986,,,,,,,,,
1767171706,384672607,820_1767171706-384672607.png,1202,-1202,0,0,0.011508118872549,-0.011508118872549,62.55,129.16,27,-3,1600,-176,-12,39,122.142924145369,-42.4404971743118,1745.70921778304,-190.698308386072,-23.281023299274,35.5230271104109,81.8054004907608,221.909832477569,0.00317071512113873,-0.115092878753579,,,,,,,,,
1767171706,418021484,821_1767171706-418021484.png,1202,-1202,0,0,0.011508118872549,-0.011508118872549,62.46,128.73,136,-64,1396,-157,-2,46,121.641013629264,-44.5452789094401,1690.69492401203,-185.379603056341,-19.86905775733,37.1475982819729,-2.05423822999006,243.500560998917,0.00317071512113873,-0.140209334054584,,,,,,,,,
1767171706,451369385,822_1767171706-451369385.png,1202,-1202,0,0,0.011508118872549,-0.011508118872549,62.38,128.6,214,-75,1429,-154,-24,43,135.14776058236,-48.9990329777897,1652.4241800765,-180.790592559092,-20.4731743002036,38.0034642044935,-2.10508567094808,243.678383350372,0.00317071512113873,-0.0695558483270521,,,,,,,,,
1767171706,518066162,823_1767171706-518066162.png,1202,-1202,0,0,0.011508118872549,-0.011508118872549,62.3,129.03,168,47,1653,-149,-88,14,145.86192067746,-29.6034757043163,1640.4533627331,-171.756910628009,-37.0693327694194,33.0892238234256,113.307955265045,143.526284456253,0.00317071512113873,-0.0695558483270521,,,,,,,,,
1767171706,551415039,824_1767171706-551415039.png,1202,-1202,0,0,0.011508118872549,-0.011508118872549,62.35,129.11,153,-70,1525,-166,-70,16,147.494119246599,-33.4754228992156,1623.90267509009,-170.310251436901,-43.2386408999684,30.0827741152623,113.307955265045,143.526284456253,0.00317071512113873,-0.0695558483270521,,,,,,,,,
1767171706,584762939,825_1767171706-584762939.png,1202,-1202,0,0,0.011508118872549,-0.011508118872549,62.48,129.68,52,-85,1704,-200,-38,43,143.034790022947,-44.2216887364996,1611.10713462329,-171.04874693941,-46.3006315104485,29.0562188823701,-7.46978291869169,239.010869026184,0.00317071512113873,-0.0695558483270521,,,,,,,,,
1767171706,618111328,826_1767171706-618111328.png,1202,-1202,0,0,0.011508118872549,-0.011508118872549,62.42,129.55,20,74,1473,-145,0,43,122.062434850019,-37.9287027057595,1608.64595690486,-171.81971988367,-41.2132829843982,31.8249524345004,-1.32633405923849,215.578153133392,0.00317071512113873,-0.0695558483270521,,,,,,,,,
1767171706,651458496,827_1767171706-651458496.png,1202,-1202,0,0,0.011508118872549,-0.011508118872549,62.44,129.55,124,5,1465,-182,9,27,117.005655217458,-25.7943730767843,1580.5416126778,-171.905235491506,-31.7136304460171,31.7040458187535,-38.4941249787808,237.070298433304,0.00317071512113873,-0.0695558483270521,,,,,,,,,
1767171706,718153809,828_1767171706-718153809.png,1202,-1202,0,0,0.011508118872549,-0.011508118872549,62.52,129.14,318,-54,1459,-154,-32,6,149.561928773476,-35.9914422553503,1555.64637214577,-169.806970214255,-32.3856544217928,27.1374549752124,-13.7021985650063,244.97930932045,0.00317071512113873,-0.0695558483270521,,,,,,,,,
1767171706,751501953,829_1767171706-751501953.png,1202,-1202,0,0,0.011508118872549,-0.011508118872549,62.61,128.92,141,-104,1267,-191,-71,17,159.42429152779,-62.5707948216968,1505.57162277832,-173.474842303674,-37.9999289661077,23.5036161716666,121.940980553627,159.252887487411,0.00317071512113873,-0.0695558483270521,,,,,,,,,
1767171706,784849365,830_1767171706-784849365.png,1202,-1202,0,0,0.011508118872549,-0.011508118872549,62.58,128.88,142,-114,1425,-221,-76,29,155.912131541832,-72.2595635713552,1481.30608558184,-181.341963293506,-45.2837656243339,23.9671337811285,-14.3047050237656,221.528252363205,0.00317071512113873,-0.0695558483270521,,,,,,,,,
1767171706,851544678,831_1767171706-851544678.png,1202,-1202,0,0,0.011508118872549,-0.011508118872549,62.8,129.91,195,17,1277,-162,-45,16,169.30203450027,-64.8317830935834,1441.42464052703,-182.580684801843,-48.7966858768669,22.934265318263,55.0927655696868,310.259599685669,0.00317071512113873,-0.0526678495334056,,,,,,,,,
1767171706,884892822,832_1767171706-884892822.png,1202,-1202,0,0,0.011508118872549,-0.011508118872549,62.83,130.52,209,-45,1377,-139,-50,0,176.068113602854,-55.9493623374218,1420.65715613946,-175.761393314308,-48.6368674289597,19.6563556438297,-83.6675629913807,239.797815322876,0.00317071512113873,-0.029102662243418,,,,,,,,,
1767171706,918239990,833_1767171706-918239990.png,1202,-1202,0,0,0.011508118872549,-0.011508118872549,62.98,131.64,217,-63,1625,-186,-67,18,187.531979265449,-55.0439427987755,1460.79788490105,-174.742311830539,-55.2459726470311,18.013868896873,-49.9170058369637,242.495098114014,0.00317071512113873,-0.0916201633164112,,,,,,,,,
1767171706,984935547,834_1767171706-984935547.png,1202,-1202,0,0,0.011508118872549,-0.011508118872549,63.49,133,189,11,1841,-208,-147,11,188.833568153866,-30.0417304049397,1556.55760926938,-178.351506765196,-79.6489929714736,15.6826069815483,52.1501079201698,217.263811588287,0.00317071512113873,-0.0971192632975719,,,,,,,,,
1767171707,18283691,835_1767171707-18283691.png,1202,-1202,0,0,0.011508118872549,-0.011508118872549,63.49,133,258,53,1718,-209,-146,14,190.986492947791,-27.4569129501815,1561.58278284733,-179.305494114557,-81.7142827995131,15.6302329296807,73.5948700308799,233.12883234024,0.00317071512113873,-0.0890599575364256,,,,,,,,,
1767171707,51630859,836_1767171707-51630859.png,1202,-1202,0,0,0.011508118872549,-0.011508118872549,64.03,132.86,264,41,1689,-222,-126,30,206.842141111088,-11.228880377253,1592.30260128178,-187.843660532475,-93.1579548027088,17.605728607219,61.1488711237907,207.369810342789,0.00317071512113873,-0.0459114985692211,,,,,,,,,
1767171707,118326172,837_1767171707-118326172.png,1202,-1202,0,0,0.011508118872549,-0.011508118872549,66.6,132.61,183,-101,1428,-210,-37,23,215.615596683719,-9.74003776134385,1605.70688669399,-193.231229944117,-95.3548751036984,18.3962580569582,61.1630278825759,206.719132423401,0.00317071512113873,-0.0959101836598054,,,,,,,,,
1767171707,151674316,838_1767171707-151674316.png,1202,-1202,0,0,0.011508118872549,-0.011508118872549,69.48,131.93,181,-149,1471,-234,-48,30,208.088053920174,-35.8406048933765,1571.09657351125,-199.830740677832,-83.6189168653061,20.2569345737552,64.9887295961379,234.321288108826,0.00317071512113873,-0.0794835437713802,,,,,,,,,
1767171707,185021484,839_1767171707-185021484.png,1202,-1202,0,0,0.011508118872549,-0.011508118872549,74.25,131.52,207,-117,1662,-268,-90,43,207.209078035148,-50.7166800664026,1581.73042037122,-210.707975537113,-83.6055361143242,23.8418410600066,135.26313996315,219.466172218323,0.00317071512113873,-0.0630561727405935,,,,,,,,,
1767171707,251716797,840_1767171707-251716797.png,1202,-1202,0,0,0.011508118872549,-0.011508118872549,94.39,130.98,89,-35,1637,-270,-28,55,186.773440350737,-47.2038429729263,1594.08373090758,-222.231260048286,-72.1081806834623,30.5399921999923,120.917537808418,213.232789516449,0.00317071512113873,-0.0985518862048062,,,,,,,,,
1767171707,285064941,841_1767171707-285064941.png,1202,-1202,0,0,0.011508118872549,-0.011508118872549,113.26,131.68,192,-42,1751,-244,-83,31,182.422058978458,-45.8042913657314,1619.2769271403,-227.914126662629,-71.3931825142851,31.8870663782546,179.736662626266,123.130017757416,0.00317071512113873,-0.0906878012618398,,,,,,,,,
1767171707,318412109,842_1767171707-318412109.png,1202,-1202,0,0,0.011508118872549,-0.011508118872549,137.53,134,243,-99,1893,-251,-83,26,191.281087779761,-53.5837290116749,1659.30668954479,-231.290246968968,-73.0905847148791,31.0261310324726,188.471512675285,126.012287378311,0.00317071512113873,-0.0608749468998456,,,,,,,,,
1767171707,385107422,843_1767171707-385107422.png,1202,-1202,0,0,0.011508118872549,-0.011508118872549,206.46,149.87,340,-131,1784,-236,-49,41,219.997165664363,-64.2529901469132,1692.38142073103,-230.008296728227,-69.1856970960592,32.0789262615952,196.81309056282,129.075675010681,0.00317071512113873,-0.0543800692348245,,,,,,,,,
1767171707,418455811,844_1767171707-418455811.png,1202,-1202,0,0,0.011508118872549,-0.011508118872549,249.08,157.4,441,-220,1917,-255,-58,48,255.506063295057,-88.8034992211179,1727.66478846136,-233.822356800656,-67.01345147755,34.6443280341671,210.95257550478,125.603482246399,0.00317071512113873,-0.0543800692348245,,,,,,,,,
1767171707,451802734,845_1767171707-451802734.png,1202,-1202,0,0,0.011508118872549,-0.011508118872549,342.73,174.85,343,-82,1949,-198,-70,37,289.213817988473,-100.443447891378,1782.42417999105,-225.858996127354,-67.3236751496861,36.2817848399175,256.421487152576,67.4929718971251,0.00317071512113873,-0.0543800692348245,,,,,,,,,
1767171707,518498047,846_1767171707-518498047.png,1202,-1202,0,0,0.011508118872549,-0.011508118872549,389.12,187.56,303,-47,2100,-215,-51,33,291.229934440115,-92.6277804037311,1828.86704827963,-224.270956688852,-64.9364710642457,35.8018506274593,262.642928063869,54.8897948265075,0.00317071512113873,-0.0543800692348245,,,,,,,,,
1767171707,585193359,847_1767171707-585193359.png,1202,-1202,0,0,0.011508118872549,-0.011508118872549,454.12,210.67,302,-200,1905,-177,61,34,309.286747134987,-108.774048463549,1881.25688361405,-206.614396683139,-39.0065399273427,33.7774894495626,278.161722898483,25.1279788017272,0.00317071512113873,-0.0543800692348245,,,,,,,,,
1767171707,618541504,848_1767171707-618541504.png,1202,-1202,0,0,0.011508118872549,-0.011508118872549,497.05,216.71,301,-237,1836,-184,64,48,307.881234974918,-129.95034819256,1875.26940042899,-202.520232293415,-21.2850315431876,35.8633285351261,291.596746742725,-14.195836544037,0.00317071512113873,-0.0543800692348245,,,,,,,,,
1767171707,651888672,849_1767171707-651888672.png,1202,-1202,0,0,0.011508118872549,-0.011508118872549,537.27,225.46,411,-267,1752,-187,36,42,322.961511621943,-149.992739731404,1857.24225803517,-200.250525159569,-12.9075638417977,36.7607665849291,295.501544475555,-29.9562559127809,0.00317071512113873,-0.0543800692348245,,,,,,,,,
1767171707,685236572,850_1767171707-685236572.png,1202,-1202,0,0,0.011508118872549,-0.011508118872549,601.81,237.47,406,-168,1820,-160,18,55,336.320106201709,-165.006634920863,1850.09773135738,-195.986675350983,-8.13298519340297,40.6212565464886,293.484790802002,-32.6642854213716,0.00317071512113873,-0.0543800692348245,,,,,,,,,
1767171707,751931641,851_1767171707-751931641.png,1202,-1202,0,0,0.011508118872549,-0.011508118872549,623.94,242.2,415,-149,1703,-117,-10,45,354.894578750409,-162.969436002172,1825.53284007365,-180.785107343908,-5.75514608966931,42.7201613240255,292.644736528397,-34.5673141479493,0.00317071512113873,-0.0543800692348245,,,,,,,,,
1767171707,785278809,852_1767171707-785278809.png,1202,-1202,0,0,0.011508118872549,-0.011508118872549,634.63,248.42,416,-91,1665,-124,-22,31,363.830747224234,-152.444494156921,1802.05622416718,-172.480749471033,-8.13082321302034,41.0061835133809,281.880924224853,-5.16945362091077,0.00317071512113873,-0.114311473502852,,,,,,,,,
1767171707,818626709,853_1767171707-818626709.png,1202,-1202,0,0,0.011508118872549,-0.011508118872549,631.3,262.96,273,-98,1768,-209,5,25,358.42587224153,-140.408604973064,1805.35083789344,-173.85984538493,-12.6443095496649,37.6946522634207,261.679489195347,89.1202392578124,0.00317071512113873,-0.10379762271471,,,,,,,,,
1767171707,885321777,854_1767171707-885321777.png,1202,-1202,0,0,0.011508118872549,-0.011508118872549,614.97,266.2,310,-140,1776,-224,-32,25,346.874313297951,-138.129937670644,1799.10423913536,-183.031043966215,-14.5517317287534,35.1739507866943,234.399155259132,136.585481166839,0.00317071512113873,-0.142125758831901,,,,,,,,,
1767171707,918668945,855_1767171707-918668945.png,1202,-1202,0,0,0.011508118872549,-0.011508118872549,540.49,265.83,346,-80,1696,-224,-81,9,343.955116959251,-126.999260606138,1791.26115468703,-190.891446594423,-23.6275847876402,30.8004220462804,227.720022439957,137.170102596283,0.00317071512113873,-0.127431415313736,,,,,,,,,
1767171707,952016846,856_1767171707-952016846.png,1202,-1202,0,0,0.011508118872549,-0.011508118872549,488.16,260.32,290,17,1515,-288,12,42,337.707608489228,-106.142000527157,1750.84049473019,-205.069670486435,-23.970040103746,30.3924833140722,225.953674554825,179.687269210815,0.00317071512113873,-0.118924006993922,,,,,,,,,
1767171707,985364014,857_1767171707-985364014.png,1202,-1202,0,0,0.011508118872549,-0.011508118872549,459.86,245.44,191,12,1745,-323,-16,60,314.985004358744,-85.5922368129739,1743.7189798443,-224.51986597363,-21.8485938691394,35.0308069291835,189.520151853561,185.429311990738,0.00317071512113873,-0.118924006993922,,,,,,,,,
1767171708,52058838,858_1767171708-52058838.png,1202,-1202,0,0,0.011508118872549,-0.011508118872549,330.99,188.85,86,21,1723,-288,-24,47,250.157135092466,-62.9031594784942,1740.7712634289,-242.807588764476,-31.2430380980482,34.5094993658769,167.474961340427,170.630652189255,0.00317071512113873,-0.118924006993922,,,,,,,,,
1767171708,85406982,859_1767171708-85406982.png,1202,-1202,0,0,0.011508118872549,-0.011508118872549,330.99,188.85,86,21,1723,-288,-24,47,245.04746040191,-60.2915285542369,1740.21810212457,-244.214280710978,-31.0175860125723,34.8982877967094,78.4651846885681,207.040530920029,0.00317071512113873,-0.118924006993922,,,,,,,,,
1767171708,118753906,860_1767171708-118753906.png,1202,-1202,0,0,0.011508118872549,-0.011508118872549,217.43,161.55,182,46,1906,-281,-107,39,220.71422218833,-28.0218865170108,1780.46418803041,-254.165344515305,-43.8772263870811,38.8742091325853,80.3554366827011,202.326734066009,0.00317071512113873,-0.118924006993922,,,,,,,,,
1767171708,185448975,861_1767171708-185448975.png,1201,-1202,0,0,0.0114985447303922,-0.011508118872549,171.33,150.48,233,-56,1830,-249,-89,11,220.485302915212,-28.2404678717839,1794.27670749458,-254.814003718303,-53.7787866201435,34.8044155057218,94.877673625946,191.958587646484,0.00317071512113873,-0.118924006993922,,,,,,,,,
1767171708,218796875,862_1767171708-218796875.png,1202,-1202,50,0,0.011508118872549,-0.011508118872549,103.09,142.67,219,-26,1919,-277,-83,32,219.94523842847,-39.3301516123546,1825.0407905871,-260.490077913049,-58.2619360384999,32.47779878731,94.877673625946,191.958587646484,0.00317071512113873,-0.118924006993922,,,,,,,,,
1767171708,252144043,863_1767171708-252144043.png,1202,-1202,0,0,0.011508118872549,-0.011508118872549,81.54,140.84,271,-51,2068,-298,-137,32,224.463741798337,-38.9458559568576,1857.18276619816,-265.668933029341,-68.0612272174257,32.3829251284056,45.9990611672401,188.159837961197,0.00317071512113873,-0.118924006993922,,,,,,,,,
1767171708,285491943,864_1767171708-285491943.png,1202,-1202,0,0,0.011508118872549,-0.011508118872549,69.78,139.12,261,-52,2163,-286,-139,27,232.241751093614,-41.4856173593523,1912.93646206907,-270.333818468515,-82.0424723092017,31.5756808292682,-20.4669213294983,233.279859542847,0.00317071512113873,-0.118924006993922,,,,,,,,,
1767171708,352186768,865_1767171708-352186768.png,1202,-1202,0,0,0.011508118872549,-0.011508118872549,66.87,135.35,210,-17,1872,-219,-76,19,224.855763973039,-43.3467593100946,1923.99825897968,-264.721351594164,-81.1399230283266,30.5359137263488,22.8493837118148,348.948785543442,0.00317071512113873,-0.0621234357331062,,,,,,,,,
1767171708,385533936,866_1767171708-385533936.png,1202,-1202,0,0,0.011508118872549,-0.011508118872549,66.42,133.98,200,-47,1959,-246,-90,25,221.675596586833,-40.6321414239489,1920.34385936237,-258.474630203186,-81.1096435736836,28.9100246918641,-63.8862200379372,239.069331169128,0.00317071512113873,-0.0689437637451957,,,,,,,,,
1767171708,418881836,867_1767171708-418881836.png,1202,-1202,0,0,0.011508118872549,-0.011508118872549,66.04,132.29,163,-90,1886,-256,-70,15,212.975507810178,-47.0055440727612,1919.34620292856,-257.185750895173,-80.49868129077,26.9455006822757,11.3955268263816,245.333377838135,0.00317071512113873,-0.0920987818998555,,,,,,,,,
1767171708,452228760,868_1767171708-452228760.png,1202,-1202,0,0,0.011508118872549,-0.011508118872549,65.96,131.22,173,-100,1909,-222,-133,-4,205.801332393321,-55.8981148988535,1916.94698998432,-252.008611408581,-87.8975707852676,22.1025260192517,11.6032025814056,244.489402294159,0.00317071512113873,-0.0527973499194609,,,,,,,,,
1767171708,518923828,869_1767171708-518923828.png,1202,-1202,-50,0,0.011508118872549,-0.011508118872549,65.91,129.6,227,-26,1855,-202,-120,-4,198.938376046329,-52.8744140473858,1904.05243780081,-239.622492884971,-96.3641566139494,15.766326208131,-18.4888065159321,227.736702680588,0.00317071512113873,-0.0406948939406825,,,,,,,,,
1767171708,552271729,870_1767171708-552271729.png,1202,-1202,0,0,0.011508118872549,-0.011508118872549,66.02,129.95,326,39,1553,-178,-115,9,203.76632720112,-29.5039372007025,1846.93924942352,-229.421319924288,-93.8172617012247,14.9381981994933,47.376682639122,178.299939632416,0.00317071512113873,-0.105008652018485,,,,,,,,,
