sec,nanosec,image,motor position #0,motor position #1,motor velocity #0,motor velocity #1,wire length #0,wire length #1,loadcell #0,loadcell #1,fx,fy,fz,tx,ty,tz,fx_kalman,fy_kalman,fz_kalman,tx_kalman,ty_kalman,tz_kalman,fx_estimated,fy_estimated,theta_desired,theta_actual,translation(m)(x),translation(m)(y),translation(m)(z),Rotation(rad)(x),Rotation(rad)(y),Rotation(rad)(z),Rotation(deg)(x),Rotation(deg)(y),Rotation(deg)(z),wire length #0_normalized,wire length #1_normalized,loadcell #0_normalized,loadcell #1_normalized,fx_normalized,fy_normalized,fz_normalized,tx_normalized,ty_normalized,tz_normalized
1767329342,356401123,1_1767329342-356401123.png,-385880,407754,0,0,-3.6944699754902,3.90389476102941,587.48,1198.46,341,-98,102,-40,96,-18,179.035594876094,0.317298337189652,125.43450995233,-13.063530497151,80.204550462567,-16.433958001196,-102.084856778383,50.9683892726897,-1.0471975511966,0.980956294121992,,,,,,,,,,0.5,0.5,0.890331532057835,0.0251231151306589,0.970814977973568,0.732097186700767,0.813929668828952,0.0266227938976967,0.86090775988287,0.705607476635514
1767329342,389750244,2_1767329342-389750244.png,-385880,407754,0,0,-3.6944699754902,3.90389476102941,587.48,1198.46,341,-98,102,-40,96,-18,184.077017054706,-2.74299758399842,124.705070307068,-13.901974689017,80.6962111429384,-16.4827037664113,-100.720353037119,53.3875470161437,-1.0471975511966,0.980956294121992,,,,,,,,,,0.5,0.5,0.890331532057835,0.0251231151306589,0.970814977973568,0.732097186700767,0.813929668828952,0.0266227938976967,0.86090775988287,0.705607476635514
1767329342,423100342,3_1767329342-423100342.png,-385880,407754,0,0,-3.6944699754902,3.90389476102941,587.35,1198.34,378,-135,1,-25,75,1,194.845665942754,-9.73247243850961,120.169799843516,-15.0344804049566,80.980436180765,-15.9842827817772,-102.795876741409,51.9813032150267,-1.0471975511966,0.979720063600462,,,,,,,,,,0.5,0.5,0.890141667883745,0.0250214021139356,0.991189427312775,0.70843989769821,0.779446910208262,0.0311097816332635,0.845534407027818,0.794392523364486
1767329342,456449463,4_1767329342-456449463.png,-385880,407754,0,0,-3.6944699754902,3.90389476102941,587.22,1198.06,334,-100,33,-27,111,-7,227.2313670606,-31.4384687584076,99.4030818149004,-17.1942817167173,83.0510707177185,-13.3358447319376,-101.939003199339,51.1787383556365,-1.0471975511966,0.982068965501232,,,,,,,,,,0.5,0.5,0.889951803709654,0.0247840717415811,0.966960352422908,0.730818414322251,0.790372140662342,0.0305115166018546,0.871888726207906,0.757009345794392
1767329342,489799316,5_1767329342-489799316.png,-385880,407754,0,0,-3.6944699754902,3.90389476102941,587.05,1197.86,249,-177,199,-55,58,14,235.583614950756,-52.4356639509154,107.650551239275,-22.215646251531,81.5839990038125,-9.7458252824257,-101.372213333845,52.9667055606841,-1.0471975511966,0.982596216865193,,,,,,,,,,0.5,0.5,0.889703519789689,0.0246145500470422,0.920154185022026,0.681585677749361,0.847046773642882,0.0221358061621298,0.833089311859444,0.855140186915888
1767329342,556498535,6_1767329342-556498535.png,-385880,407754,0,0,-3.6944699754902,3.90389476102941,586.84,1198,37,27,82,7,-66,28,204.302629052852,-42.9069192070516,125.406305133957,-19.9944725739268,52.2129501249802,-3.17808602595936,-99.9992025494576,53.0963826179503,-1.0471975511966,0.982596216865193,,,,,,,,,,0.5,0.5,0.88939681612385,0.0247332152332195,0.8034140969163,0.812020460358056,0.807101399795152,0.0406820221358062,0.742313323572474,0.920560747663551
1767329342,589847412,7_1767329342-589847412.png,-385880,407754,0,0,-3.6944699754902,3.90389476102941,586.65,1197.8,31,18,128,-17,58,0,182.315708252349,-35.9860848511345,141.575650122907,-0.188315125889669,36.4767334240488,-2.11435011276236,-99.9555633664132,52.7011899948119,-1.0471975511966,0.982596216865193,,,,,,,,,,0.5,0.5,0.889119322330948,0.0245636935386807,0.80011013215859,0.806265984654731,0.822806418572892,0.0335028417588992,0.833089311859444,0.789719626168224
1767329342,623197510,8_1767329342-623197510.png,-385880,407754,0,0,-3.6944699754902,3.90389476102941,586.65,1197.8,31,18,128,-17,58,0,177.605745177609,-34.3056746073113,141.153084537794,-0.711607888391037,37.1466823142952,-2.04853730936475,-102.142977416515,51.7153577804564,-1.0471975511966,0.982596216865193,,,,,,,,,,0.5,0.5,0.889119322330948,0.0245636935386807,0.80011013215859,0.806265984654731,0.822806418572892,0.0335028417588992,0.833089311859444,0.789719626168224
1767329342,656546631,9_1767329342-656546631.png,-385880,407754,0,0,-3.6944699754902,3.90389476102941,586.65,1197.8,31,18,128,-17,58,0,168.621072906333,-31.1001430389175,140.34700320868,-1.70983524142934,38.4246692373035,-1.92299355023152,-101.449815750122,51.9012043476104,-1.0471975511966,0.982596216865193,,,,,,,,,,0.5,0.5,0.889119322330948,0.0245636935386807,0.80011013215859,0.806265984654731,0.822806418572892,0.0335028417588992,0.833089311859444,0.789719626168224
1767329342,689896484,10_1767329342-689896484.png,-385880,407754,0,0,-3.6944699754902,3.90389476102941,586.6,1197.79,146,7,190,13,-11,-7,161.655687215479,-24.223486949139,147.280230301153,0.0350264136982239,31.7169238157944,-2.61436127606474,-101.449036478996,51.9024939537047,-1.0471975511966,0.982596216865193,,,,,,,,,,0.5,0.5,0.889046297648605,0.0245552174539537,0.863436123348018,0.79923273657289,0.843974052577672,0.0424768172300329,0.782576866764275,0.757009345794392
1767329342,723245605,11_1767329342-723245605.png,-385880,407754,0,0,-3.6944699754902,3.90389476102941,586.72,1197.94,250,59,179,-14,204,-7,180.906651373021,-25.7514288243421,158.595663091277,1.43597145092928,43.3283341252121,-4.86733647402168,-101.360004752874,49.5743250846862,-1.0471975511966,0.982596216865193,,,,,,,,,,0.5,0.5,0.889221556886228,0.0246823587248578,0.920704845814978,0.832480818414322,0.840218504609082,0.0344002393060126,0.939970717423133,0.757009345794392
1767329342,756595703,12_1767329342-756595703.png,-385880,407754,0,0,-3.6944699754902,3.90389476102941,586.91,1197.55,195,92,69,-20,263,-9,189.648401103713,-5.9362195284066,152.691820899352,-2.17207980046051,80.5716694952278,-5.47181421719824,-101.738340884447,48.174386024475,-1.0471975511966,0.982596216865193,,,,,,,,,,0.5,0.5,0.889499050679129,0.024351791420507,0.890418502202643,0.853580562659847,0.802663024923182,0.0326054442117858,0.983162518301611,0.747663551401869
1767329342,789944580,13_1767329342-789944580.png,-385880,407754,0,0,-3.6944699754902,3.90389476102941,586.94,1197.63,126,10,156,-38,115,-8,184.1862716366,0.964846690874975,148.326400195496,-6.4083344926798,93.8557705403842,-5.89727882819327,-101.746393352747,48.1630661487578,-1.0471975511966,0.982596216865193,,,,,,,,,,0.5,0.5,0.889542865488535,0.0244196000983227,0.852422907488987,0.801150895140665,0.832365995220212,0.0272210589291056,0.874816983894583,0.752336448598131
1767329342,856643555,14_1767329342-856643555.png,-385880,407754,0,0,-3.6944699754902,3.90389476102941,586.93,1197.75,255,-86,178,-36,134,-5,191.497766046506,-11.2803121799778,153.067421401376,-12.3888196629825,100.832848948583,-5.87607816266764,-101.763991892338,49.5293321609496,-1.0471975511966,0.982596216865193,,,,,,,,,,0.5,0.5,0.889528260552066,0.024521313115046,0.923458149779736,0.739769820971867,0.839877091157392,0.0278193239605145,0.888726207906296,0.766355140186916
1767329342,889993652,15_1767329342-889993652.png,-385880,407754,0,0,-3.6944699754902,3.90389476102941,586.97,1197.91,176,-169,145,-31,105,-2,188.420064828235,-50.9162648060396,144.887320340972,-18.6828060543349,108.704729416992,-4.57557475652911,-88.0859653353692,48.3691165447234,-1.0471975511966,0.982596216865193,,,,,,,,,,0.5,0.5,0.889586680297941,0.0246569304706771,0.879955947136564,0.686700767263427,0.828610447251622,0.0293149865390368,0.867496339677892,0.780373831775701
1767329342,923342529,16_1767329342-923342529.png,-385880,407754,0,0,-3.6944699754902,3.90389476102941,586.95,1198.01,186,-188,202,-18,72,-9,188.201039944968,-63.3228535669392,150.056230631897,-18.6210095625221,105.382814655825,-4.97600172491759,-101.680350124836,50.7348272800444,-1.0471975511966,0.98244358941675,,,,,,,,,,0.5,0.5,0.889557470425004,0.0247416913179465,0.885462555066079,0.674552429667519,0.848071013997952,0.0332037092431947,0.843338213762811,0.747663551401869
1767329342,956692627,17_1767329342-956692627.png,-385880,407754,0,0,-3.6944699754902,3.90389476102941,586.79,1198.16,189,-165,350,13,36,-7,188.202718037401,-84.7156897882784,182.014185951777,-13.9642027405392,93.4894822240665,-5.48253943606558,-100.600929737091,51.2085425853728,-1.0471975511966,0.979364366812984,,,,,,,,,,0.5,0.5,0.889323791441507,0.0248688325888508,0.887114537444934,0.68925831202046,0.898600204848071,0.0424768172300329,0.816983894582723,0.757009345794392
1767329342,990041504,18_1767329342-990041504.png,-385880,407754,0,0,-3.6944699754902,3.90389476102941,586.65,1198.4,142,1,371,44,11,-10,181.445948116048,-72.1804706680394,209.651816770157,-5.48741180206185,81.4260695939189,-6.14318112460391,-100.739120483398,51.9473435878752,-1.0471975511966,0.980857633679695,,,,,,,,,,0.5,0.5,0.889119322330948,0.0250722586222972,0.861233480176212,0.79539641943734,0.905769887333561,0.0517499252168711,0.798682284040996,0.742990654205607
1767329343,23391602,19_1767329343-23391602.png,-385880,407754,0,0,-3.6944699754902,3.90389476102941,586.55,1198.15,194,27,329,38,43,-18,183.281875606113,-57.6761373850292,227.105513194742,0.872266773207083,75.8065709527822,-7.87714398530296,-103.425787568092,49.2222626209258,-1.0471975511966,0.9743873873396,,,,,,,,,,0.5,0.5,0.888973272966262,0.0248603565041238,0.889867841409692,0.812020460358056,0.891430522362581,0.0499551301226443,0.822108345534407,0.705607476635514
1767329343,90090576,20_1767329343-90090576.png,-385880,407754,0,0,-3.6944699754902,3.90389476102941,586.34,1198.02,122,-97,274,28,87,-5,169.451749659588,-58.8840541073961,236.655860923805,6.27055777482829,76.0473069014329,-7.89910516583757,-102.58073297143,50.2635478973387,-1.0471975511966,0.971841011876806,,,,,,,,,,0.5,0.5,0.888666569300423,0.0247501674026734,0.850220264317181,0.732736572890026,0.872652782519631,0.0469638049655998,0.854319180087848,0.766355140186916
1767329343,123439453,21_1767329343-123439453.png,-385880,407754,0,0,-3.6944699754902,3.90389476102941,586.25,1198.17,33,49,296,6,89,8,150.676913165884,-48.1243674936261,245.723439478152,7.41187037496144,78.177740023161,-5.85351807126419,-100.783538937569,49.5284724235534,-1.0471975511966,0.980139838385664,,,,,,,,,,0.5,0.5,0.888535124872207,0.0248773086735775,0.801211453744493,0.826086956521739,0.880163878456811,0.0403828896201017,0.855783308931186,0.827102803738318
1767329343,156789307,22_1767329343-156789307.png,-385880,407754,0,0,-3.6944699754902,3.90389476102941,586.33,1198.14,60,102,133,-6,83,3,137.416155672258,-26.1699056387648,229.238557686547,5.4504939411061,78.882956134864,-4.55876340869985,-102.881596565247,47.3533368110656,-1.0471975511966,0.976606694774664,,,,,,,,,,0.5,0.5,0.888651964363955,0.0248518804193968,0.816079295154185,0.85997442455243,0.824513485831342,0.0367932994316482,0.851390922401171,0.803738317757009
1767329343,190138428,23_1767329343-190138428.png,-385880,407754,0,0,-3.6944699754902,3.90389476102941,586.37,1198.27,95,-31,115,-47,119,-1,132.376549279038,-26.7437854267121,215.665489676382,-0.781325996456222,83.6493973065245,-4.13593473546933,-104.272595524788,47.2771067619323,-1.0471975511966,0.973979567461247,,,,,,,,,,0.5,0.5,0.888710384109829,0.0249620695208469,0.835352422907489,0.774936061381074,0.818368043700922,0.0245288662877655,0.877745241581259,0.785046728971963
1767329343,223488281,24_1767329343-223488281.png,-385880,407754,0,0,-3.6944699754902,3.90389476102941,586.46,1197.82,248,-257,294,-9,64,-16,141.730702848287,-48.9033577343193,215.582253921421,-4.36263825550019,84.9384879290841,-4.5213547169987,-103.175836354494,45.7328751087188,-1.0471975511966,0.97809714096746,,,,,,,,,,0.5,0.5,0.888841828538046,0.0245806457081345,0.919603524229075,0.630434782608696,0.879481051553431,0.0358959018845348,0.837481698389458,0.714953271028037
1767329343,256837158,25_1767329343-256837158.png,-385880,407754,0,0,-3.6944699754902,3.90389476102941,586.54,1198.21,157,-167,278,13,13,-9,154.518896455454,-79.3502840568566,228.153583087154,-3.81579013343572,78.1944573240133,-6.07606223286813,-104.988875567913,45.7807338237761,-1.0471975511966,0.979948988113303,,,,,,,,,,0.5,0.5,0.888958668029794,0.0249112130124854,0.869493392070484,0.687979539641944,0.874018436326391,0.0424768172300329,0.800146412884334,0.747663551401869
1767329343,290187256,26_1767329343-290187256.png,-385880,407754,0,0,-3.6944699754902,3.90389476102941,586.58,1198.05,144,-82,245,9,24,-8,153.77112371957,-86.804786873389,233.781244792086,-1.27175858739842,67.923318615598,-6.49086327712729,-100.528912097216,46.6770100593566,-1.0471975511966,0.981378295521165,,,,,,,,,,0.5,0.5,0.889017087775668,0.0247755956568542,0.862334801762115,0.7423273657289,0.862751792420621,0.0412802871672151,0.808199121522694,0.752336448598131
1767329343,323536133,27_1767329343-323536133.png,-385880,407754,0,0,-3.6944699754902,3.90389476102941,586.6,1198.15,62,-150,190,15,27,7,144.920871226874,-92.2563794043814,230.444191145309,0.773424513975362,61.7714034082431,-5.35400630469949,-102.24441254139,46.1035652160643,-1.0471975511966,0.97599127707077,,,,,,,,,,0.5,0.5,0.889046297648605,0.0248603565041238,0.817180616740088,0.698849104859335,0.843974052577672,0.0430750822614418,0.810395314787701,0.822429906542056
1767329343,356885986,28_1767329343-356885986.png,-385880,407754,0,0,-3.6944699754902,3.90389476102941,586.64,1197.93,90,-88,178,14,78,3,135.328475798756,-95.0896810166489,223.443514012591,2.76344118649911,61.3020598370958,-3.90934874832304,-102.24441254139,46.1035652160643,-1.0471975511966,0.977951387914186,,,,,,,,,,0.5,0.5,0.889104717394479,0.024673882640131,0.832599118942731,0.73849104859335,0.839877091157392,0.0427759497457374,0.847730600292826,0.803738317757009
1767329343,423584961,29_1767329343-423584961.png,-385880,407754,0,0,-3.6944699754902,3.90389476102941,586.83,1197.83,23,-1,51,-77,157,3,115.174232473491,-73.971124121775,209.758522549021,-6.48099228659182,74.8696208266724,-1.9706413360421,-103.659309148789,47.788077354431,-1.0471975511966,0.973699966297527,,,,,,,,,,0.5,0.5,0.889382211187381,0.0245891217928614,0.795704845814978,0.794117647058824,0.796517582792762,0.0155548908166318,0.905563689604685,0.803738317757009
1767329343,456933838,30_1767329343-456933838.png,-385880,407754,0,0,-3.6944699754902,3.90389476102941,586.78,1197.6,116,-71,22,-28,107,1,104.944468161291,-65.6504288433426,180.545173090937,-15.6648976114609,85.9988784551362,-1.23420153394234,-102.509949177504,48.4311609268187,-1.0471975511966,0.97014038809229,,,,,,,,,,0.5,0.5,0.889309186505039,0.0243941718441417,0.846916299559471,0.749360613810742,0.786616592693752,0.0302123840861502,0.86896046852123,0.794392523364486
1767329343,490283936,31_1767329343-490283936.png,-385880,407754,0,0,-3.6944699754902,3.90389476102941,586.7,1197.78,184,-173,156,19,52,16,117.084143529816,-81.6293277252403,168.66020742385,-11.2408395188064,82.1256455420565,1.40305796783798,-102.528521806002,49.5578467845916,-1.0471975511966,0.970199775255817,,,,,,,,,,0.5,0.5,0.88919234701329,0.0245467413692267,0.884361233480176,0.684143222506394,0.832365995220212,0.0442716123242596,0.828696925329429,0.864485981308411
1767329343,523633545,32_1767329343-523633545.png,-385880,407754,0,0,-3.6944699754902,3.90389476102941,586.73,1197.84,230,-177,376,4,38,11,130.500056951107,-92.9606386869238,193.294946892213,-9.43002401561721,76.8829288966125,2.54330299132261,-102.53365200758,49.5503957271575,-1.0471975511966,0.970199775255817,,,,,,,,,,0.5,0.5,0.889236161822696,0.0245975978775884,0.909691629955947,0.681585677749361,0.907476954592011,0.0397846245886928,0.818448023426062,0.841121495327103
1767329343,556984131,33_1767329343-556984131.png,-385880,407754,0,0,-3.6944699754902,3.90389476102941,586.84,1198.02,197,16,236,10,24,1,135.341610871991,-83.854665173578,234.474698606518,-6.47240855964667,66.6478191988583,2.31054049235019,-103.100701630116,51.8083527088164,-1.0471975511966,0.970199775255817,,,,,,,,,,0.5,0.5,0.88939681612385,0.0247501674026734,0.891519823788546,0.804987212276215,0.859679071355411,0.0415794196829195,0.808199121522694,0.794392523364486
1767329343,590333740,34_1767329343-590333740.png,-385880,407754,0,0,-3.6944699754902,3.90389476102941,586.98,1197.85,268,11,38,-10,80,-9,148.709851923325,-69.5581593796493,222.563413613523,-5.28914513117659,63.8428609476689,1.50603880440667,-100.805033832789,48.6072638034819,-1.0471975511966,0.970199775255817,,,,,,,,,,0.5,0.5,0.889601285234409,0.0246060739623152,0.930616740088106,0.801790281329923,0.792079207920792,0.0355967693688304,0.849194729136164,0.747663551401869
1767329343,657033936,35_1767329343-657033936.png,-385880,407754,0,0,-3.6944699754902,3.90389476102941,586.93,1197.92,293,-152,154,26,86,-30,184.134602517083,-66.0143782598555,177.627704923164,-7.74409262360611,75.1159067740113,-2.59989397161398,-103.037645608187,48.4826018810271,-1.0471975511966,0.970199775255817,,,,,,,,,,0.5,0.5,0.889528260552066,0.0246654065554041,0.944383259911894,0.697570332480818,0.831683168316832,0.0463655399341909,0.853587115666179,0.649532710280374
1767329343,690384521,36_1767329343-690384521.png,-385880,407754,0,0,-3.6944699754902,3.90389476102941,586.93,1197.92,293,-152,154,26,86,-30,197.069267256493,-76.230619740929,174.820417678465,-3.73484326509943,76.409082568393,-5.85539290420262,-102.476050883532,48.1534657478331,-1.0471975511966,0.970199775255817,,,,,,,,,,0.5,0.5,0.889528260552066,0.0246654065554041,0.944383259911894,0.697570332480818,0.831683168316832,0.0463655399341909,0.853587115666179,0.649532710280374
1767329343,723734131,37_1767329343-723734131.png,-385880,407754,0,0,-3.6944699754902,3.90389476102941,586.95,1197.87,211,-295,73,39,133,-28,198.724424558793,-102.223347038358,162.722790730432,1.34262747496796,83.1328401736354,-8.48646829815465,-100.675480008125,48.8018510341643,-1.0471975511966,0.970199775255817,,,,,,,,,,0.5,0.5,0.889557470425004,0.0246230261317691,0.899229074889868,0.60613810741688,0.804028678729942,0.0502542626383488,0.887994143484627,0.658878504672897
1767329343,757084717,38_1767329343-757084717.png,-385880,407754,0,0,-3.6944699754902,3.90389476102941,586.85,1197.9,200,-342,103,-6,112,-26,199.212680076159,-135.999585452054,153.165966942141,1.50310880688415,87.9304239912813,-11.1025360954713,-103.149860650301,45.182499885559,-1.0471975511966,0.970199775255817,,,,,,,,,,0.5,0.5,0.889411421060318,0.0246484543859501,0.893171806167401,0.576086956521739,0.814271082280642,0.0367932994316482,0.872620790629575,0.66822429906542
1767329343,790434326,39_1767329343-790434326.png,-385880,407754,0,0,-3.6944699754902,3.90389476102941,586.92,1198.2,44,-130,490,18,44,28,167.84390497867,-160.891380486095,206.321148557405,0.248576111029386,80.9920543480125,-5.39737030704661,-102.291168808937,48.5483717918395,-1.0471975511966,0.970199775255817,,,,,,,,,,0.5,0.5,0.889513655615598,0.0249027369277585,0.80726872246696,0.711636828644501,0.946398088084671,0.0439724798085552,0.822840409956076,0.920560747663551
1767329343,823784912,40_1767329343-823784912.png,-385880,407754,0,0,-3.6944699754902,3.90389476102941,586.85,1198.22,49,8,377,2,42,20,150.18526461784,-143.884254410219,237.579941217752,1.39651717093653,75.4012612658055,-1.23730764477048,-102.29688346386,48.5426402091979,-1.0471975511966,0.97707253888402,,,,,,,,,,0.5,0.5,0.889411421060318,0.0249196890972122,0.810022026431718,0.799872122762148,0.907818368043701,0.0391863595572839,0.821376281112738,0.883177570093458
1767329343,857134521,41_1767329343-857134521.png,-385880,407754,0,0,-3.6944699754902,3.90389476102941,586.78,1198.21,136,-15,243,-8,68,9,143.03554178943,-120.368852573474,245.753039997114,0.312675278619257,72.7181189155458,1.1259030351852,-101.383123129606,50.2651240825652,-1.0471975511966,0.979556211872726,,,,,,,,,,0.5,0.5,0.889309186505039,0.0249112130124854,0.857929515418502,0.785166240409207,0.862068965517241,0.0361950344002393,0.840409956076135,0.831775700934579
1767329343,890485107,42_1767329343-890485107.png,-385880,407754,0,0,-3.6944699754902,3.90389476102941,586.74,1198.37,112,-1,234,18,88,7,139.155130423305,-103.296131832866,244.281110067735,2.18616207159477,74.4043999807736,2.03979862546734,-101.829905241728,49.1883029937743,-1.0471975511966,0.972855497248693,,,,,,,,,,0.5,0.5,0.889250766759164,0.0250468303681163,0.844713656387665,0.794117647058824,0.858996244452031,0.0439724798085552,0.855051244509517,0.822429906542056
1767329343,923834717,43_1767329343-923834717.png,-385880,407754,0,0,-3.6944699754902,3.90389476102941,586.67,1198.56,59,-20,203,-10,89,3,129.631629263703,-93.3994377109622,239.376362267768,0.738283089837207,76.1385524046313,2.15388338654903,-102.117780983448,47.8312075138091,-1.0471975511966,0.974557990035378,,,,,,,,,,0.5,0.5,0.889148532203885,0.0252078759779283,0.815528634361234,0.781969309462916,0.848412427449642,0.0355967693688304,0.855783308931186,0.803738317757009
1767329343,957185303,44_1767329343-957185303.png,-385880,407754,0,0,-3.6944699754902,3.90389476102941,586.89,1198.87,20,139,97,-40,54,14,111.721885129571,-57.4623512334872,217.588291962678,-5.50472452412209,73.2427591469263,3.90876642359572,-102.123820334673,47.8210339546202,-1.0471975511966,0.965732632071227,,,,,,,,,,0.5,0.5,0.889469840806192,0.0254706346044634,0.794052863436123,0.883631713554987,0.812222601570502,0.0266227938976967,0.830161054172767,0.855140186915888
1767329343,990534912,45_1767329343-990534912.png,-385880,407754,0,0,-3.6944699754902,3.90389476102941,587,1198.63,159,-85,169,-41,24,13,99.5935113326553,-53.4102886505697,192.350108882598,-15.8771085434076,65.6250520686211,6.37213737034915,-101.387344181538,48.3648178577422,-1.0471975511966,0.971525078388296,,,,,,,,,,0.5,0.5,0.889630495107346,0.0252672085710169,0.870594713656388,0.740409207161125,0.836804370092182,0.0263236613819922,0.808199121522694,0.850467289719626
1767329344,23885742,46_1767329344-23885742.png,-385880,407754,0,0,-3.6944699754902,3.90389476102941,586.95,1198.55,274,-44,-91,-75,167,2,125.05304143477,-54.8115212848763,156.822140689024,-24.9052660168243,74.3501253379879,6.38124550113133,-102.744704604149,46.8084065914153,-1.0471975511966,0.971525078388296,,,,,,,,,,0.5,0.5,0.889557470425004,0.0251993998932013,0.933920704845815,0.766624040920716,0.748036872652783,0.0161531558480407,0.912884333821376,0.799065420560748
1767329344,57235352,47_1767329344-57235352.png,-385880,407754,0,0,-3.6944699754902,3.90389476102941,586.98,1198.15,312,51,-31,-76,165,-1,151.350224912063,-41.943154514504,127.708980132612,-32.3500248326448,87.661785586618,5.38408404263923,-102.311949372292,47.1055891513823,-1.0471975511966,0.971525078388296,,,,,,,,,,0.5,0.5,0.889601285234409,0.0248603565041238,0.954845814977974,0.827365728900256,0.768521679754182,0.0158540233323362,0.911420204978038,0.785046728971963
1767329344,90585938,48_1767329344-90585938.png,-385880,407754,0,0,-3.6944699754902,3.90389476102941,586.85,1198.07,150,85,-11,-30,109,-6,155.596175686465,-24.3113231682191,106.875356234837,-33.2680619565777,92.3183186843124,3.85639707586448,-102.540925204754,50.0166599750518,-1.0471975511966,0.971525078388296,,,,,,,,,,0.5,0.5,0.889411421060318,0.0247925478263081,0.865638766519824,0.849104859335038,0.775349948787982,0.0296141190547413,0.870424597364568,0.761682242990654
1767329344,157286133,49_1767329344-157286133.png,-385880,407754,0,0,-3.6944699754902,3.90389476102941,586.68,1197.52,85,27,260,13,69,-9,145.123345252543,-13.9025459380619,126.13608181144,-26.414888256824,89.3515158127462,0.908517594451668,-100.518262058497,50.8868575096129,-1.0471975511966,0.971525078388296,,,,,,,,,,0.5,0.5,0.889163137140353,0.0243263631663263,0.829845814977974,0.812020460358056,0.867872994195971,0.0424768172300329,0.841142020497804,0.747663551401869
1767329344,190635742,50_1767329344-190635742.png,-385880,407754,0,0,-3.6944699754902,3.90389476102941,586.7,1197.35,-10,-90,312,84,-172,-8,115.081041166052,-8.20454549247389,149.333883291787,-13.5791594869569,68.6111497952366,-0.742553418224467,-101.83828240633,49.0378489494323,-1.0471975511966,0.971525078388296,,,,,,,,,,0.5,0.5,0.88919234701329,0.024182269725968,0.777533039647577,0.737212276214834,0.885626493683851,0.0637152258450494,0.664714494875549,0.752336448598131
1767329344,223986328,51_1767329344-223986328.png,-385880,407754,0,0,-3.6944699754902,3.90389476102941,586.62,1197.28,49,-143,221,50,-204,5,100.404751642894,-23.4145452530493,167.545576224789,-1.39268077197862,31.4626288075595,-1.00719606261724,-100.752368092537,51.8904576301574,-1.0471975511966,0.971525078388296,,,,,,,,,,0.5,0.5,0.889075507521542,0.0241229371328796,0.810022026431718,0.703324808184143,0.854557869580061,0.0535447203110978,0.641288433382138,0.813084112149533
1767329344,257335938,52_1767329344-257335938.png,-385880,407754,0,0,-3.6944699754902,3.90389476102941,586.56,1197.11,211,-198,202,17,-127,26,102.81532961184,-44.2735928802075,174.198441728225,4.10068747496812,1.74705671751472,1.15828355552937,-104.168562829495,49.1451728343962,-1.0471975511966,0.971525078388296,,,,,,,,,,0.5,0.5,0.888987877902731,0.0239788436925216,0.899229074889868,0.668158567774936,0.848071013997952,0.0436733472928507,0.697657393850659,0.911214953271028
1767329344,290686523,53_1767329344-290686523.png,-385880,407754,0,0,-3.6944699754902,3.90389476102941,586.63,1197.22,76,-18,80,28,-94,33,110.363034524203,-55.7235982688527,170.787473031109,6.66123694860864,-15.0587568329899,5.22017366258589,-104.176550358534,49.1327066421508,-1.0471975511966,0.971525078388296,,,,,,,,,,0.5,0.5,0.889090112458011,0.0240720806245179,0.82488986784141,0.783248081841432,0.806418572891772,0.0469638049655998,0.721815519765739,0.94392523364486
1767329344,324036133,54_1767329344-324036133.png,-385880,407754,0,0,-3.6944699754902,3.90389476102941,586.61,1197.31,203,65,286,100,-91,-13,122.11248355528,-36.0949764009082,182.886161806147,21.4277595908822,-30.294923745849,4.00912422630841,-101.579629331827,50.7067425251006,-1.0471975511966,0.971525078388296,,,,,,,,,,0.5,0.5,0.889060902585074,0.0241483653870603,0.894823788546256,0.836317135549872,0.876749743939911,0.0685013460963207,0.724011713030747,0.728971962616822
1767329344,357386719,55_1767329344-357386719.png,-385880,407754,0,0,-3.6944699754902,3.90389476102941,587.05,1197.72,199,-84,197,12,5,-7,125.339941472889,-35.8723683379718,192.551445989331,27.166356404001,-32.6967654698045,-0.0187813532381224,-101.056673467159,51.0609543323516,-1.0471975511966,0.968438355896395,,,,,,,,,,0.5,0.5,0.889703519789689,0.0244958848608651,0.892621145374449,0.741048593350384,0.846363946739502,0.0421776847143285,0.794289897510981,0.757009345794392
1767329344,390736328,56_1767329344-390736328.png,-385880,407754,0,0,-3.6944699754902,3.90389476102941,587.01,1198.04,109,-100,61,-7,68,3,131.820845186429,-46.8768450667148,181.126262170551,22.4352925729242,-19.5098085977229,-0.49996309567113,-102.825813740492,49.8593280315398,-1.0471975511966,0.977290709759663,,,,,,,,,,0.5,0.5,0.889645100043815,0.0247671195721272,0.843061674008811,0.730818414322251,0.799931717309662,0.0364941669159438,0.840409956076135,0.803738317757009
1767329344,424086914,57_1767329344-424086914.png,-385880,407754,0,0,-3.6944699754902,3.90389476102941,587.07,1198.04,141,-163,87,-17,82,2,131.379602301984,-60.3474070427054,165.911874926604,17.225584337514,-5.44516210495242,-0.0786258220191029,-102.793603867292,49.8987326622008,-1.0471975511966,0.978685262112579,,,,,,,,,,0.5,0.5,0.889732729662626,0.0247671195721272,0.86068281938326,0.690537084398977,0.808808467053602,0.0335028417588992,0.850658857979502,0.799065420560748
1767329344,457436523,58_1767329344-457436523.png,-385880,407754,0,0,-3.6944699754902,3.90389476102941,587.12,1197.89,-82,114,-126,-123,281,31,106.546784534374,-45.1761681794334,126.967350980701,-1.28337948861745,33.3106677160377,3.72618280017605,-103.850815027952,46.610523700714,-1.0471975511966,0.975375247614603,,,,,,,,,,0.5,0.5,0.889805754344969,0.0246399783012231,0.737885462555066,0.867647058823529,0.736087401843633,0.00179479509422675,0.996339677891654,0.934579439252336
1767329344,490787354,59_1767329344-490787354.png,-385880,407754,0,0,-3.6944699754902,3.90389476102941,587.1,1197.77,-39,198,-61,-129,275,24,84.0823330997167,-11.9176313792959,97.6958123178042,-19.7963207289217,68.8203281026708,6.88306208120263,-99.0573235154152,51.2619895935057,-1.0471975511966,0.975375247614603,,,,,,,,,,0.5,0.5,0.889776544472031,0.0245382652844998,0.761563876651982,0.921355498721228,0.758279276203482,0,0.99194729136164,0.901869158878505
1767329344,557487061,60_1767329344-557487061.png,-385880,407754,0,0,-3.6944699754902,3.90389476102941,587.08,1197.87,-109,321,-118,-93,198,21,55.8456198488493,36.7688514412753,66.1520625399034,-30.5017605654001,87.711799397055,8.94754888118093,-100.882181674242,47.4234054088591,-1.0471975511966,0.975375247614603,,,,,,,,,,0.5,0.5,0.889747334599094,0.0246230261317691,0.723017621145374,1,0.738818709457153,0.0107687705653605,0.935578330893119,0.88785046728972
1767329344,590836670,61_1767329344-590836670.png,-385880,407754,0,0,-3.6944699754902,3.90389476102941,587.05,1198.08,2,-77,-307,77,145,-22,52.632868138372,44.028775231602,56.499170795984,-17.166202180784,75.6502286103509,4.93768426789471,-102.089142769575,46.5122270584105,-1.0471975511966,0.975375247614603,,,,,,,,,,0.5,0.5,0.889703519789689,0.0248010239110349,0.784140969162996,0.745524296675192,0.674291567087743,0.0616212982351182,0.896778916544656,0.686915887850467
1767329344,624187012,62_1767329344-624187012.png,-385880,407754,0,0,-3.6944699754902,3.90389476102941,587.12,1197.83,116,3,-200,88,233,-38,52.2146676752698,31.2320727720084,9.89783837248582,-2.72103424847666,91.1851094068999,0.0177147297610198,-101.577551275492,50.1467669010161,-1.0471975511966,0.975375247614603,,,,,,,,,,0.5,0.5,0.889805754344969,0.0245891217928614,0.846916299559471,0.796675191815857,0.710822806418573,0.0649117559078672,0.961200585651537,0.61214953271028
1767329344,657536621,63_1767329344-657536621.png,-385880,407754,0,0,-3.6944699754902,3.90389476102941,587.19,1197.91,137,-75,-259,99,203,-37,65.138405516043,19.2938134065967,-31.7156968807865,13.952600792994,112.977954498282,-6.46187096642845,-101.691000163555,50.1586599349974,-1.0471975511966,0.975375247614603,,,,,,,,,,0.5,0.5,0.889907988900248,0.0246569304706771,0.858480176211454,0.746803069053709,0.690679412768863,0.0682022135806162,0.939238653001464,0.616822429906542
1767329344,690886963,64_1767329344-690886963.png,-385880,407754,0,0,-3.6944699754902,3.90389476102941,587.2,1197.95,145,-92,221,45,80,2,76.37160622578,3.96555047584745,-21.5123804200779,21.502886692293,115.010984693132,-7.39817746449108,-101.691000163555,50.1586599349974,-1.0471975511966,0.975375247614603,,,,,,,,,,0.5,0.5,0.889922593836717,0.0246908348095848,0.862885462555066,0.735933503836317,0.854557869580061,0.0520490577325755,0.849194729136164,0.799065420560748
1767329344,724236572,65_1767329344-724236572.png,-385880,407754,0,0,-3.6944699754902,3.90389476102941,587.09,1197.98,36,-94,169,54,-11,13,76.5430418541407,-10.2496344542808,9.24687955069846,25.7536810142742,101.655075274926,-5.02822983475885,-103.90828627348,48.7628762722014,-1.0471975511966,0.975375247614603,,,,,,,,,,0.5,0.5,0.889761939535563,0.0247162630637657,0.802863436123348,0.734654731457801,0.836804370092182,0.0547412503739156,0.782576866764275,0.850467289719626
1767329344,757586914,66_1767329344-757586914.png,-385880,407754,0,0,-3.6944699754902,3.90389476102941,587.12,1198.13,167,-187,228,112,-139,-13,85.101085624928,-35.7727251577605,43.8648478183019,37.5262872139074,66.9783050776348,-5.00180138497042,-130.225570976734,14.1660404205321,-1.0471975511966,0.975375247614603,,,,,,,,,,0.5,0.5,0.889805754344969,0.0248434043346698,0.875,0.675191815856778,0.856947763741892,0.0720909362847742,0.68887262079063,0.728971962616822
1767329344,790936523,67_1767329344-790936523.png,-385880,407754,0,0,-3.6944699754902,3.90389476102941,62.86,1198.55,290,21,119,73,-24,-13,103.313389455896,-57.0445492770206,65.0413806302196,45.7291802181376,31.277740481474,-7.76540347100975,-130.467599600554,19.7742507457732,-1.0471975511966,0.975375247614603,,,,,,,,,,0.5,0.5,0.124127355046006,0.0251993998932013,0.94273127753304,0.808184143222506,0.819733697507682,0.0604247681723003,0.773060029282577,0.728971962616822
1767329344,824286865,68_1767329344-824286865.png,-385880,407754,0,0,-3.6944699754902,3.90389476102941,62.85,1198.35,289,56,190,124,-132,-37,144.920923355528,-35.4423345290076,85.5374275401711,57.8839663640212,6.09076196375925,-11.7869096619923,-130.160307019949,18.5912520885466,-1.0471975511966,0.975375247614603,,,,,,,,,,0.5,0.5,0.124112750109537,0.0250298781986625,0.942180616740088,0.830562659846547,0.843974052577672,0.0756805264732277,0.693997071742313,0.616822429906542
1767329344,890986816,69_1767329344-890986816.png,-385880,407754,0,0,-3.6944699754902,3.90389476102941,62.88,1198.33,394,-48,493,179,-261,-52,185.175560873837,-34.8487379205261,147.901560241151,77.3532101847322,-36.6387996692482,-18.3377757801924,-130.495458543301,22.4117817878722,-1.0471975511966,0.969037672123308,,,,,,,,,,0.5,0.5,0.124156564918943,0.0250129260292086,1,0.764066496163683,0.947422328439741,0.0921328148369728,0.599560761346999,0.546728971962617
1767329344,924336426,70_1767329344-924336426.png,-385880,407754,0,0,-3.6944699754902,3.90389476102941,62.79,1198.06,173,63,164,44,55,1,218.352182367183,-49.819063358899,199.14154751634,86.7500325963887,-53.5324438551629,-23.4972763954593,-130.495458543301,22.4117817878722,-1.0471975511966,0.967918880871234,,,,,,,,,,0.5,0.5,0.124025120490726,0.0247840717415811,0.878303964757709,0.835038363171356,0.835097302833732,0.0517499252168711,0.830893118594436,0.794392523364486
1767329344,957686768,71_1767329344-957686768.png,-385880,407754,0,0,-3.6944699754902,3.90389476102941,62.83,1197.92,106,-42,206,48,28,-1,209.634305480083,-36.5885039224033,195.309706012772,80.6226966205264,-38.5008826109642,-19.9770033849673,-129.803335905075,19.4289228916167,-1.0471975511966,0.977717339577627,,,,,,,,,,0.5,0.5,0.1240835402366,0.0246654065554041,0.841409691629956,0.767902813299233,0.849436667804712,0.0529464552796889,0.811127379209371,0.785046728971963
1767329344,991036133,72_1767329344-991036133.png,-385880,407754,0,0,-3.6944699754902,3.90389476102941,62.87,1197.87,81,-79,326,2,-7,-22,190.192470106736,-39.7912295299984,204.511315707546,72.1658645750079,-29.1533915192572,-17.9844398560122,-129.990685671568,19.5646181106566,-1.0471975511966,0.977071561776081,,,,,,,,,,0.5,0.5,0.124141959982474,0.0246230261317691,0.827643171806167,0.744245524296675,0.890406282007511,0.0391863595572839,0.785505124450952,0.686915887850467
1767329345,24386719,73_1767329345-24386719.png,-385880,407754,0,0,-3.6944699754902,3.90389476102941,586.93,1197.87,125,30,189,-3,0,-16,175.304370583305,-36.702246972545,213.107557775744,59.5875249210854,-24.6913932573895,-18.1353726599272,-101.044075250626,50.9139392375945,-1.0471975511966,0.974388651076471,,,,,,,,,,0.5,0.5,0.889528260552066,0.0246230261317691,0.851872246696035,0.813938618925831,0.843632639125982,0.0376906969787616,0.790629575402635,0.714953271028037
1767329345,57736084,74_1767329345-57736084.png,-385880,407754,0,0,-3.6944699754902,3.90389476102941,587.03,1198.26,28,-23,97,13,23,2,151.130274116678,-31.2083960002891,194.866415508982,49.4997621772301,-16.4250083546418,-15.0790115364211,-101.845555603504,53.1696035861968,-1.0471975511966,0.96843231968362,,,,,,,,,,0.5,0.5,0.889674309916752,0.0249535934361199,0.798458149779736,0.780051150895141,0.812222601570502,0.0424768172300329,0.807467057101025,0.799065420560748
1767329345,91086670,75_1767329345-91086670.png,-385880,407754,0,0,-3.6944699754902,3.90389476102941,587.03,1198.26,17,-80,72,8,46,-6,135.193804244543,-37.0054908938559,180.268242635997,44.5690355833004,-9.0080827465863,-14.0003035805044,-101.981928050518,52.9510869979857,-1.0471975511966,0.96843231968362,,,,,,,,,,0.5,0.5,0.889674309916752,0.0249535934361199,0.792400881057269,0.743606138107417,0.803687265278252,0.0409811546515106,0.824304538799414,0.761682242990654
1767329345,124436035,76_1767329345-124436035.png,-385880,407754,0,0,-3.6944699754902,3.90389476102941,586.93,1199.36,-61,41,60,-46,144,-2,111.883357210619,-27.7373956507968,165.97876743761,33.8082232579189,9.17132318501501,-12.5745070723961,-102.142392963171,52.690729856491,-1.0471975511966,0.96843231968362,,,,,,,,,,0.5,0.5,0.889528260552066,0.0258859627560836,0.749449339207049,0.820971867007673,0.799590303857972,0.0248279988034699,0.896046852122987,0.780373831775701
1767329345,157786621,77_1767329345-157786621.png,-385880,407754,0,0,-3.6944699754902,3.90389476102941,587,1201.74,-64,116,0,-73,60,-7,81.5675303690403,-4.89030060078784,138.88937526941,16.0675139505822,20.1876333340823,-11.4782666235399,-101.824645161629,46.8436558246611,-1.0471975511966,0.96843231968362,,,,,,,,,,0.5,0.5,0.889630495107346,0.0279032709210961,0.747797356828194,0.868925831202046,0.779105496756572,0.0167514208794496,0.834553440702782,0.757009345794392
1767329345,191135986,78_1767329345-191135986.png,-385880,407754,0,0,-3.6944699754902,3.90389476102941,587.12,1202.51,-106,92,210,0,-16,-22,60.5837574526395,11.2360706974028,125.114552341754,5.88994466261076,26.5221126306654,-9.67864629029318,-102.254023551941,54.5630946159362,-1.0471975511966,0.96843231968362,,,,,,,,,,0.5,0.5,0.889805754344969,0.0285559294450707,0.724669603524229,0.853580562659847,0.850802321611472,0.038588094525875,0.77891654465593,0.686915887850467
1767329345,224486572,79_1767329345-224486572.png,-385880,407754,0,0,-3.6944699754902,3.90389476102941,587.15,1203.57,-42,106,393,8,-96,-16,38.2143549995139,23.4829095236875,143.224546779546,5.27760222487835,17.8134628341688,-11.2937831988898,-103.39046061039,47.5536556243895,-1.0471975511966,0.96843231968362,,,,,,,,,,0.5,0.5,0.889849569154374,0.0294543944261266,0.759911894273128,0.862531969309463,0.913280983270741,0.0409811546515106,0.720351390922401,0.714953271028037
1767329345,257835938,80_1767329345-257835938.png,-385880,407754,0,0,-3.6944699754902,3.90389476102941,587.04,1204.47,116,183,647,-29,-85,-16,36.5862570241155,46.8366234925604,215.80891690477,2.46953468450456,-3.79025750132085,-12.2282686337162,-103.526118725538,47.3785557746886,-1.0471975511966,0.96843231968362,,,,,,,,,,0.5,0.5,0.88968891485322,0.0302172420515515,0.846916299559471,0.911764705882353,1,0.0299132515704457,0.728404099560761,0.714953271028037
1767329345,291186523,81_1767329345-291186523.png,-385880,407754,0,0,-3.6944699754902,3.90389476102941,586.91,1205.41,334,139,560,-62,-8,-15,82.190982672061,63.9332649070703,277.602823340617,-7.79490131169538,-6.56402243607098,-12.7338443214905,-103.526118725538,47.3785557746886,-1.0471975511966,0.96843231968362,,,,,,,,,,0.5,0.5,0.889499050679129,0.0310139940158843,0.966960352422908,0.883631713554987,0.97029702970297,0.0200418785521986,0.784773060029283,0.719626168224299
1767329345,357886230,82_1767329345-357886230.png,-385880,407754,0,0,-3.6944699754902,3.90389476102941,586.83,1206.27,136,85,95,48,-2,-16,110.721848208256,62.2133443136719,241.481747949601,-0.148026577998677,6.01098222159294,-14.2060621444272,-103.509818971157,51.0957736968993,-1.0471975511966,0.96843231968362,,,,,,,,,,0.5,0.5,0.889382211187381,0.0317429373024013,0.857929515418502,0.849104859335038,0.811539774667122,0.0529464552796889,0.789165446559297,0.714953271028037
1767329345,391235840,83_1767329345-391235840.png,-385880,407754,0,0,-3.6944699754902,3.90389476102941,586.78,1206.3,235,-102,121,129,-43,-49,120.485745250291,54.0854890640908,221.653388647203,11.8572802151332,2.32677355098084,-16.4908022042296,-102.075570464134,48.5747370719909,-1.0471975511966,0.96843231968362,,,,,,,,,,0.5,0.5,0.889309186505039,0.031768365556582,0.912444933920705,0.729539641943734,0.820416524411062,0.0771761890517499,0.759150805270864,0.560747663551402
1767329345,424586182,84_1767329345-424586182.png,-385880,407754,0,0,-3.6944699754902,3.90389476102941,586.78,1206.46,183,-197,114,111,21,-64,135.569507307659,18.5134830014866,203.62529351679,30.4724111431214,0.28579640997034,-23.46648474567,-102.075570464134,48.5747370719909,-1.0471975511966,0.96843231968362,,,,,,,,,,0.5,0.5,0.889309186505039,0.0319039829122133,0.883810572687225,0.668797953964194,0.818026630249232,0.0717918037690697,0.806002928257687,0.490654205607477
1767329345,457935791,85_1767329345-457935791.png,-385880,407754,0,0,-3.6944699754902,3.90389476102941,586.79,1206.6,197,-181,1,65,81,-45,145.429667504326,-16.829794721582,174.710650767511,38.9234943573538,10.99435532618,-28.2138920487222,-102.796201437712,50.4072673320769,-1.0471975511966,0.982690229277515,,,,,,,,,,0.5,0.5,0.889323791441507,0.0320226480983904,0.891519823788546,0.679028132992327,0.779446910208262,0.0580317080466647,0.849926793557833,0.579439252336449
1767329345,491286133,86_1767329345-491286133.png,-385880,407754,0,0,-3.6944699754902,3.90389476102941,586.7,1206.58,111,5,-97,9,111,-33,103.313389455896,-11.2596673058584,145.057149476254,32.0208081354235,24.811584304078,-28.4778437044456,-101.466699957848,50.7034468650817,-1.0471975511966,0.969622160416229,,,,,,,,,,0.5,0.5,0.88919234701329,0.0320056959289364,0.844162995594714,0.797953964194373,0.745988391942643,0.0412802871672151,0.871888726207906,0.635514018691589
1767329345,524635498,87_1767329345-524635498.png,-385880,407754,0,0,-3.6944699754902,3.90389476102941,586.94,1206.58,132,-77,-141,10,101,-36,144.920923355528,-15.8710335760379,99.2435096539387,28.1329357517289,38.8013297107233,-29.5308582266748,-102.65872502327,49.1338529586791,-1.0471975511966,0.985716557464423,,,,,,,,,,0.5,0.5,0.889542865488535,0.0320056959289364,0.855726872246696,0.745524296675192,0.730966200068283,0.0415794196829195,0.864568081991215,0.621495327102804
1767329345,557985352,88_1767329345-557985352.png,-385880,407754,0,0,-3.6944699754902,3.90389476102941,587.28,1206.59,32,-59,-10,32,66,-43,185.175560873837,-23.1815782775138,79.6744112122849,28.0950362270086,43.7389089758599,-31.3086109312091,-102.65872502327,49.1338529586791,-1.0471975511966,0.97386219022446,,,,,,,,,,0.5,0.5,0.890039433328465,0.0320141720136634,0.800660792951542,0.757033248081841,0.775691362239672,0.0481603350284176,0.838945827232796,0.588785046728972
1767329345,624684326,89_1767329345-624684326.png,-385880,407754,0,0,-3.6944699754902,3.90389476102941,587.5,1206.56,94,23,-24,-6,27,-44,218.352182367183,-18.677033397432,64.8968742579611,24.1511972096625,42.3606901836921,-33.1371944045574,-100.195254176855,51.5299410820006,-1.0471975511966,0.981772014631614,,,,,,,,,,0.5,0.5,0.890360741930773,0.0319887437594827,0.834801762114537,0.809462915601023,0.770911573916012,0.0367932994316482,0.810395314787701,0.58411214953271
1767329345,658033447,90_1767329345-658033447.png,-385880,407754,0,0,-3.6944699754902,3.90389476102941,587.5,1206.51,-27,104,-76,10,-25,-47,209.634305480083,0.371034795192415,41.9294501626645,21.280441264803,32.1015340246187,-35.4531922229053,-102.375979483128,53.6596539020537,-1.0471975511966,0.982087521096445,,,,,,,,,,0.5,0.5,0.890360741930773,0.031946363335848,0.768171806167401,0.861253196930946,0.753158074428133,0.0415794196829195,0.772327964860908,0.570093457943925
1767329345,691383301,91_1767329345-691383301.png,-385880,407754,0,0,-3.6944699754902,3.90389476102941,587.43,1206.36,-23,-89,-55,11,12,-37,190.192470106736,-8.04724471331657,14.1367769881908,20.842194411699,27.6238692520173,-36.5012297634481,-102.408903688192,53.646327972412,-1.0471975511966,0.983366763512884,,,,,,,,,,0.5,0.5,0.890258507375493,0.0318192220649437,0.770374449339207,0.737851662404092,0.760327756913622,0.041878552198624,0.799414348462665,0.616822429906542
1767329345,724732422,92_1767329345-724732422.png,-385880,407754,0,0,-3.6944699754902,3.90389476102941,587.32,1206.39,98,-4,-98,34,43,-25,175.304370583305,-14.6767338514922,1.39085121312915,20.8123993723529,27.2388281990617,-35.838755812753,-102.408903688192,53.646327972412,-1.0471975511966,0.977879205098128,,,,,,,,,,0.5,0.5,0.890097853074339,0.0318446503191246,0.837004405286344,0.792199488491049,0.745646978490953,0.0487586000598265,0.822108345534407,0.672897196261682
1767329345,758082275,93_1767329345-758082275.png,-385880,407754,0,0,-3.6944699754902,3.90389476102941,587.16,1206.39,-52,181,-276,-27,113,5,151.130274116678,-1.77770053175172,-24.0529046588821,19.0026184954144,33.8336917260924,-32.4151388008669,-84.8738097548485,52.6524715423583,-1.0471975511966,0.979845012498419,,,,,,,,,,0.5,0.5,0.889864174090843,0.0318446503191246,0.754405286343612,0.910485933503836,0.684875384090133,0.0305115166018546,0.873352855051244,0.813084112149533
1767329345,791431152,94_1767329345-791431152.png,-385880,407754,0,0,-3.6944699754902,3.90389476102941,587.37,1206.39,-34,157,-10,-45,110,0,135.193804244543,27.6372174608726,-43.5195356260883,9.42353867515889,47.1584980630733,-26.5432513077309,-102.885038346052,52.035896539688,-1.0471975511966,0.977360720929625,,,,,,,,,,0.5,0.5,0.890170877756682,0.0318446503191246,0.76431718061674,0.895140664961637,0.775691362239672,0.0251271313191744,0.871156661786237,0.789719626168224
1767329345,824781250,95_1767329345-824781250.png,-385880,407754,0,0,-3.6944699754902,3.90389476102941,587.56,1206.67,-27,78,40,-79,134,-12,111.883357210619,37.1692109688015,-32.6769089845848,-2.5751136561022,59.200075026676,-24.087278167327,-102.885038346052,52.035896539688,-1.0471975511966,0.977360720929625,,,,,,,,,,0.5,0.5,0.890448371549584,0.032081980691479,0.768171806167401,0.84462915601023,0.792762034824172,0.0149566257852229,0.888726207906296,0.733644859813084
1767329345,858130127,96_1767329345-858130127.png,-385880,407754,0,0,-3.6944699754902,3.90389476102941,587.59,1207.08,109,12,79,13,-29,-43,81.5675303690403,35.2986977623049,-17.4147835717488,-2.82079867174942,50.7723734596471,-26.0028269852156,-85.3862454593182,54.0088505744933,-1.0471975511966,0.977360720929625,,,,,,,,,,0.5,0.5,0.890492186358989,0.0324295001652836,0.843061674008811,0.802429667519182,0.806077159440082,0.0424768172300329,0.769399707174231,0.588785046728972
1767329345,891480225,97_1767329345-891480225.png,-385880,407754,0,0,-3.6944699754902,3.90389476102941,587.53,1207.05,139,-113,254,-72,-1,-47,60.5837574526395,17.0397823868186,17.4774303068327,-12.9376914991269,43.2010869507883,-29.073491939275,-85.4863817989827,53.8873410224913,-1.0471975511966,0.977360720929625,,,,,,,,,,0.5,0.5,0.890404556740178,0.0324040719111028,0.859581497797357,0.722506393861893,0.865824513485831,0.0170505533951541,0.789897510980966,0.570093457943925
1767329345,924829102,98_1767329345-924829102.png,-385880,407754,0,0,-3.6944699754902,3.90389476102941,587.39,1207.61,6,4,234,-32,-84,-46,38.2143549995139,15.1328207803408,49.1420865942074,-15.725398330703,24.5989675348544,-31.5488554113041,-102.413124740124,50.1686902046202,-1.0471975511966,0.977360720929625,,,,,,,,,,0.5,0.5,0.890200087629619,0.0328787326558116,0.786343612334802,0.797314578005115,0.858996244452031,0.0290158540233323,0.729136163982431,0.574766355140187
1767329345,958178955,99_1767329345-958178955.png,-385880,407754,0,0,-3.6944699754902,3.90389476102941,587.78,1208.68,-28,0,265,-33,-14,-30,36.5862570241155,12.9197694141624,80.7095423314556,-18.2516676481914,18.9541839828639,-31.2072328671181,-102.413124740124,50.1686902046202,-1.0471975511966,0.977360720929625,,,,,,,,,,0.5,0.5,0.890769680151891,0.0337856737215946,0.767621145374449,0.794757033248082,0.869580061454421,0.0287167215076279,0.780380673499268,0.649532710280374
1767329345,991528076,100_1767329345-991528076.png,-385880,407754,0,0,-3.6944699754902,3.90389476102941,587.98,1209.02,163,-82,90,13,103,-25,82.190982672061,1.96051940733323,77.3673979381725,-10.1011244617201,31.4283086275834,-30.5150012000489,-99.7526281774045,50.4171543121337,-1.0471975511966,0.977360720929625,,,,,,,,,,0.5,0.5,0.891061778881262,0.0340738606023107,0.872797356828194,0.7423273657289,0.809832707408672,0.0424768172300329,0.866032210834553,0.672897196261682
1767329346,24877930,101_1767329346-24877930.png,-385880,407754,0,0,-3.6944699754902,3.90389476102941,588.18,1209.5,128,-17,118,-37,149,-12,110.721848208256,-4.43527822165027,81.7489170679656,-11.2479600855225,46.0582549511426,-28.5319289124439,-102.133691102266,50.5409564971923,-1.0471975511966,0.977360720929625,,,,,,,,,,0.5,0.5,0.891353877610632,0.0344807126692038,0.85352422907489,0.783887468030691,0.819392284055992,0.0275201914448101,0.899707174231332,0.733644859813084
1767329346,58226807,102_1767329346-58226807.png,-385880,407754,0,0,-3.6944699754902,3.90389476102941,588.21,1209.89,36,-148,-282,16,281,-35,120.485745250291,-22.1712212570182,40.4883553619501,-9.40122958099868,79.5316546332932,-28.4076458816374,-103.033749252558,52.6805562973021,-1.0471975511966,0.977360720929625,,,,,,,,,,0.5,0.5,0.891397692420038,0.0348112799735548,0.802863436123348,0.700127877237852,0.682826903379993,0.0433742147771463,0.996339677891654,0.626168224299065
1767329346,91576904,103_1767329346-91576904.png,-385880,407754,0,0,-3.6944699754902,3.90389476102941,588.19,1209.75,14,-201,-190,15,286,-39,135.569507307659,-46.8697604169411,4.25789895560216,-5.80532071616407,109.588820492992,-29.8469772750095,-89.4993034005165,50.6982884407042,-1.0471975511966,0.977360720929625,,,,,,,,,,0.5,0.5,0.891368482547101,0.0346926147873775,0.790748898678414,0.666240409207161,0.714236940935473,0.0430750822614418,1,0.607476635514019
1767329346,124925781,104_1767329346-124925781.png,-385880,407754,0,0,-3.6944699754902,3.90389476102941,588.26,1210.08,124,-145,364,-14,91,-20,145.429667504326,-61.2205059867843,56.8672412417719,-7.00372559042565,106.870357412989,-28.4069373229407,-85.2102600634099,52.7822918891906,-1.0471975511966,0.977360720929625,,,,,,,,,,0.5,0.5,0.891470717102381,0.0349723255833666,0.851321585903084,0.702046035805627,0.903379993171731,0.0344002393060126,0.857247437774524,0.696261682242991
1767329346,158275635,105_1767329346-158275635.png,-385880,407754,0,0,-3.6944699754902,3.90389476102941,588.29,1210.04,149,-67,229,-4,43,-20,16.3912096813247,-62.0657097533143,82.0402504555493,-6.56445527076705,97.5298396217028,-27.1774914451384,-88.3918292522431,50.7157697677611,-1.0471975511966,0.991013651585139,,,,,,,,,,0.5,0.5,0.891514531911786,0.0349384212444587,0.865088105726872,0.751918158567775,0.857289177193581,0.0373915644630571,0.822108345534407,0.696261682242991
1767329346,191624756,106_1767329346-191624756.png,-385880,407754,0,0,-3.6944699754902,3.90389476102941,588.38,1209.87,102,-76,211,-2,14,-13,28.91079562777,-64.103485823934,100.89955990314,-5.89694099041859,85.3142832244695,-25.1041491868063,-88.3765035867691,50.7429947853087,-1.0471975511966,0.987023818844763,,,,,,,,,,0.5,0.5,0.891645976340003,0.0347943278041006,0.83920704845815,0.74616368286445,0.851143735063162,0.0379898294944661,0.800878477306003,0.728971962616822
1767329346,224974609,107_1767329346-224974609.png,-385880,407754,0,0,-3.6944699754902,3.90389476102941,588.3,1209.28,152,-49,137,-4,9,-23,52.081374912639,-62.0225082555657,102.905077410292,-5.56911823664207,73.0597157176625,-25.0206579949919,-102.758666545153,52.4778015613555,-1.0471975511966,0.981674307801105,,,,,,,,,,0.5,0.5,0.891529136848254,0.0342942388052111,0.866740088105727,0.763427109974425,0.825879139638102,0.0373915644630571,0.797218155197657,0.682242990654206
1767329346,291673340,108_1767329346-291673340.png,-385880,407754,0,0,-3.6944699754902,3.90389476102941,588.4,1209.23,335,-144,-7,-39,145,-25,102.543547712059,-72.1789607757188,79.1777540734082,-9.37687237286648,78.0412416795062,-25.7489179951723,-101.93504190445,48.7498369216918,-1.0471975511966,0.981813681716285,,,,,,,,,,0.5,0.5,0.89167518621294,0.0342518583815764,0.967511013215859,0.702685421994885,0.776715602594742,0.0269219264134011,0.896778916544656,0.672897196261682
1767329346,325022461,109_1767329346-325022461.png,-385880,407754,0,0,-3.6944699754902,3.90389476102941,588.41,1209.23,247,-126,-94,-58,181,-22,129.846583641348,-81.9584704407287,51.5617749221691,-17.2748331290628,94.8775275308232,-25.1807671057766,-101.934002876282,48.750839948654,-1.0471975511966,0.980544203976917,,,,,,,,,,0.5,0.5,0.891689791149408,0.0342518583815764,0.919052863436123,0.714194373401535,0.747012632297712,0.0212384086150165,0.923133235724744,0.686915887850467
1767329346,358372314,110_1767329346-358372314.png,-385880,407754,0,0,-3.6944699754902,3.90389476102941,588.29,1209.07,30,-160,-109,-13,52,-33,131.861256322073,-104.513483591665,6.66958109413299,-22.0619734262837,101.211492519848,-23.839953620851,-85.5309950709343,55.7581295967101,-1.0471975511966,0.983980646091348,,,,,,,,,,0.5,0.5,0.891514531911786,0.0341162410259453,0.799559471365639,0.692455242966752,0.741891430522363,0.034699371821717,0.828696925329429,0.635514018691589
1767329346,391721191,111_1767329346-391721191.png,-385880,407754,0,0,-3.6944699754902,3.90389476102941,588.41,1209.23,53,-59,55,-4,-49,-24,113.716859141072,-106.39023432602,-1.45562756291087,-19.4480578152041,82.298983317084,-24.844275932274,-102.692038863897,54.0860836505889,-1.0471975511966,0.983680851997397,,,,,,,,,,0.5,0.5,0.891689791149408,0.0342518583815764,0.812224669603524,0.757033248081841,0.797883236599522,0.0373915644630571,0.754758418740849,0.677570093457944
1767329346,425071045,112_1767329346-425071045.png,-385880,407754,0,0,-3.6944699754902,3.90389476102941,588.56,1209.04,40,-15,34,39,22,-36,103.29294089152,-94.2320115772505,4.30546581696606,-12.0799307036608,71.533329309852,-26.1465679157078,-102.692038863897,54.0860836505889,-1.0471975511966,0.987859197128584,,,,,,,,,,0.5,0.5,0.891908865196436,0.0340908127717644,0.805066079295154,0.785166240409207,0.790713554114032,0.0502542626383488,0.806734992679356,0.621495327102804
1767329346,491770020,113_1767329346-491770020.png,-385880,407754,0,0,-3.6944699754902,3.90389476102941,588.55,1208.98,65,-69,-19,30,30,-25,97.0071997948246,-89.0608993816128,2.35094015852111,-5.67922861789218,65.2399916684408,-26.2806047620872,-102.541120022535,51.1797413825988,-1.0471975511966,0.983718986112857,,,,,,,,,,0.5,0.5,0.891894260259968,0.0340399562634029,0.818832599118943,0.750639386189258,0.772618641174462,0.0475620699970087,0.812591508052709,0.672897196261682
1767329346,525118896,114_1767329346-525118896.png,-385880,407754,0,0,-3.6944699754902,3.90389476102941,588.64,1209.19,203,-37,-19,14,42,-13,106.01655906774,-90.3537440037273,-3.18069673940913,-1.6229072876399,57.5665027781795,-25.340429049397,-87.7120450735093,53.7373168468474,-1.0471975511966,0.983204276651971,,,,,,,,,,0.5,0.5,0.892025704688185,0.0342179540426687,0.894823788546256,0.771099744245524,0.772618641174462,0.0427759497457374,0.821376281112738,0.728971962616822
1767329346,558469238,115_1767329346-558469238.png,-385880,407754,0,0,-3.6944699754902,3.90389476102941,588.68,1209.44,250,-109,-128,-18,144,-2,121.662550979595,-84.7923194790693,-8.88695404103683,-0.334240109455496,58.4649553426595,-23.1933481318344,-87.7362024784089,53.6994884014128,-1.0471975511966,0.981113742926515,,,,,,,,,,0.5,0.5,0.892084124434058,0.0344298561608422,0.920704845814978,0.725063938618926,0.735404574940253,0.0332037092431947,0.896046852122987,0.780373831775701
1767329346,591818359,116_1767329346-591818359.png,-385880,407754,0,0,-3.6944699754902,3.90389476102941,588.63,1209.88,224,-25,-35,-60,185,2,147.258122367746,-80.2226580570195,-24.4602821844348,-9.27287780939886,82.4542518531739,-17.9811668063203,-102.69645473361,53.8446407318114,-1.0471975511966,0.97979401673807,,,,,,,,,,0.5,0.5,0.892011099751716,0.0348028038888278,0.906387665198238,0.778772378516624,0.767156025947422,0.0206401435836075,0.92606149341142,0.799065420560748
1767329346,625168457,117_1767329346-625168457.png,-385880,407754,0,0,-3.6944699754902,3.90389476102941,588.56,1210.12,216,30,62,-51,156,-23,157.530487839504,-65.612060279263,-14.476732899764,-15.6219845334594,94.0051417379099,-18.0294187042018,-102.69645473361,53.8446407318114,-1.0471975511966,0.984642395415622,,,,,,,,,,0.5,0.5,0.891908865196436,0.0350062299222743,0.901982378854626,0.813938618925831,0.800273130761352,0.0233323362249477,0.904831625183016,0.682242990654206
1767329346,658517578,118_1767329346-658517578.png,-385880,407754,0,0,-3.6944699754902,3.90389476102941,588.6,1210.65,154,21,96,0,65,-36,158.567992557898,-50.4048925356278,3.71193260685288,-14.2775570938527,91.4108715282866,-20.7895610581475,-102.753731161356,53.7510726451873,-1.0471975511966,0.994628898166055,,,,,,,,,,0.5,0.5,0.89196728494231,0.0354554624128024,0.86784140969163,0.808184143222506,0.811881188118812,0.038588094525875,0.838213762811127,0.621495327102804
1767329346,691867676,119_1767329346-691867676.png,-385880,407754,0,0,-3.6944699754902,3.90389476102941,588.61,1210.86,145,-88,80,-4,56,-41,156.583784530696,-55.9028697563545,14.8684389990284,-12.7745483621907,86.2323209625487,-23.7451725836232,-103.790356576443,53.478106021881,-1.0471975511966,0.988981665473394,,,,,,,,,,0.5,0.5,0.891981889878779,0.0356334601920679,0.862885462555066,0.73849104859335,0.806418572891772,0.0373915644630571,0.831625183016105,0.598130841121495
1767329346,725217041,120_1767329346-725217041.png,-385880,407754,0,0,-3.6944699754902,3.90389476102941,588.68,1211.94,89,-22,197,-8,-49,-21,146.596061483673,-48.4845815825022,57.6226320655678,-13.6111276874074,64.3221050603795,-22.7882416436171,-102.834190905094,54.4190886020659,-1.0471975511966,0.988981665473394,,,,,,,,,,0.5,0.5,0.892084124434058,0.0365488773425781,0.83204845814978,0.780690537084399,0.846363946739502,0.0361950344002393,0.754758418740849,0.691588785046729
1767329346,791916260,121_1767329346-791916260.png,-385880,407754,0,0,-3.6944699754902,3.90389476102941,588.71,1212.09,119,-13,134,2,-22,-30,139.546809485003,-41.9095195412552,76.0847305997682,-11.0345412135062,45.7689390713872,-23.7493376006841,-104.444684565067,53.9890766143798,-1.0471975511966,0.988981665473394,,,,,,,,,,0.5,0.5,0.892127939243464,0.0366760186134821,0.848568281938326,0.786445012787724,0.824854899283032,0.0391863595572839,0.774524158125915,0.649532710280374
1767329346,825266357,122_1767329346-825266357.png,-385880,407754,0,0,-3.6944699754902,3.90389476102941,588.63,1212.64,121,5,-64,-6,34,-31,137.343200549373,-36.3360414446159,59.4407916870116,-10.4363704060771,44.3706317602801,-24.6108132342849,-83.8198455572129,56.9706459045409,-1.0471975511966,0.988981665473394,,,,,,,,,,0.5,0.5,0.892011099751716,0.037142203273464,0.849669603524229,0.797953964194373,0.757255035848413,0.0367932994316482,0.815519765739385,0.644859813084112
1767329346,858615479,123_1767329346-858615479.png,-385880,407754,0,0,-3.6944699754902,3.90389476102941,588.67,1212.74,120,10,-119,-36,91,-22,134.83432766391,-29.6969163526014,34.8538493784241,-13.3519885871302,49.6263737030623,-24.475859254141,-103.592032074928,53.0946631431578,-1.0471975511966,0.988981665473394,,,,,,,,,,0.5,0.5,0.89206951949759,0.0372269641207333,0.849118942731277,0.801150895140665,0.738477296005463,0.0278193239605145,0.857247437774524,0.686915887850467
1767329346,891965820,124_1767329346-891965820.png,-385880,407754,0,0,-3.6944699754902,3.90389476102941,588.64,1212.9,-60,-192,-355,-13,208,-43,111.012246052366,-43.9740801177646,-39.8312914176185,-9.98846388686748,74.4622894159065,-25.852802152885,-102.835749447346,52.079026699066,-1.0471975511966,0.988981665473394,,,,,,,,,,0.5,0.5,0.892025704688185,0.0373625814763646,0.75,0.671994884910486,0.657903721406623,0.034699371821717,0.94289897510981,0.588785046728972
1767329346,925314941,125_1767329346-925314941.png,-385880,407754,0,0,-3.6944699754902,3.90389476102941,588.55,1212.75,95,-308,-140,14,98,-44,90.9576143207488,-76.6644173644777,-81.1214672318404,-8.85422330011477,90.798508410133,-28.8774059167296,-102.620086163282,51.6985929012297,-1.0471975511966,0.988981665473394,,,,,,,,,,0.5,0.5,0.891894260259968,0.0372354402054603,0.835352422907489,0.597826086956522,0.731307613519973,0.0427759497457374,0.862371888726208,0.58411214953271
1767329346,958665039,126_1767329346-958665039.png,-385880,407754,0,0,-3.6944699754902,3.90389476102941,588.5,1212.94,65,-211,-53,-66,116,-21,88.9410936049314,-107.864167925537,-83.4228266447859,-12.1449338553503,93.6721122371674,-29.4092544146206,-102.529236137867,52.4646189212798,-1.0471975511966,0.988981665473394,,,,,,,,,,0.5,0.5,0.891821235577625,0.0373964858152723,0.818832599118943,0.659846547314578,0.761010583817003,0.0188453484893808,0.875549048316252,0.691588785046729
1767329346,992014160,127_1767329346-992014160.png,-385880,407754,0,0,-3.6944699754902,3.90389476102941,588.59,1212.96,63,62,46,-34,125,-17,85.202277583967,-90.5108905089563,-67.2112132593173,-16.2187693120942,98.0067036768795,-27.7042162015347,-102.514754682779,52.4737894535063,-1.0471975511966,0.988981665473394,,,,,,,,,,0.5,0.5,0.891952680005842,0.0374134379847261,0.81773127753304,0.834398976982097,0.794810515534312,0.0284175889919234,0.882137628111274,0.710280373831776
1767329347,25364258,128_1767329347-25364258.png,-385880,407754,0,0,-3.6944699754902,3.90389476102941,588.73,1212.73,34,76,55,-11,77,-41,77.1243440841614,-62.1071025054613,-46.330268125525,-15.9280978117704,95.6519836780359,-27.2920828246016,-103.582291185856,52.1035292148589,-1.0471975511966,0.988981665473394,,,,,,,,,,0.5,0.5,0.892157149116401,0.0372184880360064,0.801762114537445,0.843350383631713,0.797883236599522,0.0352976368531259,0.846998535871157,0.598130841121495
1767329347,58713623,129_1767329347-58713623.png,-385880,407754,0,0,-3.6944699754902,3.90389476102941,588.76,1212.73,139,5,-104,59,27,-24,88.8208003440912,-52.4083522949938,-54.073304516601,-6.92743252762846,90.6772564485321,-28.7675992871494,-104.473582535982,51.3718926906584,-1.0471975511966,0.988981665473394,,,,,,,,,,0.5,0.5,0.892200963925807,0.0372184880360064,0.859581497797357,0.797953964194373,0.743598497780813,0.0562369129524379,0.810395314787701,0.677570093457944
1767329347,125412842,130_1767329347-125412842.png,-385880,407754,0,0,-3.6944699754902,3.90389476102941,588.76,1212.59,92,96,8,65,-19,-29,94.6122198520781,-36.9103429868832,-55.8375890968327,4.83362490274198,76.8536832278502,-28.2501022621603,-104.473582535982,51.3718926906584,-1.0471975511966,0.989337231184683,,,,,,,,,,0.5,0.5,0.892200963925807,0.0370998228498293,0.833700440528634,0.85613810741688,0.781836804370092,0.0580317080466647,0.776720351390922,0.654205607476635
1767329347,158762939,131_1767329347-158762939.png,-385880,407754,0,0,-3.6944699754902,3.90389476102941,588.93,1212.6,36,56,79,23,-58,-13,89.0925764533053,-17.5613881432776,-38.3796341397583,11.4302124084436,56.758937297591,-26.9316373743949,-86.1167472004891,54.1220493316649,-1.0471975511966,0.997177053601765,,,,,,,,,,0.5,0.5,0.892449247845772,0.037108298934556,0.802863436123348,0.830562659846547,0.806077159440082,0.0454681423870775,0.748169838945827,0.728971962616822
1767329347,192112061,132_1767329347-192112061.png,-385880,407754,0,0,-3.6944699754902,3.90389476102941,589.14,1212.68,115,-62,130,-26,42,1,87.9162173293327,-21.0170828450269,-8.88019230869258,6.53475456773791,48.278105689633,-22.7377123400169,-102.144146323204,51.2139875888823,-1.0471975511966,0.98725550459147,,,,,,,,,,0.5,0.5,0.892755951511611,0.0371761076123719,0.84636563876652,0.755115089514067,0.823489245476272,0.0308106491175591,0.821376281112738,0.794392523364486
1767329347,225462402,133_1767329347-225462402.png,-385880,407754,0,0,-3.6944699754902,3.90389476102941,589.14,1212.68,115,-62,130,-26,42,1,91.1341328178157,-25.8864013401511,7.62063135053927,2.66919073898571,47.5321827961192,-19.917354743409,-103.212007522583,52.3774988651274,-1.0471975511966,0.982589456109518,,,,,,,,,,0.5,0.5,0.892755951511611,0.0371761076123719,0.84636563876652,0.755115089514067,0.823489245476272,0.0308106491175591,0.821376281112738,0.794392523364486
1767329347,258811523,134_1767329347-258811523.png,-385880,407754,0,0,-3.6944699754902,3.90389476102941,589.11,1212.51,80,36,276,-83,-16,7,91.760387013049,-17.8835145527072,40.9655603511787,-8.31023673142292,48.8797840196334,-15.8323501731669,-100.987578094006,50.5912511348723,-1.0471975511966,0.982589456109518,,,,,,,,,,0.5,0.5,0.892712136702205,0.0370320141720136,0.827092511013216,0.817774936061381,0.873335609423011,0.013760095722405,0.77891654465593,0.822429906542056
1767329347,292161621,135_1767329347-292161621.png,-385880,407754,0,0,-3.6944699754902,3.90389476102941,589.04,1212.33,123,-20,367,-66,-95,-13,91.3789758798037,-11.7465877475818,78.169958688707,-18.7038498110876,36.932634229725,-13.1158401417103,-100.987578094006,50.5912511348723,-1.0471975511966,0.982589456109518,,,,,,,,,,0.5,0.5,0.892609902146925,0.0368794446469286,0.850770925110132,0.781969309462916,0.904404233526801,0.0188453484893808,0.72108345534407,0.728971962616822
1767329347,358860840,136_1767329347-358860840.png,-385880,407754,0,0,-3.6944699754902,3.90389476102941,589.06,1212.26,71,-159,149,-40,9,-32,90.842019837537,-33.9189229573866,110.845678328634,-25.4727306382207,22.6535049965965,-15.8685434199375,-103.639762431383,52.3133051395415,-1.0471975511966,0.982589456109518,,,,,,,,,,0.5,0.5,0.892639112019863,0.0368201120538402,0.822136563876652,0.69309462915601,0.829976101058382,0.0266227938976967,0.797218155197657,0.64018691588785
1767329347,392209961,137_1767329347-392209961.png,-385880,407754,0,0,-3.6944699754902,3.90389476102941,588.77,1205.69,196,-45,-4,74,22,-35,69.7638332298749,-35.0458372763013,118.994469438429,-12.7566539657442,15.9798040370723,-24.9294121459466,-101.959459066391,54.2335286140441,-1.0471975511966,0.982589456109518,,,,,,,,,,0.5,0.5,0.892215568862275,0.0312513243882387,0.890969162995595,0.765984654731458,0.777739842949812,0.0607239006880048,0.806734992679356,0.626168224299065
1767329347,425560303,138_1767329347-425560303.png,-385880,407754,0,0,-3.6944699754902,3.90389476102941,588.77,1205.69,196,-45,-4,74,22,-35,77.5001643391212,-35.6558740091663,111.456804405281,-7.4398084199545,16.3487492490777,-25.5465839446244,-100.704832553864,57.6131563186644,-1.0471975511966,0.982589456109518,,,,,,,,,,0.5,0.5,0.892215568862275,0.0312513243882387,0.890969162995595,0.765984654731458,0.777739842949812,0.0607239006880048,0.806734992679356,0.626168224299065
1767329347,458909424,139_1767329347-458909424.png,-385880,407754,0,0,-3.6944699754902,3.90389476102941,588.77,1200,134,-195,-82,46,3,-22,88.9119010760073,-59.2069675355147,80.09709791107,2.53956525587974,14.5467840541864,-25.2791467175175,-100.112196862698,55.4493405818938,-1.0471975511966,0.982589456109518,,,,,,,,,,0.5,0.5,0.892215568862275,0.026428432178608,0.856828193832599,0.670076726342711,0.751109593717993,0.05234819024828,0.792825768667643,0.686915887850467
1767329347,492259521,140_1767329347-492259521.png,-385880,407754,0,0,-3.6944699754902,3.90389476102941,586.34,1192.62,187,-237,-76,22,98,-21,103.256483918857,-85.2077455202572,57.2691730447844,5.38549479684481,26.7511348650277,-24.6533564813982,-100.112196862698,55.4493405818938,-1.0471975511966,0.982589456109518,,,,,,,,,,0.5,0.5,0.888666569300423,0.0201730816501241,0.886013215859031,0.643222506393862,0.753158074428133,0.045169009871373,0.862371888726208,0.691588785046729
1767329347,525608643,141_1767329347-525608643.png,-385880,407754,0,0,-3.6944699754902,3.90389476102941,581.58,1182.08,148,-305,-84,46,157,-35,109.799857479432,-117.350566486176,36.609711009008,11.3250342608469,45.7989669324376,-26.1664685380711,-79.824002981186,58.5068533420562,-1.0471975511966,0.982589456109518,,,,,,,,,,0.5,0.5,0.881714619541405,0.0112392883479263,0.864537444933921,0.599744245524297,0.750426766814612,0.05234819024828,0.905563689604685,0.626168224299065
1767329347,558958496,142_1767329347-558958496.png,-385880,407754,0,0,-3.6944699754902,3.90389476102941,577.04,1174.03,156,-99,-49,100,122,-38,115.28905210172,-115.170273842555,26.4381327486787,21.8608057652373,54.8526684603296,-27.5724502887677,-98.7273671329022,56.2960386276244,-1.0471975511966,0.982589456109518,,,,,,,,,,0.5,0.5,0.875083978384694,0.00441604014273733,0.868942731277533,0.731457800511509,0.762376237623762,0.0685013460963207,0.879941434846267,0.61214953271028
1767329347,592307617,143_1767329347-592307617.png,-385880,407754,0,0,-3.6944699754902,3.90389476102941,572.59,1170.58,60,-45,-27,96,91,-38,109.836612012222,-106.389581470525,18.0198164897579,32.8127708501069,60.9892024699744,-29.0973942149071,-98.884714961052,56.1435785293578,-1.0471975511966,0.982589456109518,,,,,,,,,,0.5,0.5,0.8685847816562,0.00149179091194196,0.816079295154185,0.765984654731458,0.769887333560942,0.0673048160335028,0.857247437774524,0.61214953271028
1767329347,625657471,144_1767329347-625657471.png,-385880,407754,0,0,-3.6944699754902,3.90389476102941,563.57,1168.82,95,-2,61,100,19,-25,105.778517251012,-90.683841242075,25.5720094480999,44.703975009409,53.6082674132761,-28.5449304231866,-101.157524138689,55.1525878906249,-1.0471975511966,0.985687780404153,,,,,,,,,,0.5,0.5,0.855411128961589,0,0.835352422907489,0.793478260869565,0.799931717309662,0.0685013460963207,0.804538799414348,0.672897196261682
1767329347,659006592,145_1767329347-659006592.png,-385880,407754,0,0,-3.6944699754902,3.90389476102941,558.39,1170.81,75,-213,-74,144,32,-37,97.3365864246543,-96.6537509014488,23.8672605061074,57.9603512240505,47.9779586749524,-29.225382589838,-101.684765994549,55.9544363021849,-1.0471975511966,0.989264358388392,,,,,,,,,,0.5,0.5,0.847845771870892,0.00168674086066167,0.824339207048458,0.658567774936061,0.753840901331513,0.0816631767873168,0.814055636896047,0.616822429906542
1767329347,692356445,146_1767329347-692356445.png,-385880,407754,0,0,-3.6944699754902,3.90389476102941,551.71,1177.03,199,-189,-235,145,15,-52,104.698917115468,-114.588216177725,-7.61691938525496,72.9199282303986,43.6781400131086,-31.9265208536899,-102.942379713059,54.0428102016448,-1.0471975511966,0.988242372598163,,,,,,,,,,0.5,0.5,0.838089674309917,0.00695886556082015,0.892621145374449,0.673913043478261,0.698873335609423,0.0819623093030213,0.801610541727672,0.546728971962617
1767329347,725705566,147_1767329347-725705566.png,-385880,407754,0,0,-3.6944699754902,3.90389476102941,544.99,1182.14,180,-240,-270,185,58,-59,118.217108023827,-134.906135423995,-52.0309376248565,91.2262289953759,45.0104820394994,-36.4192425958962,-104.86607542634,46.8208727836608,-1.0471975511966,0.99045159814009,,,,,,,,,,0.5,0.5,0.828275157003067,0.0112901448562882,0.88215859030837,0.641304347826087,0.686923864800273,0.0939276099311995,0.833089311859444,0.514018691588785
1767329347,792404297,148_1767329347-792404297.png,-385880,407754,0,0,-3.6944699754902,3.90389476102941,537.82,1185,116,-186,-439,249,109,-52,117.892874094653,-142.378195553734,-108.622000493363,114.299353598986,54.36842608702,-38.6978010325388,-89.2369487881661,46.9065599441527,-1.0471975511966,0.983133432304385,,,,,,,,,,0.5,0.5,0.817803417555134,0.0137143050881937,0.846916299559471,0.675831202046036,0.629224991464664,0.113072090936285,0.870424597364568,0.546728971962617
1767329347,825754395,149_1767329347-825754395.png,-385880,407754,0,0,-3.6944699754902,3.90389476102941,515.89,1198.96,-148,-170,-219,447,-34,-22,86.8196198178466,-161.462369437671,-133.931494119352,160.743719597421,53.5492609688261,-36.9456634324561,-103.451763272286,41.3182668685912,-1.0471975511966,0.989014502819739,,,,,,,,,,0.5,0.5,0.785774791879655,0.025546919367006,0.701541850220264,0.686061381074169,0.704335950836463,0.172300329045767,0.765739385065886,0.686915887850467
1767329347,859103271,150_1767329347-859103271.png,-385880,407754,0,0,-3.6944699754902,3.90389476102941,492.7,1217.29,-155,-237,-210,533,-58,-36,39.3611931636398,-171.118131661637,-149.753720242078,227.801873752327,33.3136048799435,-35.6413792558432,-104.211292862892,36.9718644618987,-1.0471975511966,0.98448018169686,,,,,,,,,,0.5,0.5,0.751905944209143,0.0410835826714925,0.697687224669604,0.643222506393862,0.707408671901673,0.198025725396351,0.748169838945827,0.621495327102804
1767329347,892453369,151_1767329347-892453369.png,-385880,407754,0,0,-3.6944699754902,3.90389476102941,463.99,1232.22,-99,-230,-181,607,-46,-33,17.591005793771,-179.921122897457,-155.118658567254,281.226794856891,21.3854968651835,-35.3373844991774,-114.187067240477,22.443448781967,-1.0471975511966,0.980686385227587,,,,,,,,,,0.5,0.5,0.709975171608003,0.0537383771688181,0.72852422907489,0.64769820971867,0.717309662000683,0.22016153155848,0.756954612005857,0.635514018691589
1767329347,925802246,152_1767329347-925802246.png,-385880,407754,0,0,-3.6944699754902,3.90389476102941,401.21,1272.94,-216,-389,-185,694,-193,-23,-14.1426159994154,-208.259463036953,-165.011183544863,345.413993604289,-9.45507734606248,-32.5501067664799,-120.88061657548,18.3217244148253,-1.0471975511966,0.980828704773296,,,,,,,,,,0.5,0.5,0.618285380458595,0.0882529941769298,0.664096916299559,0.546035805626598,0.715944008193923,0.246186060424768,0.649341142020498,0.682242990654206
1767329347,992501221,153_1767329347-992501221.png,-385880,407754,0,0,-3.6944699754902,3.90389476102941,375.04,1296.05,-243,-486,-303,752,-111,-30,-56.6678348497676,-252.92689616149,-179.659683379678,419.879856422739,-38.4791937401284,-31.2873250362731,-120.175571024418,13.4918630123137,-1.0471975511966,0.980828704773296,,,,,,,,,,0.5,0.5,0.580064261720461,0.107841225980895,0.649229074889868,0.484015345268542,0.675657220894503,0.263535746335627,0.709370424597365,0.649532710280374
1767329348,25851074,154_1767329348-25851074.png,-385880,407754,0,0,-3.6944699754902,3.90389476102941,353.13,1329.83,-154,-375,-236,775,-28,-36,-73.3430012835049,-273.823648750573,-189.736700904258,471.182420677211,-39.2232592785874,-31.8119444897221,-127.370386511087,2.37918400764453,-1.0471975511966,0.980828704773296,,,,,,,,,,0.5,0.5,0.54806484591792,0.136473440188508,0.698237885462555,0.554987212276215,0.698531922157733,0.270415794196829,0.7701317715959,0.621495327102804
1767329348,92550049,155_1767329348-92550049.png,-385880,407754,0,0,-3.6944699754902,3.90389476102941,321,1363.43,-150,-331,-297,829,-44,6,-91.7836421794554,-286.093953747368,-218.502820944729,562.965076749778,-34.6658971392214,-23.7620203812795,-131.135499894619,-4.34224295616162,-1.0471975511966,0.980828704773296,,,,,,,,,,0.5,0.5,0.501139185044545,0.164953084871036,0.700440528634361,0.583120204603581,0.677705701604643,0.28656895004487,0.758418740849195,0.817757009345794
1767329348,125898926,156_1767329348-125898926.png,-385880,407754,0,0,-3.6944699754902,3.90389476102941,285.05,1406.37,-246,-408,-623,1169,-104,-40,-123.42574693992,-300.254095001305,-280.015731319527,678.527633862058,-50.5815580040218,-23.7269868458697,-133.49493804574,-12.1357624530793,-1.0471975511966,0.980828704773296,,,,,,,,,,0.5,0.5,0.448634438440193,0.201349392688529,0.647577092511013,0.533887468030691,0.566404916353704,0.388274005384385,0.714494875549048,0.602803738317757
1767329348,159248779,157_1767329348-159248779.png,-385880,407754,0,0,-3.6944699754902,3.90389476102941,285.05,1406.37,-246,-408,-623,1169,-104,-40,-127.241082522026,-303.607872608796,-290.6917097712,693.794434383769,-52.2442993824093,-24.2335125196146,-142.651828348637,-28.6081876754762,-1.0471975511966,0.980828704773296,,,,,,,,,,0.5,0.5,0.448634438440193,0.201349392688529,0.647577092511013,0.533887468030691,0.566404916353704,0.388274005384385,0.714494875549048,0.602803738317757
1767329348,192597900,158_1767329348-192597900.png,-385880,407754,0,0,-3.6944699754902,3.90389476102941,235.47,1470.97,-231,-438,-203,1296,-302,-58,-147.843872664132,-313.976208852465,-276.521098867337,807.64360933907,-97.7305089803464,-29.3174180296193,-145.486621886492,-36.1288838386537,-1.0471975511966,0.980828704773296,,,,,,,,,,0.5,0.5,0.376223163429239,0.256104900024581,0.655837004405286,0.514705882352941,0.709798566063503,0.426263834878851,0.569546120058565,0.518691588785047
1767329348,225947754,159_1767329348-225947754.png,-385880,407754,0,0,-3.6944699754902,3.90389476102941,210.85,1501.23,-242,-602,-283,1359,-267,-70,-161.000317675861,-346.956285730011,-273.009537060916,884.763475097514,-124.435622252274,-34.5980559422309,-148.021785676479,-46.8856315612794,-1.0471975511966,0.980828704773296,,,,,,,,,,0.5,0.5,0.340265809843727,0.28175353240831,0.649779735682819,0.409846547314578,0.682485489928303,0.445109183368232,0.595168374816984,0.462616822429906
1767329348,259296631,160_1767329348-259296631.png,-385880,407754,0,0,-3.6944699754902,3.90389476102941,191.58,1534.03,-285,-724,-727,1508,-108,-81,-181.286800041047,-408.873557603585,-339.667425579506,988.50941657763,-125.820652307337,-42.3247570637837,-149.948143899441,-46.9284751415254,-1.0471975511966,0.980828704773296,,,,,,,,,,0.5,0.5,0.312122097268877,0.309555090312683,0.626101321585903,0.331841432225064,0.530897917377945,0.489679928208196,0.711566617862372,0.411214953271028
1767329348,325995605,161_1767329348-325995605.png,-385880,407754,0,0,-3.6944699754902,3.90389476102941,170.35,1615.37,-240,-657,-658,1644,-198,-60,-196.117752899515,-442.050628683466,-405.164558033104,1096.65855332415,-128.702689496932,-44.4870756263943,-154.12055632472,-51.0734124183656,-1.0471975511966,0.94868162407146,,,,,,,,,,0.5,0.5,0.281115817146195,0.378499563481636,0.650881057268722,0.374680306905371,0.554455445544555,0.530361950344002,0.645680819912152,0.509345794392523
1767329348,359345459,162_1767329348-359345459.png,-385880,407754,0,0,-3.6944699754902,3.90389476102941,160.74,1641.12,-304,-789,-626,1644,-249,-70,-209.493568879316,-491.143924288216,-445.962581780704,1191.24820118963,-145.294100032523,-48.0730025958296,-156.280566006899,-55.4994838237764,-1.0471975511966,0.951538820661983,,,,,,,,,,0.5,0.5,0.267080473199942,0.400325481653515,0.615638766519824,0.290281329923274,0.565380675998634,0.530361950344002,0.608345534407028,0.462616822429906
1767329348,392694336,163_1767329348-392694336.png,-385880,407754,0,0,-3.6944699754902,3.90389476102941,148.08,1697.98,-436,-637,-768,1807,-212,-86,-237.745321948563,-534.537290206498,-505.88753496722,1311.90448135534,-160.440151604949,-55.6018153362367,-160.300306230784,-58.9852890968324,-1.0471975511966,0.951326602917506,,,,,,,,,,0.5,0.5,0.248590623630787,0.448520499410912,0.54295154185022,0.387468030690537,0.516899965858655,0.579120550403829,0.635431918008785,0.38785046728972
1767329348,426044189,164_1767329348-426044189.png,-385880,407754,0,0,-3.6944699754902,3.90389476102941,140.91,1720.88,-534,-733,-825,1927,-237,-95,-267.306517687406,-552.594550217909,-540.523221580624,1378.0825985591,-168.098265572123,-59.7650873608852,-160.278551578522,-56.3693947792054,-1.0471975511966,0.933210112979504,,,,,,,,,,0.5,0.5,0.238118884182854,0.467930733435611,0.488986784140969,0.326086956521739,0.497439399112325,0.615016452288364,0.617130307467057,0.345794392523364
1767329348,459393066,165_1767329348-459393066.png,-385880,407754,0,0,-3.6944699754902,3.90389476102941,133.04,1755.07,-508,-805,-840,1971,-227,-89,-311.042462191652,-590.287861737223,-591.04306630721,1476.92676138225,-179.100586759686,-65.3112402363608,-162.216339111328,-59.370308160782,-1.0471975511966,0.929393592170454,,,,,,,,,,0.5,0.5,0.226624799182124,0.496910467117029,0.503303964757709,0.280051150895141,0.492318197336975,0.62817828297936,0.624450951683748,0.373831775700934
1767329348,526092041,166_1767329348-526092041.png,-385880,407754,0,0,-3.6944699754902,3.90389476102941,125.11,1788.18,-617,-795,-843,1998,-196,-78,-352.796549779116,-620.499623524746,-627.807423369429,1552.38889570462,-182.422270021622,-67.4685806866579,-164.961516469717,-60.5315268039705,-1.0471975511966,0.917143312630945,,,,,,,,,,0.5,0.5,0.215043084562582,0.524974783647937,0.443281938325991,0.286445012787724,0.491293956981905,0.63625486090338,0.647144948755491,0.425233644859813
1767329348,559441895,167_1767329348-559441895.png,-385880,407754,0,0,-3.6944699754902,3.90389476102941,110.69,1828.27,-817,-746,-992,1998,-104,-40,-411.817754387137,-638.540373762613,-667.331837771302,1631.00947049158,-173.616779996046,-66.2639267136796,-166.17107513547,-61.8780188560487,-1.0471975511966,0.915249654307335,,,,,,,,,,0.5,0.5,0.193982766174967,0.558955407318252,0.333149779735683,0.317774936061381,0.440423352680096,0.63625486090338,0.714494875549048,0.602803738317757
1767329348,592790771,168_1767329348-592790771.png,-385880,407754,0,0,-3.6944699754902,3.90389476102941,104.31,1847.46,-716,-603,-952,1980,-133,-36,-475.650199753784,-648.347477481384,-720.988478570737,1693.32837668915,-163.363102829148,-61.4799477746529,-168.861054122448,-63.1439821720125,-1.0471975511966,0.921048720556747,,,,,,,,,,0.5,0.5,0.184664816708047,0.575221013909255,0.388766519823789,0.40920716112532,0.454079890747695,0.6308704756207,0.693265007320644,0.621495327102804
1767329348,626140625,169_1767329348-626140625.png,-385880,407754,0,0,-3.6944699754902,3.90389476102941,98.24,1865.99,-764,-765,-883,2055,-205,-53,-522.889659238086,-659.758449839763,-752.712964865101,1751.78097374411,-166.67041948317,-59.0964189817324,-170.089055538178,-59.370451450348,-1.0471975511966,0.914249178163904,,,,,,,,,,0.5,0.5,0.175799620271652,0.59092719890828,0.362334801762114,0.305626598465473,0.477637418914305,0.653305414298534,0.640556368960469,0.542056074766355
1767329348,692839355,170_1767329348-692839355.png,-385880,407754,0,0,-3.6944699754902,3.90389476102941,88.67,1909.24,-573,-887,-947,2285,-217,-100,-538.426738291599,-692.147506812698,-775.032858647205,1845.26831805545,-186.281437097783,-64.4468189623799,-164.596168190241,-52.7669517993928,-1.0471975511966,0.90637245961301,,,,,,,,,,0.5,0.5,0.161822696071272,0.627586265352308,0.467511013215859,0.227621483375959,0.455786958006146,0.722105892910559,0.631771595900439,0.322429906542056
1767329348,726188232,171_1767329348-726188232.png,-385880,407754,0,0,-3.6944699754902,3.90389476102941,84.87,1926.03,-546,-779,-775,2297,-299,-85,-541.957968712557,-716.046835581095,-789.184981952215,1922.3472648229,-199.011417954366,-69.2334403462816,-166.757411718369,-54.7907736301423,-1.0471975511966,0.909489010380518,,,,,,,,,,0.5,0.5,0.156272820213232,0.641817611608846,0.482378854625551,0.296675191815857,0.514510071696825,0.725695483099013,0.571742313323573,0.392523364485981
1767329348,759538086,172_1767329348-759538086.png,-385880,407754,0,0,-3.6944699754902,3.90389476102941,81.54,1943.77,-603,-827,-706,2307,-327,-94,-549.428860605197,-732.62922457067,-778.535460114068,1988.28158302413,-219.617871794199,-73.0274827564625,-164.072433054447,-47.9134476184846,-1.0471975511966,0.905498631519429,,,,,,,,,,0.5,0.5,0.151409376369213,0.656854185914442,0.450991189427313,0.265984654731458,0.538067599863435,0.728686808256057,0.551244509516837,0.350467289719626
1767329348,792886719,173_1767329348-792886719.png,-385880,407754,0,0,-3.6944699754902,3.90389476102941,78.38,1962.05,-537,-884,-854,2343,-294,-102,-547.952145792795,-750.614096502362,-787.501656405149,2030.42687350725,-228.455463105955,-76.4698051643768,-177.417321205139,-52.8087923526765,-1.0471975511966,0.892285033804012,,,,,,,,,,0.5,0.5,0.146794216445158,0.672348468795294,0.487334801762114,0.229539641943734,0.487538409013315,0.739455578821418,0.575402635431918,0.313084112149533
1767329348,826236572,174_1767329348-826236572.png,-385880,407754,0,0,-3.6944699754902,3.90389476102941,75.43,1987.35,-524,-924,-990,2347,-253,-116,-544.805910168411,-774.873229588491,-813.385114003425,2076.61339223315,-233.169467798609,-81.866774692089,-179.773902028799,-53.9671452045442,-1.0471975511966,0.892181071856387,,,,,,,,,,0.5,0.5,0.142485760186943,0.69379296315446,0.494493392070485,0.203964194373401,0.441106179583476,0.740652108884236,0.605417276720351,0.247663551401869
1767329348,859585449,175_1767329348-859585449.png,-385880,407754,0,0,-3.6944699754902,3.90389476102941,72.98,2000.59,-452,-965,-1099,2411,-241,-110,-533.208653210425,-801.553149188462,-852.164255013696,2123.75927955805,-234.314619138054,-85.9810289746456,-181.908780217171,-48.8969871997834,-1.0471975511966,0.892181071856387,,,,,,,,,,0.5,0.5,0.138907550752154,0.705015299332932,0.534140969162996,0.177749360613811,0.403892113349266,0.759796589889321,0.614202049780381,0.275700934579439
1767329348,892935303,176_1767329348-892935303.png,-385880,407754,0,0,-3.6944699754902,3.90389476102941,68.09,2006.07,-754,-918,-1165,2564,-271,-94,-553.163250015124,-827.695454740458,-901.103357357717,2197.17275216839,-238.304309691004,-87.1614699080723,-182.162368029356,-49.356946706772,-1.0471975511966,0.892181071856387,,,,,,,,,,0.5,0.5,0.131765736819045,0.709660193763297,0.36784140969163,0.207800511508951,0.381358825537726,0.805563864792103,0.592240117130308,0.350467289719626
1767329348,926284180,177_1767329348-926284180.png,-385880,407754,0,0,-3.6944699754902,3.90389476102941,65.22,2031.33,-871,-811,-1108,2600,-292,-90,-598.460095530569,-833.6176739748,-941.550346248618,2264.8438444421,-246.449746103849,-87.8680274483802,-193.890853047371,-51.4522700309755,-1.0471975511966,0.892181071856387,,,,,,,,,,0.5,0.5,0.127574120052578,0.731070783783555,0.3034140969163,0.276214833759591,0.400819392284056,0.816332635357463,0.576866764275256,0.369158878504673
1767329348,959634033,178_1767329348-959634033.png,-385880,407754,0,0,-3.6944699754902,3.90389476102941,61.65,2056.82,-931,-677,-1167,2617,-274,-81,-645.445631420848,-814.389032433556,-972.902236623846,2315.8775204176,-250.972457818778,-87.1104906814992,-201.036509513855,-42.0673766136171,-1.0471975511966,0.892181071856387,,,,,,,,,,0.5,0.5,0.122360157733314,0.752676323752532,0.270374449339207,0.361892583120205,0.380675998634346,0.821417888124439,0.5900439238653,0.411214953271028
1767329349,26332764,179_1767329349-26332764.png,-385880,407754,0,0,-3.6944699754902,3.90389476102941,52.76,2092.22,-702,-806,-964,2634,-239,-130,-676.730190325852,-785.912537604777,-979.175864058951,2367.98515552618,-254.78348294687,-90.9802617806479,-195.794742286205,-38.7741525173188,-1.0471975511966,0.892181071856387,,,,,,,,,,0.5,0.5,0.109376369212794,0.78268166368591,0.39647577092511,0.279411764705882,0.449982929327416,0.826503140891415,0.615666178623719,0.182242990654206
1767329349,59681641,180_1767329349-59681641.png,-385880,407754,0,0,-3.6944699754902,3.90389476102941,47.97,2110.94,-565,-955,-1212,2692,-210,-163,-669.348855484369,-803.386240471383,-998.607407097684,2426.05535460587,-249.024842717968,-101.714801701073,-212.899938315153,-39.5833086967469,-1.0471975511966,0.892181071856387,,,,,,,,,,0.5,0.5,0.10238060464437,0.798548894294747,0.471916299559471,0.184143222506394,0.365312393308296,0.843852826802273,0.636896046852123,0.0280373831775701
1767329349,93031494,181_1767329349-93031494.png,-385880,407754,0,0,-3.6944699754902,3.90389476102941,42.93,2130.03,-609,-983,-1126,2671,-278,-153,-660.932980248603,-823.934086480906,-1016.17797976428,2455.75255589085,-250.542422989316,-108.091265378887,-216.421334654093,-42.2751464843751,-1.0471975511966,0.892181071856387,,,,,,,,,,0.5,0.5,0.0950197166642325,0.814729740038482,0.447687224669604,0.166240409207161,0.394673950153636,0.83757104397248,0.587115666178624,0.0747663551401869
1767329349,126380127,182_1767329349-126380127.png,-385880,407754,0,0,-3.6944699754902,3.90389476102941,37.68,2159.1,-483,-1243,-1043,2764,-511,-162,-636.987618362135,-882.314781381525,-1025.29553018217,2504.00051501457,-282.971061271001,-116.921557254445,-216.257557839155,-39.3657951354982,-1.0471975511966,0.892181071856387,,,,,,,,,,0.5,0.5,0.0873521250182562,0.839369718339704,0.517070484581498,0,0.423011266643906,0.865390367932994,0.416544655929722,0.0327102803738317
1767329349,159729980,183_1767329349-159729980.png,-385880,407754,0,0,-3.6944699754902,3.90389476102941,29.51,2191.4,-575,-1167,-950,2856,-531,-169,-627.552336046081,-947.045629301038,-1009.95076573599,2563.60741651727,-330.024218778631,-124.654153696599,-217.730445206165,-36.3287727832795,-1.0471975511966,0.883252003094315,,,,,,,,,,0.5,0.5,0.0754198919234701,0.86674747200773,0.466409691629956,0.0485933503836317,0.454762717651076,0.892910559377804,0.40190336749634,0
1767329349,226428711,184_1767329349-226428711.png,-385880,407754,0,0,-3.6944699754902,3.90389476102941,29.51,2209.43,-682,-1075,-1072,2846,-303,-150,-626.424436992395,-973.573976606918,-1008.66017558079,2605.75459642251,-345.442398897852,-129.974964184614,-224.90305146575,-30.9366431236268,-1.0471975511966,0.879677911557419,,,,,,,,,,0.5,0.5,0.0754198919234701,0.882029852770408,0.407488986784141,0.107416879795396,0.413110276544896,0.88991923422076,0.568814055636896,0.0887850467289719
1767329349,259777588,185_1767329349-259777588.png,-385880,407754,0,0,-3.6944699754902,3.90389476102941,17.28,2249.18,-885,-1200,-1479,3010,-370,-147,-669.97154694536,-1027.944979722,-1103.49939117796,2700.09170239756,-337.207007885752,-136.196230977683,-231.186444431543,-31.985952615738,-1.0471975511966,0.881671477433087,,,,,,,,,,0.5,0.5,0.0575580546224624,0.915722289560006,0.295704845814978,0.0274936061381074,0.274155001707067,0.938976966796291,0.519765739385066,0.102803738317757
1767329349,293127441,186_1767329349-293127441.png,-385880,407754,0,0,-3.6944699754902,3.90389476102941,11.21,2265.21,-927,-1172,-1563,3045,-390,-135,-692.006375642864,-1041.80063169002,-1142.63150041088,2730.28451841968,-341.400587549915,-136.438597303659,-231.770767897368,-34.3992354869844,-1.0471975511966,0.873899886587775,,,,,,,,,,0.5,0.5,0.0486928581860669,0.929309453377296,0.272577092511013,0.0453964194373402,0.245476271765108,0.949446604845947,0.505124450951684,0.158878504672897
1767329349,326476074,187_1767329349-326476074.png,-385880,407754,0,0,-3.6944699754902,3.90389476102941,5.15,2279.63,-889,-1074,-1289,3024,-430,-131,-729.178016082934,-1055.43186921771,-1190.48010371759,2782.77197668239,-353.419518246871,-135.714730434412,-233.883696615696,-34.9053342342378,-1.0471975511966,0.873287279511816,,,,,,,,,,0.5,0.5,0.0398422666861399,0.941531967553548,0.293502202643172,0.108056265984655,0.339023557528167,0.943164822016153,0.47584187408492,0.177570093457944
1767329349,359825928,188_1767329349-359825928.png,-385880,407754,0,0,-3.6944699754902,3.90389476102941,-0.98,2292.45,-928,-1191,-1551,3071,-363,-155,-757.184396511702,-1072.04847087379,-1236.01693630655,2823.63383204193,-356.658292066777,-137.876760516875,-238.932529300451,-35.8286921977998,-1.0471975511966,0.877999466575891,,,,,,,,,,0.5,0.5,0.0308894406309333,0.952398308173488,0.272026431718062,0.0332480818414322,0.249573233185387,0.957224050254263,0.52489019033675,0.0654205607476636
1767329349,393174805,189_1767329349-393174805.png,-385880,407754,0,0,-3.6944699754902,3.90389476102941,-6.83,2304.58,-1041,-1128,-1539,3088,-375,-169,-787.706494990329,-1080.47976818703,-1272.3550908546,2854.56280338995,-358.497816464969,-141.574617481773,-251.184619575739,-37.2032690048219,-1.0471975511966,0.866467473920659,,,,,,,,,,0.5,0.5,0.0223455527968453,0.96267979894727,0.209801762114537,0.0735294117647058,0.253670194605667,0.962309303021238,0.51610541727672,0
1767329349,426524658,190_1767329349-426524658.png,-385880,407754,0,0,-3.6944699754902,3.90389476102941,-12.11,2317.86,-1154,-982,-1390,3085,-415,-168,-838.174510854972,-1070.08246172667,-1293.64653754847,2888.34464551949,-365.663660738525,-145.466542171292,-251.184619575739,-37.2032690048219,-1.0471975511966,0.868425573871982,,,,,,,,,,0.5,0.5,0.0146341463414634,0.97393603946465,0.147577092511013,0.166879795396419,0.304540798907477,0.961411905474125,0.486822840409956,0.00467289719626163
1767329349,459873291,191_1767329349-459873291.png,-385880,407754,0,0,-3.6944699754902,3.90389476102941,-16.69,2324.86,-1119,-1014,-1222,3054,-443,-168,-880.202939613112,-1061.00314938938,-1287.77679784194,2913.42066948018,-376.205471511319,-148.761876224103,-249.170203715563,-37.7661104202272,-1.0471975511966,0.867744662787657,,,,,,,,,,0.5,0.5,0.00794508543887834,0.979869298773511,0.166850220264317,0.146419437340154,0.361898258791396,0.952138797487287,0.466325036603221,0.00467289719626163
1767329349,493223145,192_1767329349-493223145.png,-385880,407754,0,0,-3.6944699754902,3.90389476102941,-21.39,2338.85,-1163,-985,-1216,3068,-454,-148,-921.559698536306,-1049.88830992676,-1277.28002775329,2934.64525208985,-393.568270638784,-149.801609035763,-248.864859312773,-39.0677528381349,-1.0471975511966,0.86322414395318,,,,,,,,,,0.5,0.5,0.00108076529867095,0.991727341306503,0.142621145374449,0.164961636828645,0.363946739501536,0.956326652707149,0.458272327964861,0.0981308411214953
1767329349,526572266,193_1767329349-526572266.png,-385880,407754,0,0,-3.6944699754902,3.90389476102941,-22,2343.01,-1130,-1017,-1539,3050,-445,-130,-954.459806211748,-1038.8624480714,-1297.59647945359,2953.58701300467,-402.125776616863,-148.977857312298,-255.211438179016,-37.5368471145631,-1.0471975511966,0.858932018486811,,,,,,,,,,0.5,0.5,0.000189864174090844,0.995253392552912,0.16079295154185,0.144501278772379,0.253670194605667,0.950942267424469,0.464860907759883,0.182242990654206
1767329349,593271729,194_1767329349-593271729.png,-385880,407754,0,0,-3.6944699754902,3.90389476102941,-22.13,2347.24,-1006,-1030,-1469,3024,-418,-125,-974.582918916646,-1036.06592580307,-1337.21360257299,2969.64201787408,-407.431094761285,-144.615470389199,-255.587826132774,-37.7897531986238,-1.0471975511966,0.856137085268865,,,,,,,,,,0.5,0.5,0,0.998838776392409,0.229074889867841,0.13618925831202,0.277569136223967,0.943164822016153,0.484626647144949,0.205607476635514
1767329349,626622070,195_1767329349-626622070.png,-385880,407754,0,0,-3.6944699754902,3.90389476102941,-21.26,2348.61,-894,-967,-1214,2983,-465,-123,-968.179270919622,-1029.64347800103,-1329.79313851659,2972.3898201593,-412.940497114241,-142.103882798974,-249.25449487567,-37.1366393566133,-1.0471975511966,0.857075707487166,,,,,,,,,,0.5,0.5,0.00127062947276179,1,0.290748898678414,0.176470588235294,0.364629566404916,0.93090038887227,0.450219619326501,0.214953271028037
1767329349,659971436,196_1767329349-659971436.png,-385880,407754,0,0,-3.6944699754902,3.90389476102941,-20.65,2348.41,-860,-1100,-1309,2900,-432,-121,-953.291504201289,-1036.28455949251,-1324.14660846732,2964.07996254843,-416.632932748718,-139.072469326285,-246.091498315334,-38.9673068523408,-1.0471975511966,0.853808637979134,,,,,,,,,,0.5,0.5,0.0021615305973419,0.999830478305461,0.309471365638767,0.0914322250639385,0.332195288494367,0.9060723900688,0.474377745241581,0.224299065420561
1767329349,693321777,197_1767329349-693321777.png,-385880,407754,0,0,-3.6944699754902,3.90389476102941,-20.65,2348.18,-849,-1075,-1302,2847,-384,-125,-938.34143706768,-1042.63208770516,-1321.09984717536,2948.41168311488,-411.860633026793,-137.014485694543,-247.640949070454,-43.5229120254518,-1.0471975511966,0.855113130708077,,,,,,,,,,0.5,0.5,0.0021615305973419,0.999635528356741,0.315528634361233,0.107416879795396,0.334585182656197,0.890218366736464,0.509516837481698,0.205607476635514
1767329349,726670898,198_1767329349-726670898.png,-385880,407754,0,0,-3.6944699754902,3.90389476102941,-14.41,2346.81,-914,-1011,-1173,2806,-394,-130,-934.781700826875,-1038.00615339145,-1303.70071350877,2925.62818164741,-412.011423771819,-136.103789585886,-247.591205596924,-42.6931221485139,-1.0471975511966,0.845019619136397,,,,,,,,,,0.5,0.5,0.0112750109537024,0.99847430474915,0.279735682819383,0.148337595907928,0.378627517924206,0.877953933592582,0.502196193265007,0.182242990654206
1767329349,760021240,199_1767329349-760021240.png,-385880,407754,0,0,-3.6944699754902,3.90389476102941,-9.28,2343.76,-861,-671,-1212,2740,-410,-114,-912.350965175506,-982.961880149861,-1281.27789672391,2895.90108036104,-409.883062259551,-133.443736838277,-246.6813416183,-37.0410652160646,-1.0471975511966,0.845160841649646,,,,,,,,,,0.5,0.5,0.0187673433620564,0.995889098907433,0.308920704845815,0.365728900255754,0.365312393308296,0.858211187556087,0.490483162518302,0.257009345794392
1767329349,793370605,200_1767329349-793370605.png,-385880,407754,0,0,-3.6944699754902,3.90389476102941,-2.25,2339.09,-859,-714,-1257,2626,-381,-113,-904.660298732947,-941.231664888657,-1275.2192381557,2859.55709729198,-406.454575721595,-130.481435859688,-244.406519323587,-36.4442641735078,-1.0471975511966,0.845160841649646,,,,,,,,,,0.5,0.5,0.0290346136994304,0.99193076733995,0.310022026431718,0.338235294117647,0.349948787982247,0.824110080765779,0.511713030746706,0.261682242990654
1767329349,826720703,201_1767329349-826720703.png,-385880,407754,0,0,-3.6944699754902,3.90389476102941,7.36,2330.12,-751,-789,-1242,2457,-343,-102,-885.15100925378,-916.911893690785,-1270.77262292376,2805.32182104643,-398.217143993941,-126.617971663411,-236.450291007757,-38.8479466438295,-1.0471975511966,0.845160841649646,,,,,,,,,,0.5,0.5,0.0430699576456842,0.984327719339882,0.369493392070485,0.290281329923274,0.355069989757596,0.773556685611726,0.539531478770132,0.313084112149533
1767329349,860070068,202_1767329349-860070068.png,-385880,407754,0,0,-3.6944699754902,3.90389476102941,19.74,2317.02,-653,-802,-1152,2368,-384,-100,-853.888810249993,-899.750398406769,-1255.87165867522,2743.8082114575,-395.013436112331,-122.780167758179,-242.810442179442,-39.4913167953492,-1.0471975511966,0.845160841649646,,,,,,,,,,0.5,0.5,0.0611508689937199,0.973224048347587,0.423458149779736,0.281969309462916,0.385797200409696,0.746933891714029,0.509516837481698,0.322429906542056
1767329349,893420410,203_1767329349-893420410.png,-385880,407754,0,0,-3.6944699754902,3.90389476102941,35.11,2298.85,-562,-782,-1017,2255,-283,-105,-811.202457211627,-882.530364954666,-1220.9386307721,2672.32400531593,-378.632386510476,-120.179963531929,-241.981167823076,-33.4659905433656,-1.0471975511966,0.845160841649646,,,,,,,,,,0.5,0.5,0.0835986563458449,0.957823002398732,0.473568281938326,0.294757033248082,0.431888016387846,0.713131917439426,0.583455344070278,0.299065420560748
1767329349,960119873,204_1767329349-960119873.png,-385880,407754,0,0,-3.6944699754902,3.90389476102941,74.67,2232.82,-556,-748,-994,1961,-153,-95,-759.704748801176,-853.621000471087,-1163.2470686389,2549.88792071854,-343.027631305042,-114.905569257223,-229.076113283634,-34.1168117523195,-1.0471975511966,0.845160841649646,,,,,,,,,,0.5,0.5,0.141375785015335,0.901855414946728,0.476872246696035,0.316496163682864,0.439740525776716,0.625186957822315,0.678623718887262,0.345794392523364
1767329349,993469238,205_1767329349-993469238.png,-385880,407754,0,0,-3.6944699754902,3.90389476102941,98.94,2199.25,-462,-664,-851,1814,-160,-87,-713.332744822226,-825.387622926821,-1117.00806614741,2430.65279012845,-311.019409629277,-110.515050952279,-216.645504981279,-17.9875650405885,-1.0471975511966,0.845160841649646,,,,,,,,,,0.5,0.5,0.176821965824449,0.87340119851838,0.52863436123348,0.370204603580563,0.488562649368385,0.58121447801376,0.673499267935578,0.383177570093458
1767329350,26819580,206_1767329350-26819580.png,-385880,407754,0,0,-3.6944699754902,3.90389476102941,126.66,2157.25,-324,-622,-677,1584,-109,-68,-660.181139863426,-796.795840478387,-1057.43303406278,2313.145284091,-282.874573312393,-104.818712899294,-214.502639263868,-18.1330039501191,-1.0471975511966,0.845160841649646,,,,,,,,,,0.5,0.5,0.217306849715204,0.83780164266522,0.604625550660793,0.397058823529412,0.547968589962445,0.512413999401735,0.710834553440703,0.47196261682243
1767329350,60168701,207_1767329350-60168701.png,-385880,407754,0,0,-3.6944699754902,3.90389476102941,218.81,2033.77,-204,-350,-401,1256,-109,-44,-595.24016769078,-746.84048042684,-959.434744900181,2148.02264254183,-256.793487765869,-95.3000627471811,-199.95169916749,9.18414878845203,-1.0471975511966,0.845160841649646,,,,,,,,,,0.5,0.5,0.351891339272674,0.733138948456929,0.670704845814978,0.570971867007673,0.642198702628884,0.414298534250673,0.710834553440703,0.58411214953271
1767329350,93519043,208_1767329350-93519043.png,-385880,407754,0,0,-3.6944699754902,3.90389476102941,249.04,1982.7,-235,-267,-249,1136,-127,-46,-529.527222849684,-673.173266283788,-853.612734823076,1986.51223728893,-232.881397567323,-86.6155715226456,-182.412384182215,12.200824022293,-1.0471975511966,0.845160841649646,,,,,,,,,,0.5,0.5,0.396042062217029,0.689851583756431,0.65363436123348,0.624040920716113,0.694093547285763,0.378402632366138,0.697657393850659,0.574766355140187
1767329350,126868164,209_1767329350-126868164.png,-385880,407754,0,0,-3.6944699754902,3.90389476102941,306.11,1905.14,-133,-373,-353,1084,-69,-62,-466.50908737834,-615.574030276654,-761.482252315146,1833.35137108537,-207.692166718412,-81.497543430618,-165.518695324659,15.1276566982268,-1.0471975511966,0.86218650718593,,,,,,,,,,0.5,0.5,0.479392434642909,0.624111070614262,0.709801762114538,0.556265984654732,0.658586548310004,0.362847741549506,0.740117130307467,0.5
1767329350,193567871,210_1767329350-193567871.png,-385880,407754,0,0,-3.6944699754902,3.90389476102941,343.65,1851.18,-60,-424,-386,1013,-116,-58,-409.062732949578,-586.159042648866,-705.6659024408,1715.32910787443,-192.993799182141,-78.1709335679614,-145.551820904017,16.9558882713317,-1.0471975511966,0.875357768128243,,,,,,,,,,0.5,0.5,0.534219366145757,0.578374117427678,0.75,0.523657289002558,0.647319904404234,0.34160933293449,0.705710102489019,0.518691588785047
1767329350,226918213,211_1767329350-226918213.png,-385880,407754,0,0,-3.6944699754902,3.90389476102941,401.1,1742.64,-87,-404,-456,699,6,-35,-337.150446074429,-552.459836928336,-642.226006240838,1537.95843477445,-168.71880571604,-71.5206508714709,-144.291155040264,11.9751429557799,-1.0471975511966,0.879423196988916,,,,,,,,,,0.5,0.5,0.618124726157441,0.486374693801439,0.735132158590308,0.536445012787724,0.623420962785934,0.24768172300329,0.79502196193265,0.626168224299065
1767329350,260267334,212_1767329350-260267334.png,-385880,407754,0,0,-3.6944699754902,3.90389476102941,424.5,1669.28,-54,-284,-401,588,-34,-29,-289.999473564671,-512.54591913327,-603.508339272192,1379.78426777087,-143.2770433165,-64.4963986068888,-137.87450671196,15.1670613288878,-1.0471975511966,0.879423196988916,,,,,,,,,,0.5,0.5,0.652300277493793,0.424194136244586,0.753303964757709,0.613171355498721,0.642198702628884,0.214478013760096,0.765739385065886,0.654205607476635
1767329350,293617676,213_1767329350-293617676.png,-385880,407754,0,0,-3.6944699754902,3.90389476102941,447.09,1623.64,-105,-46,-334,538,-87,-16,-261.545961125459,-450.845364217147,-565.932653869955,1258.05162097014,-133.593277402066,-57.7607665962991,-130.676639080048,17.0838458538054,-1.0471975511966,0.879423196988916,,,,,,,,,,0.5,0.5,0.685292828976194,0.385509285550818,0.725220264317181,0.7653452685422,0.665073403892113,0.199521387974873,0.726939970717423,0.714953271028037
1767329350,326966797,214_1767329350-326966797.png,-385880,407754,0,0,-3.6944699754902,3.90389476102941,470.3,1577.22,-229,2,-428,420,-34,-9,-256.78638029266,-384.620430578188,-545.761130495801,1135.49342037839,-119.028574507867,-50.6299029788541,-127.631572216749,20.5331122875212,-1.0471975511966,0.879423196988916,,,,,,,,,,0.5,0.5,0.719190886519644,0.346163300248349,0.656938325991189,0.796035805626598,0.632980539433254,0.164223751121747,0.765739385065886,0.747663551401869
1767329350,360317139,215_1767329350-360317139.png,-385880,407754,0,0,-3.6944699754902,3.90389476102941,492.96,1484.41,-206,-65,-453,319,-21,-2,-249.359287226446,-337.878554703433,-532.195573250936,1016.08793043883,-104.692696624413,-43.5181770959777,-121.719631820917,24.017914533615,-1.0471975511966,0.879423196988916,,,,,,,,,,0.5,0.5,0.752285672557324,0.267496757897592,0.669603524229075,0.753196930946292,0.624445203141004,0.134011367035597,0.775256222547584,0.780373831775701
1767329350,393666504,216_1767329350-393666504.png,-385880,407754,0,0,-3.6944699754902,3.90389476102941,532.93,1424.58,-64,-42,-350,196,22,9,-201.963686673025,-288.96120154249,-501.096918537577,858.650971294387,-77.9151778169709,-33.8463777464913,-111.448318868876,35.7493178844451,-1.0471975511966,0.879423196988916,,,,,,,,,,0.5,0.5,0.810661603622024,0.216784342976292,0.747797356828194,0.767902813299233,0.659610788665074,0.0972180676039486,0.806734992679356,0.831775700934579
1767329350,427016602,217_1767329350-427016602.png,-385880,407754,0,0,-3.6944699754902,3.90389476102941,548.33,1388.95,-40,-54,-212,128,-85,20,-179.615535589468,-253.931188814593,-466.510714901182,755.589428912154,-72.987298262238,-26.5849041808638,-104.35221105814,43.9923367500304,-1.0471975511966,0.879423196988916,,,,,,,,,,0.5,0.5,0.833153205783555,0.186584053094195,0.761013215859031,0.760230179028133,0.706725844998293,0.0768770565360455,0.728404099560761,0.883177570093458
1767329350,460365967,218_1767329350-460365967.png,-385880,407754,0,0,-3.6944699754902,3.90389476102941,558.71,1358.09,-37,-50,-160,86,-132,17,-155.131223512191,-218.90452165687,-416.348761848336,642.141441927151,-80.6475200405903,-18.8907029421102,-102.104013860226,49.2857398986815,-1.0471975511966,0.879423196988916,,,,,,,,,,0.5,0.5,0.848313129837885,0.160426855626849,0.762665198237885,0.762787723785166,0.724479344486173,0.0643134908764583,0.693997071742313,0.869158878504673
1767329350,493716309,219_1767329350-493716309.png,-385880,407754,0,0,-3.6944699754902,3.90389476102941,564.74,1330.08,-31,-55,-188,99,-144,7,-137.142617281369,-194.797682585857,-382.186624794674,562.35487491866,-89.5831609953038,-14.8301146524265,-98.7147039771081,53.6636660099028,-1.0471975511966,0.879423196988916,,,,,,,,,,0.5,0.5,0.857119906528406,0.136685342306682,0.765969162995595,0.759590792838875,0.714919767838853,0.0682022135806162,0.685212298682284,0.822429906542056
1767329350,560415771,220_1767329350-560415771.png,-385880,407754,0,0,-3.6944699754902,3.90389476102941,568.32,1305,10,74,-113,87,-102,-3,-119.660107067666,-162.860924099084,-350.203654773378,505.876360335713,-91.0584474808392,-13.4245388643811,-104.751457631588,43.7950270175933,-1.0471975511966,0.879423196988916,,,,,,,,,,0.5,0.5,0.862348473784139,0.115427321811509,0.788546255506608,0.842071611253197,0.740525776715603,0.0646126233921627,0.715959004392387,0.775700934579439
1767329350,593765137,221_1767329350-593765137.png,-385880,407754,0,0,-3.6944699754902,3.90389476102941,571.34,1264.92,-20,54,-144,39,-128,13,-101.639952506472,-124.852278378241,-313.74443963025,426.467994804629,-96.7516161015992,-9.2831370228421,-79.7412703633309,52.1498117446898,-1.0471975511966,0.951141156471209,,,,,,,,,,0.5,0.5,0.866759164597634,0.0814551742259216,0.772026431718062,0.829283887468031,0.729941959713213,0.0502542626383488,0.69692532942899,0.850467289719626
1767329350,627115234,222_1767329350-627115234.png,-385880,407754,0,0,-3.6944699754902,3.90389476102941,571.93,1250,-45,105,-166,68,-13,26,-89.620993792019,-80.5571963052445,-274.381797914222,360.05752325058,-90.1967205496135,-2.2933722884963,-95.3129257559777,53.3697791099547,-1.0471975511966,0.957969779624568,,,,,,,,,,0.5,0.5,0.867620855849277,0.0688088558133227,0.758259911894273,0.861892583120205,0.722430863776033,0.0589291055937781,0.781112737920937,0.911214953271028
1767329350,660464600,223_1767329350-660464600.png,-385880,407754,0,0,-3.6944699754902,3.90389476102941,572.48,1241.98,21,5,-116,60,15,16,-75.9365027234006,-57.5402186557022,-251.126445732607,308.861126610179,-74.3217470948148,1.69115278936827,-99.4936504065991,50.9553499221801,-1.0471975511966,0.964059226787375,,,,,,,,,,0.5,0.5,0.868424127355046,0.0620110358623146,0.794603524229075,0.797953964194373,0.739501536360533,0.0565360454681424,0.801610541727672,0.864485981308411
1767329350,693814941,224_1767329350-693814941.png,-385880,407754,0,0,-3.6944699754902,3.90389476102941,572.88,1235.35,209,-187,-4,94,-27,-9,-44.745630991506,-65.7709381116722,-221.228890092151,275.544347332538,-65.0603280412381,0.813370507637386,-78.3652074337006,58.3010895252227,-1.0471975511966,0.962169024953478,,,,,,,,,,0.5,0.5,0.869008324813787,0.0563913916883513,0.898127753303965,0.675191815856778,0.777739842949812,0.0667065510020939,0.77086383601757,0.747663551401869
1767329350,727164063,225_1767329350-727164063.png,-385880,407754,0,0,-3.6944699754902,3.90389476102941,573.15,1227.93,236,-188,-57,89,-27,-7,3.0543370255029,-86.8675653790536,-191.438964612746,243.439274603213,-58.4828743349089,-0.590058446075454,-97.0171267688275,54.7677121162413,-1.0471975511966,0.973048254953949,,,,,,,,,,0.5,0.5,0.869402658098437,0.0501021368209597,0.912995594713656,0.674552429667519,0.759644930010242,0.0652108884235716,0.77086383601757,0.757009345794392
1767329350,760514404,226_1767329350-760514404.png,-385880,407754,0,0,-3.6944699754902,3.90389476102941,573.33,1222.44,49,-86,-56,74,-111,-9,8.51329607535454,-86.764487012768,-175.34700481263,223.307623395809,-64.7226110121395,-1.5892719426791,-96.4313097000122,55.7330539226531,-1.0471975511966,0.973048254953949,,,,,,,,,,0.5,0.5,0.869665546954871,0.0454487663058681,0.810022026431718,0.739769820971867,0.759986343461932,0.0607239006880048,0.709370424597365,0.747663551401869
1767329350,793863525,227_1767329350-793863525.png,-385880,407754,0,0,-3.6944699754902,3.90389476102941,573.56,1219.21,-5,-26,-181,33,-52,-13,8.01822367274501,-79.5238848414912,-172.74515195824,196.601255524905,-64.4803121262112,-3.14828383646449,-101.138107299805,54.2881219387053,-1.0471975511966,0.973048254953949,,,,,,,,,,0.5,0.5,0.870001460493647,0.0427109909390654,0.780286343612335,0.778132992327366,0.717309662000683,0.048459467544122,0.752562225475842,0.728971962616822
1767329350,827213867,228_1767329350-827213867.png,-385880,407754,0,0,-3.6944699754902,3.90389476102941,573.72,1213.43,97,50,-263,63,-10,-15,15.1596011574732,-64.8003338813433,-176.148542430285,170.298092502628,-56.8720417641322,-4.91307666666056,-99.0151129961014,51.8245444297789,-1.0471975511966,0.973048254953949,,,,,,,,,,0.5,0.5,0.870235139477143,0.0378118139668925,0.836453744493392,0.826726342710998,0.689313758962103,0.0574334430152558,0.783308931185944,0.719626168224299
1767329350,860563232,229_1767329350-860563232.png,-385880,407754,0,0,-3.6944699754902,3.90389476102941,573.69,1211.08,125,-72,-334,93,44,-5,31.0189430326354,-52.437658274467,-195.509115231683,153.59374636289,-45.462410698648,-6.04341787332357,-98.2022033333779,54.6331632137297,-1.0471975511966,0.973048254953949,,,,,,,,,,0.5,0.5,0.870191324667738,0.0358199340560609,0.851872246696035,0.748721227621483,0.665073403892113,0.0664074184863895,0.822840409956076,0.766355140186916
1767329350,893913330,230_1767329350-893913330.png,-385880,407754,0,0,-3.6944699754902,3.90389476102941,573.7,1208.09,83,-78,-289,88,21,-12,43.4592664187501,-56.3613765842028,-215.369961296163,142.669626933856,-32.0834132798425,-6.49662409984866,-101.109988600016,54.2108888626097,-1.0471975511966,0.973048254953949,,,,,,,,,,0.5,0.5,0.870205929604206,0.0332855847227048,0.828744493392071,0.744884910485933,0.680437009218163,0.0649117559078672,0.806002928257687,0.733644859813084
1767329350,927262695,231_1767329350-927262695.png,-385880,407754,0,0,-3.6944699754902,3.90389476102941,573.57,1206.39,130,-100,-180,65,-13,-2,55.8767870538205,-62.7147824682994,-215.143791545444,130.489104370496,-26.9493767349121,-6.25956471045999,-100.290585011244,54.9226081371306,-1.0471975511966,0.973048254953949,,,,,,,,,,0.5,0.5,0.870016065430115,0.0318446503191246,0.854625550660793,0.730818414322251,0.717651075452373,0.0580317080466647,0.781112737920937,0.780373831775701
1767329350,993962158,232_1767329350-993962158.png,-385880,407754,0,0,-3.6944699754902,3.90389476102941,573.13,1203.67,55,19,-254,27,56,11,52.077726401529,-54.5182691548357,-216.438805833159,113.729430453919,-18.477036237459,-4.6583336580931,-101.63651612401,54.5815789699553,-1.0471975511966,0.973048254953949,,,,,,,,,,0.5,0.5,0.8693734482255,0.0295391552733962,0.813325991189427,0.80690537084399,0.692386480027313,0.0466646724498953,0.831625183016105,0.841121495327103
1767329351,27312500,233_1767329351-27312500.png,-385880,407754,0,0,-3.6944699754902,3.90389476102941,572.97,1203.03,69,-8,-191,36,17,0,52.9408592418548,-44.6072448072898,-219.970839571569,101.326100608939,-8.79932079002226,-2.71082434951538,-81.6945134401322,57.7307970523833,-1.0471975511966,0.973048254953949,,,,,,,,,,0.5,0.5,0.869139769242004,0.0289966858508718,0.821035242290749,0.789641943734015,0.713895527483783,0.0493568650912354,0.80307467057101,0.789719626168224
1767329351,60661865,234_1767329351-60661865.png,-385880,407754,0,0,-3.6944699754902,3.90389476102941,572.74,1202.13,94,-60,-147,50,-13,-8,59.5005740138981,-42.6034502550931,-208.267775382761,88.3884430106653,-6.59731252580379,-3.27486228596758,-99.9781622290612,56.3672535419463,-1.0471975511966,0.973048254953949,,,,,,,,,,0.5,0.5,0.868803855703228,0.0282338382254471,0.834801762114537,0.756393861892583,0.728917719358143,0.0535447203110978,0.781112737920937,0.752336448598131
1767329351,94011963,235_1767329351-94011963.png,-385880,407754,0,0,-3.6944699754902,3.90389476102941,572.46,1201.71,152,104,-96,44,-74,13,73.0278591129988,-21.1638937716784,-191.849530741193,81.8969959848138,-16.4544047205816,-0.894796682923043,-100.399877786636,55.471407175064,-1.0471975511966,0.983710244835446,,,,,,,,,,0.5,0.5,0.868394917482109,0.0278778426669154,0.866740088105727,0.861253196930946,0.746329805394333,0.0517499252168711,0.736456808199122,0.850467289719626
1767329351,127361328,236_1767329351-127361328.png,-385880,407754,0,0,-3.6944699754902,3.90389476102941,572.37,1201.35,172,9,-18,65,-105,7,84.7870726970574,-17.5800199036473,-171.193882139956,79.8894069508324,-26.9748052846867,0.0432107155751227,-81.419690489769,55.7872173786162,-1.0471975511966,0.979389520542879,,,,,,,,,,0.5,0.5,0.868263473053892,0.0275727036167454,0.877753303964758,0.800511508951407,0.772960054626152,0.0580317080466647,0.713762811127379,0.822429906542056
1767329351,194060791,237_1767329351-194060791.png,-385880,407754,0,0,-3.6944699754902,3.90389476102941,572,1201.45,-77,-16,52,54,-107,15,69.3548205168427,-15.5203900958651,-113.082939259582,72.8119467768436,-49.6732241080127,2.75630888900234,-101.530924886465,51.3955354690551,-1.0471975511966,0.985890107761376,,,,,,,,,,0.5,0.5,0.867723090404557,0.027657464464015,0.740638766519824,0.784526854219949,0.796858996244452,0.0547412503739156,0.712298682284041,0.859813084112149
1767329351,227411133,238_1767329351-227411133.png,-385880,407754,0,0,-3.6944699754902,3.90389476102941,571.77,1202.07,33,-151,-93,55,35,16,61.0210947886724,-31.6303340599469,-106.168847166964,70.1796666712167,-41.1852980548127,4.66566202233604,-101.6324249506,51.2820501327513,-1.0471975511966,0.984456030456136,,,,,,,,,,0.5,0.5,0.86738717686578,0.0281829817170852,0.801211453744493,0.698209718670077,0.747354045749403,0.0550403828896201,0.816251830161054,0.864485981308411
1767329351,260760498,239_1767329351-260760498.png,-385880,407754,0,0,-3.6944699754902,3.90389476102941,571.41,1202.41,124,-230,-219,86,37,-3,67.7352553382005,-58.4734283766796,-119.213495497371,71.64297894295,-29.8061940987055,4.06576229379695,-102.545860588551,53.7019243240355,-1.0471975511966,0.984938003221907,,,,,,,,,,0.5,0.5,0.866861399152914,0.0284711685978013,0.851321585903084,0.64769820971867,0.704335950836463,0.0643134908764583,0.817715959004392,0.775700934579439
1767329351,294110596,240_1767329351-294110596.png,-385880,407754,0,0,-3.6944699754902,3.90389476102941,570.63,1202.63,88,-113,-275,147,19,-10,71.686233105423,-69.6566233988553,-140.460004989745,80.9901915031373,-22.1749748432807,2.20075871402355,-97.9143925309182,51.6521670818328,-1.0471975511966,0.984069847154196,,,,,,,,,,0.5,0.5,0.865722214108369,0.0286576424617943,0.831497797356828,0.722506393861893,0.685216797541823,0.0825605743344302,0.804538799414348,0.742990654205607
1767329351,327459961,241_1767329351-327459961.png,-385880,407754,0,0,-3.6944699754902,3.90389476102941,567.37,1203.95,-40,50,-243,154,8,11,55.2751003494612,-56.6049182025654,-170.155764087341,93.7026812990886,-14.3986768927051,1.75150031389027,-97.8376343250275,55.5599601268767,-1.0471975511966,0.99090568063704,,,,,,,,,,0.5,0.5,0.860961004819629,0.0297764856457506,0.761013215859031,0.826726342710998,0.696142027995903,0.0846545019443614,0.796486090775988,0.841121495327103
1767329351,360810303,242_1767329351-360810303.png,-385880,407754,0,0,-3.6944699754902,3.90389476102941,564.88,1204.69,-24,45,-170,171,-36,9,40.258048013474,-38.6343451121922,-176.137679973093,105.661617836875,-14.5099792725748,3.16878645776295,-94.542096734047,54.3035972118376,-1.0471975511966,0.98747800963903,,,,,,,,,,0.5,0.5,0.857324375638966,0.0304037159155445,0.769823788546256,0.823529411764706,0.721065209969273,0.0897397547113371,0.764275256222548,0.831775700934579
1767329351,427509766,243_1767329351-427509766.png,-385880,407754,0,0,-3.6944699754902,3.90389476102941,561.7,1205.96,64,-40,-152,201,-43,-6,42.022476147948,-36.6115033945788,-172.444634541629,121.340424943325,-19.2475028110971,1.98288911745363,-102.07764852047,50.6992914676665,-1.0471975511966,0.986301784664268,,,,,,,,,,0.5,0.5,0.852680005841975,0.0314801786758662,0.818281938325991,0.769181585677749,0.727210652099693,0.0987137301824708,0.759150805270864,0.761682242990654
1767329351,460859131,244_1767329351-460859131.png,-385880,407754,0,0,-3.6944699754902,3.90389476102941,543.75,1208.43,-136,203,-292,358,-149,-24,3.00778407644781,-14.2177754461288,-176.886436619355,168.753079832101,-40.7109502135881,-6.48349921444702,-100.368836820126,49.5575602054595,-1.0471975511966,0.982679734068762,,,,,,,,,,0.5,0.5,0.82646414488097,0.0335737716034211,0.708149779735683,0.924552429667519,0.679412768863093,0.145677535148071,0.681551976573939,0.677570093457944
1767329351,494209229,245_1767329351-494209229.png,-385880,407754,0,0,-3.6944699754902,3.90389476102941,543.75,1208.43,-136,203,-292,358,-149,-24,-1.31907357543329,-7.45649657201347,-180.469545334151,174.64371746843,-44.0816341418031,-7.02873059096094,-102.501896709204,47.770166158676,-1.0471975511966,0.976921438691702,,,,,,,,,,0.5,0.5,0.82646414488097,0.0335737716034211,0.708149779735683,0.924552429667519,0.679412768863093,0.145677535148071,0.681551976573939,0.677570093457944
1767329351,527558105,246_1767329351-527558105.png,-385880,407754,0,0,-3.6944699754902,3.90389476102941,540.22,1209.15,-68,134,-460,380,-106,-28,-12.935749232883,15.1229235739202,-216.740608988221,204.071969447424,-54.3161127981473,-9.98589352393078,-101.303377717733,48.1346948146819,-1.0471975511966,0.982623380537034,,,,,,,,,,0.5,0.5,0.82130860230758,0.034184049703761,0.745594713656388,0.880434782608696,0.622055308979174,0.152258450493569,0.71303074670571,0.658878504672897
1767329351,560907715,247_1767329351-560907715.png,-385880,407754,0,0,-3.6944699754902,3.90389476102941,537.34,1210.03,-50,-165,-432,267,-56,-14,-14.5241143922219,-6.90830838531997,-261.131526423466,218.06502926969,-50.1800963930708,-12.4330244356489,-81.1251260042191,51.6862699985503,-1.0471975511966,0.978490743155378,,,,,,,,,,0.5,0.5,0.817102380604644,0.0349299451597319,0.755506607929515,0.68925831202046,0.631614885626494,0.118456476218965,0.749633967789166,0.724299065420561
1767329351,627605957,248_1767329351-627605957.png,-385880,407754,0,0,-3.6944699754902,3.90389476102941,533.83,1210.63,-84,-155,-503,283,-43,-22,-28.2829936947536,-44.601994924709,-313.835350680513,232.525098018222,-49.7204246908755,-13.3003765239953,-82.5945066511632,50.0348577499389,-1.0471975511966,0.984285674825363,,,,,,,,,,0.5,0.5,0.811976047904192,0.0354385102433484,0.736784140969163,0.695652173913043,0.607374530556504,0.123242596470236,0.759150805270864,0.686915887850467
1767329351,660954590,249_1767329351-660954590.png,-385880,407754,0,0,-3.6944699754902,3.90389476102941,533.83,1210.63,-276,-223,-606,291,-86,-22,-57.7150859930579,-65.7980630894409,-348.548417229028,239.472698176692,-54.0309232915476,-14.3340081059576,-102.258958935738,42.0616531372069,-1.0471975511966,0.983328105967515,,,,,,,,,,0.5,0.5,0.811976047904192,0.0354385102433484,0.631057268722467,0.652173913043478,0.572208945032434,0.125635656595872,0.727672035139092,0.686915887850467
1767329351,694304199,250_1767329351-694304199.png,-385880,407754,0,0,-3.6944699754902,3.90389476102941,531.05,1211.19,-171,-364,-593,290,-19,-20,-74.2820788458488,-109.4076593079,-384.29746342923,246.861903134082,-48.9079370503066,-15.1626131151543,-103.134470045567,41.3879055976866,-1.0471975511966,0.979410009535864,,,,,,,,,,0.5,0.5,0.807915875565941,0.0359131709880572,0.688876651982379,0.562020460358056,0.576647319904404,0.125336524080168,0.776720351390922,0.696261682242991
1767329351,727652588,251_1767329351-727652588.png,-385880,407754,0,0,-3.6944699754902,3.90389476102941,521.16,1212.91,-27,-189,-477,378,5,-10,-71.0428283030811,-136.096577166368,-401.457729169932,267.482764782444,-43.6642563607065,-12.96174929296,-103.278959900141,42.7269465923308,-1.0471975511966,0.981069141526507,,,,,,,,,,0.5,0.5,0.793471593398569,0.0373710575610914,0.768171806167401,0.673913043478261,0.616251280300444,0.15166018546216,0.794289897510981,0.742990654205607
1767329351,761002197,252_1767329351-761002197.png,-385880,407754,0,0,-3.6944699754902,3.90389476102941,513.1,1215.78,-68,-210,-462,444,-19,-30,-69.4732727691875,-146.328351170373,-410.722968361421,291.486689643907,-39.3990274538584,-14.9048850615639,-86.9603081941605,45.4106168746947,-1.0471975511966,0.979954983622759,,,,,,,,,,0.5,0.5,0.781700014604936,0.0398036938777241,0.745594713656388,0.660485933503836,0.621372482075794,0.171402931498654,0.776720351390922,0.649532710280374
1767329351,794350830,253_1767329351-794350830.png,-385880,407754,0,0,-3.6944699754902,3.90389476102941,503.12,1218.72,-129,-196,-318,446,-77,-33,-76.5054342303309,-153.976422276822,-401.112689912901,314.028141608555,-43.3070118533882,-17.4688623661861,-89.9094597697258,42.6849627494811,-1.0471975511966,0.98103228075747,,,,,,,,,,0.5,0.5,0.767124288009347,0.0422956627874452,0.712004405286344,0.669437340153453,0.670536019119153,0.172001196530063,0.734260614934114,0.635514018691589
1767329351,827700439,254_1767329351-827700439.png,-385880,407754,0,0,-3.6944699754902,3.90389476102941,490.88,1223.35,-208,-204,-349,486,-108,-32,-95.7354398350794,-161.291961701251,-393.49163490399,339.177620458648,-52.7678326665189,-19.5939224894392,-108.621772617102,34.4601416587828,-1.0471975511966,0.986815058253981,,,,,,,,,,0.5,0.5,0.749247845771871,0.0462200900160198,0.668502202643172,0.664322250639386,0.659952202116763,0.183966497158241,0.711566617862372,0.64018691588785
1767329351,861048828,255_1767329351-861048828.png,-385880,407754,0,0,-3.6944699754902,3.90389476102941,468.24,1243.4,-210,-277,-507,491,16,-31,-112.445697932318,-178.213316678741,-410.091305652403,361.380402698489,-45.1285162083173,-20.916622814313,-111.863930135965,29.3987243175505,-1.0471975511966,0.985499956163719,,,,,,,,,,0.5,0.5,0.716182269607127,0.0632146398935406,0.667400881057269,0.617647058823529,0.606008876749744,0.185462159736763,0.802342606149341,0.644859813084112
1767329351,894398438,256_1767329351-894398438.png,-385880,407754,0,0,-3.6944699754902,3.90389476102941,453.72,1251.99,-129,-407,-597,604,13,-51,-118.764045117655,-201.913900963906,-426.44314938605,396.059502654453,-34.7483520955257,-23.8848887420349,-113.084268718958,27.4585835933684,-1.0471975511966,0.985499956163719,,,,,,,,,,0.5,0.5,0.694975901854827,0.0704955966739843,0.712004405286344,0.534526854219949,0.575281666097644,0.219264134011367,0.800146412884334,0.551401869158878
1767329351,961096436,257_1767329351-961096436.png,-385880,407754,0,0,-3.6944699754902,3.90389476102941,442.88,1262.14,-188,-470,-679,643,-24,-71,-123.876760388705,-235.766995745575,-456.411030893712,428.859199818131,-30.0330754747724,-29.0759438679754,-117.642420351505,22.6797332763671,-1.0471975511966,0.985499956163719,,,,,,,,,,0.5,0.5,0.679144150722944,0.0790988226718315,0.679515418502203,0.494245524296675,0.547285763059065,0.230930302123841,0.773060029282577,0.457943925233645
1767329351,994445068,258_1767329351-994445068.png,-385880,407754,0,0,-3.6944699754902,3.90389476102941,430.31,1274.32,-187,-531,-483,642,-69,-77,-134.839502584657,-283.493945599144,-471.590662971549,465.747455812078,-34.3370619695191,-37.0339938633422,-117.309281945229,21.1644461154937,-1.0471975511966,0.985499956163719,,,,,,,,,,0.5,0.5,0.660785745582007,0.0894226938692478,0.680066079295154,0.455242966751918,0.614202799590304,0.230631169608136,0.740117130307467,0.429906542056075
1767329352,27794434,259_1767329352-27794434.png,-385880,407754,0,0,-3.6944699754902,3.90389476102941,415.64,1287.84,-411,-382,-441,722,-161,-83,-161.309701603056,-299.41591886914,-469.145088274868,493.928912590714,-46.7818252069097,-42.3255120873941,-120.110826581717,13.6736974716185,-1.0471975511966,0.985499956163719,,,,,,,,,,0.5,0.5,0.639360303782679,0.100882360420075,0.556718061674009,0.550511508951407,0.628542164561284,0.254561770864493,0.672767203513909,0.401869158878505
1767329352,61143066,260_1767329352-61143066.png,-385880,407754,0,0,-3.6944699754902,3.90389476102941,399.89,1324.75,-454,-339,-452,763,-168,-71,-210.748710365514,-307.399414368215,-465.889811971275,539.339280740072,-67.5443062807278,-47.5998338935371,-120.988350808621,12.2889471054076,-1.0471975511966,0.985499956163719,,,,,,,,,,0.5,0.5,0.616357528844749,0.132167589147221,0.533039647577093,0.578005115089514,0.624786616592694,0.266826204008376,0.667642752562225,0.457943925233645
1767329352,94492676,261_1767329352-94492676.png,-385880,407754,0,0,-3.6944699754902,3.90389476102941,363.13,1342.33,-179,-269,-554,913,-130,-58,-219.880548928277,-286.253146179776,-482.75651859605,620.029421699121,-86.3198366999231,-50.0290730513673,-126.231741517782,4.34139132499683,-1.0471975511966,0.985499956163719,,,,,,,,,,0.5,0.5,0.562669782386447,0.147068546097187,0.684471365638767,0.622762148337596,0.589962444520314,0.311696081364044,0.695461200585652,0.518691588785047
1767329352,127841064,262_1767329352-127841064.png,-385880,407754,0,0,-3.6944699754902,3.90389476102941,342.07,1362.3,-108,-376,-766,938,-25,-60,-208.597628626075,-293.88714038536,-510.407986541917,657.100836527026,-82.0067329058528,-51.1571331945826,-128.773139476776,0.594799041747926,-1.0471975511966,0.985499956163719,,,,,,,,,,0.5,0.5,0.53191178618373,0.163995287296892,0.723568281938326,0.554347826086957,0.517582792762035,0.319174394256656,0.772327964860908,0.509345794392523
1767329352,194539063,263_1767329352-194539063.png,-385880,407754,0,0,-3.6944699754902,3.90389476102941,277.06,1439.63,-440,-268,-440,1197,-182,-77,-243.834097006572,-302.068672947649,-541.860640807332,782.692692565982,-76.1833369112391,-51.6701922315728,-134.375644296408,-13.0536754131318,-1.0471975511966,0.985499956163719,,,,,,,,,,0.5,0.5,0.43696509420184,0.229540850490342,0.540748898678414,0.623401534526854,0.628883578012974,0.39664971582411,0.657393850658858,0.429906542056075
1767329352,227888428,264_1767329352-227888428.png,-385880,407754,0,0,-3.6944699754902,3.90389476102941,277.06,1439.63,-440,-268,-440,1197,-182,-77,-249.940099947663,-301.008226590545,-538.690052224607,795.588723930781,-79.4770635282344,-52.4586262987127,-138.503443449736,-17.6356458663942,-1.0471975511966,0.958291765724142,,,,,,,,,,0.5,0.5,0.43696509420184,0.229540850490342,0.540748898678414,0.623401534526854,0.628883578012974,0.39664971582411,0.657393850658858,0.429906542056075
1767329352,261237061,265_1767329352-261237061.png,-385880,407754,0,0,-3.6944699754902,3.90389476102941,256.89,1462.64,-351,-321,-765,1275,-160,-100,-269.67997548344,-300.977740670725,-553.671149466848,861.351133123687,-92.4791231544723,-58.1291873281215,-142.144003331661,-26.1993467807771,-1.0471975511966,0.959066924432559,,,,,,,,,,0.5,0.5,0.407506937344823,0.249044321447037,0.589757709251101,0.589514066496164,0.517924206213725,0.419982052049058,0.673499267935578,0.322429906542056
1767329352,294586426,266_1767329352-294586426.png,-385880,407754,0,0,-3.6944699754902,3.90389476102941,237.57,1489.08,-444,-350,-721,1351,-232,-104,-292.622007881069,-307.351420192582,-579.348478497549,930.873715471518,-110.908062211019,-64.727704971816,-142.256348252297,-30.3914263248445,-1.0471975511966,0.953429210390525,,,,,,,,,,0.5,0.5,0.37929020008763,0.271455089465074,0.538546255506608,0.570971867007673,0.532946398088085,0.442716123242596,0.620790629575403,0.303738317757009
1767329352,361284424,267_1767329352-361284424.png,-385880,407755,0,50,-3.6944699754902,3.90390433517157,173.15,1627.15,-698,-467,-1005,1666,-271,-94,-409.360049007889,-394.592897137772,-753.754193386842,1168.36868358764,-137.791342151683,-76.4040072160804,-149.70462167263,-46.6135246753694,-1.0471975511966,0.953573322371455,,,,,,,,,,0.5,1,0.285205199357383,0.388484391289975,0.398678414096916,0.49616368286445,0.435984977808126,0.5369428656895,0.592240117130308,0.350467289719626
1767329352,394632813,268_1767329352-394632813.png,-385880,407754,0,0,-3.6944699754902,3.90389476102941,173.15,1627.15,-698,-467,-1005,1666,-271,-94,-418.344466599223,-396.846693420847,-761.574653572362,1183.85831881591,-141.937691971855,-76.9517129185012,-154.264981240034,-53.1367821693422,-1.0471975511966,0.953573322371455,,,,,,,,,,0.5,0.5,0.285205199357383,0.388484391289975,0.398678414096916,0.49616368286445,0.435984977808126,0.5369428656895,0.592240117130308,0.350467289719626
1767329352,427982422,269_1767329352-427982422.png,-385880,407754,0,0,-3.6944699754902,3.90389476102941,173.15,1627.15,-698,-467,-1005,1666,-271,-94,-435.483039943747,-401.146009710236,-776.492874938957,1213.40617172245,-149.847221975625,-77.9965101195136,-154.107438594103,-45.5865683555604,-1.0471975511966,0.953573322371455,,,,,,,,,,0.5,0.5,0.285205199357383,0.388484391289975,0.398678414096916,0.49616368286445,0.435984977808126,0.5369428656895,0.592240117130308,0.350467289719626
1767329352,461330811,270_1767329352-461330811.png,-385880,407754,0,0,-3.6944699754902,3.90389476102941,149.25,1682.25,-509,-568,-986,1776,-177,-113,-476.836913171378,-421.656049629934,-828.548467692716,1333.05764879666,-167.986502803477,-84.3736260697005,-159.512722879648,-56.1702222824098,-1.0471975511966,0.953573322371455,,,,,,,,,,0.5,0.5,0.250299401197605,0.435187618135431,0.502753303964758,0.431585677749361,0.442471833390236,0.569847442416991,0.661054172767203,0.261682242990654
1767329352,494680176,271_1767329352-494680176.png,-385880,407754,0,0,-3.6944699754902,3.90389476102941,138.66,1708.7,-479,-563,-1041,1856,-195,-132,-478.825389997842,-442.605137747682,-856.552172431016,1405.07464576661,-170.933720167358,-90.2795700953515,-161.413754791021,-56.9346721172334,-1.0471975511966,0.953573322371455,,,,,,,,,,0.5,0.5,0.234832773477435,0.457606862238195,0.519273127753304,0.434782608695652,0.423694093547286,0.593778043673347,0.64787701317716,0.172897196261682
1767329352,561378662,272_1767329352-561378662.png,-385880,407754,0,0,-3.6944699754902,3.90389476102941,119,1772.55,-612,-711,-1277,1964,-338,-117,-505.886276292754,-516.539607544895,-955.600591214979,1543.75925036582,-205.659699768496,-99.5499195328287,-164.838976085186,-58.7924213409425,-1.0471975511966,0.953573322371455,,,,,,,,,,0.5,0.5,0.206119468380313,0.511726663219725,0.446035242290749,0.340153452685422,0.343120518948447,0.626084355369429,0.543191800878477,0.242990654205607
1767329352,594727295,273_1767329352-594727295.png,-385880,407754,0,0,-3.6944699754902,3.90389476102941,110.28,1797.06,-682,-789,-1067,2026,-380,-107,-516.679332786323,-533.237229661592,-962.427657766394,1573.31317464122,-216.344072740089,-100.006494623464,-164.753061443567,-57.5730271339418,-1.0471975511966,0.953573322371455,,,,,,,,,,0.5,0.5,0.193383963779758,0.532501546885462,0.407488986784141,0.290281329923274,0.414817343803346,0.644630571343105,0.512445095168375,0.289719626168224
1767329352,628076904,274_1767329352-628076904.png,-385880,407754,0,0,-3.6944699754902,3.90389476102941,102.73,1820.18,-715,-795,-1046,2094,-391,-106,-553.42691405078,-584.735399584486,-980.696884048879,1671.27981000786,-250.147202371346,-101.276339955232,-164.577790379524,-55.0858068466188,-1.0471975511966,0.953573322371455,,,,,,,,,,0.5,0.5,0.18235723674602,0.552098254774155,0.38931718061674,0.286445012787724,0.421987026288836,0.664971582411008,0.504392386530015,0.294392523364486
1767329352,661425537,275_1767329352-661425537.png,-385880,407754,0,0,-3.6944699754902,3.90389476102941,96.33,1842.06,-724,-706,-1140,2083,-299,-98,-573.693277205023,-599.143255408274,-999.624224089084,1720.19767323277,-255.951567886184,-100.887066964244,-168.704420626164,-59.0126574039461,-1.0471975511966,0.953573322371455,,,,,,,,,,0.5,0.5,0.173010077406163,0.570643928156706,0.384361233480176,0.343350383631714,0.389894161829976,0.661681124738259,0.571742313323573,0.331775700934579
1767329352,694775146,276_1767329352-694775146.png,-385880,407754,0,0,-3.6944699754902,3.90389476102941,90.84,1869.89,-575,-868,-972,2083,-297,-104,-577.971214918729,-634.017946940546,-1000.19238795372,1773.25454852121,-262.009422529826,-101.177737234615,-170.821765214205,-61.0191411972047,-1.0471975511966,0.953573322371455,,,,,,,,,,0.5,0.5,0.164991967284942,0.594232871951788,0.466409691629956,0.239769820971867,0.447251621713896,0.661681124738259,0.573206442166911,0.303738317757009
1767329352,728123779,277_1767329352-728123779.png,-385880,407754,0,0,-3.6944699754902,3.90389476102941,86.35,1885.07,-508,-942,-1119,2114,-266,-113,-569.576203236451,-677.028099354543,-1013.53504699162,1822.23550387253,-263.443294057813,-102.906646546635,-176.058012604714,-64.1376953125001,-1.0471975511966,0.911450768349474,,,,,,,,,,0.5,0.5,0.158434350810574,0.607099568567287,0.503303964757709,0.192455242966752,0.397063844315466,0.670954232725097,0.595900439238653,0.261682242990654
1767329352,761473633,278_1767329352-761473633.png,-385880,407754,0,0,-3.6944699754902,3.90389476102941,82.79,1897.12,-683,-787,-1172,2167,-330,-101,-586.163506557377,-693.110591078812,-1036.7092513146,1872.65449384405,-273.176668367317,-102.627815071254,-174.726108372212,-61.7841641902925,-1.0471975511966,0.899184177967054,,,,,,,,,,0.5,0.5,0.153234993427779,0.617313250663253,0.406938325991189,0.29156010230179,0.378968931375896,0.686808256057433,0.54904831625183,0.317757009345794
1767329352,828171875,279_1767329352-828171875.png,-385880,407754,0,0,-3.6944699754902,3.90389476102941,83.45,1923.15,-673,-515,-928,2029,-292,-115,-623.689623814924,-678.42536826493,-1018.58571681703,1935.03143625993,-278.991038522746,-100.984206673798,-176.648959875107,-61.4825396537782,-1.0471975511966,0.89824653510685,,,,,,,,,,0.5,0.5,0.154198919234701,0.639376499207486,0.412444933920705,0.465473145780051,0.462273813588255,0.645527968890218,0.576866764275256,0.252336448598131
1767329352,861520508,280_1767329352-861520508.png,-385880,407754,0,0,-3.6944699754902,3.90389476102941,90.67,1926.14,-562,-386,-846,1930,-283,-118,-621.349807623087,-655.72905208932,-1005.36203597365,1937.46876744413,-279.616836737064,-102.43654194314,-172.812932819128,-57.641949415207,-1.0471975511966,0.891859544548622,,,,,,,,,,0.5,0.5,0.164743683364977,0.641910848540842,0.473568281938326,0.547953964194373,0.490269716626835,0.615913849835477,0.583455344070278,0.238317757009346
1767329352,894870117,281_1767329352-894870117.png,-385880,407754,0,0,-3.6944699754902,3.90389476102941,101.97,1926.76,-490,-476,-778,1783,-255,-83,-602.538617362924,-619.808617382246,-969.742333237855,1918.71247562001,-276.874728905307,-100.967696765555,-169.994828671217,-54.3756637573243,-1.0471975511966,0.891859544548622,,,,,,,,,,0.5,0.5,0.181247261574412,0.642436365793912,0.513215859030837,0.490409207161125,0.513485831341755,0.571941370026922,0.603953147877013,0.401869158878505
1767329352,961568359,282_1767329352-961568359.png,-385880,407754,0,0,-3.6944699754902,3.90389476102941,118.6,1926.76,-451,-509,-859,1626,-189,-69,-585.63787969092,-605.708853878182,-954.291582252753,1888.37893412856,-268.30247275581,-97.5658420045873,-168.513888835907,-54.0959625244142,-1.0471975511966,0.891859544548622,,,,,,,,,,0.5,0.5,0.205535270921571,0.642436365793912,0.534691629955947,0.469309462915601,0.485831341754865,0.524977565061322,0.652269399707174,0.467289719626168
1767329352,994916992,283_1767329352-994916992.png,-385880,407754,0,0,-3.6944699754902,3.90389476102941,141.99,1918.51,-391,-502,-814,1452,-198,-59,-558.819387920487,-590.734280762172,-935.009365473475,1829.33463294261,-257.774454543581,-92.2001873667962,-163.862874060869,-44.9391860961915,-1.0471975511966,0.891859544548622,,,,,,,,,,0.5,0.5,0.239696217321455,0.635443595894184,0.56773127753304,0.473785166240409,0.501194947080915,0.472928507328747,0.645680819912152,0.514018691588785
1767329353,28266602,284_1767329353-28266602.png,-385880,407754,0,0,-3.6944699754902,3.90389476102941,212.32,1864.08,-255,-228,-630,1122,-181,-55,-507.165773247182,-550.409347682004,-904.11037039476,1735.78008111311,-239.317690025303,-86.2230242771624,-159.721632480621,-33.1977524757386,-1.0471975511966,0.891859544548622,,,,,,,,,,0.5,0.5,0.342412735504601,0.589308266725434,0.642621145374449,0.648976982097187,0.564015022191874,0.374214777146276,0.658125915080527,0.532710280373832
1767329353,61615234,285_1767329353-61615234.png,-385880,407754,0,0,-3.6944699754902,3.90389476102941,260.26,1825.27,-213,-200,-646,946,-96,-44,-461.013407525592,-492.975715578511,-857.720121546697,1618.92265220611,-224.03023963962,-80.1530392245233,-150.16588523984,-4.28621673583996,-1.0471975511966,0.891859544548622,,,,,,,,,,0.5,0.5,0.412428800934716,0.556412581900169,0.665748898678414,0.666879795396419,0.558552406964834,0.321567454382291,0.720351390922401,0.58411214953271
1767329353,94964844,286_1767329353-94964844.png,-385880,407754,0,0,-3.6944699754902,3.90389476102941,315.07,1774.3,-184,-219,-645,674,-42,-30,-408.321274905285,-437.058727047518,-815.561304877681,1452.98717321,-192.192115668309,-71.3109584142513,-150.16588523984,-4.28621673583996,-1.0471975511966,0.891859544548622,,,,,,,,,,0.5,0.5,0.492478457718709,0.51320997804694,0.681718061674009,0.654731457800512,0.558893820416524,0.240203410110679,0.759882869692533,0.649532710280374
1767329353,128313477,287_1767329353-128313477.png,-385880,407754,0,0,-3.6944699754902,3.90389476102941,372.07,1681.86,-160,-188,-595,481,-31,-30,-378.817387418291,-407.467220386372,-789.355672977725,1337.50210167061,-173.040337205983,-66.4026642316492,-136.47694888711,7.79968500137317,-1.0471975511966,0.891859544548622,,,,,,,,,,0.5,0.5,0.575726595589309,0.43485705083108,0.694933920704846,0.674552429667519,0.575964493001024,0.182470834579719,0.767935578330893,0.649532710280374
1767329353,161663086,288_1767329353-161663086.png,-385880,407754,0,0,-3.6944699754902,3.90389476102941,426.67,1580.7,-118,-143,-538,303,-21,-29,-341.82697125761,-370.025331355197,-754.16038209231,1191.09688922242,-151.079965015064,-60.9602587185778,-130.264079958201,11.3683116436003,-1.0471975511966,0.891859544548622,,,,,,,,,,0.5,0.5,0.655469548707463,0.349112977733325,0.718061674008811,0.703324808184143,0.595425059747354,0.129225246784325,0.775256222547584,0.654205607476635
1767329353,195011719,289_1767329353-195011719.png,-385880,407754,0,0,-3.6944699754902,3.90389476102941,500.15,1455.57,-117,89,-377,199,-126,-24,-286.503099992457,-298.459726369235,-678.061708663346,996.222201894147,-132.354834350222,-53.0808262494985,-120.322723388672,23.6735897064208,-1.0471975511966,0.891859544548622,,,,,,,,,,0.5,0.5,0.762786621878195,0.243051729545089,0.718612334801762,0.851662404092072,0.650392625469444,0.0981154651510619,0.698389458272328,0.677570093457944
1767329353,228361328,290_1767329353-228361328.png,-385880,407754,0,0,-3.6944699754902,3.90389476102941,529.58,1399.41,-106,11,-391,186,-104,-22,-261.040526445834,-246.577105541892,-634.891878389378,878.838270557192,-130.077230888454,-48.7054239032361,-104.241294801235,40.3797202110289,-1.0471975511966,0.883843154442251,,,,,,,,,,0.5,0.5,0.805768949905068,0.195450037718577,0.724669603524229,0.801790281329923,0.645612837145784,0.094226742446904,0.714494875549048,0.686915887850467
1767329353,261709717,291_1767329353-261709717.png,-385880,407754,0,0,-3.6944699754902,3.90389476102941,543.34,1352.46,-60,-134,-381,141,-69,-17,-230.083789750489,-215.186564961646,-591.838293760475,755.031699253364,-122.403024016362,-43.4962184443343,-98.9060799777508,48.0803880691527,-1.0471975511966,0.890511504929784,,,,,,,,,,0.5,0.5,0.82586534248576,0.15565481992558,0.75,0.709079283887468,0.649026971662684,0.0807657792402034,0.740117130307467,0.710280373831776
1767329353,328407959,292_1767329353-328407959.png,-385880,407754,0,0,-3.6944699754902,3.90389476102941,559.58,1278.38,-139,-45,-230,79,-47,13,-194.98791081394,-192.959012348862,-528.321296647317,608.49857608959,-105.823939694859,-34.0881543557514,-101.75619918108,47.8127231597899,-1.0471975511966,0.904172620812528,,,,,,,,,,0.5,0.5,0.849583759310647,0.0928639842683868,0.706497797356828,0.765984654731458,0.700580402867873,0.0622195632665271,0.756222547584187,0.850467289719626
1767329353,361757568,293_1767329353-361757568.png,-385880,407754,0,0,-3.6944699754902,3.90389476102941,563.22,1259.95,-190,13,-309,95,-104,9,-189.923261646298,-173.574153192328,-495.335749689493,546.08509357941,-100.609092753978,-28.6179589716291,-100.598462045193,45.8007943630217,-1.0471975511966,0.91430274276398,,,,,,,,,,0.5,0.5,0.854899956185191,0.077242560116631,0.6784140969163,0.80306905370844,0.673608740184363,0.0670056835177984,0.714494875549048,0.831775700934579
1767329353,395106201,294_1767329353-395106201.png,-385880,407754,0,0,-3.6944699754902,3.90389476102941,565.09,1245.98,-172,95,-344,58,-97,13,-187.801772787138,-122.130244948305,-457.846291318877,440.866914181861,-100.535301260101,-19.7347108584617,-103.92854732275,39.5112421512603,-1.0471975511966,0.930132222009284,,,,,,,,,,0.5,0.5,0.857631079304805,0.0654014697530917,0.688325991189427,0.855498721227622,0.661659269375213,0.0559377804367335,0.719619326500732,0.850467289719626
1767329353,461804199,295_1767329353-461804199.png,-385880,407754,0,0,-3.6944699754902,3.90389476102941,566.08,1227.12,-137,88,-366,95,-123,-10,-188.090533906934,-89.925269945482,-444.807530195509,378.119909536557,-107.10967863216,-16.7771837574705,-99.5574207603932,51.1679916381835,-1.0471975511966,0.938619625592347,,,,,,,,,,0.5,0.5,0.859076968015189,0.0494155739580772,0.707599118942731,0.851023017902813,0.654148173438033,0.0670056835177984,0.700585651537335,0.742990654205607
1767329353,495153809,296_1767329353-495153809.png,-385880,407754,0,0,-3.6944699754902,3.90389476102941,566.22,1223.04,19,39,-423,85,-64,-6,-158.136396690628,-55.9790261147013,-433.965611518545,313.651610057111,-103.651337490726,-14.6774472728043,-98.648920506239,50.5492672920226,-1.0471975511966,0.946990450681842,,,,,,,,,,0.5,0.5,0.859281437125748,0.0459573313894847,0.793502202643172,0.819693094629156,0.634687606691704,0.0640143583607538,0.743777452415813,0.761682242990654
1767329353,528502686,297_1767329353-528502686.png,-385880,407754,0,0,-3.6944699754902,3.90389476102941,566.3,1218.72,7,-8,-515,108,19,-23,-138.515984908245,-50.2784763379509,-443.59358029104,289.217449242826,-89.0787187618802,-15.6662778084135,-100.659440010786,45.672980070114,-1.0471975511966,0.959569981429122,,,,,,,,,,0.5,0.5,0.859398276617497,0.0422956627874452,0.786894273127753,0.789641943734015,0.603277569136224,0.0708944062219563,0.804538799414348,0.682242990654206
1767329353,561852539,298_1767329353-561852539.png,-385880,407754,0,0,-3.6944699754902,3.90389476102941,566.29,1216.49,-22,60,-514,109,44,-30,-120.681049071323,-36.0162855417339,-453.917372234768,262.834691660181,-70.3027551687981,-17.5704683333369,-100.484233886004,45.9826288223265,-1.0471975511966,0.964880921377338,,,,,,,,,,0.5,0.5,0.859383671681028,0.040405495893337,0.770925110132159,0.833120204603581,0.603618982587914,0.0711935387376608,0.822840409956076,0.649532710280374
1767329353,595201660,299_1767329353-595201660.png,-385880,407754,0,0,-3.6944699754902,3.90389476102941,566.33,1214.71,-11,50,-416,115,6,-23,-104.942805046515,-23.1628221730541,-451.060255271017,241.21507618359,-59.1441008094695,-18.3644929667501,-95.2164260149002,55.8271951675414,-1.0471975511966,0.976274132886982,,,,,,,,,,0.5,0.5,0.859442091426902,0.0388967528119412,0.776982378854626,0.826726342710998,0.637077500853534,0.0729883338318875,0.79502196193265,0.682242990654206
1767329353,628551514,300_1767329353-628551514.png,-385880,407754,0,0,-3.6944699754902,3.90389476102941,566.27,1211.08,-275,-151,-583,44,-228,18,-110.669302637248,-18.7592070817925,-454.166741834803,210.958676196065,-61.545819088352,-15.7640423294848,-101.95803040266,47.8664567470549,-1.0471975511966,0.976817958639606,,,,,,,,,,0.5,0.5,0.859354461808091,0.0358199340560609,0.631607929515419,0.698209718670077,0.580061454421304,0.0517499252168711,0.623718887262079,0.873831775700934
1767329353,661900391,301_1767329353-661900391.png,-385880,407754,0,0,-3.6944699754902,3.90389476102941,566.28,1210.25,-263,-181,-459,30,-231,7,-129.820465816947,-35.4049832014442,-465.614140970363,190.685979035935,-81.4161814424275,-12.0948167004135,-103.622748345137,50.2331705093383,-1.0471975511966,0.971168792641032,,,,,,,,,,0.5,0.5,0.859369066744559,0.0351164190237246,0.638215859030837,0.679028132992327,0.622396722430864,0.0475620699970087,0.621522693997072,0.822429906542056
1767329353,695250244,302_1767329353-695250244.png,-385880,407754,0,0,-3.6944699754902,3.90389476102941,566.32,1209.43,-300,-191,-406,40,-250,5,-150.448573262216,-57.008331825278,-462.997160259809,167.498235099777,-103.883000287859,-9.3646092687313,-98.9399133324624,47.6859118938445,-1.0471975511966,0.959379052716638,,,,,,,,,,0.5,0.5,0.859427486490434,0.0344213800761154,0.61784140969163,0.672634271099744,0.640491635370434,0.0505533951540532,0.607613469985359,0.813084112149533
1767329353,728599121,303_1767329353-728599121.png,-385880,407754,0,0,-3.6944699754902,3.90389476102941,566.29,1208.85,-97,84,-391,100,-91,-3,-161.771852871121,-58.7257346205313,-450.322017799658,147.611893613751,-118.506490110028,-7.23634418273912,-98.8548429012299,47.8286283016204,-1.0471975511966,0.959379052716638,,,,,,,,,,0.5,0.5,0.859383671681028,0.0339297671619526,0.729625550660793,0.84846547314578,0.645612837145784,0.0685013460963207,0.724011713030747,0.775700934579439
1767329353,795298096,304_1767329353-795298096.png,-385880,407754,0,0,-3.6944699754902,3.90389476102941,566.35,1207.04,54,-79,-552,43,-54,7,-111.838549694257,-50.6111697305758,-463.935990446335,125.612496644647,-97.7616912674001,-2.83788886687569,-101.378057867289,45.4924352169036,-1.0471975511966,0.959379052716638,,,,,,,,,,0.5,0.5,0.859471301299839,0.0323955958263759,0.812775330396476,0.744245524296675,0.590645271423694,0.0514507927011666,0.751098096632504,0.822429906542056
1767329353,828647949,305_1767329353-828647949.png,-385880,407754,0,0,-3.6944699754902,3.90389476102941,566.33,1206.63,-133,-117,-524,24,-135,3,-109.804117286192,-59.2777122056605,-473.48785778369,111.273640132906,-100.985784523002,-1.87443149978332,-98.1547976732255,46.546043395996,-1.0471975511966,0.959379052716638,,,,,,,,,,0.5,0.5,0.859442091426902,0.0320480763525713,0.709801762114538,0.719948849104859,0.600204848071014,0.0457672749027819,0.691800878477306,0.803738317757009
1767329353,861996826,306_1767329353-861996826.png,-385880,407754,0,0,-3.6944699754902,3.90389476102941,566.31,1206.07,-104,-175,-261,31,-183,-13,-109.11451055218,-73.0270671899404,-448.241459339604,101.73605843534,-110.730169842747,-3.19629778524129,-98.0826501548291,46.6747174262999,-1.0471975511966,0.959379052716638,,,,,,,,,,0.5,0.5,0.859412881553965,0.0315734156078623,0.725770925110132,0.682864450127877,0.689996585865483,0.0478612025127131,0.656661786237189,0.728971962616822
1767329353,928695557,307_1767329353-928695557.png,-385880,407754,0,0,-3.6944699754902,3.90389476102941,566.39,1205.08,131,-21,17,112,-298,-2,-68.4473473910815,-68.5348943153168,-344.463600388432,93.9100327866369,-143.40321834103,-5.67435024025842,-100.015307486057,47.1229271888732,-1.0471975511966,0.959379052716638,,,,,,,,,,0.5,0.5,0.859529721045713,0.030734283219895,0.855176211453744,0.781329923273657,0.784909525435302,0.0720909362847742,0.572474377745242,0.780373831775701
1767329353,962045654,308_1767329353-962045654.png,-385880,407754,0,0,-3.6944699754902,3.90389476102941,566.57,1204.13,-191,52,-121,60,-56,-1,-79.515767935453,-28.8587412396081,-272.077319400163,81.0322355076945,-157.105654557748,-4.11352004852207,-103.879972755909,45.3803827762603,-1.0471975511966,0.959379052716638,,,,,,,,,,0.5,0.5,0.859792609902147,0.0299290551708357,0.677863436123348,0.828005115089514,0.737794469102083,0.0565360454681424,0.749633967789166,0.785046728971963
1767329353,995394531,309_1767329353-995394531.png,-385880,407754,0,0,-3.6944699754902,3.90389476102941,566.57,1204.13,-191,52,-121,60,-56,-1,-89.605506288384,-21.5407239061556,-258.404259133423,79.1287398355263,-147.955216136116,-3.83173488424876,-102.891986846924,50.2718586921691,-1.0471975511966,0.959379052716638,,,,,,,,,,0.5,0.5,0.859792609902147,0.0299290551708357,0.677863436123348,0.828005115089514,0.737794469102083,0.0565360454681424,0.749633967789166,0.785046728971963
1767329354,28744385,310_1767329354-28744385.png,-385880,407754,0,0,-3.6944699754902,3.90389476102941,566.73,1204.06,-200,46,-131,38,-28,0,-105.502942676433,-11.4988742656365,-239.498142870087,73.7174238265769,-131.180742923089,-3.29880342988437,-102.891986846924,50.2718586921691,-1.0471975511966,0.959379052716638,,,,,,,,,,0.5,0.5,0.860026288885643,0.0298697225777468,0.672907488986784,0.824168797953964,0.734380334585183,0.0499551301226443,0.7701317715959,0.789719626168224
1767329354,62093262,311_1767329354-62093262.png,-385880,407754,0,0,-3.6944699754902,3.90389476102941,567.09,1204,22,-83,-203,54,-67,-2,-88.2857800714515,-14.7873034321096,-242.542187230279,73.9938618618662,-124.623323362278,-2.932658934213,-99.0125803649426,52.7238297462462,-1.0471975511966,0.971142783237201,,,,,,,,,,0.5,0.5,0.86055206659851,0.0298188660693853,0.795154185022026,0.741687979539642,0.709798566063503,0.0547412503739156,0.741581259150805,0.780373831775701
1767329354,95443115,312_1767329354-95443115.png,-385880,407754,0,0,-3.6944699754902,3.90389476102941,567.04,1204.42,-74,-101,-128,55,-76,-1,-75.145552049677,-25.3231339626738,-234.424960816163,71.1010496935645,-116.476523809851,-2.76513845803581,-102.014072984457,50.160665988922,-1.0471975511966,0.965198771568332,,,,,,,,,,0.5,0.5,0.860479041916168,0.0301748616279168,0.742290748898678,0.730179028132992,0.735404574940253,0.0550403828896201,0.734992679355783,0.785046728971963
1767329354,128791992,313_1767329354-128791992.png,-385880,407754,0,0,-3.6944699754902,3.90389476102941,566.02,1203.8,-31,-96,-31,58,-78,8,-72.3427872637284,-36.0838342259389,-212.916575296701,68.9302565170739,-110.679732167232,-1.95544011794438,-102.014072984457,50.160665988922,-1.0471975511966,0.964635568377801,,,,,,,,,,0.5,0.5,0.858989338396378,0.0296493443748463,0.765969162995595,0.733375959079284,0.768521679754182,0.0559377804367335,0.733528550512445,0.827102803738318
1767329354,162141846,314_1767329354-162141846.png,-385880,407754,0,0,-3.6944699754902,3.90389476102941,564.37,1203.32,41,-113,-283,95,-102,-16,-58.6818021080326,-47.9769012386734,-204.285323424374,70.3899653962205,-107.204223768293,-2.40706494816016,-106.080309718847,49.6816489696502,-1.0471975511966,0.976647367381435,,,,,,,,,,0.5,0.5,0.856579523879071,0.0292424923079532,0.805616740088106,0.722506393861893,0.682485489928303,0.0670056835177984,0.715959004392387,0.714953271028037
1767329354,195490723,315_1767329354-195490723.png,-385880,407754,0,0,-3.6944699754902,3.90389476102941,563.06,1203.36,72,-151,-208,111,-97,-29,-37.771924801879,-63.7288753933976,-208.977517707688,76.5440000225957,-105.710781041779,-6.30072258333235,-105.146093517542,51.4564335346221,-1.0471975511966,0.965353526408498,,,,,,,,,,0.5,0.5,0.854666277201694,0.0292763966468609,0.822687224669603,0.698209718670077,0.708091498805053,0.0717918037690697,0.719619326500732,0.654205607476635
1767329354,228840576,316_1767329354-228840576.png,-385880,407754,0,0,-3.6944699754902,3.90389476102941,561.69,1203.22,73,-98,-392,65,-8,-21,-21.5998645405411,-70.1944555398339,-230.696223791546,76.1174934127413,-93.8625105830076,-8.66979943659873,-99.4797534048558,49.1433100700377,-1.0471975511966,0.960753280670795,,,,,,,,,,0.5,0.5,0.852665400905506,0.0291577314606838,0.823237885462555,0.732097186700767,0.645271423694094,0.0580317080466647,0.784773060029283,0.691588785046729
1767329354,295539307,317_1767329354-295539307.png,-385880,407754,0,0,-3.6944699754902,3.90389476102941,560.03,1203.78,44,-36,-412,71,-90,17,-7.02737137619585,-59.6633211133706,-271.22003539003,73.561330681172,-90.586250893326,-4.11603968234675,-99.6215807497502,48.9646279811858,-1.0471975511966,0.975931160823659,,,,,,,,,,0.5,0.5,0.850240981451731,0.0296323922053926,0.80726872246696,0.771739130434783,0.638443154660294,0.0598265031408914,0.724743777452416,0.869158878504673
1767329354,328888184,318_1767329354-328888184.png,-385880,407754,0,0,-3.6944699754902,3.90389476102941,559.83,1204.21,-61,-72,-412,57,-159,0,-4.24006720141394,-54.9677439194212,-297.275866411334,73.6038369860823,-98.5035513782624,-2.03202932282383,-102.138626486063,47.7761843204497,-1.0471975511966,0.975931160823659,,,,,,,,,,0.5,0.5,0.84994888272236,0.0299968638486511,0.749449339207049,0.748721227621483,0.638443154660294,0.055638647921029,0.674231332357247,0.789719626168224
1767329354,362238037,319_1767329354-362238037.png,-385880,407754,0,0,-3.6944699754902,3.90389476102941,559.71,1205.24,-32,-57,-302,28,-62,-24,-11.6380683559239,-56.9916712371024,-310.629393153742,70.2729863748407,-104.331369849522,-2.48190314195795,-106.974068760872,46.6919121742247,-1.0471975511966,0.975931160823659,,,,,,,,,,0.5,0.5,0.849773623484738,0.0308699005755263,0.765418502202643,0.758312020460358,0.675998634346193,0.0469638049655998,0.745241581259151,0.677570093457944
1767329354,428936768,320_1767329354-428936768.png,-385880,407754,0,0,-3.6944699754902,3.90389476102941,559.69,1205.99,-79,-68,-288,30,-62,-21,-21.7733945853546,-58.3004798687165,-307.03724925079,61.0621727339459,-94.8698801712443,-6.93497550595033,-102.6143065691,51.8312790393828,-1.0471975511966,0.975931160823659,,,,,,,,,,0.5,0.5,0.849744413611801,0.0315056069300469,0.739537444933921,0.751278772378517,0.680778422669853,0.0475620699970087,0.745241581259151,0.691588785046729
1767329354,462285645,321_1767329354-462285645.png,-385880,407754,0,0,-3.6944699754902,3.90389476102941,559.97,1206.51,-161,-262,-724,84,-28,-15,-47.5688409791295,-85.6999845252962,-363.82505159805,62.5551387232272,-78.3463294906888,-9.60395320836269,-108.340975254774,43.5140361785887,-1.0471975511966,0.975931160823659,,,,,,,,,,0.5,0.5,0.85015335183292,0.031946363335848,0.694383259911894,0.627237851662404,0.531922157733015,0.0637152258450494,0.7701317715959,0.719626168224299
1767329354,495635498,322_1767329354-495635498.png,-385880,407754,0,0,-3.6944699754902,3.90389476102941,560.03,1206.85,-181,-78,-527,42,-99,-21,-68.3973116306836,-104.8911772349,-413.99617200096,63.6872125942423,-73.9968572282911,-10.9041867849017,-102.872829765081,47.8473992347716,-1.0471975511966,0.975931160823659,,,,,,,,,,0.5,0.5,0.850240981451731,0.0322345502165638,0.683370044052863,0.744884910485933,0.599180607715944,0.0511516601854622,0.718155197657394,0.691588785046729
1767329354,528984619,323_1767329354-528984619.png,-385880,407754,0,0,-3.6944699754902,3.90389476102941,560,1206.93,51,130,-333,110,-101,-43,-63.8676702089501,-82.1337873974469,-412.964335546413,66.669888335149,-77.8343699718187,-14.3716989238697,-107.463710784912,48.0448522567748,-1.0471975511966,0.975931160823659,,,,,,,,,,0.5,0.5,0.850197166642325,0.0323023588943795,0.811123348017621,0.877877237851662,0.665414817343803,0.0714926712533653,0.716691068814056,0.588785046728972
1767329354,562334717,324_1767329354-562334717.png,-385880,407754,0,0,-3.6944699754902,3.90389476102941,560.13,1206.87,44,65,-375,107,-127,-41,-50.6488473158867,-60.9129552827523,-406.037455944664,71.6342311643822,-82.1801557545522,-17.6505546786983,-103.784771800041,50.7776708602904,-1.0471975511966,0.975931160823659,,,,,,,,,,0.5,0.5,0.850387030816416,0.0322515023860178,0.80726872246696,0.836317135549872,0.651075452372823,0.0705952737062519,0.697657393850659,0.598130841121495
1767329354,595683838,325_1767329354-595683838.png,-385880,407754,0,0,-3.6944699754902,3.90389476102941,560.16,1206.9,-1,-16,-392,96,-113,-36,-37.2015911814048,-45.5350527885378,-401.894360498874,77.3496541361103,-89.4163780519348,-21.6928480918852,-107.817889511585,47.9229128360747,-1.0471975511966,0.975931160823659,,,,,,,,,,0.5,0.5,0.850430845625821,0.0322769306401988,0.782488986784141,0.784526854219949,0.645271423694094,0.0673048160335028,0.707906295754026,0.621495327102804
1767329354,662383057,326_1767329354-662383057.png,-385880,407754,0,0,-3.6944699754902,3.90389476102941,560.15,1207.04,-312,18,-213,107,-75,-8,-87.511011029891,-50.4910464356653,-358.209156995984,78.7069245778816,-83.5336556708228,-19.2484997313949,-99.8249055743218,50.09632897377,-1.0471975511966,0.97985857775784,,,,,,,,,,0.5,0.5,0.850416240689353,0.0323955958263759,0.611233480176211,0.806265984654731,0.706384431546603,0.0705952737062519,0.735724743777452,0.752336448598131
1767329354,695733154,327_1767329354-695733154.png,-385880,407754,0,0,-3.6944699754902,3.90389476102941,560.01,1207.11,-234,28,-494,111,-38,-20,-119.247127839642,-37.7496244075984,-358.546161711178,83.9584505114122,-78.7102610866756,-18.3906177823013,-98.3353288173676,48.8530054092406,-1.0471975511966,0.973930034254023,,,,,,,,,,0.5,0.5,0.850211771578794,0.0324549284194645,0.654185022026432,0.812659846547315,0.610447251621714,0.0717918037690697,0.762811127379209,0.696261682242991
1767329354,729082031,328_1767329354-729082031.png,-385880,407754,0,0,-3.6944699754902,3.90389476102941,559.86,1207.01,-66,68,-573,142,44,-61,-116.068151433887,-23.3817443810374,-387.741434786053,91.5962705937156,-63.0140217762552,-23.497324944476,-98.3346794247628,48.8630356788634,-1.0471975511966,0.973930034254023,,,,,,,,,,0.5,0.5,0.849992697531766,0.0323701675721951,0.746696035242291,0.838235294117647,0.583475588938204,0.0810649117559079,0.822840409956076,0.504672897196262
1767329354,762432129,329_1767329354-762432129.png,-385880,407754,0,0,-3.6944699754902,3.90389476102941,559.81,1206.91,-81,58,-612,137,36,-60,-110.528294016901,-11.2060447813314,-419.467707349081,98.3733372455585,-48.3146026224723,-28.8629713109219,-102.904325306416,49.1285512447356,-1.0471975511966,0.973930034254023,,,,,,,,,,0.5,0.5,0.849919672849423,0.0322854067249257,0.738436123348018,0.831841432225064,0.570160464322294,0.0795692491773856,0.816983894582723,0.509345794392523
1767329354,795781250,330_1767329354-795781250.png,-385880,407754,0,0,-3.6944699754902,3.90389476102941,559.52,1206.66,-108,77,-329,52,-143,-48,-98.5124844487379,16.3033038059524,-415.147941326777,93.1383098450301,-51.2421864494495,-34.6448464153776,-105.177848815918,46.1568689346312,-1.0471975511966,0.973930034254023,,,,,,,,,,0.5,0.5,0.849496129691836,0.0320735046067521,0.723568281938326,0.843989769820972,0.666780471150563,0.0541429853425067,0.685944363103953,0.565420560747663
1767329354,829131348,331_1767329354-829131348.png,-385880,407754,0,0,-3.6944699754902,3.90389476102941,559.42,1206.7,-140,-36,-496,56,-139,-32,-101.861062785654,18.254541460716,-412.784034668764,87.3673065734769,-64.4158784501462,-35.6173751200408,-99.8467901051045,52.9851899147033,-1.0471975511966,0.973930034254023,,,,,,,,,,0.5,0.5,0.84935008032715,0.03210740894566,0.705947136563877,0.771739130434783,0.609764424718334,0.0553395154053246,0.68887262079063,0.64018691588785
1767329354,862480469,332_1767329354-862480469.png,-385880,407754,0,0,-3.6944699754902,3.90389476102941,559.28,1206.58,-153,-39,-431,72,-123,-21,-108.235270269592,10.1364044118157,-420.97019148253,83.7606476984766,-73.8751370778539,-34.0928225895893,-103.792564511299,45.9801928997039,-1.0471975511966,0.973930034254023,,,,,,,,,,0.5,0.5,0.849145611216591,0.0320056959289364,0.698788546255507,0.769820971867008,0.631956299078184,0.0601256356565959,0.700585651537335,0.691588785046729
1767329354,895830566,333_1767329354-895830566.png,-385880,407754,0,0,-3.6944699754902,3.90389476102941,558.87,1206.88,-154,-46,-398,86,-91,-18,-116.090168760953,0.813128065754641,-418.782666950019,83.3916005871135,-78.5626974380263,-31.4737263521279,-104.566185921431,49.2520668506621,-1.0471975511966,0.973930034254023,,,,,,,,,,0.5,0.5,0.848546808821382,0.032259978470745,0.698237885462555,0.7653452685422,0.643222942983954,0.0643134908764583,0.724011713030747,0.705607476635514
1767329354,929179688,334_1767329354-929179688.png,-385880,407755,0,0,-3.6944699754902,3.90390433517157,557.9,1207.51,-153,-75,-435,117,-58,-36,-121.515358391756,-9.47849706049364,-420.139466440828,87.4562721507138,-76.4607100875002,-31.6419446451582,-103.052192002535,48.0104627609252,-1.0471975511966,0.973930034254023,,,,,,,,,,0.5,1,0.847130129983934,0.0327939718085423,0.698788546255507,0.746803069053709,0.630590645271424,0.0735865988632964,0.748169838945827,0.621495327102804
1767329354,962529785,335_1767329354-962529785.png,-385880,407755,0,0,-3.6944699754902,3.90390433517157,555.91,1207.83,-182,-76,-472,137,-63,-41,-129.565317645617,-19.1792947609402,-426.708792712125,94.1530683004268,-74.3550489567705,-32.8733414740579,-99.2800651788712,45.4248025417327,-1.0471975511966,0.973930034254023,,,,,,,,,,0.5,1,0.844223747626698,0.0330652065198044,0.682819383259912,0.74616368286445,0.617958347558894,0.0795692491773856,0.744509516837482,0.598130841121495
1767329354,995878906,336_1767329354-995878906.png,-385880,407754,0,-50,-3.6944699754902,3.90389476102941,552.16,1208.64,-185,-70,-494,184,-73,-35,-137.672186900119,-26.6114075700447,-436.549581840725,107.292447787627,-74.1568841209776,-33.1843479033645,-101.138561874628,45.0654323101043,-1.0471975511966,0.973930034254023,,,,,,,,,,0.5,0.5,0.838746896451,0.0337517693826869,0.681167400881057,0.75,0.610447251621714,0.0936284774154951,0.737188872620791,0.626168224299065
1767329355,62578125,337_1767329355-62578125.png,-385880,407754,0,0,-3.6944699754902,3.90389476102941,534.67,1215.48,-131,-141,-630,396,-99,-26,-140.628126867382,-51.6221693518407,-460.204415198309,139.47465954523,-76.6082177549749,-32.7929126368045,-84.8866677284241,48.1666483879088,-1.0471975511966,0.972404952860969,,,,,,,,,,0.5,0.5,0.813202862567548,0.0395494113359157,0.710903083700441,0.70460358056266,0.564015022191874,0.15704457074484,0.718155197657394,0.66822429906542
1767329355,95928223,338_1767329355-95928223.png,-385880,407754,0,0,-3.6944699754902,3.90389476102941,518.35,1231.35,-167,-175,-649,474,-110,-32,-141.426337063651,-66.7766225385096,-486.200038939013,181.769591774277,-80.5569633479754,-32.1672121895323,-103.551315158606,45.1071295738219,-1.0471975511966,0.972404952860969,,,,,,,,,,0.5,0.5,0.789367606250913,0.0530009577975742,0.691079295154185,0.682864450127877,0.557528166609764,0.180376906969788,0.710102489019034,0.64018691588785
1767329355,129277344,339_1767329355-129277344.png,-385880,407754,0,0,-3.6944699754902,3.90389476102941,496.49,1246.96,-238,-294,-517,499,-173,-61,-152.271653194536,-96.2493541174507,-502.388071010099,234.534429131671,-91.3469414006515,-34.7629232034888,-99.6763245463372,34.9947550296782,-1.0471975511966,0.972404952860969,,,,,,,,,,0.5,0.5,0.757441215130714,0.0662321260563322,0.651982378854625,0.606777493606138,0.602594742232844,0.187855219862399,0.66398243045388,0.504672897196262
1767329355,162627441,340_1767329355-162627441.png,-385880,407754,0,0,-3.6944699754902,3.90389476102941,469.59,1265.96,-257,-380,-573,590,-207,-69,-163.621734091153,-125.015249074183,-507.55610030142,271.533372073617,-103.132092349215,-38.6042685189472,-113.215770721436,22.0905265808104,-1.0471975511966,0.972404952860969,,,,,,,,,,0.5,0.5,0.718153936030378,0.0823366870375236,0.641519823788546,0.551790281329923,0.583475588938204,0.215076278791505,0.63909224011713,0.467289719626168
1767329355,195976563,341_1767329355-195976563.png,-385880,407754,0,0,-3.6944699754902,3.90389476102941,438.59,1291.3,-301,-452,-525,653,-199,-69,-184.986829972491,-177.635390784261,-513.162846002073,334.054910961626,-120.131676450948,-43.8571532673398,-113.215770721436,22.0905265808104,-1.0471975511966,0.972404952860969,,,,,,,,,,0.5,0.5,0.672878632977946,0.103815085735597,0.617290748898678,0.505754475703325,0.599863434619324,0.233921627280885,0.644948755490483,0.467289719626168
1767329355,229326660,342_1767329355-229326660.png,-385880,407754,0,0,-3.6944699754902,3.90389476102941,404.69,1321.18,-428,-344,-689,787,-214,-58,-210.264718812526,-200.459172213799,-529.411869164874,384.077351037222,-130.859843634154,-45.8489186341504,-126.203363060951,2.87138366699207,-1.0471975511966,0.972404952860969,,,,,,,,,,0.5,0.5,0.623367898349642,0.129141626899703,0.547356828193833,0.574808184143223,0.543871628542165,0.274005384385283,0.633967789165447,0.518691588785047
1767329355,262675781,343_1767329355-262675781.png,-385880,407754,0,0,-3.6944699754902,3.90389476102941,369.72,1370.26,-465,-296,-674,832,-302,-52,-246.502818931008,-215.747803435672,-550.968128517486,448.348097208588,-153.473988590265,-46.9130347598759,-134.529550343752,-10.3251554965974,-1.0471975511966,0.972404952860969,,,,,,,,,,0.5,0.5,0.572294435519205,0.170742250739538,0.526982378854625,0.605498721227622,0.548992830317515,0.287466347591983,0.569546120058565,0.546728971962617
1767329355,296025879,344_1767329355-296025879.png,-385880,407754,0,0,-3.6944699754902,3.90389476102941,335.69,1417.1,-461,-431,-743,832,-375,-31,-272.101190422788,-237.500840313172,-571.830716842018,493.931072644125,-177.727636494604,-45.616856003947,-139.081662625074,-20.0798792839051,-1.0471975511966,0.972404952860969,,,,,,,,,,0.5,0.5,0.52259383671681,0.210444231600539,0.529185022026432,0.519181585677749,0.525435302150905,0.287466347591983,0.51610541727672,0.644859813084112
1767329355,329375000,345_1767329355-329375000.png,-385880,407754,0,0,-3.6944699754902,3.90389476102941,277.56,1470,-564,-505,-700,919,-227,-43,-310.832097692231,-279.926471293545,-609.581165090347,565.609398452387,-208.324764287541,-44.7882723045046,-143.130430698395,-26.6828057765962,-1.0471975511966,0.972404952860969,,,,,,,,,,0.5,0.5,0.437695341025267,0.255282719806067,0.472466960352423,0.471867007672634,0.540116080573575,0.313490876458271,0.624450951683748,0.588785046728972
1767329355,362725098,346_1767329355-362725098.png,-385880,407754,0,0,-3.6944699754902,3.90389476102941,254.54,1492.72,-578,-431,-562,953,-245,-35,-355.850747461129,-312.125621132986,-612.717519969975,629.758261537561,-213.181220724854,-43.755199490425,-146.669555455446,-33.5612781047822,-1.0471975511966,0.972404952860969,,,,,,,,,,0.5,0.5,0.404074777274719,0.274540384305682,0.464757709251101,0.519181585677749,0.587231136906794,0.323661381992223,0.611273792093704,0.626168224299065
1767329355,396074219,347_1767329355-396074219.png,-385880,407754,0,0,-3.6944699754902,3.90389476102941,235.83,1509.75,-645,-444,-758,1012,-391,-43,-394.4020097491,-330.686575975106,-623.039227390348,682.369443908533,-231.048001099653,-43.19885292199,-148.186341762543,-39.0568628311158,-1.0471975511966,0.972404952860969,,,,,,,,,,0.5,0.5,0.376748941142106,0.288975156595665,0.427863436123348,0.510869565217391,0.520314100375555,0.341310200418785,0.504392386530015,0.588785046728972
1767329355,429424316,348_1767329355-429424316.png,-385880,407754,0,0,-3.6944699754902,3.90389476102941,221.1,1530.5,-510,-477,-985,1050,-396,-59,-415.010112876526,-351.178579391409,-669.746772383011,735.090126887712,-255.033740580903,-45.0707862255215,-146.630916595459,-34.7596087455751,-1.0471975511966,0.972404952860969,,,,,,,,,,0.5,0.5,0.355235869723967,0.306563032404072,0.502202643171806,0.489769820971867,0.442813246841926,0.352677236015555,0.500732064421669,0.514018691588785
1767329355,496123535,349_1767329355-496123535.png,-385880,407754,0,0,-3.6944699754902,3.90389476102941,215.39,1552.46,-530,-123,-957,1131,-382,-56,-422.048143410123,-324.576885810135,-723.825310964164,814.629405555362,-285.958672794302,-47.2066457044691,-149.673775523901,-43.3638606071473,-1.0471975511966,0.952834679377153,,,,,,,,,,0.5,0.5,0.346896451000438,0.325176514464439,0.491189427312775,0.716112531969309,0.452372823489246,0.376906969787616,0.510980966325037,0.52803738317757
1767329355,529472412,350_1767329355-529472412.png,-385880,407754,0,0,-3.6944699754902,3.90389476102941,205.36,1562.48,-601,-271,-898,1138,-353,-61,-447.1297728639,-303.135619888821,-758.782031080653,869.936998993145,-299.931593360999,-49.1788012822299,-150.571885496378,-46.0317690372468,-1.0471975511966,0.9491924374113,,,,,,,,,,0.5,0.5,0.332247699722506,0.333669551360835,0.452092511013216,0.621483375959079,0.472516217138955,0.379000897397547,0.532210834553441,0.504672897196262
1767329355,562822266,351_1767329355-562822266.png,-385880,407754,0,0,-3.6944699754902,3.90389476102941,196.79,1572.26,-538,-292,-1089,1143,-318,-83,-463.930301362572,-300.336626346991,-796.427732875456,909.591540774322,-304.524783732804,-52.8986369502542,-152.920348912478,-48.3423132896425,-1.0471975511966,0.939861126914274,,,,,,,,,,0.5,0.5,0.319731269168979,0.341959162223785,0.486784140969163,0.608056265984655,0.407306247866166,0.380496559976069,0.557833089311859,0.401869158878505
1767329355,629520996,352_1767329355-629520996.png,-385880,407754,0,0,-3.6944699754902,3.90389476102941,175.34,1608.14,-829,-305,-770,1198,-442,-46,-519.395565360328,-298.16027883116,-820.104718373699,993.520763792968,-319.486549535875,-56.1021158472504,-153.854824870825,-46.6808707714082,-1.0471975511966,0.931294240784295,,,,,,,,,,0.5,0.5,0.28840368044399,0.372371354224057,0.326541850220264,0.599744245524297,0.516217138955275,0.396948848339815,0.46705710102489,0.574766355140187
1767329355,662869873,353_1767329355-662869873.png,-385880,407754,0,0,-3.6944699754902,3.90389476102941,168.92,1621.8,-685,-350,-715,1251,-469,-66,-559.867791986927,-303.414963342999,-806.468090050309,1033.65485268524,-343.102499141182,-56.166377784746,-154.887553930283,-48.6356270313264,-1.0471975511966,0.931294240784295,,,,,,,,,,0.5,0.5,0.279027311231196,0.383949685961061,0.405837004405286,0.570971867007673,0.534994878798225,0.412802871672151,0.447291361639824,0.481308411214953
1767329355,729568604,354_1767329355-729568604.png,-385880,407754,0,0,-3.6944699754902,3.90389476102941,162.28,1638.8,-470,-349,-1109,1318,-467,-112,-552.622480239678,-310.108830868079,-839.904097140071,1073.40030000992,-361.276353004939,-63.0698796834312,-158.626821488142,-51.5178966522218,-1.0471975511966,0.931294240784295,,,,,,,,,,0.5,0.5,0.269329633416095,0.398359029996864,0.524229074889868,0.571611253196931,0.400477978832366,0.432844750224349,0.448755490483163,0.266355140186916
1767329355,762918457,355_1767329355-762918457.png,-385880,407754,0,0,-3.6944699754902,3.90389476102941,155.25,1667.84,-509,-336,-1153,1370,-420,-112,-545.173339162402,-314.251772707048,-884.484962022809,1115.34930237723,-371.153343966829,-70.2255098984228,-160.008599072695,-54.0329151153566,-1.0471975511966,0.931294240784295,,,,,,,,,,0.5,0.5,0.259062363078721,0.422973580043906,0.502753303964758,0.579923273657289,0.385455786958006,0.448399641040981,0.483162518301611,0.266355140186916
1767329355,796267334,356_1767329355-796267334.png,-385880,407754,0,0,-3.6944699754902,3.90389476102941,148.39,1709.24,-526,-342,-1290,1384,-391,-106,-542.369395003975,-318.309724176312,-943.788222256168,1154.63727135729,-374.055755214926,-75.4572367088324,-161.131269007921,-48.7386522293092,-1.0471975511966,0.931294240784295,,,,,,,,,,0.5,0.5,0.249043376661311,0.45806457081345,0.493392070484582,0.576086956521739,0.338682144076477,0.452587496260844,0.504392386530015,0.294392523364486
1767329355,829617188,357_1767329355-829617188.png,-385880,407753,0,0,-3.6944699754902,3.90388518688725,134.29,1732.08,-792,-606,-1163,1534,-375,-115,-577.590921309212,-364.569868282851,-987.471301324504,1212.61324852928,-368.196211461605,-80.8409644829589,-161.131269007921,-48.7386522293092,-1.0471975511966,0.931294240784295,,,,,,,,,,0.5,0,0.228450416240689,0.477423948329787,0.346916299559471,0.407289002557545,0.382041652441106,0.497457373616512,0.51610541727672,0.252336448598131
1767329355,862966064,358_1767329355-862966064.png,-385880,407754,0,50,-3.6944699754902,3.90389476102941,131.29,1756.64,-766,-553,-1021,1594,-505,-114,-612.291256766347,-401.496287685779,-1004.95403236599,1273.58441426229,-381.13750290119,-86.6537066390259,-162.166270941496,-45.9114058017732,-1.0471975511966,0.931294240784295,,,,,,,,,,0.5,0.5,0.224068935300131,0.498241212419159,0.361233480176211,0.441176470588235,0.430522362581086,0.51540532455878,0.420937042459736,0.257009345794392
1767329355,896315918,359_1767329355-896315918.png,-385880,407754,0,0,-3.6944699754902,3.90389476102941,131.29,1791.44,-796,-738,-1381,1704,-409,-135,-638.334305376598,-445.632940877696,-1050.07343715739,1333.51204576867,-387.845297326405,-93.1479593232425,-164.090096533299,-48.1639177799226,-1.0471975511966,0.931294240784295,,,,,,,,,,0.5,0.5,0.224068935300131,0.527737987268921,0.344713656387665,0.322890025575448,0.307613519972687,0.54830990128627,0.491215226939971,0.158878504672897
1767329355,929664551,360_1767329355-929664551.png,-385880,407754,0,0,-3.6944699754902,3.90389476102941,124.45,1820.17,-735,-657,-1277,1724,-419,-144,-654.14400912939,-478.765350944022,-1086.11215200787,1390.06914866077,-392.12713340456,-100.337798565517,-164.13061863184,-48.7390820980073,-1.0471975511966,0.931294240784295,,,,,,,,,,0.5,0.5,0.214079158755659,0.552089778689428,0.378303964757709,0.374680306905371,0.343120518948447,0.554292551600359,0.48389458272328,0.116822429906542
1767329355,996363281,361_1767329355-996363281.png,-385880,407754,0,0,-3.6944699754902,3.90389476102941,113.15,1851.47,-712,-530,-1061,1650,-472,-86,-676.477205747254,-504.588568183811,-1126.56528210247,1448.82060118329,-392.199875070266,-102.432887795843,-164.13061863184,-48.7390820980073,-1.0471975511966,0.931294240784295,,,,,,,,,,0.5,0.5,0.197575580546225,0.578619923884759,0.390969162995595,0.455882352941176,0.416865824513486,0.532156745438229,0.445095168374817,0.38785046728972
1767329356,29713135,362_1767329356-29713135.png,-385880,407754,0,0,-3.6944699754902,3.90389476102941,109.02,1864.79,-712,-460,-975,1635,-579,-60,-681.672124096756,-501.969521616643,-1109.19357502132,1476.88388823728,-413.5538898193,-97.6766153865747,-164.14808729291,-48.9869730472566,-1.0471975511966,0.909842224254724,,,,,,,,,,0.5,0.5,0.191543741784723,0.589910068741047,0.390969162995595,0.500639386189258,0.446227381358826,0.527669757702662,0.366764275256223,0.509345794392523
1767329356,63062012,363_1767329356-63062012.png,-385880,407754,0,0,-3.6944699754902,3.90389476102941,105.63,1874.76,-877,-339,-1066,1588,-524,-48,-701.040442825145,-484.880871272539,-1097.8047004052,1495.7534022735,-432.771326414555,-91.0806735905642,-164.076329410076,-47.968327522278,-1.0471975511966,0.909842224254724,,,,,,,,,,0.5,0.5,0.186592668321893,0.598360725213809,0.30011013215859,0.578005115089514,0.415158757255036,0.513610529464553,0.407027818448023,0.565420560747663
1767329356,96411865,364_1767329356-96411865.png,-385880,407754,0,0,-3.6944699754902,3.90389476102941,103.33,1883.82,-1039,-335,-974,1524,-491,-72,-746.020855955108,-463.071732580486,-1082.22269286487,1501.63965763288,-442.191933153895,-87.6319980320308,-164.794297873974,-47.5158190727235,-1.0471975511966,0.909842224254724,,,,,,,,,,0.5,0.5,0.183233532934132,0.606040057976419,0.21090308370044,0.580562659846547,0.446568794810516,0.494466048459468,0.431185944363104,0.453271028037383
1767329356,129760742,365_1767329356-129760742.png,-385880,407754,0,0,-3.6944699754902,3.90389476102941,103.32,1888.61,-650,-548,-1024,1516,-392,-90,-770.318400904789,-453.59473869745,-1061.79021173939,1507.37385200196,-442.581859992763,-88.5140364497267,-164.135943651199,-48.8147389888765,-1.0471975511966,0.909842224254724,,,,,,,,,,0.5,0.5,0.183218927997663,0.610100102560625,0.42511013215859,0.444373401534527,0.429498122226016,0.492072988333832,0.503660322108346,0.369158878504673
1767329356,163110596,366_1767329356-163110596.png,-385880,407754,0,0,-3.6944699754902,3.90389476102941,105.16,1889.32,-547,-590,-1078,1505,-357,-86,-752.816913125679,-466.118668554669,-1058.98107271065,1508.05635969356,-435.482623229634,-88.4454504461384,-164.035937190056,-47.3950259685518,-1.0471975511966,0.909842224254724,,,,,,,,,,0.5,0.5,0.185906236307872,0.610701904576238,0.481828193832599,0.417519181585678,0.411061795834756,0.488782530661083,0.529282576866764,0.38785046728972
1767329356,196459473,367_1767329356-196459473.png,-385880,407754,0,0,-3.6944699754902,3.90389476102941,109.68,1889.18,-700,-656,-988,1429,-493,-90,-730.127520349997,-498.558728979957,-1052.06434451484,1498.41966044455,-436.057414568296,-88.4351253983857,-163.978011369705,-46.5734035968782,-1.0471975511966,0.909842224254724,,,,,,,,,,0.5,0.5,0.192507667591646,0.610583239390061,0.397577092511013,0.375319693094629,0.441789006486856,0.466048459467544,0.429721815519766,0.369158878504673
1767329356,229809326,368_1767329356-229809326.png,-385880,407754,0,0,-3.6944699754902,3.90389476102941,115.48,1888.06,-683,-567,-1031,1353,-457,-75,-725.009404794742,-509.210025366948,-1048.34430405611,1483.29339350118,-439.564820910357,-87.2634975385283,-164.310045808554,-48.4027814865114,-1.0471975511966,0.909842224254724,,,,,,,,,,0.5,0.5,0.200978530743391,0.609633917900643,0.406938325991189,0.432225063938619,0.427108228064186,0.443314388274005,0.456076134699854,0.439252336448598
1767329356,296507813,369_1767329356-296507813.png,-385880,407754,0,0,-3.6944699754902,3.90389476102941,142.17,1883.53,-499,-224,-739,1239,-519,-45,-679.358652586049,-465.413397978611,-993.900066715541,1441.55660063068,-450.41883173879,-81.1738701068088,-163.507656306028,-42.7085974216462,-1.0471975511966,0.909842224254724,,,,,,,,,,0.5,0.5,0.239959106177888,0.605794251519338,0.508259911894273,0.65153452685422,0.526800955957665,0.409213281483697,0.410688140556369,0.579439252336449
1767329356,329856689,370_1767329356-329856689.png,-385880,407754,0,0,-3.6944699754902,3.90389476102941,159.68,1878.67,-544,-219,-564,1174,-515,-41,-657.055341280246,-429.656142846489,-940.784863140128,1406.05161101467,-460.086252214942,-75.5217223319713,-163.73390468955,-43.1079454421998,-1.0471975511966,0.909842224254724,,,,,,,,,,0.5,0.5,0.265532349934278,0.601674874342044,0.483480176211454,0.654731457800512,0.586548310003414,0.389769667962908,0.413616398243045,0.598130841121495
1767329356,363206543,371_1767329356-363206543.png,-385880,407754,0,0,-3.6944699754902,3.90389476102941,177.97,1870.99,-664,-478,-781,1126,-379,-49,-651.775114234899,-424.023942662562,-901.452712954471,1360.24621577327,-453.417637083377,-70.5063051336556,-162.281473189592,-38.1720497608186,-1.0471975511966,0.909842224254724,,,,,,,,,,0.5,0.5,0.292244778735212,0.595165241271752,0.417400881057269,0.489130434782609,0.512461590986685,0.375411307209094,0.513177159590044,0.560747663551402
1767329356,396555420,372_1767329356-396555420.png,-385880,407754,0,0,-3.6944699754902,3.90389476102941,216.49,1841.01,-581,-355,-643,1005,-292,-53,-648.081035258923,-421.69548305336,-860.80046654065,1308.97624308448,-427.789038419405,-67.9059956741029,-156.0708771348,-26.4793345928193,-1.0471975511966,0.890783234264147,,,,,,,,,,0.5,0.5,0.348502994011976,0.569753939260377,0.463105726872247,0.567774936061381,0.559576647319904,0.339216272808854,0.576866764275256,0.542056074766355
1767329356,429905273,373_1767329356-429905273.png,-385880,407754,0,0,-3.6944699754902,3.90389476102941,236.79,1816.85,-500,-405,-1124,1018,-148,-95,-627.430351917959,-412.977344577071,-861.085417394302,1249.79403974331,-387.793681474942,-69.9363624448947,-155.435186713934,-19.8507592678071,-1.0471975511966,0.890783234264147,,,,,,,,,,0.5,0.5,0.378151015043084,0.549275718560083,0.507709251101322,0.535805626598465,0.395356777057016,0.343104995513012,0.682284040995608,0.345794392523364
1767329356,496603760,374_1767329356-496603760.png,-385880,407754,0,0,-3.6944699754902,3.90389476102941,259.88,1795.59,-437,-336,-982,943,-94,-90,-601.309462071145,-403.612600605064,-882.663027907059,1206.98505302537,-346.30989329851,-73.0076477553507,-151.546428978443,-7.20789098739636,-1.0471975511966,0.890783234264147,,,,,,,,,,0.5,0.5,0.411873813348912,0.531255562430602,0.542400881057269,0.579923273657289,0.443837487196996,0.320670056835178,0.721815519765739,0.369158878504673
1767329356,529953125,375_1767329356-529953125.png,-385880,407754,0,0,-3.6944699754902,3.90389476102941,286.27,1768.05,-379,-182,-798,816,-155,-70,-570.38937060833,-375.427551367279,-875.328588184607,1153.29009846162,-316.659248969,-73.1163730033579,-148.928792327643,-0.181830406189086,-1.0471975511966,0.890783234264147,,,,,,,,,,0.5,0.5,0.450416240689353,0.507912425092601,0.574339207048458,0.678388746803069,0.506657562307955,0.282680227340712,0.677159590043924,0.462616822429906
1767329356,563303223,376_1767329356-563303223.png,-385880,407754,0,0,-3.6944699754902,3.90389476102941,317.1,1718.12,-331,-160,-573,652,-248,-36,-535.380631565996,-343.923032561031,-831.115502942367,1079.9805183539,-306.618394924853,-67.6884067850981,-140.152575969696,12.1869249343871,-1.0471975511966,0.890783234264147,,,,,,,,,,0.5,0.5,0.49544325982182,0.465591334050975,0.600770925110132,0.692455242966752,0.583475588938204,0.233622494765181,0.609077598828697,0.621495327102804
1767329356,596652588,377_1767329356-596652588.png,-385880,407754,0,0,-3.6944699754902,3.90389476102941,389.71,1621.71,-303,-149,-547,405,-234,-18,-501.455768990896,-327.098196983984,-799.58518339341,980.902264338703,-296.522438841684,-58.2091733607883,-138.317911982536,15.887091398239,-1.0471975511966,0.890783234264147,,,,,,,,,,0.5,0.5,0.60148970351979,0.383873401198518,0.616189427312775,0.699488491048593,0.592352338682144,0.15973676338618,0.619326500732064,0.705607476635514
1767329356,630002686,378_1767329356-630002686.png,-385880,407754,0,0,-3.6944699754902,3.90389476102941,426.29,1577.95,-247,-10,-591,363,-196,-24,-462.091123606117,-283.739867261548,-759.916453171102,877.575678680874,-282.278386530519,-51.8033860232931,-131.504679590464,23.5890488624572,-1.0471975511966,0.890783234264147,,,,,,,,,,0.5,0.5,0.654914561121659,0.346782054433416,0.647026431718062,0.788363171355499,0.577330146807784,0.147173197726593,0.647144948755491,0.677570093457944
1767329356,663352051,379_1767329356-663352051.png,-385880,407754,0,0,-3.6944699754902,3.90389476102941,460.47,1531.04,7,-67,-581,232,-3,-10,-407.647858295701,-248.866361175022,-734.308765107704,790.467202982475,-252.193658560157,-46.4703158814185,-124.573517501354,32.0315268039702,-1.0471975511966,0.890783234264147,,,,,,,,,,0.5,0.5,0.704834233971082,0.307020740979327,0.786894273127753,0.751918158567775,0.580744281324684,0.107986838169309,0.788433382137628,0.742990654205607
1767329356,696702148,380_1767329356-696702148.png,-385880,407754,0,0,-3.6944699754902,3.90389476102941,490.11,1484.26,113,-81,-507,137,-44,22,-323.395638313046,-219.100235447789,-699.022287400253,682.667570412889,-214.000224117531,-35.4879040742772,-122.673459678888,30.3680782318114,-1.0471975511966,0.890783234264147,,,,,,,,,,0.5,0.5,0.748123265663794,0.267369616626688,0.845264317180617,0.742966751918159,0.606008876749744,0.0795692491773856,0.758418740849195,0.892523364485981
1767329356,730051514,381_1767329356-730051514.png,-385880,407754,0,0,-3.6944699754902,3.90389476102941,513.14,1421.3,61,-148,-399,59,-19,16,-277.724297153876,-210.652576874232,-663.375628391983,608.567524680734,-190.831590360731,-29.3704526826152,-103.390850245953,49.4744522571563,-1.0471975511966,0.890783234264147,,,,,,,,,,0.5,0.5,0.781758434350811,0.214004187185855,0.816629955947137,0.700127877237852,0.642881529532264,0.0562369129524379,0.776720351390922,0.864485981308411
1767329356,763401611,382_1767329356-763401611.png,-385880,407754,0,0,-3.6944699754902,3.90389476102941,544.18,1351.45,-150,0,-454,118,-105,-12,-244.873957120159,-153.533667588326,-601.06623740316,496.487942015694,-181.170752079178,-23.4166958504172,-99.4765713810921,51.316582918167,-1.0471975511966,0.924475962701605,,,,,,,,,,0.5,0.5,0.827092157149116,0.154798735368159,0.700440528634361,0.794757033248082,0.624103789689314,0.0738857313790009,0.713762811127379,0.733644859813084
1767329356,796750977,383_1767329356-796750977.png,-385880,407754,0,0,-3.6944699754902,3.90389476102941,550.43,1321.66,-77,89,-276,50,-168,6,-224.392644276194,-123.025791874374,-563.449338915991,434.982920343704,-175.733136808783,-20.1180303235394,-99.0125154256821,51.4805061817168,-1.0471975511966,0.930820702244448,,,,,,,,,,0.5,0.5,0.836220242441945,0.129548478966596,0.740638766519824,0.851662404092072,0.684875384090133,0.0535447203110978,0.667642752562225,0.817757009345794
1767329356,863450439,384_1767329356-863450439.png,-385880,407754,0,0,-3.6944699754902,3.90389476102941,558.03,1266.54,-5,36,-290,73,-188,7,-191.049739105166,-73.6016629775937,-508.280353713627,352.485051223472,-178.311171775384,-14.1075696286547,-95.7846445441247,56.2693867683409,-1.0471975511966,0.945556219846602,,,,,,,,,,0.5,0.5,0.847319994158025,0.0828282999516864,0.780286343612335,0.817774936061381,0.680095595766473,0.0604247681723003,0.653001464128843,0.822429906542056
1767329356,896800537,385_1767329356-896800537.png,-385880,407754,0,0,-3.6944699754902,3.90389476102941,560.34,1253,-244,-109,-333,109,-88,13,-180.527659784747,-67.7837244538954,-474.44956128824,307.443549462406,-170.935188854418,-9.91681039936879,-98.2165549099446,52.9348952770232,-1.0471975511966,0.956098242001957,,,,,,,,,,0.5,0.5,0.850693734482255,0.0713516812314056,0.648678414096916,0.725063938618926,0.665414817343803,0.0711935387376608,0.726207906295754,0.850467289719626
1767329356,930149902,386_1767329356-930149902.png,-385880,407754,0,0,-3.6944699754902,3.90389476102941,561.85,1242.42,-193,-140,-366,102,-65,15,-185.437247313163,-78.5897925138288,-453.925580575436,272.317530861197,-153.869910047905,-5.7187800777992,-95.3727348148823,55.3306968212126,-1.0471975511966,0.956098242001957,,,,,,,,,,0.5,0.5,0.852899079889002,0.0623839835903001,0.676762114537445,0.705242966751918,0.654148173438033,0.0690996111277296,0.743045387994144,0.859813084112149
1767329356,963500000,387_1767329356-963500000.png,-385880,407754,0,0,-3.6944699754902,3.90389476102941,562.68,1234.28,7,-30,-364,84,-128,-15,-162.780564108939,-74.5010627959369,-440.829556248123,245.271343234386,-148.358654295653,-6.25322891232222,-99.4157232940198,55.2397079467772,-1.0471975511966,0.956098242001957,,,,,,,,,,0.5,0.5,0.85411128961589,0.0554844506225683,0.786894273127753,0.775575447570332,0.654831000341413,0.0637152258450494,0.69692532942899,0.719626168224299
1767329357,30199463,388_1767329357-30199463.png,-385880,407754,0,0,-3.6944699754902,3.90389476102941,563.54,1221.05,-191,61,-402,108,-167,-9,-146.890725780899,-60.7570462572841,-424.779888809129,216.16939860338,-145.814000876264,-7.06465592203709,-98.7511998414994,56.359086036682,-1.0471975511966,0.956098242001957,,,,,,,,,,0.5,0.5,0.855367314152183,0.0442705905288229,0.677863436123348,0.833759590792839,0.641857289177194,0.0708944062219563,0.668374816983895,0.747663551401869
1767329357,63548828,389_1767329357-63548828.png,-385880,407754,0,0,-3.6944699754902,3.90389476102941,563.75,1217.02,-165,11,-276,150,-260,-24,-151.747947439041,-46.0153025579977,-413.726658512671,202.924460647393,-154.611746522915,-8.26695295383384,-96.4778711497784,59.250812768936,-1.0471975511966,0.956098242001957,,,,,,,,,,0.5,0.5,0.855674017818022,0.0408547283838648,0.692180616740088,0.801790281329923,0.684875384090133,0.0834579718815435,0.600292825768668,0.677570093457944
1767329357,96898926,390_1767329357-96898926.png,-385880,407754,0,0,-3.6944699754902,3.90389476102941,564.06,1214.83,-116,33,-472,160,-272,-32,-148.557473447732,-32.0802194369117,-409.666516880821,193.603699471466,-176.963824646944,-12.5609050025871,-74.0051205456257,63.108454465866,-1.0471975511966,0.956098242001957,,,,,,,,,,0.5,0.5,0.856126770848547,0.0389984658286643,0.719162995594714,0.815856777493606,0.617958347558894,0.0864492970385881,0.591508052708638,0.64018691588785
1767329357,130248291,391_1767329357-130248291.png,-385880,407754,0,0,-3.6944699754902,3.90389476102941,564.12,1213.09,-72,-73,-465,136,-193,-14,-137.361568621794,-38.0644029274417,-417.758586574225,185.179629189878,-179.308984236719,-12.7713608849578,-96.9044571518898,55.6705796718596,-1.0471975511966,0.956098242001957,,,,,,,,,,0.5,0.5,0.856214400467358,0.0375236270861764,0.743392070484582,0.748081841432225,0.620348241720724,0.0792701166616811,0.649341142020498,0.724299065420561
1767329357,196947754,392_1767329357-196947754.png,-385880,407754,0,0,-3.6944699754902,3.90389476102941,564.46,1209.98,-147,-31,-487,85,-140,2,-141.776964357403,-39.0125589088813,-446.93440231846,164.916570312228,-170.523028338259,-9.46981219792129,-92.7027571201325,58.230877637863,-1.0471975511966,0.956098242001957,,,,,,,,,,0.5,0.5,0.856710968307288,0.0348875647360972,0.702092511013216,0.774936061381074,0.612837145783544,0.0640143583607538,0.68814055636896,0.799065420560748
1767329357,230297852,393_1767329357-230297852.png,-385880,407754,0,0,-3.6944699754902,3.90389476102941,564.54,1208.09,-285,93,-490,49,-178,0,-155.030304774412,-26.6183256706339,-453.065179720318,149.971290898715,-170.574192949012,-8.0300726407726,-92.7027571201325,58.230877637863,-1.0471975511966,0.956098242001957,,,,,,,,,,0.5,0.5,0.856827807799036,0.0332855847227048,0.626101321585903,0.854219948849105,0.611812905428474,0.0532455877953934,0.660322108345534,0.789719626168224
1767329357,263647217,394_1767329357-263647217.png,-385880,407754,0,0,-3.6944699754902,3.90389476102941,564.73,1207.18,-295,162,-604,16,-151,0,-175.225444222994,-0.927000599379519,-472.011319503993,131.284223586058,-168.452195555783,-6.85574014281158,-96.4197505116463,59.3208813667296,-1.0471975511966,0.956098242001957,,,,,,,,,,0.5,0.5,0.857105301591938,0.0325142610125532,0.620594713656388,0.898337595907928,0.572891771935814,0.0433742147771463,0.6800878477306,0.789719626168224
1767329357,296997314,395_1767329357-296997314.png,-385880,407754,0,0,-3.6944699754902,3.90389476102941,564.99,1205.17,-170,37,-465,43,-164,-3,-191.45932305572,18.8564647572251,-482.562923912085,107.928498971608,-159.649259855876,-3.89377934939523,-96.3039638102055,59.4956946372985,-1.0471975511966,0.984133884593884,,,,,,,,,,0.5,0.5,0.85748502994012,0.0308105679824376,0.68942731277533,0.818414322250639,0.620348241720724,0.0514507927011666,0.670571010248902,0.775700934579439
1767329357,330346680,396_1767329357-330346680.png,-385880,407754,0,0,-3.6944699754902,3.90389476102941,565.14,1204.36,-361,238,-783,-38,-18,21,-205.037008973632,40.1832163597147,-508.307945154968,89.3769795022814,-147.18759571249,-1.56723009081106,-97.7311339378357,58.5104355812072,-1.0471975511966,0.979916188582845,,,,,,,,,,0.5,0.5,0.857704103987147,0.0301240051195552,0.584251101321586,0.94693094629156,0.511778764083305,0.0272210589291056,0.777452415812591,0.88785046728972
1767329357,363696777,397_1767329357-363696777.png,-385880,407754,0,0,-3.6944699754902,3.90389476102941,565.22,1203.11,-287,242,-764,-33,-17,16,-223.197802042274,74.8444793586674,-553.521818023706,67.9581991418903,-124.743030727684,1.73869338671328,-76.488592684269,65.223551750183,-1.0471975511966,0.983909305548665,,,,,,,,,,0.5,0.5,0.857820943478896,0.0290644945286872,0.625,0.949488491048593,0.518265619665415,0.0287167215076279,0.778184480234261,0.864485981308411
1767329357,397046143,398_1767329357-397046143.png,-385880,407754,0,0,-3.6944699754902,3.90389476102941,565.37,1202.82,-176,-3,-659,-7,-9,0,-217.590072130209,65.5955144386953,-566.05403627423,59.0521629009216,-110.991211205592,1.53211336623161,-95.2594158053399,58.8924455642699,-1.0471975511966,0.98541040563378,,,,,,,,,,0.5,0.5,0.858040017525924,0.028818688071606,0.686123348017621,0.792838874680307,0.554114032092864,0.0364941669159438,0.784040995607614,0.789719626168224
1767329357,430396240,399_1767329357-430396240.png,-385880,407754,0,0,-3.6944699754902,3.90389476102941,565.39,1202.68,71,-29,-611,48,-132,-25,-182.160961612998,52.4748334315832,-573.943582113686,55.9273092318016,-110.689874586264,-1.66227993964813,-95.2459084391594,58.9165182113646,-1.0471975511966,0.979618700675874,,,,,,,,,,0.5,0.5,0.858069227398861,0.0287000228854289,0.822136563876652,0.776214833759591,0.570501877773984,0.0529464552796889,0.693997071742313,0.672897196261682
1767329357,497095703,400_1767329357-497095703.png,-385880,407754,0,0,-3.6944699754902,3.90389476102941,565.43,1202.54,-66,118,-641,14,-119,-12,-136.259042725837,53.9486055615365,-578.729152929116,48.8772534494923,-115.679747561489,-5.2536542230284,-94.9220563471318,61.2621684074401,-1.0471975511966,0.978202712890333,,,,,,,,,,0.5,0.5,0.858127647144735,0.0285813576992516,0.746696035242291,0.870204603580563,0.560259474223285,0.0427759497457374,0.703513909224012,0.733644859813084
1767329357,530444824,401_1767329357-530444824.png,-385880,407754,0,0,-3.6944699754902,3.90389476102941,565.44,1202.56,-178,151,-554,16,-87,-2,-139.291329346796,67.2364397446592,-577.498992224394,44.0143669065664,-112.36327950937,-5.05211845950898,-94.0844048261643,59.9464836120604,-1.0471975511966,0.98505720027853,,,,,,,,,,0.5,0.5,0.858142252081203,0.0285983098687054,0.685022026431718,0.891304347826087,0.589962444520314,0.0433742147771463,0.726939970717423,0.780373831775701
1767329357,563794678,402_1767329357-563794678.png,-385880,407754,0,0,-3.6944699754902,3.90389476102941,565.55,1202.81,-208,126,-528,1,-94,-3,-148.516557180011,76.5158416272189,-570.973309039889,38.1352941454794,-109.485800751707,-4.75201290573964,-93.9561497867108,60.256275653839,-1.0471975511966,0.982825846754254,,,,,,,,,,0.5,0.5,0.858302906382357,0.0288102119868791,0.668502202643172,0.875319693094629,0.598839194264254,0.0388872270415794,0.721815519765739,0.775700934579439
1767329357,597143555,403_1767329357-597143555.png,-385880,407754,0,0,-3.6944699754902,3.90389476102941,565.69,1203.21,-250,110,-373,38,-203,-21,-160.57414700954,80.4942073214351,-547.451433044493,38.1192193921285,-120.596537897006,-6.68249100634553,-75.9549218416214,64.4466357231139,-1.0471975511966,0.985944093081167,,,,,,,,,,0.5,0.5,0.858507375492917,0.0291492553759568,0.645374449339207,0.865089514066496,0.651758279276204,0.0499551301226443,0.642020497803807,0.691588785046729
1767329357,630493408,404_1767329357-630493408.png,-385880,407754,0,0,-3.6944699754902,3.90389476102941,566.2,1203.16,-151,-77,-532,97,-183,-47,-161.550471419399,58.2460741939031,-540.555792838661,46.7268841334594,-131.912381475533,-11.0021240290264,-96.9080937504769,59.5017127990722,-1.0471975511966,0.984466736836826,,,,,,,,,,0.5,0.5,0.859252227252811,0.0291068749523221,0.69988986784141,0.745524296675192,0.597473540457494,0.0676039485492073,0.656661786237189,0.570093457943925
1767329357,663842529,405_1767329357-663842529.png,-385880,407754,0,0,-3.6944699754902,3.90389476102941,566.46,1202.95,-50,-69,-745,98,-3,-47,-153.091304725472,44.9553410458759,-581.575259705763,61.3873869170109,-120.341257842831,-17.2231519315897,-96.2654548287392,58.381188392639,-1.0471975511966,0.9934374214657,,,,,,,,,,0.5,0.5,0.859631955600993,0.0289288771730564,0.755506607929515,0.750639386189258,0.524752475247525,0.0679030810649118,0.788433382137628,0.570093457943925
1767329357,730541260,406_1767329357-730541260.png,-385880,407754,0,0,-3.6944699754902,3.90389476102941,566.56,1202.54,-137,57,-480,57,-107,-25,-142.772393527371,37.9116390270159,-579.348259208426,63.5747616398881,-109.323448939454,-20.6612586983716,-97.4450115561486,61.3194842338561,-1.0471975511966,0.983729415572672,,,,,,,,,,0.5,0.5,0.859778004965678,0.0285813576992516,0.707599118942731,0.831202046035806,0.615227039945374,0.055638647921029,0.712298682284041,0.672897196261682
1767329357,763891113,407_1767329357-763891113.png,-385880,407754,0,0,-3.6944699754902,3.90389476102941,566.62,1202.54,-198,110,-540,92,-139,-12,-149.334171563368,46.4767001240965,-574.673159932549,66.9520599993927,-112.849419977684,-19.6321853649249,-93.9892038702965,61.3565962314605,-1.0471975511966,0.983729415572672,,,,,,,,,,0.5,0.5,0.859865634584489,0.0285813576992516,0.674008810572687,0.865089514066496,0.594742232843974,0.066108285970685,0.68887262079063,0.733644859813084
1767329357,797239990,408_1767329357-797239990.png,-385880,407754,0,0,-3.6944699754902,3.90389476102941,566.71,1202.35,-97,168,-449,108,-109,-23,-143.116172279499,60.9152929025624,-559.74150829618,71.8291040779266,-112.392057418012,-20.0323267708846,-92.9770605564118,60.2316298484801,-1.0471975511966,0.983729415572672,,,,,,,,,,0.5,0.5,0.859997079012706,0.0284203120894396,0.729625550660793,0.902173913043478,0.625810856947764,0.0708944062219563,0.710834553440703,0.682242990654206
1767329357,830590088,409_1767329357-830590088.png,-385880,407754,0,0,-3.6944699754902,3.90389476102941,566.74,1202.12,-92,101,-497,117,-143,-1,-134.415326412824,69.623097629017,-547.623153164304,79.3962091350493,-116.778075970916,-19.8604017089985,-92.9545266330243,60.2836439609526,-1.0471975511966,0.983729415572672,,,,,,,,,,0.5,0.5,0.860040893822112,0.0282253621407199,0.732378854625551,0.859335038363171,0.609423011266644,0.0735865988632964,0.685944363103953,0.785046728971963
1767329357,863938965,410_1767329357-863938965.png,-385880,407754,0,0,-3.6944699754902,3.90389476102941,566.75,1201.68,-97,-19,-517,53,-162,-2,-128.953127124065,60.8879462567026,-552.257309011419,77.1766787258955,-127.604534252051,-16.6622971740664,-77.4925536513329,64.0564582347869,-1.0471975511966,0.983729415572672,,,,,,,,,,0.5,0.5,0.86005549875858,0.0278524144127344,0.729625550660793,0.782608695652174,0.602594742232844,0.0544421178582112,0.67203513909224,0.780373831775701
1767329357,897288818,411_1767329357-897288818.png,-385880,407754,0,0,-3.6944699754902,3.90389476102941,566.74,1201.75,-82,1,-524,77,-175,-6,-123.360974642046,50.4306787033882,-547.530207804712,75.1118670892742,-133.431289627541,-14.7631943804831,-96.3982556164265,59.368596792221,-1.0471975511966,0.983729415572672,,,,,,,,,,0.5,0.5,0.860040893822112,0.0279117470058231,0.737885462555066,0.79539641943734,0.600204848071014,0.0616212982351182,0.662518301610542,0.761682242990654
1767329357,930637695,412_1767329357-930637695.png,-385880,407754,0,0,-3.6944699754902,3.90389476102941,566.77,1201.74,-93,20,-519,80,-178,1,-117.986400559585,44.3662530326575,-543.782684288184,75.5718448521036,-139.78188497626,-12.8481227399841,-96.3917616903782,59.3747582435607,-1.0471975511966,0.983729415572672,,,,,,,,,,0.5,0.5,0.860084708631517,0.0279032709210961,0.731828193832599,0.807544757033248,0.601911915329464,0.0625186957822315,0.660322108345534,0.794392523364486
1767329357,963987549,413_1767329357-963987549.png,-385880,407754,0,0,-3.6944699754902,3.90389476102941,566.71,1201.59,-224,76,-511,47,-161,2,-129.232889049767,46.8089105228496,-538.549319902097,72.4162620391344,-144.366779592764,-10.3361248935142,-75.6915282011033,64.1937296390532,-1.0471975511966,0.983729415572672,,,,,,,,,,0.5,0.5,0.859997079012706,0.027776129650192,0.659691629955947,0.843350383631713,0.604643222942984,0.0526473227639845,0.672767203513909,0.799065420560748
1767329357,997336426,414_1767329357-997336426.png,-385880,407754,0,0,-3.6944699754902,3.90389476102941,566.62,1201.68,-161,54,-424,115,-220,-15,-135.606562239122,48.4639746571744,-524.183693832704,76.7786505828114,-153.8092409659,-10.5518947329308,-75.6727607548237,64.2381494045256,-1.0471975511966,0.983729415572672,,,,,,,,,,0.5,0.5,0.859865634584489,0.0278524144127344,0.694383259911894,0.829283887468031,0.634346193240014,0.0729883338318875,0.629575402635432,0.719626168224299
1767329358,30686523,415_1767329358-30686523.png,-385880,407754,0,0,-3.6944699754902,3.90389476102941,566.58,1201.38,-164,-73,-508,137,-205,-29,-139.676585093505,30.7008610276432,-521.816960870875,85.5855307762223,-161.295471118266,-13.2497793611377,-76.4479407072068,65.9974586963652,-1.0471975511966,0.983729415572672,,,,,,,,,,0.5,0.5,0.859807214838615,0.0275981318709263,0.69273127753304,0.748081841432225,0.605667463298054,0.0795692491773856,0.640556368960469,0.654205607476635
1767329358,64035400,416_1767329358-64035400.png,-385880,407754,0,0,-3.6944699754902,3.90389476102941,566.46,1201.32,-105,-20,-682,91,-121,-8,-134.187126050488,10.4572767304776,-560.678638772869,94.3770841021999,-159.471370868098,-13.6724772980563,-95.8051004111767,58.9228229522704,-1.0471975511966,0.983729415572672,,,,,,,,,,0.5,0.5,0.859631955600993,0.0275472753625644,0.725220264317181,0.781969309462916,0.546261522703995,0.0658091534549806,0.702049780380674,0.752336448598131
1767329358,97385254,417_1767329358-97385254.png,-385880,407754,0,0,-3.6944699754902,3.90389476102941,566.46,1201.33,-112,44,-582,75,-148,-7,-130.552273476872,11.7953873621959,-569.370523788889,92.435153541086,-156.288847878354,-12.7524201258758,-80.6284705400467,62.5832982063292,-1.0471975511966,0.986894673646216,,,,,,,,,,0.5,0.5,0.859631955600993,0.0275557514472914,0.72136563876652,0.822890025575448,0.580402867872994,0.0610230332037092,0.682284040995608,0.757009345794392
1767329358,130734131,418_1767329358-130734131.png,-385880,407754,0,0,-3.6944699754902,3.90389476102941,566.52,1201.41,21,-166,-575,47,-111,-15,-112.036976903864,-8.4457589086532,-570.385787881163,86.5586304675252,-150.680576930789,-12.8616826532317,-80.6190543472767,62.6056513786315,-1.0471975511966,0.980134483686568,,,,,,,,,,0.5,0.5,0.859719585219804,0.027623560125107,0.794603524229075,0.688618925831202,0.582792762034824,0.0526473227639845,0.709370424597365,0.719626168224299
1767329358,197432861,419_1767329358-197432861.png,-385880,407754,0,0,-3.6944699754902,3.90389476102941,566.48,1201.38,79,-163,-489,56,-82,-18,-80.5639626054625,-35.2350101764084,-558.606402828932,81.0384217870963,-139.582104441027,-12.9792541233025,-94.9375768303872,57.6325004100798,-1.0471975511966,0.992427493029773,,,,,,,,,,0.5,0.5,0.85966116547393,0.0275981318709263,0.826541850220264,0.690537084398977,0.612154318880164,0.0553395154053246,0.730600292825769,0.705607476635514
1767329358,230782715,420_1767329358-230782715.png,-385880,407754,0,0,-3.6944699754902,3.90389476102941,566.48,1201.38,-48,-52,-528,86,-164,-18,-76.6949284713204,-37.2269151135287,-554.969952968601,81.6279236145465,-142.483276898022,-13.5757858602766,-94.9375768303872,57.6325004100798,-1.0471975511966,0.984696661989366,,,,,,,,,,0.5,0.5,0.85966116547393,0.0275981318709263,0.756607929515419,0.76150895140665,0.598839194264254,0.0643134908764583,0.670571010248902,0.705607476635514
1767329358,264131592,421_1767329358-264131592.png,-385880,407754,0,0,-3.6944699754902,3.90389476102941,566.3,1201.02,38,-32,-358,130,-244,-21,-73.7348352061335,-29.8058871009774,-557.627947399316,84.178136149097,-140.89892171613,-13.1585351902978,-95.1140168011189,58.1768574714659,-1.0471975511966,0.991486505703873,,,,,,,,,,0.5,0.5,0.859398276617497,0.0272929928207563,0.803964757709251,0.774296675191816,0.656879481051553,0.0774753215674544,0.612005856515373,0.691588785046729
1767329358,297481445,422_1767329358-297481445.png,-385880,407754,0,0,-3.6944699754902,3.90389476102941,566.24,1200.99,-7,-24,-302,111,-264,-18,-58.7952315240232,-29.8777443474625,-526.690894715855,90.2878014033714,-156.599146405833,-14.1214315789639,-98.4062424898148,56.0106058120726,-1.0471975511966,0.992113865235725,,,,,,,,,,0.5,0.5,0.859310646998685,0.0272675645665755,0.779185022026432,0.779411764705882,0.675998634346193,0.0717918037690697,0.597364568081991,0.705607476635514
1767329358,330830322,423_1767329358-330830322.png,-385880,407754,0,0,-3.6944699754902,3.90389476102941,566.16,1200.88,-34,-44,-385,59,-240,-22,-52.8752860086391,-30.2438639751531,-498.918308215543,90.1299927508292,-170.834813467543,-14.9337788534788,-94.289223253727,63.971200942993,-1.0471975511966,0.995015823473973,,,,,,,,,,0.5,0.5,0.859193807506937,0.0271743276345792,0.76431718061674,0.766624040920716,0.647661317855924,0.0562369129524379,0.61493411420205,0.686915887850467
1767329358,364180176,424_1767329358-364180176.png,-385880,407754,0,0,-3.6944699754902,3.90389476102941,566.01,1201.01,-211,-167,-407,73,-113,-7,-74.5412719806373,-51.3062444116742,-476.673733348927,85.2195098297399,-167.721220718171,-14.3195233979596,-94.3201992809773,63.9547226428984,-1.0471975511966,0.995015823473973,,,,,,,,,,0.5,0.5,0.858974733459909,0.0272845167360293,0.666850220264317,0.687979539641944,0.640150221918744,0.0604247681723003,0.707906295754026,0.757009345794392
1767329358,397529053,425_1767329358-397529053.png,-385880,407754,0,0,-3.6944699754902,3.90389476102941,565.79,1200.92,-154,-93,-333,76,-100,2,-83.9820312238279,-56.2600200165126,-459.603372924997,84.1241087981302,-159.675034271549,-12.3805458280417,-78.8851111531258,62.3270964622496,-1.0471975511966,0.995015823473973,,,,,,,,,,0.5,0.5,0.858653424857602,0.0272082319734869,0.698237885462555,0.735294117647059,0.665414817343803,0.0613221657194137,0.717423133235725,0.799065420560748
1767329358,430879150,426_1767329358-430879150.png,-385880,407754,0,0,-3.6944699754902,3.90389476102941,565.07,1201.29,-161,103,-624,109,-99,3,-113.586335839828,-37.947093329739,-459.392487913575,85.5892779654151,-146.780659015131,-7.1721169562696,-77.4742407798768,64.1655015945433,-1.0471975511966,0.995015823473973,,,,,,,,,,0.5,0.5,0.857601869431868,0.0275218471083837,0.694383259911894,0.860613810741688,0.566063502902014,0.0711935387376608,0.718155197657394,0.803738317757009
1767329358,464227783,427_1767329358-464227783.png,-385880,407754,0,0,-3.6944699754902,3.90389476102941,565.07,1201.29,-161,103,-624,109,-99,3,-117.877449092982,-25.190856264036,-474.290081027168,87.7080355296723,-142.45633136031,-6.25150247399241,-77.0979827046395,63.305477619171,-1.0471975511966,0.995015823473973,,,,,,,,,,0.5,0.5,0.857601869431868,0.0275218471083837,0.694383259911894,0.860613810741688,0.566063502902014,0.0711935387376608,0.718155197657394,0.803738317757009
1767329358,497577881,428_1767329358-497577881.png,-385880,407754,0,0,-3.6944699754902,3.90389476102941,563.49,1201.57,-145,21,-669,94,-83,-17,-122.282755825928,-16.1866875059455,-501.530534818014,89.0396107765653,-134.200184127395,-7.27481324286511,-77.2779293954373,59.8735492229461,-1.0471975511966,0.995015823473973,,,,,,,,,,0.5,0.5,0.855294289469841,0.0277591774807381,0.703193832599119,0.808184143222506,0.550699897575965,0.0667065510020939,0.7298682284041,0.710280373831776
1767329358,530926514,429_1767329358-530926514.png,-385880,407754,0,0,-3.6944699754902,3.90389476102941,551.55,1205.98,-289,-101,-712,328,-205,-48,-146.511120631315,-42.1926604615974,-544.449392535656,119.040550824927,-141.91126944221,-15.3132535625981,-77.0807088613511,59.0344455242156,-1.0471975511966,0.995015823473973,,,,,,,,,,0.5,0.5,0.83785599532642,0.0314971308453199,0.623898678414097,0.730179028132992,0.536019119153295,0.136703559676937,0.640556368960469,0.565420560747663
1767329358,564276367,430_1767329358-564276367.png,-385880,407754,0,0,-3.6944699754902,3.90389476102941,536.98,1213.09,-301,-123,-736,437,-207,-51,-172.561314330239,-54.9694347768657,-576.256427481902,168.102854420968,-153.051671486117,-21.3185036685886,-81.8228983581067,53.077468395233,-1.0471975511966,0.995015823473973,,,,,,,,,,0.5,0.5,0.816576602891777,0.0375236270861764,0.617290748898678,0.716112531969309,0.527825196312735,0.169309003888723,0.63909224011713,0.551401869158878
1767329358,597625244,431_1767329358-597625244.png,-385880,407754,0,0,-3.6944699754902,3.90389476102941,515.65,1227.39,-435,-105,-790,525,-237,-47,-210.940827329828,-62.2859960660587,-607.514678143771,220.29614522072,-165.328428463732,-25.0742126250821,-105.445463508368,36.6748251914977,-1.0471975511966,0.995015823473973,,,,,,,,,,0.5,0.5,0.785424273404411,0.0496444282457048,0.543502202643172,0.727621483375959,0.509388869921475,0.195632665270715,0.617130307467057,0.570093457943925
1767329358,630975098,432_1767329358-630975098.png,-385880,407754,0,0,-3.6944699754902,3.90389476102941,487.4,1249.06,-389,-110,-930,659,-286,-62,-232.09663767468,-67.9550576644173,-645.830245973722,272.420028590985,-179.665824527935,-29.4614898589549,-113.425719350576,26.0421662330626,-1.0471975511966,0.995015823473973,,,,,,,,,,0.5,0.5,0.744165327880824,0.0680121038489901,0.568832599118943,0.724424552429668,0.461590986684875,0.235716422375112,0.581259150805271,0.5
1767329358,664323975,433_1767329358-664323975.png,-385880,407754,0,0,-3.6944699754902,3.90389476102941,411.26,1328.38,-404,-207,-861,746,-285,-64,-261.405759229668,-89.4065758419968,-684.848789828632,351.950475627596,-197.89588560067,-35.3771658283752,-114.345389157534,15.9737815856932,-1.0471975511966,0.989266456509934,,,,,,,,,,0.5,0.5,0.632963341609464,0.135244407903102,0.56057268722467,0.662404092071611,0.485148514851485,0.2617409512414,0.58199121522694,0.490654205607477
1767329358,731022461,434_1767329358-731022461.png,-385880,407754,0,0,-3.6944699754902,3.90389476102941,322.88,1435.61,-594,-236,-998,1076,-398,-66,-352.577757545445,-123.71793973539,-761.997274306285,521.209481054204,-230.647476595256,-39.0261882894014,-133.39532122016,-8.45723271369946,-1.0471975511966,0.990874923743151,,,,,,,,,,0.5,0.5,0.503884913100628,0.22613346443011,0.455947136563877,0.64386189258312,0.438374871969956,0.360454681423871,0.499267935578331,0.481308411214953
1767329358,764372314,435_1767329358-764372314.png,-385880,407754,0,0,-3.6944699754902,3.90389476102941,322.88,1435.61,-594,-236,-998,1076,-398,-66,-367.373219516072,-130.599099216549,-776.460603440605,555.209587843338,-240.903606563022,-40.6792671495323,-139.748004376888,-20.548149585724,-1.0471975511966,0.983961888050335,,,,,,,,,,0.5,0.5,0.503884913100628,0.22613346443011,0.455947136563877,0.64386189258312,0.438374871969956,0.360454681423871,0.499267935578331,0.481308411214953
1767329358,797721191,436_1767329358-797721191.png,-385880,407754,0,0,-3.6944699754902,3.90389476102941,281.27,1480.75,-633,-248,-1113,1072,-319,-66,-405.149255480682,-147.438880006172,-822.522467194562,630.895675983127,-254.491414011884,-44.3822173952766,-146.581497818232,-32.5999484062196,-1.0471975511966,0.974193922811331,,,,,,,,,,0.5,0.5,0.44311377245509,0.264394510887531,0.434471365638767,0.636189258312021,0.399112325025606,0.359258151361053,0.55710102489019,0.481308411214953
1767329358,831071045,437_1767329358-831071045.png,-385880,407754,0,0,-3.6944699754902,3.90389476102941,214.1,1591.22,-875,-202,-1158,1123,-318,-74,-474.445286319129,-155.167665696653,-883.048945640107,711.263672827063,-263.199710509465,-46.8085535636745,-153.20718562603,-45.0904998779298,-1.0471975511966,0.983433270694824,,,,,,,,,,0.5,0.5,0.345012414195998,0.358029818866069,0.301211453744493,0.665601023017903,0.383748719699556,0.37451390966198,0.557833089311859,0.44392523364486
1767329358,864419678,438_1767329358-864419678.png,-385880,407754,0,0,-3.6944699754902,3.90389476102941,189.6,1620.64,-720,-333,-1008,1234,-420,-101,-534.168650091815,-175.117055119492,-916.98947308609,792.464428451622,-281.901486230763,-53.9512854918238,-153.20718562603,-45.0904998779298,-1.0471975511966,0.961542314315044,,,,,,,,,,0.5,0.5,0.309230319848109,0.382966460132735,0.386563876651982,0.581841432225064,0.434960737453056,0.407717618905175,0.483162518301611,0.317757009345794
1767329358,931118408,439_1767329358-931118408.png,-385880,407754,0,0,-3.6944699754902,3.90389476102941,171.77,1646.8,-645,-413,-1145,1309,-528,-102,-554.55718688591,-205.446443562127,-942.698029277786,863.823176765687,-311.871667629762,-60.9222792087717,-157.641498088837,-52.5032989978792,-1.0471975511966,0.951299732024838,,,,,,,,,,0.5,0.5,0.283189718124726,0.405139897778418,0.427863436123348,0.530690537084399,0.388187094571526,0.430152557583009,0.404099560761347,0.313084112149533
1767329358,964468262,440_1767329358-964468262.png,-385880,407754,0,0,-3.6944699754902,3.90389476102941,159.73,1669.63,-664,-407,-1215,1335,-476,-107,-570.041163188062,-235.086574740814,-980.599975075807,932.015796574195,-337.300374696257,-67.5236270163534,-159.652017593384,-52.1601204872133,-1.0471975511966,0.940698684817331,,,,,,,,,,0.5,0.5,0.26560537461662,0.424490799210029,0.417400881057269,0.534526854219949,0.364288152953226,0.437930002991325,0.442166910688141,0.289719626168224
1767329358,997816895,441_1767329358-997816895.png,-385880,407754,0,0,-3.6944699754902,3.90389476102941,151.81,1696.79,-685,-488,-1168,1321,-458,-102,-583.1053074593,-262.84298990282,-1004.19615683397,978.628655636758,-352.150677519463,-71.7614292933497,-161.269914329052,-55.2882750034333,-1.0471975511966,0.929388873046134,,,,,,,,,,0.5,0.5,0.254038264933548,0.447511845328406,0.405837004405286,0.482736572890026,0.380334585182656,0.433742147771463,0.455344070278184,0.313084112149533
1767329359,31166748,442_1767329359-31166748.png,-385880,407754,0,0,-3.6944699754902,3.90389476102941,135.27,1730.95,-688,-441,-1430,1360,-574,-113,-594.504852490992,-301.270666721,-1070.09769722524,1044.42468124223,-379.329663876902,-79.6667039409518,-162.562075734139,-57.6430957317354,-1.0471975511966,0.917743985796168,,,,,,,,,,0.5,0.5,0.229881700014605,0.476466150755643,0.404185022026432,0.512787723785166,0.290884260839877,0.445408315883937,0.370424597364568,0.261682242990654
1767329359,64515625,443_1767329359-64515625.png,-385880,407754,0,0,-3.6944699754902,3.90389476102941,130.61,1743.28,-1007,-143,-1514,1303,-482,-86,-650.971091967648,-293.609503822253,-1151.54167658662,1100.31423029276,-407.053362821694,-83.0775369828179,-164.320046454668,-54.4705214500428,-1.0471975511966,0.917743985796168,,,,,,,,,,0.5,0.5,0.223075799620272,0.486917163223964,0.22852422907489,0.703324808184143,0.262205530897917,0.428357762488783,0.437774524158126,0.38785046728972
1767329359,97865234,444_1767329359-97865234.png,-385880,407754,0,0,-3.6944699754902,3.90389476102941,125.94,1755.68,-1144,-107,-1336,1334,-505,-72,-719.314841796863,-267.306813428049,-1183.39946435543,1133.63858213002,-420.746403515265,-81.8415361367913,-163.895733326674,-50.6820886135103,-1.0471975511966,0.917743985796168,,,,,,,,,,0.5,0.5,0.21625529428947,0.497427508285373,0.153083700440529,0.726342710997443,0.322977125298737,0.437630870475621,0.420937042459736,0.453271028037383
1767329359,131214111,445_1767329359-131214111.png,-385880,407754,0,0,-3.6944699754902,3.90389476102941,120.94,1768.02,-1064,-103,-1237,1354,-418,-64,-762.532818533544,-247.898205805665,-1192.57057940322,1159.25427189616,-422.883033107567,-79.7217231043566,-164.387323528528,-52.3822193145753,-1.0471975511966,0.917743985796168,,,,,,,,,,0.5,0.5,0.208952826055207,0.50788699683842,0.197136563876652,0.728900255754476,0.356777057016046,0.44361352078971,0.484626647144949,0.490654205607477
1767329359,164563965,446_1767329359-164563965.png,-385880,407754,0,0,-3.6944699754902,3.90389476102941,111.62,1801.15,-896,-477,-1184,1501,-556,-105,-788.259351644635,-266.898927395896,-1182.03172341582,1221.48583309711,-443.495082266132,-83.2603624146577,-164.230949789286,-50.1626639366151,-1.0471975511966,0.917743985796168,,,,,,,,,,0.5,0.5,0.19534102526654,0.535968265538782,0.289647577092511,0.489769820971867,0.374871969955616,0.487586000598265,0.383601756954612,0.299065420560748
1767329359,231262451,447_1767329359-231262451.png,-385880,407754,0,0,-3.6944699754902,3.90389476102941,105.49,1814.55,-884,-699,-1280,1510,-644,-105,-808.227009928838,-334.994013906999,-1193.82863588142,1278.05661645621,-476.290090128676,-87.5770727449416,-164.186596274376,-49.5331928730012,-1.0471975511966,0.917743985796168,,,,,,,,,,0.5,0.5,0.186388199211333,0.547326219072886,0.296255506607929,0.347826086956522,0.342096278593377,0.490278193239605,0.319180087847731,0.299065420560748
1767329359,264611084,448_1767329359-264611084.png,-385880,407754,0,0,-3.6944699754902,3.90389476102941,105.49,1814.55,-884,-699,-1280,1510,-644,-105,-808.227009928838,-334.994013906999,-1193.82863588142,1278.05661645621,-476.290090128676,-87.5770727449416,-164.186596274376,-49.5331928730012,-1.0471975511966,0.917743985796168,,,,,,,,,,0.5,0.5,0.186388199211333,0.547326219072886,0.296255506607929,0.347826086956522,0.342096278593377,0.490278193239605,0.319180087847731,0.299065420560748
1767329359,297960938,449_1767329359-297960938.png,-385880,407754,0,0,-3.6944699754902,3.90389476102941,94.38,1846.31,-960,-746,-1254,1549,-674,-100,-841.991973400601,-435.132404102231,-1228.51977722716,1344.95405920065,-519.20210574396,-91.2983115184797,-164.091849893332,-48.1882770061494,-1.0471975511966,0.917743985796168,,,,,,,,,,0.5,0.5,0.170162114794801,0.574246264165657,0.254405286343612,0.317774936061381,0.350973028337317,0.501944361352079,0.297218155197657,0.322429906542056
1767329359,331309814,450_1767329359-331309814.png,-385880,407754,0,0,-3.6944699754902,3.90389476102941,91.54,1870.64,-1200,-553,-1058,1589,-710,-132,-877.733798870699,-454.600411710384,-1213.80843813321,1372.81759406544,-540.852299335823,-96.1342162872011,-163.929631620646,-45.8863301277162,-1.0471975511966,0.917743985796168,,,,,,,,,,0.5,0.5,0.166014312837739,0.594868578306309,0.122246696035242,0.441176470588235,0.417890064868556,0.513909661980257,0.27086383601757,0.172897196261682
1767329359,364659424,451_1767329359-364659424.png,-385880,407754,0,0,-3.6944699754902,3.90389476102941,89.44,1894.13,-1274,-517,-1122,1592,-677,-137,-933.654786437894,-464.713266011253,-1198.62678307335,1404.78894429278,-561.667926992342,-101.973360891607,-163.674809962511,-42.2694149017335,-1.0471975511966,0.917743985796168,,,,,,,,,,0.5,0.5,0.162947276179349,0.614778901329898,0.0814977973568282,0.464194373401535,0.396039603960396,0.514807059527371,0.29502196193265,0.149532710280374
1767329359,398008301,452_1767329359-398008301.png,-385880,407754,0,0,-3.6944699754902,3.90389476102941,87.61,1909.1,-1169,-424,-1109,1665,-652,-132,-964.58945699418,-462.508782591689,-1188.34594831911,1433.63889267447,-573.108326101616,-105.682475291769,-163.727410763502,-43.0160968303682,-1.0471975511966,0.893641411111255,,,,,,,,,,0.5,0.5,0.160274572805608,0.627467600166131,0.13931718061674,0.523657289002558,0.400477978832366,0.536643733173796,0.313323572474378,0.172897196261682
1767329359,431358154,453_1767329359-431358154.png,-385880,407754,0,0,-3.6944699754902,3.90389476102941,90.73,1940.36,-994,-555,-1047,1656,-660,-112,-983.103905849046,-482.968814107606,-1173.7732362823,1494.13107341177,-588.745077985775,-108.378947949051,-169.014505594969,-28.5455701351167,-1.0471975511966,0.90204728683496,,,,,,,,,,0.5,0.5,0.164831312983789,0.653963841022555,0.23568281938326,0.439897698209719,0.421645612837146,0.533951540532456,0.307467057101025,0.266355140186916
1767329359,464706787,454_1767329359-464706787.png,-385880,407754,0,0,-3.6944699754902,3.90389476102941,93.45,1953,-932,-521,-913,1650,-713,-100,-977.032078580555,-487.487427464413,-1142.78988930236,1512.65038584093,-603.508223995762,-107.383416907088,-173.797152251005,-23.0403850078584,-1.0471975511966,0.893306693455687,,,,,,,,,,0.5,0.5,0.168803855703228,0.664677612117411,0.269823788546255,0.461636828644501,0.467395015363605,0.532156745438229,0.268667642752562,0.322429906542056
1767329359,498056641,455_1767329359-498056641.png,-385880,407754,0,0,-3.6944699754902,3.90389476102941,94.05,1968.55,-923,-469,-940,1688,-662,-104,-970.867132040389,-486.76297540733,-1117.9313787801,1532.40849792697,-611.901620870032,-106.868183165645,-178.843517243862,-32.2885801792146,-1.0471975511966,0.897633546189465,,,,,,,,,,0.5,0.5,0.169680151891339,0.677857923867807,0.274779735682819,0.494884910485933,0.458176852167975,0.543523781034999,0.306002928257687,0.303738317757009
1767329359,531405762,456_1767329359-531405762.png,-385880,407754,0,0,-3.6944699754902,3.90389476102941,93.69,1977.87,-995,-387,-932,1689,-691,-110,-972.421517805632,-474.422589090869,-1090.95986181821,1555.28129690382,-622.673687115714,-107.161615037234,-179.649543344975,-16.0111720561982,-1.0471975511966,0.902652229099174,,,,,,,,,,0.5,0.5,0.169154374178472,0.685757634833317,0.235132158590308,0.547314578005115,0.460908159781495,0.543822913550703,0.284773060029283,0.275700934579439
1767329359,564756104,457_1767329359-564756104.png,-385880,407754,0,0,-3.6944699754902,3.90389476102941,92.58,1997.63,-935,-498,-1024,1719,-688,-110,-979.290683058576,-464.150968988975,-1089.49076442067,1586.34592163235,-632.085921053461,-108.112595261822,-188.540182679892,-13.7252736091615,-1.0471975511966,0.900342294214376,,,,,,,,,,0.5,0.5,0.167533226230466,0.702506378253757,0.268171806167401,0.476342710997442,0.429498122226016,0.552796889021837,0.28696925329429,0.275700934579439
1767329359,598105225,458_1767329359-598105225.png,-385880,407754,0,0,-3.6944699754902,3.90389476102941,91.56,2007.09,-909,-643,-1134,1725,-663,-123,-972.00423766753,-473.614488877454,-1083.33721555947,1605.93225685365,-639.484729911655,-108.793260259592,-188.505245357752,-15.0680401325227,-1.0471975511966,0.8969058820527,,,,,,,,,,0.5,0.5,0.166043522710676,0.710524754405445,0.282488986784141,0.383631713554987,0.391942642540116,0.554591684116063,0.305270863836018,0.214953271028037
1767329359,664804688,459_1767329359-664804688.png,-385880,407754,0,0,-3.6944699754902,3.90389476102941,88.76,2020.69,-981,-672,-1166,1705,-656,-138,-967.63233237796,-505.511712667624,-1094.98870123241,1624.69905618195,-642.915031138865,-112.605975565418,-204.776426464319,-9.14530920982373,-1.0471975511966,0.895452920433442,,,,,,,,,,0.5,0.5,0.161954140499489,0.722052229634087,0.24284140969163,0.365089514066496,0.381017412086036,0.548609033801974,0.310395314787701,0.144859813084112
1767329359,698155029,460_1767329359-698155029.png,-385880,407754,0,0,-3.6944699754902,3.90389476102941,83.59,2029.7,-906,-600,-1129,1719,-634,-148,-962.799465096791,-523.342995818092,-1102.02488548848,1637.70946511513,-642.837518933653,-117.224681362851,-206.239248245955,-12.5230741500856,-1.0471975511966,0.892850766152857,,,,,,,,,,0.5,0.5,0.154403388345261,0.729689181973063,0.284140969162996,0.411125319693095,0.393649709798566,0.552796889021837,0.326500732064422,0.0981308411214953
1767329359,731504150,461_1767329359-731504150.png,-385880,407754,0,0,-3.6944699754902,3.90389476102941,77.92,2039.73,-836,-538,-1091,1759,-678,-130,-946.176071627564,-527.18702726728,-1101.45486747588,1654.35007629093,-646.772892289392,-119.586679544278,-195.128465473652,-11.5902590751649,-1.0471975511966,0.897958231431641,,,,,,,,,,0.5,0.5,0.146122389367606,0.738190694954187,0.322687224669604,0.45076726342711,0.406623420962786,0.564762189650015,0.294289897510981,0.182242990654206
1767329359,764854492,462_1767329359-764854492.png,-385879,407754,0,0,-3.69446040134804,3.90389476102941,72.18,2050.01,-1010,-686,-1136,1809,-680,-125,-950.73724792669,-546.352714904232,-1105.27253019499,1675.59494087662,-651.577228328376,-120.515475708635,-195.391664296389,-14.2969989776613,-1.0471975511966,0.898772973710679,,,,,,,,,,1,0.5,0.137739155834672,0.746904110053484,0.226872246696035,0.35613810741688,0.391259815636736,0.579718815435238,0.292825768667643,0.205607476635514
1767329359,798203613,463_1767329359-798203613.png,-385880,407754,-50,0,-3.6944699754902,3.90389476102941,62.49,2075.82,-1002,-745,-1054,1757,-666,-127,-966.114029397462,-581.674077384955,-1100.52079373365,1694.90560298613,-656.336758401364,-122.202867866493,-197.41757440567,-10.5870888233186,-1.0471975511966,0.880415962195492,,,,,,,,,,0.5,0.5,0.12358697239667,0.768780884733724,0.231277533039648,0.318414322250639,0.419255718675316,0.564163924618606,0.30307467057101,0.196261682242991
1767329359,831553955,464_1767329359-831553955.png,-385880,407754,0,0,-3.6944699754902,3.90389476102941,58.35,2086.1,-906,-581,-1031,1796,-635,-132,-961.833609294467,-594.619340228918,-1088.55072934316,1711.86903892482,-654.572316254174,-123.749472666734,-197.41757440567,-10.5870888233186,-1.0471975511966,0.880415962195492,,,,,,,,,,0.5,0.5,0.1175405286987,0.777494299833021,0.284140969162996,0.423273657289003,0.427108228064186,0.57583009273108,0.325768667642753,0.172897196261682
1767329359,864903320,465_1767329359-864903320.png,-385880,407754,0,0,-3.6944699754902,3.90389476102941,55.41,2095.7,-928,-512,-979,1814,-623,-123,-957.190911985316,-586.756423450872,-1077.00673951651,1723.49398898396,-651.160818695669,-123.915212091734,-207.669015944004,-3.84015631675732,-1.0471975511966,0.880415962195492,,,,,,,,,,0.5,0.5,0.113246677376953,0.785631341170886,0.272026431718062,0.467391304347826,0.444861727552066,0.58121447801376,0.334553440702782,0.214953271028037
1767329359,898253418,466_1767329359-898253418.png,-385880,407754,0,0,-3.6944699754902,3.90389476102941,52.87,2105.05,-1004,-548,-1125,1861,-626,-129,-961.951795781807,-580.101188783954,-1080.0208068261,1742.31398181972,-647.398969215331,-124.49425002223,-220.082090646029,-14.2892613410951,-1.0471975511966,0.880415962195492,,,,,,,,,,0.5,0.5,0.109537023513948,0.793556480390578,0.230176211453744,0.444373401534527,0.395015363605326,0.59527370625187,0.332357247437774,0.186915887850467
1767329359,931602783,467_1767329359-931602783.png,-385880,407754,0,0,-3.6944699754902,3.90389476102941,51.77,2114.82,-1041,-683,-1038,1841,-614,-131,-972.497096695803,-591.446457206412,-1076.26188305495,1757.29457461954,-642.843784411935,-125.390805873027,-217.670766025782,-7.63217139244092,-1.0471975511966,0.880415962195492,,,,,,,,,,0.5,0.5,0.10793048050241,0.801837615168801,0.209801762114537,0.358056265984655,0.424718333902356,0.58929105593778,0.341142020497804,0.177570093457944
1767329359,998302246,468_1767329359-998302246.png,-385880,407754,0,0,-3.6944699754902,3.90389476102941,48.49,2139.3,-914,-723,-773,1852,-706,-140,-973.654087930701,-621.382031315339,-1039.73628565539,1776.86611911995,-644.989262166874,-128.390095853519,-228.991172730923,-11.7973124980928,-1.0471975511966,0.880415962195492,,,,,,,,,,0.5,0.5,0.103140061340733,0.822587070580358,0.279735682819383,0.332480818414322,0.515192898600205,0.592581513610529,0.273792093704246,0.135514018691589
1767329360,31652588,469_1767329360-31652588.png,-385880,407754,0,0,-3.6944699754902,3.90389476102941,46.56,2146.32,-890,-831,-1147,1936,-596,-167,-962.078644216374,-649.074672711003,-1045.16448411907,1797.83415823797,-640.842113276889,-133.295910440067,-229.882464081049,-12.488971233368,-1.0471975511966,0.880415962195492,,,,,,,,,,0.5,0.5,0.100321308602308,0.828537282058671,0.29295154185022,0.263427109974425,0.387504267668146,0.617708644929704,0.354319180087848,0.00934579439252336
1767329360,65001709,470_1767329360-65001709.png,-385880,407754,0,0,-3.6944699754902,3.90389476102941,44.58,2152.56,-1013,-760,-1123,1958,-613,-163,-966.151776058827,-667.244015780436,-1057.20557518874,1820.6536775732,-636.30414797036,-137.749604612043,-230.555754333735,-7.31750750541699,-1.0471975511966,0.880415962195492,,,,,,,,,,0.5,0.5,0.0974295311815393,0.833826358928284,0.225220264317181,0.308823529411765,0.395698190508706,0.624289560275202,0.341874084919473,0.0280373831775701
1767329360,98352051,471_1767329360-98352051.png,-385880,407754,0,0,-3.6944699754902,3.90389476102941,39.68,2163.78,-1009,-737,-1093,1898,-608,-127,-981.349596181609,-669.947476055822,-1036.04531240476,1834.30377998215,-622.344576364768,-138.15893204083,-230.555754333735,-7.31750750541699,-1.0471975511966,0.880415962195492,,,,,,,,,,0.5,0.5,0.0902731123119614,0.843336525991914,0.227422907488987,0.323529411764706,0.405940594059406,0.606341609332934,0.345534407027818,0.196261682242991
1767329360,131701416,472_1767329360-131701416.png,-385880,407754,0,0,-3.6944699754902,3.90389476102941,37.12,2169.97,-1016,-598,-1093,1867,-564,-112,-985.82223386311,-671.234802362603,-1044.3744700035,1841.71900946343,-617.550277556603,-135.607760649218,-226.412499636412,-0.981242895126464,-1.0471975511966,0.880415962195492,,,,,,,,,,0.5,0.5,0.0865342485760187,0.848583222437891,0.223568281938326,0.412404092071611,0.405940594059406,0.597068501346096,0.377745241581259,0.266355140186916
1767329360,165051514,473_1767329360-165051514.png,-385880,407754,0,0,-3.6944699754902,3.90389476102941,34.76,2173.11,-973,-555,-1106,1852,-588,-121,-987.145790394835,-654.686957964178,-1053.95431365161,1844.73042656086,-610.467993988104,-132.3424829758,-230.293204903603,-7.67702102661145,-1.0471975511966,0.880415962195492,,,,,,,,,,0.5,0.5,0.0830874835694465,0.851244713042152,0.247246696035242,0.439897698209719,0.401502219187436,0.592581513610529,0.360175695461201,0.224299065420561
1767329360,198400879,474_1767329360-198400879.png,-385880,407754,0,0,-3.6944699754902,3.90389476102941,33.57,2176.02,-954,-446,-1230,1860,-687,-139,-982.819630128114,-627.157897735313,-1076.29842780321,1846.74404922488,-618.944757106135,-132.822378195036,-232.344246506691,-12.678543329239,-1.0471975511966,0.880910740688704,,,,,,,,,,0.5,0.5,0.0813494961296918,0.853711253697692,0.257709251101322,0.509590792838875,0.359166951177876,0.594974573736165,0.287701317715959,0.14018691588785
1767329360,231751221,475_1767329360-231751221.png,-385880,407754,0,0,-3.6944699754902,3.90389476102941,32.61,2178.9,-831,-546,-1196,1879,-723,-128,-963.990950253717,-612.546372693113,-1094.73637203494,1850.94007771943,-633.174561514088,-132.418857828615,-232.13286921382,-12.3836534023286,-1.0471975511966,0.874651179852495,,,,,,,,,,0.5,0.5,0.0799474222287133,0.856152366099051,0.325440528634361,0.445652173913043,0.370775008535336,0.60065809153455,0.261346998535871,0.191588785046729
1767329360,298450684,476_1767329360-298450684.png,-385880,407754,0,0,-3.6944699754902,3.90389476102941,30.75,2187.91,-790,-811,-987,1968,-707,-162,-921.878805703819,-634.940496313056,-1076.54281578783,1870.46151794327,-656.417862425853,-135.972380306494,-232.236642152071,-10.8505983352662,-1.0471975511966,0.878980512908025,,,,,,,,,,0.5,0.5,0.0772309040455674,0.863789318438027,0.348017621145374,0.276214833759591,0.442130419938546,0.627280885432247,0.273060029282577,0.0327102803738317
1767329360,331800049,477_1767329360-331800049.png,-385880,407754,0,0,-3.6944699754902,3.90389476102941,30.25,2196.2,-1238,-519,-882,1887,-712,-139,-927.334046275423,-656.21962243418,-1060.65112346073,1892.55901651809,-673.06897972829,-142.836497293782,-249.262547343969,-14.3004379272462,-1.0471975511966,0.876204164808361,,,,,,,,,,0.5,0.5,0.0765006572221411,0.870815992676662,0.101321585903084,0.462915601023018,0.477978832365995,0.603051151660186,0.269399707174231,0.14018691588785
1767329360,365150391,478_1767329360-365150391.png,-385880,407754,0,0,-3.6944699754902,3.90389476102941,30.25,2196.2,-1238,-519,-882,1887,-712,-139,-955.450472519718,-643.800735371772,-1044.4825311962,1892.05590481226,-676.592382106186,-142.489279995253,-243.441781669855,-4.88774633407605,-1.0471975511966,0.876653800518225,,,,,,,,,,0.5,0.5,0.0765006572221411,0.870815992676662,0.101321585903084,0.462915601023018,0.477978832365995,0.603051151660186,0.269399707174231,0.14018691588785
1767329360,398499512,479_1767329360-398499512.png,-385880,407754,0,0,-3.6944699754902,3.90389476102941,29.48,2200.14,-1258,-397,-913,1886,-706,-124,-999.147299176092,-611.054416630764,-1024.40400336351,1891.19770668294,-681.05757663513,-140.196800763724,-240.283395797014,-4.97601270675671,-1.0471975511966,0.884005427488535,,,,,,,,,,0.5,0.5,0.0753760771140646,0.874155570059078,0.0903083700440528,0.540920716112532,0.467395015363605,0.602752019144481,0.273792093704246,0.210280373831776
1767329360,465199219,480_1767329360-465199219.png,-385880,407754,0,0,-3.6944699754902,3.90389476102941,28.01,2208.88,-1084,-553,-1023,1932,-765,-128,-1028.76298407632,-588.544540333973,-1029.75367654815,1898.47589825722,-692.646183652231,-135.715762826926,-240.814793765545,-5.92559266090405,-1.0471975511966,0.879929854460267,,,,,,,,,,0.5,0.5,0.0732291514531912,0.881563668110426,0.186123348017621,0.441176470588235,0.429839535677706,0.616512114866886,0.230600292825769,0.191588785046729
1767329360,498549316,481_1767329360-498549316.png,-385880,407754,0,0,-3.6944699754902,3.90389476102941,27.12,2212.47,-1116,-610,-1027,1921,-700,-124,-1044.41080775633,-589.822456869598,-1028.99760653827,1903.52391933158,-697.507331158377,-133.59872245589,-240.909994721413,-3.55228757858288,-1.0471975511966,0.875476045986168,,,,,,,,,,0.5,0.5,0.0719293121074923,0.884606582527399,0.168502202643172,0.404731457800512,0.428473881870946,0.613221657194137,0.278184480234261,0.210280373831776
1767329360,531898682,482_1767329360-531898682.png,-385880,407754,0,0,-3.6944699754902,3.90389476102941,25.96,2213.13,-1135,-602,-1182,1940,-738,-125,-1052.82390265336,-594.366085390682,-1036.86845378446,1906.55594606263,-697.212837741994,-132.686574864659,-238.152543842793,-1.66416096687329,-1.0471975511966,0.869832289478527,,,,,,,,,,0.5,0.5,0.0702351394771433,0.885166004119377,0.158039647577092,0.409846547314578,0.375554796858996,0.618905174992522,0.250366032210835,0.205607476635514
1767329360,565248779,483_1767329360-565248779.png,-385880,407754,0,0,-3.6944699754902,3.90389476102941,25.29,2213.88,-1142,-661,-1159,1926,-757,-122,-1067.45428249032,-599.301142523258,-1060.54003809299,1911.47764711907,-705.42594058473,-131.174353937077,-251.121044039726,-2.79141998291028,-1.0471975511966,0.867629355071859,,,,,,,,,,0.5,0.5,0.069256608733752,0.885801710473898,0.154185022026432,0.372122762148338,0.383407306247866,0.614717319772659,0.236456808199121,0.219626168224299
1767329360,598597900,484_1767329360-598597900.png,-385880,407754,0,0,-3.6944699754902,3.90389476102941,24.82,2215.24,-1088,-714,-1097,1915,-739,-125,-1073.46878326636,-613.12079365483,-1069.32777186783,1912.60588156187,-711.339158223643,-130.104190828114,-240.625365942717,-3.99906444549573,-1.0471975511966,0.867049486008825,,,,,,,,,,0.5,0.5,0.0685701767197313,0.886954457996762,0.183920704845815,0.338235294117647,0.404574940252646,0.61142686209991,0.249633967789165,0.205607476635514
1767329360,631947998,485_1767329360-631947998.png,-385880,407754,0,0,-3.6944699754902,3.90389476102941,24.5,2216.46,-1249,-571,-1080,1902,-689,-112,-1090.16495478676,-614.931520379936,-1071.8360457449,1911.77945338408,-710.859143992825,-128.181196200058,-247.217869788408,-2.95319390296948,-1.0471975511966,0.869774306954563,,,,,,,,,,0.5,0.5,0.0681028187527384,0.887988540333449,0.0952643171806167,0.429667519181586,0.410378968931376,0.607538139395752,0.286237188872621,0.266355140186916
1767329360,698647461,486_1767329360-698647461.png,-385880,407754,0,0,-3.6944699754902,3.90389476102941,23.87,2218.64,-1193,-555,-1115,1925,-672,-123,-1109.42473331694,-604.999558364596,-1078.36537592795,1913.45296424741,-704.595411578543,-126.993478173533,-237.182481169701,-13.4507308006288,-1.0471975511966,0.872191455736417,,,,,,,,,,0.5,0.5,0.0671827077552213,0.889836326803922,0.126101321585903,0.439897698209719,0.398429498122226,0.614418187256955,0.298682284040996,0.214953271028037
1767329360,731996582,487_1767329360-731996582.png,-385880,407754,0,0,-3.6944699754902,3.90389476102941,22.95,2221.75,-1154,-638,-1088,1885,-715,-143,-1126.66538442537,-614.745294727584,-1108.26098320252,1913.54628988134,-700.122824570374,-130.468759640767,-238.812911182642,-9.46900033950818,-1.0471975511966,0.874822629803528,,,,,,,,,,0.5,0.5,0.0658390536001168,0.892472389154002,0.147577092511013,0.386828644501279,0.407647661317856,0.602452886628777,0.267203513909224,0.121495327102804
1767329360,765346680,488_1767329360-765346680.png,-385880,407754,0,0,-3.6944699754902,3.90389476102941,22.95,2221.75,-1154,-638,-1088,1885,-715,-143,-1128.34057500062,-616.170449692587,-1107.01929725257,1911.79684234888,-701.034566094525,-131.236731507381,-239.110527813435,-9.67232823371899,-1.0471975511966,0.876247730746416,,,,,,,,,,0.5,0.5,0.0658390536001168,0.892472389154002,0.147577092511013,0.386828644501279,0.407647661317856,0.602452886628777,0.267203513909224,0.121495327102804
1767329360,798695801,489_1767329360-798695801.png,-385880,407754,0,0,-3.6944699754902,3.90389476102941,22.1,2223.45,-1152,-586,-1035,1908,-734,-141,-1131.8554294654,-613.184547788787,-1097.94077186035,1910.61073065998,-705.33435069864,-132.719386649358,-248.183321774006,-16.9316642284395,-1.0471975511966,0.869626980412987,,,,,,,,,,0.5,0.5,0.0645976340002921,0.893913323557582,0.148678414096916,0.420076726342711,0.425742574257426,0.609332934489979,0.253294289897511,0.130841121495327
1767329360,832045898,490_1767329360-832045898.png,-385880,407754,0,0,-3.6944699754902,3.90389476102941,21.23,2224.85,-1138,-587,-1011,1915,-784,-135,-1133.13802109616,-609.327843210228,-1085.88467748173,1911.06062622638,-715.467136133528,-133.217478459251,-248.247286945581,-17.9533188343049,-1.0471975511966,0.87572644834467,,,,,,,,,,0.5,0.5,0.0633270045275303,0.895099975419354,0.156387665198238,0.419437340153453,0.433936497097986,0.61142686209991,0.216691068814056,0.158878504672897
1767329360,865395264,491_1767329360-865395264.png,-385880,407754,0,0,-3.6944699754902,3.90389476102941,20.52,2226.04,-1222,-600,-1042,1953,-769,-128,-1143.69601226486,-608.219570724611,-1080.67059106357,1916.04358455552,-721.827556089391,-132.597572261177,-235.917269557714,-6.6744239330293,-1.0471975511966,0.872095800599081,,,,,,,,,,0.5,0.5,0.0622900540382649,0.89610862950186,0.110132158590308,0.411125319693095,0.423352680095596,0.62279389769668,0.227672035139092,0.191588785046729
1767329360,898745361,492_1767329360-898745361.png,-385880,407754,0,0,-3.6944699754902,3.90389476102941,19.9,2227.52,-1194,-609,-968,1951,-737,-125,-1151.82055617502,-608.086846009575,-1066.22314378396,1921.21053154827,-724.924112658123,-131.568774781958,-243.002142876387,-2.04473805427563,-1.0471975511966,0.860224430461501,,,,,,,,,,0.5,0.5,0.0613845479772163,0.897363090041448,0.125550660792952,0.40537084398977,0.448617275520656,0.622195632665271,0.251098096632504,0.205607476635514
1767329360,965444580,493_1767329360-965444580.png,-385880,407754,0,0,-3.6944699754902,3.90389476102941,18.62,2231.22,-1145,-672,-1055,1938,-846,-130,-1146.43890730523,-618.647903790449,-1058.12838885206,1928.2883076373,-742.941364105907,-132.282188915754,-241.037795186043,-4.43824696540845,-1.0471975511966,0.863989081943499,,,,,,,,,,0.5,0.5,0.0595151161092449,0.900499241390417,0.152533039647577,0.365089514066496,0.418914305223626,0.618306909961113,0.171303074670571,0.182242990654206
1767329360,998793945,494_1767329360-998793945.png,-385880,407754,0,0,-3.6944699754902,3.90389476102941,17.98,2232.64,-989,-559,-1100,1907,-753,-156,-1115.18073662594,-630.894073734517,-1055.06451875315,1921.56682300759,-759.737549931142,-136.931744740937,-248.143189311028,-8.50867366790784,-1.0471975511966,0.861697074273486,,,,,,,,,,0.5,0.5,0.0585804001752592,0.901702845421643,0.238436123348018,0.437340153452685,0.403550699897576,0.609033801974275,0.239385065885798,0.0607476635514018
1767329361,32144043,495_1767329361-32144043.png,-385880,407754,0,0,-3.6944699754902,3.90389476102941,17.98,2232.64,-989,-559,-1100,1907,-753,-156,-1111.25314300651,-628.656246370173,-1056.46321330947,1921.1134054525,-759.527832038952,-137.525277158735,-239.103644251823,-4.89763331413281,-1.0471975511966,0.865677133605283,,,,,,,,,,0.5,0.5,0.0585804001752592,0.901702845421643,0.238436123348018,0.437340153452685,0.403550699897576,0.609033801974275,0.239385065885798,0.0607476635514018
1767329361,65493164,496_1767329361-65493164.png,-385880,407754,0,0,-3.6944699754902,3.90389476102941,17.86,2233.79,-923,-586,-1064,1909,-729,-159,-1084.15253353166,-619.062096385236,-1060.72895545615,1918.85538319018,-756.227625361955,-140.98952577331,-239.00227406621,-6.55262780189526,-1.0471975511966,0.870983252617221,,,,,,,,,,0.5,0.5,0.0584051409376369,0.902677595165241,0.274779735682819,0.420076726342711,0.415841584158416,0.609632067005683,0.256954612005857,0.0467289719626168
1767329361,98843506,497_1767329361-98843506.png,-385880,407754,0,0,-3.6944699754902,3.90389476102941,18,2234.74,-1061,-510,-827,1905,-769,-143,-1076.98153756629,-605.197218877134,-1033.04855032404,1916.93886046216,-756.998342466099,-141.722396520153,-240.810962349176,-3.60215234756482,-1.0471975511966,0.870983252617221,,,,,,,,,,0.5,0.5,0.0586096100481963,0.9034828232143,0.198788546255507,0.468670076726343,0.496756572208945,0.608435536942866,0.227672035139092,0.121495327102804
1767329361,165542725,498_1767329361-165542725.png,-385880,407754,0,0,-3.6944699754902,3.90389476102941,18.13,2234.63,-982,-531,-1112,1875,-714,-146,-1061.86075368813,-588.938767056362,-1018.28304352151,1912.44532990749,-757.475572230851,-143.072603588656,-252.53652510047,-11.432927131653,-1.0471975511966,0.870983252617221,,,,,,,,,,0.5,0.5,0.0587994742222871,0.903389586282304,0.242290748898678,0.455242966751918,0.399453738477296,0.599461561471732,0.267935578330893,0.107476635514019
1767329361,198891846,499_1767329361-198891846.png,-385880,407754,0,0,-3.6944699754902,3.90389476102941,21.34,2233.98,-964,-519,-848,1848,-809,-124,-1030.18506643465,-576.511476998356,-1011.11510174786,1899.30094684586,-756.30738485489,-141.068035807074,-240.912137717009,-2.53966021537793,-1.0471975511966,0.870983252617221,,,,,,,,,,0.5,0.5,0.0634876588286841,0.902838640775053,0.252202643171806,0.462915601023018,0.489586889723455,0.591384983547712,0.198389458272328,0.210280373831776
1767329361,232242188,500_1767329361-232242188.png,-385880,407754,0,0,-3.6944699754902,3.90389476102941,21.34,2233.98,-964,-519,-848,1848,-809,-124,-1026.12894209622,-572.986909990144,-1001.11866040837,1896.15698960149,-759.536629913614,-140.022028313608,-246.443663924932,-8.21607637405408,-1.0471975511966,0.870983252617221,,,,,,,,,,0.5,0.5,0.0634876588286841,0.902838640775053,0.252202643171806,0.462915601023018,0.489586889723455,0.591384983547712,0.198389458272328,0.210280373831776
1767329361,265591309,501_1767329361-265591309.png,-385880,407754,0,0,-3.6944699754902,3.90389476102941,23.13,2233.74,-961,-574,-795,1787,-793,-132,-1016.68665195363,-571.626500955971,-972.429199081386,1881.86680787185,-764.869229631211,-138.629444571859,-241.890447676182,4.19208359718311,-1.0471975511966,0.870983252617221,,,,,,,,,,0.5,0.5,0.0661019424565503,0.902635214741606,0.253854625550661,0.427749360613811,0.507681802663025,0.57313790008974,0.210102489019034,0.172897196261682
1767329361,298941406,502_1767329361-298941406.png,-385880,407754,0,0,-3.6944699754902,3.90389476102941,27.49,2233.28,-746,-652,-1400,1821,-563,-150,-971.32442285106,-584.807920930174,-1005.65552796638,1865.53873582213,-748.402564176181,-142.294742043216,-242.41080597043,5.88161087036121,-1.0471975511966,0.870983252617221,,,,,,,,,,0.5,0.5,0.0724696947568278,0.902245314844167,0.372246696035242,0.377877237851662,0.301126664390577,0.583308405623691,0.378477306002928,0.0887850467289719
1767329361,332290771,503_1767329361-332290771.png,-385880,407754,0,0,-3.6944699754902,3.90389476102941,29.83,2233,-746,-652,-1400,1821,-592,-161,-944.552868853501,-592.791238274407,-1052.50892358637,1860.24693852844,-727.276935886925,-143.552623728156,-250.558734983206,0.923935174941896,-1.0471975511966,0.870983252617221,,,,,,,,,,0.5,0.5,0.075887249890463,0.902007984471813,0.372246696035242,0.377877237851662,0.301126664390577,0.583308405623691,0.357247437774524,0.0373831775700935
1767329361,365640869,504_1767329361-365640869.png,-385880,407754,0,0,-3.6944699754902,3.90389476102941,32.25,2232.87,-900,-747,-1061,1829,-605,-152,-932.280587178824,-624.459998281109,-1082.75156290876,1856.74299414515,-704.695545258426,-146.016257433498,-255.617957949638,-10.4300434589387,-1.0471975511966,0.870983252617221,,,,,,,,,,0.5,0.5,0.0794216445158463,0.901897795370362,0.287444933920705,0.317135549872123,0.416865824513486,0.585701465749327,0.347730600292826,0.0794392523364486
1767329361,398989990,505_1767329361-398989990.png,-385880,407754,0,0,-3.6944699754902,3.90389476102941,34.61,2232.85,-930,-599,-1143,1850,-668,-137,-929.398352670932,-633.310353474951,-1084.59591057884,1853.97278426877,-693.976815389376,-145.972062104735,-259.425606548786,-2.61832618713391,-1.0471975511966,0.870983252617221,,,,,,,,,,0.5,0.5,0.0828684095224186,0.901880843200908,0.270925110132159,0.411764705882353,0.388869921474906,0.591983248579121,0.301610541727672,0.149532710280374
1767329361,432340332,506_1767329361-432340332.png,-385880,407754,0,0,-3.6944699754902,3.90389476102941,35.12,2232.85,-871,-550,-1182,1837,-623,-112,-924.146618862571,-623.858062123743,-1096.66667664969,1852.2152486036,-686.105250779956,-142.397378204858,-254.715042471886,2.08873605728137,-1.0471975511966,0.869988226335223,,,,,,,,,,0.5,0.5,0.0836132612823134,0.901880843200908,0.3034140969163,0.44309462915601,0.375554796858996,0.588094525874963,0.334553440702782,0.266355140186916
1767329361,465689453,507_1767329361-465689453.png,-385880,407754,0,0,-3.6944699754902,3.90389476102941,36.48,2232.66,-802,-596,-1165,1839,-612,-112,-910.129603124789,-617.220095522847,-1107.60741446723,1850.17115029321,-675.881082598782,-137.952010064908,-253.772578984499,-3.59513115882886,-1.0471975511966,0.869988226335223,,,,,,,,,,0.5,0.5,0.085599532642033,0.901719797591097,0.341409691629956,0.413682864450128,0.381358825537726,0.588692790906372,0.342606149341142,0.266355140186916
1767329361,532388916,508_1767329361-532388916.png,-385880,407754,0,0,-3.6944699754902,3.90389476102941,37.86,2232.82,-938,-462,-1026,1857,-579,-122,-911.331909193516,-593.95650742795,-1097.19818774839,1850.87294379264,-660.015395459249,-134.929492093368,-253.014932632446,4.04492521285999,-1.0471975511966,0.869988226335223,,,,,,,,,,0.5,0.5,0.0876150138746896,0.901855414946728,0.266519823788546,0.499360613810742,0.428815295322636,0.594077176189052,0.366764275256223,0.219626168224299
1767329361,565739014,509_1767329361-565739014.png,-385880,407755,0,50,-3.6944699754902,3.90390433517157,39.4,2233.37,-1147,-497,-1097,1888,-646,-113,-941.01758791851,-566.27069025267,-1088.46444616897,1859.40821959631,-654.91653688887,-132.47809673391,-256.073636740446,4.98791384696948,-1.0471975511966,0.869988226335223,,,,,,,,,,0.5,1,0.0898641740908427,0.902321599606709,0.151431718061674,0.476982097186701,0.404574940252646,0.60335028417589,0.317715959004392,0.261682242990654
1767329361,599088135,510_1767329361-599088135.png,-385880,407755,0,0,-3.6944699754902,3.90390433517157,39.75,2233.97,-1102,-680,-1198,1853,-585,-127,-968.383025963623,-567.355496997068,-1095.90244425836,1861.44457333444,-649.874206546158,-130.487568463139,-257.39105951786,7.93910574913013,-1.0471975511966,0.869988226335223,,,,,,,,,,0.5,1,0.0903753468672411,0.902830164690326,0.176211453744493,0.35997442455243,0.370092181631956,0.592880646126234,0.362371888726208,0.196261682242991
1767329361,632438232,511_1767329361-632438232.png,-385880,407754,0,-50,-3.6944699754902,3.90389476102941,40.32,2234.5,-1048,-665,-1319,1895,-582,-133,-983.036215246968,-582.471279089549,-1121.78432819701,1864.01077997478,-640.115372846155,-130.520562431443,-257.741082131863,8.52028822898853,-1.0471975511966,0.869988226335223,,,,,,,,,,0.5,0.5,0.0912078282459471,0.903279397180854,0.205947136563877,0.369565217391304,0.328781153977467,0.605444211785821,0.364568081991215,0.168224299065421
1767329361,665787598,512_1767329361-665787598.png,-385880,407754,0,-50,-3.6944699754902,3.90389476102941,41.16,2234.93,-955,-598,-1263,1874,-665,-139,-984.11979136537,-588.476680438436,-1145.5572998172,1866.64212190551,-639.128283744015,-131.426182266539,-251.854922622442,11.6776738166808,-1.0471975511966,0.869988226335223,,,,,,,,,,0.5,0.5,0.0924346429093033,0.903643868824113,0.25715859030837,0.412404092071611,0.347900307272107,0.599162428956028,0.303806734992679,0.14018691588785
1767329361,699137695,513_1767329361-699137695.png,-385880,407754,0,0,-3.6944699754902,3.90389476102941,42.21,2235.14,-917,-623,-1290,1825,-606,-128,-975.346351803781,-592.839722342267,-1165.94029590575,1861.89629631995,-635.901821986367,-131.226844144252,-263.417487829924,6.49832916259754,-1.0471975511966,0.869988226335223,,,,,,,,,,0.5,0.5,0.0939681612384986,0.903821866603378,0.278083700440529,0.396419437340153,0.338682144076477,0.584504935686509,0.346998535871157,0.191588785046729
1767329361,732486816,514_1767329361-732486816.png,-385880,407754,0,0,-3.6944699754902,3.90389476102941,44.01,2235.02,-855,-572,-1205,1753,-590,-116,-962.802794134937,-591.807476559529,-1172.98743073666,1850.99625477099,-630.901026139922,-129.757407209578,-264.006876558065,8.4990813732146,-1.0471975511966,0.869988226335223,,,,,,,,,,0.5,0.5,0.0965970498028334,0.903720153586655,0.312224669603524,0.429028132992327,0.367702287470126,0.562967394555788,0.358711566617862,0.247663551401869
1767329361,765836914,515_1767329361-765836914.png,-385880,407754,0,0,-3.6944699754902,3.90389476102941,52.59,2233.31,-846,-393,-1147,1785,-420,-140,-937.716339786244,-585.844984350454,-1204.17630759476,1841.3185450282,-597.368057787227,-130.889897865232,-273.215003937483,-18.8470158576967,-1.0471975511966,0.869988226335223,,,,,,,,,,0.5,0.5,0.109128085292829,0.902270743098348,0.317180616740088,0.543478260869565,0.387504267668146,0.572539635058331,0.483162518301611,0.135514018691589
1767329361,799186035,516_1767329361-799186035.png,-385880,407754,0,0,-3.6944699754902,3.90389476102941,59.61,2231.46,-841,-370,-1060,1732,-487,-135,-923.997151718439,-556.233435956382,-1190.48298097573,1829.83433506898,-575.535496079818,-131.915752924488,-247.94038400054,6.92547535896289,-1.0471975511966,0.869988226335223,,,,,,,,,,0.5,0.5,0.119380750693734,0.900702667423863,0.319933920704846,0.558184143222506,0.417207237965176,0.556685611725995,0.43411420204978,0.158878504672897
1767329361,832536377,517_1767329361-832536377.png,-385880,407754,0,0,-3.6944699754902,3.90389476102941,68.52,2227.71,-936,-462,-1031,1625,-671,-102,-917.681532161271,-534.636499772336,-1169.62365841108,1808.96941250685,-573.864266998715,-130.3444075439,-247.107602924109,9.99445128440845,-1.0471975511966,0.869988226335223,,,,,,,,,,0.5,0.5,0.132393749087191,0.89752413565126,0.267621145374449,0.499360613810742,0.427108228064186,0.524678432545618,0.299414348462665,0.313084112149533
1767329361,865885498,518_1767329361-865885498.png,-385880,407754,0,0,-3.6944699754902,3.90389476102941,80.03,2216.36,-827,-456,-938,1547,-608,-105,-907.896608833983,-521.370831933174,-1134.61755581278,1767.90901472255,-583.165684714784,-125.802465583629,-244.921487659216,18.8921601772307,-1.0471975511966,0.872374501826761,,,,,,,,,,0.5,0.5,0.149204030962465,0.88790377948618,0.327643171806167,0.503196930946292,0.458859679071355,0.50134609632067,0.345534407027818,0.299065420560748
1767329361,899235596,519_1767329361-899235596.png,-385880,407754,0,0,-3.6944699754902,3.90389476102941,94.4,2200.02,-824,-448,-934,1503,-564,-98,-898.01349894876,-512.87987329346,-1110.89474652444,1737.67990631563,-582.134169474198,-122.697328466067,-234.239498823881,23.6700074672698,-1.0471975511966,0.872374501826761,,,,,,,,,,0.5,0.5,0.170191324667738,0.874053857042355,0.329295154185022,0.508312020460358,0.460225332878115,0.488184265629674,0.377745241581259,0.331775700934579
1767329361,932584717,520_1767329361-932584717.png,-385880,407754,0,0,-3.6944699754902,3.90389476102941,111.23,2185.69,-719,-431,-1089,1437,-567,-99,-874.714225764172,-501.371894766783,-1103.44140785021,1695.51820552525,-579.838635499731,-119.20435938666,-251.608932703733,17.8288083076476,-1.0471975511966,0.872374501826761,,,,,,,,,,0.5,0.5,0.194771432744268,0.861907627628646,0.387114537444934,0.519181585677749,0.407306247866166,0.46844151959318,0.375549048316252,0.327102803738318
1767329361,965934814,521_1767329361-965934814.png,-385880,407754,0,0,-3.6944699754902,3.90389476102941,140.99,2143.82,-918,-113,-1054,1357,-630,-112,-863.437891244045,-464.23209055542,-1109.87127193147,1645.81931659656,-589.135444200641,-116.923165336111,-246.508213549852,18.4809191226958,-1.0471975511966,0.872374501826761,,,,,,,,,,0.5,0.5,0.238235723674602,0.826418260876936,0.277533039647577,0.722506393861893,0.419255718675316,0.444510918336823,0.329428989751098,0.266355140186916
1767329362,32634277,522_1767329362-32634277.png,-385880,407754,0,0,-3.6944699754902,3.90389476102941,204.81,2043.62,-644,-451,-658,1082,-387,-75,-831.115586714142,-372.17706850921,-983.873223111195,1483.28825422426,-577.998395876495,-106.361541904228,-217.466467112303,24.042846918106,-1.0471975511966,0.872374501826761,,,,,,,,,,0.5,0.5,0.331444428216737,0.741487891912967,0.4284140969163,0.506393861892583,0.554455445544555,0.362249476518098,0.507320644216691,0.439252336448598
1767329362,65983398,523_1767329362-65983398.png,-385880,407754,0,0,-3.6944699754902,3.90389476102941,204.81,2043.62,-644,-451,-658,1082,-387,-75,-825.291290517066,-374.630568552611,-973.729855541316,1470.79746340318,-572.053240530081,-105.385359682027,-213.166319161654,23.9710588455199,-1.0471975511966,0.872374501826761,,,,,,,,,,0.5,0.5,0.331444428216737,0.741487891912967,0.4284140969163,0.506393861892583,0.554455445544555,0.362249476518098,0.507320644216691,0.439252336448598
1767329362,99333496,524_1767329362-99333496.png,-385880,407754,0,0,-3.6944699754902,3.90389476102941,224.73,2040.83,-678,-468,-956,1074,-335,-72,-809.942062090462,-382.071441020706,-954.430892618404,1435.3608306088,-553.686642900245,-102.541991238021,-209.748630821705,24.4704229831694,-1.0471975511966,0.872374501826761,,,,,,,,,,0.5,0.5,0.360537461662042,0.73912306427415,0.409691629955947,0.495524296675192,0.452714236940935,0.359856416392462,0.545387994143485,0.453271028037383
1767329362,132682617,525_1767329362-132682617.png,-385880,407754,0,0,-3.6944699754902,3.90389476102941,245.27,2040.83,-696,-359,-1082,1009,-274,-56,-785.881753470289,-386.183105774767,-969.712945530048,1355.88469409192,-503.015723392841,-94.5764360611143,-203.068523913622,26.4138593673705,-1.0471975511966,0.872374501826761,,,,,,,,,,0.5,0.5,0.390536001168395,0.73912306427415,0.399779735682819,0.565217391304348,0.409696142027996,0.340412802871672,0.5900439238653,0.52803738317757
1767329362,199382080,526_1767329362-199382080.png,-385880,407754,0,0,-3.6944699754902,3.90389476102941,284.59,1927.8,-444,-235,-805,855,-313,-37,-742.359623038773,-371.639716310664,-968.523930091885,1281.8194467505,-465.342654489836,-87.08815230783,-192.554143309593,26.580361843109,-1.0471975511966,0.872374501826761,,,,,,,,,,0.5,0.5,0.447962611362641,0.643317878605514,0.538546255506608,0.644501278772379,0.504267668146125,0.294346395453186,0.561493411420205,0.616822429906542
1767329362,232732178,527_1767329362-232732178.png,-385880,407754,0,0,-3.6944699754902,3.90389476102941,284.59,1927.8,-444,-235,-805,855,-313,-37,-706.910510786287,-355.405091154916,-949.095100899935,1231.10758994729,-447.242310331839,-81.1370101405497,-181.89793536067,26.0193831920623,-1.0471975511966,0.884476256901785,,,,,,,,,,0.5,0.5,0.447962611362641,0.643317878605514,0.538546255506608,0.644501278772379,0.504267668146125,0.294346395453186,0.561493411420205,0.616822429906542
1767329362,266081299,528_1767329362-266081299.png,-385880,407754,0,0,-3.6944699754902,3.90389476102941,318.17,1854.97,-350,-263,-812,795,-361,-38,-654.7152654342,-341.891601753925,-929.046062802747,1173.89197960899,-427.608056264589,-75.1739202395211,-176.839426726103,28.1043896675109,-1.0471975511966,0.893689817205641,,,,,,,,,,0.5,0.5,0.497005988023952,0.581586553539189,0.590308370044053,0.626598465473146,0.501877773984295,0.276398444510918,0.526354319180088,0.61214953271028
1767329362,299431641,529_1767329362-299431641.png,-385880,407754,0,0,-3.6944699754902,3.90389476102941,328.01,1818.89,-348,-297,-599,690,-440,-18,-602.490522094676,-323.091928810942,-879.927416366967,1101.97830216816,-420.938565540121,-67.5239607482848,-155.587664097548,25.7452702522277,-1.0471975511966,0.900572717767486,,,,,,,,,,0.5,0.5,0.511377245508982,0.551004839844379,0.591409691629956,0.604859335038363,0.574598839194264,0.24498953036195,0.468521229868228,0.705607476635514
1767329362,332780762,530_1767329362-332780762.png,-385880,407754,0,0,-3.6944699754902,3.90389476102941,339.82,1765.94,-407,-61,-668,670,-407,3,-558.96784396952,-289.871054644843,-832.343455332098,1017.79795750178,-420.8026398237,-55.1952021136259,-143.122443169355,28.9399111270903,-1.0471975511966,0.900572717767486,,,,,,,,,,0.5,0.5,0.528625675478312,0.506123971215216,0.558920704845815,0.755754475703325,0.551041311027655,0.239006880047861,0.492679355783309,0.803738317757009
1767329362,366130859,531_1767329362-366130859.png,-385880,407754,0,0,-3.6944699754902,3.90389476102941,353.29,1717.22,-419,-110,-868,628,-285,2,-538.498690675891,-263.566382898855,-837.557933586741,960.793191840143,-400.942613596276,-46.8308712321786,-137.870285660029,26.4584224224089,-1.0471975511966,0.900572717767486,,,,,,,,,,0.5,0.5,0.548298524901417,0.46482848642555,0.552312775330396,0.724424552429668,0.482758620689655,0.226443314388274,0.58199121522694,0.799065420560748
1767329362,399479980,532_1767329362-399479980.png,-385880,407754,0,0,-3.6944699754902,3.90389476102941,377.39,1661.82,-296,63,-606,425,-31,-1,-488.797970289828,-233.059547776848,-796.974136527644,884.068530614413,-354.154881473495,-39.6189882278419,-137.870285660029,26.4584224224089,-1.0471975511966,0.900572717767486,,,,,,,,,,0.5,0.5,0.583496421790565,0.417870977038286,0.620044052863436,0.835038363171356,0.572208945032434,0.165719413700269,0.767935578330893,0.785046728971963
1767329362,466179443,533_1767329362-466179443.png,-385880,407754,0,0,-3.6944699754902,3.90389476102941,393.99,1632.68,-270,137,-577,406,-66,-37,-448.162128977902,-167.57549133098,-756.428931844181,791.194456416801,-293.155572120613,-35.2087799156892,-136.118614047766,21.4136266708373,-1.0471975511966,0.900572717767486,,,,,,,,,,0.5,0.5,0.607740616328319,0.393171666143975,0.634361233480176,0.882352941176471,0.582109935131444,0.160035895901885,0.742313323572474,0.616822429906542
1767329362,499529541,534_1767329362-499529541.png,-385880,407754,0,0,-3.6944699754902,3.90389476102941,422.55,1560.2,-233,81,-607,373,-263,-53,-407.666533037919,-114.366749348976,-724.426705755774,707.44715468103,-268.068209182644,-37.6210672597284,-125.900226593018,25.5483903884886,-1.0471975511966,0.900572717767486,,,,,,,,,,0.5,0.5,0.64945231488243,0.331737004043092,0.654735682819383,0.846547314578005,0.571867531580744,0.150164522883637,0.59809663250366,0.542056074766355
1767329362,532878662,535_1767329362-532878662.png,-385880,407754,0,0,-3.6944699754902,3.90389476102941,440.51,1532.8,-354,-16,-515,354,-243,-28,-383.003212526013,-82.2252000676225,-687.249818288733,630.437376001379,-264.559145727457,-37.4023687192746,-128.066275626421,30.8589882850646,-1.0471975511966,0.900572717767486,,,,,,,,,,0.5,0.5,0.675682780779904,0.308512531891269,0.588105726872247,0.784526854219949,0.603277569136224,0.144481005085253,0.612737920937042,0.658878504672897
1767329362,599577881,536_1767329362-599577881.png,-385880,407754,0,0,-3.6944699754902,3.90389476102941,461.28,1507.03,-272,-32,-415,307,-229,-24,-369.81454677713,-76.2577747941654,-654.902899925781,592.008691410125,-260.334243793152,-35.809988127223,-120.14888098836,35.4389526844023,-1.0471975511966,0.900572717767486,,,,,,,,,,0.5,0.5,0.706017233825033,0.286669661549937,0.633259911894273,0.774296675191816,0.637418914305224,0.130421776847143,0.62298682284041,0.677570093457944
1767329362,632927979,537_1767329362-632927979.png,-385880,407754,0,0,-3.6944699754902,3.90389476102941,478.82,1482.5,-194,-147,-478,244,-141,-28,-346.242525848698,-83.4489744644949,-627.304303720686,542.843257221233,-245.296290167085,-34.558127360282,-119.622418403626,38.7657065391539,-1.0471975511966,0.900572717767486,,,,,,,,,,0.5,0.5,0.731634292390828,0.265877825714746,0.676211453744493,0.70076726342711,0.615909866848754,0.111576428357763,0.687408491947291,0.658878504672897
1767329362,666277100,538_1767329362-666277100.png,-385880,407754,0,0,-3.6944699754902,3.90389476102941,508.79,1427.77,-53,-117,-438,198,-133,-7,-307.140230285402,-101.325666789463,-606.818543929355,486.773381309379,-220.231362894225,-31.8501924670008,-115.291489243507,39.4742734432219,-1.0471975511966,0.940484361020616,,,,,,,,,,0.5,0.5,0.775405286987002,0.219488214004187,0.753854625550661,0.719948849104859,0.629566404916354,0.0978163326353575,0.693265007320644,0.757009345794392
1767329362,699627197,539_1767329362-699627197.png,-385880,407753,0,-50,-3.6944699754902,3.90388518688725,520.87,1410.55,-115,-176,-445,165,-164,-25,-271.904155777174,-105.454386945951,-582.348098653298,443.515452229084,-208.43941757433,-28.7763360324795,-111.418446809053,43.5475659370421,-1.0471975511966,0.936624228981593,,,,,,,,,,0.5,0,0.793048050240981,0.204892396104391,0.719713656387665,0.682225063938619,0.627176510754524,0.0879449596171104,0.670571010248902,0.672897196261682
1767329362,732976318,540_1767329362-732976318.png,-385880,407754,0,0,-3.6944699754902,3.90389476102941,533,1388.49,-78,-192,-489,161,-127,-31,-242.520994863214,-118.626388147011,-561.308599007897,395.138240734868,-198.492022119936,-28.4914302655796,-104.541444063187,50.0983350276946,-1.0471975511966,0.938651862807274,,,,,,,,,,0.5,0.5,0.810763838177304,0.186194153196755,0.740088105726872,0.671994884910486,0.612154318880164,0.0867484295542925,0.697657393850659,0.644859813084112
1767329362,766326416,541_1767329362-766326416.png,-385880,407754,0,0,-3.6944699754902,3.90389476102941,543.88,1374.75,-210,-222,-469,99,-96,-36,-230.407635697592,-132.071791004283,-548.923982831892,355.286205531457,-185.231282658187,-29.3108067162014,-104.541444063187,50.0983350276946,-1.0471975511966,0.94819237233404,,,,,,,,,,0.5,0.5,0.82665400905506,0.174548012781936,0.667400881057269,0.652813299232737,0.618982587913964,0.0682022135806162,0.720351390922401,0.621495327102804
1767329362,799675537,542_1767329362-799675537.png,-385880,407754,0,0,-3.6944699754902,3.90389476102941,551.83,1361.73,-175,-89,-517,127,-111,-24,-222.722391027087,-131.810693561532,-540.81483945432,314.322487945508,-171.592842843048,-29.0410494288602,-100.173694342375,56.7452514171599,-1.0471975511966,0.950973861014015,,,,,,,,,,0.5,0.5,0.838264933547539,0.163512150467456,0.686674008810573,0.737851662404092,0.602594742232844,0.076577924020341,0.709370424597365,0.677570093457944
1767329362,833025635,543_1767329362-833025635.png,-385880,407754,0,0,-3.6944699754902,3.90389476102941,558.32,1345.49,-193,-25,-447,138,-172,-16,-217.882022008546,-117.945923825472,-529.015177918519,288.235052044916,-169.979250335453,-27.3533301887316,-93.698860436678,57.0189344882964,-1.0471975511966,0.951141024367231,,,,,,,,,,0.5,0.5,0.847743537315613,0.149746988870901,0.676762114537445,0.778772378516624,0.626493683851144,0.0798683816930901,0.664714494875549,0.714953271028037
1767329362,866374756,544_1767329362-866374756.png,-385880,407754,0,0,-3.6944699754902,3.90389476102941,563.2,1333.28,-135,-109,-458,133,-177,-13,-205.761203642948,-116.637655576541,-518.62978851933,265.533194341487,-171.005977596831,-25.2542729511908,-95.9439405500889,53.360035419464,-1.0471975511966,0.953475035898383,,,,,,,,,,0.5,0.5,0.854870746312253,0.139397689419304,0.708700440528634,0.725063938618926,0.622738135882554,0.0783727191145678,0.661054172767203,0.728971962616822
1767329362,899724854,545_1767329362-899724854.png,-385880,407754,0,0,-3.6944699754902,3.90389476102941,567.59,1318.55,-216,41,-451,57,-130,-5,-207.530636869432,-111.498871872006,-499.007614676242,236.012942639454,-170.578887458473,-23.4542774169205,-95.7547724843026,55.9309368133544,-1.0471975511966,0.958935407657047,,,,,,,,,,0.5,0.5,0.861282313421937,0.126912416616516,0.664096916299559,0.820971867007673,0.625128030044384,0.055638647921029,0.695461200585652,0.766355140186916
1767329362,933073975,546_1767329362-933073975.png,-385880,407754,0,0,-3.6944699754902,3.90389476102941,567.59,1311.63,-198,112,-480,92,-201,7,-208.208930885794,-86.9871603841157,-492.889568518824,210.923198283397,-166.854554571868,-20.3819694118189,-100.635672241449,54.2982954978942,-1.0471975511966,0.958837661345718,,,,,,,,,,0.5,0.5,0.861282313421937,0.121046965985472,0.674008810572687,0.866368286445013,0.615227039945374,0.066108285970685,0.643484626647145,0.822429906542056
1767329362,966424072,547_1767329362-966424072.png,-385880,407754,0,0,-3.6944699754902,3.90389476102941,570.51,1305.92,-132,36,-294,85,-228,7,-200.471413013511,-59.477173569948,-473.828345082963,189.73777810378,-175.199052454134,-15.6499125572585,-94.6237903237343,56.4891929626464,-1.0471975511966,0.968971711704615,,,,,,,,,,0.5,0.5,0.865546954870746,0.116207121606388,0.710352422907489,0.817774936061381,0.678729941959713,0.0640143583607538,0.623718887262079,0.822429906542056
1767329362,999772949,548_1767329362-999772949.png,-385880,407754,0,0,-3.6944699754902,3.90389476102941,573.9,1298.46,-1,78,-717,97,-183,-32,-178.60204038278,-41.7132607450984,-485.812995210776,175.506778733161,-178.848091862889,-15.8671932524239,-92.5712551176548,55.5235645771025,-1.0471975511966,0.961754173480739,,,,,,,,,,0.5,0.5,0.870498028333576,0.109883962400088,0.782488986784141,0.84462915601023,0.534312051894845,0.0676039485492073,0.656661786237189,0.64018691588785
1767329363,33123047,549_1767329363-33123047.png,-385880,407754,0,0,-3.6944699754902,3.90389476102941,576.85,1294.1,-90,226,-757,81,-161,-35,-158.48386250641,-3.44045205053637,-530.518465248005,160.038495972909,-176.951716069733,-19.0939343668596,-91.6847692728043,56.5745935440062,-1.0471975511966,0.961754173480739,,,,,,,,,,0.5,0.5,0.874806484591792,0.106188389459141,0.733480176211454,0.93925831202046,0.520655513827245,0.062817828297936,0.672767203513909,0.626168224299065
1767329363,99822266,550_1767329363-99822266.png,-385880,407754,0,0,-3.6944699754902,3.90389476102941,582.56,1286.84,-272,60,-486,123,-195,-17,-159.196651916196,35.5141964851984,-559.018711319018,146.918245242792,-176.279793103453,-20.6000667022375,-91.2224017381668,56.31609916687,-1.0471975511966,0.961754173480739,,,,,,,,,,0.5,0.5,0.88314590331532,0.10003475194738,0.633259911894273,0.833120204603581,0.613178559235234,0.0753813939575232,0.64787701317716,0.710280373831776
1767329363,133171387,551_1767329363-133171387.png,-385880,407754,0,0,-3.6944699754902,3.90389476102941,585.26,1284.14,-249,-46,-450,121,-94,-8,-174.283674230273,32.5988791149961,-545.082187410523,143.239389896546,-169.876594080698,-19.2590528377342,-89.7154861986638,56.4390416145324,-1.0471975511966,0.961754173480739,,,,,,,,,,0.5,0.5,0.887089236161823,0.097746209071106,0.645925110132159,0.7653452685422,0.625469443496074,0.0747831289261143,0.721815519765739,0.752336448598131
1767329363,166521484,552_1767329363-166521484.png,-385880,407754,0,0,-3.6944699754902,3.90389476102941,587.75,1281.48,-380,41,-378,195,-225,-16,-202.760441611255,29.3524569853427,-520.095851376152,148.188245145229,-172.328416071196,-18.2638093887934,-89.6387929320336,57.3282966613768,-1.0471975511966,0.961754173480739,,,,,,,,,,0.5,0.5,0.890725865342486,0.095491570533739,0.573788546255507,0.820971867007673,0.650051212017754,0.0969189350882441,0.625915080527086,0.714953271028037
1767329363,199870605,553_1767329363-199870605.png,-385880,407754,0,0,-3.6944699754902,3.90389476102941,589.04,1280.63,-238,6,-376,243,-263,-32,-211.80878001124,26.8973470155489,-499.077867650659,160.737123478512,-184.546112818211,-19.8337596849073,-89.6660674214364,57.3096690177916,-1.0471975511966,0.961754173480739,,,,,,,,,,0.5,0.5,0.892609902146925,0.094771103331949,0.651982378854625,0.798593350383632,0.650734038921134,0.111277295842058,0.59809663250366,0.64018691588785
1767329363,233220703,554_1767329363-233220703.png,-385880,407754,0,0,-3.6944699754902,3.90389476102941,588.77,1280.52,-177,-115,-436,260,-249,-20,-207.673031556328,10.0380450381146,-491.583373629579,172.530880343051,-192.20409635682,-19.8535112569551,-90.1706454753876,56.8802301883696,-1.0471975511966,0.961754173480739,,,,,,,,,,0.5,0.5,0.892215568862275,0.0946778663999525,0.68557268722467,0.721227621483376,0.630249231819734,0.116362548609034,0.608345534407028,0.696261682242991
1767329363,266569824,555_1767329363-266569824.png,-385880,407754,0,0,-3.6944699754902,3.90389476102941,584.32,1281.2,-199,-163,-465,265,-185,-8,-205.801245504092,-13.9507889302888,-486.900347218082,185.916591101134,-192.90597742724,-18.4491735997609,-89.0092717409134,57.3495035171508,-1.0471975511966,0.961754173480739,,,,,,,,,,0.5,0.5,0.885716372133781,0.0952542401613846,0.673458149779736,0.690537084398977,0.620348241720724,0.117858211187556,0.655197657393851,0.752336448598131
1767329363,299919922,556_1767329363-299919922.png,-385880,407754,0,0,-3.6944699754902,3.90389476102941,570.56,1293.84,-337,-100,-614,430,-79,-6,-218.245689469368,-31.5317566827528,-491.552286168017,207.827529138101,-175.232254462867,-15.4299792674378,-91.137136489153,52.5170629024504,-1.0471975511966,0.961754173480739,,,,,,,,,,0.5,0.5,0.865619979553089,0.105968011256241,0.597466960352423,0.730818414322251,0.569477637418914,0.167215076278792,0.732796486090776,0.761682242990654
1767329363,333269043,557_1767329363-333269043.png,-385880,407754,0,0,-3.6944699754902,3.90389476102941,570.56,1311.32,-468,-72,-802,464,-57,-7,-253.682013540978,-42.5929835684174,-532.880699693209,255.020119847189,-154.132906994369,-13.6480281852126,-91.137136489153,52.5170629024504,-1.0471975511966,0.961754173480739,,,,,,,,,,0.5,0.5,0.865619979553089,0.120784207358937,0.525330396475771,0.748721227621483,0.505291908501195,0.177385581812743,0.748901903367496,0.757009345794392
1767329363,399968262,558_1767329363-399968262.png,-385880,407754,0,0,-3.6944699754902,3.90389476102941,552.34,1327.26,-382,-131,-697,571,-131,-33,-280.501753811275,-54.6849908393635,-566.913558666573,303.848327514064,-146.138924727795,-15.5882866603891,-101.736132949591,35.7160747051238,-1.0471975511966,0.968319215141679,,,,,,,,,,0.5,0.5,0.839009785307434,0.134295086413684,0.572687224669604,0.710997442455243,0.541140320928645,0.20939276099312,0.694729136163982,0.635514018691589
1767329363,433318359,559_1767329363-433318359.png,-385880,407754,0,0,-3.6944699754902,3.90389476102941,524.71,1346.89,-400,-186,-697,653,-227,-43,-294.190169540607,-68.7299391616417,-582.369567138456,343.01082349719,-153.028575726647,-18.5620682543226,-109.173431634903,24.3460476398467,-1.0471975511966,0.965996697972483,,,,,,,,,,0.5,0.5,0.798656345844895,0.150933640732673,0.562775330396476,0.675831202046036,0.541140320928645,0.233921627280885,0.624450951683748,0.588785046728972
1767329363,466667480,560_1767329363-466667480.png,-385880,407754,0,0,-3.6944699754902,3.90389476102941,458.5,1396.06,-352,-305,-493,766,-267,-41,-300.812342659981,-113.997621237081,-594.955572031532,417.432374691675,-164.00256703716,-24.2024481100688,-115.698983103037,20.6991848945616,-1.0471975511966,0.965461169872306,,,,,,,,,,0.5,0.5,0.701957061486783,0.192610549335051,0.58920704845815,0.599744245524297,0.610788665073404,0.267723601555489,0.595168374816984,0.598130841121495
1767329363,500017578,561_1767329363-500017578.png,-385880,407754,0,0,-3.6944699754902,3.90389476102941,421.31,1437.85,-432,-324,-616,817,-386,-51,-309.384259061486,-137.282665369831,-586.670474631169,460.434332078563,-179.944119912549,-26.5094891480389,-125.237521439791,9.2917592525481,-1.0471975511966,0.965461169872306,,,,,,,,,,0.5,0.5,0.647641302760333,0.228032107408946,0.545154185022026,0.587595907928389,0.568794810515534,0.282979359856416,0.50805270863836,0.551401869158878
1767329363,533366455,562_1767329363-533366455.png,-385880,407754,0,0,-3.6944699754902,3.90389476102941,383.04,1465.45,-506,-333,-696,889,-432,-59,-329.619187057784,-164.86869017528,-593.449816357014,514.820271482418,-211.509937927367,-30.340040045103,-130.068742662668,1.86262512207019,-1.0471975511966,0.965461169872306,,,,,,,,,,0.5,0.5,0.591748210895283,0.251426101255308,0.504405286343612,0.581841432225064,0.541481734380335,0.304516900987137,0.474377745241581,0.514018691588785
1767329363,566716309,563_1767329363-566716309.png,-385880,407754,0,0,-3.6944699754902,3.90389476102941,344.39,1493.03,-461,-315,-1016,968,-396,-84,-352.655633147785,-188.353397651977,-628.058009866094,574.382481020542,-241.548562486139,-36.0634395933604,-135.862493604422,-5.18148994445813,-1.0471975511966,0.965461169872306,,,,,,,,,,0.5,0.5,0.535300131444428,0.274803142932217,0.529185022026432,0.593350383631714,0.432229429839536,0.328148369727789,0.500732064421669,0.397196261682243
1767329363,600065430,564_1767329363-600065430.png,-385880,407754,0,0,-3.6944699754902,3.90389476102941,275.39,1549.75,-606,-281,-784,1077,-292,-85,-391.044212278119,-208.04732882346,-695.913940672363,697.655648595444,-267.415814379396,-49.7977621190685,-146.667867034674,-17.4439244270326,-1.0471975511966,0.965461169872306,,,,,,,,,,0.5,0.5,0.434526069811596,0.322879495503437,0.449339207048458,0.615089514066496,0.511437350631615,0.360753813939575,0.576866764275256,0.392523364485981
1767329363,633415283,565_1767329363-633415283.png,-385880,407754,0,0,-3.6944699754902,3.90389476102941,275.39,1549.75,-606,-281,-784,1077,-292,-85,-397.735082872884,-210.318106863715,-698.655771587502,709.463397495822,-268.181039667854,-50.8934926448834,-146.667867034674,-17.4439244270326,-1.0471975511966,0.965461169872306,,,,,,,,,,0.5,0.5,0.434526069811596,0.322879495503437,0.449339207048458,0.615089514066496,0.511437350631615,0.360753813939575,0.576866764275256,0.392523364485981
1767329363,666764160,566_1767329363-666764160.png,-385880,407754,0,0,-3.6944699754902,3.90389476102941,251.55,1589.5,-562,-269,-882,1094,-328,-106,-422.964336682942,-219.228995648586,-722.780377766566,765.232449208076,-275.941649272083,-58.3763713779085,-152.437070935965,-35.8888738155366,-1.0471975511966,0.948677016026465,,,,,,,,,,0.5,0.5,0.399707901270629,0.356571932293035,0.473568281938326,0.622762148337596,0.477978832365995,0.365839066706551,0.550512445095168,0.294392523364486
1767329363,700114258,567_1767329363-700114258.png,-385880,407754,0,0,-3.6944699754902,3.90389476102941,221.09,1637.27,-511,-379,-917,1195,-425,-100,-438.320044062099,-239.89726563727,-743.309276952749,831.568756054548,-298.725910003935,-65.5696223150683,-152.218680202961,-29.6496162414552,-1.0471975511966,0.949810104365517,,,,,,,,,,0.5,0.5,0.355221264787498,0.397062189033642,0.501651982378855,0.552429667519182,0.466029361556845,0.396051450792701,0.479502196193265,0.322429906542056
1767329363,733463135,568_1767329363-733463135.png,-385880,407754,0,0,-3.6944699754902,3.90389476102941,221.09,1660.78,-664,-424,-752,1216,-469,-85,-464.727411649784,-268.009184732054,-758.392789739636,896.276259653741,-324.530323608259,-70.1622047231204,-155.932101935148,-41.3742849826814,-1.0471975511966,0.935909590018772,,,,,,,,,,0.5,0.5,0.355221264787498,0.416989464226684,0.417400881057269,0.523657289002558,0.522362581085695,0.402333233622495,0.447291361639824,0.392523364485981
1767329363,800161865,569_1767329363-800161865.png,-385880,407754,0,0,-3.6944699754902,3.90389476102941,203.85,1685.51,-680,-467,-739,1239,-446,-95,-501.066022201297,-300.075950566675,-755.74343621079,954.262513548509,-346.764363823117,-73.9145546692398,-156.811639279127,-41.0964465141298,-1.0471975511966,0.939925009788912,,,,,,,,,,0.5,0.5,0.330042354315759,0.437950821756414,0.408590308370044,0.49616368286445,0.526800955957665,0.409213281483697,0.464128843338214,0.345794392523364
1767329363,833511963,570_1767329363-833511963.png,-385880,407754,0,0,-3.6944699754902,3.90389476102941,188.28,1738.98,-726,-490,-861,1284,-496,-98,-533.960778181891,-327.850790642399,-771.136348455913,1002.48392616312,-368.588855986059,-77.4368542106115,-158.863654971123,-45.1584191322328,-1.0471975511966,0.939925009788912,,,,,,,,,,0.5,0.5,0.307302468234263,0.483272446791378,0.383259911894273,0.481457800511509,0.485148514851485,0.422674244690398,0.427525622254758,0.331775700934579
1767329363,866860840,571_1767329363-866860840.png,-385880,407754,0,0,-3.6944699754902,3.90389476102941,164.81,1767.66,-590,-549,-645,1403,-617,-117,-545.987452646962,-366.961284473838,-756.475947070464,1066.68078564635,-405.941810057611,-84.0509557771846,-163.808454960585,-47.6135425567628,-1.0471975511966,0.939925009788912,,,,,,,,,,0.5,0.5,0.273024682342632,0.50758185778825,0.458149779735683,0.443734015345269,0.558893820416524,0.458271014059228,0.338945827232796,0.242990654205607
1767329363,900210693,572_1767329363-900210693.png,-385880,407754,0,0,-3.6944699754902,3.90389476102941,155.88,1786.87,-689,-727,-806,1413,-570,-127,-558.491101933027,-404.491615062131,-750.040319054715,1116.47756802881,-433.92696996283,-89.4823300701026,-164.211208254099,-49.8823895454408,-1.0471975511966,0.939925009788912,,,,,,,,,,0.5,0.5,0.259982474076238,0.523864416548708,0.40363436123348,0.329923273657289,0.503926254694435,0.461262339216273,0.373352855051244,0.196261682242991
1767329363,933559570,573_1767329363-933559570.png,-385880,407754,0,0,-3.6944699754902,3.90389476102941,148.36,1806.81,-685,-663,-995,1450,-492,-120,-580.569942952321,-452.622338383516,-782.166803673714,1172.11763956818,-448.175195572762,-95.1343098970801,-164.453756392002,-53.3250646591188,-1.0471975511966,0.939925009788912,,,,,,,,,,0.5,0.5,0.248999561851906,0.540765729494232,0.405837004405286,0.370843989769821,0.439399112325026,0.472330242297338,0.430453879941435,0.228971962616822
1767329363,966909668,574_1767329363-966909668.png,-385880,407754,0,0,-3.6944699754902,3.90389476102941,141.92,1833.7,-672,-523,-909,1442,-465,-90,-591.801081514576,-464.947495719022,-799.670912548007,1204.40974943901,-450.938567679036,-95.3735745633976,-163.88449883461,-45.2458257675172,-1.0471975511966,0.939925009788912,,,,,,,,,,0.5,0.5,0.239593982766175,0.563557921324982,0.412995594713656,0.460358056265985,0.468760669170365,0.469937182171702,0.450219619326501,0.369158878504673
1767329364,258545,575_1767329364-258545.png,-385880,407754,0,0,-3.6944699754902,3.90389476102941,135.9,1855.19,-771,-505,-1089,1436,-390,-89,-615.292041536731,-471.298559378116,-837.045804676405,1238.44250165838,-444.083934497166,-94.4689198291372,-163.631755232811,-41.5023858547212,-1.0471975511966,0.939925009788912,,,,,,,,,,0.5,0.5,0.230801811012122,0.581773027403182,0.358480176211454,0.471867007672634,0.407306247866166,0.468142387077475,0.505124450951684,0.373831775700934
1767329364,33608398,576_1767329364-33608398.png,-385880,407754,0,0,-3.6944699754902,3.90389476102941,128.49,1879.58,-728,-574,-1028,1463,-450,-114,-641.438076271283,-473.399599600907,-874.314549443772,1274.46015996612,-435.108444248251,-95.3380042128924,-164.078991919756,-42.822369337082,-1.0471975511966,0.939925009788912,,,,,,,,,,0.5,0.5,0.219979553088944,0.602446198052196,0.38215859030837,0.427749360613811,0.428132468419256,0.476218965001496,0.461200585651537,0.257009345794392
1767329364,66957275,577_1767329364-66957275.png,-385880,407754,0,0,-3.6944699754902,3.90389476102941,127.16,1889.29,-721,-533,-872,1438,-498,-110,-655.968415199499,-488.272343416332,-891.313539969594,1305.51084568251,-440.623611280387,-98.3179671700808,-164.949502706528,-41.4220004081727,-1.0471975511966,0.939925009788912,,,,,,,,,,0.5,0.5,0.21803709653863,0.610676476322057,0.386013215859031,0.453964194373402,0.481392966882895,0.468740652108884,0.42606149341142,0.275700934579439
1767329364,133656250,578_1767329364-133656250.png,-385880,407754,0,0,-3.6944699754902,3.90389476102941,127.16,1896.17,-707,-493,-858,1387,-540,-89,-665.543560647737,-491.249486889721,-886.312453890643,1322.34767932462,-455.529361042738,-97.8417347436606,-165.983920186758,-46.0213088989259,-1.0471975511966,0.939925009788912,,,,,,,,,,0.5,0.5,0.21803709653863,0.616508022614194,0.393722466960352,0.479539641943734,0.486172755206555,0.453484893807957,0.395314787701318,0.373831775700934
1767329364,167006104,579_1767329364-167006104.png,-385880,407754,0,0,-3.6944699754902,3.90389476102941,132.95,1901.41,-641,-375,-682,1192,-528,-81,-676.984884795147,-481.777950230081,-874.329678224369,1317.89640348916,-471.59560431822,-95.6042626263107,-163.596558153629,-40.6843457221986,-1.0471975511966,0.8837545315046,,,,,,,,,,0.5,0.5,0.226493354753907,0.620949491011112,0.430066079295154,0.554987212276215,0.546261522703995,0.395154053245588,0.404099560761347,0.411214953271028
1767329364,200354980,580_1767329364-200354980.png,-385880,407754,0,0,-3.6944699754902,3.90389476102941,142.68,1900.21,-576,-311,-821,1155,-453,-74,-663.956838419503,-454.783450297528,-848.719937610264,1289.54926677587,-476.007709738878,-92.07085511601,-165.096460253,-45.9207196235658,-1.0471975511966,0.875099015097898,,,,,,,,,,0.5,0.5,0.240703957937783,0.619932360843879,0.465859030837004,0.595907928388747,0.498805052919085,0.384086150164523,0.45900439238653,0.44392523364486
1767329364,233704834,581_1767329364-233704834.png,-385880,407753,0,0,-3.6944699754902,3.90388518688725,157.62,1893.2,-500,-156,-762,1071,-431,-61,-646.628106892666,-423.671976557645,-840.086718596359,1265.96070201944,-471.283004247068,-88.7472474894408,-163.725592464209,-42.9907345771791,-1.0471975511966,0.889296774994636,,,,,,,,,,0.5,0,0.262523733021761,0.613990625450292,0.507709251101322,0.695012787723785,0.518948446568795,0.358959018845348,0.47510980966325,0.504672897196262
1767329364,267053955,582_1767329364-267053955.png,-385880,407753,0,0,-3.6944699754902,3.90388518688725,178.97,1879.36,-379,-85,-601,957,-397,-44,-606.911928950767,-368.978085947246,-807.463090535937,1218.72354643891,-460.281780782057,-81.9322372580001,-161.362193018198,-26.3194234371187,-1.0471975511966,0.889190874370671,,,,,,,,,,0.5,0,0.293705272382065,0.602259724188203,0.574339207048458,0.740409207161125,0.573916012290884,0.32485791205504,0.5,0.58411214953271
1767329364,300403809,583_1767329364-300403809.png,-385880,407754,0,50,-3.6944699754902,3.90389476102941,206.94,1841.09,-401,-197,-558,791,-349,-48,-576.195566089073,-340.755709115511,-772.160575958945,1160.72559730554,-445.32429575816,-76.8602110397096,-157.073799073696,-22.759824037552,-1.0471975511966,0.889190874370671,,,,,,,,,,0.5,0.5,0.334555279684533,0.569821747938192,0.562224669603524,0.668797953964194,0.588596790713554,0.2752019144481,0.535139092240117,0.565420560747663
1767329364,333752686,584_1767329364-333752686.png,-385880,407754,0,0,-3.6944699754902,3.90389476102941,242.01,1807.16,-195,-75,-546,723,-286,-25,-520.448829868518,-301.891108545348,-739.086440021787,1096.71180601114,-422.024419581005,-69.2760790026191,-153.67526781559,-17.180414915085,-1.0471975511966,0.889190874370671,,,,,,,,,,0.5,0.5,0.385774791879655,0.541062392459675,0.675660792951542,0.746803069053709,0.592693752133834,0.254860903380197,0.581259150805271,0.672897196261682
1767329364,367102539,585_1767329364-367102539.png,-385880,407754,0,0,-3.6944699754902,3.90389476102941,330.46,1716.29,-85,130,-336,418,-178,-10,-458.656606215284,-246.097930249108,-698.047780543503,998.689001394878,-385.520558809755,-60.024021482871,-148.358430802822,-1.00216317176831,-1.0471975511966,0.889190874370671,,,,,,,,,,0.5,0.5,0.514955454943771,0.464040210545945,0.736233480176211,0.877877237851662,0.664390576988733,0.163625486090338,0.660322108345534,0.742990654205607
1767329364,400451416,586_1767329364-400451416.png,-385880,407754,0,0,-3.6944699754902,3.90389476102941,374.97,1658.79,-95,199,-180,327,-91,-14,-404.625227115464,-186.868045235575,-635.540856193053,908.191083373461,-349.840614138621,-52.9535555027435,-146.232773989439,2.95277214050281,-1.0471975511966,0.889190874370671,,,,,,,,,,0.5,0.5,0.579962027165182,0.415302723366023,0.730726872246696,0.921994884910486,0.717651075452373,0.136404427161232,0.724011713030747,0.724299065420561
1767329364,433801514,587_1767329364-433801514.png,-385880,407754,0,0,-3.6944699754902,3.90389476102941,419.77,1570.24,-2,196,-220,266,-74,-16,-342.700024226659,-120.455180977323,-560.436016571903,802.230931591098,-303.570114835831,-46.402744780046,-136.366032630205,11.9376010894774,-1.0471975511966,0.889190874370671,,,,,,,,,,0.5,0.5,0.64539214254418,0.340246993108943,0.78193832599119,0.920076726342711,0.703994537384773,0.118157343703261,0.736456808199122,0.714953271028037
1767329364,467150391,588_1767329364-467150391.png,-385880,407754,0,0,-3.6944699754902,3.90389476102941,462.14,1489.61,47,178,-449,256,-135,10,-288.440747496961,-75.8052640503762,-531.375384534464,722.906502935587,-275.518088966951,-39.6034949554654,-125.202584117651,31.5644028186797,-1.0471975511966,0.889190874370671,,,,,,,,,,0.5,0.5,0.707273258361326,0.271904321955602,0.808920704845815,0.908567774936061,0.625810856947764,0.115166018546216,0.691800878477306,0.836448598130841
1767329364,500500244,589_1767329364-500500244.png,-385880,407754,0,0,-3.6944699754902,3.90389476102941,499.73,1443.4,-27,136,-422,222,-236,-5,-248.177468936237,-43.6784799414015,-516.120696771915,650.585588097407,-266.968617198262,-34.1315897510451,-105.300064504147,38.053700685501,-1.0471975511966,0.889190874370671,,,,,,,,,,0.5,0.5,0.762173214546517,0.232736334432399,0.768171806167401,0.881713554987212,0.635029020143394,0.104995513012264,0.617862371888726,0.766355140186916
1767329364,533848877,590_1767329364-533848877.png,-385880,407754,0,0,-3.6944699754902,3.90389476102941,545.07,1401.51,-68,134,-355,204,-243,-6,-220.703419842227,-17.6395974117566,-494.39581828756,585.769807794962,-263.271403613209,-29.9901461977019,-105.300064504147,38.053700685501,-1.0471975511966,0.889190874370671,,,,,,,,,,0.5,0.5,0.828391996494815,0.197230015511235,0.745594713656388,0.880434782608696,0.657903721406623,0.0996111277295842,0.612737920937042,0.761682242990654
1767329364,567198486,591_1767329364-567198486.png,-385880,407754,0,0,-3.6944699754902,3.90389476102941,574.43,1364.41,-73,-158,-357,91,-238,-13,-203.012730565217,-26.0498737238661,-478.014738819473,530.183529410098,-260.268822988061,-27.9714896730213,-99.4552063643933,48.9881274700164,-1.0471975511966,0.889190874370671,,,,,,,,,,0.5,0.5,0.871272089966408,0.165783741174277,0.74284140969163,0.693734015345269,0.657220894503243,0.0658091534549806,0.616398243045388,0.728971962616822
1767329364,633896484,592_1767329364-633896484.png,-385880,407754,0,0,-3.6944699754902,3.90389476102941,592.21,1336.74,-47,-39,-477,86,-160,-1,-176.742094495742,-31.4502588036118,-474.650411248246,453.554148030161,-245.013539795034,-23.6292668945689,-94.9955675899983,52.8837409019469,-1.0471975511966,0.889190874370671,,,,,,,,,,0.5,0.5,0.897239667007448,0.142330414734826,0.75715859030837,0.769820971867008,0.616251280300444,0.0643134908764583,0.673499267935578,0.785046728971963
1767329364,667245117,593_1767329364-667245117.png,-385880,407754,0,0,-3.6944699754902,3.90389476102941,603.37,1292.1,-166,172,-405,2,-65,18,-173.435767789403,-0.863501286034467,-483.470142194491,378.417958928722,-213.68116116165,-17.4388290470183,-87.0473268032074,62.3978815078734,-1.0471975511966,0.934041516671493,,,,,,,,,,0.5,0.5,0.913538776106324,0.104493172513752,0.691629955947137,0.904731457800512,0.640833048822124,0.0391863595572839,0.743045387994144,0.873831775700934
1767329364,700594727,594_1767329364-700594727.png,-385880,407754,0,0,-3.6944699754902,3.90389476102941,603.55,1279.64,-193,126,-426,-15,-64,21,-174.594344817413,24.8469972612696,-471.809782990481,311.82815125234,-187.896095542462,-11.0429025153038,-90.4148170948029,58.4001026153563,-1.0471975511966,0.928007117324338,,,,,,,,,,0.5,0.5,0.913801664962757,0.0939319709439818,0.676762114537445,0.875319693094629,0.633663366336634,0.0341011067903081,0.743777452415813,0.88785046728972
1767329364,733943115,595_1767329364-733943115.png,-385880,407754,0,0,-3.6944699754902,3.90389476102941,602.42,1269.29,4,10,-472,74,-153,-1,-159.456787514885,29.1413650638495,-469.273647988322,272.087036716811,-177.832135692698,-8.34797185726728,-90.7640604376793,54.1921179294585,-1.0471975511966,0.934984212825342,,,,,,,,,,0.5,0.5,0.912151307141814,0.0851592232515955,0.785242290748899,0.801150895140665,0.617958347558894,0.0607239006880048,0.678623718887262,0.785046728971963
1767329364,767292725,596_1767329364-767292725.png,-385880,407754,0,0,-3.6944699754902,3.90389476102941,600.03,1260.62,60,17,-523,64,-80,-8,-128.899019477223,27.173790445261,-475.731836553338,241.930292763969,-165.527262786215,-8.10508461365995,-91.8619235754014,53.8436377048491,-1.0471975511966,0.942666339678294,,,,,,,,,,0.5,0.5,0.908660727325836,0.077810457793336,0.816079295154185,0.805626598465473,0.600546261522704,0.0577325755309602,0.732064421669107,0.752336448598131
1767329364,800641357,597_1767329364-800641357.png,-385880,407754,0,0,-3.6944699754902,3.90389476102941,597.35,1251.3,21,95,-445,54,-55,-20,-105.907803081252,34.9533995893793,-473.376976306988,214.721307883282,-150.049265327846,-9.51547728640157,-89.9027060866356,56.7190294265746,-1.0471975511966,0.964361320638396,,,,,,,,,,0.5,0.5,0.904746604352271,0.0699107468278254,0.794603524229075,0.855498721227622,0.627176510754524,0.0547412503739156,0.750366032210835,0.696261682242991
1767329364,833990723,598_1767329364-833990723.png,-385880,407754,0,0,-3.6944699754902,3.90389476102941,594.76,1246.48,23,183,-213,71,-33,-29,-87.1109472945948,54.1903007190765,-441.662373618283,193.236957388044,-133.535192925982,-12.3649294960439,-93.2583124935627,55.0340874195098,-1.0471975511966,0.960167453166472,,,,,,,,,,0.5,0.5,0.900963925806923,0.0658252739894388,0.795704845814978,0.911764705882353,0.706384431546603,0.0598265031408914,0.766471449487555,0.654205607476635
1767329364,867339355,599_1767329364-867339355.png,-385880,407754,0,0,-3.6944699754902,3.90389476102941,592.63,1242.67,29,213,-327,54,-41,-29,-70.1306701692358,77.4149213669741,-424.893938554619,172.874690283788,-120.002677204229,-14.7976726071684,-93.0170631408692,55.5149672031401,-1.0471975511966,0.961903020889022,,,,,,,,,,0.5,0.5,0.897853074339126,0.0625958857084737,0.799008810572687,0.930946291560102,0.667463298053943,0.0547412503739156,0.760614934114202,0.654205607476635
1767329364,900688965,600_1767329364-900688965.png,-385880,407754,0,0,-3.6944699754902,3.90389476102941,592.1,1239.29,-33,259,-226,58,-91,-24,-65.7190501201375,98.9896564811893,-401.262679464157,159.226041216047,-116.556771389749,-15.8910321355461,-90.8013355731964,56.455663204193,-1.0471975511966,0.960531484495699,,,,,,,,,,0.5,0.5,0.897079012706295,0.0597309690707669,0.764867841409692,0.960358056265985,0.701946056674633,0.0559377804367335,0.724011713030747,0.677570093457944
1767329364,934037354,601_1767329364-934037354.png,-385880,407754,0,0,-3.6944699754902,3.90389476102941,594.55,1232.3,-151,153,-273,24,-104,3,-75.9398119792016,112.40672068886,-387.28719584998,136.140126016563,-116.228721139191,-13.3347985602438,-90.8013355731964,56.455663204193,-1.0471975511966,0.972039078601861,,,,,,,,,,0.5,0.5,0.900657222141084,0.0538061858466338,0.69988986784141,0.892583120204604,0.685899624445203,0.0457672749027819,0.714494875549048,0.803738317757009
1767329364,967386963,602_1767329364-967386963.png,-385880,407754,0,0,-3.6944699754902,3.90389476102941,595.92,1230.38,-92,57,-223,-4,-56,-12,-85.5043465607132,111.778728681464,-360.068681907039,111.339024904421,-109.456357999068,-11.4488508027776,-95.0255045890808,53.0525360107421,-1.0471975511966,0.972035474158878,,,,,,,,,,0.5,0.5,0.902658098437272,0.0521787775790609,0.732378854625551,0.831202046035806,0.702970297029703,0.0373915644630571,0.749633967789166,0.733644859813084
1767329365,735352,603_1767329365-735352.png,-385880,407754,0,0,-3.6944699754902,3.90389476102941,597.91,1228.73,-91,72,-302,19,-61,-25,-86.3354694206042,105.549987839203,-349.409763592999,97.204342627572,-102.232869363132,-13.0740256771818,-92.766722291708,57.6912491321563,-1.0471975511966,0.972035474158878,,,,,,,,,,0.5,0.5,0.905564480794508,0.0507802235991152,0.732929515418502,0.84079283887468,0.675998634346193,0.0442716123242596,0.74597364568082,0.672897196261682
1767329365,34084961,604_1767329365-34084961.png,-385880,407754,0,0,-3.6944699754902,3.90389476102941,599.74,1227.22,-16,45,-495,27,-9,-5,-78.1066161551893,97.4356153178828,-365.407453512578,86.718103602241,-90.0246039600085,-12.4418345590842,-92.3048742711545,58.2152590751647,-1.0471975511966,0.972035474158878,,,,,,,,,,0.5,0.5,0.908237184168249,0.0495003348053468,0.774229074889868,0.823529411764706,0.610105838170024,0.0466646724498953,0.784040995607614,0.766355140186916
1767329365,67433350,605_1767329365-67433350.png,-385880,407754,0,0,-3.6944699754902,3.90389476102941,600.68,1225.71,101,-5,-521,13,14,20,-55.1228668314998,83.8266666130764,-387.448451958698,76.3214318180243,-75.4427102967841,-8.38319282593396,-93.3380579054356,59.2966654300689,-1.0471975511966,0.972035474158878,,,,,,,,,,0.5,0.5,0.90961004819629,0.0482204460115784,0.838656387665198,0.79156010230179,0.601229088426084,0.0424768172300329,0.800878477306003,0.883177570093458
1767329365,100782959,606_1767329365-100782959.png,-385880,407754,0,0,-3.6944699754902,3.90389476102941,601.07,1223.51,26,-106,-603,12,22,21,-43.2593105338536,56.0660679789525,-418.97110426516,66.9149480814062,-61.1925102662269,-4.08614100922346,-94.7643838226796,55.7644343376158,-1.0471975511966,0.972035474158878,,,,,,,,,,0.5,0.5,0.910179640718563,0.0463557073716508,0.797356828193833,0.726982097186701,0.573233185387504,0.0421776847143285,0.806734992679356,0.88785046728972
1767329365,167480957,607_1767329365-167480957.png,-385880,407754,0,0,-3.6944699754902,3.90389476102941,601.55,1220.54,204,-123,-425,-10,-5,8,-37.8173697601067,50.2996279106297,-434.582569242866,59.3300546657373,-63.8999234818895,-1.54898852951044,-94.5170301795006,56.1395664215087,-1.0471975511966,0.972035474158878,,,,,,,,,,0.5,0.5,0.910880677669052,0.0438383102077488,0.895374449339207,0.716112531969309,0.634004779788324,0.0355967693688304,0.78696925329429,0.827102803738318
1767329365,200829346,608_1767329365-200829346.png,-385880,407754,0,0,-3.6944699754902,3.90389476102941,601.67,1219.35,200,-284,-727,68,123,-24,-2.69869402517384,10.384873790101,-460.513321950546,56.2503913712032,-43.7018141491259,-3.04864621691836,-92.5686575472355,60.0563867092131,-1.0471975511966,0.972035474158878,,,,,,,,,,0.5,0.5,0.911055936906674,0.0428296561252425,0.893171806167401,0.613171355498721,0.530897917377945,0.0589291055937781,0.880673499267936,0.677570093457944
1767329365,234178955,609_1767329365-234178955.png,-385880,407754,0,0,-3.6944699754902,3.90389476102941,600.87,1218.48,-94,-459,-843,45,-79,-6,-2.60014045602561,-61.2820374131565,-520.348975034441,55.5482104198693,-38.8932863109525,-4.53074575439829,-89.6868479847909,63.108597755432,-1.0471975511966,0.972035474158878,,,,,,,,,,0.5,0.5,0.909887541989192,0.0420922367539985,0.731277533039648,0.501278772378517,0.491293956981905,0.0520490577325755,0.732796486090776,0.761682242990654
1767329365,267527344,610_1767329365-267527344.png,-385880,407754,0,0,-3.6944699754902,3.90389476102941,609.87,1217.57,-161,-26,-425,-9,-181,-15,-61.623099474468,-88.6364631471295,-546.892486305164,43.5743090884579,-69.6532181827731,-7.05673567937039,-90.0733015239239,57.0351262092589,-1.0471975511966,0.972035474158878,,,,,,,,,,0.5,0.5,0.923031984810866,0.0413209130438467,0.694383259911894,0.778132992327366,0.634004779788324,0.0358959018845348,0.658125915080527,0.719626168224299
1767329365,300876709,611_1767329365-300876709.png,-385880,407754,0,0,-3.6944699754902,3.90389476102941,615.74,1217.2,-148,185,-333,22,-192,-32,-64.3117298664116,-80.1190550590277,-540.234712805657,42.9027714117469,-73.4614733291019,-7.83313791328597,-89.8610150814057,56.2435946464537,-1.0471975511966,0.972035474158878,,,,,,,,,,0.5,0.5,0.931605082517891,0.0410072979089499,0.701541850220264,0.91304347826087,0.665414817343803,0.045169009871373,0.650073206442167,0.64018691588785
1767329365,334225342,612_1767329365-334225342.png,-385880,407754,0,0,-3.6944699754902,3.90389476102941,615.74,1217.2,-148,185,-333,22,-192,-32,-71.8858301066001,-56.1247928357105,-521.479199212997,41.0109927225997,-84.1896516257315,-10.020328969373,-87.1315530240536,55.8499782085418,-1.0471975511966,0.967468076136887,,,,,,,,,,0.5,0.5,0.931605082517891,0.0410072979089499,0.701541850220264,0.91304347826087,0.665414817343803,0.045169009871373,0.650073206442167,0.64018691588785
1767329365,367574707,613_1767329365-367574707.png,-385880,407754,0,0,-3.6944699754902,3.90389476102941,627.75,1216.86,-67,59,-291,63,-176,-14,-76.5965412036994,-25.5210650810332,-480.089567077362,44.7287008665697,-107.50332821846,-11.3088449223969,-87.5878162682057,58.9837210178374,-1.0471975511966,0.977455998250476,,,,,,,,,,0.5,0.5,0.949145611216591,0.0407191110282338,0.746145374449339,0.832480818414322,0.679754182314783,0.0574334430152558,0.661786237188873,0.724299065420561
1767329365,400923340,614_1767329365-400923340.png,-385880,407754,0,0,-3.6944699754902,3.90389476102941,633.68,1216.92,-48,49,-356,28,-105,-3,-72.6806462543092,-12.1025618592634,-455.13463385712,43.7278153793463,-110.904935880554,-10.4669739275733,-85.7118509113789,64.6668717861174,-1.0471975511966,0.977455998250476,,,,,,,,,,0.5,0.5,0.957806338542427,0.0407699675365957,0.756607929515419,0.826086956521739,0.657562307954933,0.0469638049655998,0.713762811127379,0.775700934579439
1767329365,467621094,615_1767329365-467621094.png,-385880,407754,0,0,-3.6944699754902,3.90389476102941,646.47,1217.43,5,16,-286,42,-111,-26,-68.1826040156779,-2.00345220423581,-439.50759443145,44.2793591127288,-114.32191967726,-12.4428885575998,-83.8252355158329,64.3470494747161,-1.0471975511966,0.977455998250476,,,,,,,,,,0.5,0.5,0.976486052285673,0.0412022478576696,0.78579295154185,0.804987212276215,0.681461249573233,0.0511516601854622,0.709370424597365,0.66822429906542
1767329365,500970459,616_1767329365-500970459.png,-385880,407754,0,0,-3.6944699754902,3.90389476102941,650,1216.91,-132,-220,-432,0,-238,0,-63.9314287203526,-13.3553202126595,-421.926494532081,41.3114956116429,-121.530979367708,-13.1923822589805,-83.1994808018208,64.9687829017638,-1.0471975511966,0.977455998250476,,,,,,,,,,0.5,0.5,0.981641594859062,0.0407614914518687,0.710352422907489,0.654092071611253,0.631614885626494,0.038588094525875,0.616398243045388,0.789719626168224
1767329365,534319336,617_1767329365-534319336.png,-385880,407754,0,0,-3.6944699754902,3.90389476102941,650.13,1217.05,-91,-152,-529,-32,-194,3,-70.175248228145,-37.4211624842269,-432.17852376899,32.3739077757923,-134.581457863807,-10.9915929913749,-82.9442695081234,66.5681810379027,-1.0471975511966,0.977455998250476,,,,,,,,,,0.5,0.5,0.981831459033153,0.0408801566380458,0.732929515418502,0.697570332480818,0.598497780812564,0.0290158540233323,0.648609077598829,0.803738317757009
1767329365,567669189,618_1767329365-567669189.png,-385880,407754,0,0,-3.6944699754902,3.90389476102941,650.21,1216.96,-36,160,-386,-32,-46,-8,-67.2393741597937,-20.1525078388361,-431.920563130215,21.2490326083474,-127.265585207903,-9.88056155302597,-82.9773885309697,66.5098621845244,-1.0471975511966,0.977455998250476,,,,,,,,,,0.5,0.5,0.981948298524901,0.0408038718755034,0.763215859030837,0.897058823529412,0.647319904404234,0.0290158540233323,0.756954612005857,0.752336448598131
1767329365,601018066,619_1767329365-601018066.png,-385880,407754,0,0,-3.6944699754902,3.90389476102941,650.23,1217.3,-17,254,-338,-34,-66,-8,-60.4134169647254,17.3617809063015,-419.502014303386,13.2241700272041,-117.757424911883,-9.6055447947813,-82.0714858472348,66.8523242473601,-1.0471975511966,0.977455998250476,,,,,,,,,,0.5,0.5,0.981977508397838,0.0410920587562192,0.773678414096916,0.957161125319693,0.663707750085353,0.0284175889919234,0.742313323572474,0.752336448598131
1767329365,634367920,620_1767329365-634367920.png,-385880,407754,0,0,-3.6944699754902,3.90389476102941,650.22,1217.52,-47,228,-202,1,-67,0,-58.8197236934005,42.3884175445502,-393.659867026036,11.7717751921579,-111.72676421114,-8.4642776480795,-85.156879991293,63.6294553279876,-1.0471975511966,0.977455998250476,,,,,,,,,,0.5,0.5,0.98196290346137,0.0412785326202122,0.75715859030837,0.940537084398977,0.710139979515193,0.0388872270415794,0.741581259150805,0.789719626168224
1767329365,667716797,621_1767329365-667716797.png,-385880,407754,0,0,-3.6944699754902,3.90389476102941,650.26,1217.59,-77,65,-130,57,-47,-10,-61.1643349203648,50.6277487017208,-350.008462872436,18.0997767545742,-101.072403608812,-8.34881375859289,-83.979661077261,63.6172757148742,-1.0471975511966,0.977455998250476,,,,,,,,,,0.5,0.5,0.982021323207244,0.0413378652133006,0.740638766519824,0.836317135549872,0.734721748036873,0.055638647921029,0.756222547584187,0.742990654205607
1767329365,701066650,622_1767329365-701066650.png,-385880,407754,0,0,-3.6944699754902,3.90389476102941,650.21,1217.56,-239,22,-201,71,-168,-17,-72.3214998959141,51.9666991327272,-316.475452922061,25.0301963891508,-103.032190930957,-8.80817335649471,-81.4594333171845,70.0690317153929,-1.0471975511966,0.977455998250476,,,,,,,,,,0.5,0.5,0.981948298524901,0.0413124369591199,0.651431718061674,0.808823529411765,0.710481392966883,0.0598265031408914,0.667642752562225,0.710280373831776
1767329365,734415527,623_1767329365-734415527.png,-385880,407754,0,0,-3.6944699754902,3.90389476102941,650.11,1217.69,-208,51,-276,67,-175,-26,-99.226477260556,48.5652112335653,-301.11573008606,32.7293998528156,-114.688694153176,-10.7754176525237,-82.6418473720551,66.9193837642668,-1.0471975511966,0.977455998250476,,,,,,,,,,0.5,0.5,0.981802249160216,0.0414226260605702,0.668502202643172,0.827365728900256,0.684875384090133,0.0586299730780736,0.662518301610542,0.66822429906542
1767329365,801114258,624_1767329365-801114258.png,-385880,407754,0,0,-3.6944699754902,3.90389476102941,650.04,1217.52,-33,-10,-268,37,-80,-23,-102.186187695015,43.4652557074424,-296.051287035805,35.0875248497282,-113.824214425318,-13.0500369882733,-82.7472437918187,65.8586111068724,-1.0471975511966,0.964912470776697,,,,,,,,,,0.5,0.5,0.981700014604936,0.0412785326202122,0.764867841409692,0.788363171355499,0.687606691703653,0.0496559976069399,0.732064421669107,0.682242990654206
1767329365,834464111,625_1767329365-834464111.png,-385880,407754,0,0,-3.6944699754902,3.90389476102941,650.02,1217.77,-50,39,-342,71,-72,-26,-94.0881004567319,41.4682541295531,-300.741204927798,39.4068632870322,-107.927192534814,-14.8615778723577,-82.7865320444107,65.8116121292113,-1.0471975511966,0.97488847378654,,,,,,,,,,0.5,0.5,0.981670804731999,0.0414904347383856,0.755506607929515,0.819693094629156,0.662342096278593,0.0598265031408914,0.73792093704246,0.66822429906542
1767329365,867812988,626_1767329365-867812988.png,-385880,407754,0,0,-3.6944699754902,3.90389476102941,649.89,1217.93,-42,148,-85,-7,-140,-23,-82.4211359788401,46.8519295705719,-291.583550115483,36.7981547544933,-104.986148466921,-16.2326407192551,-82.7865320444107,65.8116121292113,-1.0471975511966,0.977860291303486,,,,,,,,,,0.5,0.5,0.981480940557908,0.0416260520940167,0.759911894273128,0.889386189258312,0.750085353362923,0.0364941669159438,0.68814055636896,0.682242990654206
1767329365,901162842,627_1767329365-901162842.png,-385880,407754,0,0,-3.6944699754902,3.90389476102941,649.89,1218.16,-12,138,-159,39,-163,-12,-71.6798400305157,66.0312621108183,-257.260760904429,32.2645874544064,-114.020226075004,-16.5808539557095,-82.653406560421,67.3059790134429,-1.0471975511966,0.978331294229891,,,,,,,,,,0.5,0.5,0.981480940557908,0.0418210020427364,0.776431718061674,0.882992327365729,0.724820757937863,0.0502542626383488,0.671303074670571,0.733644859813084
1767329365,934511719,628_1767329365-934511719.png,-385881,407754,0,0,-3.69447954963235,3.90389476102941,649.57,1218.19,27,36,-413,97,-123,-24,-56.732455922308,66.3496857123399,-270.458273422506,40.319753511699,-117.732205699468,-17.5441086146839,-80.3029300272465,70.5479054450988,-1.0471975511966,0.978331294229891,,,,,,,,,,0,0.5,0.981013582590916,0.0418464302969174,0.797907488986784,0.817774936061381,0.638101741208604,0.0676039485492073,0.700585651537335,0.677570093457944
1767329365,967861572,629_1767329365-967861572.png,-385880,407754,0,0,-3.6944699754902,3.90389476102941,648.31,1218.24,7,-53,-439,89,-121,-31,-49.160188062783,52.1693473574887,-290.483283924335,46.1036176440726,-118.120463352423,-19.1428484150534,-83.5535945892334,65.6289179325102,-1.0471975511966,0.978331294229891,,,,,,,,,,0.5,0.5,0.979173360595881,0.0418888107205521,0.786894273127753,0.760869565217391,0.629224991464664,0.0652108884235716,0.702049780380674,0.644859813084112
1767329366,1210449,630_1767329366-1210449.png,-385880,407754,0,0,-3.6944699754902,3.90389476102941,646.45,1218.32,10,-40,-240,133,-217,-46,-40.5907794179498,38.3337636113049,-288.558779289645,57.6046512682119,-129.947655563609,-22.6590604801621,-82.3431917130948,63.8575723171233,-1.0471975511966,0.978331294229891,,,,,,,,,,0.5,0.5,0.976456842412735,0.0419566193983675,0.788546255506608,0.769181585677749,0.697166268350973,0.0783727191145678,0.631771595900439,0.574766355140187
1767329366,34560303,631_1767329366-34560303.png,-385880,407754,0,0,-3.6944699754902,3.90389476102941,644.11,1218.27,50,-14,-277,143,-223,-49,-28.4397565854957,29.967238482824,-285.853549351005,69.8187385508097,-143.39122972167,-26.4289222408301,-85.8919924199582,61.795062303543,-1.0471975511966,0.978331294229891,,,,,,,,,,0.5,0.5,0.9730392872791,0.0419142389747328,0.81057268722467,0.785805626598466,0.684533970638443,0.0813640442716123,0.627379209370425,0.560747663551402
1767329366,67909180,632_1767329366-67909180.png,-385880,407754,0,0,-3.6944699754902,3.90389476102941,641.35,1218.31,70,159,-450,140,-168,-37,-14.0437466835732,48.8372253347356,-309.858626271893,80.0821744815403,-146.990061259752,-27.9748559709977,-86.5672308504582,61.1270463466643,-1.0471975511966,0.978331294229891,,,,,,,,,,0.5,0.5,0.969008324813787,0.0419481433136405,0.8215859030837,0.896419437340153,0.625469443496074,0.080466646724499,0.667642752562225,0.616822429906542
1767329366,101259033,633_1767329366-101259033.png,-385880,407754,0,0,-3.6944699754902,3.90389476102941,637.6,1218.94,40,138,-497,169,-181,-56,-7.6226270185911,59.4309550615,-332.093523530461,90.6468009747211,-151.030896691249,-31.3046177747491,-86.5898946523667,67.3114240169524,-1.0471975511966,0.978331294229891,,,,,,,,,,0.5,0.5,0.96353147363809,0.042482136651438,0.805066079295154,0.882992327365729,0.609423011266644,0.0891414896799282,0.658125915080527,0.52803738317757
1767329366,134607910,634_1767329366-134607910.png,-385880,407754,0,0,-3.6944699754902,3.90389476102941,632.65,1219.38,-5,-35,-353,212,-255,-55,-6.00480865801354,50.3663227873483,-339.100622752067,107.214290896102,-164.205822499614,-34.7973022323417,-86.5898946523667,67.3114240169524,-1.0471975511966,0.978331294229891,,,,,,,,,,0.5,0.5,0.956302030086169,0.0428550843794236,0.780286343612335,0.772378516624041,0.658586548310004,0.10200418785522,0.603953147877013,0.532710280373832
1767329366,167958008,635_1767329366-167958008.png,-385880,407754,0,0,-3.6944699754902,3.90389476102941,618.54,1220.77,-267,-111,-383,126,-258,-17,-31.8392786815213,2.07622444348655,-344.561813696844,117.261882191059,-193.875537287784,-34.6971200241542,-89.0753149688244,58.1814427375792,-1.0471975511966,0.978331294229891,,,,,,,,,,0.5,0.5,0.935694464729078,0.0440332601564685,0.636013215859031,0.723785166240409,0.648344144759304,0.0762787915046366,0.601756954612006,0.710280373831776
1767329366,201306641,636_1767329366-201306641.png,-385880,407754,0,0,-3.6944699754902,3.90389476102941,610.41,1221.96,-211,6,-570,174,-229,-44,-67.410729176436,-6.87628004355591,-368.12876425199,123.116152193943,-202.332696181865,-34.0823657972347,-85.7823100090027,66.8867137432097,-1.0471975511966,0.978331294229891,,,,,,,,,,0.5,0.5,0.923820651380166,0.0450419142389747,0.666850220264317,0.798593350383632,0.584499829293274,0.0906371522584505,0.62298682284041,0.58411214953271
1767329366,234656738,637_1767329366-234656738.png,-385880,407754,0,0,-3.6944699754902,3.90389476102941,600.83,1225.43,-264,116,-495,221,-288,-61,-98.522436870377,8.41842464144492,-394.104447361502,137.493950434042,-213.951235834139,-37.8161241837677,-87.2435732483864,54.140103816986,-1.0471975511966,0.978331294229891,,,,,,,,,,0.5,0.5,0.909829122243318,0.047983115639224,0.637665198237885,0.868925831202046,0.610105838170024,0.10469638049656,0.579795021961933,0.504672897196262
1767329366,268005615,638_1767329366-268005615.png,-385880,407754,0,0,-3.6944699754902,3.90389476102941,588.9,1233.39,-227,32,-462,226,-214,-51,-118.326083427096,14.1710277566333,-404.938756159803,150.300094579499,-215.98807305813,-40.01844285281,-92.5862560868264,48.4400448799132,-1.0471975511966,0.975113506308725,,,,,,,,,,0.5,0.5,0.892405433036366,0.0547300790818707,0.658039647577093,0.815217391304348,0.621372482075794,0.106192043075082,0.633967789165447,0.551401869158878
1767329366,301355469,639_1767329366-301355469.png,-385880,407754,0,0,-3.6944699754902,3.90389476102941,561.4,1242.48,-383,-31,-469,270,-294,-53,-157.03248067885,7.56513410735615,-414.307189531049,167.805227500019,-227.396679821067,-41.9168894938377,-98.1890206634999,40.2253973484038,-1.0471975511966,0.975113506308725,,,,,,,,,,0.5,0.5,0.852241857747919,0.0624348400986617,0.572136563876652,0.774936061381074,0.618982587913964,0.119353873766078,0.575402635431918,0.542056074766355
1767329366,368054199,640_1767329366-368054199.png,-385880,407754,0,0,-3.6944699754902,3.90389476102941,489.57,1273.75,-281,-23,-637,373,-239,-47,-179.176942264497,7.81085256462756,-442.601557202291,205.117544666683,-237.251052164545,-43.5745743700366,-110.344806015492,27.439096212387,-1.0471975511966,0.975113506308725,,,,,,,,,,0.5,0.5,0.747334599094494,0.0889395570398123,0.628303964757709,0.780051150895141,0.561625128030044,0.150164522883637,0.615666178623719,0.570093457943925
1767329366,401403076,641_1767329366-401403076.png,-385880,407754,0,0,-3.6944699754902,3.90389476102941,451.36,1293.68,-374,24,-415,388,-288,-45,-202.48457879492,7.55869228417046,-450.938913646564,231.026537624894,-241.941504048996,-43.8945074228374,-104.240905165672,32.6551229953765,-1.0471975511966,0.975113506308725,,,,,,,,,,0.5,0.5,0.691529136848255,0.10583239390061,0.577092511013216,0.810102301790281,0.637418914305224,0.154651510619204,0.579795021961933,0.579439252336449
1767329366,434752930,642_1767329366-434752930.png,-385880,407754,0,0,-3.6944699754902,3.90389476102941,413.64,1328.54,-323,-84,-314,369,-285,-71,-226.065796340023,-2.4318219661789,-432.727925049188,255.896692186575,-249.544733245712,-47.174702427734,-124.715799421072,10.1020617485045,-1.0471975511966,0.975113506308725,,,,,,,,,,0.5,0.5,0.636439316488973,0.135380025258732,0.605176211453744,0.741048593350384,0.671901672925913,0.14896799282082,0.58199121522694,0.457943925233645
1767329366,468101807,643_1767329366-468101807.png,-385880,407754,0,0,-3.6944699754902,3.90389476102941,380.51,1352.85,-264,-247,-405,427,-296,-77,-232.243155921238,-26.8753193549485,-426.857299208027,274.584093421274,-254.752833951291,-50.5484886748306,-127.159398853779,3.33879423141467,-1.0471975511966,0.975113506308725,,,,,,,,,,0.5,0.5,0.588053161968745,0.155985387229931,0.637665198237885,0.636828644501279,0.640833048822124,0.166317678731678,0.57393850658858,0.429906542056075
1767329366,501451416,644_1767329366-501451416.png,-385880,407754,0,0,-3.6944699754902,3.90389476102941,355.24,1378.11,-399,-454,-441,396,-293,-81,-252.927139770228,-83.6611224981186,-427.938129143643,293.190459673128,-260.428454783864,-54.8920595107771,-129.283302307129,-1.46025991439831,-1.0471975511966,0.975113506308725,,,,,,,,,,0.5,0.5,0.551146487512779,0.177395977250188,0.563325991189427,0.504475703324808,0.628542164561284,0.15704457074484,0.576134699853587,0.411214953271028
1767329366,534800781,645_1767329366-534800781.png,-385880,407754,0,0,-3.6944699754902,3.90389476102941,309.62,1427.47,-621,-201,-508,499,-491,-68,-299.815810620732,-118.260215229089,-435.84949520422,323.603138537245,-283.847073415503,-57.9632597473863,-135.685728937388,-9.21709728240979,-1.0471975511966,0.975113506308725,,,,,,,,,,0.5,0.5,0.484518767343362,0.219233931462379,0.441079295154185,0.666240409207161,0.605667463298054,0.187855219862399,0.431185944363104,0.47196261682243
1767329366,568150879,646_1767329366-568150879.png,-385880,407754,0,0,-3.6944699754902,3.90389476102941,289.21,1457.82,-510,-285,-558,550,-416,-54,-348.519157787952,-137.706922624204,-451.382524116714,357.04012881339,-315.050178848588,-58.8397901477963,-143.617410212755,-25.4310281276704,-1.0471975511966,0.975113506308725,,,,,,,,,,0.5,0.5,0.4547100920111,0.244958848608651,0.502202643171806,0.612531969309463,0.588596790713554,0.203110978163326,0.486090775988287,0.537383177570093
1767329366,601500000,647_1767329366-601500000.png,-385880,407754,0,0,-3.6944699754902,3.90389476102941,271.2,1475.91,-589,-153,-678,594,-462,-49,-376.975893485098,-151.157766200533,-474.328608849465,387.955454756123,-333.976436559621,-57.6794917636123,-141.378044754267,-18.1623783111573,-1.0471975511966,0.975113506308725,,,,,,,,,,0.5,0.5,0.428406601431284,0.260292085879691,0.458700440528634,0.69693094629156,0.547627176510755,0.216272808854322,0.452415812591508,0.560747663551402
1767329366,634850098,648_1767329366-634850098.png,-385880,407754,0,0,-3.6944699754902,3.90389476102941,257.53,1492.12,-728,-77,-685,593,-465,-60,-420.562704161508,-144.548894688748,-504.747411380751,417.997281873773,-352.970347617416,-57.4057280084486,-143.558120667934,-22.0673055648805,-1.0471975511966,0.954335342284951,,,,,,,,,,0.5,0.5,0.408441653278808,0.274031819222065,0.38215859030837,0.745524296675192,0.545237282348925,0.215973676338618,0.450219619326501,0.509345794392523
1767329366,668199219,649_1767329366-668199219.png,-385880,407754,0,0,-3.6944699754902,3.90389476102941,247.78,1507.97,-659,-81,-663,560,-463,-81,-465.494827358065,-133.350582789484,-533.284143580498,444.31980261923,-372.093296316822,-60.3491418516692,-146.113935142756,-25.8798110485078,-1.0471975511966,0.956300565976324,,,,,,,,,,0.5,0.5,0.394201840221995,0.28746641351427,0.420154185022026,0.742966751918159,0.552748378286104,0.206102303320371,0.451683748169839,0.411214953271028
1767329366,734898682,650_1767329366-734898682.png,-385880,407754,0,0,-3.6944699754902,3.90389476102941,232.34,1550.57,-714,-112,-649,552,-405,-53,-520.800649646955,-128.203884107711,-588.305956542831,485.195668920989,-391.013434351271,-62.8401407165203,-148.292127817869,-32.6996779441835,-1.0471975511966,0.938162669930493,,,,,,,,,,0.5,0.5,0.37165181831459,0.323574534451046,0.389867841409692,0.723145780051151,0.557528166609764,0.203709243194735,0.494143484626647,0.542056074766355
1767329366,768248779,651_1767329366-768248779.png,-385880,407754,0,0,-3.6944699754902,3.90389476102941,232.34,1550.57,-714,-112,-649,552,-405,-53,-532.640791681244,-127.210835792632,-592.025565816128,489.289744636232,-391.870595224484,-62.2370917750612,-150.543052464724,-38.4958841800691,-1.0471975511966,0.932470351341708,,,,,,,,,,0.5,0.5,0.37165181831459,0.323574534451046,0.389867841409692,0.723145780051151,0.557528166609764,0.203709243194735,0.494143484626647,0.542056074766355
1767329366,801597900,652_1767329366-801597900.png,-385880,407754,0,0,-3.6944699754902,3.90389476102941,229.75,1564.95,-771,-110,-605,556,-447,-58,-565.935455823866,-124.748748628702,-595.129822916894,498.935860463313,-398.78082490827,-61.4803094425242,-151.196146607399,-39.5033531188966,-1.0471975511966,0.931211579815135,,,,,,,,,,0.5,0.5,0.367869139769242,0.33576314428839,0.358480176211454,0.724424552429668,0.572550358484124,0.204905773257553,0.463396778916545,0.518691588785047
1767329366,834948242,653_1767329366-834948242.png,-385880,407754,0,0,-3.6944699754902,3.90389476102941,226.46,1575.73,-690,-150,-546,605,-525,-84,-586.300586558936,-127.344399471491,-589.563266827759,513.102879638625,-415.099928045783,-64.0604902465288,-151.490646153688,-41.7280669212343,-1.0471975511966,0.920829906785317,,,,,,,,,,0.5,0.5,0.363064115671097,0.344900363624035,0.403083700440529,0.698849104859335,0.592693752133834,0.219563266527071,0.406295754026354,0.397196261682243
1767329366,868297363,654_1767329366-868297363.png,-385880,407754,0,0,-3.6944699754902,3.90389476102941,222.86,1587.68,-581,-173,-613,616,-498,-92,-585.525419093724,-134.021157928485,-592.990697517546,528.150742564974,-427.223386068422,-68.1464152123886,-152.60591301322,-44.6279611587526,-1.0471975511966,0.931906103448534,,,,,,,,,,0.5,0.5,0.357806338542427,0.355029284872732,0.463105726872247,0.684143222506394,0.569819050870604,0.222853724199821,0.42606149341142,0.359813084112149
1767329366,901647461,655_1767329366-901647461.png,-385880,407754,0,0,-3.6944699754902,3.90389476102941,219.37,1605.47,-576,-125,-534,631,-515,-98,-584.132404397735,-132.701887306838,-584.363790106958,543.191605929504,-440.05999850172,-72.5122580092171,-154.423238217831,-46.3431372642518,-1.0471975511966,0.926137705258705,,,,,,,,,,0.5,0.5,0.352709215714912,0.370108239601963,0.465859030837004,0.714833759590793,0.596790713554114,0.227340711935387,0.413616398243045,0.331775700934579
1767329366,934996582,656_1767329366-934996582.png,-385880,407754,0,0,-3.6944699754902,3.90389476102941,212.35,1633.86,-781,-444,-936,679,-506,-87,-597.957718575506,-150.599068612952,-602.404333550522,561.786207587191,-447.976458351813,-75.5518926607305,-153.724491775036,-42.5449607372285,-1.0471975511966,0.93124347514784,,,,,,,,,,0.5,0.5,0.342456550314006,0.394171844141754,0.352973568281938,0.510869565217391,0.459542505974735,0.241699072689201,0.420204978038067,0.383177570093458
1767329366,968346924,657_1767329366-968346924.png,-385880,407754,0,0,-3.6944699754902,3.90389476102941,208.87,1645.55,-658,-495,-881,663,-478,-95,-623.171375743323,-213.473633750001,-663.666732866385,583.612592482789,-456.963743047109,-78.5491049428419,-155.32303661108,-44.0168311595918,-1.0471975511966,0.92473026410482,,,,,,,,,,0.5,0.5,0.337374032422959,0.40408038718755,0.420704845814978,0.478260869565217,0.478320245817685,0.23691295243793,0.440702781844802,0.345794392523364
1767329367,1696045,658_1767329367-1696045.png,-385880,407754,0,0,-3.6944699754902,3.90389476102941,205.27,1658.79,-632,-403,-671,630,-601,-82,-625.17562978685,-243.713734010497,-670.499139352004,591.301510832373,-474.654168204231,-79.4103400914695,-154.658253401518,-41.9666440486909,-1.0471975511966,0.920013344787364,,,,,,,,,,0.5,0.5,0.332116255294289,0.415302723366023,0.435022026431718,0.537084398976982,0.550017070672585,0.227041579419683,0.350658857979502,0.406542056074766
1767329367,68395264,659_1767329367-68395264.png,-385880,407754,0,0,-3.6944699754902,3.90389476102941,200.95,1673.75,-657,-201,-636,689,-567,-100,-629.143972405634,-243.00774792691,-666.413918182325,603.970837433354,-489.091558967038,-81.9276973471303,-156.163610398769,-41.4175584316255,-1.0471975511966,0.916784026472371,,,,,,,,,,0.5,0.5,0.325806922739886,0.427982946117529,0.42125550660793,0.666240409207161,0.561966541481734,0.244690397846246,0.375549048316252,0.322429906542056
1767329367,101745605,660_1767329367-101745605.png,-385880,407754,0,0,-3.6944699754902,3.90389476102941,191.5,1717.38,-1024,-277,-688,705,-735,-99,-669.327039783875,-253.557934198493,-675.103492793205,622.847244405293,-524.787491400383,-84.0279346120514,-157.662668287754,-36.3451077938081,-1.0471975511966,0.917753922594868,,,,,,,,,,0.5,0.5,0.312005257777129,0.464964103781181,0.219162995594714,0.617647058823529,0.544213041993855,0.249476518097517,0.252562225475842,0.327102803738318
1767329367,135094727,661_1767329367-135094727.png,-385880,407754,0,0,-3.6944699754902,3.90389476102941,186.42,1736.77,-904,-134,-564,721,-669,-104,-725.494732287413,-241.222373663801,-662.93141753715,641.060841610396,-558.686454564826,-87.5949152956064,-155.451226711273,-23.6770205497743,-1.0471975511966,0.913279143838098,,,,,,,,,,0.5,0.5,0.304585950051117,0.481399232066724,0.285242290748899,0.709079283887468,0.586548310003414,0.254262638348789,0.300878477306003,0.303738317757009
1767329367,168444824,662_1767329367-168444824.png,-385880,407754,0,0,-3.6944699754902,3.90389476102941,181.22,1756.92,-925,-109,-685,697,-651,-86,-754.094749624149,-222.571643542834,-662.839923995893,649.899769344898,-572.680268389471,-87.8553842050749,-156.820795714855,-28.1509506702424,-1.0471975511966,0.916615799884995,,,,,,,,,,0.5,0.5,0.296991383087484,0.498478542791514,0.273678414096916,0.725063938618926,0.545237282348925,0.247083457971882,0.314055636896047,0.38785046728972
1767329367,201794189,663_1767329367-201794189.png,-385880,407754,0,0,-3.6944699754902,3.90389476102941,176.05,1777.14,-958,-50,-671,677,-667,-64,-778.321419559663,-202.067825025974,-663.809450124503,653.11963907384,-583.886713549282,-85.0210456176381,-158.206664472818,-31.7820515632631,-1.0471975511966,0.916615799884995,,,,,,,,,,0.5,0.5,0.289440630933255,0.515617186109392,0.255506607929515,0.762787723785166,0.550017070672585,0.241100807657792,0.302342606149341,0.490654205607477
1767329367,235144287,664_1767329367-235144287.png,-385880,407754,0,0,-3.6944699754902,3.90389476102941,165.87,1820.08,-903,-2,-612,687,-645,-90,-801.329547284471,-168.768383925385,-656.423828158161,658.708978386222,-595.032742851318,-83.5789376601748,-159.961972683668,-35.7285327911378,-1.0471975511966,0.916615799884995,,,,,,,,,,0.5,0.5,0.274572805608296,0.552013493926885,0.28579295154185,0.793478260869565,0.570160464322294,0.244092132814837,0.318448023426061,0.369158878504673
1767329367,268493408,665_1767329367-268493408.png,-385880,407754,0,0,-3.6944699754902,3.90389476102941,161.36,1833.1,-924,-130,-564,714,-666,-94,-817.175495674264,-159.949459565915,-629.07520510479,670.271755665099,-613.765910383189,-84.933741693547,-160.972102880478,-39.0690424442292,-1.0471975511966,0.916615799884995,,,,,,,,,,0.5,0.5,0.26798597926099,0.563049356241365,0.274229074889868,0.711636828644501,0.586548310003414,0.252168710738857,0.30307467057101,0.350467289719626
1767329367,301843750,666_1767329367-301843750.png,-385880,407754,0,0,-3.6944699754902,3.90389476102941,156.84,1847.36,-954,-269,-739,745,-665,-109,-834.636243962843,-164.088153199738,-630.283290583412,678.566476169205,-621.343434521526,-87.1788766538787,-159.929827749729,-24.0568811893464,-1.0471975511966,0.916615799884995,,,,,,,,,,0.5,0.5,0.261384547977216,0.575136253061986,0.257709251101322,0.622762148337596,0.526800955957665,0.261441818725695,0.303806734992679,0.280373831775701
1767329367,335192871,667_1767329367-335192871.png,-385880,407754,0,0,-3.6944699754902,3.90389476102941,152.98,1861.87,-928,-340,-829,763,-666,-113,-849.739120916362,-185.856417923487,-654.327556156893,689.910903163301,-627.818354165211,-90.7320525127587,-160.319788008928,-18.3791754245759,-1.0471975511966,0.916615799884995,,,,,,,,,,0.5,0.5,0.255747042500365,0.58743505200078,0.272026431718062,0.577365728900256,0.496073745305565,0.266826204008376,0.30307467057101,0.261682242990654
1767329367,368542969,668_1767329367-368542969.png,-385880,407754,0,0,-3.6944699754902,3.90389476102941,149.4,1881.44,-766,-362,-702,764,-690,-99,-846.522531340375,-210.389739028346,-668.378000401372,700.690089980825,-635.574197244698,-92.7215056889307,-165.858002960682,-15.716711997986,-1.0471975511966,0.916615799884995,,,,,,,,,,0.5,0.5,0.250518475244633,0.604022749811407,0.361233480176211,0.563299232736573,0.539433253670195,0.26712533652408,0.285505124450952,0.327102803738318
1767329367,401892334,669_1767329367-401892334.png,-385880,407754,0,0,-3.6944699754902,3.90389476102941,144.93,1898.96,-719,-299,-822,799,-667,-106,-829.162540817213,-225.076258357808,-687.552547453806,714.107114867187,-640.80081859542,-94.4713777601762,-167.170035779476,-18.7040128707887,-1.0471975511966,0.916615799884995,,,,,,,,,,0.5,0.5,0.243990068643201,0.618872850253011,0.387114537444934,0.603580562659847,0.498463639467395,0.277594974573736,0.302342606149341,0.294392523364486
1767329367,435242432,670_1767329367-435242432.png,-385880,407754,0,0,-3.6944699754902,3.90389476102941,140.57,1909.04,-958,-111,-898,851,-749,-127,-841.448564929653,-213.550087891946,-716.244204728835,732.700300765238,-654.374931094102,-98.6524253128089,-174.064312368631,-14.997398376465,-1.0471975511966,0.916615799884995,,,,,,,,,,0.5,0.5,0.237622316342924,0.627416743657769,0.255506607929515,0.723785166240409,0.472516217138955,0.293149865390368,0.242313323572474,0.196261682242991
1767329367,468591553,671_1767329367-468591553.png,-385880,407754,0,0,-3.6944699754902,3.90389476102941,136.86,1917.54,-1032,-88,-759,814,-755,-117,-869.315155027484,-195.189413595581,-722.496890365595,744.589717356699,-669.090525063423,-101.335608165295,-176.293287545443,-17.3449113368989,-1.0471975511966,0.916615799884995,,,,,,,,,,0.5,0.5,0.232203884913101,0.634621415675671,0.214757709251101,0.73849104859335,0.519972686923865,0.282081962309303,0.23792093704246,0.242990654205607
1767329367,535290771,672_1767329367-535290771.png,-385880,407754,0,0,-3.6944699754902,3.90389476102941,136,1926.13,-493,-127,-882,667,-670,-137,-782.939441601986,-175.207486967528,-758.523183524866,727.047580887359,-676.661165114723,-109.395756442003,-172.619998276234,-23.4976220130922,-1.0471975511966,0.916615799884995,,,,,,,,,,0.5,0.5,0.230947860376807,0.641902372456115,0.511563876651982,0.713554987212276,0.477978832365995,0.238109482500748,0.300146412884334,0.149532710280374
1767329367,568640381,673_1767329367-568640381.png,-385880,407754,0,0,-3.6944699754902,3.90389476102941,137.34,1925.88,-390,-379,-578,745,-777,-154,-736.252982382376,-199.420762199363,-737.074615746921,729.180568299818,-688.582760218326,-114.695336930544,-172.131979733706,-17.3077993392946,-1.0471975511966,0.916615799884995,,,,,,,,,,0.5,0.5,0.23290492186359,0.641690470337941,0.568281938325991,0.552429667519182,0.581768521679754,0.261441818725695,0.221815519765739,0.0700934579439252
1767329367,635339111,674_1767329367-635339111.png,-385880,407754,0,0,-3.6944699754902,3.90389476102941,167.75,1918.48,-575,-49,-728,581,-555,-99,-674.95642900735,-206.341864727691,-685.263976412758,712.820380806776,-674.741563013493,-115.356488923243,-173.339849978685,-16.1378400325776,-1.0471975511966,0.896695261784375,,,,,,,,,,0.5,0.5,0.277318533664378,0.635418167640004,0.466409691629956,0.763427109974425,0.530556503926255,0.212384086150165,0.384333821376281,0.327102803738318
1767329367,668687744,675_1767329367-668687744.png,-385880,407754,0,0,-3.6944699754902,3.90389476102941,186.83,1913.83,-582,0,-736,552,-542,-85,-672.062999414078,-199.919117381331,-686.843222879731,707.814568363283,-670.609752327757,-114.411590713014,-167.963658481836,-13.1736087799073,-1.0471975511966,0.899119122282127,,,,,,,,,,0.5,0.5,0.305184752446327,0.631476788241975,0.462555066079295,0.794757033248082,0.527825196312735,0.203709243194735,0.39385065885798,0.392523364485981
1767329367,702037598,676_1767329367-702037598.png,-385880,407754,0,0,-3.6944699754902,3.90389476102941,204.22,1904.96,-585,61,-752,552,-515,-89,-656.682478404828,-161.631430153248,-696.318879739401,680.8872358119,-646.729177801125,-109.573920094706,-158.144452661276,-1.83338594436658,-1.0471975511966,0.898818452365195,,,,,,,,,,0.5,0.5,0.330582736965094,0.623958501089177,0.460903083700441,0.833759590792839,0.522362581085695,0.203709243194735,0.413616398243045,0.373831775700934
1767329367,735386230,677_1767329367-735386230.png,-385880,407754,0,0,-3.6944699754902,3.90389476102941,220.13,1898.94,-735,-41,-528,578,-560,-94,-660.270921170724,-129.543797032625,-680.760953236485,658.384012807102,-625.919101333158,-106.082746191703,-163.558633625507,-5.95983886718762,-1.0471975511966,0.897993016912996,,,,,,,,,,0.5,0.5,0.35381919088652,0.618855898083557,0.378303964757709,0.768542199488491,0.598839194264254,0.211486688603051,0.380673499267936,0.350467289719626
1767329367,802084717,678_1767329367-802084717.png,-385880,407754,0,0,-3.6944699754902,3.90389476102941,236.93,1887.8,-700,-109,-497,606,-523,-83,-670.679007536059,-122.592934233515,-639.794186657689,645.50556510757,-603.74059595493,-103.085494746764,-158.119061410427,-0.660847425460936,-1.0471975511966,0.903307788509621,,,,,,,,,,0.5,0.5,0.378355484153644,0.609413539697743,0.397577092511013,0.725063938618926,0.609423011266644,0.219862399042776,0.407759882869693,0.401869158878505
1767329367,835434570,679_1767329367-835434570.png,-385880,407754,0,0,-3.6944699754902,3.90389476102941,239.28,1883.07,-600,18,-381,549,-683,-52,-671.854290137987,-116.65198408147,-615.301003256794,637.953975505238,-596.913220321152,-99.18322668346,-157.804041057825,0.955315589904664,-1.0471975511966,0.897073315213816,,,,,,,,,,0.5,0.5,0.381787644223748,0.605404351621899,0.452643171806167,0.806265984654731,0.649026971662684,0.202811845647622,0.290629575402635,0.546728971962617
1767329367,868783447,680_1767329367-868783447.png,-385880,407754,0,0,-3.6944699754902,3.90389476102941,239.56,1877.97,-659,-86,-283,504,-712,-51,-663.052471793343,-99.755492700568,-565.940552501542,618.508590746618,-614.415046644616,-90.9386815924968,-159.033016562462,0.248468160629152,-1.0471975511966,0.902787314060924,,,,,,,,,,0.5,0.5,0.382196582444866,0.601081548411158,0.420154185022026,0.739769820971867,0.682485489928303,0.189350882440921,0.269399707174231,0.551401869158878
1767329367,902133057,681_1767329367-902133057.png,-385880,407754,0,0,-3.6944699754902,3.90389476102941,238.25,1876.35,-656,-98,-333,505,-709,-49,-662.188319735438,-98.8299090176304,-529.087995311706,601.853148896793,-628.414537383066,-84.916968357089,-161.052627563477,5.9960992336272,-1.0471975511966,0.903360832630344,,,,,,,,,,0.5,0.5,0.380283335767489,0.599708422685393,0.421806167400881,0.732097186700767,0.665414817343803,0.189650014956626,0.271595900439239,0.560747663551402
1767329367,935481934,682_1767329367-935481934.png,-385880,407754,0,0,-3.6944699754902,3.90389476102941,235.09,1875.94,-746,-254,-623,581,-590,-79,-669.428663856547,-112.827122807436,-526.65780896424,594.5674505521,-629.429559354066,-82.3795170356764,-154.400704294443,-1.00402593612683,-1.0471975511966,0.900536107806816,,,,,,,,,,0.5,0.5,0.375668175843435,0.599360903211588,0.372246696035242,0.632352941176471,0.566404916353704,0.212384086150165,0.358711566617862,0.420560747663551
1767329367,968831543,683_1767329367-968831543.png,-385880,407754,0,0,-3.6944699754902,3.90389476102941,230.09,1876.69,-716,-116,-358,570,-687,-64,-679.097055135391,-120.827884097266,-511.821788795971,590.915823799445,-634.14037672705,-79.6018532263011,-154.400704294443,-1.00402593612683,-1.0471975511966,0.900536107806816,,,,,,,,,,0.5,0.5,0.368365707609172,0.599996609566109,0.388766519823789,0.720588235294118,0.656879481051553,0.209093628477415,0.287701317715959,0.490654205607477
1767329368,2180420,684_1767329368-2180420.png,-385880,407754,0,0,-3.6944699754902,3.90389476102941,224.19,1877.89,-757,-164,-442,578,-692,-72,-688.352966539147,-125.957308672971,-503.526026777341,589.381251248921,-641.014873548702,-78.6986514270715,-158.091916799545,-4.5043034553529,-1.0471975511966,0.900536107806816,,,,,,,,,,0.5,0.5,0.359748795092741,0.601013739733342,0.366189427312775,0.689897698209719,0.628200751109594,0.211486688603051,0.284040995607613,0.453271028037383
1767329368,35530029,685_1767329368-35530029.png,-385880,407754,0,0,-3.6944699754902,3.90389476102941,218.83,1879.78,-815,-128,-517,589,-660,-86,-705.283209618705,-127.243460059677,-503.439350924266,589.023783335814,-644.669003779869,-79.3824155790437,-163.48369371891,2.80633020400989,-1.0471975511966,0.900536107806816,,,,,,,,,,0.5,0.5,0.351920549145611,0.602615719746734,0.334251101321586,0.712915601023018,0.602594742232844,0.2147771462758,0.307467057101025,0.38785046728972
1767329368,68878906,686_1767329368-68878906.png,-385880,407754,0,0,-3.6944699754902,3.90389476102941,215.83,1881.13,-1009,-174,-444,557,-699,-95,-736.959345446092,-141.929153414174,-500.517611413067,583.30389881755,-642.776640825032,-82.6480256710346,-163.515838652849,2.78942203521716,-1.0471975511966,0.900536107806816,,,,,,,,,,0.5,0.5,0.347539068205053,0.603759991184872,0.227422907488987,0.683503836317136,0.627517924206214,0.205204905773258,0.27891654465593,0.345794392523364
1767329368,102228516,687_1767329368-102228516.png,-385880,407754,0,0,-3.6944699754902,3.90389476102941,215.83,1880.84,-1009,-174,-444,557,-699,-95,-769.28141236085,-145.739598772277,-493.802563542921,580.178643957779,-649.456727595172,-84.1156053658595,-161.242964535952,-2.78253602981579,-1.0471975511966,0.900536107806816,,,,,,,,,,0.5,0.5,0.347539068205053,0.60351418472779,0.227422907488987,0.683503836317136,0.627517924206214,0.205204905773258,0.27891654465593,0.345794392523364
1767329368,135577393,688_1767329368-135577393.png,-385880,407754,0,0,-3.6944699754902,3.90389476102941,227.48,1878.73,-709,-94,-463,515,-657,-66,-780.610890655352,-138.978910981697,-468.807452861194,568.804958378481,-658.042350926522,-83.3081877036553,-156.424731165171,-5.52753424644482,-1.0471975511966,0.900536107806816,,,,,,,,,,0.5,0.5,0.364553819190886,0.601725730850405,0.392621145374449,0.734654731457801,0.621031068624104,0.19264134011367,0.309663250366032,0.481308411214953
1767329368,168927002,689_1767329368-168927002.png,-385880,407754,0,0,-3.6944699754902,3.90389476102941,237.62,1871.78,-550,-184,-369,420,-536,-64,-765.189233193786,-135.202518468837,-465.032247796678,557.979383662374,-654.123581388719,-80.7147532447202,-154.311023175716,-0.45436716079724,-1.0471975511966,0.900536107806816,,,,,,,,,,0.5,0.5,0.379363224769972,0.59583485196518,0.480176211453744,0.677109974424552,0.653123933082963,0.164223751121747,0.398243045387994,0.490654205607477
1767329368,202275879,690_1767329368-202275879.png,-385880,407754,0,0,-3.6944699754902,3.90389476102941,251.85,1852.38,-488,-209,-527,436,-447,-66,-724.201332999872,-145.167644378846,-458.119252709063,535.114819150479,-628.255546226457,-77.9487368105541,-155.808782279491,-0.0190534591676012,-1.0471975511966,0.900536107806816,,,,,,,,,,0.5,0.5,0.400146049364685,0.579391247594911,0.51431718061674,0.661125319693095,0.599180607715944,0.169009871373018,0.463396778916545,0.481308411214953
1767329368,235625488,691_1767329368-235625488.png,-385880,407754,0,0,-3.6944699754902,3.90389476102941,271.64,1834.43,-463,-106,-613,420,-458,-38,-687.396225262326,-145.180720976825,-475.975819478391,519.172027254995,-602.743944883549,-73.6672273848724,-152.541233509779,7.20617961883533,-1.0471975511966,0.900536107806816,,,,,,,,,,0.5,0.5,0.429049218635899,0.564176675510048,0.528083700440529,0.726982097186701,0.569819050870604,0.164223751121747,0.455344070278184,0.61214953271028
1767329368,268974121,692_1767329368-268974121.png,-385880,407754,0,0,-3.6944699754902,3.90389476102941,296.88,1811.42,-332,-127,-539,368,-398,-32,-633.052297498126,-140.904725622258,-490.863673091203,495.855166700766,-570.600996839579,-66.7904608032543,-149.952689647675,8.06906938552844,-1.0471975511966,0.900536107806816,,,,,,,,,,0.5,0.5,0.465912078282459,0.544673204553353,0.600220264317181,0.713554987212276,0.595083646295664,0.148668860305115,0.499267935578331,0.64018691588785
1767329368,302323975,693_1767329368-302323975.png,-385880,407754,0,0,-3.6944699754902,3.90389476102941,325.92,1781.16,-337,-111,-581,317,-373,-28,-589.619926187754,-136.970259218097,-502.893379042983,471.097911602449,-542.389177385817,-61.2273867561851,-145.089907944203,14.2783794403075,-1.0471975511966,0.900536107806816,,,,,,,,,,0.5,0.5,0.50832481378706,0.519024572169623,0.597466960352423,0.723785166240409,0.580744281324684,0.133413102004188,0.517569546120059,0.658878504672897
1767329368,335672607,694_1767329368-335672607.png,-385880,407754,0,0,-3.6944699754902,3.90389476102941,358.17,1743.21,-323,-90,-575,268,-233,-18,-551.01293934015,-130.67724028164,-513.602953812406,442.740496270821,-500.983522741176,-55.1800192949376,-137.919184923172,24.7994158267974,-1.0471975511966,0.905181812702991,,,,,,,,,,0.5,0.5,0.555425733898058,0.486857830630875,0.605176211453744,0.737212276214834,0.582792762034824,0.118755608734669,0.620058565153734,0.705607476635514
1767329368,402371094,695_1767329368-402371094.png,-385880,407754,0,0,-3.6944699754902,3.90389476102941,425.42,1633.26,-248,98,-505,110,-53,10,-508.140511993687,-95.8337971510728,-528.127168357669,389.488133264793,-418.322043697807,-45.6161123073002,-133.722420275211,24.6923785209654,-1.0471975511966,0.906168011236313,,,,,,,,,,0.5,0.5,0.653643931648897,0.393663279058137,0.64647577092511,0.857416879795396,0.606691703653124,0.0714926712533653,0.751830161054173,0.836448598130841
1767329368,435720703,696_1767329368-435720703.png,-385880,407754,0,0,-3.6944699754902,3.90389476102941,459.9,1590.63,-328,152,-472,92,-105,10,-468.086699004849,-59.0267459264368,-522.108020134734,340.084842220307,-358.375155317793,-36.0047289363814,-128.024065107107,25.2692623138426,-1.0471975511966,0.902486337453706,,,,,,,,,,0.5,0.5,0.704001752592376,0.35752972986718,0.602422907488987,0.891943734015345,0.617958347558894,0.066108285970685,0.713762811127379,0.836448598130841
1767329368,469069580,697_1767329368-469069580.png,-385880,407754,0,0,-3.6944699754902,3.90389476102941,533.41,1442.63,-88,-28,-314,143,-181,-35,-370.025560101762,-35.0709118380907,-471.068376973468,275.448802305703,-297.597479470552,-27.1396576426063,-124.431040763855,33.0695164203643,-1.0471975511966,0.912890377135036,,,,,,,,,,0.5,0.5,0.811362640572513,0.232083675908424,0.734581497797357,0.776854219948849,0.671901672925913,0.0813640442716123,0.658125915080527,0.626168224299065
1767329368,502419189,698_1767329368-502419189.png,-385880,407754,0,0,-3.6944699754902,3.90389476102941,533.41,1442.63,9,140,-217,144,-102,-35,-358.227734131938,-29.6215269742053,-463.16005940469,271.357231032441,-291.50916969453,-27.3843243905978,-112.969196349382,44.9096765518187,-1.0471975511966,0.91510643327948,,,,,,,,,,0.5,0.5,0.811362640572513,0.232083675908424,0.787995594713656,0.884271099744245,0.705018777739843,0.0816631767873168,0.715959004392387,0.626168224299065
1767329368,535767822,699_1767329368-535767822.png,-385880,407754,0,0,-3.6944699754902,3.90389476102941,555.14,1396.53,8,171,-337,129,-80,-28,-314.627296251683,-8.50329314317941,-437.64816071859,255.758588295532,-268.30815857554,-28.0712813693314,-103.847892761231,54.8969593048095,-1.0471975511966,0.930757442037904,,,,,,,,,,0.5,0.5,0.843099167518621,0.193008925317217,0.787444933920705,0.904092071611253,0.664049163537043,0.0771761890517499,0.732064421669107,0.658878504672897
1767329368,569117432,700_1767329368-569117432.png,-385880,407754,0,0,-3.6944699754902,3.90389476102941,572.24,1371.28,24,154,-303,107,23,-21,-240.615815692099,29.5976826829782,-411.112623368812,224.812866507323,-213.981601807479,-27.2236556724772,-95.8817936778069,55.893968105316,-1.0471975511966,0.927108046983277,,,,,,,,,,0.5,0.5,0.868073608879801,0.171606811381687,0.79625550660793,0.893222506393862,0.675657220894503,0.0705952737062519,0.807467057101025,0.691588785046729
1767329368,635815430,701_1767329368-635815430.png,-385880,407754,0,0,-3.6944699754902,3.90389476102941,585.65,1347.94,-125,-74,-504,24,-118,7,-219.621107333014,20.7010565778864,-419.183523099297,195.445625923361,-199.945076952576,-22.2187257231323,-70.3250126540661,64.8724923133849,-1.0471975511966,0.950666775753858,,,,,,,,,,0.5,0.5,0.887658828684095,0.151823629629002,0.71420704845815,0.747442455242967,0.607033117104814,0.0457672749027819,0.704245973645681,0.822429906542056
1767329368,669164063,702_1767329368-669164063.png,-385880,407754,0,0,-3.6944699754902,3.90389476102941,604.28,1310.83,-435,88,-734,-104,-23,45,-262.936728848954,44.7720045735834,-495.971819135071,134.339138315834,-158.769850958259,-9.42062161557231,-97.6729483604432,57.8312430381774,-1.0471975511966,0.948343317615945,,,,,,,,,,0.5,0.5,0.91486782532496,0.120368879207316,0.543502202643172,0.851023017902813,0.528508023216115,0.00747831289261143,0.773792093704246,1
1767329368,702513672,703_1767329368-702513672.png,-385880,407754,0,0,-3.6944699754902,3.90389476102941,609.84,1292.08,-393,13,-565,-32,-35,20,-284.298419590821,44.305966200338,-515.486365667115,106.000255409965,-140.000664542223,-3.72464359793063,-63.9385610818863,70.6946339607238,-1.0471975511966,0.95267318732397,,,,,,,,,,0.5,0.5,0.922988170001461,0.104476220344298,0.566629955947137,0.80306905370844,0.586206896551724,0.0290158540233323,0.765007320644217,0.883177570093458
1767329368,735862061,704_1767329368-735862061.png,-385880,407754,0,0,-3.6944699754902,3.90389476102941,613.79,1282.79,-269,-10,-363,37,-173,-5,-288.972675381779,37.6461388015611,-504.445577457178,92.0636029328222,-137.134689610163,-2.51770150255247,-69.040708899498,71.8916749954222,-1.0471975511966,0.954422221868034,,,,,,,,,,0.5,0.5,0.928757119906528,0.0966019376329687,0.634911894273128,0.788363171355499,0.655172413793104,0.0496559976069399,0.66398243045388,0.766355140186916
1767329368,769211670,705_1767329368-769211670.png,-385880,407754,0,0,-3.6944699754902,3.90389476102941,616.32,1274.66,-164,101,-282,-5,-166,-14,-276.548943640723,40.7241939368141,-476.429515940206,80.2098445338301,-141.746172065961,-3.69525090206358,-94.1962302327156,62.6378915309905,-1.0471975511966,0.967022164265231,,,,,,,,,,0.5,0.5,0.932452168833066,0.0897108807499641,0.69273127753304,0.859335038363171,0.682826903379993,0.0370924319473527,0.669106881405564,0.724299065420561
1767329368,802560059,706_1767329368-802560059.png,-385880,407754,0,0,-3.6944699754902,3.90389476102941,617.67,1267.88,-74,80,-276,-15,-162,-7,-249.396377149134,47.0439572019554,-447.282907989423,66.5604674491303,-144.817842707394,-4.37054265286292,-84.4492368698121,67.9116640090941,-1.0471975511966,0.961547152995562,,,,,,,,,,0.5,0.5,0.934423835256316,0.0839640953050967,0.742290748898678,0.845907928388747,0.684875384090133,0.0341011067903081,0.67203513909224,0.757009345794392
1767329368,835909668,707_1767329368-835909668.png,-385880,407754,0,0,-3.6944699754902,3.90389476102941,618.4,1262.13,-50,-1,-304,-11,-149,-18,-220.894569540229,42.2396261668503,-425.560956862113,55.1081691170076,-145.786018981716,-6.06202636944214,-65.1447429060936,72.7635920047759,-1.0471975511966,0.9725655960795,,,,,,,,,,0.5,0.5,0.935489995618519,0.0790903465871046,0.755506607929515,0.794117647058824,0.675315807442813,0.0352976368531259,0.681551976573939,0.705607476635514
1767329368,869258301,708_1767329368-869258301.png,-385880,407754,0,0,-3.6944699754902,3.90389476102941,618.89,1255.79,-80,-50,-360,37,-117,-22,-199.467036477199,30.0943290910706,-414.437209091562,51.1434314072625,-142.454009602892,-8.39282475985484,-87.9762179851532,63.5112414360045,-1.0471975511966,0.975249519485997,,,,,,,,,,0.5,0.5,0.936205637505477,0.0737165088702226,0.738986784140969,0.762787723785166,0.656196654148174,0.0496559976069399,0.70497803806735,0.686915887850467
1767329368,902607666,709_1767329368-902607666.png,-385880,407754,0,0,-3.6944699754902,3.90389476102941,619.27,1252.4,-64,-3,-412,21,-82,-12,-179.656089496483,25.2545539248373,-414.080787180008,46.7352009110809,-133.613104758737,-8.92034465909391,-69.8675155639649,70.6547994613646,-1.0471975511966,0.975249519485997,,,,,,,,,,0.5,0.5,0.936760625091281,0.070843116147789,0.747797356828194,0.792838874680307,0.638443154660294,0.0448698773556686,0.730600292825769,0.733644859813084
1767329368,935956299,710_1767329368-935956299.png,-385880,407754,0,0,-3.6944699754902,3.90389476102941,619.65,1247.14,-206,87,-644,-36,-88,20,-178.846746729967,42.7315987240664,-446.418368215463,30.169685469659,-118.927524499533,-4.36646759115678,-69.8675155639649,70.6547994613646,-1.0471975511966,0.975249519485997,,,,,,,,,,0.5,0.5,0.937315612677085,0.0663846955814172,0.669603524229075,0.850383631713555,0.559235233868214,0.0278193239605145,0.726207906295754,0.883177570093458
1767329368,969305664,711_1767329368-969305664.png,-385880,407754,0,0,-3.6944699754902,3.90389476102941,619.77,1244.86,-157,45,-476,-14,-118,5,-177.717422530616,45.3917485504126,-460.603093466241,21.3483643755919,-117.147138225349,-1.93773983658501,-70.3004006743432,73.4389157295226,-1.0471975511966,0.975249519485997,,,,,,,,,,0.5,0.5,0.937490871914707,0.0644521482636741,0.696585903083701,0.823529411764706,0.616592693752134,0.0344002393060126,0.704245973645681,0.813084112149533
1767329369,36003662,712_1767329369-36003662.png,-385880,407754,0,0,-3.6944699754902,3.90389476102941,619.99,1241.96,-88,-42,-538,-20,-80,3,-166.489546276164,34.9976953460083,-470.221194148826,15.4660747507532,-112.756954234043,-1.16077882392979,-70.157534301281,73.7128853797911,-1.0471975511966,0.987264078196742,,,,,,,,,,0.5,0.5,0.937812180517015,0.0619940836928606,0.734581497797357,0.767902813299233,0.595425059747354,0.0326054442117858,0.732064421669107,0.803738317757009
1767329369,69352295,713_1767329369-69352295.png,-385880,407754,0,0,-3.6944699754902,3.90389476102941,620.41,1238.52,-99,121,-356,-6,-72,-20,-153.958340098549,37.9310424488515,-477.535693342835,12.4203723578236,-102.171234011129,-2.71623002498172,-68.2846860289574,70.3722324371337,-1.0471975511966,0.987900428483907,,,,,,,,,,0.5,0.5,0.938425587848693,0.0590783105467921,0.72852422907489,0.872122762148338,0.657562307954933,0.0367932994316482,0.73792093704246,0.696261682242991
1767329369,102701660,714_1767329369-102701660.png,-385880,407754,0,0,-3.6944699754902,3.90389476102941,620.46,1237.39,-80,38,-326,17,-102,-22,-143.296223518744,47.200110623454,-454.693779365956,10.6465730400325,-98.7956836897757,-5.82572029478015,-64.3773556649685,74.6441242694853,-1.0471975511966,0.978104389784682,,,,,,,,,,0.5,0.5,0.938498612531035,0.0581205129726478,0.738986784140969,0.819053708439898,0.667804711505633,0.0436733472928507,0.715959004392387,0.686915887850467
1767329369,136050293,715_1767329369-136050293.png,-385880,407754,0,0,-3.6944699754902,3.90389476102941,620.54,1236.3,-66,-19,-344,19,-141,-13,-131.090537842659,40.4514670960554,-434.082434438673,11.9821769612096,-103.983163931458,-7.55158281019741,-71.0882437825203,70.8939497470854,-1.0471975511966,0.978104389784682,,,,,,,,,,0.5,0.5,0.938615452022784,0.0571966197374109,0.746696035242291,0.782608695652174,0.661659269375213,0.0442716123242596,0.687408491947291,0.728971962616822
1767329369,169399658,716_1767329369-169399658.png,-385880,407754,0,0,-3.6944699754902,3.90389476102941,620.59,1234.82,-89,13,-342,-7,-100,-7,-124.304286142936,35.5592037367436,-420.670987860745,9.91932861033632,-104.525225520957,-7.63548907768508,-71.2623459398747,70.7417762279509,-1.0471975511966,0.978104389784682,,,,,,,,,,0.5,0.5,0.938688476705126,0.0559421591978234,0.734030837004405,0.80306905370844,0.662342096278593,0.0364941669159438,0.717423133235725,0.757009345794392
1767329369,202748291,717_1767329369-202748291.png,-385880,407754,0,0,-3.6944699754902,3.90389476102941,620.59,1233.38,-180,-49,-356,30,-66,6,-116.776395745821,35.9469585941115,-416.83543813877,9.75868935839032,-102.33953767504,-6.5454430912462,-71.1948091089726,70.8437983989714,-1.0471975511966,0.978104389784682,,,,,,,,,,0.5,0.5,0.938688476705126,0.0547216029971437,0.683920704845815,0.763427109974425,0.657562307954933,0.0475620699970087,0.742313323572474,0.817757009345794
1767329369,236097656,718_1767329369-236097656.png,-385880,407754,0,0,-3.6944699754902,3.90389476102941,620.61,1233.16,-31,-89,-355,58,-45,7,-121.384448522162,22.2790909604959,-407.907625759265,13.5903640353052,-96.3715159616248,-4.67964783755731,-90.1586317121983,64.8518586158751,-1.0471975511966,0.978104389784682,,,,,,,,,,0.5,0.5,0.938717686578063,0.0545351291331509,0.765969162995595,0.737851662404092,0.657903721406623,0.0559377804367335,0.757686676427526,0.822429906542056
1767329369,269446289,719_1767329369-269446289.png,-385880,407754,0,0,-3.6944699754902,3.90389476102941,620.51,1232.86,-96,-15,-381,-31,52,24,-109.748020072691,7.58328423934823,-400.357712840294,15.8107550086382,-81.5490642315634,-1.61937371511899,-89.7660738825799,65.874946117401,-1.0471975511966,0.978104389784682,,,,,,,,,,0.5,0.5,0.938571637213378,0.0542808465913426,0.730176211453745,0.785166240409207,0.649026971662684,0.0293149865390368,0.828696925329429,0.901869158878505
1767329369,302795654,720_1767329369-302795654.png,-385880,407754,0,0,-3.6944699754902,3.90389476102941,620.55,1232.84,-67,-59,-727,-65,-13,20,-103.572569898264,-2.12873225652073,-437.62339309939,2.47616766630662,-62.7538911541453,2.99245922694474,-86.5902193486691,66.4051175117491,-1.0471975511966,0.978104389784682,,,,,,,,,,0.5,0.5,0.938630056959252,0.0542638944218886,0.746145374449339,0.757033248081841,0.530897917377945,0.0191444810050853,0.781112737920937,0.883177570093458
1767329369,369493652,721_1767329369-369493652.png,-385880,407754,0,0,-3.6944699754902,3.90389476102941,620.32,1232.4,-113,3,-386,35,-84,-28,-142.927536067498,-32.3483896665887,-483.516808456443,-2.91889532926398,-100.462573059047,1.11412766060756,-66.5994472801686,74.2787358760832,-1.0471975511966,0.978104389784682,,,,,,,,,,0.5,0.5,0.938294143420476,0.0538909466939032,0.720814977973568,0.796675191815857,0.647319904404234,0.049057732575531,0.729136163982431,0.658878504672897
1767329369,402842041,722_1767329369-402842041.png,-385880,407754,0,0,-3.6944699754902,3.90389476102941,620.32,1232.4,-113,3,-386,35,-84,-28,-141.99598975665,-31.2481099137194,-480.481429167001,-1.73860414272097,-99.9501470054738,0.207900092971032,-66.6339949667454,74.2578155994414,-1.0471975511966,0.978104389784682,,,,,,,,,,0.5,0.5,0.938294143420476,0.0538909466939032,0.720814977973568,0.796675191815857,0.647319904404234,0.049057732575531,0.729136163982431,0.658878504672897
1767329369,436191650,723_1767329369-436191650.png,-385880,407754,0,0,-3.6944699754902,3.90389476102941,620.19,1232.44,-103,-47,-526,60,-91,-31,-138.466707398313,-32.6737146525373,-484.601029413594,3.84896954854843,-99.1401253563745,-2.61653113511672,-89.2304548621178,65.803444623947,-1.0471975511966,0.978104389784682,,,,,,,,,,0.5,0.5,0.938104279246385,0.0539248510328111,0.726321585903084,0.764705882352941,0.599522021167634,0.0565360454681424,0.724011713030747,0.644859813084112
1767329369,469540039,724_1767329369-469540039.png,-385880,407754,0,0,-3.6944699754902,3.90389476102941,619.99,1232.45,1,-148,-436,54,-77,-32,-123.867603825432,-43.9096930935899,-482.509955220468,11.517576504001,-96.6826463890798,-6.85788521841431,-88.8298445641995,67.3812060356139,-1.0471975511966,0.987520300808593,,,,,,,,,,0.5,0.5,0.937812180517015,0.0539333271175378,0.783590308370044,0.700127877237852,0.630249231819734,0.0547412503739156,0.734260614934114,0.64018691588785
1767329369,502889404,725_1767329369-502889404.png,-385880,407754,0,0,-3.6944699754902,3.90389476102941,619.52,1232.59,-56,-127,-425,31,-105,-31,-110.765449608174,-57.2314715622117,-474.71271338985,15.6486980628519,-96.3383245292286,-10.4442103056916,-88.8298445641995,67.3812060356139,-1.0471975511966,0.984371702384002,,,,,,,,,,0.5,0.5,0.937125748502994,0.0540519923037149,0.752202643171806,0.713554987212276,0.634004779788324,0.0478612025127131,0.713762811127379,0.644859813084112
1767329369,536238281,726_1767329369-536238281.png,-385880,407754,0,0,-3.6944699754902,3.90389476102941,617.18,1232.98,-17,-176,-461,36,-85,-32,-96.6673533847887,-75.1104814612608,-470.39881623305,18.8957235971077,-95.4589378037696,-14.115403859086,-70.3974199295044,71.5072290897368,-1.0471975511966,0.978808993297272,,,,,,,,,,0.5,0.5,0.933708193369359,0.0543825596080659,0.773678414096916,0.682225063938619,0.621713895527484,0.0493568650912354,0.728404099560761,0.64018691588785
1767329369,569588379,727_1767329369-569588379.png,-385880,407754,0,0,-3.6944699754902,3.90389476102941,612.8,1233.48,-28,-133,-91,42,-209,-41,-86.6253141360663,-83.5763504455814,-414.914839995004,22.2745352013798,-112.063390235873,-18.0470563303885,-72.1192844212056,69.8270156383513,-1.0471975511966,0.979660297745296,,,,,,,,,,0.5,0.5,0.927311231196144,0.0548063638444131,0.767621145374449,0.709718670076726,0.748036872652783,0.0511516601854622,0.637628111273792,0.598130841121495
1767329369,636287109,728_1767329369-636287109.png,-385880,407754,0,0,-3.6944699754902,3.90389476102941,587.57,1244.49,-306,51,-76,115,-427,-32,-115.573303778808,-60.5538260367709,-328.652915500468,39.3128999297018,-180.401823633767,-21.2451847283387,-92.7360060214997,51.9335877895354,-1.0471975511966,0.981753899094933,,,,,,,,,,0.5,0.5,0.890462976486052,0.0641385331287773,0.614537444933921,0.827365728900256,0.753158074428133,0.0729883338318875,0.478038067349927,0.64018691588785
1767329369,702986084,729_1767329369-702986084.png,-385880,407754,0,0,-3.6944699754902,3.90389476102941,531.87,1304.54,-560,-61,-496,275,-415,-69,-215.007744096177,-54.2929538252819,-357.751533699816,90.600164370579,-234.383309656715,-30.4957568083357,-105.531053453684,34.1570842266082,-1.0471975511966,0.986261552650628,,,,,,,,,,0.5,0.5,0.80911348035636,0.115037421914069,0.474669603524229,0.755754475703325,0.609764424718334,0.120849536344601,0.486822840409956,0.467289719626168
1767329369,736334961,730_1767329369-736334961.png,-385880,407754,0,0,-3.6944699754902,3.90389476102941,497.13,1331.2,-696,-294,-664,232,-547,-43,-281.61866037872,-82.9573196994923,-397.929888202513,112.458158418818,-276.480389355435,-33.0375400821169,-108.692621350288,24.1983160972594,-1.0471975511966,0.988885202163718,,,,,,,,,,0.5,0.5,0.7583759310647,0.137634663796099,0.399779735682819,0.606777493606138,0.552406964834415,0.107986838169309,0.390190336749634,0.588785046728972
1767329369,769685059,731_1767329369-769685059.png,-385880,407754,0,0,-3.6944699754902,3.90389476102941,460.66,1360.38,-624,-331,-787,270,-602,-43,-333.663982135581,-118.216681633522,-451.454512091987,134.455083850452,-322.576406935223,-34.4944684269243,-113.797886252403,18.1540756225585,-1.0471975511966,0.979970397821131,,,,,,,,,,0.5,0.5,0.705111727763984,0.162367879029319,0.43942731277533,0.583120204603581,0.510413110276545,0.119353873766078,0.349926793557833,0.588785046728972
1767329369,803033936,732_1767329369-803033936.png,-385880,407754,0,0,-3.6944699754902,3.90389476102941,385.85,1423.42,-662,-136,-560,302,-504,-63,-384.308086750701,-129.435458860053,-466.143770121613,162.918698747551,-362.99355170171,-39.4682447324215,-125.04640519619,5.15441632270801,-1.0471975511966,0.982072030522142,,,,,,,,,,0.5,0.5,0.595852198042938,0.215801117147967,0.418502202643172,0.707800511508951,0.587913963810174,0.128926114268621,0.421669106881406,0.495327102803738
1767329369,836383789,733_1767329369-836383789.png,-385880,407754,0,0,-3.6944699754902,3.90389476102941,350.23,1464.59,-637,-103,-587,308,-504,-67,-429.327504510837,-126.649078854436,-485.571638788032,187.667126411804,-387.361796372933,-44.0101744301563,-136.805281788111,-9.65713953971875,-1.0471975511966,0.9858430114738,,,,,,,,,,0.5,0.5,0.543829414342048,0.250697157968791,0.43226872246696,0.728900255754476,0.578695800614544,0.130720909362848,0.421669106881406,0.476635514018692
1767329369,869732910,734_1767329369-869732910.png,-385880,407754,0,0,-3.6944699754902,3.90389476102941,322.04,1485.84,-655,-76,-518,310,-517,-70,-461.836550431118,-119.98263335698,-492.206585169769,205.502452493699,-405.96375423649,-47.7286886451157,-136.805281788111,-9.65713953971875,-1.0471975511966,0.9858430114738,,,,,,,,,,0.5,0.5,0.502658098437272,0.268708838013545,0.422356828193833,0.74616368286445,0.602253328781154,0.131319174394257,0.412152269399707,0.462616822429906
1767329369,903082764,735_1767329369-903082764.png,-385880,407754,0,0,-3.6944699754902,3.90389476102941,301.22,1503.96,-671,-78,-497,289,-569,-72,-491.986140220924,-113.788159416282,-493.483580524361,218.289284042806,-428.38019297022,-51.2233126583026,-140.346484601498,-13.3187611103059,-1.0471975511966,0.9858430114738,,,,,,,,,,0.5,0.5,0.4722506207098,0.284067503538765,0.413546255506608,0.744884910485933,0.609423011266644,0.125037391564463,0.374084919472914,0.453271028037383
1767329369,969781738,736_1767329369-969781738.png,-385880,407754,0,0,-3.6944699754902,3.90389476102941,276.27,1531.52,-543,-110,-415,320,-558,-82,-511.876308077389,-118.518751597487,-485.443446246029,240.573511139791,-459.462964245314,-58.0688736634264,-141.108806580305,-17.0210769176484,-1.0471975511966,0.9858430114738,,,,,,,,,,0.5,0.5,0.435811304220827,0.30742759304622,0.484030837004405,0.724424552429668,0.637418914305224,0.134310499551301,0.382137628111274,0.406542056074766
1767329370,3130615,737_1767329370-3130615.png,-385880,407754,0,0,-3.6944699754902,3.90389476102941,268.43,1544.96,-516,-59,-490,336,-566,-85,-514.047035433999,-110.987088668121,-482.180657261807,256.200735009993,-477.442299498643,-62.5610079123753,-146.895284324884,-27.623358488083,-1.0471975511966,0.9858430114738,,,,,,,,,,0.5,0.5,0.424361034029502,0.318819450919231,0.498898678414097,0.757033248081841,0.611812905428474,0.139096619802573,0.376281112737921,0.392523364485981
1767329370,36480469,738_1767329370-36480469.png,-385880,407754,0,0,-3.6944699754902,3.90389476102941,262.12,1551.32,-577,-36,-632,318,-505,-77,-521.580256104497,-100.651694307302,-500.195670758151,265.732084697426,-483.145523896024,-64.8920201634505,-146.014383256435,-24.245020389557,-1.0471975511966,0.9858430114738,,,,,,,,,,0.5,0.5,0.415145319117862,0.324210240805567,0.465308370044053,0.771739130434783,0.563332195288494,0.133712234519892,0.420937042459736,0.429906542056075
1767329370,69829590,739_1767329370-69829590.png,-385880,407754,0,0,-3.6944699754902,3.90389476102941,252.18,1560.8,-736,-37,-712,313,-583,-81,-543.589335101086,-92.3878172229606,-541.464774173427,273.573174759761,-491.537410299874,-66.8787559072832,-146.506168276072,-25.9088988304139,-1.0471975511966,0.9858430114738,,,,,,,,,,0.5,0.5,0.400628012268147,0.332245569126709,0.377753303964758,0.771099744245524,0.536019119153295,0.13221657194137,0.363836017569546,0.411214953271028
1767329370,103179443,740_1767329370-103179443.png,-385880,407754,0,0,-3.6944699754902,3.90389476102941,247.47,1567.3,-757,-158,-626,315,-604,-85,-578.128054243148,-90.2313218166888,-565.665605300497,280.509350936362,-508.630633684683,-69.564278608006,-148.059645265341,-31.1001365184785,-1.0471975511966,0.9858430114738,,,,,,,,,,0.5,0.5,0.393749087191471,0.337755024199222,0.366189427312775,0.693734015345269,0.565380675998634,0.132814836972779,0.348462664714495,0.392523364485981
1767329370,136528320,741_1767329370-136528320.png,-385880,407754,0,0,-3.6944699754902,3.90389476102941,242.75,1578.46,-673,-155,-637,321,-630,-81,-601.437769721565,-101.671358238778,-577.0879268297,287.01292747338,-527.465133214746,-71.8698114672073,-149.583380073309,-35.0162403583528,-1.0471975511966,0.9858430114738,,,,,,,,,,0.5,0.5,0.386855557178326,0.34721433475449,0.412444933920705,0.695652173913043,0.561625128030044,0.134609632067006,0.329428989751098,0.411214953271028
1767329370,203227295,742_1767329370-203227295.png,-385880,407754,0,0,-3.6944699754902,3.90389476102941,224.42,1618.34,-849,-202,-349,322,-783,-93,-658.188678642357,-133.32632414487,-533.843296569299,290.901315519555,-571.413871487364,-78.9369617618692,-150.830538570881,-38.6358780860902,-1.0471975511966,0.9858430114738,,,,,,,,,,0.5,0.5,0.360084708631517,0.381016960645539,0.315528634361233,0.665601023017903,0.659952202116763,0.13490876458271,0.217423133235725,0.355140186915888
1767329370,236577148,743_1767329370-236577148.png,-385880,407754,0,0,-3.6944699754902,3.90389476102941,224.42,1618.34,-846,-159,-566,370,-783,-93,-669.69861755498,-134.899724718483,-535.814006798284,295.74884558248,-584.38083959309,-79.798809225998,-152.186470329762,-37.6361467838289,-1.0471975511966,0.936162516927345,,,,,,,,,,0.5,0.5,0.360084708631517,0.381016960645539,0.317180616740088,0.69309462915601,0.585865483100034,0.149267125336524,0.217423133235725,0.355140186915888
1767329370,269926270,744_1767329370-269926270.png,-385880,407754,0,0,-3.6944699754902,3.90389476102941,216.85,1635.5,-766,-220,-543,310,-681,-83,-690.661340572822,-146.31226615428,-538.297937798194,301.451870016862,-606.58654934976,-80.8920594681444,-152.186470329762,-37.6361467838289,-1.0471975511966,0.936449718712067,,,,,,,,,,0.5,0.5,0.349028771724843,0.395561922036973,0.361233480176211,0.654092071611253,0.593717992488904,0.131319174394257,0.292093704245974,0.401869158878505
1767329370,303276123,745_1767329370-303276123.png,-385880,407754,0,0,-3.6944699754902,3.90389476102941,209.79,1662.73,-839,-202,-548,296,-680,-82,-706.219352554753,-153.438287070404,-539.309124282069,301.200449987338,-615.337358461044,-81.0520072606141,-151.450708508492,-15.7235898971559,-1.0471975511966,0.932311981824211,,,,,,,,,,0.5,0.5,0.338717686578063,0.418642300748438,0.321035242290749,0.665601023017903,0.592010925230454,0.127131319174394,0.292825768667643,0.406542056074766
1767329370,336625000,746_1767329370-336625000.png,-385880,407754,0,0,-3.6944699754902,3.90389476102941,209.66,1694.07,-905,-37,-419,308,-739,-84,-733.479119506826,-140.935834683932,-525.253169113782,301.865687116042,-631.80373015435,-81.4282701910616,-152.357974916697,-18.2579524517061,-1.0471975511966,0.932311981824211,,,,,,,,,,0.5,0.5,0.338527822403972,0.445206350282677,0.284691629955947,0.771099744245524,0.636053260498464,0.130720909362848,0.249633967789165,0.397196261682243
1767329370,369975098,747_1767329370-369975098.png,-385880,407754,0,0,-3.6944699754902,3.90389476102941,202.28,1743.09,-1029,30,-223,316,-920,-104,-770.664159938178,-124.917542293117,-489.62386199237,305.131768268538,-664.136127174965,-83.4161629753109,-152.501165986061,-7.52556395530713,-1.0471975511966,0.932311981824211,,,,,,,,,,0.5,0.5,0.3277493792902,0.486756117614152,0.216409691629956,0.813938618925831,0.702970297029703,0.133113969488483,0.117130307467057,0.303738317757009
1767329370,403323975,748_1767329370-403323975.png,-385880,407754,0,0,-3.6944699754902,3.90389476102941,193.77,1771.3,-992,-103,-280,338,-847,-104,-807.291976317639,-106.401972779872,-452.406524723443,307.405946381101,-699.28187629693,-86.4263809188063,-154.060617387295,-12.1529572010041,-1.0471975511966,0.932311981824211,,,,,,,,,,0.5,0.5,0.315320578355484,0.510667152628858,0.236784140969163,0.728900255754476,0.683509730283373,0.139694884833981,0.170571010248902,0.303738317757009
1767329370,436673828,749_1767329370-436673828.png,-385880,407754,0,0,-3.6944699754902,3.90389476102941,185.38,1771.3,-805,-181,-507,330,-651,-84,-822.843797835434,-110.68465970378,-441.105080299722,311.389800011964,-708.872665976441,-87.770687386412,-154.424407124519,-5.23250102996838,-1.0471975511966,0.932311981824211,,,,,,,,,,0.5,0.5,0.303067036658391,0.510667152628858,0.339757709251101,0.679028132992327,0.606008876749744,0.137301824708346,0.314055636896047,0.397196261682243
1767329370,503372803,750_1767329370-503372803.png,-385880,407754,0,0,-3.6944699754902,3.90389476102941,169.43,1846.54,-871,-365,-752,346,-643,-100,-819.442870999935,-153.790289546628,-489.770855220025,320.298391055145,-689.217721515308,-88.0884647056444,-158.219262689352,6.76183867454517,-1.0471975511966,0.932311981824211,,,,,,,,,,0.5,0.5,0.279772162991091,0.574441214114376,0.3034140969163,0.561381074168798,0.522362581085695,0.142087944959617,0.3199121522694,0.322429906542056
1767329370,536721680,751_1767329370-536721680.png,-385880,407754,0,0,-3.6944699754902,3.90389476102941,169.43,1846.54,-871,-365,-752,346,-643,-100,-821.047675792739,-160.364557008687,-497.933190798395,321.09839807682,-687.77911501338,-88.4592318391288,-167.244715929031,11.7758271694182,-1.0471975511966,0.932311981824211,,,,,,,,,,0.5,0.5,0.279772162991091,0.574441214114376,0.3034140969163,0.561381074168798,0.522362581085695,0.142087944959617,0.3199121522694,0.322429906542056
1767329370,570071533,752_1767329370-570071533.png,-385880,407754,0,0,-3.6944699754902,3.90389476102941,154.1,1907.13,-1124,-182,-755,411,-927,-93,-866.679445332904,-168.966689122637,-542.278859858152,334.907525224091,-710.867518745925,-92.1927368776176,-174.861246973276,10.7023017406462,-1.0471975511966,0.932311981824211,,,,,,,,,,0.5,0.5,0.25738279538484,0.625797811474923,0.164096916299559,0.678388746803069,0.521338340730625,0.161531558480407,0.112005856515373,0.355140186915888
1767329370,603420410,753_1767329370-603420410.png,-385880,407754,0,0,-3.6944699754902,3.90389476102941,146.42,1939.29,-1111,-95,-403,373,-969,-95,-920.34529176027,-155.994074948007,-513.766043597271,344.782636732772,-764.165477732607,-92.610795097108,-192.611874312162,20.1516754627227,-1.0471975511966,0.932311981824211,,,,,,,,,,0.5,0.5,0.246166204177012,0.653056899956772,0.17125550660793,0.734015345268542,0.641515875725504,0.150164522883637,0.0812591508052709,0.345794392523364
1767329370,670119141,754_1767329370-670119141.png,-385880,407754,0,0,-3.6944699754902,3.90389476102941,140.15,1989.55,-1181,-18,-465,380,-989,-97,-949.332880927128,-141.778376485129,-506.216787678267,348.768762831516,-790.312632106075,-93.0756720342769,-221.424255281687,33.2513508796691,-1.0471975511966,0.932311981824211,,,,,,,,,,0.5,0.5,0.237008909011246,0.695657701794387,0.132709251101322,0.783248081841432,0.620348241720724,0.152258450493569,0.0666178623718887,0.336448598130841
1767329370,703468994,755_1767329370-703468994.png,-385880,407754,0,0,-3.6944699754902,3.90389476102941,129.54,2050.84,-1224,-53,-504,391,-997,-95,-998.53144495202,-117.35585248441,-503.238342035949,355.325155264132,-828.896691749375,-93.8302298899938,-268.970054358244,45.2572970390319,-1.0471975511966,0.912705517688389,,,,,,,,,,0.5,0.5,0.221513071418139,0.74760762508582,0.109030837004405,0.760869565217391,0.607033117104814,0.155548908166318,0.0607613469985359,0.345794392523364
1767329370,736817871,756_1767329370-736817871.png,-385880,407754,0,0,-3.6944699754902,3.90389476102941,127.38,2080.05,-1234,-129,-543,371,-1008,-99,-1032.40941574298,-114.82261815594,-506.879373588844,358.732235241183,-854.475967739228,-94.3633141112334,-280.332411825657,48.7287733554839,-1.0471975511966,0.90092425255547,,,,,,,,,,0.5,0.5,0.218358405140938,0.772366268573221,0.10352422907489,0.71227621483376,0.593717992488904,0.149566257852229,0.0527086383601757,0.327102803738318
1767329370,770167725,757_1767329370-770167725.png,-385880,407754,0,0,-3.6944699754902,3.90389476102941,127.38,2108.68,-1239,-158,-712,382,-957,-121,-1067.84166722777,-120.718291774173,-533.201074307649,362.159254808928,-874.947975932128,-97.7785042006376,-280.332411825657,48.7287733554839,-1.0471975511966,0.901819175247298,,,,,,,,,,0.5,0.5,0.218358405140938,0.796633299146458,0.100770925110132,0.693734015345269,0.536019119153295,0.152856715524978,0.0900439238653001,0.224299065420561
1767329370,803516602,758_1767329370-803516602.png,-385880,407754,0,0,-3.6944699754902,3.90389476102941,121.77,2145.41,-1314,-146,-749,385,-991,-125,-1101.78317734638,-124.744676478832,-563.745050642254,365.417241754345,-891.919636017128,-101.759425493676,-287.477159142494,50.8126335144042,-1.0471975511966,0.904993361638662,,,,,,,,,,0.5,0.5,0.210165035782094,0.827765958348519,0.0594713656387665,0.701406649616368,0.523386821440765,0.153754113072091,0.0651537335285505,0.205607476635514
1767329370,836866455,759_1767329370-836866455.png,-385880,407754,0,0,-3.6944699754902,3.90389476102941,109.9,2188.77,-1281,-18,-621,344,-1061,-108,-1140.83112467796,-122.875138555815,-593.759603419456,367.666959922756,-912.496439632494,-105.530006063027,-306.151937097311,65.5642943382262,-1.0471975511966,0.900640753321873,,,,,,,,,,0.5,0.5,0.192828976193954,0.864518261724544,0.0776431718061674,0.783248081841432,0.567087743257084,0.141489679928208,0.013909224011713,0.285046728971963
1767329370,870215088,760_1767329370-870215088.png,-385880,407754,0,0,-3.6944699754902,3.90389476102941,104.97,2201.36,-1303,-37,-642,362,-1041,-102,-1166.40288376929,-105.915388465644,-599.754170436792,364.680040638037,-936.934617470954,-105.413839482888,-308.347208797932,63.67387509346,-1.0471975511966,0.900640753321873,,,,,,,,,,0.5,0.5,0.18562874251497,0.875189652395765,0.0655286343612335,0.771099744245524,0.559918060771594,0.146874065210888,0.0285505124450952,0.313084112149533
1767329370,936913818,761_1767329370-936913818.png,-385880,407754,0,0,-3.6944699754902,3.90389476102941,100.81,2211.58,-1307,-152,-694,330,-1010,-116,-1190.48437646602,-107.669207915612,-613.23324321396,360.414857486415,-951.235620987826,-106.487258778387,-314.242849439383,59.0619571208953,-1.0471975511966,0.900640753321873,,,,,,,,,,0.5,0.5,0.179553088944063,0.883852210986701,0.0633259911894273,0.697570332480818,0.542164561283715,0.137301824708346,0.0512445095168375,0.247663551401869
1767329370,970263672,762_1767329370-970263672.png,-385880,407754,0,0,-3.6944699754902,3.90389476102941,94.69,2227.71,-1265,-48,-532,328,-1080,-125,-1214.45746788616,-104.198520249144,-609.697197562239,351.806513547795,-979.132745556578,-110.645569394651,-318.65982311964,62.3596231937407,-1.0471975511966,0.900640753321873,,,,,,,,,,0.5,0.5,0.170614867825325,0.89752413565126,0.086453744493392,0.764066496163683,0.597473540457494,0.136703559676937,0,0.205607476635514
1767329371,3612549,763_1767329371-3612549.png,-385880,407754,0,0,-3.6944699754902,3.90389476102941,94.69,2227.71,-1265,-48,-532,328,-1080,-125,-1216.03069159644,-102.449244127811,-607.278737933986,351.065494647355,-982.272413270961,-111.092375868949,-317.829185038805,54.2627596855162,-1.0471975511966,0.900640753321873,,,,,,,,,,0.5,0.5,0.170614867825325,0.89752413565126,0.086453744493392,0.764066496163683,0.597473540457494,0.136703559676937,0,0.205607476635514
1767329371,36962402,764_1767329371-36962402.png,-385880,407754,0,0,-3.6944699754902,3.90389476102941,90.55,2233.43,-1422,-121,-743,345,-1048,-93,-1239.15688993015,-85.3934802530347,-609.055076022173,344.63306461412,-992.922777545002,-110.657820464212,-320.878667771816,59.4147360324858,-1.0471975511966,0.900640753321873,,,,,,,,,,0.5,0.5,0.164568424127355,0.902372456115071,0,0.717391304347826,0.525435302150905,0.141788812443913,0.0234260614934114,0.355140186915888
1767329371,70311279,765_1767329371-70311279.png,-385880,407754,0,0,-3.6944699754902,3.90389476102941,90.41,2235.03,-1343,-198,-578,326,-964,-87,-1261.05471826745,-95.3195558270357,-618.531469942426,343.522318798005,-995.829466059415,-107.707801019026,-321.168751448393,59.2906472682952,-1.0471975511966,0.900640753321873,,,,,,,,,,0.5,0.5,0.164363955016796,0.903728629671382,0.0435022026431717,0.668158567774936,0.581768521679754,0.136105294645528,0.0849194729136164,0.383177570093458
1767329371,103661133,766_1767329371-103661133.png,-385880,407754,0,0,-3.6944699754902,3.90389476102941,91.2,2236.28,-1182,-272,-540,322,-941,-82,-1263.17172781683,-114.870790931433,-610.275259471658,340.71468453438,-989.765121316419,-104.373031428791,-321.177193552256,55.2144889831542,-1.0471975511966,0.900640753321873,,,,,,,,,,0.5,0.5,0.165517744997809,0.90478814026225,0.13215859030837,0.620843989769821,0.594742232843974,0.13490876458271,0.101756954612006,0.406542056074766
1767329371,137010010,767_1767329371-137010010.png,-385880,407754,0,0,-3.6944699754902,3.90389476102941,92.76,2237.31,-1157,-155,-491,285,-882,-91,-1246.88131858849,-131.436379222776,-593.695850643087,334.131839901345,-974.327713591112,-101.575922169135,-310.141155868769,53.1226046085356,-1.0471975511966,0.900640753321873,,,,,,,,,,0.5,0.5,0.167796115086899,0.905661176989125,0.145925110132159,0.695652173913043,0.611471491976784,0.123840861501645,0.144948755490483,0.364485981308411
1767329371,170359863,768_1767329371-170359863.png,-385880,407754,0,0,-3.6944699754902,3.90389476102941,95.8,2237.63,-1179,-179,-628,264,-894,-83,-1236.3508044374,-137.733887065174,-594.954853443155,324.451629077933,-962.251300465145,-99.0787730244776,-320.878927528858,57.7957072257994,-1.0471975511966,0.900640753321873,,,,,,,,,,0.5,0.5,0.172236015773331,0.905932411700387,0.133810572687225,0.680306905370844,0.564697849095254,0.117559078671852,0.136163982430454,0.401869158878505
1767329371,203708496,769_1767329371-203708496.png,-385880,407754,0,0,-3.6944699754902,3.90389476102941,100.19,2237.62,-1244,-97,-688,347,-974,-85,-1235.68658703064,-134.026022503652,-606.91623825913,325.472582067007,-961.775175146966,-96.9650106131678,-316.994715541601,60.4177629947661,-1.0471975511966,0.875083664056613,,,,,,,,,,0.5,0.5,0.178647582883014,0.90592393561566,0.0980176211453744,0.732736572890026,0.544213041993855,0.142387077475322,0.0775988286969254,0.392523364485981
1767329371,237058350,770_1767329371-237058350.png,-385880,407754,0,0,-3.6944699754902,3.90389476102941,105.58,2237.23,-1248,-122,-580,345,-978,-72,-1237.37760921562,-131.581603554846,-602.979958386634,328.328307351925,-964.147923184375,-93.3140818374894,-317.725736796856,62.8988218307494,-1.0471975511966,0.876999470719554,,,,,,,,,,0.5,0.5,0.18651964363955,0.905593368311309,0.0958149779735683,0.716751918158568,0.581085694776374,0.141788812443913,0.0746705710102489,0.453271028037383
1767329371,270407227,771_1767329371-270407227.png,-385880,407754,0,0,-3.6944699754902,3.90389476102941,117.44,2236.05,-1043,25,-510,384,-919,-77,-1208.95147241845,-108.68282369778,-589.382399351105,336.469837424913,-957.545408389968,-90.9282806955565,-325.994712591171,63.5277197360991,-1.0471975511966,0.863706987270295,,,,,,,,,,0.5,0.5,0.203841098291222,0.90459319031353,0.208700440528634,0.81074168797954,0.604984636394674,0.153454980556386,0.117862371888726,0.429906542056075
1767329371,303757080,772_1767329371-303757080.png,-385880,407754,0,0,-3.6944699754902,3.90389476102941,122.26,2235.93,-1041,-38,-490,374,-910,-113,-1183.3539062756,-93.7414344551957,-564.948637194629,341.843201888044,-952.434122550492,-91.5084420018434,-316.272136390209,57.7770795822142,-1.0471975511966,0.87329446946968,,,,,,,,,,0.5,0.5,0.210880677669052,0.904491477296807,0.209801762114537,0.770460358056266,0.611812905428474,0.150463655399342,0.124450951683748,0.261682242990654
1767329371,337105957,773_1767329371-337105957.png,-385880,407754,0,0,-3.6944699754902,3.90389476102941,125.98,2235.48,-1037,-12,-554,358,-890,-113,-1162.41130395299,-84.7804102536355,-555.980122191408,346.047843143324,-945.605944336226,-94.6514067193607,-307.513388693333,56.505814552307,-1.0471975511966,0.868635813927261,,,,,,,,,,0.5,0.5,0.216313714035344,0.904110053484095,0.212004405286344,0.787084398976982,0.589962444520314,0.145677535148071,0.13909224011713,0.261682242990654
1767329371,403804688,774_1767329371-403804688.png,-385880,407754,0,0,-3.6944699754902,3.90389476102941,129.14,2235.48,-922,-22,-384,326,-905,-112,-1123.84559087641,-71.5169714481305,-535.388668242252,344.619083893752,-936.346803767507,-98.1759642129346,-316.203430652618,60.1651434898375,-1.0471975511966,0.876913410860791,,,,,,,,,,0.5,0.5,0.220928873959398,0.904110053484095,0.275330396475771,0.780690537084399,0.648002731307614,0.136105294645528,0.128111273792094,0.266355140186916
1767329371,437154297,775_1767329371-437154297.png,-385880,407754,0,0,-3.6944699754902,3.90389476102941,131.01,2233.73,-887,-28,-260,325,-955,-102,-1090.16885484724,-64.9883992705305,-498.516454868982,341.777381668825,-937.703258392721,-99.0094827709845,-302.576316475868,60.6100575923919,-1.0471975511966,0.873962972058751,,,,,,,,,,0.5,0.5,0.223659997079013,0.902626738656879,0.294603524229075,0.776854219948849,0.690337999317173,0.135806162129824,0.0915080527086384,0.313084112149533
1767329371,470503174,776_1767329371-470503174.png,-385880,407754,0,0,-3.6944699754902,3.90389476102941,130.47,2229.39,-883,-58,-320,315,-942,-104,-1036.00368583501,-62.8441550022561,-445.37668665239,335.210570465221,-942.088637121191,-100.594392718234,-301.048165798187,59.6898519992827,-1.0471975511966,0.875934686566596,,,,,,,,,,0.5,0.5,0.222871330509712,0.898948117885386,0.296806167400881,0.7576726342711,0.669853192215773,0.132814836972779,0.101024890190337,0.303738317757009
1767329371,503853027,777_1767329371-503853027.png,-385880,407754,0,0,-3.6944699754902,3.90389476102941,130.47,2229.39,-891,-96,-551,315,-942,-104,-1022.88031203414,-65.8448825015843,-454.935990025713,333.381438540632,-942.080615131493,-100.90261286533,-317.540984600782,68.0702855587004,-1.0471975511966,0.880089564345152,,,,,,,,,,0.5,0.5,0.222871330509712,0.898948117885386,0.292400881057269,0.733375959079284,0.590986684875384,0.132814836972779,0.101024890190337,0.303738317757009
1767329371,570552002,778_1767329371-570552002.png,-385880,407754,0,0,-3.6944699754902,3.90389476102941,127.72,2226.37,-1037,-46,-533,278,-806,-87,-1002.65502453762,-75.0937212094672,-466.366077211486,329.429995595525,-933.864058356923,-99.288210607936,-317.090371072292,67.7829899787902,-1.0471975511966,0.873554488914484,,,,,,,,,,0.5,0.5,0.218854972980868,0.896388340297849,0.212004405286344,0.7653452685422,0.597132127005804,0.121746933891714,0.200585651537335,0.383177570093458
1767329371,603900879,779_1767329371-603900879.png,-385880,407754,0,0,-3.6944699754902,3.90389476102941,127.42,2225.3,-1028,-62,-554,288,-764,-74,-1007.77587038407,-71.5139049646318,-479.782098562888,321.447079632593,-907.965879393827,-95.9880562949169,-306.094855487347,63.6410617828368,-1.0471975511966,0.877700461171123,,,,,,,,,,0.5,0.5,0.218416824886812,0.895481399232067,0.216960352422907,0.755115089514067,0.589962444520314,0.124738259048759,0.231332357247438,0.44392523364486
1767329371,637250977,780_1767329371-637250977.png,-385880,407754,0,0,-3.6944699754902,3.90389476102941,127.99,2224.95,-993,-36,-473,315,-834,-78,-1007.11246627854,-66.7805973338435,-482.984295564985,318.874832481206,-891.403132011284,-92.6634102514038,-306.066931605339,65.0037455558776,-1.0471975511966,0.879129272492206,,,,,,,,,,0.5,0.5,0.219249306265518,0.895184736266624,0.236233480176211,0.771739130434783,0.617616934107204,0.132814836972779,0.1800878477306,0.425233644859813
1767329371,670599854,781_1767329371-670599854.png,-385880,407754,0,0,-3.6944699754902,3.90389476102941,133.33,2223.58,-1049,62,-449,313,-871,-78,-1010.50392523885,-54.2540857237909,-479.625938347357,318.233443125055,-888.978967140703,-90.9212010653481,-300.1648619771,58.7002942562102,-1.0471975511966,0.87814304927884,,,,,,,,,,0.5,0.5,0.227048342339711,0.894023512659032,0.205396475770925,0.834398976982097,0.625810856947764,0.13221657194137,0.153001464128843,0.425233644859813
1767329371,703949707,782_1767329371-703949707.png,-385880,407754,0,0,-3.6944699754902,3.90389476102941,140.79,2217.1,-1107,-78,-766,334,-700,-87,-1023.02483701722,-53.8867475576259,-512.810983409752,319.963175606019,-866.032603878177,-90.100901337044,-321.757425844669,67.7620697021483,-1.0471975511966,0.883907980935468,,,,,,,,,,0.5,0.5,0.237943624945231,0.888531009755973,0.173458149779736,0.744884910485933,0.517582792762035,0.138498354771164,0.278184480234261,0.383177570093458
1767329371,737298828,783_1767329371-737298828.png,-385880,407754,0,0,-3.6944699754902,3.90389476102941,152.62,2202.45,-831,-15,-796,327,-563,-92,-1002.51302822684,-49.9278713587182,-553.402208996077,321.184252868487,-825.47426078711,-90.2414867080634,-252.783878743649,51.4068553447722,-1.0471975511966,0.883907980935468,,,,,,,,,,0.5,0.5,0.255221264787498,0.876113545631002,0.325440528634361,0.785166240409207,0.507340389211335,0.136404427161232,0.378477306002928,0.359813084112149
1767329371,770648682,784_1767329371-770648682.png,-385880,407754,0,0,-3.6944699754902,3.90389476102941,196.01,2129.63,-687,55,-543,256,-632,-60,-951.954476820686,-33.6365684217854,-561.66451100436,319.129173529563,-788.071396648663,-88.4158131513846,-253.450220495462,53.8017971515654,-1.0471975511966,0.883907980935468,,,,,,,,,,0.5,0.5,0.318592084124434,0.814390696649404,0.404735682819383,0.829923273657289,0.593717992488904,0.115166018546216,0.32796486090776,0.509345794392523
1767329371,803997559,785_1767329371-803997559.png,-385880,407754,0,0,-3.6944699754902,3.90389476102941,225.79,2085.98,-675,29,-583,245,-588,-55,-912.833529175151,-21.4834896315158,-560.180047973719,309.554653802685,-763.877654297085,-83.9538097805052,-251.62062177062,55.5719964504241,-1.0471975511966,0.883907980935468,,,,,,,,,,0.5,0.5,0.362085584927705,0.777392586816298,0.411343612334802,0.813299232736573,0.580061454421304,0.111875560873467,0.360175695461201,0.532710280373832
1767329371,837347656,786_1767329371-837347656.png,-385880,407754,0,0,-3.6944699754902,3.90389476102941,260.17,2031.73,-536,-69,-642,254,-507,-39,-869.533761893867,-20.1065811921229,-567.13306998438,300.665624523011,-733.192933320154,-78.7389983629338,-241.51893016696,47.6172761917113,-1.0471975511966,0.883907980935468,,,,,,,,,,0.5,0.5,0.412297356506499,0.731409827172632,0.487885462555066,0.750639386189258,0.559918060771594,0.114567753514807,0.419472913616398,0.607476635514019
1767329371,870696533,787_1767329371-870696533.png,-385880,407754,0,0,-3.6944699754902,3.90389476102941,298.11,1966.75,-409,-125,-540,242,-406,-15,-812.974032709015,-30.6887808788411,-571.830718965802,293.105743289648,-693.924322284959,-71.4566645760521,-211.895977348089,33.616022825241,-1.0471975511966,0.883907980935468,,,,,,,,,,0.5,0.5,0.467708485468088,0.676332228616957,0.557819383259912,0.714833759590793,0.594742232843974,0.110978163326354,0.493411420204978,0.719626168224299
1767329371,904046631,788_1767329371-904046631.png,-385880,407754,0,0,-3.6944699754902,3.90389476102941,338.8,1858.44,-256,-16,-595,269,-357,8,-744.519590376965,-37.8010061376067,-570.546388635835,287.2866297937,-648.814798540208,-61.7907933157269,-165.346151709557,19.5305151939391,-1.0471975511966,0.883907980935468,,,,,,,,,,0.5,0.5,0.527135971958522,0.584527754939438,0.642070484581498,0.784526854219949,0.575964493001024,0.119054741250374,0.529282576866764,0.827102803738318
1767329371,937395508,789_1767329371-937395508.png,-385880,407754,0,0,-3.6944699754902,3.90389476102941,380.64,1785.47,-148,-10,-451,288,-371,-16,-650.320929055221,-33.4904096191894,-561.73984032954,286.383851971212,-600.047765724913,-52.5813116798038,-136.754953861237,37.4517412185668,-1.0471975511966,0.883907980935468,,,,,,,,,,0.5,0.5,0.588243026142836,0.522677764686936,0.701541850220264,0.788363171355499,0.625128030044384,0.124738259048759,0.519033674963397,0.714953271028037
1767329371,970745361,790_1767329371-970745361.png,-385880,407754,0,0,-3.6944699754902,3.90389476102941,422.04,1678.99,-114,-41,-629,215,-247,-33,-572.820943821368,-33.7383436543113,-566.693823542963,277.946824410452,-551.818544013616,-49.2514210954641,-131.076275289059,43.7874326705931,-1.0471975511966,0.883907980935468,,,,,,,,,,0.5,0.5,0.648707463122535,0.432424414514447,0.720264317180617,0.768542199488491,0.564356435643564,0.102901585402333,0.609809663250366,0.635514018691589
1767329372,4094482,791_1767329372-4094482.png,-385880,407754,0,0,-3.6944699754902,3.90389476102941,459.88,1609.2,-175,-64,-528,178,-204,-29,-512.969746064022,-37.5330090564776,-563.80544229377,264.345271087268,-502.132348175252,-46.3995300953958,-126.609623074532,33.1709654331206,-1.0471975511966,0.883907980935468,,,,,,,,,,0.5,0.5,0.703972542719439,0.373269819205113,0.686674008810573,0.75383631713555,0.598839194264254,0.0918336823212683,0.641288433382138,0.654205607476635
1767329372,37444336,792_1767329372-37444336.png,-385880,407754,0,0,-3.6944699754902,3.90389476102941,493.9,1543.47,-208,-16,-624,103,-151,-16,-476.735262819515,-34.9745996865955,-570.957360543913,245.175295713499,-460.413130610998,-42.7876594816751,-117.323373764753,42.4033987522124,-1.0471975511966,0.883907980935468,,,,,,,,,,0.5,0.5,0.753658536585366,0.317556514294917,0.668502202643172,0.784526854219949,0.566063502902014,0.069398743643434,0.6800878477306,0.714953271028037
1767329372,70793213,793_1767329372-70793213.png,-385880,407754,0,0,-3.6944699754902,3.90389476102941,548.01,1397.61,-279,-97,-698,46,-230,3,-423.458753369563,-26.9270812341256,-586.910274991982,211.769615484848,-402.709028254883,-35.885357075962,-110.776717036963,51.151943206787,-1.0471975511966,0.883907980935468,,,,,,,,,,0.5,0.5,0.832685847816562,0.193924342467727,0.629405286343612,0.732736572890026,0.540798907476955,0.05234819024828,0.622254758418741,0.803738317757009
1767329372,104143311,794_1767329372-104143311.png,-385880,407754,0,0,-3.6944699754902,3.90389476102941,567.83,1365.29,-186,-145,-746,42,-233,20,-396.633374860788,-40.1163330192201,-606.097899480226,187.282025631496,-377.635598092179,-29.156853446847,-110.776717036963,51.151943206787,-1.0471975511966,0.913902529766704,,,,,,,,,,0.5,0.5,0.861632831897181,0.166529636630248,0.680616740088106,0.702046035805627,0.524411061795835,0.0511516601854622,0.620058565153734,0.883177570093458
1767329372,137492188,795_1767329372-137492188.png,-385880,407754,0,0,-3.6944699754902,3.90389476102941,582.92,1339.3,-285,-189,-501,37,-205,24,-371.897139116351,-58.1512338994463,-611.542714974112,165.729293774279,-354.767855521608,-21.7229270239976,-94.911860883236,59.5742173194884,-1.0471975511966,0.914858680899326,,,,,,,,,,0.5,0.5,0.883671681028187,0.144500292424923,0.626101321585903,0.673913043478261,0.608057357459884,0.0496559976069399,0.640556368960469,0.901869158878505
1767329372,170842041,796_1767329372-170842041.png,-385880,407754,0,0,-3.6944699754902,3.90389476102941,593.88,1318.7,-282,-213,-351,13,-141,16,-356.608366156192,-82.936152627054,-578.863548046324,141.310654893046,-323.093256441414,-14.5452793793148,-93.625024497509,63.201592683792,-1.0471975511966,0.926304919404888,,,,,,,,,,0.5,0.5,0.899678691397692,0.127039557887421,0.627753303964758,0.658567774936061,0.659269375213383,0.0424768172300329,0.687408491947291,0.864485981308411
1767329372,204191162,797_1767329372-204191162.png,-385880,407754,0,0,-3.6944699754902,3.90389476102941,601.08,1303.8,-203,-169,-343,36,-197,-10,-336.311246121219,-96.7291390836444,-544.589859399798,125.27897774098,-303.117154557483,-13.1674295184745,-90.8289347589016,66.4551255702971,-1.0471975511966,0.936374603366962,,,,,,,,,,0.5,0.5,0.910194245655031,0.114410191644276,0.67125550660793,0.686700767263427,0.662000682826903,0.0493568650912354,0.646412884333821,0.742990654205607
1767329372,270889893,798_1767329372-270889893.png,-385880,407754,0,0,-3.6944699754902,3.90389476102941,604.97,1289.35,-66,-53,-470,53,-234,-3,-300.538134186879,-93.5158109519065,-530.198287931374,114.242484166759,-291.994482631624,-11.8725252479755,-87.9493980705739,65.6793558597563,-1.0471975511966,0.952649551290752,,,,,,,,,,0.5,0.5,0.915875565941288,0.102162249213843,0.746696035242291,0.760869565217391,0.618641174462274,0.0544421178582112,0.619326500732064,0.775700934579439
1767329372,304239990,799_1767329372-304239990.png,-385880,407754,0,0,-3.6944699754902,3.90389476102941,607.79,1276.23,-156,40,-595,13,-119,11,-266.376042076903,-73.1437494558997,-519.541726494673,101.147435502436,-272.866978984859,-8.86739615589494,-92.6410648226738,63.7935218811034,-1.0471975511966,0.962886747540738,,,,,,,,,,0.5,0.5,0.919994158025412,0.091041626052094,0.697136563876652,0.820332480818414,0.575964493001024,0.0424768172300329,0.703513909224012,0.841121495327103
1767329372,337588867,800_1767329372-337588867.png,-385880,407754,0,0,-3.6944699754902,3.90389476102941,608.37,1270.86,-134,-10,-680,17,-66,-5,-242.46824695774,-55.2026554166893,-542.217843032835,84.0065392397617,-237.517832108318,-6.37050526352056,-88.782698661089,66.7968711853026,-1.0471975511966,0.967268593937553,,,,,,,,,,0.5,0.5,0.920841244340587,0.0864899685537256,0.709251101321586,0.788363171355499,0.546944349607375,0.0436733472928507,0.742313323572474,0.766355140186916
1767329372,370938721,801_1767329372-370938721.png,-385880,407754,0,0,-3.6944699754902,3.90389476102941,608.75,1266.08,-54,64,-519,12,-35,-14,-214.218071643867,-38.5987001271632,-546.899924322001,71.8326349965452,-204.193501588272,-7.44983575124301,-88.2490278184414,67.5706348419188,-1.0471975511966,0.967268593937553,,,,,,,,,,0.5,0.5,0.921396231926391,0.082438400054247,0.753303964757709,0.835677749360614,0.601911915329464,0.0421776847143285,0.765007320644217,0.724299065420561
1767329372,404287598,802_1767329372-404287598.png,-385880,407754,0,0,-3.6944699754902,3.90389476102941,608.98,1261.73,0,-13,-512,47,-72,-9,-188.766100660422,-35.5572323002394,-542.753346704382,68.8821859493458,-188.487146186949,-7.63401598952155,-88.2490278184414,67.5706348419188,-1.0471975511966,0.967268593937553,,,,,,,,,,0.5,0.5,0.921732145465167,0.0787513031980268,0.783039647577093,0.786445012787724,0.604301809491294,0.0526473227639845,0.73792093704246,0.747663551401869
1767329372,437637695,803_1767329372-437637695.png,-385880,407754,0,0,-3.6944699754902,3.90389476102941,609.04,1259.43,117,45,-484,-15,-162,-14,-147.259436852216,-25.3672459716164,-534.929146723595,58.3156661531642,-182.14505633821,-8.42784683700487,-90.4015694856644,65.1920280456542,-1.0471975511966,0.967268593937553,,,,,,,,,,0.5,0.5,0.921819775083978,0.0768018037108299,0.847466960352423,0.823529411764706,0.613861386138614,0.0341011067903081,0.67203513909224,0.724299065420561
1767329372,470986572,804_1767329372-470986572.png,-385880,407754,0,0,-3.6944699754902,3.90389476102941,608.87,1259.43,130,-71,-599,-41,-99,-6,-107.069080063702,-28.8589622317332,-541.144712771019,44.5047015332412,-171.713764181078,-8.29222173955902,-90.4015694856644,65.1920280456542,-1.0471975511966,0.967268593937553,,,,,,,,,,0.5,0.5,0.921571491164013,0.0768018037108299,0.854625550660793,0.749360613810742,0.574598839194264,0.0263236613819922,0.718155197657394,0.761682242990654
1767329372,504336426,805_1767329372-504336426.png,-385880,407754,0,0,-3.6944699754902,3.90389476102941,608.93,1257.14,-51,-134,-621,29,-171,11,-89.960247823714,-54.255932579967,-546.490216963612,33.576852632923,-165.222528458802,-5.83352397188215,-85.5980123877526,67.7642190456389,-1.0471975511966,0.967268593937553,,,,,,,,,,0.5,0.5,0.921659120782824,0.07486078030836,0.754955947136564,0.709079283887468,0.567087743257084,0.0472629374813042,0.665446559297218,0.841121495327103
1767329372,537685547,806_1767329372-537685547.png,-385880,407754,0,0,-3.6944699754902,3.90389476102941,609,1255.36,-78,-75,-654,53,-181,15,-87.4705909690829,-58.9078619083839,-561.307505008022,35.7590462170479,-167.255570154232,-2.89650518337221,-84.5900901257992,68.2204530239104,-1.0471975511966,0.967268593937553,,,,,,,,,,0.5,0.5,0.921761355338104,0.0733520372269641,0.740088105726872,0.746803069053709,0.555821099351314,0.0544421178582112,0.658125915080527,0.859813084112149
1767329372,604384766,807_1767329372-604384766.png,-385880,407754,0,0,-3.6944699754902,3.90389476102941,608.94,1254.75,-158,29,-578,25,-144,11,-95.5906640294769,-48.9046151227091,-565.833208759701,34.9536204492126,-164.869486006904,-0.754541039017324,-86.4940443038941,67.3936722278594,-1.0471975511966,0.967268593937553,,,,,,,,,,0.5,0.5,0.921673725719293,0.0728349960586206,0.696035242290749,0.813299232736573,0.581768521679754,0.0460664074184864,0.685212298682284,0.841121495327103
1767329372,637734863,808_1767329372-637734863.png,-385880,407754,0,0,-3.6944699754902,3.90389476102941,608.8,1254.4,-179,123,-529,14,-122,13,-107.212600142697,-26.3432450666143,-561.790647420885,32.1910377356625,-159.203600096635,1.20209126375767,-84.38708999753,69.7192618846892,-1.0471975511966,0.967268593937553,,,,,,,,,,0.5,0.5,0.921469256608733,0.0725383330931778,0.684471365638767,0.873401534526854,0.598497780812564,0.0427759497457374,0.701317715959004,0.850467289719626
1767329372,671083740,809_1767329372-671083740.png,-385880,407754,0,0,-3.6944699754902,3.90389476102941,608.42,1254.45,-183,128,-489,2,-141,9,-118.29588799946,-3.77180684547163,-551.145610116996,27.7758452030151,-156.541472351386,2.34247168804016,-84.5916486680508,69.5255343914031,-1.0471975511966,0.967268593937553,,,,,,,,,,0.5,0.5,0.92091426902293,0.0725807135168123,0.68226872246696,0.876598465473146,0.612154318880164,0.0391863595572839,0.687408491947291,0.831775700934579
1767329372,704433838,810_1767329372-704433838.png,-385880,407754,0,0,-3.6944699754902,3.90389476102941,604.81,1255.41,-238,-151,-537,65,-148,14,-123.257534715793,-18.5916890418337,-526.783925712168,34.2062676688875,-157.453752766631,3.00988414667374,-91.123694062233,68.870414495468,-1.0471975511966,0.967268593937553,,,,,,,,,,0.5,0.5,0.915641886957792,0.0733944176505988,0.651982378854625,0.698209718670077,0.595766473199044,0.0580317080466647,0.682284040995608,0.855140186915888
1767329372,737782959,811_1767329372-737782959.png,-385880,407754,0,0,-3.6944699754902,3.90389476102941,600.37,1255.85,-189,-149,-412,172,-209,-17,-135.60299997426,-37.7743149615218,-516.964977379824,48.3934980050151,-161.59194594986,1.81148327841258,-93.1681118607522,66.8738176822661,-1.0471975511966,0.978115304140153,,,,,,,,,,0.5,0.5,0.909157295165766,0.0737673653785843,0.678964757709251,0.699488491048593,0.638443154660294,0.0900388872270416,0.637628111273792,0.710280373831776
1767329372,771133057,812_1767329372-771133057.png,-385880,407754,0,0,-3.6944699754902,3.90389476102941,593.17,1258.03,-33,-177,-268,258,-347,-45,-126.295998364874,-60.3227259134593,-481.716169274355,79.9726941977178,-186.18108624473,-4.76622628530802,-90.6635994017125,59.5829579830169,-1.0471975511966,0.975481811322605,,,,,,,,,,0.5,0.5,0.898641740908427,0.0756151518490579,0.764867841409692,0.681585677749361,0.687606691703653,0.115764283577625,0.536603221083455,0.579439252336449
1767329372,804482178,813_1767329372-804482178.png,-385880,407754,0,0,-3.6944699754902,3.90389476102941,581.33,1263.2,-26,-169,-257,336,-359,-46,-111.820527476131,-76.4353167447121,-449.154979044135,115.275175594971,-211.125298527885,-10.7689002505401,-92.6029454767705,57.7435498237609,-1.0471975511966,0.982624353371905,,,,,,,,,,0.5,0.5,0.881349496129692,0.0799972876528875,0.768722466960352,0.686700767263427,0.691362239672243,0.139096619802573,0.527818448023426,0.574766355140187
1767329372,837832275,814_1767329372-837832275.png,-385880,407754,0,0,-3.6944699754902,3.90389476102941,562.31,1275.5,-420,-118,-507,242,-255,-23,-156.889256736648,-82.5138119835104,-457.614340620617,133.807645505842,-217.541615052275,-12.5575986302613,-92.6029454767705,57.7435498237609,-1.0471975511966,0.979692488354268,,,,,,,,,,0.5,0.5,0.853570906966555,0.0904228718670271,0.551762114537445,0.719309462915601,0.606008876749744,0.110978163326354,0.603953147877013,0.682242990654206
1767329372,871181396,815_1767329372-871181396.png,-385880,407754,0,0,-3.6944699754902,3.90389476102941,534.65,1307.24,-632,-104,-576,282,-288,-23,-226.370320097351,-85.655991385095,-474.927275798296,155.479566248904,-227.845578029875,-14.0847144900821,-99.9799155890942,48.9389791488646,-1.0471975511966,0.977961605279842,,,,,,,,,,0.5,0.5,0.813173652694611,0.117325964790344,0.435022026431718,0.728260869565217,0.582451348583134,0.122943463954532,0.579795021961933,0.682242990654206
1767329372,937880615,816_1767329372-937880615.png,-385880,407754,0,0,-3.6944699754902,3.90389476102941,518.76,1363.03,-574,-97,-545,460,-525,-39,-305.26613015712,-71.0336668974728,-488.195123846878,213.700492429315,-282.292023655441,-16.0623602906748,-108.481244057417,28.9669928550719,-1.0471975511966,0.981651672550918,,,,,,,,,,0.5,0.5,0.789966408646122,0.164614041481959,0.466960352422908,0.732736572890026,0.593035165585524,0.176189051749925,0.406295754026354,0.607476635514019
1767329372,971230713,817_1767329372-971230713.png,-385880,407754,0,0,-3.6944699754902,3.90389476102941,478.32,1399.45,-546,-278,-724,570,-498,-64,-341.239488037715,-96.3362508540886,-517.769965956934,262.789253217265,-314.578120678357,-22.3871368876124,-115.051149040461,18.6201965808867,-1.0471975511966,0.977781658036071,,,,,,,,,,0.5,0.5,0.730904045567402,0.195483942057485,0.482378854625551,0.617007672634271,0.531922157733015,0.209093628477415,0.42606149341142,0.490654205607477
1767329373,4579590,818_1767329373-4579590.png,-385880,407754,0,0,-3.6944699754902,3.90389476102941,380.74,1500.68,-764,-244,-831,584,-562,-45,-393.656359284446,-129.66543281555,-562.611354229123,320.805610557804,-354.254548608278,-28.0661987255387,-127.985361307859,4.14737725257861,-1.0471975511966,0.979944577197232,,,,,,,,,,0.5,0.5,0.588389075507522,0.281287347748328,0.362334801762114,0.638746803069054,0.495390918402185,0.213281483697278,0.379209370424597,0.579439252336449
1767329373,37929688,819_1767329373-37929688.png,-385880,407754,0,0,-3.6944699754902,3.90389476102941,332.92,1536.75,-852,-260,-864,584,-584,-44,-450.555242276214,-146.883956534491,-602.888182331121,359.295639058124,-385.320411117486,-30.5115020412712,-135.63358271122,-3.1772987842561,-1.0471975511966,0.96947001288328,,,,,,,,,,0.5,0.5,0.518548269315029,0.311860585358411,0.313876651982379,0.628516624040921,0.484124274496415,0.213281483697278,0.363103953147877,0.58411214953271
1767329373,171328125,820_1767329373-171328125.png,-385880,407754,0,0,-3.6944699754902,3.90389476102941,191.02,1673.64,-851,-77,-427,662,-771,-46,-632.232203989683,-147.000717706124,-635.680300696859,506.053163033572,-543.133349500788,-43.2826552471987,-157.040030658245,-29.4329624176027,-1.0471975511966,0.967146210687318,,,,,,,,,,0.5,0.5,0.311304220826639,0.427889709185533,0.31442731277533,0.745524296675192,0.633321952884944,0.236613819922226,0.226207906295754,0.574766355140187
1767329373,204677246,821_1767329373-204677246.png,-385880,407754,0,0,-3.6944699754902,3.90389476102941,174.93,1708.88,-773,78,-614,732,-614,-33,-652.818343731672,-114.096201559502,-632.509733902156,539.096041389856,-568.461980757788,-39.591714084568,-157.962817549706,-30.9668772220613,-1.0471975511966,0.958055241597322,,,,,,,,,,0.5,0.5,0.28780487804878,0.45775943176328,0.357378854625551,0.84462915601023,0.569477637418914,0.257553096021538,0.341142020497804,0.635514018691589
1767329373,238027344,822_1767329373-238027344.png,-385880,407754,0,0,-3.6944699754902,3.90389476102941,174.93,1708.88,-758,-23,-842,775,-614,-33,-665.315330763572,-103.272754867996,-657.399978376492,567.124585682829,-573.872506282092,-38.8085303208261,-158.738971590996,-33.8915605545045,-1.0471975511966,0.942788536499866,,,,,,,,,,0.5,0.5,0.28780487804878,0.45775943176328,0.365638766519824,0.780051150895141,0.491635370433595,0.270415794196829,0.341142020497804,0.635514018691589
1767329373,271376465,823_1767329373-271376465.png,-385880,407754,0,0,-3.6944699754902,3.90389476102941,178.06,1722.51,-599,-177,-528,596,-558,-48,-660.939435505028,-107.512653448283,-647.364535930534,585.433575486619,-577.930585164063,-38.6966906153927,-158.676240265369,-33.5697321891786,-1.0471975511966,0.93188477132401,,,,,,,,,,0.5,0.5,0.292376223163429,0.469312335246103,0.453193832599119,0.681585677749361,0.598839194264254,0.216871073885731,0.382137628111274,0.565420560747663
1767329373,304726563,824_1767329373-304726563.png,-385880,407754,0,0,-3.6944699754902,3.90389476102941,190.32,1723.1,-546,-67,-565,537,-443,-53,-650.231582614634,-114.250669784086,-631.060137037579,585.142351694716,-571.436326108285,-40.2128572276236,-154.756441563368,-20.7787024974824,-1.0471975511966,0.923391540777439,,,,,,,,,,0.5,0.5,0.310281875273843,0.469812424244993,0.482378854625551,0.751918158567775,0.586206896551724,0.199222255459168,0.466325036603221,0.542056074766355
1767329373,338075684,825_1767329373-338075684.png,-385880,407754,0,0,-3.6944699754902,3.90389476102941,206.29,1708.96,-497,-67,-612,490,-371,-51,-619.768919225085,-103.689666772772,-623.168393581046,567.508682857357,-532.200095492767,-42.7784294254203,-149.920025199652,-5.31790161132825,-1.0471975511966,0.923391540777439,,,,,,,,,,0.5,0.5,0.333605958814079,0.457827240441095,0.509361233480176,0.751918158567775,0.570160464322294,0.185163027221059,0.519033674963397,0.551401869158878
1767329373,404774902,826_1767329373-404774902.png,-385880,407754,0,0,-3.6944699754902,3.90389476102941,319.6,1655.49,-230,-15,-435,291,-247,-10,-558.503069597781,-102.531606359475,-607.369181455522,532.192114817938,-488.29701782051,-40.7977098347581,-146.347067087889,-1.19990277290356,-1.0471975511966,0.923391540777439,,,,,,,,,,0.5,0.5,0.499094493938951,0.412505615406132,0.656387665198238,0.785166240409207,0.630590645271424,0.125635656595872,0.609809663250366,0.742990654205607
1767329373,438125000,827_1767329373-438125000.png,-385880,407754,0,0,-3.6944699754902,3.90389476102941,387.5,1610.93,-174,33,-438,205,-207,-10,-478.425759419764,-77.2643645082736,-569.199364631104,468.065285777981,-429.612156912516,-33.9141099240537,-141.693844377995,12.0718634128569,-1.0471975511966,0.923391540777439,,,,,,,,,,0.5,0.5,0.598262012560245,0.374736181862874,0.687224669603524,0.815856777493606,0.629566404916354,0.0999102602452887,0.63909224011713,0.742990654205607
1767329373,504824219,828_1767329373-504824219.png,-385880,407754,0,0,-3.6944699754902,3.90389476102941,456.93,1558.54,-110,37,-311,110,-185,-12,-424.546503063377,-60.5541350242202,-531.439817687576,415.701164020755,-393.839628056404,-30.7093504406787,-106.893024563789,44.5328249931334,-1.0471975511966,0.923391540777439,,,,,,,,,,0.5,0.5,0.699664086461224,0.33032997397842,0.722466960352423,0.818414322250639,0.672925913280983,0.0714926712533653,0.655197657393851,0.733644859813084
1767329373,538174072,829_1767329373-538174072.png,-385880,407754,0,0,-3.6944699754902,3.90389476102941,562.62,1419.17,-73,40,-426,95,-185,-18,-363.793457345644,-55.3620412453519,-509.675829650011,362.545739432523,-357.606999050267,-29.6464830197577,-106.893024563789,44.5328249931334,-1.0471975511966,0.923391540777439,,,,,,,,,,0.5,0.5,0.854023659997079,0.212198781139016,0.74284140969163,0.820332480818414,0.633663366336634,0.0670056835177984,0.655197657393851,0.705607476635514
1767329373,571525146,830_1767329373-571525146.png,-385880,407754,0,0,-3.6944699754902,3.90389476102941,591.24,1366.8,-74,106,-530,133,-150,-6,-321.328575302902,-37.3713394405466,-503.812520258039,325.748175792558,-330.219675589863,-27.2078650373843,-94.824842274189,58.0725426673888,-1.0471975511966,0.923391540777439,,,,,,,,,,0.5,0.5,0.895822988170001,0.167809525424016,0.742290748898678,0.862531969309463,0.598156367360874,0.0783727191145678,0.680819912152269,0.761682242990654
1767329373,604875244,831_1767329373-604875244.png,-385880,407754,0,0,-3.6944699754902,3.90389476102941,605.12,1321.93,-123,65,-589,97,-99,2,-288.161737128622,-18.9171207397801,-511.258015676005,295.354085252186,-300.738507038004,-23.6161114158384,-88.7702303230763,62.7744464874266,-1.0471975511966,0.912223961183084,,,,,,,,,,0.5,0.5,0.916094639988316,0.129777333254223,0.715308370044053,0.836317135549872,0.578012973711164,0.0676039485492073,0.718155197657394,0.799065420560748
1767329373,638226318,832_1767329373-638226318.png,-385880,407754,0,0,-3.6944699754902,3.90389476102941,610.2,1285.5,-200,109,-527,84,-116,10,-268.72709591273,-3.94840589824448,-518.827501258958,265.549721725679,-272.277737038481,-19.1459346636994,-88.7702303230763,62.7744464874266,-1.0471975511966,0.921436797806655,,,,,,,,,,0.5,0.5,0.923513947714327,0.0988989565939701,0.672907488986784,0.864450127877238,0.599180607715944,0.0637152258450494,0.705710102489019,0.836448598130841
1767329373,671576416,833_1767329373-671576416.png,-385880,407754,0,0,-3.6944699754902,3.90389476102941,612.25,1254.78,-203,-14,-411,15,-105,2,-257.20635800001,0.956900836106519,-506.457493200522,225.976806827465,-243.963414216467,-15.0595424197878,-84.1198649406434,68.7669594287871,-1.0471975511966,0.924918101801673,,,,,,,,,,0.5,0.5,0.926507959690375,0.0728604243128014,0.67125550660793,0.785805626598466,0.638784568111984,0.0430750822614418,0.713762811127379,0.799065420560748
1767329373,704927490,834_1767329373-704927490.png,-385880,407754,0,0,-3.6944699754902,3.90389476102941,613.57,1236.18,-179,8,-580,15,-67,2,-244.328799612267,1.58942138485251,-514.675729602947,189.5165278064,-213.930589761407,-13.4927527271982,-59.3294970691205,77.3467087745665,-1.0471975511966,0.93708665366672,,,,,,,,,,0.5,0.5,0.928435811304221,0.0570949067206877,0.684471365638767,0.799872122762148,0.581085694776374,0.0430750822614418,0.741581259150805,0.799065420560748
1767329373,738277588,835_1767329373-738277588.png,-385880,407754,0,0,-3.6944699754902,3.90389476102941,613.93,1231.94,-81,-10,-561,58,-109,5,-232.609611101462,7.7284095838859,-525.915755438497,163.442339981279,-191.112508112992,-10.6314952527272,-58.9342767298222,78.0968296527861,-1.0471975511966,0.958108212233239,,,,,,,,,,0.5,0.5,0.928961589017088,0.0535010467964639,0.738436123348018,0.788363171355499,0.587572550358484,0.0559377804367335,0.710834553440703,0.813084112149533
1767329373,771628662,836_1767329373-771628662.png,-385880,407754,0,0,-3.6944699754902,3.90389476102941,614.14,1228.6,-47,60,-463,23,-126,11,-203.331837987945,10.9999082068201,-523.109527620394,142.052530595456,-178.460672978503,-7.38709217836068,-85.8073116242886,68.855942249298,-1.0471975511966,0.962813715623122,,,,,,,,,,0.5,0.5,0.929268292682927,0.0506700344976648,0.75715859030837,0.833120204603581,0.621031068624104,0.0454681423870775,0.698389458272328,0.841121495327103
1767329373,804978760,837_1767329373-804978760.png,-385880,407754,0,0,-3.6944699754902,3.90389476102941,614.11,1226.04,-25,105,-370,13,-126,7,-183.409264622508,20.8944418919036,-507.550865595957,127.002460984934,-172.227643635206,-5.56447469675799,-85.5455414652825,69.3071610927581,-1.0471975511966,0.968834025256468,,,,,,,,,,0.5,0.5,0.929224477873521,0.0485001568075675,0.769273127753304,0.861892583120205,0.652782519631274,0.0424768172300329,0.698389458272328,0.822429906542056
1767329373,838329834,838_1767329373-838329834.png,-385880,407754,0,0,-3.6944699754902,3.90389476102941,614.14,1223.37,-14,43,-346,9,-148,-5,-154.726578606343,28.0628434073863,-480.928281848538,106.825698135207,-166.852636951085,-4.81888625550942,-84.0464186370373,70.9231808185576,-1.0471975511966,0.973912111221065,,,,,,,,,,0.5,0.5,0.929268292682927,0.0462370421854735,0.775330396475771,0.822250639386189,0.660976442471833,0.0412802871672151,0.682284040995608,0.766355140186916
1767329373,905031006,839_1767329373-905031006.png,-385880,407754,0,0,-3.6944699754902,3.90389476102941,614.07,1220.55,-131,-12,-376,35,-143,-1,-139.635642445512,16.4332114678615,-456.308522466223,89.7685782775069,-159.285825824822,-5.43545850646942,-85.4622243940831,70.284109354019,-1.0471975511966,0.969098307751208,,,,,,,,,,0.5,0.5,0.929166058127647,0.0438467862924757,0.710903083700441,0.787084398976982,0.650734038921134,0.049057732575531,0.685944363103953,0.785046728971963
1767329373,938381104,840_1767329373-938381104.png,-385880,407754,0,0,-3.6944699754902,3.90389476102941,613.97,1219.35,-126,57,-416,66,-89,-10,-137.778683463173,20.4732091834906,-449.316592172389,85.4423357671182,-150.488234919734,-5.8561292776879,-85.4953434169293,69.2160289287566,-1.0471975511966,0.972624315154329,,,,,,,,,,0.5,0.5,0.929020008762962,0.0428296561252425,0.713656387665198,0.831202046035806,0.637077500853534,0.0583308405623691,0.725475841874085,0.742990654205607
1767329373,971732178,841_1767329373-971732178.png,-385880,407754,0,0,-3.6944699754902,3.90389476102941,613.97,1218.4,-76,57,-494,59,-106,-13,-130.115478773427,25.814953825283,-453.711755698414,81.7673594643926,-143.515910363333,-6.90086198755741,-83.0914218723774,70.7476511001586,-1.0471975511966,0.972097403667874,,,,,,,,,,0.5,0.5,0.929020008762962,0.0420244280761831,0.741189427312775,0.831202046035806,0.610447251621714,0.0562369129524379,0.71303074670571,0.728971962616822
1767329374,5082275,842_1767329374-5082275.png,-385880,407754,0,0,-3.6944699754902,3.90389476102941,613.79,1216.2,-15,125,-555,73,-173,17,-112.337023844631,42.2148306030868,-471.352928745971,79.614638750198,-144.977447754243,-4.0769226111839,-86.3855307996274,68.6169352531432,-1.0471975511966,0.982010141163362,,,,,,,,,,0.5,0.5,0.928757119906528,0.0401596894362556,0.774779735682819,0.874680306905371,0.589621031068624,0.0604247681723003,0.66398243045388,0.869158878504673
1767329374,38433594,843_1767329374-38433594.png,-385880,407754,0,0,-3.6944699754902,3.90389476102941,613.83,1213.83,-45,112,-596,63,-135,14,-99.9408171479595,53.5247854590357,-486.098297301797,78.0344560397762,-145.636375431283,-1.26610610735075,-85.4082598686219,68.9112520217894,-1.0471975511966,0.97508663389667,,,,,,,,,,0.5,0.5,0.928815539652402,0.03815085735597,0.758259911894273,0.866368286445013,0.575623079549334,0.0574334430152558,0.691800878477306,0.855140186915888
1767329374,71783691,844_1767329374-71783691.png,-385880,407754,0,0,-3.6944699754902,3.90389476102941,613.77,1211.46,-112,140,-506,57,-85,2,-97.9699212622505,64.6104120152473,-494.025187841585,75.2927673591272,-139.555706167776,-0.119607559156118,-85.8195851445199,68.0093874931334,-1.0471975511966,0.977386140069925,,,,,,,,,,0.5,0.5,0.928727910033591,0.0361420252756847,0.72136563876652,0.884271099744245,0.606350290201434,0.055638647921029,0.728404099560761,0.799065420560748
1767329374,105134766,845_1767329374-105134766.png,-385880,407754,0,0,-3.6944699754902,3.90389476102941,613.76,1207.93,-114,181,-585,109,-98,3,-100.202713068155,79.3461758883648,-502.926200581876,77.3237933641929,-132.753928430568,0.280871449530837,-85.481186658144,68.6117768287657,-1.0471975511966,0.983211254662198,,,,,,,,,,0.5,0.5,0.928713305097123,0.033149967367074,0.720264317180617,0.910485933503836,0.579378627517924,0.0711935387376608,0.718887262079063,0.803738317757009
1767329374,171836182,846_1767329374-171836182.png,-385880,407754,0,0,-3.6944699754902,3.90389476102941,613.88,1204.71,-293,61,-430,120,-151,24,-123.854705487321,82.6560323347721,-494.442426287362,84.4066254841874,-134.498692079245,3.82186017947317,-81.834912121296,71.8653097152709,-1.0471975511966,0.980249186642268,,,,,,,,,,0.5,0.5,0.928888564334745,0.0304206680849982,0.621696035242291,0.833759590792839,0.632297712529874,0.0744839964104098,0.6800878477306,0.901869158878505
1767329374,205186279,847_1767329374-205186279.png,-385880,407754,0,0,-3.6944699754902,3.90389476102941,613.93,1203.55,-274,-113,-299,40,-139,34,-145.812227747692,54.0429366043295,-465.860568695659,77.9125194201795,-135.156971575725,8.23516649744023,-84.0398597717286,71.4095056056975,-1.0471975511966,0.977814572055656,,,,,,,,,,0.5,0.5,0.928961589017088,0.0294374422566729,0.63215859030837,0.722506393861893,0.677022874701263,0.0505533951540532,0.68887262079063,0.948598130841121
1767329374,238537598,848_1767329374-238537598.png,-385880,407755,0,50,-3.6944699754902,3.90390433517157,614.04,1201.05,-187,-96,-420,22,-164,23,-151.835602832609,32.100383351534,-459.153835319321,69.7357703999271,-139.375028763186,10.3944027316185,-84.0398597717286,71.4095056056975,-1.0471975511966,0.977814572055656,,,,,,,,,,0.5,1,0.929122243318241,0.027318421074937,0.680066079295154,0.733375959079284,0.635711847046774,0.045169009871373,0.670571010248902,0.897196261682243
1767329374,271887695,849_1767329374-271887695.png,-385880,407754,0,0,-3.6944699754902,3.90389476102941,614.08,1200.79,-132,216,-471,49,-110,-3,-153.984279931719,47.2630170770695,-465.996921854775,63.2524560889404,-139.205943753109,7.74503274566303,-83.7500358521939,69.3088805675505,-1.0471975511966,0.977814572055656,,,,,,,,,,0.5,0.5,0.929180663064116,0.0270980428720365,0.710352422907489,0.932864450127877,0.618299761010584,0.0532455877953934,0.710102489019034,0.775700934579439
1767329374,338589111,850_1767329374-338589111.png,-385880,407754,0,0,-3.6944699754902,3.90389476102941,613.96,1208.81,121,-209,-597,202,-154,-32,-102.017090439017,41.74558755677,-471.554870499383,81.0257535500435,-142.189193926465,1.03264671803083,-84.5911291539669,64.4804520606993,-1.0471975511966,0.977814572055656,,,,,,,,,,0.5,0.5,0.929005403826493,0.0338958628230447,0.849669603524229,0.661125319693095,0.575281666097644,0.0990128626981753,0.677891654465593,0.64018691588785
1767329374,371940186,851_1767329374-371940186.png,-385880,407754,0,0,-3.6944699754902,3.90389476102941,613.98,1211.4,133,-179,-505,199,-122,-48,-61.7211494907923,2.79986079444328,-479.779613971176,101.493377188346,-139.550557932403,-7.01580980348779,-83.9643354117871,70.0448157787322,-1.0471975511966,0.977814572055656,,,,,,,,,,0.5,0.5,0.92903461369943,0.0360911687673232,0.856277533039648,0.680306905370844,0.606691703653124,0.0981154651510619,0.701317715959004,0.565420560747663
1767329374,405290527,852_1767329374-405290527.png,-385880,407754,0,0,-3.6944699754902,3.90389476102941,613.96,1213.84,-82,-57,-728,105,-6,-21,-64.1305480572962,-4.30516218552533,-509.271514510773,101.910010861534,-123.682966093702,-8.67731856592463,-79.9690772891045,71.9436891078948,-1.0471975511966,0.977814572055656,,,,,,,,,,0.5,0.5,0.929005403826493,0.038159333440697,0.737885462555066,0.758312020460358,0.530556503926255,0.069997008674843,0.786237188872621,0.691588785046729
1767329374,438641846,853_1767329374-438641846.png,-385880,407754,0,0,-3.6944699754902,3.90389476102941,613.84,1216.36,-118,-5,-433,45,-119,0,-71.0210906819146,-5.8330563331354,-506.208823837792,95.2330943266766,-119.898704863917,-7.98432925086993,-84.8401712179184,67.4796459674834,-1.0471975511966,0.977814572055656,,,,,,,,,,0.5,0.5,0.928830144588871,0.0402953067918866,0.718061674008811,0.79156010230179,0.631273472174804,0.0520490577325755,0.703513909224012,0.789719626168224
1767329374,471991943,854_1767329374-471991943.png,-385880,407754,0,0,-3.6944699754902,3.90389476102941,613.77,1218.45,-188,-62,-470,28,-167,11,-86.2083081269784,-12.4835907363221,-499.898726336423,85.8670875231212,-125.470318376975,-5.50973928104929,-85.0873949825764,67.0709841251372,-1.0471975511966,0.977814572055656,,,,,,,,,,0.5,0.5,0.928727910033591,0.0420668084998178,0.679515418502203,0.755115089514067,0.618641174462274,0.0469638049655998,0.668374816983895,0.841121495327103
1767329374,505343506,855_1767329374-505343506.png,-385880,407754,0,0,-3.6944699754902,3.90389476102941,613.57,1220.69,-176,-80,-492,28,-175,9,-99.3396092409925,-22.3573138134205,-498.743602162045,77.4044988915173,-132.713629533122,-3.38780849200996,-87.6426250040532,66.2612547874449,-1.0471975511966,0.977814572055656,,,,,,,,,,0.5,0.5,0.928435811304221,0.043965451478653,0.686123348017621,0.743606138107417,0.611130078525094,0.0469638049655998,0.662518301610542,0.831775700934579
1767329374,538691895,856_1767329374-538691895.png,-385880,407754,0,0,-3.6944699754902,3.90389476102941,613.52,1223.33,-181,-11,-502,55,-159,-5,-98.574445597982,-21.953170059938,-510.499855548156,72.2574230255725,-139.806765142408,-1.39938506535363,-82.3952080607415,71.2497377395629,-1.0471975511966,0.977814572055656,,,,,,,,,,0.5,0.5,0.928362786621878,0.0462031378465658,0.683370044052863,0.78772378516624,0.607715944008194,0.0550403828896201,0.674231332357247,0.766355140186916
1767329374,572041260,857_1767329374-572041260.png,-385880,407754,0,0,-3.6944699754902,3.90389476102941,613.48,1224.52,-259,73,-519,47,-152,0,-115.408706946954,-15.2034533022869,-510.298659086546,69.2433892632749,-142.18462678773,-1.61952264786421,-87.8480278849602,66.0491862297057,-1.0471975511966,0.970076326944985,,,,,,,,,,0.5,0.5,0.928304366876004,0.0472117919290721,0.640418502202643,0.841432225063939,0.601911915329464,0.0526473227639845,0.679355783308931,0.789719626168224
1767329374,605389648,858_1767329374-605389648.png,-385880,407754,0,0,-3.6944699754902,3.90389476102941,613.38,1225.55,-339,46,-523,81,-145,6,-141.310526867032,-3.95910289794855,-511.816297423979,68.0741512620845,-143.191052807978,-1.01497318536349,-87.9912838935853,65.8806777000426,-1.0471975511966,0.973670503848324,,,,,,,,,,0.5,0.5,0.928158317511319,0.0480848286559473,0.59636563876652,0.824168797953964,0.600546261522704,0.062817828297936,0.684480234260615,0.817757009345794
1767329374,638739014,859_1767329374-638739014.png,-385880,407754,0,0,-3.6944699754902,3.90389476102941,612.82,1226.04,-189,48,-663,115,-88,8,-161.898976179393,4.85566320526995,-526.419547652334,73.3850782207956,-138.344956417145,0.434956856897536,-82.6830188632012,69.2370924949645,-1.0471975511966,0.965890660037399,,,,,,,,,,0.5,0.5,0.927340441069081,0.0485001568075675,0.678964757709251,0.825447570332481,0.552748378286104,0.0729883338318875,0.726207906295754,0.827102803738318
1767329374,672087646,860_1767329374-672087646.png,-385880,407754,0,0,-3.6944699754902,3.90389476102941,607.6,1226.56,-66,-30,-581,197,-121,0,-151.248234933568,1.89772701303997,-536.650626273699,89.2136167641607,-134.903259191575,0.590775632153165,-84.6055456697941,60.3157408237456,-1.0471975511966,0.965890660037399,,,,,,,,,,0.5,0.5,0.91971666423251,0.0489409132133686,0.746696035242291,0.775575447570332,0.580744281324684,0.097517200119653,0.702049780380674,0.789719626168224
1767329374,705437012,861_1767329374-705437012.png,-385880,407754,0,0,-3.6944699754902,3.90389476102941,598.09,1227.82,-117,-90,-669,299,-116,-3,-144.840859129971,-9.89585707193738,-553.591936286367,117.095458157237,-132.275954309711,0.147939414391991,-83.9712839126587,65.6628775596617,-1.0471975511966,0.965890660037399,,,,,,,,,,0.5,0.5,0.905827369650942,0.0500088998889633,0.718612334801762,0.737212276214834,0.550699897575965,0.128028716721508,0.705710102489019,0.775700934579439
1767329374,738785400,862_1767329374-738785400.png,-385880,407754,0,0,-3.6944699754902,3.90389476102941,579.84,1230,-227,-167,-724,443,-127,-8,-153.838831699527,-30.7590628057908,-577.004157776301,160.806636051478,-131.202676075914,-1.0436301359449,-87.1777897775174,62.5469026565551,-1.0471975511966,0.965890660037399,,,,,,,,,,0.5,0.5,0.879173360595881,0.0518566863594369,0.658039647577093,0.687979539641944,0.531922157733015,0.171103798982949,0.697657393850659,0.752336448598131
1767329374,772134766,863_1767329374-772134766.png,-385880,407754,0,0,-3.6944699754902,3.90389476102941,509.42,1253.72,-357,-278,-972,805,-182,-41,-189.231818810008,-64.8433052272723,-620.186873185728,246.629732294522,-135.447219646719,-5.25664504797892,-93.4464415311814,52.8946309089659,-1.0471975511966,0.965890660037399,,,,,,,,,,0.5,0.5,0.776325397984519,0.0719619593317454,0.586453744493392,0.617007672634271,0.447251621713896,0.279389769667963,0.657393850658858,0.598130841121495
1767329374,838832520,864_1767329374-838832520.png,-385880,407754,0,0,-3.6944699754902,3.90389476102941,460.34,1275.97,-439,-276,-1057,1027,-238,-41,-216.318936018475,-95.9534763567349,-674.282439772414,335.196954549381,-145.687120088315,-10.4838185972179,-113.759052574635,19.8569288253783,-1.0471975511966,0.965890660037399,,,,,,,,,,0.5,0.5,0.704644369796991,0.0908212478491936,0.541299559471366,0.618286445012788,0.418231478320246,0.345797188154352,0.616398243045388,0.598130841121495
1767329374,872180908,865_1767329374-872180908.png,-385880,407754,0,0,-3.6944699754902,3.90389476102941,404.53,1318.73,-566,-346,-1121,1265,-266,-39,-266.295877268722,-133.403752056011,-746.214597771871,476.291840895896,-164.174415704757,-15.5765116314565,-122.163491666317,10.7101826667784,-1.0471975511966,0.965890660037399,,,,,,,,,,0.5,0.5,0.623134219366146,0.127064986141601,0.47136563876652,0.573529411764706,0.396381017412086,0.416990726892013,0.595900439238653,0.607476635514019
1767329374,905530273,866_1767329374-905530273.png,-385880,407753,0,-50,-3.6944699754902,3.90388518688725,346.25,1353.53,-652,-379,-1109,1451,-317,-47,-307.175208381901,-160.685420009684,-790.008699374757,581.399847973839,-179.398170357707,-19.0835650243033,-122.163751423359,10.7097527980803,-1.0471975511966,0.965890660037399,,,,,,,,,,0.5,0,0.538016649627574,0.156561760991363,0.424008810572687,0.552429667519182,0.400477978832366,0.472629374813042,0.558565153733529,0.570093457943925
1767329374,938878662,867_1767329374-938878662.png,-385880,407754,0,0,-3.6944699754902,3.90389476102941,240.66,1467.49,-645,-599,-1243,1792,-341,-70,-397.362514991387,-249.889149801664,-900.58435353438,868.62358753411,-214.750502314569,-29.7972631874043,-145.460711121559,-14.0916650295259,-1.0471975511966,0.965890660037399,,,,,,,,,,0.5,0.5,0.383803125456404,0.253155222539604,0.427863436123348,0.411764705882353,0.354728576305906,0.574633562668262,0.54099560761347,0.462616822429906
1767329374,972228027,868_1767329374-972228027.png,-385880,407754,0,0,-3.6944699754902,3.90389476102941,240.66,1467.49,-645,-599,-1243,1792,-341,-70,-405.07065992745,-260.755828697175,-911.242632636353,897.365275076207,-218.680236240878,-31.0486428893387,-151.466164052486,-37.1346333026887,-1.0471975511966,0.965890660037399,,,,,,,,,,0.5,0.5,0.383803125456404,0.253155222539604,0.427863436123348,0.411764705882353,0.354728576305906,0.574633562668262,0.54099560761347,0.462616822429906
1767329375,5576416,869_1767329375-5576416.png,-385880,407754,0,0,-3.6944699754902,3.90389476102941,163.51,1585.92,-751,-889,-1464,2063,-494,-62,-463.635467232675,-369.652244494071,-1001.67090683904,1140.47259767728,-265.719293177787,-39.0306356997056,-155.361675471068,-48.2643637657167,-1.0471975511966,0.972990552033543,,,,,,,,,,0.5,0.5,0.271126040601723,0.35353749396079,0.369493392070485,0.226342710997442,0.279276203482417,0.65569847442417,0.428989751098097,0.5
1767329375,72274170,870_1767329375-72274170.png,-385880,407754,0,0,-3.6944699754902,3.90389476102941,136.36,1630.57,-826,-980,-1638,2165,-458,-76,-514.571184405634,-456.414626028393,-1089.95628469122,1287.50365464253,-294.826199610877,-44.0531046900082,-160.204520821571,-48.2911589145662,-1.0471975511966,0.960553775479788,,,,,,,,,,0.5,0.5,0.231473638089674,0.39138321226659,0.328193832599119,0.168158567774936,0.219870262888358,0.686209991026025,0.455344070278184,0.434579439252336
1767329375,105623535,871_1767329375-105623535.png,-385880,407754,0,0,-3.6944699754902,3.90389476102941,116.01,1673.73,-732,-969,-1669,2286,-403,-92,-548.946646765258,-531.677760902564,-1173.78641363561,1430.20674157075,-312.154299036266,-50.6260909614064,-162.698513120413,-53.1996862888337,-1.0471975511966,0.961945598618825,,,,,,,,,,0.5,0.5,0.201752592376223,0.427965993948075,0.379955947136564,0.175191815856777,0.209286445885968,0.722405025426264,0.495607613469985,0.359813084112149
1767329375,138971924,872_1767329375-138971924.png,-385880,407754,0,0,-3.6944699754902,3.90389476102941,93.12,1769.37,-915,-608,-1489,2461,-467,-63,-610.546304355991,-565.096340808369,-1259.6685831518,1657.80633512085,-346.364861499913,-56.5839384259954,-164.259652942419,-50.570179462433,-1.0471975511966,0.933804069354264,,,,,,,,,,0.5,0.5,0.168321892799766,0.509031268276558,0.279185022026432,0.406010230179028,0.270740867190167,0.774753215674544,0.448755490483163,0.495327102803738
1767329375,172321289,873_1767329375-172321289.png,-385880,407754,0,0,-3.6944699754902,3.90389476102941,85.84,1799.89,-931,-665,-1511,2536,-406,-74,-656.971183114979,-578.143012418836,-1295.82032279291,1784.17784725265,-356.759149051814,-58.8291820647388,-168.092173278332,-51.1553740501405,-1.0471975511966,0.92881008285018,,,,,,,,,,0.5,0.5,0.157689499050679,0.534900278863187,0.270374449339207,0.369565217391304,0.263229771252987,0.797188154352378,0.493411420204978,0.44392523364486
1767329375,205669678,874_1767329375-205669678.png,-385880,407754,0,0,-3.6944699754902,3.90389476102941,79.39,1829.13,-912,-792,-1619,2637,-414,-90,-687.80989950886,-599.95675696928,-1331.16094774389,1882.64524706939,-363.333650294432,-62.0797376780019,-167.121720969677,-49.3957781791688,-1.0471975511966,0.919691045836069,,,,,,,,,,0.5,0.5,0.14826931502848,0.559684350604769,0.280837004405286,0.288363171355499,0.226357118470468,0.827400538438528,0.487554904831625,0.369158878504673
1767329375,239019043,875_1767329375-239019043.png,-385880,407754,0,0,-3.6944699754902,3.90389476102941,73.6,1857.63,-863,-893,-1750,2747,-379,-91,-714.774014387926,-640.041662148455,-1388.81960822794,2006.03293541079,-366.584721922067,-66.2816612341987,-171.400958478451,-51.8481791019441,-1.0471975511966,0.919691045836069,,,,,,,,,,0.5,0.5,0.139813056813203,0.583841192076556,0.307819383259912,0.223785166240409,0.181631956299078,0.860305115166019,0.513177159590044,0.364485981308411
1767329375,305716797,876_1767329375-305716797.png,-385880,407754,0,0,-3.6944699754902,3.90389476102941,62.83,1913.53,-933,-819,-1749,2922,-447,-92,-759.070642591746,-692.122276507313,-1470.51498767987,2217.46716428291,-380.879946177146,-71.5804348793965,-179.466544508934,-48.8244826793672,-1.0471975511966,0.919691045836069,,,,,,,,,,0.5,0.5,0.1240835402366,0.631222505700167,0.269273127753304,0.271099744245524,0.181973369750768,0.912653305414299,0.463396778916545,0.359813084112149
1767329375,339065186,877_1767329375-339065186.png,-385880,407754,0,0,-3.6944699754902,3.90389476102941,51.32,1945.19,-918,-955,-2063,3093,-427,-100,-788.337744471466,-736.580464114167,-1559.22001395657,2377.87959132425,-393.564043271462,-76.0137710234042,-186.314259648323,-38.3227903842927,-1.0471975511966,0.919691045836069,,,,,,,,,,0.5,0.5,0.107273258361326,0.658057789945668,0.277533039647577,0.184143222506394,0.0747695459201093,0.963804965599761,0.478038067349927,0.322429906542056
1767329375,372414551,878_1767329375-372414551.png,-385880,407754,0,0,-3.6944699754902,3.90389476102941,44.96,1956.92,-1025,-988,-2032,3160,-404,-122,-813.857240287196,-770.544927513645,-1630.99389763542,2486.56617397692,-397.044233229672,-80.8698218567437,-194.381923735142,-26.914648294449,-1.0471975511966,0.919691045836069,,,,,,,,,,0.5,0.5,0.0979845187673434,0.668000237330372,0.218612334801762,0.16304347826087,0.0853533629224992,0.983846844151959,0.494875549048316,0.219626168224299
1767329375,405762695,879_1767329375-405762695.png,-385880,407754,0,0,-3.6944699754902,3.90389476102941,38.62,1965.88,-1147,-972,-2076,3214,-427,-140,-864.841429836178,-806.223743988234,-1705.52216780347,2609.36259088903,-400.979012192614,-90.1164370539621,-191.874748766422,-25.1415832042695,-1.0471975511966,0.919691045836069,,,,,,,,,,0.5,0.5,0.0887249890462976,0.675594809245713,0.151431718061674,0.173273657289003,0.0703311710481394,1,0.478038067349927,0.135514018691589
1767329375,472460449,880_1767329375-472460449.png,-385880,407754,0,0,-3.6944699754902,3.90389476102941,23.21,2016.93,-1133,-859,-2069,3082,-366,-99,-932.6320145428,-844.12971891889,-1779.56245158921,2773.86932388776,-414.657784606289,-104.128393219612,-203.06826415658,-27.3138530254365,-1.0471975511966,0.919691045836069,,,,,,,,,,0.5,0.5,0.0662187819482985,0.718865221776757,0.159140969162996,0.245524296675192,0.0727210652099693,0.960514507927012,0.522693997071742,0.327102803738318
1767329375,505809814,881_1767329375-505809814.png,-385880,407754,0,0,-3.6944699754902,3.90389476102941,23.21,2016.93,-1133,-859,-2069,3082,-366,-99,-938.868814566824,-844.592582131255,-1788.57169577941,2783.46042400186,-413.143226921293,-103.968763112625,-206.943709343672,-36.079735517502,-1.0471975511966,0.919691045836069,,,,,,,,,,0.5,0.5,0.0662187819482985,0.718865221776757,0.159140969162996,0.245524296675192,0.0727210652099693,0.960514507927012,0.522693997071742,0.327102803738318
1767329375,539158203,882_1767329375-539158203.png,-385880,407754,0,0,-3.6944699754902,3.90389476102941,22.1,2028.18,-1152,-944,-2282,3037,-308,-108,-968.978484687043,-854.39236593011,-1848.85933703512,2823.04672952333,-400.999699174351,-104.056655645449,-206.943709343672,-36.079735517502,-1.0471975511966,0.919691045836069,,,,,,,,,,0.5,0.5,0.0645976340002921,0.728400817094568,0.148678414096916,0.191176470588235,0,0.947053544720311,0.565153733528551,0.285046728971963
1767329375,572507568,883_1767329375-572507568.png,-385880,407754,0,0,-3.6944699754902,3.90389476102941,22.74,2043.04,-1120,-890,-2194,2923,-320,-94,-992.847766337849,-862.609548909596,-1904.23829129548,2844.01822207392,-388.485297917735,-103.366285371246,-205.518097758293,-33.392196416855,-1.0471975511966,0.877127517446353,,,,,,,,,,0.5,0.5,0.0655323499342778,0.740996278998805,0.166299559471366,0.225703324808184,0.0300443837487198,0.912952437930003,0.556368960468521,0.350467289719626
1767329375,605855957,884_1767329375-605855957.png,-385880,407754,0,0,-3.6944699754902,3.90389476102941,34.2,2074.58,-715,-889,-1968,2756,-449,-85,-946.268457484408,-862.552820394721,-1914.6561897036,2824.83334447981,-397.553433009317,-99.7021153048236,-208.715317308903,-37.9807581901551,-1.0471975511966,0.877127517446353,,,,,,,,,,0.5,0.5,0.082269607127209,0.767729850227583,0.38931718061674,0.226342710997442,0.107203823830659,0.862997307807359,0.461932650073206,0.392523364485981
1767329375,672553711,885_1767329375-672553711.png,-385880,407754,0,0,-3.6944699754902,3.90389476102941,48.51,2077.61,-753,-649,-1630,2292,-461,-75,-902.049875539245,-833.343067640397,-1874.27391902958,2762.97609267846,-408.518048362988,-95.5978071323281,-206.341137945652,-29.5662217140199,-1.0471975511966,0.877127517446353,,,,,,,,,,0.5,0.5,0.10316927121367,0.770298103899847,0.368392070484581,0.379795396419437,0.222601570501878,0.724199820520491,0.453147877013177,0.439252336448598
1767329375,705903076,886_1767329375-705903076.png,-385880,407754,0,0,-3.6944699754902,3.90389476102941,71.85,2061.86,-684,-592,-1434,2005,-430,-51,-874.007792281665,-801.225688179348,-1820.81212447245,2668.12511891419,-413.387489386149,-90.4134567591912,-203.990531533957,-39.587034225464,-1.0471975511966,0.877127517446353,,,,,,,,,,0.5,0.5,0.137257192931211,0.756948270454911,0.406387665198238,0.416240409207161,0.289518607033117,0.638348788513311,0.47584187408492,0.551401869158878
1767329375,739251465,887_1767329375-739251465.png,-385880,407754,0,0,-3.6944699754902,3.90389476102941,105,2028.24,-482,-463,-1385,1697,-333,-53,-817.171004809911,-749.741106685443,-1748.14274141774,2516.93162100971,-404.733508894834,-83.8397867871019,-174.872221708298,-17.3086590766908,-1.0471975511966,0.877127517446353,,,,,,,,,,0.5,0.5,0.185672557324376,0.728451673602929,0.517621145374449,0.498721227621483,0.306247866165927,0.546215973676339,0.546852122986823,0.542056074766355
1767329375,772600830,888_1767329375-772600830.png,-385880,407754,0,0,-3.6944699754902,3.90389476102941,147.56,1982.19,-347,-345,-1246,1392,-262,-40,-752.115179605589,-693.78758557672,-1674.70846924591,2352.41956493837,-383.859899708269,-77.4285762500547,-158.961843132973,-8.71171498298657,-1.0471975511966,0.877127517446353,,,,,,,,,,0.5,0.5,0.247831166934424,0.689419303435357,0.591960352422908,0.574168797953964,0.353704335950836,0.454980556386479,0.598828696925329,0.602803738317757
1767329375,805949219,889_1767329375-805949219.png,-385880,407754,0,0,-3.6944699754902,3.90389476102941,198.03,1887.5,-309,-252,-1046,1113,-159,-36,-699.467171867029,-641.297313758577,-1600.00949733613,2205.15994971987,-357.143537270697,-72.5063074960215,-151.752481251955,9.44608211517322,-1.0471975511966,0.877127517446353,,,,,,,,,,0.5,0.5,0.321542281291076,0.609159257155934,0.612885462555066,0.633631713554987,0.421987026288836,0.371522584504936,0.674231332357247,0.621495327102804
1767329375,839298584,890_1767329375-839298584.png,-385880,407754,0,0,-3.6944699754902,3.90389476102941,253.53,1813.43,-382,-380,-1032,826,-146,-24,-659.681223318266,-606.628064904654,-1532.91870984721,2049.42217637306,-332.056862076972,-66.743109641476,-147.596693277359,14.1283552646636,-1.0471975511966,0.877127517446353,,,,,,,,,,0.5,0.5,0.402599678691398,0.546376897583468,0.572687224669604,0.551790281329923,0.426766814612496,0.285671552497756,0.683748169838946,0.677570093457944
1767329375,872646973,891_1767329375-872646973.png,-385880,407754,0,0,-3.6944699754902,3.90389476102941,311.65,1732.07,-383,-291,-1000,580,-134,-18,-619.191427127081,-562.911172609486,-1455.86141445268,1841.27859250064,-303.421806108848,-59.7793989550421,-127.455262124538,28.3134491443633,-1.0471975511966,0.877127517446353,,,,,,,,,,0.5,0.5,0.487483569446473,0.47741547224506,0.572136563876652,0.608695652173913,0.437692045066576,0.21208495363446,0.692532942898975,0.705607476635514
1767329375,905996338,892_1767329375-905996338.png,-385880,407754,0,0,-3.6944699754902,3.90389476102941,371.58,1643.43,-246,-295,-711,333,-43,18,-568.372929508699,-523.621639288404,-1354.85834421709,1627.48000378115,-267.833234904755,-49.3922219838616,-132.428180813789,15.7137110233306,-1.0471975511966,0.877127517446353,,,,,,,,,,0.5,0.5,0.575010953702351,0.402283457225438,0.647577092511013,0.60613810741688,0.536360532604985,0.138199222255459,0.759150805270864,0.873831775700934
1767329375,939344727,893_1767329375-939344727.png,-385880,407754,0,0,-3.6944699754902,3.90389476102941,479.7,1448.71,-238,-37,-462,191,-23,-1,-506.886643505696,-445.61803895495,-1217.13537245455,1383.19983284393,-220.987932041076,-38.9038992835517,-132.428180813789,15.7137110233306,-1.0471975511966,0.877127517446353,,,,,,,,,,0.5,0.5,0.732919526800058,0.237237135422406,0.651982378854625,0.771099744245524,0.621372482075794,0.0957224050254263,0.773792093704246,0.785046728971963
1767329375,972694092,894_1767329375-972694092.png,-385880,407754,0,0,-3.6944699754902,3.90389476102941,521.16,1368.72,-160,43,-417,160,-98,-31,-465.136284490788,-383.370851851724,-1105.30229276126,1207.88542193591,-194.368319726163,-34.2945656589225,-124.37382927537,24.5677165985106,-1.0471975511966,0.877127517446353,,,,,,,,,,0.5,0.5,0.793471593398569,0.169436933691589,0.694933920704846,0.822250639386189,0.636736087401844,0.0864492970385881,0.718887262079063,0.644859813084112
1767329376,6042480,895_1767329376-6042480.png,-385880,407754,0,0,-3.6944699754902,3.90389476102941,553.05,1330.33,123,39,-602,109,-122,-46,-403.169059017114,-321.262737623841,-1015.98135584353,1051.51522897745,-181.746070579288,-34.7320311331263,-92.8501043021679,60.7900292873381,-1.0471975511966,0.87150246938364,,,,,,,,,,0.5,0.5,0.840046735796699,0.136897244424855,0.850770925110132,0.819693094629156,0.573574598839194,0.0711935387376608,0.701317715959004,0.574766355140187
1767329376,39391846,896_1767329376-39391846.png,-385880,407754,0,0,-3.6944699754902,3.90389476102941,591.85,1301.04,53,98,-721,96,-137,-30,-307.007739298309,-242.717523108882,-947.918335155979,862.821020801466,-171.6648498056,-35.0684306684382,-88.9616063237191,57.9064700603484,-1.0471975511966,0.891990343514966,,,,,,,,,,0.5,0.5,0.896713889294582,0.112070792259639,0.812224669603524,0.857416879795396,0.532946398088085,0.0673048160335028,0.690336749633968,0.649532710280374
1767329376,72739990,897_1767329376-72739990.png,-385880,407754,0,0,-3.6944699754902,3.90389476102941,606.44,1279.27,-164,87,-541,98,-119,2,-280.142050854664,-194.197316936253,-893.346976548755,750.917340092232,-164.456758161916,-30.5251862684233,-86.7636071741581,60.7835812568663,-1.0471975511966,0.891990343514966,,,,,,,,,,0.5,0.5,0.918022491602162,0.0936183558090847,0.69273127753304,0.850383631713555,0.594400819392284,0.0679030810649118,0.703513909224012,0.799065420560748
1767329376,106089355,898_1767329376-106089355.png,-385880,407754,0,0,-3.6944699754902,3.90389476102941,611.18,1266.11,-220,72,-561,82,-104,11,-271.346767427955,-155.268134831346,-844.743947333475,653.093645829315,-155.615451363466,-24.4524671411649,-83.4940452873707,65.0199372768401,-1.0471975511966,0.891990343514966,,,,,,,,,,0.5,0.5,0.924945231488243,0.0824638283084277,0.661894273127753,0.84079283887468,0.587572550358484,0.0631169608136405,0.714494875549048,0.841121495327103
1767329376,139437744,899_1767329376-139437744.png,-385880,407754,0,0,-3.6944699754902,3.90389476102941,613.48,1255.74,-120,23,-509,133,-121,10,-249.213539572759,-129.197877008223,-795.644138902667,577.034200591018,-150.553224496264,-19.4140753844857,-86.3431254625321,64.9505851268767,-1.0471975511966,0.891990343514966,,,,,,,,,,0.5,0.5,0.928304366876004,0.0736741284465879,0.716960352422908,0.809462915601023,0.605326049846364,0.0783727191145678,0.702049780380674,0.836448598130841
1767329376,172787109,900_1767329376-172787109.png,-385880,407754,0,0,-3.6944699754902,3.90389476102941,613.88,1252.26,-140,-45,-661,154,-8,-8,-229.097808418856,-114.236978341838,-758.340923927145,509.29803598739,-138.454727900442,-15.3274430767049,-81.9816748499871,67.2592666149138,-1.0471975511966,0.891990343514966,,,,,,,,,,0.5,0.5,0.928888564334745,0.0707244509616117,0.705947136563877,0.765984654731458,0.553431205189485,0.0846545019443614,0.784773060029283,0.752336448598131
1767329376,206135498,901_1767329376-206135498.png,-385880,407754,0,0,-3.6944699754902,3.90389476102941,614.13,1249.42,-134,-7,-639,137,-35,-16,-213.332527099042,-99.9428699738572,-740.17054265189,446.854825431768,-117.564678700212,-14.5514164938909,-83.1885060667992,68.7410240173339,-1.0471975511966,0.891990343514966,,,,,,,,,,0.5,0.5,0.929253687746458,0.0683172428991602,0.709251101321586,0.790281329923274,0.560942301126664,0.0795692491773856,0.765007320644217,0.714953271028037
1767329376,239484863,902_1767329376-239484863.png,-385880,407754,0,0,-3.6944699754902,3.90389476102941,614.35,1247.16,-197,16,-531,156,-80,-16,-205.591722219078,-84.9411893575408,-718.756442410772,402.70549661781,-108.248075530941,-14.7632599931136,-83.8716670870781,68.2145781517028,-1.0471975511966,0.891990343514966,,,,,,,,,,0.5,0.5,0.929574996348766,0.066401647750871,0.674559471365639,0.804987212276215,0.597814953909184,0.0852527669757703,0.732064421669107,0.714953271028037
1767329376,272833008,903_1767329376-272833008.png,-385880,407754,0,0,-3.6944699754902,3.90389476102941,614.5,1244.52,-205,-56,-404,116,-106,10,-205.05928286556,-76.6956336023706,-679.804623989941,363.006684911664,-106.470122208747,-12.5910262449982,-83.7072408795357,68.4755084514617,-1.0471975511966,0.891990343514966,,,,,,,,,,0.5,0.5,0.929794070395794,0.064163961382958,0.670154185022026,0.758951406649616,0.641174462273814,0.073287466347592,0.71303074670571,0.836448598130841
1767329376,306182373,904_1767329376-306182373.png,-385880,407754,0,0,-3.6944699754902,3.90389476102941,614.59,1243,-355,56,-403,184,-217,8,-218.626172078273,-63.5326490503869,-639.379948018481,333.038229249067,-116.447284224802,-9.46828073307978,-90.26915833354,61.5706708431243,-1.0471975511966,0.891990343514966,,,,,,,,,,0.5,0.5,0.92992551482401,0.0628755965044626,0.587555066079295,0.830562659846547,0.641515875725504,0.0936284774154951,0.631771595900439,0.827102803738318
1767329376,339530762,905_1767329376-339530762.png,-385880,407754,0,0,-3.6944699754902,3.90389476102941,614.54,1241.73,-225,129,-550,178,-230,-2,-226.748085299621,-34.2020557834148,-615.995151737286,306.569079869436,-135.369029148152,-7.6376068240599,-85.5005385577679,67.9403219223021,-1.0471975511966,0.891990343514966,,,,,,,,,,0.5,0.5,0.929852490141668,0.0617991337441409,0.659140969162996,0.877237851662404,0.591328098327074,0.0918336823212683,0.622254758418741,0.780373831775701
1767329376,372880127,906_1767329376-372880127.png,-385880,407754,0,0,-3.6944699754902,3.90389476102941,614.63,1240.93,-69,5,-536,150,-190,2,-203.67871702045,-28.4690755038099,-604.29651455592,283.672131499011,-143.358362163739,-6.22818558936289,-85.5710625946522,62.4312679767608,-1.0471975511966,0.891990343514966,,,,,,,,,,0.5,0.5,0.929983934569884,0.0611210469659856,0.745044052863436,0.797953964194373,0.596107886650734,0.0834579718815435,0.651537335285505,0.799065420560748
1767329376,406228271,907_1767329376-406228271.png,-385880,407754,0,0,-3.6944699754902,3.90389476102941,614.72,1240.89,153,-146,-664,72,28,17,-161.300516683043,-42.4333207095442,-611.390086855737,258.522652243715,-122.998697696154,-3.4683665830495,-85.5710625946522,62.4312679767608,-1.0471975511966,0.964782706950219,,,,,,,,,,0.5,0.5,0.930115378998101,0.0610871426270777,0.867290748898678,0.701406649616368,0.552406964834415,0.0601256356565959,0.811127379209371,0.869158878504673
1767329376,439577637,908_1767329376-439577637.png,-385880,407754,0,0,-3.6944699754902,3.90389476102941,614.69,1240.46,172,-47,-577,42,12,20,-99.0087765364864,-54.8155603503428,-621.820604623159,217.151603298622,-96.347609429894,1.53943401143026,-85.3389696776867,66.8405745029448,-1.0471975511966,0.969813339400217,,,,,,,,,,0.5,0.5,0.930071564188696,0.0607226709838192,0.877753303964758,0.764705882352941,0.582109935131444,0.0511516601854622,0.799414348462665,0.883177570093458
1767329376,506275391,909_1767329376-506275391.png,-385880,407754,0,0,-3.6944699754902,3.90389476102941,614.7,1240.55,-110,85,-559,130,-74,11,-79.7992999913314,-8.31370006236218,-594.704300784462,182.609303074493,-90.9096586888334,5.65502877246857,-86.5040449500084,61.8546707630156,-1.0471975511966,0.972546615140771,,,,,,,,,,0.5,0.5,0.930086169125164,0.0607989557463616,0.722466960352423,0.849104859335038,0.588255377261864,0.0774753215674544,0.736456808199122,0.841121495327103
1767329376,539623779,910_1767329376-539623779.png,-385880,407754,0,0,-3.6944699754902,3.90389476102941,614.52,1240.59,-110,85,-559,130,-74,11,-80.7393490022041,-5.40914978970894,-593.592942682607,180.971747544201,-90.3833163219322,5.82140024445901,-86.5755430758,60.148951768875,-1.0471975511966,0.976979053679628,,,,,,,,,,0.5,0.5,0.929823280268731,0.0608328600852693,0.722466960352423,0.849104859335038,0.588255377261864,0.0774753215674544,0.736456808199122,0.841121495327103
1767329376,572973389,911_1767329376-572973389.png,-385880,407754,0,0,-3.6944699754902,3.90389476102941,614.44,1241.62,-143,-55,-606,139,-83,0,-89.0453157529534,-3.0491379938778,-594.844831703291,175.168251147471,-91.0034002486124,5.81915354855364,-86.5755430758,60.148951768875,-1.0471975511966,0.965624243185096,,,,,,,,,,0.5,0.5,0.929706440776983,0.0617058968121446,0.704295154185022,0.759590792838875,0.572208945032434,0.0801675142087945,0.7298682284041,0.789719626168224
1767329376,606322021,912_1767329376-606322021.png,-385880,407754,0,0,-3.6944699754902,3.90389476102941,614.28,1243.29,-193,-11,-634,116,-85,-1,-102.894763179174,-8.044941608832,-599.306733463938,166.836193908707,-89.8012878652245,4.72300391690635,-87.6267798244954,57.1231060028075,-1.0471975511966,0.974982643763126,,,,,,,,,,0.5,0.5,0.929472761793486,0.063121402961544,0.676762114537445,0.78772378516624,0.562649368385114,0.073287466347592,0.728404099560761,0.785046728971963
1767329376,639671387,913_1767329376-639671387.png,-385880,407754,0,0,-3.6944699754902,3.90389476102941,614.14,1244.42,-172,28,-550,95,-111,1,-112.313493722849,-6.00594323433543,-598.280852222451,159.509198110222,-90.8242298875925,4.16560370590772,-89.4581968486309,59.5179045200347,-1.0471975511966,0.963134680755871,,,,,,,,,,0.5,0.5,0.929268292682927,0.0640792005356886,0.688325991189427,0.812659846547315,0.591328098327074,0.0670056835177984,0.709370424597365,0.794392523364486
1767329376,673020020,914_1767329376-673020020.png,-385880,407754,0,0,-3.6944699754902,3.90389476102941,614.07,1242.6,-115,-20,-455,95,-79,6,-115.855946359163,-5.83219598396073,-578.649852884012,148.360942537052,-90.5089085702877,4.21260191723292,-86.1947392523289,65.0693721771239,-1.0471975511966,0.977096254621315,,,,,,,,,,0.5,0.5,0.929166058127647,0.0625365531153849,0.719713656387665,0.781969309462916,0.623762376237624,0.0670056835177984,0.732796486090776,0.817757009345794
1767329376,706369629,915_1767329376-706369629.png,-385880,407754,0,0,-3.6944699754902,3.90389476102941,613.88,1240.16,-160,14,-642,88,10,23,-121.077372844426,-3.86446695868171,-582.785172597408,139.725647193967,-78.251434828163,6.49382156746842,-85.9469310343266,65.4744517803191,-1.0471975511966,0.972777109264615,,,,,,,,,,0.5,0.5,0.928888564334745,0.0604683884420109,0.694933920704846,0.803708439897698,0.559918060771594,0.0649117559078672,0.797950219619327,0.897196261682243
1767329376,739718018,916_1767329376-739718018.png,-385880,407754,0,0,-3.6944699754902,3.90389476102941,613.6,1239.39,-57,135,-577,140,126,6,-114.531711872121,13.1244830934529,-583.721988129103,138.339489253898,-51.5630328119178,6.4216041989819,-85.8979668319226,61.7026405334472,-1.0471975511966,0.962530097733798,,,,,,,,,,0.5,0.5,0.928479626113626,0.0598157299180363,0.751651982378855,0.881074168797954,0.582109935131444,0.080466646724499,0.882869692532943,0.817757009345794
1767329376,773067627,917_1767329376-773067627.png,-385880,407754,0,0,-3.6944699754902,3.90389476102941,612.59,1236.88,36,111,-532,243,44,-10,-96.6465319092136,24.7534030868911,-577.576724422049,150.7745572301,-40.2088668465806,4.47049806509342,-82.529112815857,69.7725656032561,-1.0471975511966,0.962530097733798,,,,,,,,,,0.5,0.5,0.927004527530305,0.0576882326515736,0.802863436123348,0.865728900255755,0.597473540457494,0.111277295842058,0.822840409956076,0.742990654205607
1767329376,806416016,918_1767329376-806416016.png,-385880,407754,0,0,-3.6944699754902,3.90389476102941,604.94,1235.07,91,23,-701,325,-11,-10,-65.6797184412554,26.7889596057285,-594.415182045926,178.704467800378,-33.6994834531157,2.08487194467511,-82.8556923568249,66.7394120693206,-1.0471975511966,0.962530097733798,,,,,,,,,,0.5,0.5,0.915831751131882,0.0561540613159969,0.833149779735683,0.809462915601023,0.539774667121885,0.135806162129824,0.782576866764275,0.742990654205607
1767329376,873114014,919_1767329376-873114014.png,-385880,407754,0,0,-3.6944699754902,3.90389476102941,595.42,1235.55,-173,-340,-1161,675,10,-6,-66.458207154389,-38.4779168992318,-699.246271623399,257.475877092432,-23.5094929040879,0.0472658159190821,-84.3481264412404,65.3068029880522,-1.0471975511966,0.962530097733798,,,,,,,,,,0.5,0.5,0.901927851613845,0.0565609133828903,0.687775330396476,0.577365728900256,0.382724479344486,0.240502542626383,0.797950219619327,0.761682242990654
1767329376,906463623,920_1767329376-906463623.png,-385880,407754,0,0,-3.6944699754902,3.90389476102941,581.57,1238.45,-227,-405,-1159,808,-23,-8,-86.9262748305112,-88.4557995312899,-766.592973265793,330.57236336392,-21.5956263695348,-1.01810483968926,-85.3879338800908,63.8803553581237,-1.0471975511966,0.962530097733798,,,,,,,,,,0.5,0.5,0.881700014604936,0.0590189779537037,0.658039647577093,0.535805626598465,0.383407306247866,0.280287167215076,0.773792093704246,0.752336448598131
1767329376,939812256,921_1767329376-939812256.png,-385880,407754,0,0,-3.6944699754902,3.90389476102941,565.42,1253.18,-237,-299,-1036,907,-39,-25,-108.599046083226,-122.153584684629,-809.365249483533,412.154777064734,-23.7020184539972,-4.05897723549895,-88.6657430529595,55.5694172382354,-1.0471975511966,0.962530097733798,,,,,,,,,,0.5,0.5,0.858113042208266,0.0715042507564906,0.652533039647577,0.603580562659847,0.425401160805736,0.309901286269818,0.76207906295754,0.672897196261682
1767329376,973161621,922_1767329376-973161621.png,-385880,407754,0,0,-3.6944699754902,3.90389476102941,547.09,1265.37,-308,-325,-988,1027,-129,-41,-130.280560636289,-145.518400108164,-831.948309095539,481.809452653722,-33.6649585023872,-7.99511032948224,-93.7287974357605,49.4748821258544,-1.0471975511966,0.962530097733798,,,,,,,,,,0.5,0.5,0.831342193661457,0.0818365980386339,0.613436123348018,0.58695652173913,0.441789006486856,0.345797188154352,0.696193265007321,0.598130841121495
1767329377,6510254,923_1767329377-6510254.png,-385880,407754,0,0,-3.6944699754902,3.90389476102941,502.52,1271.9,-312,-415,-1038,1266,-112,-39,-176.562647771232,-204.19151571171,-868.107038016441,636.432963176794,-55.4415414340049,-15.7985859374084,-101.963745057583,37.8771679401396,-1.0471975511966,0.962530097733798,,,,,,,,,,0.5,0.5,0.766247991821235,0.0873714813653278,0.611233480176211,0.529411764705882,0.424718333902356,0.417289859407718,0.708638360175695,0.607476635514019
1767329377,73208252,924_1767329377-73208252.png,-385880,407754,0,0,-3.6944699754902,3.90389476102941,451.36,1341.44,-381,-353,-1193,1477,-78,-30,-225.593284218914,-243.269853201438,-951.808581904231,823.27860263316,-61.1886727277058,-20.4444264174484,-119.69703361392,19.8752698898314,-1.0471975511966,0.962530097733798,,,,,,,,,,0.5,0.5,0.691529136848255,0.146314174556489,0.573237885462555,0.569053708439898,0.371799248890406,0.480406820221358,0.733528550512445,0.649532710280374
1767329377,106557617,925_1767329377-106557617.png,-385880,407754,0,0,-3.6944699754902,3.90389476102941,426.85,1365.83,-454,-399,-1158,1557,-108,-25,-261.123509105542,-267.698451086874,-989.331977161396,945.757533704476,-67.6583490168894,-21.5017206074637,-119.954193085432,14.4256811141967,-1.0471975511966,0.967039612829367,,,,,,,,,,0.5,0.5,0.655732437563897,0.166987345205503,0.533039647577093,0.539641943734015,0.383748719699556,0.504337421477715,0.711566617862372,0.672897196261682
1767329377,139906250,926_1767329377-139906250.png,-385880,407754,0,0,-3.6944699754902,3.90389476102941,404.04,1389.59,-436,-573,-1232,1618,-91,-30,-282.410747899683,-299.046478847963,-1016.06926904562,1023.90203820978,-70.9129131811092,-22.369881599153,-126.222714960575,8.2610774040221,-1.0471975511966,0.964770604890578,,,,,,,,,,0.5,0.5,0.622418577479188,0.187126522516719,0.54295154185022,0.428388746803069,0.358484124274496,0.522584504935687,0.724011713030747,0.649532710280374
1767329377,173255615,927_1767329377-173255615.png,-385880,407754,0,0,-3.6944699754902,3.90389476102941,380.9,1413.14,-482,-746,-1293,1778,-30,-33,-310.337335826472,-359.664655422916,-1054.89498931757,1129.79414903972,-66.6028699033782,-23.8421641678215,-126.108291983604,9.77335548400867,-1.0471975511966,0.963906934952945,,,,,,,,,,0.5,0.5,0.588622754491018,0.20708770204867,0.517621145374449,0.317774936061381,0.337657903721407,0.5704457074484,0.768667642752562,0.635514018691589
1767329377,206604248,928_1767329377-206604248.png,-385880,407754,0,0,-3.6944699754902,3.90389476102941,334.47,1470.75,-429,-693,-1315,1902,-40,-32,-329.14448894489,-409.865933638319,-1092.32979535476,1239.32181514811,-62.438133015792,-25.0626094459928,-130.623778522015,1.3612549304961,-1.0471975511966,0.955898459758651,,,,,,,,,,0.5,0.5,0.52081203446765,0.255918426160588,0.546806167400881,0.351662404092072,0.330146807784227,0.607538139395752,0.761346998535871,0.64018691588785
1767329377,239953613,929_1767329377-239953613.png,-385880,407754,0,0,-3.6944699754902,3.90389476102941,334.47,1470.75,-405,-752,-1419,2062,-38,-46,-340.237737507693,-459.900244753768,-1140.10264307256,1359.63177634694,-58.8642557828238,-28.1245317037356,-138.211281716824,-5.98892664909375,-1.0471975511966,0.951260390790998,,,,,,,,,,0.5,0.5,0.52081203446765,0.255918426160588,0.560022026431718,0.313938618925831,0.294639808808467,0.655399341908465,0.762811127379209,0.574766355140187
1767329377,273302246,930_1767329377-273302246.png,-385880,407754,0,0,-3.6944699754902,3.90389476102941,288.55,1511.09,-391,-685,-1343,2229,-127,-45,-340.868463659269,-493.893797231159,-1160.44444330358,1494.70462930573,-68.8547273900532,-31.0408915252021,-140.52831453085,-8.58647990226758,-1.0471975511966,0.940016246814514,,,,,,,,,,0.5,0.5,0.453746166204177,0.290110951949076,0.56773127753304,0.356777493606138,0.320587231136907,0.70535447203111,0.697657393850659,0.579439252336449
1767329377,340000000,931_1767329377-340000000.png,-385880,407754,0,0,-3.6944699754902,3.90389476102941,266.23,1532.11,-470,-808,-1678,2384,17,-52,-353.041273374706,-529.379521542376,-1207.67203755497,1611.58843693794,-68.533018058033,-33.511289154785,-149.392588526011,-30.9144332408906,-1.0471975511966,0.946774208141898,,,,,,,,,,0.5,0.5,0.421147948006426,0.30792768204511,0.524229074889868,0.278132992327366,0.206213724820758,0.751720011965301,0.80307467057101,0.546728971962617
1767329377,373349609,932_1767329377-373349609.png,-385880,407754,0,0,-3.6944699754902,3.90389476102941,244.7,1553.71,-443,-862,-1549,2501,-90,-53,-370.045713318511,-583.945666938201,-1273.62555783218,1758.97508491273,-66.4645295167257,-36.8252573205655,-149.392588526011,-30.9144332408906,-1.0471975511966,0.933994879066247,,,,,,,,,,0.5,0.5,0.389703519789689,0.326236025055307,0.539096916299559,0.243606138107417,0.250256060088768,0.786718516302722,0.724743777452416,0.542056074766355
1767329377,406697998,933_1767329377-406697998.png,-385880,407754,0,0,-3.6944699754902,3.90389476102941,204.44,1578.75,-406,-861,-1461,2600,-91,-56,-375.36502011809,-616.89173553627,-1298.37939543075,1856.09743445616,-69.3513618024498,-39.0185441823665,-152.596431881189,-43.3525407314302,-1.0471975511966,0.92914942099485,,,,,,,,,,0.5,0.5,0.330904045567402,0.347460141211572,0.559471365638767,0.244245524296675,0.280300443837487,0.816332635357463,0.724011713030747,0.52803738317757
1767329377,440047607,934_1767329377-440047607.png,-385880,407754,0,0,-3.6944699754902,3.90389476102941,157.18,1605.93,-373,-952,-1939,2785,-52,-97,-383.538019064435,-677.688608241161,-1366.80204635339,2019.4864661437,-70.0273339259531,-46.9255119492452,-156.013470828533,-51.2062418460847,-1.0471975511966,0.937094067979783,,,,,,,,,,0.5,0.5,0.261881115817146,0.370498139499402,0.577643171806167,0.186061381074169,0.117104813929669,0.871672150762788,0.752562225475842,0.336448598130841
1767329377,473395996,935_1767329377-473395996.png,-385880,407754,0,0,-3.6944699754902,3.90389476102941,140.53,1628.49,-325,-971,-1889,2889,-50,-99,-379.055259811832,-718.968814594132,-1447.41709153099,2137.81016116622,-67.2684144973662,-54.3710657632838,-156.331153690815,-49.9206478595735,-1.0471975511966,0.926788455816951,,,,,,,,,,0.5,0.5,0.23756389659705,0.389620186643386,0.604074889867841,0.173913043478261,0.134175486514169,0.902781932396051,0.75402635431918,0.327102803738318
1767329377,506745605,936_1767329377-506745605.png,-385880,407754,0,0,-3.6944699754902,3.90389476102941,128.26,1651.11,-470,-878,-1990,2911,4,-67,-382.836657767315,-754.107122251512,-1532.87079241971,2269.61926215126,-59.3969458931182,-59.1875639584,-160.482395917177,-59.0759913921357,-1.0471975511966,0.927258112409803,,,,,,,,,,0.5,0.5,0.219643639550168,0.40879309029573,0.524229074889868,0.233375959079284,0.099692727893479,0.909362847741549,0.793557833089312,0.476635514018692
1767329377,573443604,937_1767329377-573443604.png,-385880,407754,0,0,-3.6944699754902,3.90389476102941,111.74,1703.43,-529,-887,-1917,3074,92,-85,-426.523775228794,-773.902845232261,-1646.26897766738,2458.39109582543,-20.1687321888036,-62.8846193343349,-162.919501423836,-60.290083885193,-1.0471975511966,0.920654309991319,,,,,,,,,,0.5,0.5,0.195516284504162,0.453139965587096,0.491740088105727,0.227621483375959,0.124615909866849,0.958121447801376,0.857979502196193,0.392523364485981
1767329377,606791992,938_1767329377-606791992.png,-385880,407754,0,0,-3.6944699754902,3.90389476102941,105.32,1727.88,-577,-887,-1900,3096,80,-77,-451.252968207899,-793.447902726152,-1690.5696616146,2567.995808804,-2.53902339056301,-65.5365879929408,-164.188609391451,-60.9221341609956,-1.0471975511966,0.908570051716707,,,,,,,,,,0.5,0.5,0.186139915291368,0.473863992744472,0.465308370044053,0.227621483375959,0.130419938545579,0.964702363146874,0.849194729136164,0.429906542056075
1767329377,673489990,939_1767329377-673489990.png,-385880,407754,0,0,-3.6944699754902,3.90389476102941,96.23,1772.27,-646,-896,-1928,3109,99,-75,-495.433802364907,-813.594941134947,-1742.36138315536,2671.96185808537,12.6522010128295,-65.794776581882,-165.089966326952,-61.3691976070405,-1.0471975511966,0.911040146729171,,,,,,,,,,0.5,0.5,0.172864028041478,0.511489332847371,0.427312775330396,0.221867007672634,0.120860361898259,0.968591085851032,0.863103953147877,0.439252336448598
1767329377,706839600,940_1767329377-706839600.png,-385880,407754,0,0,-3.6944699754902,3.90389476102941,92.67,1785.2,-499,-1007,-1793,3193,-22,-121,-504.148830596736,-835.6919210858,-1757.2915107751,2743.47742760157,14.328910133997,-71.3041366569549,-171.228479802609,-64.2582018375398,-1.0471975511966,0.901443672292665,,,,,,,,,,0.5,0.5,0.167664670658683,0.522448910399308,0.508259911894273,0.150895140664962,0.166951177876408,0.993718217170206,0.774524158125915,0.224299065420561
1767329377,740187988,941_1767329377-740187988.png,-385880,407754,0,0,-3.6944699754902,3.90389476102941,89.95,1793.4,-540,-1071,-1835,3185,-12,-128,-508.130375740709,-872.900843993709,-1768.45268940066,2820.21185038601,9.23880775598569,-80.9160959557584,-172.273352503777,-64.7498283386232,-1.0471975511966,0.906693026055739,,,,,,,,,,0.5,0.5,0.163692127939243,0.529399299875402,0.48568281938326,0.10997442455243,0.152611812905428,0.991325157044571,0.781844802342606,0.191588785046729
1767329377,773537354,942_1767329377-773537354.png,-385880,407754,0,0,-3.6944699754902,3.90389476102941,88.79,1800.98,-513,-970,-1793,3098,-77,-114,-521.7213874006,-892.874405123258,-1770.21508268649,2890.41370408422,-9.50441317663178,-87.7786578261649,-171.03223335743,-64.165780067444,-1.0471975511966,0.889372454357706,,,,,,,,,,0.5,0.5,0.161997955308894,0.535824172098424,0.500550660792952,0.174552429667519,0.166951177876408,0.965300628178283,0.734260614934114,0.257009345794392
1767329377,806885986,943_1767329377-806885986.png,-385880,407754,0,0,-3.6944699754902,3.90389476102941,92.46,1803.38,-513,-970,-1793,3098,-77,-114,-521.449919136718,-895.275072629509,-1770.92430263759,2896.87518650318,-11.6053300299951,-88.594842443316,-170.940019607544,-64.1223633289338,-1.0471975511966,0.900444495817682,,,,,,,,,,0.5,0.5,0.167357966992844,0.537858432432891,0.500550660792952,0.174552429667519,0.166951177876408,0.965300628178283,0.734260614934114,0.257009345794392
1767329377,840235352,944_1767329377-840235352.png,-385880,407754,0,0,-3.6944699754902,3.90389476102941,100.04,1804.02,-675,-950,-1650,2826,-16,-91,-546.247674482791,-907.53287393841,-1749.45550159387,2899.93945555306,-15.5288601765745,-90.9946799809976,-165.018143504858,-61.3353812694551,-1.0471975511966,0.900444495817682,,,,,,,,,,0.5,0.5,0.178428508835987,0.538400901855415,0.411343612334802,0.187340153452685,0.215773301468078,0.883936583906671,0.77891654465593,0.364485981308411
1767329377,906933350,945_1767329377-906933350.png,-385880,407754,0,0,-3.6944699754902,3.90389476102941,108.29,1801.66,-482,-943,-1472,2598,-7,-87,-542.14566947271,-912.911650473184,-1713.76216744514,2862.03696611345,-14.528440196347,-90.520204510737,-165.018143504858,-61.3353812694551,-1.0471975511966,0.900444495817682,,,,,,,,,,0.5,0.5,0.190477581422521,0.536400545859857,0.517621145374449,0.191815856777494,0.276544895868897,0.815734370326054,0.785505124450952,0.383177570093458
1767329377,940281982,946_1767329377-940281982.png,-385880,407754,0,0,-3.6944699754902,3.90389476102941,135.63,1789.55,-293,-798,-1353,2020,-151,-114,-475.286552894358,-896.006155571071,-1654.01017542695,2720.25241296378,-37.0508314665802,-95.2361508975196,-163.908071786165,-59.6306653022767,-1.0471975511966,0.900444495817682,,,,,,,,,,0.5,0.5,0.230407477727472,0.526136007255528,0.621696035242291,0.284526854219949,0.317173096620007,0.642835776248878,0.6800878477306,0.257009345794392
1767329377,973631348,947_1767329377-973631348.png,-385880,407754,0,0,-3.6944699754902,3.90389476102941,158.06,1774.5,-426,-572,-1205,1683,-36,-99,-464.430812465465,-854.821734678659,-1592.40551853201,2577.80611472613,-40.051428577846,-96.1980099328826,-161.057498008013,-55.9304988384248,-1.0471975511966,0.900444495817682,,,,,,,,,,0.5,0.5,0.263166350226376,0.513379499741479,0.548458149779736,0.429028132992327,0.367702287470126,0.542028118456476,0.764275256222548,0.327102803738318
1767329378,6979736,948_1767329378-6979736.png,-385880,407754,0,0,-3.6944699754902,3.90389476102941,185.35,1752.27,-333,-421,-1006,1471,-75,-89,-447.760976818312,-795.520548488484,-1512.10676690929,2421.75959883177,-44.0926616843559,-95.4196443820358,-157.538829118013,-49.414262533188,-1.0471975511966,0.900444495817682,,,,,,,,,,0.5,0.5,0.303023221848985,0.494537163393485,0.599669603524229,0.525575447570332,0.435643564356436,0.478612025127131,0.735724743777452,0.373831775700934
1767329378,73677734,949_1767329378-73677734.png,-385880,407754,0,0,-3.6944699754902,3.90389476102941,257.01,1670.57,-130,-122,-661,989,-107,-58,-374.728148361009,-644.038267142626,-1339.83592371204,2102.84782226721,-53.1013496859549,-87.440221030708,-149.960871994495,-23.769155740738,-1.0471975511966,0.900444495817682,,,,,,,,,,0.5,0.5,0.407682196582445,0.425287551174361,0.711453744493392,0.716751918158568,0.553431205189485,0.334430152557583,0.712298682284041,0.518691588785047
1767329378,107027344,950_1767329378-107027344.png,-385880,407754,0,0,-3.6944699754902,3.90389476102941,301.3,1658.38,-369,-126,-543,741,-71,-41,-373.890453476492,-568.279404239679,-1223.30518200909,1903.68870795913,-55.7188810177015,-80.6487182375769,-146.342846035957,-8.93152117729199,-1.0471975511966,0.900444495817682,,,,,,,,,,0.5,0.5,0.472367460201548,0.414955203892218,0.579845814977974,0.714194373401535,0.593717992488904,0.260245288662878,0.738653001464129,0.598130841121495
1767329378,140375732,951_1767329378-140375732.png,-385880,407754,0,0,-3.6944699754902,3.90389476102941,348.47,1658.38,-362,-75,-519,537,-72,-32,-372.151571830262,-496.141322694533,-1120.3063050729,1703.82165368073,-58.0998616114516,-73.53424077688,-139.265505671501,2.7909982204436,-1.0471975511966,0.889512664512794,,,,,,,,,,0.5,0.5,0.541258945523587,0.414955203892218,0.583700440528634,0.746803069053709,0.601911915329464,0.199222255459168,0.73792093704246,0.64018691588785
1767329378,173725098,952_1767329378-173725098.png,-385880,407754,0,0,-3.6944699754902,3.90389476102941,440.96,1496.45,80,-56,-423,366,-60,-64,-318.886863488815,-424.120381480516,-979.924433584067,1450.39624917897,-63.8310596251731,-67.38542019116,-129.88334107399,17.8861241340636,-1.0471975511966,0.894067977563543,,,,,,,,,,0.5,0.5,0.676340002920987,0.277701963908831,0.827092511013216,0.758951406649616,0.634687606691704,0.148070595273706,0.746705710102489,0.490654205607477
1767329378,240423096,953_1767329378-240423096.png,-385880,407754,0,0,-3.6944699754902,3.90389476102941,480.48,1446.71,200,-6,-381,320,14,-81,-222.133255911637,-343.712818882084,-863.1971097027,1228.34702176345,-52.2484537022263,-69.1993085385988,-122.658718466759,26.8183658123015,-1.0471975511966,0.893433950867516,,,,,,,,,,0.5,0.5,0.734058711844603,0.235541918477017,0.893171806167401,0.790920716112532,0.649026971662684,0.134310499551301,0.800878477306003,0.411214953271028
1767329378,273771484,954_1767329378-273771484.png,-385880,407754,0,0,-3.6944699754902,3.90389476102941,515.26,1404.58,141,109,-553,265,36,-68,-178.988170057478,-289.924483278091,-826.34154576864,1113.88851573379,-41.763357530242,-69.0568146495894,-115.336881786585,35.1411969661711,-1.0471975511966,0.905860342438853,,,,,,,,,,0.5,0.5,0.784854680882138,0.199832173522407,0.86068281938326,0.864450127877238,0.590303857972004,0.117858211187556,0.816983894582723,0.47196261682243
1767329378,307121094,955_1767329378-307121094.png,-385880,407754,0,0,-3.6944699754902,3.90389476102941,576.63,1340.05,-33,172,-286,148,-278,-25,-123.195611223256,-202.176053071748,-727.160543550618,881.34255288659,-78.9854711286363,-60.5141917877119,-96.990696489811,49.7462725639342,-1.0471975511966,0.917170499249135,,,,,,,,,,0.5,0.5,0.874485175989484,0.145135998779444,0.764867841409692,0.904731457800512,0.681461249573233,0.0828597068501346,0.587115666178624,0.672897196261682
1767329378,340469482,956_1767329378-340469482.png,-385880,407754,0,0,-3.6944699754902,3.90389476102941,597.48,1305.73,-78,234,-216,130,-203,-12,-117.790378701355,-164.512081941985,-682.943949790774,813.869197141202,-92.4006835647742,-56.5033255107951,-90.9679697155953,60.2332060337066,-1.0471975511966,0.937214031923761,,,,,,,,,,0.5,0.5,0.904936468526362,0.116046075996576,0.740088105726872,0.944373401534527,0.705360191191533,0.0774753215674544,0.642020497803807,0.733644859813084
1767329378,373818848,957_1767329378-373818848.png,-385880,407754,0,0,-3.6944699754902,3.90389476102941,612.95,1303.58,30,117,-478,154,-73,-28,-97.0575962894336,-99.2830760813867,-621.354774220543,680.928885414485,-98.9159928931695,-49.567579192802,-88.6683406233788,60.020134449005,-1.0471975511966,0.947374744144249,,,,,,,,,,0.5,0.5,0.927530305243172,0.114223717780283,0.799559471365639,0.869565217391304,0.615909866848754,0.0846545019443614,0.737188872620791,0.658878504672897
1767329378,407167480,958_1767329378-407167480.png,-385880,407754,0,0,-3.6944699754902,3.90389476102941,625.17,1302.64,-135,239,-460,196,-155,-31,-98.0806672419727,-53.1582126508369,-598.251669399355,608.860003783238,-104.86868706196,-46.8522224793571,-88.3296823799611,57.3992249965667,-1.0471975511966,0.957553804231286,,,,,,,,,,0.5,0.5,0.945377537607711,0.11342696581595,0.708700440528634,0.947570332480818,0.622055308979174,0.0972180676039486,0.677159590043924,0.644859813084112
1767329378,440516846,959_1767329378-440516846.png,-385880,407754,0,0,-3.6944699754902,3.90389476102941,635.46,1302.51,-96,128,-265,204,-305,-40,-97.7763866620829,-26.6653045657686,-549.516336248275,549.652536947479,-134.136256006409,-45.8501409415251,-88.3296823799611,57.3992249965667,-1.0471975511966,0.968135514764993,,,,,,,,,,0.5,0.5,0.960406017233825,0.1133167767145,0.730176211453745,0.876598465473146,0.688630932058723,0.0996111277295842,0.567349926793558,0.602803738317757
1767329378,473865234,960_1767329378-473865234.png,-385880,407754,0,0,-3.6944699754902,3.90389476102941,652.42,1304.77,-164,75,-102,142,-359,-26,-107.461048900411,-11.7975846325153,-484.070729398294,490.036684958422,-167.020740866991,-43.753025742165,-82.9581665098668,63.8525571823119,-1.0471975511966,0.971778825431964,,,,,,,,,,0.5,0.5,0.985175989484446,0.115232371862789,0.69273127753304,0.842710997442455,0.744281324684193,0.0810649117559079,0.527818448023426,0.66822429906542
1767329378,507214844,961_1767329378-507214844.png,-385880,407754,0,0,-3.6944699754902,3.90389476102941,654.98,1302.27,-152,-131,-586,42,-25,-17,-107.297830802821,-18.9847199497877,-458.916997998522,426.587053131536,-172.15226529698,-40.8766502511238,-82.9581665098668,63.8525571823119,-1.0471975511966,0.971778825431964,,,,,,,,,,0.5,0.5,0.988914853220388,0.113113350681053,0.699339207048458,0.710997442455243,0.579037214066234,0.0511516601854622,0.772327964860908,0.710280373831776
1767329378,540563232,962_1767329378-540563232.png,-385880,407754,0,0,-3.6944699754902,3.90389476102941,656.16,1300.22,-190,38,-479,14,19,-1,-115.017973429189,-30.1056219773942,-474.171288431083,369.472791230293,-149.262873014003,-36.8868576165437,-80.2109110951424,62.4113507270812,-1.0471975511966,0.971778825431964,,,,,,,,,,0.5,0.5,0.990638235723674,0.11137575331203,0.6784140969163,0.819053708439898,0.615568453397064,0.0427759497457374,0.804538799414348,0.785046728971963
1767329378,607261475,963_1767329378-607261475.png,-385880,407754,0,0,-3.6944699754902,3.90389476102941,658.18,1296.69,-70,103,-392,101,-109,-15,-121.450890573878,-0.162954234126472,-473.465042574415,289.087366969439,-114.104326409678,-28.6644154253058,-84.0631080269814,65.4212913513182,-1.0471975511966,0.971778825431964,,,,,,,,,,0.5,0.5,0.993588432890317,0.108383695403419,0.744493392070485,0.860613810741688,0.645271423694094,0.0688004786120251,0.710834553440703,0.719626168224299
1767329378,640610840,964_1767329378-640610840.png,-385880,407754,0,0,-3.6944699754902,3.90389476102941,658.94,1294.6,-53,70,-493,85,-86,-26,-113.397463913315,13.896602659928,-464.695245520174,261.083099026547,-112.64194561572,-27.0085003629806,-79.71828186512,64.9865508079528,-1.0471975511966,0.971778825431964,,,,,,,,,,0.5,0.5,0.994698408061925,0.106612193695488,0.753854625550661,0.839514066496164,0.610788665073404,0.0640143583607538,0.727672035139092,0.66822429906542
1767329378,673959473,965_1767329378-673959473.png,-385880,407754,0,0,-3.6944699754902,3.90389476102941,659.51,1293.55,-95,-9,-485,79,-61,-25,-105.872151040614,19.6422544090781,-468.585570708687,235.145624457465,-107.967610570623,-26.7997308417291,-76.7756891548634,64.257206916809,-1.0471975511966,0.971778825431964,,,,,,,,,,0.5,0.5,0.995530889440631,0.105722204799159,0.730726872246696,0.789002557544757,0.613519972686924,0.0622195632665271,0.74597364568082,0.672897196261682
1767329378,707309082,966_1767329378-707309082.png,-385880,407754,0,0,-3.6944699754902,3.90389476102941,660.02,1292.57,90,-121,-175,171,-215,-49,-81.7328593451553,0.647835147901465,-435.012741484741,215.071548012837,-116.938790893159,-29.2938898870217,-82.8504972159863,64.6071200370787,-1.0471975511966,0.971778825431964,,,,,,,,,,0.5,0.5,0.996275741200526,0.104891548495919,0.832599118942731,0.717391304347826,0.719358142710823,0.0897397547113371,0.633235724743777,0.560747663551402
1767329378,740657471,967_1767329378-740657471.png,-385880,407754,0,0,-3.6944699754902,3.90389476102941,660.2,1291.84,74,-92,-353,217,-264,-44,-58.51934607061,-13.6965788489755,-418.13678283669,214.091859305556,-137.101296444639,-31.5816805934485,-85.0084937810898,67.0696945190428,-1.0471975511966,0.971778825431964,,,,,,,,,,0.5,0.5,0.996538630056959,0.104272794310852,0.823788546255507,0.735933503836317,0.658586548310004,0.103499850433742,0.597364568081991,0.58411214953271
1767329378,807355713,968_1767329378-807355713.png,-385880,407754,0,0,-3.6944699754902,3.90389476102941,660.58,1290.11,-149,15,-459,185,-165,-38,-67.9630929144747,-5.00977306424083,-418.585544904582,202.210233216741,-143.747409159769,-30.1457683619356,-84.8300406932831,67.2913634777068,-1.0471975511966,0.971778825431964,,,,,,,,,,0.5,0.5,0.997093617642763,0.102806431653091,0.700991189427313,0.804347826086956,0.622396722430864,0.0939276099311995,0.669838945827233,0.61214953271028
1767329378,840705078,969_1767329378-840705078.png,-385880,407754,0,0,-3.6944699754902,3.90389476102941,660.8,1287.05,-131,101,-399,159,-163,-29,-79.8289690930227,8.66619623218278,-418.441028478965,196.146872867224,-147.182581357499,-30.4337890664033,-85.1950642764569,66.7064554691313,-1.0471975511966,0.97402083221865,,,,,,,,,,0.5,0.5,0.997414926245071,0.100212749726646,0.710903083700441,0.859335038363171,0.642881529532264,0.0861501645228836,0.671303074670571,0.654205607476635
1767329378,874053711,970_1767329378-874053711.png,-385880,407754,0,0,-3.6944699754902,3.90389476102941,661.03,1283.96,3,163,-401,136,-72,-26,-69.0757640490884,33.6899968237351,-415.37378111207,186.363717279037,-136.608086409782,-29.747281137075,-88.443196207285,63.6326076984404,-1.0471975511966,0.981304654504633,,,,,,,,,,0.5,0.5,0.997750839783847,0.097593639546021,0.784691629955947,0.898976982097187,0.642198702628884,0.0792701166616811,0.73792093704246,0.66822429906542
1767329378,907403320,971_1767329378-907403320.png,-385880,407754,0,0,-3.6944699754902,3.90389476102941,660.99,1282.98,-191,99,-495,109,-71,-15,-78.8815609334232,54.1222639754735,-417.758249649272,174.332371649316,-124.600733126335,-28.425558589034,-88.3275393843651,63.7999699115752,-1.0471975511966,0.976068905847111,,,,,,,,,,0.5,0.5,0.997692420037973,0.0967629832427804,0.677863436123348,0.858056265984655,0.610105838170024,0.0711935387376608,0.738653001464129,0.719626168224299
1767329378,940751709,972_1767329378-940751709.png,-385880,407754,0,0,-3.6944699754902,3.90389476102941,661,1281.57,-213,79,-596,100,-54,-22,-96.6262272321185,59.4595744032025,-435.243967478422,164.226484958081,-115.720226011233,-26.8911724616662,-77.752440571785,70.4560568332671,-1.0471975511966,0.97421361670491,,,,,,,,,,0.5,0.5,0.997707024974441,0.0955678552962814,0.665748898678414,0.845268542199488,0.575623079549334,0.0685013460963207,0.751098096632504,0.686915887850467
1767329378,974101318,973_1767329378-974101318.png,-385880,407754,0,0,-3.6944699754902,3.90389476102941,660.94,1280.49,-224,89,-703,116,-34,-18,-114.319070871464,62.9300478039733,-465.310674065557,156.281946034156,-104.884072852534,-25.8138635596493,-86.7946481406689,66.8344130516051,-1.0471975511966,0.980738817668286,,,,,,,,,,0.5,0.5,0.99761939535563,0.0946524381457717,0.659691629955947,0.851662404092072,0.539091840218505,0.073287466347592,0.765739385065886,0.705607476635514
1767329379,40799316,974_1767329379-40799316.png,-385880,407754,0,0,-3.6944699754902,3.90389476102941,660.95,1280.52,-262,101,-571,178,-196,-18,-154.793753000605,66.2157928236811,-502.059994658295,151.04093130534,-105.497864475851,-23.1316658916341,-86.3720234334469,65.8770954608916,-1.0471975511966,0.981796676772837,,,,,,,,,,0.5,0.5,0.997634000292099,0.0946778663999525,0.638766519823789,0.859335038363171,0.584158415841584,0.0918336823212683,0.647144948755491,0.705607476635514
1767329379,74147705,975_1767329379-74147705.png,-385880,407754,0,0,-3.6944699754902,3.90389476102941,660.88,1281.73,-319,140,-499,177,-182,-15,-159.904956384189,68.5124538598233,-501.964747033208,151.848952206928,-107.879125731666,-22.8785537294662,-80.4763178527356,67.9893269538878,-1.0471975511966,0.981687882616955,,,,,,,,,,0.5,0.5,0.997531765736819,0.0957034726519127,0.607378854625551,0.884271099744245,0.608740184363264,0.0915345498055639,0.657393850658858,0.719626168224299
1767329379,107497314,976_1767329379-107497314.png,-385880,407753,0,-50,-3.6944699754902,3.90388518688725,661.01,1282.38,-343,-3,-716,142,-238,-18,-188.870039318614,72.1029876293441,-514.75114472146,154.050508455815,-124.120374563994,-21.7008631920183,-85.251171797514,67.4843745231627,-1.0471975511966,0.980143760886164,,,,,,,,,,0.5,0,0.99772162991091,0.0962544181591641,0.594162995594714,0.792838874680307,0.534653465346535,0.0810649117559079,0.616398243045388,0.705607476635514
1767329379,140845947,977_1767329379-140845947.png,-385880,407753,0,0,-3.6944699754902,3.90388518688725,661.13,1282.06,-264,-102,-880,131,-161,-10,-206.568804216002,55.052615539428,-554.232817061854,151.614089640448,-136.055426047791,-20.669365514421,-78.8915401399136,67.9913330078124,-1.0471975511966,0.978233147508599,,,,,,,,,,0.5,0,0.997896889148532,0.0959831834479018,0.637665198237885,0.729539641943734,0.478661659269375,0.0777744540831588,0.672767203513909,0.742990654205607
1767329379,174195313,978_1767329379-174195313.png,-385880,407754,0,50,-3.6944699754902,3.90389476102941,661.37,1282.17,-137,-93,-704,114,-222,-14,-201.404566033383,28.9806483038883,-589.619617107917,146.031806974593,-147.613876247558,-19.3007763011145,-88.807180762291,61.5305497646331,-1.0471975511966,0.977186716820592,,,,,,,,,,0.5,0.5,0.998247407623777,0.0960764203798982,0.707599118942731,0.735294117647059,0.538750426766815,0.0726892013161831,0.628111273792094,0.724299065420561
1767329379,207543945,979_1767329379-207543945.png,-385880,407754,0,0,-3.6944699754902,3.90389476102941,661.47,1281.82,-66,-23,-554,143,-159,-31,-179.891222859692,18.137304235121,-587.450163504219,144.737194339154,-151.255792674442,-20.870825618199,-76.3347515761853,68.7891693115233,-1.0471975511966,0.977186716820592,,,,,,,,,,0.5,0.5,0.998393456988462,0.0957797574144551,0.746696035242291,0.780051150895141,0.589962444520314,0.0813640442716123,0.674231332357247,0.644859813084112
1767329379,240893311,980_1767329379-240893311.png,-385880,407754,0,0,-3.6944699754902,3.90389476102941,661.47,1281.79,-77,-18,-545,148,-174,-26,-160.239618462753,2.95262036894907,-575.946879493784,147.746885164387,-160.567932230435,-23.2325368295752,-76.3362451791764,68.7923216819762,-1.0471975511966,0.977186716820592,,,,,,,,,,0.5,0.5,0.998393456988462,0.0957543291602744,0.740638766519824,0.783248081841432,0.593035165585524,0.0828597068501346,0.663250366032211,0.66822429906542
1767329379,274241943,981_1767329379-274241943.png,-385880,407754,0,0,-3.6944699754902,3.90389476102941,661.52,1281.2,-62,-52,-502,129,-143,-31,-147.599603600159,-1.16983791762234,-570.082701925452,147.192493285682,-161.567333762934,-23.7928893471715,-87.1551259756089,66.4810609817504,-1.0471975511966,0.977186716820592,,,,,,,,,,0.5,0.5,0.998466481670805,0.0952542401613846,0.748898678414097,0.76150895140665,0.607715944008194,0.0771761890517499,0.685944363103953,0.644859813084112
1767329379,340939941,982_1767329379-340939941.png,-385880,407754,0,0,-3.6944699754902,3.90389476102941,661.54,1280.06,-313,245,-398,-31,-190,21,-168.848918867498,36.7019138120558,-547.154902693467,112.940254801571,-141.295982507395,-19.6285295768038,-82.4259892702103,65.3176929950713,-1.0471975511966,0.977186716820592,,,,,,,,,,0.5,0.5,0.998495691543742,0.094287966502513,0.61068281938326,0.951406649616368,0.643222942983954,0.0293149865390368,0.651537335285505,0.88785046728972
1767329379,374289307,983_1767329379-374289307.png,-385880,407754,0,0,-3.6944699754902,3.90389476102941,661.54,1280.06,-313,245,-398,-31,-190,21,-173.335870534047,43.185551934068,-542.512198428216,108.459865469133,-142.811979270924,-18.3638963388019,-82.4059230387211,65.3542318344115,-1.0471975511966,0.977186716820592,,,,,,,,,,0.5,0.5,0.998495691543742,0.094287966502513,0.61068281938326,0.951406649616368,0.643222942983954,0.0293149865390368,0.651537335285505,0.88785046728972
1767329379,407637939,984_1767329379-407637939.png,-385880,407754,0,0,-3.6944699754902,3.90389476102941,661.69,1279.91,-162,54,-314,-21,-201,10,-185.229700299253,61.2186013238342,-522.727571889734,92.2014361802918,-148.760941053426,-14.0293331839889,-57.3919043540955,73.1130752563475,-1.0471975511966,0.977186716820592,,,,,,,,,,0.5,0.5,0.99871476559077,0.0941608252316092,0.693832599118943,0.829283887468031,0.671901672925913,0.0323063116960814,0.643484626647145,0.836448598130841
1767329379,440987549,985_1767329379-440987549.png,-385880,407754,0,0,-3.6944699754902,3.90389476102941,661.8,1279.97,-52,-248,-589,115,-163,-30,-175.09124211057,41.6549951641598,-509.056131237994,83.98135485547,-154.07166226572,-12.9666229908131,-88.9025765359402,66.5418157577513,-1.0471975511966,0.977186716820592,,,,,,,,,,0.5,0.5,0.998875419891923,0.0942116817399706,0.754405286343612,0.636189258312021,0.578012973711164,0.0729883338318875,0.671303074670571,0.649532710280374
1767329379,474335938,986_1767329379-474335938.png,-385880,407754,0,0,-3.6944699754902,3.90389476102941,661.75,1279.98,102,-195,-467,195,-111,-47,-139.881467402237,-3.60547765189388,-511.830298458539,96.5821874316687,-150.908432850581,-17.4488353836494,-88.9099146723748,66.5352244377135,-1.0471975511966,0.977186716820592,,,,,,,,,,0.5,0.5,0.998802395209581,0.0942201578246976,0.83920704845815,0.670076726342711,0.619665414817344,0.0969189350882441,0.709370424597365,0.570093457943925
1767329379,507685547,987_1767329379-507685547.png,-385880,407754,0,0,-3.6944699754902,3.90389476102941,661.88,1279.81,24,-13,-372,215,-154,-46,-118.202005746729,-9.87402776257672,-497.906005688854,110.085613913135,-150.058437659452,-20.8694051102572,-80.2716942429543,68.2642996311187,-1.0471975511966,0.971099720249252,,,,,,,,,,0.5,0.5,0.998992259383672,0.0940760643843396,0.79625550660793,0.786445012787724,0.652099692727894,0.102901585402333,0.677891654465593,0.574766355140187
1767329379,541033936,988_1767329379-541033936.png,-385880,407754,0,0,-3.6944699754902,3.90389476102941,662,1279.49,-10,136,-656,141,-89,-23,-97.6668035657839,7.28894468571676,-509.890364113561,119.42436437094,-143.016735730988,-22.4796797315878,-84.0222612321377,67.177734851837,-1.0471975511966,0.978916408152399,,,,,,,,,,0.5,0.5,0.999167518621294,0.0938048296730775,0.777533039647577,0.881713554987212,0.555138272447934,0.0807657792402034,0.725475841874085,0.682242990654206
1767329379,574383545,989_1767329379-574383545.png,-385880,407754,0,0,-3.6944699754902,3.90389476102941,661.99,1279.27,66,127,-727,131,-102,-17,-75.8164338893826,25.0425643055843,-539.69345354348,121.391491055948,-136.661803390567,-21.842892099184,-83.9998571872712,67.2181425094603,-1.0471975511966,0.979608728514141,,,,,,,,,,0.5,0.5,0.999152913684825,0.0936183558090847,0.819383259911894,0.875959079283888,0.530897917377945,0.0777744540831588,0.715959004392387,0.710280373831776
1767329379,607732178,990_1767329379-607732178.png,-385880,407754,0,0,-3.6944699754902,3.90389476102941,661.85,1279.11,90,76,-676,121,-106,-26,-56.1152245957652,31.0969889614146,-555.888493666111,121.344976684309,-133.018771202815,-22.3368120978782,-87.3057201206685,65.7785122394561,-1.0471975511966,0.978709258261418,,,,,,,,,,0.5,0.5,0.998948444574266,0.0934827384534534,0.832599118942731,0.843350383631713,0.548310003414135,0.0747831289261143,0.71303074670571,0.66822429906542
1767329379,641081787,991_1767329379-641081787.png,-385880,407755,0,50,-3.6944699754902,3.90390433517157,661.91,1278.9,-73,-26,-581,131,-84,-17,-54.7015168307317,23.9403049730929,-562.752773423711,122.747777286872,-125.13216079628,-21.6536950611372,-87.2766922712327,65.7988593578337,-1.0471975511966,0.978709258261418,,,,,,,,,,0.5,1,0.999036074193077,0.0933047406741879,0.74284140969163,0.778132992327366,0.580744281324684,0.0777744540831588,0.729136163982431,0.710280373831776
1767329379,707779785,992_1767329379-707779785.png,-385880,407755,0,0,-3.6944699754902,3.90390433517157,662.06,1278.7,-50,51,-559,124,-55,-23,-51.3906376613383,19.9121398159834,-557.036832966693,121.375518932533,-110.990314776233,-22.7855053508517,-81.4101444184781,69.9115564823149,-1.0471975511966,0.978709258261418,,,,,,,,,,0.5,1,0.999255148240105,0.0931352189796489,0.755506607929515,0.827365728900256,0.588255377261864,0.0756805264732277,0.750366032210835,0.682242990654206
1767329379,741128418,993_1767329379-741128418.png,-385880,407754,0,0,-3.6944699754902,3.90389476102941,661.92,1278.55,-117,99,-470,82,-63,-9,-57.0773896055181,44.2557003098787,-539.272717454005,112.965595463638,-95.4714879962167,-19.7145124822557,-84.0231703817845,69.2276353836058,-1.0471975511966,0.978709258261418,,,,,,,,,,0.5,0.5,0.999050679129546,0.0930080777087449,0.718612334801762,0.858056265984655,0.618641174462274,0.0631169608136405,0.744509516837482,0.747663551401869
1767329379,774478027,994_1767329379-774478027.png,-385880,407754,0,0,-3.6944699754902,3.90389476102941,661.92,1278.55,-117,99,-470,82,-63,-9,-58.9425844723283,45.9597113016718,-537.116484336746,112.00173775907,-94.460756782581,-19.3810047536919,-89.190257459879,64.3626680374144,-1.0471975511966,0.978709258261418,,,,,,,,,,0.5,0.5,0.999050679129546,0.0930080777087449,0.718612334801762,0.858056265984655,0.618641174462274,0.0631169608136405,0.744509516837482,0.747663551401869
1767329379,807826660,995_1767329379-807826660.png,-385880,407754,0,0,-3.6944699754902,3.90389476102941,662.06,1279.04,-104,103,-477,130,-75,-16,-67.9116643872308,65.3709537081157,-520.938187315185,114.397680695746,-88.6097913817119,-17.3838013780647,-80.4787206053734,71.318086862564,-1.0471975511966,0.978709258261418,,,,,,,,,,0.5,0.5,0.999255148240105,0.093423405860365,0.725770925110132,0.860613810741688,0.616251280300444,0.0774753215674544,0.735724743777452,0.714953271028037
1767329379,874524658,996_1767329379-874524658.png,-385880,407754,0,0,-3.6944699754902,3.90389476102941,662.14,1279,-113,51,-646,132,-79,-17,-73.0139746859608,65.135593770084,-531.012872848027,116.489071570173,-87.4680196837063,-17.3382006429683,-88.1594765782357,69.0336213111876,-1.0471975511966,0.978709258261418,,,,,,,,,,0.5,0.5,0.999371987731853,0.0933895015214573,0.720814977973568,0.827365728900256,0.558552406964834,0.0780735865988633,0.732796486090776,0.710280373831776
1767329379,907874268,997_1767329379-907874268.png,-385880,407754,0,0,-3.6944699754902,3.90389476102941,662.15,1278.93,-63,21,-557,96,16,-22,-64.5598503634224,48.0128576159514,-538.004373798499,111.885430255996,-67.32935485574,-18.3719858193462,-79.3905983567238,71.2935843467711,-1.0471975511966,0.978709258261418,,,,,,,,,,0.5,0.5,0.999386592668322,0.0933301689283686,0.748348017621145,0.808184143222506,0.588938204165244,0.0673048160335028,0.802342606149341,0.686915887850467
1767329379,941222900,998_1767329379-941222900.png,-385880,407754,0,0,-3.6944699754902,3.90389476102941,662.12,1278.8,-101,119,-587,109,-54,-24,-66.7474923291198,51.5739827042909,-541.562086294746,111.24443924102,-64.0776587446763,-18.8229037896672,-88.2396765649319,65.4055294990538,-1.0471975511966,0.978709258261418,,,,,,,,,,0.5,0.5,0.999342777858916,0.0932199798269183,0.727422907488987,0.870843989769821,0.578695800614544,0.0711935387376608,0.751098096632504,0.677570093457944
1767329379,974572510,999_1767329379-974572510.png,-385880,407754,0,0,-3.6944699754902,3.90389476102941,662.09,1278.47,-130,155,-555,140,-108,-29,-73.5338946162858,63.6407317595784,-546.245903108639,112.816030483808,-65.913251110077,-19.8864347262837,-52.8390128016472,77.7290053367613,-1.0471975511966,0.978709258261418,,,,,,,,,,0.5,0.5,0.999298963049511,0.0929402690309292,0.711453744493392,0.89386189258312,0.589621031068624,0.080466646724499,0.711566617862372,0.654205607476635
1767329380,7920898,1000_1767329380-7920898.png,-385880,407754,0,0,-3.6944699754902,3.90389476102941,662.19,1278.57,-238,188,-591,79,-118,3,-93.0665732086592,82.4157461471852,-551.016889853266,111.993142419498,-74.0915741399669,-17.6593815884443,-81.5693105459214,70.2346744537352,-1.0471975511966,0.980662081675382,,,,,,,,,,0.5,0.5,0.999445012414196,0.0930250298781986,0.651982378854625,0.914961636828645,0.577330146807784,0.0622195632665271,0.704245973645681,0.803738317757009
1767329380,41270508,1001_1767329380-41270508.png,-385880,407754,0,0,-3.6944699754902,3.90389476102941,662.12,1278.55,-277,191,-429,49,-159,11,-118.895623834492,98.2130204957355,-537.616327028085,103.603763880321,-85.3841707459868,-13.6876089107637,-86.4493660926819,68.6828484535216,-1.0471975511966,0.979228944437169,,,,,,,,,,0.5,0.5,0.999342777858916,0.0930080777087449,0.630506607929515,0.916879795396419,0.632639125981564,0.0532455877953934,0.674231332357247,0.841121495327103
1767329380,74619141,1002_1767329380-74619141.png,-385880,407754,0,0,-3.6944699754902,3.90389476102941,662.09,1278.28,-172,193,-393,80,-179,6,-129.541692902512,112.019984686618,-517.454795550878,99.301624128575,-98.5261515469839,-10.6713147164494,-86.4607954025269,68.6741077899932,-1.0471975511966,0.975043265240012,,,,,,,,,,0.5,0.5,0.999298963049511,0.0927792234211172,0.688325991189427,0.918158567774936,0.644930010242404,0.0625186957822315,0.659590043923865,0.817757009345794
1767329380,107968506,1003_1767329380-107968506.png,-385880,407754,0,0,-3.6944699754902,3.90389476102941,661.95,1277.93,-124,-40,-357,226,-212,-24,-145.169890428748,97.4658485951533,-498.394955818647,110.755730694534,-110.910128250573,-11.2744542429713,-83.174349308014,69.2484123706816,-1.0471975511966,0.989672088917039,,,,,,,,,,0.5,0.5,0.999094493938951,0.0924825604556744,0.714757709251101,0.769181585677749,0.657220894503243,0.106192043075082,0.635431918008785,0.677570093457944
1767329380,141317139,1004_1767329380-141317139.png,-385880,407754,0,0,-3.6944699754902,3.90389476102941,661.86,1277.9,-155,-71,-425,201,-197,-21,-143.411205628239,71.8096559288025,-478.126922416088,129.139730437463,-127.460860018249,-13.2897851087342,-84.540021955967,69.0485234260558,-1.0471975511966,0.98485627484337,,,,,,,,,,0.5,0.5,0.998963049510735,0.0924571322014937,0.697687224669604,0.749360613810742,0.634004779788324,0.0987137301824708,0.646412884333821,0.691588785046729
1767329380,208015137,1005_1767329380-208015137.png,-385880,407754,0,0,-3.6944699754902,3.90389476102941,661.76,1277.61,-166,89,-603,107,-101,-23,-146.409481805139,61.61038328132,-485.055375362542,130.389915878615,-128.072289166888,-14.8598644079939,-82.6545754671097,69.4563255310057,-1.0471975511966,0.988870333057732,,,,,,,,,,0.5,0.5,0.998817000146049,0.0922113257444121,0.691629955947137,0.851662404092072,0.573233185387504,0.0705952737062519,0.716691068814056,0.682242990654206
1767329380,241364746,1006_1767329380-241364746.png,-385880,407753,0,-50,-3.6944699754902,3.90388518688725,661.78,1277.54,-154,122,-659,122,-91,-14,-147.848674548983,69.5367320912266,-508.957361527437,128.751532383763,-122.925054425553,-14.9809723840694,-87.7816599607468,66.6022839546202,-1.0471975511966,0.976129185915731,,,,,,,,,,0.5,0,0.998846210018986,0.0921519931513236,0.698237885462555,0.872762148337596,0.554114032092864,0.0750822614418187,0.724011713030747,0.724299065420561
1767329380,274713379,1007_1767329380-274713379.png,-385880,407753,0,0,-3.6944699754902,3.90388518688725,661.87,1277.73,-169,89,-652,134,-102,-14,-150.530456172856,73.2882150605513,-530.068177591665,129.189936388208,-119.563223192052,-14.837513189894,-53.8442725539208,76.2714638710021,-1.0471975511966,0.984689544092454,,,,,,,,,,0.5,0,0.998977654447203,0.0923130387611354,0.689977973568282,0.851662404092072,0.556503926254695,0.0786718516302722,0.715959004392387,0.724299065420561
1767329380,308062988,1008_1767329380-308062988.png,-385880,407754,0,50,-3.6944699754902,3.90389476102941,661.86,1277.6,-85,204,-249,64,-226,8,-140.947162505093,92.4037453661548,-488.964253647981,119.656440956052,-135.128731945877,-11.4977135254011,-85.3826088607312,66.6745018959044,-1.0471975511966,0.979803085139608,,,,,,,,,,0.5,0.5,0.998963049510735,0.0922028496596851,0.736233480176211,0.925191815856778,0.694093547285763,0.0577325755309602,0.625183016105417,0.827102803738318
1767329380,341411377,1009_1767329380-341411377.png,-385880,407754,0,0,-3.6944699754902,3.90389476102941,662.04,1277.7,-222,251,-317,59,-306,-2,-146.693697230413,116.812082760216,-444.543214300892,105.83309958777,-167.600914989001,-8.04481443524123,-84.3668938875199,67.7827033996581,-1.0471975511966,0.981607069573126,,,,,,,,,,0.5,0.5,0.999225938367168,0.0922876105069547,0.66079295154185,0.955242966751918,0.670877432570843,0.0562369129524379,0.566617862371889,0.780373831775701
1767329380,374760986,1010_1767329380-374760986.png,-385880,407755,0,50,-3.6944699754902,3.90390433517157,662.03,1277.7,-237,105,-555,124,-146,-25,-159.488829118219,119.089217002052,-454.168643589972,106.707010559348,-168.83051092315,-9.89351723280135,-85.8816021382809,67.7240979671477,-1.0471975511966,0.981607069573126,,,,,,,,,,0.5,1,0.999211333430699,0.0922876105069547,0.652533039647577,0.861892583120205,0.589621031068624,0.0756805264732277,0.683748169838946,0.672897196261682
1767329380,441458984,1011_1767329380-441458984.png,-385880,407754,0,0,-3.6944699754902,3.90389476102941,662.23,1277.44,-72,-43,-617,97,-98,-17,-135.027800742768,80.0958322562016,-486.313215312761,105.473530827044,-145.898026231433,-12.6509247439905,-85.500019043684,66.5390932559966,-1.0471975511966,0.981607069573126,,,,,,,,,,0.5,0.5,0.99950343216007,0.0920672323040542,0.743392070484582,0.767263427109975,0.568453397063844,0.0676039485492073,0.718887262079063,0.710280373831776
1767329380,474807617,1012_1767329380-474807617.png,-385880,407754,0,0,-3.6944699754902,3.90389476102941,662.17,1277.57,-72,57,-846,178,-89,-16,-133.065951456867,79.3769345398741,-497.509088457164,107.731042592949,-144.126976776814,-12.7551705025606,-86.0245334506035,69.5102024078368,-1.0471975511966,0.981607069573126,,,,,,,,,,0.5,0.5,0.999415802541259,0.0921774214055043,0.743392070484582,0.831202046035806,0.490269716626835,0.0918336823212683,0.725475841874085,0.714953271028037
1767329380,508156982,1013_1767329380-508156982.png,-385880,407754,0,0,-3.6944699754902,3.90389476102941,662.17,1277.57,-72,57,-846,178,-89,-16,-127.539255339735,77.3517385954174,-529.048814306518,114.09064503574,-139.137779994761,-13.0488396611738,-86.0387551486493,69.5176534652709,-1.0471975511966,0.981607069573126,,,,,,,,,,0.5,0.5,0.999415802541259,0.0921774214055043,0.743392070484582,0.831202046035806,0.490269716626835,0.0918336823212683,0.725475841874085,0.714953271028037
1767329380,541505615,1014_1767329380-541505615.png,-385880,407754,0,0,-3.6944699754902,3.90389476102941,662.02,1277.45,-15,105,-614,141,-78,-12,-112.644731056991,80.0785049051214,-547.835633116695,119.040771214245,-130.498592352635,-13.0051692628135,-85.6785370707512,67.9583764076232,-1.0471975511966,0.981607069573126,,,,,,,,,,0.5,0.5,0.999196728494231,0.0920757083887812,0.774779735682819,0.861892583120205,0.569477637418914,0.0807657792402034,0.733528550512445,0.733644859813084
1767329380,574854980,1015_1767329380-574854980.png,-385880,407754,0,0,-3.6944699754902,3.90389476102941,661.99,1277.2,-16,128,-627,142,-72,-12,-98.5112289687699,87.0866319244283,-559.412774802754,122.398370789912,-121.943651300686,-12.8581714728707,-85.449171602726,68.3286366462706,-1.0471975511966,0.981607069573126,,,,,,,,,,0.5,0.5,0.999152913684825,0.0918638062706075,0.774229074889868,0.876598465473146,0.565039262546944,0.0810649117559079,0.73792093704246,0.733644859813084
1767329380,608203369,1016_1767329380-608203369.png,-385880,407754,0,0,-3.6944699754902,3.90389476102941,662.17,1274.19,-91,50,-529,115,-63,-15,-97.4127731175905,81.663015095903,-554.96515503619,121.316419525057,-113.323624014829,-13.7469718823759,-85.0031038224698,67.5012826919554,-1.0471975511966,0.981607069573126,,,,,,,,,,0.5,0.5,0.999415802541259,0.0893125047677977,0.732929515418502,0.826726342710998,0.598497780812564,0.0729883338318875,0.744509516837482,0.719626168224299
1767329380,641552734,1017_1767329380-641552734.png,-385880,407754,0,0,-3.6944699754902,3.90389476102941,662.1,1273.46,-45,-205,-726,143,25,-25,-87.0165963983498,58.8905744585826,-563.666329810569,121.606210398323,-95.7763364017524,-14.5763617011501,-87.0434304475785,66.5780680179595,-1.0471975511966,0.981607069573126,,,,,,,,,,0.5,0.5,0.999313567985979,0.0886937505827309,0.758259911894273,0.663682864450128,0.531239330829635,0.0813640442716123,0.808931185944363,0.672897196261682
1767329380,674901123,1018_1767329380-674901123.png,-385880,407754,0,0,-3.6944699754902,3.90389476102941,662.18,1272.76,-33,-249,-884,163,170,-44,-78.6693894271123,9.30375795959004,-606.019859550825,127.11348532837,-61.7811491890524,-18.0973094573747,-58.7499141693116,77.541582584381,-1.0471975511966,0.981607069573126,,,,,,,,,,0.5,0.5,0.999430407477727,0.0881004246518448,0.764867841409692,0.635549872122762,0.477296005462615,0.0873466945857015,0.915080527086384,0.58411214953271
1767329380,708250488,1019_1767329380-708250488.png,-385880,407754,0,0,-3.6944699754902,3.90389476102941,662.2,1271.97,-128,-174,-986,199,114,-49,-79.0652909560412,-16.7898380940097,-645.298644483749,133.583528134906,-39.3106584131459,-21.6274140382177,-84.8019219934941,68.4217748641967,-1.0471975511966,0.97774713049272,,,,,,,,,,0.5,0.5,0.999459617350664,0.0874308139584165,0.712555066079295,0.683503836317136,0.442471833390236,0.0981154651510619,0.874084919472914,0.560747663551402
1767329380,741598877,1020_1767329380-741598877.png,-385880,407754,0,0,-3.6944699754902,3.90389476102941,662.2,1270.34,-245,66,-430,154,-65,-6,-101.42318169708,-15.4431435007531,-638.117235809124,139.541973962307,-34.0836360935124,-21.248874372242,-84.6352229118348,70.0031185150145,-1.0471975511966,0.979741967889545,,,,,,,,,,0.5,0.5,0.999459617350664,0.0860492121479245,0.648127753303965,0.83695652173913,0.632297712529874,0.0846545019443614,0.743045387994144,0.761682242990654
1767329380,774948242,1021_1767329380-774948242.png,-385880,407754,0,0,-3.6944699754902,3.90389476102941,662.14,1269.44,-182,-36,-413,120,-30,1,-114.934875689534,-15.6517130865166,-605.661963621579,137.616687535856,-34.4464337047501,-18.1871575274625,-86.1522040367127,66.7472929954528,-1.0471975511966,0.987646644082532,,,,,,,,,,0.5,0.5,0.999371987731853,0.0852863645224998,0.682819383259912,0.771739130434783,0.638101741208604,0.0744839964104098,0.768667642752562,0.794392523364486
1767329380,808296631,1022_1767329380-808296631.png,-385880,407754,0,0,-3.6944699754902,3.90389476102941,662.06,1269.49,-56,-4,-718,94,24,-5,-121.611041088153,-16.896969845997,-583.277342578752,127.67027651766,-27.0380301768463,-13.6411619995088,-83.9890123307705,70.3464403152465,-1.0471975511966,0.976306947445551,,,,,,,,,,0.5,0.5,0.999255148240105,0.0853287449461345,0.752202643171806,0.792199488491049,0.533970638443155,0.0667065510020939,0.808199121522694,0.766355140186916
1767329380,874994385,1023_1767329380-874994385.png,-385880,407754,0,0,-3.6944699754902,3.90389476102941,662.1,1269.69,-16,115,-565,158,-120,-7,-110.331663398802,4.27570090889819,-613.724863714861,125.69731649584,-27.6279419839816,-12.3689806215743,-84.1963633894921,68.7249755859374,-1.0471975511966,0.980055334026347,,,,,,,,,,0.5,0.5,0.999313567985979,0.0854982666406735,0.774229074889868,0.868286445012788,0.586206896551724,0.0858510320071792,0.702781844802343,0.757009345794392
1767329380,908343750,1024_1767329380-908343750.png,-385880,407754,0,0,-3.6944699754902,3.90389476102941,662.1,1269.69,-16,115,-565,158,-120,-7,-101.794296414567,14.2966624964891,-609.315082016939,128.620829701419,-35.9879573802735,-11.8830678723859,-84.160711735487,68.7658131122588,-1.0471975511966,0.978482438096695,,,,,,,,,,0.5,0.5,0.999313567985979,0.0854982666406735,0.774229074889868,0.868286445012788,0.586206896551724,0.0858510320071792,0.702781844802343,0.757009345794392
1767329380,941692139,1025_1767329380-941692139.png,-385880,407754,0,0,-3.6944699754902,3.90389476102941,662.01,1269.29,-82,88,-633,144,-97,-8,-97.0892641304165,25.8157416215184,-610.913672589429,131.253906077912,-45.541324517684,-11.287772472802,-59.8559596538544,79.5820260047911,-1.0471975511966,0.979062493361711,,,,,,,,,,0.5,0.5,0.999182123557762,0.0851592232515955,0.737885462555066,0.851023017902813,0.562990781836804,0.0816631767873168,0.719619326500732,0.752336448598131
1767329380,975041504,1026_1767329380-975041504.png,-385880,407754,0,0,-3.6944699754902,3.90389476102941,661.89,1269.29,-160,56,-627,129,-110,-18,-104.150025419779,31.1076533721539,-613.430737253418,131.335717598234,-54.9678790185812,-12.2693808929892,-59.8676487207413,79.6053822040557,-1.0471975511966,0.979062493361711,,,,,,,,,,0.5,0.5,0.99900686432014,0.0851592232515955,0.694933920704846,0.830562659846547,0.565039262546944,0.0771761890517499,0.710102489019034,0.705607476635514
1767329381,8389893,1027_1767329381-8389893.png,-385880,407754,0,0,-3.6944699754902,3.90389476102941,661.77,1269.04,-133,-43,-573,105,-112,-28,-108.369098425779,20.2700147111197,-607.518072350222,127.48433412809,-63.3083606172235,-14.5698553789375,-57.6406217217446,79.8420965671538,-1.0471975511966,0.979062493361711,,,,,,,,,,0.5,0.5,0.998831605082518,0.0849473211334221,0.709801762114538,0.767263427109975,0.583475588938204,0.069997008674843,0.708638360175695,0.658878504672897
1767329381,41739258,1028_1767329381-41739258.png,-385880,407754,0,0,-3.6944699754902,3.90389476102941,661.82,1269.23,-124,7,-639,145,-107,-15,-112.261782349727,6.39750751600592,-610.564409950839,127.808090033858,-74.4039482787529,-15.5970418369352,-85.437872171402,71.0786499977111,-1.0471975511966,0.979062493361711,,,,,,,,,,0.5,0.5,0.99890462976486,0.0851083667432341,0.714757709251101,0.79923273657289,0.560942301126664,0.0819623093030213,0.712298682284041,0.719626168224299
1767329381,75087646,1029_1767329381-75087646.png,-385880,407754,0,0,-3.6944699754902,3.90389476102941,661.89,1269.1,-151,107,-600,111,-55,-23,-117.186361737562,18.3669541069682,-610.08916118,126.282611789282,-72.992559217516,-16.4602363067303,-85.373712182045,72.0521593093871,-1.0471975511966,0.979062493361711,,,,,,,,,,0.5,0.5,0.99900686432014,0.0849981776417837,0.69988986784141,0.863171355498721,0.574257425742574,0.0717918037690697,0.750366032210835,0.682242990654206
1767329381,141785400,1030_1767329381-141785400.png,-385880,407754,0,0,-3.6944699754902,3.90389476102941,662.13,1268.95,-264,-16,-696,81,-142,-7,-139.555243773057,15.6964644876655,-622.384802825322,119.254269072206,-82.606186615442,-15.250546315184,-58.3155354559422,80.1286756992339,-1.0471975511966,0.979062493361711,,,,,,,,,,0.5,0.5,0.999357382795385,0.0848710363708797,0.637665198237885,0.784526854219949,0.541481734380335,0.062817828297936,0.686676427525622,0.757009345794392
1767329381,175134766,1031_1767329381-175134766.png,-385880,407754,0,0,-3.6944699754902,3.90389476102941,662.3,1268.93,-150,-70,-758,105,-188,2,-147.494527068413,7.02095592323643,-653.740118069899,117.460087447913,-101.4891710565,-12.2693668131558,-85.7369824051857,70.0931043624877,-1.0471975511966,0.979062493361711,,,,,,,,,,0.5,0.5,0.99960566671535,0.0848540842014257,0.700440528634361,0.75,0.520314100375555,0.069997008674843,0.653001464128843,0.799065420560748
1767329381,208483154,1032_1767329381-208483154.png,-385880,407754,0,0,-3.6944699754902,3.90389476102941,662.38,1269.05,-47,53,-599,129,-142,-17,-138.605630456974,4.8424200736881,-657.367856386207,117.478867825351,-112.276500677477,-11.5229551861825,-85.5678805708886,71.3332755565642,-1.0471975511966,0.979062493361711,,,,,,,,,,0.5,0.5,0.999722506207098,0.0849557972181491,0.75715859030837,0.828644501278772,0.574598839194264,0.0771761890517499,0.686676427525622,0.710280373831776
1767329381,241832520,1033_1767329381-241832520.png,-385880,407754,0,0,-3.6944699754902,3.90389476102941,662.44,1269.21,-163,49,-542,106,-134,-16,-136.557014460436,12.6895923028842,-640.508564076784,116.737202366723,-116.46270563981,-12.3506656789172,-86.3822838366032,67.1830365657805,-1.0471975511966,0.979062493361711,,,,,,,,,,0.5,0.5,0.999810135825909,0.0850914145737801,0.693281938325991,0.826086956521739,0.594059405940594,0.0702961411905474,0.692532942898975,0.714953271028037
1767329381,275180664,1034_1767329381-275180664.png,-385880,407754,0,0,-3.6944699754902,3.90389476102941,662.42,1269.26,-38,-24,-606,122,-108,-6,-124.847123446048,8.33037820147121,-636.40848528874,117.362493088585,-115.457223064354,-11.5961216885574,-85.2135719656945,72.1164963245391,-1.0471975511966,0.993375653120026,,,,,,,,,,0.5,0.5,0.999780925952972,0.0851337949974148,0.762114537444934,0.779411764705882,0.572208945032434,0.0750822614418187,0.711566617862372,0.761682242990654
1767329381,308530029,1035_1767329381-308530029.png,-385880,407754,0,0,-3.6944699754902,3.90389476102941,662.45,1269.43,-76,-56,-648,136,-89,-6,-116.661349455837,-0.199703227040199,-636.951654363944,119.70407775283,-112.109211107413,-10.7777346258987,-87.4456642270089,70.9247570037841,-1.0471975511966,0.985442058564358,,,,,,,,,,0.5,0.5,0.999824740762378,0.0852778884377728,0.741189427312775,0.758951406649616,0.557869580061454,0.0792701166616811,0.725475841874085,0.761682242990654
1767329381,341878418,1036_1767329381-341878418.png,-385880,407754,0,0,-3.6944699754902,3.90389476102941,662.57,1269.5,0,-107,-586,117,-85,-5,-101.68514329104,-14.4195224666899,-631.200955687427,119.829769175169,-108.254424363372,-9.96021661299687,-87.2210393249989,69.4063174724578,-1.0471975511966,0.985442058564358,,,,,,,,,,0.5,0.5,1,0.0853372210308615,0.783039647577093,0.726342710997443,0.579037214066234,0.0735865988632964,0.728404099560761,0.766355140186916
1767329381,375227783,1037_1767329381-375227783.png,-385880,407754,0,0,-3.6944699754902,3.90389476102941,662.43,1269.3,-20,-184,-564,37,-64,-10,-95.3615394004587,-38.9083785078836,-608.677405492459,105.373726341236,-108.682846914261,-11.6673694126421,-83.9290733933449,71.8913884162902,-1.0471975511966,0.985442058564358,,,,,,,,,,0.5,0.5,0.99979553088944,0.0851676993363225,0.772026431718062,0.677109974424552,0.586548310003414,0.0496559976069399,0.743777452415813,0.742990654205607
1767329381,408576172,1038_1767329381-408576172.png,-385880,407754,0,0,-3.6944699754902,3.90389476102941,662.2,1269.39,-76,-185,-570,68,-90,-23,-86.0836269904631,-60.1579691193321,-602.330460440401,96.339556253221,-102.957640682769,-11.8281777422389,-82.9209563136101,73.6094303131102,-1.0471975511966,0.985442058564358,,,,,,,,,,0.5,0.5,0.999459617350664,0.0852439840988651,0.741189427312775,0.676470588235294,0.584499829293274,0.0589291055937781,0.724743777452416,0.682242990654206
1767329381,441925293,1039_1767329381-441925293.png,-385880,407754,0,0,-3.6944699754902,3.90389476102941,662.11,1269.34,-181,79,-620,99,-64,-10,-93.8439007881192,-57.8397517411448,-601.268408835119,94.247628061596,-98.3652493557537,-12.5823048309957,-84.8184165656567,71.5356004238127,-1.0471975511966,0.985442058564358,,,,,,,,,,0.5,0.5,0.999328172922448,0.0852016036752302,0.683370044052863,0.845268542199488,0.567429156708774,0.0682022135806162,0.743777452415813,0.742990654205607
1767329381,475273682,1040_1767329381-475273682.png,-385880,407754,0,0,-3.6944699754902,3.90389476102941,662.15,1269.39,-196,120,-542,77,-77,-9,-110.688115704015,-29.3202329322364,-595.238094512859,92.4550223371334,-93.9709401232004,-12.0172265087091,-84.8165333271027,71.5302987098693,-1.0471975511966,0.985442058564358,,,,,,,,,,0.5,0.5,0.999386592668322,0.0852439840988651,0.67511013215859,0.871483375959079,0.594059405940594,0.0616212982351182,0.734260614934114,0.747663551401869
1767329381,541971680,1041_1767329381-541971680.png,-385880,407754,0,0,-3.6944699754902,3.90389476102941,662.33,1269.35,-242,5,-499,157,-156,-13,-133.811296511808,-6.46163808254028,-580.635844751413,97.5376902538898,-99.1645829299058,-11.380679791701,-83.541970461607,71.1669163703917,-1.0471975511966,0.985442058564358,,,,,,,,,,0.5,0.5,0.999649481524755,0.0852100797599572,0.649779735682819,0.797953964194373,0.608740184363264,0.0855518994914747,0.676427525622255,0.728971962616822
1767329381,575321045,1042_1767329381-575321045.png,-385880,407754,0,0,-3.6944699754902,3.90389476102941,662.32,1269.41,-240,10,-406,150,-96,-2,-149.452002773704,-4.33294855493845,-560.280423139957,105.600041019114,-102.046074650154,-10.6219511561375,-58.1546159684659,79.6307444572448,-1.0471975511966,0.985442058564358,,,,,,,,,,0.5,0.5,0.999634876588287,0.0852609362683191,0.650881057268722,0.801150895140665,0.640491635370434,0.0834579718815435,0.720351390922401,0.780373831775701
1767329381,608669678,1043_1767329381-608669678.png,-385880,407754,0,0,-3.6944699754902,3.90389476102941,662.28,1269.51,-480,6,-564,73,-116,18,-184.41480152043,-2.59888686736598,-552.017760764678,105.124385286543,-103.538153041911,-6.98479386462095,-86.4768353998661,70.9922463893889,-1.0471975511966,0.985442058564358,,,,,,,,,,0.5,0.5,0.999576456842413,0.0853456971155885,0.518722466960353,0.798593350383632,0.586548310003414,0.0604247681723003,0.705710102489019,0.873831775700934
1767329381,642019287,1044_1767329381-642019287.png,-385880,407754,0,0,-3.6944699754902,3.90389476102941,662.3,1269.28,-359,96,-842,12,-28,26,-213.2653033719,9.35183335274324,-586.800182157568,93.1788409115394,-94.9050197647522,-2.38046499097236,-86.128566145897,72.6773316860198,-1.0471975511966,0.985442058564358,,,,,,,,,,0.5,0.5,0.99960566671535,0.0851507471668688,0.585352422907489,0.85613810741688,0.491635370433595,0.0421776847143285,0.7701317715959,0.911214953271028
1767329381,675367920,1045_1767329381-675367920.png,-385880,407754,0,0,-3.6944699754902,3.90389476102941,662.43,1269.29,36,-52,-614,93,-36,-24,-212.57202786387,23.0576505073964,-629.331558813542,82.3617512192385,-81.0592082850824,0.392236450154966,-78.9960923492909,72.0325286388396,-1.0471975511966,0.986931816992307,,,,,,,,,,0.5,0.5,0.99979553088944,0.0851592232515955,0.802863436123348,0.76150895140665,0.569477637418914,0.0664074184863895,0.764275256222548,0.677570093457944
1767329381,708717285,1046_1767329381-708717285.png,-385880,407754,0,0,-3.6944699754902,3.90389476102941,662.41,1269.18,-57,-59,-559,60,-46,-29,-179.115186058922,11.8631954247704,-625.377473528098,82.8903260987015,-74.7809346116926,-3.33056243118716,-78.9960923492909,72.0325286388396,-1.0471975511966,0.990132682392795,,,,,,,,,,0.5,0.5,0.999766321016503,0.0850659863195994,0.751651982378855,0.757033248081841,0.588255377261864,0.0565360454681424,0.756954612005857,0.654205607476635
1767329381,775415527,1047_1767329381-775415527.png,-385880,407754,0,0,-3.6944699754902,3.90389476102941,662.31,1269,-68,-10,-323,24,-161,5,-153.128152881752,1.8464090297778,-582.501480966816,73.4968251827319,-82.0116419163936,-5.02828700110649,-85.8586785793305,72.8402519226073,-1.0471975511966,0.990132682392795,,,,,,,,,,0.5,0.5,0.999620271651818,0.0849134167945144,0.745594713656388,0.788363171355499,0.668828951860703,0.0457672749027819,0.672767203513909,0.813084112149533
1767329381,808763916,1048_1767329381-808763916.png,-385880,407754,0,0,-3.6944699754902,3.90389476102941,662.28,1268.6,-383,16,-500,94,-217,-18,-175.542259594676,-0.301887108781872,-528.265036028313,68.6121308397828,-116.50004798358,-4.75370749666067,-85.243508964777,69.3015727996825,-1.0471975511966,0.990132682392795,,,,,,,,,,0.5,0.5,0.999576456842413,0.0845743734054366,0.572136563876652,0.804987212276215,0.608398770911574,0.0667065510020939,0.631771595900439,0.705607476635514
1767329381,842113525,1049_1767329381-842113525.png,-385880,407754,0,0,-3.6944699754902,3.90389476102941,662.24,1268.77,-326,178,-612,106,-118,-32,-195.032300480116,16.2965985892834,-535.043189120373,72.7145938368314,-119.480917117255,-7.5945963066197,-85.2693547904492,69.2648906707762,-1.0471975511966,0.990132682392795,,,,,,,,,,0.5,0.5,0.999518037096538,0.0847184668457946,0.60352422907489,0.908567774936061,0.570160464322294,0.0702961411905474,0.704245973645681,0.64018691588785
1767329381,875462158,1050_1767329381-875462158.png,-385880,407754,0,0,-3.6944699754902,3.90389476102941,662.06,1268.81,-239,137,-717,120,-49,-21,-206.311432070206,36.23374677329,-555.80038497526,78.8493646223646,-113.019588021885,-9.85674007487045,-59.6003587245942,79.7148554325103,-1.0471975511966,0.990132682392795,,,,,,,,,,0.5,0.5,0.999255148240105,0.0847523711847024,0.651431718061674,0.882352941176471,0.534312051894845,0.0744839964104098,0.754758418740849,0.691588785046729
1767329381,908811523,1051_1767329381-908811523.png,-385880,407754,0,0,-3.6944699754902,3.90389476102941,662.09,1268.83,-181,103,-572,132,-76,-23,-204.200692529037,46.9303332194253,-562.146572634992,86.2930691815472,-106.865207460677,-11.723977510433,-59.5432771146298,79.7801954746245,-1.0471975511966,0.990132682392795,,,,,,,,,,0.5,0.5,0.999298963049511,0.0847693233541561,0.683370044052863,0.860613810741688,0.583817002389894,0.0780735865988633,0.734992679355783,0.682242990654206
1767329381,942160156,1052_1767329381-942160156.png,-385880,407754,0,0,-3.6944699754902,3.90389476102941,662.21,1268.59,-177,155,-542,112,-135,-23,-200.332527374715,61.3083589911533,-560.023154763295,90.6010668761394,-109.361411938934,-13.3730036462618,-59.5432771146298,79.7801954746245,-1.0471975511966,0.990132682392795,,,,,,,,,,0.5,0.5,0.999474222287133,0.0845658973207096,0.68557268722467,0.89386189258312,0.594059405940594,0.0720909362847742,0.691800878477306,0.682242990654206
1767329381,975509521,1053_1767329381-975509521.png,-385880,407754,0,0,-3.6944699754902,3.90389476102941,662.31,1268.65,-138,93,-461,98,-101,-20,-194.030665868963,66.82894759976,-550.550961232262,91.4801590541795,-108.367964409427,-14.1603794153013,-86.507746487856,71.1672029495238,-1.0471975511966,0.990132682392795,,,,,,,,,,0.5,0.5,0.999620271651818,0.0846167538290713,0.70704845814978,0.854219948849105,0.621713895527484,0.0679030810649118,0.716691068814056,0.696261682242991
1767329382,8858154,1054_1767329382-8858154.png,-385880,407754,0,0,-3.6944699754902,3.90389476102941,662.25,1268.48,-158,83,-564,94,-54,-12,-187.272477341328,69.8893197069445,-550.137983360572,92.0219280126368,-100.221292496966,-13.9996277433866,-86.5109934508801,71.1418406963347,-1.0471975511966,0.990132682392795,,,,,,,,,,0.5,0.5,0.999532642033007,0.0844726603887133,0.696035242290749,0.847826086956522,0.586548310003414,0.0667065510020939,0.751098096632504,0.733644859813084
1767329382,75556152,1055_1767329382-75556152.png,-385880,407754,0,0,-3.6944699754902,3.90389476102941,662.31,1268.81,-187,223,-637,150,-38,-5,-185.64112460189,88.9300774902971,-568.714949352194,98.9082023334842,-83.4873914312691,-13.1397841235453,-86.5651527941227,72.4907686710356,-1.0471975511966,0.990132682392795,,,,,,,,,,0.5,0.5,0.999620271651818,0.0847523711847024,0.680066079295154,0.937340153452685,0.561625128030044,0.0834579718815435,0.762811127379209,0.766355140186916
1767329382,108905762,1056_1767329382-108905762.png,-385880,407754,0,0,-3.6944699754902,3.90389476102941,662.22,1268.52,-268,285,-635,113,-12,11,-195.463731984585,115.903136904387,-578.46345321022,101.983865508655,-73.7460845629059,-10.0483932995981,-86.0288194417954,71.1289446353911,-1.0471975511966,0.987698867161526,,,,,,,,,,0.5,0.5,0.999488827223601,0.084506564727621,0.635462555066079,0.976982097186701,0.562307954933424,0.0723900688004786,0.781844802342606,0.841121495327103
1767329382,142254150,1057_1767329382-142254150.png,-385880,407754,0,0,-3.6944699754902,3.90389476102941,662.21,1268.78,-354,314,-577,15,-33,30,-216.28951818992,144.077758915181,-579.840285679767,91.9511748994118,-67.2113050830285,-4.71278376956356,-85.834131538868,71.2576186656951,-1.0471975511966,0.982649453318643,,,,,,,,,,0.5,0.5,0.999474222287133,0.0847269429305216,0.588105726872247,0.995524296675192,0.582109935131444,0.0430750822614418,0.766471449487555,0.929906542056075
1767329382,175603760,1058_1767329382-175603760.png,-385880,407754,0,0,-3.6944699754902,3.90389476102941,662.09,1268.71,105,17,-206,71,-139,-32,-207.097943374531,145.637128392739,-538.613322504897,76.2868328101045,-64.1733900586198,-4.04425339430164,-59.5458097457886,79.5148231983184,-1.0471975511966,0.987630002108358,,,,,,,,,,0.5,0.5,0.999298963049511,0.084667610337433,0.840859030837004,0.805626598465473,0.708774325708433,0.0598265031408914,0.68887262079063,0.64018691588785
1767329382,208952148,1059_1767329382-208952148.png,-385880,407754,0,0,-3.6944699754902,3.90389476102941,662.06,1268.75,0,-35,-427,89,-117,-33,-154.629405148166,115.388226377364,-492.569599831887,76.8661249748329,-77.0401822813512,-9.68576318846831,-85.9884921610356,71.200016260147,-1.0471975511966,0.99354006990524,,,,,,,,,,0.5,0.5,0.999255148240105,0.0847015146763407,0.783039647577093,0.772378516624041,0.633321952884944,0.0652108884235716,0.70497803806735,0.635514018691589
1767329382,242301758,1060_1767329382-242301758.png,-385880,407754,0,0,-3.6944699754902,3.90389476102941,662.03,1268.81,129,-45,-455,117,-21,-29,-116.689193637869,92.2070436182374,-486.307356080825,81.9673793901282,-71.4778955416914,-12.620026307041,-85.9884921610356,71.200016260147,-1.0471975511966,0.991307212774677,,,,,,,,,,0.5,0.5,0.999211333430699,0.0847523711847024,0.854074889867841,0.765984654731458,0.623762376237624,0.0735865988632964,0.775256222547584,0.654205607476635
1767329382,275650146,1061_1767329382-275650146.png,-385880,407754,0,0,-3.6944699754902,3.90389476102941,662.02,1268.98,173,-127,-446,153,-25,-35,-75.5313686875749,62.3989384823308,-480.659590784293,91.3678951663596,-64.5711693287774,-15.7283438136781,-85.6447037160397,71.1770899295806,-1.0471975511966,0.985033979906928,,,,,,,,,,0.5,0.5,0.999196728494231,0.0848964646250604,0.878303964757709,0.713554987212276,0.626835097302834,0.0843553694286569,0.772327964860908,0.626168224299065
1767329382,308999756,1062_1767329382-308999756.png,-385880,407754,0,0,-3.6944699754902,3.90389476102941,662.03,1269.35,0,-148,-424,168,-96,-35,-59.7404001301621,32.2058108240214,-472.977014749933,102.163287358388,-67.219958471966,-18.5466660333575,-58.3960601389409,77.5957460403441,-1.0471975511966,0.987822906663889,,,,,,,,,,0.5,0.5,0.999211333430699,0.0852100797599572,0.783039647577093,0.700127877237852,0.634346193240014,0.0888423571642238,0.720351390922401,0.626168224299065
1767329382,342348145,1063_1767329382-342348145.png,-385880,407754,0,0,-3.6944699754902,3.90389476102941,662.13,1269.12,-155,47,-584,153,-123,-8,-69.4199271724442,29.0207908512639,-484.824665789782,110.009167983469,-74.636765327654,-17.7448706740987,-86.1115520596505,70.5330033302306,-1.0471975511966,0.987216461387544,,,,,,,,,,0.5,0.5,0.999357382795385,0.0850151298112375,0.697687224669604,0.824808184143222,0.579720040969614,0.0843553694286569,0.700585651537335,0.752336448598131
1767329382,375697754,1064_1767329382-375697754.png,-385880,407754,0,0,-3.6944699754902,3.90389476102941,662.1,1269.07,-219,76,-606,102,-63,5,-89.5393690934967,35.0956909810407,-501.942142045403,110.236743958988,-74.5806909566217,-14.7751891693711,-85.2161045968533,70.0205998420714,-1.0471975511966,0.985476914118338,,,,,,,,,,0.5,0.5,0.999313567985979,0.0849727493876028,0.662444933920705,0.843350383631713,0.572208945032434,0.0690996111277296,0.744509516837482,0.813084112149533
1767329382,442395752,1065_1767329382-442395752.png,-385880,407754,0,0,-3.6944699754902,3.90389476102941,661.97,1269.02,-194,143,-765,127,-58,0,-106.163110557696,43.754617253923,-549.096633901729,108.485983913121,-70.0528468061082,-13.0768829931525,-85.2392879128457,69.990652322769,-1.0471975511966,0.98527357641756,,,,,,,,,,0.5,0.5,0.999123703811888,0.0849303689639681,0.676211453744493,0.886189258312021,0.517924206213725,0.076577924020341,0.748169838945827,0.789719626168224
1767329382,475744141,1066_1767329382-475744141.png,-385880,407754,0,0,-3.6944699754902,3.90389476102941,661.98,1268.9,-116,105,-651,157,-131,-5,-114.3369155903,58.9462736360231,-578.422554983971,115.726602894496,-76.3329608177498,-11.2114933749176,-60.6997804045678,78.4433038234709,-1.0471975511966,0.993084370245781,,,,,,,,,,0.5,0.5,0.999138308748357,0.084828655947245,0.719162995594714,0.861892583120205,0.556845339706385,0.0855518994914747,0.694729136163982,0.766355140186916
1767329382,509093750,1067_1767329382-509093750.png,-385880,407754,0,0,-3.6944699754902,3.90389476102941,662.08,1268.7,-176,42,-576,113,-73,-10,-121.663314446857,56.9328297582412,-578.13472306258,115.402646016248,-75.93696051128,-11.0675517644436,-86.1151886582375,70.9552776813506,-1.0471975511966,0.985474064452834,,,,,,,,,,0.5,0.5,0.999284358113042,0.084659134252706,0.686123348017621,0.821611253196931,0.582451348583134,0.0723900688004786,0.737188872620791,0.742990654205607
1767329382,542442383,1068_1767329382-542442383.png,-385880,407754,0,0,-3.6944699754902,3.90389476102941,662.04,1268.48,-157,-3,-499,92,-72,-32,-127.352156614636,49.4024237995476,-568.673907779132,112.556197904291,-75.3886406689185,-13.5253251810486,-85.5164486765862,71.7395014762877,-1.0471975511966,0.985598618109954,,,,,,,,,,0.5,0.5,0.999225938367168,0.0844726603887133,0.696585903083701,0.792838874680307,0.608740184363264,0.066108285970685,0.73792093704246,0.64018691588785
1767329382,575792236,1069_1767329382-575792236.png,-385880,407754,0,0,-3.6944699754902,3.90389476102941,662,1268.36,-142,-20,-491,105,-89,-35,-129.90571086445,39.7191702894255,-557.534161217176,111.4511657138,-77.3791907322834,-16.6658208715849,-85.5106690824032,71.758415699005,-1.0471975511966,0.989424203830933,,,,,,,,,,0.5,0.5,0.999167518621294,0.0843709473719899,0.704845814977974,0.781969309462916,0.611471491976784,0.069997008674843,0.725475841874085,0.626168224299065
1767329382,609140869,1070_1767329382-609140869.png,-385880,407754,0,0,-3.6944699754902,3.90389476102941,661.93,1268.5,-254,5,-519,122,-132,-17,-134.348479197357,26.4929441770151,-546.19905798163,113.13248882068,-80.8675977835903,-16.8652623456733,-84.0014806687832,73.4552507400511,-1.0471975511966,0.984758218837104,,,,,,,,,,0.5,0.5,0.999065284066014,0.0844896125581672,0.643171806167401,0.797953964194373,0.601911915329464,0.0750822614418187,0.693997071742313,0.710280373831776
1767329382,642490723,1071_1767329382-642490723.png,-385880,407754,0,0,-3.6944699754902,3.90389476102941,661.86,1268.05,-386,202,-613,35,-89,7,-163.115804703214,34.8516714817396,-547.259362247644,109.333182398759,-87.0688847880852,-15.417717195958,-58.9423941373826,78.6406135559081,-1.0471975511966,0.984057442311246,,,,,,,,,,0.5,0.5,0.998963049510735,0.0841081887454548,0.570484581497797,0.923913043478261,0.569819050870604,0.049057732575531,0.725475841874085,0.822429906542056
1767329382,675839355,1072_1767329382-675839355.png,-385880,407754,0,0,-3.6944699754902,3.90389476102941,662.09,1267.92,-466,126,-623,-38,-277,37,-211.138946835724,54.7078489886149,-559.80856464181,87.8138039781158,-109.739526951539,-7.97916407148876,-87.305655181408,69.3083074092864,-1.0471975511966,0.984144722956047,,,,,,,,,,0.5,0.5,0.999298963049511,0.0839979996440045,0.526431718061674,0.875319693094629,0.566404916353704,0.0272210589291056,0.587847730600293,0.962616822429906
1767329382,709189209,1073_1767329382-709189209.png,-385880,407754,0,0,-3.6944699754902,3.90389476102941,662.2,1268.07,-288,62,-602,-3,-245,36,-227.261513169069,57.5296877660841,-566.554714863371,73.5730313055343,-130.397976362513,-1.52014228804894,-84.0011559724808,70.5830113887786,-1.0471975511966,0.991795797579395,,,,,,,,,,0.5,0.5,0.999459617350664,0.0841251409149085,0.624449339207049,0.834398976982097,0.573574598839194,0.0376906969787616,0.611273792093704,0.957943925233645
1767329382,775887451,1074_1767329382-775887451.png,-385880,407754,0,0,-3.6944699754902,3.90389476102941,662.31,1268.38,-108,122,-726,123,-133,-21,-228.58674821123,50.2699368989671,-612.686101224446,76.2338840806071,-147.868057380385,-1.48602849739,-84.0159621238709,70.5526340007781,-1.0471975511966,0.98495381324897,,,,,,,,,,0.5,0.5,0.999620271651818,0.0843878995414439,0.723568281938326,0.872762148337596,0.531239330829635,0.0753813939575232,0.693265007320644,0.691588785046729
1767329382,809236328,1075_1767329382-809236328.png,-385880,407754,0,0,-3.6944699754902,3.90389476102941,662.34,1268.43,-251,148,-773,46,-49,-5,-218.62470119081,69.3914797366182,-643.597133052736,77.5379549164982,-134.564572976971,-3.94658474827421,-84.0158322453499,70.5461859703063,-1.0471975511966,0.986065891977578,,,,,,,,,,0.5,0.5,0.999664086461224,0.0844302799650786,0.644823788546256,0.889386189258312,0.515192898600205,0.05234819024828,0.754758418740849,0.766355140186916
1767329382,842585938,1076_1767329382-842585938.png,-385880,407754,0,0,-3.6944699754902,3.90389476102941,662.34,1268.41,-235,73,-701,51,-27,1,-221.02325993316,71.9434435075576,-652.455655501518,74.3848910628678,-121.784463580748,-3.35886434488296,-86.7512037754059,70.6897621154784,-1.0471975511966,0.989395477461999,,,,,,,,,,0.5,0.5,0.999664086461224,0.0844133277956248,0.65363436123348,0.841432225063939,0.539774667121885,0.0538438528268023,0.77086383601757,0.794392523364486
1767329382,875934814,1077_1767329382-875934814.png,-385880,407754,0,0,-3.6944699754902,3.90389476102941,662.26,1268.44,-87,118,-748,35,-18,-15,-205.482865199267,77.4445579049426,-665.139097540719,69.0640279396495,-106.853690078881,-4.6224299755011,-82.834587097168,71.1438467502593,-1.0471975511966,0.991201266662214,,,,,,,,,,0.5,0.5,0.999547246969476,0.0844387560498056,0.735132158590308,0.870204603580563,0.523728234892455,0.049057732575531,0.777452415812591,0.719626168224299
1767329382,909284424,1078_1767329382-909284424.png,-385880,407754,0,0,-3.6944699754902,3.90389476102941,662.31,1268.91,20,28,-622,86,-89,-31,-175.442683886564,72.6822565819364,-662.286342738637,70.1419241060872,-102.295313323665,-8.04107869916207,-86.6669126152993,70.0697481632231,-1.0471975511966,0.989395224085614,,,,,,,,,,0.5,0.5,0.999620271651818,0.084837132031972,0.794052863436123,0.812659846547315,0.566746329805394,0.0643134908764583,0.725475841874085,0.644859813084112
1767329382,942633301,1079_1767329382-942633301.png,-385880,407754,0,0,-3.6944699754902,3.90389476102941,662.32,1268.91,-21,45,-480,75,-126,-18,-152.856703550668,68.6339527900126,-635.628454847868,70.8523780029568,-105.761930023577,-9.49748955014597,-86.6669126152993,70.0697481632231,-1.0471975511966,0.982473342765854,,,,,,,,,,0.5,0.5,0.999634876588287,0.084837132031972,0.77147577092511,0.823529411764706,0.615227039945374,0.0610230332037092,0.698389458272328,0.705607476635514
1767329382,975982910,1080_1767329382-975982910.png,-385880,407754,0,0,-3.6944699754902,3.90389476102941,662.17,1269.15,-35,-81,-243,27,-120,-35,-127.789712015489,54.1242683533147,-554.490644711338,67.3364151626925,-109.417277452853,-12.8500181277464,-85.9311507940293,71.6098244190215,-1.0471975511966,0.98820963480553,,,,,,,,,,0.5,0.5,0.999415802541259,0.0850405580654184,0.763766519823789,0.742966751918159,0.696142027995903,0.0466646724498953,0.702781844802343,0.626168224299065
1767329383,9331787,1081_1767329383-9331787.png,-385880,407754,0,0,-3.6944699754902,3.90389476102941,662.11,1269.12,-47,-114,-435,38,-46,-44,-118.190814078449,34.1488574698882,-540.2935585428,63.8508568167072,-101.882457009401,-16.5510524460158,-86.4580679535866,69.5013184547423,-1.0471975511966,0.984621734573206,,,,,,,,,,0.5,0.5,0.999328172922448,0.0850151298112375,0.75715859030837,0.721867007672634,0.630590645271424,0.0499551301226443,0.756954612005857,0.58411214953271
1767329383,176078369,1082_1767329383-176078369.png,-385880,407754,0,0,-3.6944699754902,3.90389476102941,662.46,1269.02,-93,-45,-527,131,-105,-38,-123.181443379536,-1.85615983975942,-533.866168257814,72.2045509488499,-94.5921877574317,-19.2248618656763,-84.1288914978505,68.1459424495696,-1.0471975511966,0.988239890073213,,,,,,,,,,0.5,0.5,0.999839345698846,0.0849303689639681,0.731828193832599,0.765984654731458,0.599180607715944,0.0777744540831588,0.713762811127379,0.61214953271028
1767329383,209427002,1083_1767329383-209427002.png,-385880,407754,0,0,-3.6944699754902,3.90389476102941,662.26,1268.73,-240,78,-690,141,-50,-29,-140.819204257657,18.1786554591443,-528.260021317444,84.2352313209687,-99.3546229415548,-19.9223387042443,-84.1498668789864,68.1419303417205,-1.0471975511966,0.986095284261994,,,,,,,,,,0.5,0.5,0.999547246969476,0.0846845625068869,0.650881057268722,0.84462915601023,0.543530215090475,0.0807657792402034,0.75402635431918,0.654205607476635
1767329383,242776855,1084_1767329383-242776855.png,-385880,407754,0,0,-3.6944699754902,3.90389476102941,662.34,1268.41,-214,103,-701,143,-11,-23,-155.606188050245,30.7793656008659,-557.206903683042,94.2261289479964,-87.2956831160022,-20.9480862482328,-85.4754720032216,69.1148664951323,-1.0471975511966,0.98521616256281,,,,,,,,,,0.5,0.5,0.999664086461224,0.0844133277956248,0.665198237885463,0.860613810741688,0.539774667121885,0.0813640442716123,0.782576866764275,0.682242990654206
1767329383,276125488,1085_1767329383-276125488.png,-385880,407754,0,0,-3.6944699754902,3.90389476102941,662.23,1268.04,-107,96,-718,170,-13,1,-151.553223889031,44.0960939559694,-588.245153297423,107.859395314875,-72.438587475123,-20.4933659393386,-85.2095457315445,71.404203891754,-1.0471975511966,0.990633735918059,,,,,,,,,,0.5,0.5,0.99950343216007,0.0840997126607278,0.724118942731278,0.85613810741688,0.533970638443155,0.0894406221956327,0.781112737920937,0.794392523364486
1767329383,309475342,1086_1767329383-309475342.png,-385880,407754,0,0,-3.6944699754902,3.90389476102941,662.23,1268.04,-218,108,-544,134,-67,1,-159.447989277133,51.6887323822244,-582.988237532836,110.965248648489,-71.7924105697596,-17.9396667017968,-85.2225985229016,71.4165267944335,-1.0471975511966,0.986028798297822,,,,,,,,,,0.5,0.5,0.99950343216007,0.0840997126607278,0.662995594713656,0.863810741687979,0.593376579037214,0.0786718516302722,0.741581259150805,0.794392523364486
1767329383,342823975,1087_1767329383-342823975.png,-385880,407754,0,0,-3.6944699754902,3.90389476102941,662.07,1267.89,-241,-98,-572,73,-150,10,-171.374304361714,29.7979786021786,-581.381297595007,105.413141304563,-83.2296313725701,-13.8537187835271,-86.7055514752865,70.6628236770629,-1.0471975511966,0.985663534349679,,,,,,,,,,0.5,0.5,0.999269753176574,0.0839725713898237,0.650330396475771,0.732097186700767,0.583817002389894,0.0604247681723003,0.680819912152269,0.836448598130841
1767329383,376173828,1088_1767329383-376173828.png,-385880,407754,0,0,-3.6944699754902,3.90389476102941,662.12,1267.61,-270,-183,-672,38,-218,14,-185.797506330521,-1.32198667735197,-594.63354224058,95.5545203225282,-102.938696373774,-9.78034004589518,-55.2081918418408,80.0285162925719,-1.0471975511966,0.984684852594944,,,,,,,,,,0.5,0.5,0.999342777858916,0.0837352410174691,0.634361233480176,0.677749360613811,0.549675657220894,0.0499551301226443,0.63103953147877,0.855140186915888
1767329383,409522461,1089_1767329383-409522461.png,-385880,407754,0,0,-3.6944699754902,3.90389476102941,662.29,1267.4,-1,7,-627,82,-55,-26,-179.953559374181,-18.5233798652625,-613.180683969128,90.4641748455384,-115.152275224163,-9.73491569473858,-84.7914667725564,71.0097277164458,-1.0471975511966,0.990258090104202,,,,,,,,,,0.5,0.5,0.999591061778881,0.0835572432382036,0.782488986784141,0.79923273657289,0.565039262546944,0.0631169608136405,0.750366032210835,0.66822429906542
1767329383,442872314,1090_1767329383-442872314.png,-385880,407754,0,0,-3.6944699754902,3.90389476102941,662.42,1267.42,1,23,-658,66,-13,-20,-153.720810354896,-14.292766482509,-616.166574605565,88.728330780602,-105.048173940501,-11.9267909728049,-86.9643344283104,70.6300103664397,-1.0471975511966,0.990258090104202,,,,,,,,,,0.5,0.5,0.999780925952972,0.0835741954076573,0.783590308370044,0.809462915601023,0.554455445544555,0.0583308405623691,0.781112737920937,0.696261682242991
1767329383,476220947,1091_1767329383-476220947.png,-385880,407754,0,0,-3.6944699754902,3.90389476102941,662.47,1267.66,-72,-48,-604,86,-12,-1,-127.812519016782,-14.3932049243413,-619.100846683396,86.0245861719588,-84.3556618989566,-10.9526401922621,-57.5153538882733,80.608695745468,-1.0471975511966,0.990258090104202,,,,,,,,,,0.5,0.5,0.999853950635315,0.083777621441104,0.743392070484582,0.764066496163683,0.572891771935814,0.0643134908764583,0.781844802342606,0.785046728971963
1767329383,509570557,1092_1767329383-509570557.png,-385880,407754,0,0,-3.6944699754902,3.90389476102941,662.48,1267.66,-133,113,-626,133,-87,-5,-128.428861113641,0.742811053866527,-619.920558338333,91.6058933908676,-84.6698446198713,-10.245386951274,-84.8846546113492,69.9519641399382,-1.0471975511966,0.990258090104202,,,,,,,,,,0.5,0.5,0.999868555571783,0.083777621441104,0.709801762114538,0.867007672634271,0.565380675998634,0.0783727191145678,0.726939970717423,0.766355140186916
1767329383,542919189,1093_1767329383-542919189.png,-385880,407754,0,0,-3.6944699754902,3.90389476102941,662.48,1267.98,-68,129,-754,170,-126,-5,-121.374483775268,19.0605214338425,-636.017738343107,102.05553787515,-89.6443322267534,-9.47829197756411,-86.2911091148854,70.2581739425658,-1.0471975511966,0.990258090104202,,,,,,,,,,0.5,0.5,0.999868555571783,0.0840488561523661,0.745594713656388,0.877237851662404,0.521679754182315,0.0894406221956327,0.698389458272328,0.766355140186916
1767329383,576268555,1094_1767329383-576268555.png,-385880,407754,0,0,-3.6944699754902,3.90389476102941,662.48,1268.05,-38,93,-696,178,-102,-12,-110.004500629279,30.8609903779261,-646.380504446992,112.942367144058,-92.1095306446001,-9.84707116719178,-85.5264493227005,70.5138025283812,-1.0471975511966,0.990258090104202,,,,,,,,,,0.5,0.5,0.999868555571783,0.0841081887454548,0.762114537444934,0.854219948849105,0.541481734380335,0.0918336823212683,0.715959004392387,0.733644859813084
