sec,nanosec,image,motor position #0,motor position #1,motor velocity #0,motor velocity #1,wire length #0,wire length #1,loadcell #0,loadcell #1,fx,fy,fz,tx,ty,tz,fx_kalman,fy_kalman,fz_kalman,tx_kalman,ty_kalman,tz_kalman,fx_estimated,fy_estimated,theta_desired,theta_actual,translation(m)(x),translation(m)(y),translation(m)(z),Rotation(rad)(x),Rotation(rad)(y),Rotation(rad)(z),Rotation(deg)(x),Rotation(deg)(y),Rotation(deg)(z)
1767170426,115904541,1_1767170426-115904541.png,1202,-1202,0,0,0.01150811887254902,-0.01150811887254902,67.16,10.33,-92.0,-23.0,-479.0,221.0,78.0,9.0,34.17294091311874,-103.40812522172396,-432.7136091601914,204.08299763341657,47.553230661642885,-1.7515186640480318,220.12459665536875,-26.42689061164868,0.003170715121138731,-0.06040101221995535
1767170426,149252686,2_1767170426-149252686.png,1202,-1202,0,0,0.01150811887254902,-0.01150811887254902,67.12,11.84,-100.0,-116.0,-401.0,191.0,145.0,4.0,29.99657611511545,-103.80006909808954,-431.72646823585245,203.67576670893425,50.586429862422044,-1.5724927000934734,292.4796609282493,-102.23208618164074,0.003170715121138731,-0.0874453071443053
1767170426,182602051,3_1767170426-182602051.png,1202,-1202,0,0,0.01150811887254902,-0.01150811887254902,67.12,11.84,-100.0,-116.0,-401.0,191.0,145.0,4.0,14.551244832656016,-105.24958400097636,-428.0757529999184,202.16971615030036,61.804024293857616,-0.9104060637053415,258.4996733665466,-50.549115896225096,0.003170715121138731,-0.0806950397491428
1767170426,249299316,4_1767170426-249299316.png,1202,-1202,0,0,0.01150811887254902,-0.01150811887254902,67.21,9.44,17.0,-10.0,-537.0,269.0,86.0,9.0,5.702476430103204,-92.37673765859039,-424.30749216658666,207.06576057588677,70.72685878539174,1.3320031467055902,282.39368462562555,-69.33165550231945,0.003170715121138731,-0.08549909281350475
1767170426,282647461,5_1767170426-282647461.png,1202,-1202,0,0,0.01150811887254902,-0.01150811887254902,67.21,11.84,-14.0,52.0,-376.0,215.0,118.0,25.0,3.69409065929516,-64.89770959395409,-425.9504742163339,213.0116313571798,78.82029893565183,5.3857473059397325,264.42135465145105,-55.88880157470715,0.003170715121138731,-0.09172992755268229
1767170426,315996582,6_1767170426-315996582.png,1202,-1202,0,0,0.01150811887254902,-0.01150811887254902,67.29,13.45,-46.0,-193.0,-437.0,159.0,89.0,28.0,-3.5732639747740733,-83.63162265013605,-427.56637705996854,205.1128716811373,80.30899702272696,8.692896947512882,266.7333222031593,-65.50467777252209,0.003170715121138731,-0.11026002888619053
1767170426,349344727,7_1767170426-349344727.png,1202,-1202,0,0,0.01150811887254902,-0.01150811887254902,67.41,9.77,113.0,-116.0,-276.0,182.0,-3.0,0.0,8.516368871887773,-107.49208230863447,-407.7884356036817,198.48384052079783,67.54087433791967,8.346023249485874,270.72215133905405,-88.8595874309541,0.003170715121138731,-0.08625064472472445
1767170426,416042236,8_1767170426-416042236.png,1202,-1202,0,0,0.01150811887254902,-0.01150811887254902,67.52,8.66,49.0,4.0,-210.0,200.0,3.0,-3.0,18.968811452662653,-94.70478670870175,-377.17153345887,197.77380110936951,56.06312564678829,6.5472523880679,276.5255132913589,-65.350498199463,0.003170715121138731,-0.05522243207503913
1767170426,449391357,9_1767170426-449391357.png,1202,-1202,0,0,0.01150811887254902,-0.01150811887254902,67.51,6.32,-176.0,59.0,-291.0,155.0,165.0,37.0,-8.74571403063786,-69.60366776461875,-360.12711767074336,191.57764283233513,70.58411661920287,10.747002488614115,285.11360061168665,-39.82575464248669,0.003170715121138731,-0.0725656540612275
1767170426,482739502,10_1767170426-482739502.png,1202,-1202,0,0,0.01150811887254902,-0.01150811887254902,67.39,8.91,-103.0,-50.0,-172.0,152.0,127.0,0.0,-42.424687011477836,-54.591448157725615,-323.7327928099758,181.38519528064012,85.08098949406717,12.594138500803167,279.686886370182,-54.306454896927,0.003170715121138731,-0.11336145419561845
1767170426,549436768,11_1767170426-549436768.png,1202,-1202,0,0,0.01150811887254902,-0.01150811887254902,67.55,8.79,27.0,-71.0,-110.0,224.0,-1.0,-34.0,-36.95244508795995,-56.63629139317261,-280.7519843334703,185.34671825169718,75.731358764508,4.806998921394317,261.85053920745844,-86.81212282180798,0.003170715121138731,-0.06729917326226999
1767170426,582786133,12_1767170426-582786133.png,1202,-1202,0,0,0.01150811887254902,-0.01150811887254902,67.31,10.88,248.0,-103.0,53.0,219.0,-101.0,-41.0,-9.811561631813259,-58.98111458113976,-266.71458324498116,197.82198201736648,54.96585518525057,-2.825827946320973,302.74266165494913,-108.76379776000988,0.003170715121138731,-0.03373216078687972
1767170426,616134277,13_1767170426-616134277.png,1202,-1202,0,0,0.01150811887254902,-0.01150811887254902,67.3,14.27,90.0,-94.0,-165.0,176.0,28.0,-3.0,30.936923228303925,-68.56752304286077,-219.40848540502998,196.77894885164295,35.20147267543699,-6.723606481345366,231.1345287561416,37.04580187797534,0.003170715121138731,-0.0833282291237114
1767170426,682831543,14_1767170426-682831543.png,1202,-1202,0,0,0.01150811887254902,-0.01150811887254902,67.43,17.06,116.0,-172.0,-86.0,179.0,4.0,-6.0,62.83009449934425,-83.74747545969053,-213.42784208483212,196.24145419649992,25.41163938598535,-8.477378983050242,318.7953870892524,-202.67434644699108,0.003170715121138731,-0.04464332157011072
1767170426,716180664,15_1767170426-716180664.png,1202,-1202,0,0,0.01150811887254902,-0.01150811887254902,67.38,19.67,49.0,-291.0,-144.0,167.0,-1.0,-15.0,62.22053046311967,-116.40174771728613,-199.88823097524153,191.50694403282026,20.980145093671783,-9.365423398801099,310.2874348163604,-133.6855788230897,0.003170715121138731,-0.04464332157011072
1767170426,749528809,16_1767170426-749528809.png,1202,-1202,0,0,0.01150811887254902,-0.01150811887254902,67.46,15.18,60.0,-86.0,12.0,146.0,-37.0,1.0,49.79315329266271,-137.78550523885968,-192.03347173949658,182.9341430246639,22.43709140393285,-8.14086611770316,313.71765643358225,-137.20577359199535,0.003170715121138731,-0.04464332157011072
1767170426,849575439,17_1767170426-849575439.png,1202,-1202,0,0,0.01150811887254902,-0.01150811887254902,67.44,13.16,119.0,-168.0,-67.0,169.0,-71.0,-14.0,62.1972694887991,-137.74610689035023,-136.2222022874435,177.70598782642023,-6.6674710721220025,-8.063643245662716,316.3374360799789,-105.80945348739635,0.003170715121138731,-0.04464332157011072
1767170426,882923584,18_1767170426-882923584.png,1202,-1202,0,0,0.01150811887254902,-0.01150811887254902,67.35,14.27,169.0,20.0,-315.0,206.0,25.0,-22.0,95.86665435139142,-125.47979577808019,-172.12552361901257,177.62619176888256,0.27385467387630436,-13.4483912348769,315.49439460039133,-104.9714961051942,-0.0,-0.04464332157011072
1767170426,949621094,19_1767170426-949621094.png,1128,-1153,-2600,1850,0.010799632352941176,-0.011038985906862746,67.22,11.32,132.0,-66.0,-282.0,232.0,-26.0,-21.0,115.41989286850983,-102.55097800196225,-194.41752379221506,188.60298208372393,-2.739888262143861,-16.806011486947884,272.56785500049585,-45.64904260635388,-0.01644866285238674,-0.04464332157011072
1767170426,982970215,20_1767170426-982970215.png,655,-656,-11300,11350,0.006271063112745098,-0.006280637254901961,67.17,11.39,76.0,-120.0,-151.0,174.0,10.0,-4.0,112.77638939926936,-102.0928973669994,-195.3697571100129,189.70022520431323,-2.883355387235579,-15.880784695590652,303.229965865612,-114.74126529693615,-0.02960486381029772,-0.04464332157011072
1767170427,16318359,21_1767170427-16318359.png,-528,516,-28250,27700,-0.00505514705882353,0.004940257352941176,67.01,10.71,-24.0,4.0,-198.0,174.0,13.0,12.0,90.8497380864116,-87.51461745230537,-193.43288464803393,186.58272501319058,0.11354122717096676,-11.181818813490429,303.9867680072784,-115.33333778381359,-0.04275638967213886,-0.04464332157011072
1767170427,49667480,22_1767170427-49667480.png,-2438,2550,-42550,43150,-0.023341758578431373,0.0244140625,65.82,10.83,55.0,31.0,-99.0,159.0,-31.0,32.0,76.01123319646003,-61.93250015381392,-195.81637479573052,186.20835800276015,-2.8546663469795455,-4.427735847836544,264.2570583224296,-46.24226140975964,-0.055901174407470715,-0.04464332157011072
1767170427,116364990,23_1767170427-116364990.png,-5579,5579,-68000,68300,-0.053414139093137254,0.053414139093137254,64.87,10.27,144.0,-84.0,-303.0,197.0,11.0,1.0,81.88939980234974,-54.82468315892844,-198.41486242249067,184.64192261705287,-4.1552717958841345,0.031017402467967102,319.0011146664619,-92.23405671119701,-0.07231949594878197,-0.08633684576175346
1767170427,316461426,24_1767170427-316461426.png,-19636,19637,-68150,67700,-0.18799785539215685,0.18800742953431374,60.8,7.07,46.0,-170.0,-121.0,135.0,21.0,-14.0,60.36668200439237,-102.66333731991537,-225.70650523547377,183.9043017996707,24.68767849761331,-2.2039868109418452,289.3447830677032,-89.55955696105968,-0.13777382866053042,-0.047244707608547924
1767170427,349810547,25_1767170427-349810547.png,-22639,22708,-68500,68850,-0.21674900428921567,0.2174096200980392,61.29,9.76,126.0,-152.0,-393.0,145.0,33.0,-31.0,68.85492934385879,-115.0814101772707,-242.08131846073184,174.43611356831587,25.61834695336124,-7.326626236284719,326.25703799724573,-100.23950147628796,-0.15406250419102527,-0.0938304569729803
1767170427,416509766,26_1767170427-416509766.png,-26242,26244,-68600,68800,-0.25124463848039214,0.2512637867647059,62.85,12.96,157.0,-106.0,-123.0,152.0,8.0,-4.0,95.7385903731132,-111.45554630508695,-217.5935406908293,169.82043425870208,21.41445526570021,-9.376225939933066,238.73839664459223,-58.11910367012036,-0.17031317974171603,-0.08734108215150846
1767170427,449859863,27_1767170427-449859863.png,-29256,29248,-68100,68200,-0.28010110294117646,0.2800245098039216,64.02,15.84,24.0,-67.0,-256.0,191.0,52.0,8.0,88.45274048504831,-104.6688397019002,-218.2608278761236,171.98536805851245,25.18546720483581,-6.553798851692233,236.93568277359003,-56.61126756668103,-0.1832836397777562,-0.08734108215150846
1767170427,483208984,28_1767170427-483208984.png,-32068,32057,-68250,67450,-0.3070235906862745,0.30691827512254904,66.63,19.06,-98.0,-1.0,-166.0,221.0,45.0,-17.0,58.84302124302869,-94.51717455805509,-191.54745113218732,172.6574673253033,28.43352365608894,-6.019729087005718,245.03867381811136,-53.14151072502148,-0.19945578536580325,-0.08734108215150846
1767170427,549908203,29_1767170427-549908203.png,-34789,34795,-68500,68950,-0.33307483149509803,0.3331322763480392,68.01,18.95,-24.0,-46.0,-161.0,236.0,-5.0,-31.0,36.49182621512075,-81.29462794161624,-185.88057909995263,184.0387566059236,25.782361681139797,-9.863403250173208,224.57878053188318,-26.888283014297606,-0.2123582515702623,-0.08734108215150846
1767170427,583258545,30_1767170427-583258545.png,-37854,37863,-68150,68100,-0.36241957720588236,0.3625057444852941,69.3,18.86,107.0,-167.0,-173.0,181.0,0.0,-18.0,45.19551830306568,-92.89039404881599,-183.3357057616382,184.9752177122195,21.193869981868037,-11.615012734307712,268.46369373798365,-29.133343935012938,-0.22522719523450002,-0.08734108215150846
1767170427,616607666,31_1767170427-616607666.png,-40719,40717,-68000,68150,-0.3898494944852941,0.3898303462009804,71.89,17.95,102.0,-1.0,-301.0,238.0,1.0,-9.0,55.26997939172133,-81.21351313048497,-215.8292893166987,195.65992005369932,20.702580069945217,-11.740525189602991,271.5920776724815,-29.58355975151074,-0.24126312013278953,-0.08734108215150846
1767170427,683306885,32_1767170427-683306885.png,-43730,43729,-68200,67700,-0.41867723651960786,0.41866766237745096,73.87,20.34,36.0,-107.0,-177.0,170.0,34.0,-29.0,59.37734153125736,-69.71894534480232,-208.33639487402212,197.699825986951,15.69219121311873,-12.810718596477187,221.65365648269648,40.319108724593995,-0.25085634236671617,-0.08734108215150846
1767170427,716656982,33_1767170427-716656982.png,-46046,46122,-68050,69050,-0.44085094975490197,0.44157858455882354,73.87,20.34,36.0,-107.0,-177.0,170.0,34.0,-29.0,56.5998008048483,-74.14843308145703,-204.61321219882117,194.40871631606183,17.86740367039839,-14.734221676134798,193.64873027801508,37.88547873496997,-0.2636125178035458,-0.08734108215150846
1767170427,750006348,34_1767170427-750006348.png,-48910,48909,-68000,68100,-0.46827129289215685,0.46826171875,75.09,19.03,-25.0,-30.0,-486.0,260.0,88.0,-29.0,41.08341174548472,-74.9917037650028,-230.2850296949009,197.54866582405162,28.635788008370735,-18.66512795753654,200.58762013912195,36.356149196624635,-0.27949895614089776,-0.08734108215150846
1767170427,783356445,35_1767170427-783356445.png,-51989,52063,-68200,67750,-0.49775007659313725,0.4984585631127451,75.57,18.11,79.0,-15.0,-223.0,236.0,21.0,-11.0,41.5222503237453,-62.74197511374639,-248.97831350626092,207.99736734194897,32.106087884804246,-18.342723583033408,210.54332828521723,61.38138532638538,-0.29215862527772574,-0.07969876784615443
1767170427,850055908,36_1767170427-850055908.png,-55054,55130,-68600,68850,-0.5270948223039216,0.5278224571078431,76.19,16.23,169.0,-84.0,-644.0,223.0,90.0,-15.0,50.80043048852325,-78.60103574981106,-296.69956876033973,211.44020899932454,42.677871898548666,-16.631527320973543,130.59413701295847,73.00976347923266,-0.3047721884381816,-0.07328353276063387
1767170427,883405029,37_1767170427-883405029.png,-58067,58060,-67900,68200,-0.555941712622549,0.555874693627451,76.34,16.43,208.0,-7.0,-523.0,272.0,51.0,-19.0,81.8529522244041,-70.65912943142504,-359.94831307882066,219.84579443140402,48.62112514143223,-16.74211792848347,172.5271059274673,69.861691713333,-0.3204711901690625,-0.05600284911304443
1767170427,916755371,38_1767170427-916755371.png,-60935,60925,-68250,67800,-0.5834003523284313,0.5833046109068627,76.34,15.52,-13.0,118.0,-461.0,264.0,72.0,-11.0,71.33380302690786,-41.37755133722681,-379.05934601931233,227.68896848312906,52.10331241006125,-15.962382646309118,127.83175075054163,76.14723181724536,-0.3329736995120621,-0.007523686256451483
1767170427,950104492,39_1767170427-950104492.png,-63599,63670,-68600,69050,-0.6089058670343137,0.609585631127451,76.47,11.38,102.0,-17.0,-295.0,250.0,37.0,-18.0,57.105647327838824,-25.829248481111854,-375.40973091816284,234.04104951139382,58.713899680848115,-16.916098017054214,179.52457100152964,48.69925570487964,-0.345423578134019,-0.02281330770009744
1767170428,16803955,40_1767170428-16803955.png,-66946,66935,-68600,68950,-0.6409505208333334,0.6408452052696079,76.61,10.77,-73.0,-52.0,-316.0,241.0,56.0,2.0,41.54766979897349,-28.974286030413534,-360.508420454529,236.29186004919714,56.63921801673108,-14.233524532449998,204.956473827362,76.06784939765917,-0.3609089943454755,0.007459845488675617
1767170428,50154297,41_1767170428-50154297.png,-69186,69253,-68300,67700,-0.6623965992647058,0.6630380667892157,76.97,9.96,-106.0,-66.0,-252.0,183.0,4.0,37.0,16.474063339267754,-18.795234990639358,-337.080608762301,228.64073365639294,44.708495223390436,-6.796422737190271,212.82841098308558,86.78046393394457,-0.37015775333715717,-0.01431779732580718
1767170428,83503418,42_1767170428-83503418.png,-72193,72326,-68300,67700,-0.6911860447303921,0.6924594056372549,77.36,12.55,23.0,-70.0,-255.0,239.0,-32.0,9.0,3.8300987800332447,-28.530418877979386,-320.45817029039523,224.64633369665665,33.36711770780893,-0.6341322917839494,132.61128032207483,113.87752389907824,-0.3824381550452442,-0.01431779732580718
1767170428,150202881,43_1767170428-150202881.png,-74583,74591,-67950,68150,-0.7140682444852942,0.714144837622549,77.77,11.33,-49.0,158.0,-482.0,283.0,119.0,17.0,-2.892859711747219,-3.421649892764087,-340.65742619919513,233.93109611848138,42.47007449536638,2.448794585992519,121.46627455949778,123.13460302352892,-0.40074489082601705,-0.01431779732580718
1767170428,183552734,44_1767170428-183552734.png,-78613,78609,-67950,68050,-0.752652037377451,0.7526137408088235,78.45,16.61,61.0,-34.0,-237.0,258.0,75.0,-8.0,0.8708000701757228,1.9007842797991619,-341.90222236188004,240.3576684748364,50.164863139009015,0.6485986050396615,133.6636859774589,140.7021903991698,-0.41287069603282495,-0.01431779732580718
1767170428,216901611,45_1767170428-216901611.png,-81287,81336,-68350,67650,-0.7782532935049019,0.7787224264705882,79.05,18.23,93.0,-69.0,-358.0,274.0,53.0,-18.0,18.99002341741027,-11.241868389939604,-336.1507748753445,246.6407774025874,52.49844742640417,-2.746869007246443,132.57946008443827,141.2762084007262,-0.42493128708243955,-0.01431779732580718
1767170428,250251221,46_1767170428-250251221.png,-83726,83729,-68600,68950,-0.8016046262254902,0.8016333486519608,79.78,22.57,142.0,-1.0,-451.0,301.0,3.0,-7.0,36.979227193835925,-9.74407883955908,-352.9465354447716,254.59036945682524,45.25970401625133,-3.368854656232447,129.70239108800882,143.40276885032642,-0.433932804856421,-0.01431779732580718
1767170428,283600098,47_1767170428-283600098.png,-86329,86324,-68000,68150,-0.8265261182598039,0.8264782475490197,80.33,22.43,89.0,0.0,-264.0,238.0,15.0,6.0,44.58684007707973,-8.31908694273764,-339.9388315513499,252.16416350852447,40.83446960124279,-1.998736229703668,110.41880756616587,166.74549889564503,-0.4458747520794725,-0.01431779732580718
1767170428,316949951,48_1767170428-316949951.png,-88851,88926,-68200,67700,-0.8506721047794118,0.8513901654411765,81.41,26.35,98.0,-56.0,-490.0,283.0,102.0,-11.0,42.42578348279109,-23.415259577653735,-365.89175902421084,253.7568297621378,53.80342135043334,-2.8251073507862294,106.92520523071283,167.67415857315052,-0.4577462586916915,-0.01431779732580718
1767170428,383648438,49_1767170428-383648438.png,-92271,92273,-68750,68900,-0.8834156709558824,0.8834348192401961,82.0,24.63,101.0,47.0,-451.0,388.0,42.0,-31.0,55.285908930030466,-15.635370681931013,-387.92777594704245,275.64836622418005,55.801334918413865,-7.577115161680323,134.95974373817438,152.60238885879505,-0.4724837926900265,-0.01431779732580718
1767170428,416997314,50_1767170428-416997314.png,-94657,94644,-67950,68250,-0.9062595741421569,0.9061351102941176,82.1,21.86,45.0,61.0,-207.0,328.0,3.0,-7.0,53.781678810582875,-4.428074022106306,-361.46856734666056,283.3043648202754,48.07957120539578,-7.492716785757036,133.77187478542322,152.8914039134978,-0.4812705931011203,0.07594638385742261
1767170428,450347168,51_1767170428-450347168.png,-97460,97461,-68200,67700,-0.9330958946078431,0.93310546875,82.06,23.58,84.0,42.0,-153.0,318.0,17.0,-1.0,45.905075794530475,-8.282613998280675,-313.80968105670365,281.6157362979619,43.52708757590907,-6.839567242517123,78.4046612977981,167.21591854095448,-0.4929196924728041,0.10611736909792834
1767170428,483696045,52_1767170428-483696045.png,-99903,99905,-68600,68800,-0.9564855238970589,0.9565046721813726,81.91,23.39,-11.0,33.0,-202.0,312.0,99.0,4.0,42.878293192260514,-1.7437261664292962,-294.7272619757337,286.393615160173,47.06902331369772,-5.533059628906419,81.42615520954126,166.56165838241566,-0.5044909276721166,0.11910607786802949
1767170428,550394531,53_1767170428-550394531.png,-102848,102975,-68000,68150,-0.9846813725490197,0.9858972886029411,81.86,25.74,37.0,-31.0,-153.0,296.0,24.0,6.0,39.19960919116315,-4.204348393293852,-269.14911240251115,289.1382532181745,46.41251093399591,-3.347653112710778,68.71832120418543,174.3950123786925,-0.5159825343548358,0.1292950419483535
1767170428,583744385,54_1767170428-583744385.png,-106254,106256,-67950,68150,-1.0172909007352942,1.0173100490196079,81.9,22.45,99.0,-165.0,-202.0,284.0,29.0,-2.0,38.93359067741805,-34.49405984895866,-275.97131396590976,290.5718053418386,45.96577551714567,-1.0808716291019909,78.4559633135795,172.52780604362476,-0.5302322105309818,0.14401490802841851
1767170428,650443115,55_1767170428-650443115.png,-108922,108916,-68250,67600,-1.0428347120098038,1.0427772671568627,82.21,22.62,-81.0,-137.0,-452.0,302.0,120.0,4.0,33.640166248986006,-52.33792814547808,-293.84096740294996,292.5398136366587,57.36021223723294,-0.5067602401374185,82.54908490180964,172.90594720840443,-0.5443510922080914,0.14401490802841851
1767170428,683791992,56_1767170428-683791992.png,-112068,112128,-68600,68900,-1.0729549632352942,1.0735294117647058,82.26,23.33,-13.0,-170.0,-242.0,319.0,78.0,0.0,19.98270421399041,-69.95555631343065,-302.16767973451374,295.71325352421644,64.38424632948023,-0.08993249027521391,72.47479766607279,184.96505379676807,-0.555549651302361,0.14401490802841851
1767170428,717141846,57_1767170428-717141846.png,-114662,114730,-68100,68200,-1.0977902879901962,1.0984413296568627,82.17,23.29,33.0,-137.0,-383.0,384.0,73.0,-2.0,20.160649184342248,-84.99480521467336,-310.8406396718735,309.842882838239,66.3566362880174,-0.36455878642160566,78.60220652818674,183.83808135986317,-0.566660492528226,0.14401490802841851
1767170428,750490723,58_1767170428-750490723.png,-117799,117871,-68200,67800,-1.1278243719362746,1.1285137101715685,82.35,24.37,5.0,-139.0,-599.0,430.0,128.0,-14.0,27.883993681110507,-94.6111750097349,-341.51121683454903,328.340981749569,74.6009017521241,-3.1460577734813464,76.25867849588388,177.6863737106322,-0.5776817849624373,0.14401490802841851
1767170428,783840576,59_1767170428-783840576.png,-120519,120593,-68500,68900,-1.1538660386029411,1.154574525122549,82.54,24.37,61.0,-174.0,-781.0,438.0,138.0,-27.0,28.408264014255206,-106.59282995741016,-409.11090869121944,349.25083721654573,86.10907984431093,-6.4778088568942485,78.91586315631861,188.9154038429259,-0.5913300194959026,0.14401490802841851
1767170428,850539307,60_1767170428-850539307.png,-123800,123877,-68000,68100,-1.1852787990196079,1.1860160079656863,83.48,25.07,176.0,17.0,-902.0,491.0,106.0,-19.0,55.74617486313757,-91.40278243773953,-523.7364672685463,382.03065757764233,93.56831488966311,-10.521344758176895,102.95313042402262,197.17948627471912,-0.6021437185231421,0.14401490802841851
1767170428,883888184,61_1767170428-883888184.png,-126735,126734,-68000,68350,-1.21337890625,1.2133693321078431,84.23,28.93,19.0,-74.0,-1029.0,530.0,190.0,-7.0,63.710634149437524,-81.1266586748079,-586.8375598844357,400.3566321753619,100.53425239027389,-11.025863773909068,67.38122183084482,205.76167154312122,-0.6128622761204384,0.14401490802841851
1767170428,917238037,62_1767170428-917238037.png,-129403,129396,-68250,67650,-1.2389227175245099,1.2388556985294117,84.72,32.57,-44.0,-242.0,-1003.0,479.0,227.0,-26.0,47.347467568679136,-99.67220665751651,-671.545973998362,420.03966156231905,122.69502762332745,-12.48392601468674,94.48479110002512,196.86668515205372,-0.6234840943911378,0.14401490802841851
1767170428,950586914,63_1767170428-950586914.png,-131793,131931,-67950,68150,-1.2618049172794117,1.2631261488970589,85.19,36.11,51.0,-301.0,-1046.0,530.0,169.0,-41.0,45.454089091284374,-132.89706941279047,-735.1151061952293,437.6873156810022,132.23862469704028,-17.013354391239904,54.94002842903132,207.69994950294483,-0.6340074422805314,0.14401490802841851
1767170429,17285645,64_1767170429-17285645.png,-134787,134787,-68300,67750,-1.2904698988970589,1.2904698988970589,86.2,35.91,-52.0,-170.0,-921.0,503.0,200.0,-12.0,36.972109944939035,-142.42624456648002,-750.6613816178857,446.56570038864703,138.4230081258176,-17.56386187441499,47.28998872637744,209.064066171646,-0.6444307218919653,0.1922813184838572
1767170429,50635498,65_1767170429-50635498.png,-138138,138284,-68200,67700,-1.3225528492647058,1.3239506740196079,86.77,33.77,-63.0,-228.0,-844.0,461.0,208.0,-7.0,13.326863181971289,-157.73773039503274,-781.5901810221146,454.4011747673691,154.84431442359576,-15.454597024410331,56.04568427801127,207.22179222106922,-0.6573164268263137,0.1922813184838572
1767170429,83984375,66_1767170429-83984375.png,-140930,141000,-68550,68850,-1.3492838541666667,1.349954044117647,87.99,34.57,31.0,-256.0,-757.0,529.0,154.0,-14.0,19.498248857287454,-183.36215221962865,-766.7138565105587,462.6173213325633,155.54854172370034,-15.3449084162922,61.0726324319839,220.93933224678028,-0.6675084108970741,0.1922813184838572
1767170429,150683350,67_1767170429-150683350.png,-143335,143405,-67900,68250,-1.3723096660539216,1.372979856004902,88.62,35.83,-18.0,-251.0,-812.0,551.0,145.0,-14.0,15.18114973226316,-200.62186437679085,-772.3512318300476,482.2762843413227,153.84882290641258,-15.011801885668998,100.71779119968409,213.7085108757018,-0.6800999696890233,0.1922813184838572
1767170429,184032959,68_1767170429-184032959.png,-147076,147290,-68350,68200,-1.4081265318627452,1.4101753982843137,89.93,30.5,331.0,-278.0,-938.0,580.0,112.0,-47.0,49.35653570361188,-218.5281585640407,-775.3322232464242,492.2217573920105,145.6248260909733,-16.855956445668625,103.03781121969217,223.23855662345875,-0.6900525355777857,0.1922813184838572
1767170429,217381592,69_1767170429-217381592.png,-150086,150083,-68250,67750,-1.436944699754902,1.4369159773284315,90.65,31.96,288.0,-230.0,-989.0,618.0,161.0,-42.0,101.38914042980852,-225.99294900756348,-812.247884657433,513.0905016981981,143.38282723708525,-22.38896097514497,77.42706567049021,223.04783821105946,-0.6998961781779638,0.1922813184838572
1767170429,250731201,70_1767170429-250731201.png,-152341,152413,-68000,67950,-1.4585343903186274,1.4592237285539216,91.44,31.35,110.0,-190.0,-707.0,571.0,184.0,-30.0,112.48980122973603,-221.93289884773392,-809.2882010513324,525.6363684530062,149.16007335597587,-24.352312190442955,107.93449121713633,221.94379210472096,-0.7096292330138764,0.1922813184838572
1767170429,317429443,71_1767170429-317429443.png,-155337,155407,-68000,68100,-1.4872185202205883,1.4878887101715685,92.18,33.43,142.0,-254.0,-646.0,571.0,182.0,-19.0,116.73926090850561,-225.77384313383718,-782.6903579209522,533.4759537063975,154.88850482247778,-23.71966588041585,80.58960765600199,229.85738825798023,-0.7192503019259511,0.1922813184838572
1767170429,350778320,72_1767170429-350778320.png,-157873,158005,-68600,69000,-1.5114985447303921,1.512762331495098,93.69,31.27,232.0,-186.0,-883.0,675.0,139.0,-41.0,138.3903841310186,-222.8182485191084,-779.6825765463935,554.1644497872205,153.3809725624702,-24.81716810382081,75.07717359066004,226.83455157279957,-0.7287577204385068,0.1922813184838572
1767170429,384127930,73_1767170429-384127930.png,-160666,160808,-68000,68900,-1.5382391237745099,1.5395986519607843,94.5,32.03,176.0,-221.0,-559.0,623.0,105.0,-38.0,149.49946419746504,-219.62307707968463,-768.2143277299642,570.3406361722859,147.81857615813016,-27.342317731245366,76.34102147817606,227.42820024490345,-0.738150090391971,0.33683145345826
1767170429,417476563,74_1767170429-417476563.png,-163065,163129,-68250,67750,-1.5612074908088236,1.5618202359068627,95.29,33.51,164.0,-285.0,-533.0,603.0,94.0,-27.0,153.00661579559963,-229.25596142164704,-722.8695974667277,577.8720558007986,137.7076864621173,-27.84989010802728,82.28556138277048,234.91350388526905,-0.7474259470477442,0.34506945186439414
1767170429,450826172,75_1767170429-450826172.png,-165859,165934,-68650,68900,-1.587957643995098,1.5886757046568627,95.93,32.86,143.0,-284.0,-600.0,618.0,86.0,-17.0,151.54323001454,-237.2618296681896,-704.9009229887488,583.7404396943913,130.14585989799284,-26.26318235043266,72.19075334072107,237.24969696998585,-0.7565836925091725,0.35167190917876984
1767170429,517524658,76_1767170429-517524658.png,-168855,168867,-67900,68150,-1.6166417738970589,1.6167566636029411,96.72,36.92,220.0,-275.0,-381.0,665.0,35.0,-37.0,167.88187218271557,-250.10917219440424,-648.1362163963163,599.7383870557633,114.54802027735084,-29.08152555976144,111.84604263305658,247.86559104919422,-0.7656219951957106,0.3686740364040584
1767170429,550873291,77_1767170429-550873291.png,-171861,171938,-67950,68200,-1.6454216452205883,1.6461588541666667,96.88,38.28,240.0,-226.0,-499.0,722.0,39.0,-40.0,182.45563788736084,-248.50667462911719,-605.685103479451,622.6608023542577,97.35319979742773,-31.290110237714217,82.49934142827982,247.98366165161121,-0.7767496809154704,0.3595546874474536
1767170429,584222900,78_1767170429-584222900.png,-174730,174799,-68300,67750,-1.6728898590686274,1.673550474877451,96.65,40.18,66.0,-314.0,-807.0,716.0,240.0,-9.0,172.2360046399139,-257.53018982273676,-630.4209834170476,644.0774794137803,110.30242588268067,-28.64872878313493,49.95736885070796,248.84368562698353,-0.7855140109048667,0.3595546874474536
1767170429,617571533,79_1767170429-617571533.png,-176984,177059,-67950,68150,-1.6944699754901962,1.6951880361519607,96.25,41.46,-111.0,-271.0,-667.0,656.0,242.0,-11.0,137.85750784210765,-263.3974460917035,-648.2662342027796,651.0766560914221,132.89731764563084,-25.434111167321653,78.6827312111854,247.39947009086598,-0.7941543041664926,0.3595546874474536
1767170429,684270020,80_1767170429-684270020.png,-180405,180531,-68000,68100,-1.7272231158088236,1.7284294577205883,95.78,44.22,143.0,-382.0,-562.0,698.0,172.0,-22.0,125.5887791626853,-281.1398827848857,-636.630694590635,658.1964119176192,144.32425942079377,-24.176675800688518,91.42017751932138,252.13690972328175,-0.8026691625407756,0.3595546874474536
1767170429,717619629,81_1767170429-717619629.png,-183192,183274,-68250,67850,-1.75390625,1.7546913296568627,94.98,47.5,330.0,-223.0,-870.0,803.0,172.0,-48.0,153.9596258458113,-270.2817898938383,-675.0072388122488,678.0260330393849,155.0362857560866,-26.024262755927847,31.25823867321009,256.0471386909484,-0.8110572544471709,0.3595546874474536
1767170429,750968506,82_1767170429-750968506.png,-185858,185921,-68650,68950,-1.7794309129901962,1.7800340839460784,94.75,51.13,158.0,-167.0,-875.0,832.0,200.0,-45.0,168.81567109698136,-257.0425065404923,-709.1577292076325,702.248208011395,160.50200025390745,-29.550522166474313,55.70202571153636,261.0611271858214,-0.8193172483051335,0.3595546874474536
1767170429,784318115,83_1767170429-784318115.png,-188934,189062,-67950,68200,-1.8088809742647058,1.8101064644607843,94.53,50.21,248.0,-252.0,-559.0,778.0,151.0,-58.0,179.82983219239668,-251.59385774598675,-695.8756234904264,720.115189718,161.1790332226391,-34.51937670343202,19.913609623908943,265.06836318969715,-0.8274479456921726,0.3595546874474536
1767170429,851016602,84_1767170429-851016602.png,-191320,191397,-68250,67800,-1.8317248774509804,1.8324620863970589,94.41,52.57,320.0,-247.0,-793.0,836.0,135.0,-80.0,213.2633906267349,-246.40757947514035,-699.3414799326308,737.1665144036456,155.23796564503004,-39.82876370535532,23.974521338939613,264.9537315368651,-0.8354479484487162,0.3595546874474536
1767170429,917714844,85_1767170429-917714844.png,-197466,197468,-67950,68250,-1.8905675551470589,1.8905867034313726,94.78,55.71,145.0,-418.0,-255.0,799.0,132.0,-41.0,214.73869056441362,-273.62452352691764,-597.730537216847,764.3615313587693,144.31387758078043,-44.3743798642589,43.20836138725276,271.77388501167286,-0.8529636255171946,0.3595546874474536
1767170429,951063721,86_1767170429-951063721.png,-200532,200538,-67950,68250,-1.919921875,1.9199793198529411,94.92,57.24,184.0,-421.0,-447.0,812.0,229.0,-46.0,202.54802616738002,-307.36247277185527,-544.8878151097699,774.2111729567058,153.2666034169376,-43.141645653403955,48.482013791799496,272.8577272891997,-0.8605303985434094,0.4300547838761629
1767170430,17762207,87_1767170430-17762207.png,-203607,203754,-68250,67700,-1.949362362132353,1.9507697610294117,94.94,55.02,251.0,-287.0,-652.0,886.0,250.0,-62.0,208.66325754627488,-310.3303947189793,-555.430389428143,792.5365704662986,171.37561120311173,-46.04908128855879,16.96445804834361,280.6991055011748,-0.8697975333466128,0.4515697844771248
1767170430,84460693,88_1767170430-84460693.png,-208726,208873,-67950,68200,-1.9983723958333333,1.9997797947303921,96.67,58.71,26.0,-168.0,-864.0,990.0,270.0,-27.0,180.13123180822876,-276.17020369415155,-633.1200217658092,858.8664994317741,197.9386983281322,-41.668500316656065,34.51078647375102,274.2731416225432,-0.880634668191445,0.45939914982344215
1767170430,117810303,89_1767170430-117810303.png,-210701,210705,-68650,68800,-2.017281326593137,2.0173196231617645,96.67,58.71,26.0,-168.0,-864.0,990.0,270.0,-27.0,175.3336306942039,-272.803219056067,-640.3065603264077,862.948256393237,200.1817309511971,-41.21191787950392,45.55247387289996,285.35157442092884,-0.8876857866515933,0.45939914982344215
1767170430,151159180,90_1767170430-151159180.png,-212218,212344,-68250,67850,-2.031805300245098,2.033011642156863,97.73,57.75,244.0,-406.0,-858.0,1001.0,238.0,-49.0,173.83677093767207,-284.18419362832594,-689.4268575583885,892.9542673260257,211.1070823680252,-41.25273057242669,49.5078592896461,286.3763813972472,-0.8945967562593761,0.45939914982344215
1767170430,184509033,91_1767170430-184509033.png,-216172,216246,-68200,67750,-2.0696614583333335,2.070369944852941,99.02,58.43,307.0,-396.0,-673.0,976.0,204.0,-46.0,193.31080491182462,-300.53634149573793,-687.0245638889334,905.0990270385167,210.06772965431742,-41.94697992915975,52.118742257356594,284.44684410095203,-0.9030367132280007,0.45939914982344215
1767170430,251207764,92_1767170430-251207764.png,-219649,219644,-68150,67700,-2.102950750612745,2.102902879901961,101.45,60.41,120.0,-304.0,-876.0,1040.0,218.0,-62.0,189.4573698784353,-307.5798039117356,-730.3505544128028,937.6091969094208,209.71279792051882,-46.65597349973766,46.39635956287379,288.08109736442555,-0.9096283698210831,0.45939914982344215
1767170430,284556641,93_1767170430-284556641.png,-222246,222250,-68600,68900,-2.1278147977941178,2.127853094362745,102.59,63.26,88.0,-294.0,-581.0,1011.0,183.0,-62.0,172.77424996550798,-305.49873635755824,-712.3798466369792,951.0630068926937,206.02649943938187,-49.307674868806586,46.39635956287379,288.08109736442555,-0.9160763488733557,0.45939914982344215
1767170430,317906494,94_1767170430-317906494.png,-224773,224765,-68150,67750,-2.1520086550245097,2.151932061887255,103.67,67.17,149.0,-372.0,-674.0,1000.0,207.0,-53.0,169.2974602030609,-315.22400268382637,-706.7671077255378,958.2196421971627,206.16886594044098,-49.84764724372416,62.26621603965754,292.1824746131896,-0.9223796516994097,0.45939914982344215
1767170430,384605469,95_1767170430-384605469.png,-228316,228328,-68250,67750,-2.1859298406862746,2.186044730392157,105.03,68.4,153.0,-368.0,-635.0,1022.0,281.0,-54.0,163.25615089311015,-324.28749979899135,-697.9239495584161,976.2594356976939,218.9640512869938,-51.098192703248934,46.178423404693554,291.2187089920043,-0.9300538832756092,0.45939914982344215
1767170430,417954346,96_1767170430-417954346.png,-231042,231044,-68450,68900,-2.2120289522058822,2.212048100490196,105.77,70.27,136.0,-430.0,-675.0,1043.0,263.0,-40.0,159.27016157582935,-339.7470890182006,-694.5715092814279,986.019697789783,225.40394890257156,-49.475172720355594,53.97152429819102,295.4070630073546,-0.9360281525489841,0.45939914982344215
1767170430,451304199,97_1767170430-451304199.png,-233920,233909,-67950,68050,-2.2395833333333335,2.2394780177696076,106.68,73.96,240.0,-319.0,-727.0,1106.0,243.0,-46.0,170.22086473892222,-353.33651319710947,-711.7184392103038,1007.784279799258,227.79965628548285,-49.3342462062991,57.97788703441615,295.93465518951405,-0.9418545498028321,0.45939914982344215
1767170430,484653320,98_1767170430-484653320.png,-236509,236588,-68300,67600,-2.264370787377451,2.265127144607843,106.9,75.9,187.0,-435.0,-684.0,1060.0,224.0,-47.0,178.0663909805021,-362.62600690215055,-708.8456241581711,1023.0093634285339,228.41849225494366,-48.73525025439837,85.80565893650049,302.2359571456908,-0.9475322760888266,0.5158289154149821
1767170430,551352051,99_1767170430-551352051.png,-240821,240820,-68250,67750,-2.305654488357843,2.3056449142156863,107.01,84.86,221.0,-447.0,-564.0,1094.0,220.0,-76.0,188.88248792735848,-415.58719934612526,-691.2362202654339,1033.2307659100002,225.66188296822406,-53.61740884917076,74.77351760864252,299.148210287094,-0.9544188777726352,0.5199694218180949
1767170430,584702148,100_1767170430-584702148.png,-242584,242595,-67900,68150,-2.3225337009803924,2.3226390165441178,107.01,84.86,221.0,-447.0,-564.0,1094.0,220.0,-76.0,190.850796330224,-417.5123198020534,-683.438601292617,1036.9549832100363,225.3148968194467,-54.98911666204362,52.063349068164776,300.84547519683827,-0.9597587154953259,0.5241004868685688
1767170430,618051025,101_1767170430-618051025.png,-245253,245245,-68250,67700,-2.348087086397059,2.348010493259804,106.87,89.41,240.0,-431.0,-711.0,1111.0,238.0,-58.0,199.6159388238681,-421.0276435580803,-681.219938383574,1050.7681834390987,226.8919023143799,-56.52876970764329,71.22134006023401,305.72032952308643,-0.9662202100901306,0.5314640392454503
1767170430,684750000,102_1767170430-684750000.png,-249614,249616,-68000,68250,-2.389839920343137,2.389859068627451,106.41,95.61,405.0,-463.0,-814.0,1173.0,243.0,-42.0,264.23009023462197,-436.4730812789643,-714.4849049545693,1084.2859874474066,225.93023205605036,-53.90903238030878,74.28984999656672,307.12356424331654,-0.9724434183464005,0.5280527449105881
1767170430,718100098,103_1767170430-718100098.png,-252014,252018,-68500,68850,-2.4128178615196076,2.4128561580882355,106.41,95.61,405.0,-463.0,-814.0,1173.0,243.0,-42.0,272.8571157537573,-438.09877248763115,-720.5836462688673,1089.7227889021474,226.97634570280636,-53.17919227154996,50.54247158765788,309.6414484977721,-0.977249225691503,0.5427726734927689
1767170430,784799072,104_1767170430-784799072.png,-255554,255619,-68550,68950,-2.446710324754902,2.447332643995098,106.34,97.42,289.0,-464.0,-667.0,1211.0,223.0,-65.0,278.73166483279596,-439.25232481608595,-722.6630170999647,1122.7255300798445,228.27061833226367,-55.1352260281818,73.93774932622904,320.8482687473296,-0.983039403954526,0.545090254896938
1767170430,818147949,105_1767170430-818147949.png,-258633,258626,-68050,68150,-2.4761891084558822,2.4761220894607843,106.4,95.92,200.0,-408.0,-855.0,1262.0,266.0,-71.0,267.2178022853669,-434.68192772129305,-742.016219325377,1143.093283085351,233.7882320578768,-57.45531956672788,96.23126757144922,320.88136863708485,-0.9874970029871006,0.545090254896938
1767170430,851498047,106_1767170430-851498047.png,-261085,261099,-68200,67700,-2.4996649050245097,2.499798943014706,106.63,96.12,279.0,-376.0,-691.0,1270.0,158.0,-68.0,263.1051885825122,-429.3446619649926,-759.8912419482995,1171.4498213968238,231.09456549538353,-60.51007014914528,100.23425346612925,324.4421143531798,-0.9917986739378513,0.545090254896938
1767170430,884846924,107_1767170430-884846924.png,-263950,264026,-68600,68950,-2.5270948223039214,2.527822457107843,106.72,97.18,298.0,-372.0,-626.0,1257.0,164.0,-55.0,269.43643455870415,-416.8366227022654,-734.9876332049502,1191.5756401723067,215.63464114201622,-60.28300153321656,103.13132375478739,325.9359080791472,-0.9969554193355988,0.545090254896938
1767170430,951545898,108_1767170430-951545898.png,-266894,266887,-68000,68150,-2.5552810968137254,2.5552140778186274,106.88,97.98,250.0,-293.0,-714.0,1280.0,186.0,-56.0,266.5940148487147,-398.72652868660083,-731.918363370115,1204.50698014921,211.30081706403953,-59.65664756180477,93.94423669576639,337.3867504596709,-1.0009038885467776,0.545090254896938
1767170430,984895996,109_1767170430-984895996.png,-270237,270310,-68000,68100,-2.5872874540441178,2.5879863664215685,107.37,97.07,238.0,-409.0,-747.0,1264.0,294.0,-45.0,250.10240281706524,-381.5348109009525,-769.8426966685075,1228.7509434343635,235.3434330657774,-56.55726071620984,98.44686526060099,342.7519416809081,-1.0056170844649726,0.545090254896938
1767170431,51594971,110_1767170431-51594971.png,-273239,273317,-68250,67800,-2.6160290287990198,2.616775811887255,107.67,96.07,356.0,-651.0,-929.0,1286.0,271.0,-71.0,268.686637369116,-419.17639175501535,-775.3857904179662,1235.2439714149496,239.380130159904,-57.636306781357014,87.15392786264414,339.47648549079884,-1.009209089564244,0.545090254896938
1767170431,84944092,111_1767170431-84944092.png,-276167,276168,-68650,68950,-2.6440621170343137,2.6440716911764706,107.51,95.91,349.0,-496.0,-682.0,1306.0,209.0,-69.0,285.3904055733894,-451.1801471739288,-783.5336286853351,1247.1323681656877,240.047468361332,-60.108848283725386,117.8592882752418,340.2852118015288,-1.0126416378932472,0.545090254896938
1767170431,118294189,112_1767170431-118294189.png,-279317,279389,-67900,68100,-2.6742206648284315,2.6749100030637254,107.26,96.71,191.0,-429.0,-583.0,1329.0,180.0,-72.0,274.914775065099,-450.2815559109419,-748.8947599598264,1262.1849251716317,229.6415445239109,-62.313036797116794,110.82610660791391,344.5857615470885,-1.0167074859294714,0.545090254896938
1767170431,151643311,113_1767170431-151643311.png,-281158,281154,-68200,67750,-2.6918466605392157,2.6918083639705883,106.28,98.0,224.0,-524.0,-781.0,1346.0,278.0,-95.0,256.01904618688764,-453.93703158413143,-744.9737468876183,1279.925820948322,230.59518911219527,-66.60702103664849,85.42173802852625,348.3187413215636,-1.019779508825905,0.6090664420502732
1767170431,218340576,114_1767170431-218340576.png,-284717,284718,-68600,68950,-2.7259210324754903,2.725930606617647,105.64,96.95,76.0,-304.0,-794.0,1381.0,297.0,-78.0,232.0768361821964,-441.7100764749662,-753.6718391649887,1297.2042450187666,242.26553404324997,-70.22501844165396,81.2754961252212,352.7846472263335,-1.0226905436344433,0.6314563964403623
1767170431,251689697,115_1767170431-251689697.png,-287852,287853,-68600,68900,-2.755935968137255,2.7559455422794117,104.38,99.67,16.0,-356.0,-851.0,1343.0,365.0,-21.0,178.55154733735287,-411.78352799997793,-767.139768907191,1308.9371287151012,262.7849767792549,-62.97840586188587,94.688960134983,350.56924724578846,-1.0254400577228684,0.622484347744086
1767170431,285037842,116_1767170431-285037842.png,-290505,290575,-68050,68150,-2.7813361672794117,2.7820063572303924,104.04,102.84,290.0,-522.0,-684.0,1399.0,218.0,-62.0,175.25797430535172,-417.1668308881871,-766.5180806097951,1319.8919644645316,267.14537442311143,-59.434496305905675,76.39920705556864,355.77266454696644,-1.028649166836414,0.6300825850791022
1767170431,351735352,117_1767170431-351735352.png,-293925,294001,-68200,67750,-2.8140797334558822,2.814807368259804,103.84,104.35,-87.0,-339.0,-946.0,1399.0,425.0,-35.0,142.90844585036476,-411.2206743449273,-788.4483157165126,1335.5999758269038,287.6589284803982,-55.99538374894244,72.25530296564096,354.82294130325306,-1.0310337612764708,0.6225254048507814
1767170431,385084473,118_1767170431-385084473.png,-296789,296794,-68600,68900,-2.841500076593137,2.8415479473039214,104.7,107.99,10.0,-303.0,-795.0,1389.0,362.0,-7.0,110.87152278202853,-396.62735739584764,-820.3272411494614,1349.5041458684757,305.0403677971649,-50.64534724356736,67.6374721527099,356.99234533309925,-1.0337854724727953,0.6503069216834935
1767170431,418432617,119_1767170431-418432617.png,-299525,299655,-68000,68300,-2.8676949295343137,2.868939568014706,105.78,107.96,277.0,-444.0,-863.0,1475.0,268.0,-72.0,115.0065601524342,-390.7973561010801,-821.4524150952524,1365.1299227486982,307.84315243888733,-47.86169280796265,71.8231971263885,351.85283517837513,-1.0358032164726938,0.6595263994587955
1767170431,451781738,120_1767170431-451781738.png,-302598,302589,-68200,67650,-2.897116268382353,2.897030101102941,106.76,112.79,358.0,-348.0,-913.0,1521.0,282.0,-76.0,152.62558677527488,-388.5855687342955,-834.5731929158085,1389.5827029289899,302.620984390477,-52.50844470269195,69.64825141429895,351.6201329231261,-1.0376573758026342,0.6400728427593404
1767170431,518479004,121_1767170431-518479004.png,-305940,306013,-68250,67700,-2.9291130514705883,2.929811963848039,107.84,116.46,302.0,-368.0,-659.0,1519.0,237.0,-64.0,204.82882707209896,-398.1777040972218,-793.0202700228497,1415.5800238025881,284.692735345662,-58.18972937067291,41.23693531751628,344.3778483867644,-1.0397446283069838,0.6400728427593404
1767170431,551827148,122_1767170431-551827148.png,-309007,309008,-68600,68900,-2.9584769454656863,2.958486519607843,107.99,118.07,190.0,-355.0,-644.0,1518.0,288.0,-67.0,205.7322195538633,-392.2198876916511,-771.6387002640292,1430.5855367520285,283.7775444345533,-59.39587407545874,23.511764168739266,330.2914810180663,-1.0412297400888664,0.6400728427593404
1767170431,585176514,123_1767170431-585176514.png,-311610,311604,-68000,68200,-2.9833984375,2.983340992647059,107.92,155.2,268.0,-451.0,-660.0,1534.0,290.0,-72.0,206.4331454714,-386.79218480265314,-745.4028877229379,1448.032195732812,281.02726305545445,-61.574075342867374,38.33830648660655,331.06438493728626,-1.0425504682524638,0.6400728427593404
1767170431,651873779,124_1767170431-651873779.png,-315080,315081,-67950,68150,-3.0166207107843137,3.0166302849264706,107.6,163.65,344.0,-641.0,-720.0,1542.0,273.0,-65.0,239.141845020881,-449.1477713857702,-735.2708350523395,1483.2836108672388,281.0049382047126,-66.16127049061343,21.35688468813891,322.96737813949574,-1.0439697333763944,0.6400728427593404
1767170431,685221924,125_1767170431-685221924.png,-317955,317948,-68150,67800,-3.044146369485294,3.044079350490196,107.6,163.65,344.0,-641.0,-720.0,1542.0,273.0,-65.0,242.40573641550978,-455.11950375259505,-734.7955039049809,1485.1112600114782,280.75577066093786,-66.12512393852214,5.6428174972533665,311.32080221176136,-1.0451314708229142,0.6400728427593404
1767170431,718571045,126_1767170431-718571045.png,-320408,320487,-68050,68100,-3.0676317401960786,3.0683880974264706,107.35,166.31,440.0,-604.0,-753.0,1578.0,246.0,-78.0,265.95142484811305,-478.95436937180494,-735.618405321511,1496.6889074350452,277.1779519932792,-67.13713219102004,13.638139247894236,311.9587273597716,-1.0457047162475537,0.6400728427593404
1767170431,785268555,127_1767170431-785268555.png,-323764,323764,-67950,68200,-3.0997625612745097,3.0997625612745097,107.04,169.54,335.0,-617.0,-865.0,1608.0,268.0,-81.0,280.6745032372067,-502.46546472366754,-755.0013168267795,1515.1280628789766,275.0072068177072,-69.45314076089544,9.754187017679163,310.81871557235706,-1.0464537303041386,0.6400728427593404
1767170431,818616699,128_1767170431-818616699.png,-326621,326632,-68200,67750,-3.1271158854166665,3.1272212009803924,106.49,144.75,276.0,-498.0,-748.0,1615.0,315.0,-77.0,281.85032899092965,-508.35317911269925,-740.3308427835124,1528.4839662278227,278.68419612570136,-71.20349053114558,-7.479134172201207,305.9793970584868,-1.0468669863262916,0.6400728427593404
1767170431,851965820,129_1767170431-851965820.png,-329281,329280,-68600,68850,-3.1525831035539214,3.1525735294117645,106.35,150.44,309.0,-466.0,-849.0,1655.0,293.0,-78.0,284.60950522053855,-502.4953821746439,-753.8538120050466,1550.4154744655443,283.2813148268184,-72.4732822559219,-11.745708525180868,303.0840880870818,-1.047114926623778,0.7063849115006355
1767170431,885313965,130_1767170431-885313965.png,-331957,332084,-67950,68150,-3.1782035079656863,3.1794194240196076,106.21,157.62,360.0,-455.0,-740.0,1647.0,285.0,-77.0,294.2358976151807,-495.8512837212421,-754.8175070992239,1564.759599649017,283.7520861483381,-73.16270618901358,-9.80973929166799,303.7450828552245,-1.0471975511965976,0.7238002827627767
1767170431,952011230,131_1767170431-952011230.png,-335028,335029,-68250,67700,-3.2076056985294117,3.2076152726715685,106.29,135.4,423.0,-504.0,-987.0,1708.0,326.0,-64.0,330.73034900791896,-507.7810904906434,-802.9884655029784,1593.8491383981475,290.66780101819455,-73.77487654781125,-40.60042989254003,278.1263413429259,-1.0471147934657234,0.7238002827627767
1767170431,985360352,132_1767170431-985360352.png,-337751,337758,-68550,69000,-3.233676087622549,3.233743106617647,106.27,199.91,260.0,-551.0,-959.0,1671.0,321.0,-49.0,327.30949034229997,-512.711883948852,-831.4619254549395,1609.1801991615769,296.1797220859729,-70.30341578318261,-62.26124492287641,202.87667942047108,-1.0468666534311555,0.7238002827627767
1767170432,18708496,133_1767170432-18708496.png,-340213,340275,-68050,68250,-3.257247625612745,3.2578412224264706,106.12,340.24,222.0,-642.0,-1053.0,1681.0,337.0,-55.0,311.90883802132964,-531.6192143144725,-863.8600583377006,1619.6832580870232,302.14935412726294,-68.06541629202587,-57.87777990102773,204.96870708465565,-1.0464531976719205,0.7238002827627767
1767170432,52057861,134_1767170432-52057861.png,-343428,343415,-68300,67700,-3.288028492647059,3.2879040287990198,105.49,700.86,281.0,-634.0,-947.0,1738.0,330.0,-108.0,302.340271890636,-561.1526761706754,-898.8024637817845,1640.1429597380018,315.9556200538192,-72.73499529264397,-82.46832966804509,64.6556951999663,-1.0457040504572814,0.7238002827627767
1767170432,118755127,135_1767170432-118755127.png,-346627,346620,-68300,67750,-3.318656173406863,3.3185891544117645,105.09,843.74,253.0,-610.0,-982.0,1738.0,353.0,-104.0,295.89265717302516,-568.9544810587403,-910.0094275056002,1654.4537521398606,320.7422033507629,-77.4169605483552,-131.1737491190434,-41.23586726188672,-1.0449188839888988,0.7238002827627767
1767170432,152103271,136_1767170432-152103271.png,-348275,348273,-67950,68200,-3.3344343596813726,3.334415211397059,104.1,1147.05,366.0,-376.0,-1290.0,1882.0,409.0,-88.0,291.74317693994794,-554.5184924538752,-944.6596238536287,1683.6016003608997,332.00771425428036,-82.48074826288769,-146.5579248666764,-60.25655412673962,-1.043705414638204,0.7238002827627767
1767170432,185452393,137_1767170432-185452393.png,-352370,352369,-68050,68050,-3.3736404718137254,3.3736308976715685,103.38,1321.06,382.0,-384.0,-1069.0,1825.0,418.0,-71.0,308.3889258584472,-520.0216458176512,-986.9740503745672,1716.2240266158103,348.3649341136344,-81.55684591349362,-148.66377520561224,-53.188939571380736,-1.042549203250946,0.7238002827627767
1767170432,252149414,138_1767170432-252149414.png,-356800,356790,-68050,68150,-3.4160539215686274,3.415958180147059,102.0,1329.08,311.0,-566.0,-1211.0,1798.0,422.0,-83.0,313.4737924306067,-509.21223796958134,-1040.8084962958296,1742.575086328733,365.8779872239641,-78.69274173722049,-148.7174799740315,-53.21573472023022,-1.0405062923787465,0.7238002827627767
1767170432,285497314,139_1767170432-285497314.png,-359461,359468,-68200,67600,-3.441530713848039,3.441597732843137,101.26,1332.96,541.0,-682.0,-1056.0,1819.0,327.0,-124.0,340.4390955795013,-531.299334975957,-1047.2815404898315,1753.175607760864,362.79810279583216,-84.19399122260192,-148.79962813854223,-53.256715536117675,-1.0389388889191802,0.7646710616052046
1767170432,352194336,140_1767170432-352194336.png,-362326,362401,-68450,68800,-3.468960631127451,3.4696786917892157,99.39,1344.17,317.0,-620.0,-1100.0,1863.0,354.0,-96.0,346.5057642132163,-559.3712281488124,-1050.4192340325176,1771.737183292395,358.70353540222703,-89.75889443547204,-149.01126518845564,-53.3620333671571,-1.037207434736465,0.7798286524228679
1767170432,385543457,141_1767170432-385543457.png,-364990,364983,-68150,68250,-3.4944661458333335,3.4943991268382355,98.35,1343.09,299.0,-709.0,-1099.0,1845.0,397.0,-99.0,340.0521466748018,-578.8120804637881,-1057.5512024866648,1782.9449837326738,363.1246566945747,-91.0280452285334,-148.4748668968678,-53.09479832649243,-1.0353121961467104,0.786875255973852
1767170432,418891602,142_1767170432-418891602.png,-367863,367862,-68250,67700,-3.52197265625,3.521963082107843,97.18,1345.8,467.0,-619.0,-1149.0,1878.0,354.0,-104.0,354.00925186379385,-587.1577964453151,-1069.553418877302,1795.9408639236642,362.96967390153026,-92.78794531252892,-148.82930538058287,-53.2714743614198,-1.0332534394660247,0.7866775943852072
1767170432,452240479,143_1767170432-452240479.png,-370307,370376,-68600,68950,-3.543533624387255,3.5434378829656863,95.19,1355.18,329.0,-565.0,-1121.0,1856.0,432.0,-110.0,365.5567487577291,-594.893725439108,-1082.6417828832305,1807.9407545038284,365.5741773623134,-95.90416262287894,-146.95191136002546,-52.336223363876464,-1.0310314975895443,0.792251242249856
1767170432,485588623,144_1767170432-485588623.png,-373047,373174,-68050,68150,-3.5716050091911766,3.572820925245098,94.6,1358.59,330.0,-595.0,-1169.0,1921.0,454.0,-86.0,358.3883966544989,-591.6730182278221,-1094.60252438379,1823.3663347557886,380.75503922296434,-96.53099966507322,-147.72572758793837,-52.72167229652417,-1.0286467699914328,0.8096318702698487
1767170432,518937500,145_1767170432-518937500.png,-375846,375852,-68200,67700,-3.5984030330882355,3.5984604779411766,94.48,1360.25,448.0,-545.0,-1354.0,1925.0,406.0,-110.0,364.9162652744432,-586.2188936277283,-1127.4630206091824,1838.1197138663902,385.76347438757364,-97.84244790600036,-147.41752585768705,-52.56820917129529,-1.0260995895668266,0.8067558628165042
1767170432,585634521,146_1767170432-585634521.png,-377999,378368,-59650,68900,-3.619016161151961,3.622549019607843,94.4,1360.25,483.0,-551.0,-1350.0,1945.0,321.0,-119.0,384.3929717175897,-579.9730385516385,-1166.0273873012432,1856.058899725699,376.83012512359306,-101.25965028251065,-146.14491117000586,-51.934296131134154,-1.023390355789889,0.8067558628165042
1767170432,618982666,147_1767170432-618982666.png,-378776,381171,-16000,68150,-3.626455269607843,3.6493853400735294,94.22,1371.17,282.0,-551.0,-1176.0,1923.0,354.0,-98.0,371.94981244792837,-573.0313713916743,-1157.4176785057236,1865.4608238115175,367.9744704886343,-100.9365818957271,-145.69338849186903,-51.70933151245129,-1.0205194681347833,0.8067558628165042
1767170432,652331543,148_1767170432-652331543.png,-378589,382953,1650,68900,-3.6246649050245097,3.666446461397059,94.34,1383.44,389.0,-690.0,-1314.0,1930.0,377.0,-106.0,369.11802883994596,-585.7390447187886,-1177.0252558137536,1876.2362379927015,368.29215854042707,-101.37959897055289,-146.35745736956602,-52.04018712043774,-1.0174875258127556,0.8067558628165042
1767170432,719028564,149_1767170432-719028564.png,-376949,387381,25400,68950,-3.608963311887255,3.708840762867647,96.4,1408.91,384.0,-773.0,-1346.0,1919.0,495.0,-109.0,381.1243461244267,-616.1009516969584,-1190.4586177248052,1881.1071881791224,376.1374843732057,-102.03477046697668,-146.5024667382241,-52.11240506172192,-1.0134716120469704,0.8067558628165042
1767170432,752376709,150_1767170432-752376709.png,-374793,390452,50750,68850,-3.588321461397059,3.7382429534313726,99.26,1422.32,295.0,-742.0,-1249.0,1910.0,498.0,-103.0,371.12095766371084,-643.5722465897048,-1209.8186465493739,1887.5620177623853,400.09574613585886,-102.70493438348791,-146.09295976161962,-51.90836071968091,-1.0100788113972368,0.8067558628165042
1767170432,785725586,151_1767170432-785725586.png,-373008,392979,41400,57500,-3.571231617647059,3.7624368106617645,111.98,1453.53,288.0,-543.0,-972.0,1886.0,319.0,-108.0,355.6760392590126,-653.4670491911476,-1197.146908744453,1894.6599447601209,403.08383666768975,-107.16225417674556,-146.25634694099432,-49.7449748516084,-1.0056134891975008,0.8067558628165042
1767170432,852422607,152_1767170432-852422607.png,-371385,393603,34850,12000,-3.5556927849264706,3.768411075367647,130.2,1500.05,324.0,-605.0,-1047.0,1896.0,364.0,-84.0,335.5451306926589,-618.4819061977952,-1157.0704430859341,1896.8553478594515,387.2272469912433,-105.81689963291238,-147.84021550416952,-52.778701543808104,-1.001862559960179,0.8067558628165042
1767170432,885770508,153_1767170432-885770508.png,-370155,393043,33100,-14850,-3.5439165900735294,3.763049555759804,130.2,1516.87,324.0,-605.0,-1047.0,1896.0,364.0,-84.0,334.17341480923824,-616.8800754898881,-1143.9926028175576,1896.7537210978417,384.4675395029355,-103.22476026696398,-148.60688841342932,-53.16056823730481,-0.9979534389541059,0.8067558628165042
1767170432,919119629,154_1767170432-919119629.png,-368974,392055,30450,-28750,-3.5326095281862746,3.7535903033088234,130.2,1516.87,337.0,-618.0,-1144.0,1940.0,371.0,-103.0,336.4543835452297,-617.9465304437616,-1144.0870647826414,1903.1092626863597,382.2801348096576,-103.06738399796636,-148.47207450866705,-53.09350872039807,-0.9938867253905278,0.8067558628165042
1767170432,952467529,155_1767170432-952467529.png,-367495,390195,36600,-44100,-3.5184493719362746,3.735782398897059,169.28,1548.51,292.0,-609.0,-1320.0,1949.0,410.0,-93.0,340.48278526352556,-620.6386359130207,-1155.1927013580628,1910.1476849932053,381.94011631593895,-101.99676531090557,-149.40804407000547,-53.13491940498364,-0.9896630184806894,0.8592553324712411
1767170433,19164551,156_1767170433-19164551.png,-365623,387147,36750,-60250,-3.5005265778186274,3.706600413602941,190.44,1562.93,343.0,-605.0,-1070.0,1887.0,360.0,-75.0,338.1636405622613,-618.1520337966376,-1153.9707838513052,1909.4955782030956,380.84865946606885,-98.3033349181415,-148.95983329415327,-46.35445713996899,-0.9841637239877302,0.8594778581711197
1767170433,52513428,157_1767170433-52513428.png,-364214,384681,39200,-68950,-3.4870366115196076,3.6829905790441178,232.04,1559.64,337.0,-555.0,-1267.0,1945.0,348.0,-98.0,339.2731434213215,-608.5670536185856,-1153.534152057059,1909.60050766791,374.33961363273494,-95.68273887288291,-148.13555926084524,-43.760629415512206,-0.9795893453413557,0.8626255114376092
1767170433,85861572,158_1767170433-85861572.png,-362395,381966,41350,-53450,-3.4696212469362746,3.6569967830882355,250.99,1549.89,211.0,-534.0,-1130.0,1874.0,402.0,-80.0,327.41830944173375,-596.0299846468266,-1163.6653791426295,1910.2038094611728,373.9967146462367,-94.51379654907764,-145.08438810706144,-21.594163417816283,-0.973653958219896,0.8718088207002425
1767170433,119210449,159_1767170433-119210449.png,-361212,380455,38550,-50500,-3.458295036764706,3.6425302542892157,267.42,1505.03,244.0,-574.0,-1230.0,1865.0,415.0,-81.0,312.12528183921717,-591.1598512340296,-1172.4716279912495,1902.6310164005336,380.7372889215441,-92.15181446423709,-144.3136889636517,-22.197699069976927,-0.9687325696834841,0.860894271471845
1767170433,185907715,160_1767170433-185907715.png,-358454,377335,42850,-47850,-3.4318895526960786,3.612658930759804,294.88,1455.07,399.0,-637.0,-894.0,1828.0,295.0,-96.0,346.89465877747415,-600.1632289002041,-1106.0030906484499,1879.2714028821085,355.9208998832792,-92.98112732296217,-141.6303987205029,-18.033704280853392,-0.9623658170444589,0.8725953355568885
1767170433,219255859,161_1767170433-219255859.png,-356764,375321,43000,-47950,-3.4157092524509802,3.5933766084558822,300.99,1437.13,496.0,-540.0,-1030.0,1835.0,289.0,-101.0,356.0325177553626,-596.4761503768129,-1101.3452727692586,1876.558248323237,351.81968029722714,-93.47256060820618,-137.14751169085508,-8.849129676818968,-0.9557616435942532,0.8699423662207506
1767170433,285953125,162_1767170433-285953125.png,-354656,373073,52050,-55500,-3.3955269607843137,3.571853936887255,306.44,1421.81,412.0,-600.0,-983.0,1811.0,330.0,-84.0,372.61889896708874,-592.1463617526085,-1084.7619554101123,1867.2042067666857,344.67405407630304,-93.2348632046276,-135.88217020034796,0.3178203105925306,-0.9503084217881523,0.871660740456439
1767170433,319302246,163_1767170433-319302246.png,-352624,370840,50150,-54850,-3.3760723039215685,3.5504748774509802,310.94,1394.21,525.0,-726.0,-973.0,1835.0,275.0,-94.0,395.9499305824514,-611.930070503637,-1065.7133894263716,1861.0009948138324,334.09483450207483,-93.10134449384763,-133.22186845541006,5.0422205924986585,-0.9447050642755984,0.871660740456439
1767170433,352650391,164_1767170433-352650391.png,-350245,368265,51500,-56000,-3.3532954197303924,3.525821461397059,324.61,1386.01,437.0,-488.0,-1302.0,1891.0,329.0,-68.0,403.0203951550379,-612.6081289051434,-1086.1566363783888,1861.8788836556441,330.81391690297113,-89.84608512487772,-123.3347361683846,9.658293962478517,-0.9389525697420001,0.871660740456439
1767170433,419347900,165_1767170433-419347900.png,-347988,365723,46900,-52800,-3.331686580882353,3.5014839920343137,332.48,1378.6,593.0,-400.0,-1204.0,1809.0,278.0,-75.0,427.42751815409105,-580.6182082887552,-1111.8142265935144,1857.1687975119078,324.44096021922593,-86.90241415556802,-116.94347909092907,15.083093643188356,-0.9315535758644602,0.871660740456439
1767170433,452697021,166_1767170433-452697021.png,-345797,363391,53200,-58050,-3.3107096354166665,3.4791570925245097,348.04,1360.81,474.0,-313.0,-1339.0,1756.0,316.0,-75.0,455.6197036105294,-534.8919456151738,-1153.2186068922017,1844.767961697255,316.72459288999625,-83.44078701828548,-89.96277490258221,37.268617153167604,-0.9254687188268199,0.871660740456439
1767170433,486045166,167_1767170433-486045166.png,-343788,361112,51150,-57550,-3.2914751838235294,3.4573376225490198,355.49,1345.46,329.0,-457.0,-1030.0,1693.0,348.0,-47.0,441.5681839625898,-513.6544754819633,-1148.6113707232332,1821.9421485499872,320.4013990997957,-78.65530516420203,-99.61684018373494,34.24463415145862,-0.9192377874033887,0.871660740456439
1767170433,519394287,168_1767170433-519394287.png,-341623,358778,56150,-60900,-3.2707471660539214,3.434991574754902,362.05,1333.43,354.0,-542.0,-1094.0,1676.0,337.0,-55.0,430.45617182476315,-514.615983010718,-1140.3109925017982,1805.0835340238175,322.6849408948749,-75.61826148792208,-57.818555295467426,63.902565240859865,-0.912861647121521,0.871660740456439
1767170433,586091553,169_1767170433-586091553.png,-338882,355722,59150,-64850,-3.244504442401961,3.4057329963235294,374.99,1302.65,238.0,-385.0,-981.0,1665.0,290.0,-45.0,397.2969178277075,-498.1449285396867,-1123.1359956767665,1776.9048506770582,318.38564279458615,-70.40453752616048,-49.56925609707837,70.30230712890612,-0.9046888717892585,0.871660740456439
1767170433,619439697,170_1767170433-619439697.png,-336836,353474,56500,-61050,-3.2249157475490198,3.384210324754902,381.32,1286.49,246.0,-477.0,-792.0,1597.0,276.0,-40.0,374.95155240825903,-492.5292374473739,-1079.8940410058706,1752.4603716551462,312.57108733901816,-66.09526468203734,-30.01065480709081,85.93863773345934,-0.8979898232252187,0.871660740456439
1767170433,652788818,171_1767170433-652788818.png,-335268,351728,57200,-63600,-3.209903492647059,3.3674938725490198,387.83,1262.41,303.0,-605.0,-799.0,1532.0,260.0,-78.0,362.8658038086019,-505.466324729336,-1038.6235839114474,1722.0026937572652,305.3218507745746,-66.79395354162352,-57.37885156273847,80.16335177421557,-0.8911490279121596,0.8557609981472257
1767170433,719486084,172_1767170433-719486084.png,-331286,347399,52500,-56400,-3.1717792585784315,3.326047411151961,399.72,1225.3,169.0,-509.0,-923.0,1551.0,321.0,-57.0,324.05705167718605,-517.0296551020922,-1010.1204145140385,1679.7916687385532,309.8901270131876,-68.19607850792102,-39.50698262453084,90.14862847328173,-0.8824001442570856,0.8478313655727628
1767170433,752834229,173_1767170433-752834229.png,-328751,344733,67450,-69800,-3.1475088082107843,3.3005227481617645,408.68,1201.62,332.0,-593.0,-1031.0,1490.0,274.0,-46.0,313.5027618328912,-533.2107079329372,-1000.292123676608,1643.2513967644247,310.91657163263227,-63.93026830058877,-42.90596845746045,91.11912870407092,-0.8734336137619252,0.8404488077312791
1767170433,786183350,174_1767170433-786183350.png,-326185,342159,67600,-67450,-3.1229415594362746,3.27587890625,411.88,1188.48,374.0,-532.0,-831.0,1458.0,255.0,-61.0,322.16580976137004,-537.8350959250167,-982.6269297703828,1609.0191520052035,301.3288138910631,-62.15216228476928,-79.7449719011784,83.37203502655017,-0.866105127074245,0.8426821869321329
1767170433,819531494,175_1767170433-819531494.png,-322998,338948,68350,-68500,-3.092428768382353,3.2451363357843137,414.59,1176.4,299.0,-503.0,-1000.0,1498.0,241.0,-50.0,321.5366251555092,-534.5172004707177,-979.9067529128566,1594.6962066634146,294.5572792305552,-61.01972901891893,-16.833245009183933,106.74399614334094,-0.8586398204855622,0.8388895353770108
1767170433,886229004,176_1767170433-886229004.png,-319592,335457,67550,-68700,-3.0598192401960786,3.211713005514706,421.41,1162.77,289.0,-456.0,-1014.0,1453.0,282.0,-46.0,310.4941028577017,-527.2158406254285,-985.9144120851576,1555.4465033905828,281.00508070934677,-54.803468130815475,-58.32365286350255,90.76720952987658,-0.8491176214289566,0.8342915049684411
1767170433,919578125,177_1767170433-919578125.png,-317240,333011,65650,-67500,-3.037300857843137,3.1882946537990198,421.41,1162.77,289.0,-456.0,-1014.0,1453.0,282.0,-46.0,309.17684568126845,-522.8514073778243,-987.635625688726,1549.1681119319978,281.066053925315,-54.26395123868972,-49.172412276268055,88.05258870124804,-0.8413489142130864,0.8342915049684411
1767170433,952926270,178_1767170433-952926270.png,-314180,330010,68350,-68600,-3.008003982843137,3.1595626531862746,424.5,1159.79,133.0,-421.0,-954.0,1424.0,317.0,-49.0,290.3587095852014,-500.309045357768,-977.7766758253365,1528.88323531936,279.78435860174574,-52.12337838631085,-50.72257736325269,87.09641742706286,-0.8334473818378487,0.8342915049684411
1767170434,19623535,179_1767170434-19623535.png,-311453,327133,67900,-68600,-2.9818952971813726,3.1320178462009802,425.63,1159.54,194.0,-475.0,-1027.0,1368.0,345.0,-40.0,264.63365528787045,-489.448321857448,-979.6622549189213,1502.988987444826,289.70815113533416,-50.688654215557136,-66.47814074158673,84.5302445888518,-0.8254142227257336,0.8342915049684411
1767170434,52972656,180_1767170434-52972656.png,-308987,324820,68150,-67500,-2.958285462622549,3.109872855392157,426.63,1157.78,171.0,-373.0,-916.0,1377.0,257.0,-50.0,251.5713529479398,-475.21640913584895,-973.3967292115641,1484.3172715572541,287.3385556089105,-50.313659588440956,-68.87823086977009,84.59271883964526,-0.8172506352992319,0.8342915049684411
1767170434,86320801,181_1767170434-86320801.png,-306541,322213,68250,-68450,-2.934867110906863,3.0849130667892157,427.33,1155.2,271.0,-361.0,-663.0,1309.0,171.0,-40.0,251.66978803756487,-458.84233422443674,-934.943144056735,1460.543688489633,272.68383998230985,-49.07965573810913,-42.738100469112446,94.01902294158923,-0.8089580842969432,0.8342915049684411
1767170434,119669922,182_1767170434-119669922.png,-303325,319140,68150,-68700,-2.9040766697303924,3.0554917279411766,428.64,1149.62,305.0,-528.0,-697.0,1249.0,152.0,9.0,261.43941474308696,-467.9564868718018,-870.9998182294912,1411.5880221427894,242.4145493142505,-37.868051494913885,-45.57029643654828,98.06838607788073,-0.800537768141358,0.8342915049684411
1767170434,153018066,183_1767170434-153018066.png,-301955,317722,68450,-68600,-2.8909600949754903,3.041915594362745,429.54,1148.16,161.0,-429.0,-1054.0,1286.0,293.0,11.0,250.70066907389074,-464.97483634215826,-887.9701398774778,1392.206947340627,245.94484554431367,-30.77635525305528,-49.273717522621205,100.87141656875598,-0.7919910184130212,0.8342915049684411
1767170434,219715088,184_1767170434-219715088.png,-297908,313625,66100,-68550,-2.8522135416666665,3.0026903339460786,431.92,1139.43,176.0,-392.0,-600.0,1160.0,204.0,1.0,242.34248761968573,-444.7132100781264,-847.2760614306317,1358.419153854741,241.2914614609424,-23.40751752877694,-49.279302299022724,105.59997224807726,-0.7833191666924779,0.8342915049684411
1767170434,286412109,185_1767170434-286412109.png,-292999,308703,68400,-67600,-2.8052140778186274,2.95556640625,435.27,998.36,315.0,-408.0,-750.0,1165.0,209.0,-32.0,243.15114531092476,-430.44719580596495,-804.8489380271244,1301.4046014349167,227.57443331071093,-22.411218761071964,-81.72724282741551,120.89484381675707,-0.7656058164920884,0.7934627007042616
1767170434,319760986,186_1767170434-319760986.png,-290139,305828,68450,-68550,-2.77783203125,2.9280407475490198,437.25,937.73,277.0,-359.0,-803.0,1161.0,185.0,-9.0,250.01062539791403,-419.40209983960744,-803.1209519084742,1277.246664646129,220.85466039600325,-20.70475659983457,-106.83925485610966,132.9480755329131,-0.7565670477523595,0.7818071183338495
1767170434,353109131,187_1767170434-353109131.png,-286992,302755,68100,-68850,-2.747702205882353,2.8986194087009802,441.08,825.02,257.0,-523.0,-933.0,1130.0,250.0,4.0,247.98164864811233,-429.92167149790896,-814.3273766778113,1248.857762039165,221.6496637508264,-15.049987018323172,-125.92074739933018,159.08523869514454,-0.7474088362377405,0.7818071183338495
1767170434,419806152,188_1767170434-419806152.png,-283376,299154,68100,-68750,-2.713082107843137,2.8641429227941178,443.39,668.13,95.0,-244.0,-984.0,1124.0,309.0,24.0,234.60500081061667,-409.4270274689174,-862.983117276679,1215.8035394952637,236.34423430824228,-7.3348452084738085,-133.3734366893769,235.64026856422413,-0.7357952567770958,0.7818071183338495
1767170434,453155029,189_1767170434-453155029.png,-281191,296752,68350,-67650,-2.6921626072303924,2.8411458333333335,444.0,642.75,229.0,-346.0,-1010.0,1115.0,327.0,11.0,230.22034796652395,-402.4638270993302,-871.2088816876726,1209.8972571007696,241.35719389178976,-5.819149699298467,-140.65806317329412,249.68006682395924,-0.7263735254726134,0.7818071183338495
1767170434,486503174,190_1767170434-486503174.png,-278317,294102,68400,-68450,-2.6646465226715685,2.815774356617647,444.2,639.34,318.0,-267.0,-955.0,1142.0,285.0,2.0,235.46377974609766,-387.86446237673476,-891.8236285423957,1195.1521265109518,253.583733625336,-3.4640839283558273,-160.33491885662085,261.39398884773243,-0.7168370785041759,0.7818071183338495
1767170434,519852051,191_1767170434-519852051.png,-276067,291707,68400,-68750,-2.6431047028186274,2.792844286151961,444.09,629.52,367.0,-245.0,-886.0,1175.0,178.0,-29.0,261.0773100276881,-357.6327113296641,-895.8535009946412,1188.0980684887998,244.9577116415831,-6.776302510468954,-175.47258517146116,269.90868473052967,-0.709610391149164,0.7818071183338495
1767170434,553200195,192_1767170434-553200195.png,-273266,289051,68500,-68500,-2.616287530637255,2.7674153645833335,443.46,630.82,375.0,-287.0,-768.0,1154.0,89.0,-27.0,277.7375724031916,-347.3032545433873,-877.1559713566461,1183.1115046387065,222.15017087807598,-9.733852990187147,-235.2359268367291,285.3575925827025,-0.6998768702600607,0.7818071183338495
1767170434,619897217,193_1767170434-619897217.png,-270608,286372,68100,-68700,-2.5908394607843137,2.741766237745098,442.26,637.96,415.0,-415.0,-353.0,1019.0,61.0,-44.0,297.8110806623205,-357.20335031490526,-800.5024442093237,1159.1115382862265,198.5832753865941,-14.74499695035702,-237.61458700895315,271.58775186538685,-0.6900328281857191,0.7818071183338495
1767170434,653246094,194_1767170434-653246094.png,-268835,284538,68300,-67500,-2.573864506740196,2.7242072610294117,438.71,652.96,71.0,-352.0,-730.0,920.0,287.0,14.0,263.7914151940675,-364.4077434655732,-742.3097806602325,1094.2891216819248,204.1990748241036,-11.946521219483738,-228.92110326886183,258.6343750953673,-0.6800797962437659,0.7818071183338495
1767170434,686594238,195_1767170434-686594238.png,-264463,280228,68300,-67500,-2.5320063572303924,2.6829427083333335,433.56,677.16,1.0,-239.0,-744.0,951.0,288.0,54.0,217.38488692609235,-338.7678984516165,-722.906996610516,1067.2593565605698,217.83112088102382,-0.6915622562185297,-266.2226690649987,254.32021284103382,-0.6674876382405716,0.7818071183338495
1767170434,719943115,196_1767170434-719943115.png,-261797,277577,68400,-68450,-2.506481694240196,2.6575616574754903,430.35,671.21,161.0,-411.0,-722.0,946.0,223.0,21.0,188.8992250578202,-334.52422199428867,-725.1042266763156,1043.7219100678647,225.88139503798888,7.181592511880792,-283.203506410122,261.7357344627379,-0.6572951881166204,0.7563981148380542
1767170434,786640137,197_1767170434-786640137.png,-258524,274295,68150,-68700,-2.4751455269607843,2.6261393229166665,426.93,617.21,208.0,-305.0,-591.0,958.0,199.0,13.0,190.23280802895795,-334.2079279443594,-705.3301594745938,1026.0727544541965,221.7994497299831,8.755496749244852,-303.13024836778646,332.52407574653614,-0.6444088839710266,0.744895376795248
1767170434,819988037,198_1767170434-819988037.png,-255785,271434,68300,-67500,-2.448921951593137,2.5987477022058822,426.93,523.41,170.0,-400.0,-797.0,973.0,188.0,-9.0,193.3538316716395,-337.93686463430146,-704.5879284490902,1013.887060268253,213.02890247693895,7.975482686379736,-339.61221575737005,377.8025755882262,-0.6339852048854292,0.744895376795248
1767170434,886685059,199_1767170434-886685059.png,-251900,267543,68250,-67500,-2.4117264093137254,2.5614947150735294,419.24,449.65,276.0,-231.0,-958.0,929.0,141.0,-27.0,214.24781126702848,-348.33160655292727,-756.858572425664,997.4314459078752,206.3586234052368,-1.7484240407475993,-338.2499848902226,406.87359261512745,-0.618162432742887,0.744895376795248
1767170434,920034180,200_1767170434-920034180.png,-249177,264869,68450,-68500,-2.3856560202205883,2.5358934589460786,415.24,429.38,148.0,-89.0,-873.0,894.0,149.0,11.0,217.07518315789505,-319.3523547191803,-786.4099456267762,983.4604006128686,195.55384978374803,-3.783499462775577,-335.9474335312844,403.3006672859191,-0.6074916788871575,0.744895376795248
1767170435,86776123,201_1767170435-86776123.png,-237563,253277,68600,-68550,-2.2744619332107843,2.4249100030637254,398.32,638.88,165.0,-396.0,-710.0,808.0,133.0,14.0,181.16430727284998,-313.0723170174723,-840.9980758128379,907.5133874704633,178.88172809437688,10.75218852386022,-375.4749223589898,302.6095130443572,-0.5610908905824888,0.744895376795248
1767170435,153473145,202_1767170435-153473145.png,-235239,251021,68250,-67600,-2.2522116268382355,2.403310738357843,393.77,730.14,249.0,-387.0,-719.0,817.0,132.0,11.0,194.6153072598304,-340.01674931645454,-830.884776935684,884.9661912916115,174.09999132011697,10.55583371284531,-356.107567191124,278.2361011505126,-0.5471329969932746,0.744895376795248
1767170435,186822266,203_1767170435-186822266.png,-230321,246104,68100,-68650,-2.2051259957107843,2.356234681372549,389.57,771.98,186.0,-500.0,-528.0,733.0,198.0,-12.0,190.6920360136506,-362.3852000516134,-795.6821149655163,863.3916392507614,182.73750439714897,9.245563916230953,-374.3588112890721,278.2296531200408,-0.5330401477158205,0.6700018423244946
1767170435,220170410,204_1767170435-220170410.png,-227530,243299,68350,-67600,-2.1784045649509802,2.329379212622549,387.45,753.39,185.0,-450.0,-488.0,684.0,151.0,7.0,189.6415530034233,-383.7698825987133,-737.777537208383,831.6786930751945,180.1838588440532,7.284412879098752,-365.4207662940026,294.4607787132262,-0.5216709798642177,0.6644622544150683
1767170435,286867676,205_1767170435-286867676.png,-223640,239408,68300,-67500,-2.1411611519607843,2.292126225490196,379.95,735.93,6.0,-398.0,-312.0,621.0,185.0,19.0,149.4609597652704,-399.4123626632759,-625.827639264494,775.6530239934248,179.66238226062885,9.664000589625688,-374.90456083416944,281.49593877792347,-0.5044633306653207,0.6618451711660793
1767170435,320216797,206_1767170435-320216797.png,-221041,236757,68550,-68550,-2.116277956495098,2.266745174632353,376.27,726.73,159.0,-294.0,-411.0,655.0,122.0,19.0,147.0435345548044,-383.95913299281113,-586.0709775113572,753.8986476409992,171.37157568785577,11.277415583251575,-405.29204356670385,326.91156673431385,-0.49289162941281733,0.6728593646783175
1767170435,386914307,207_1767170435-386914307.png,-217633,233335,68000,-68650,-2.0836492800245097,2.2339824601715685,370.07,705.03,270.0,-192.0,-322.0,656.0,70.0,38.0,168.40725498549907,-345.177521897991,-548.3294644319847,736.1405071887204,152.4381814691426,16.319138930005465,-413.89318367838865,336.18225836753834,-0.47831771337395407,0.668347565422722
1767170435,420262451,208_1767170435-420262451.png,-214894,230682,68400,-67500,-2.057425704656863,2.2085822610294117,367.32,696.5,167.0,-123.0,-350.0,645.0,87.0,53.0,173.51701293290913,-304.6712877697697,-507.4833421153968,718.6188239781683,138.55503393424394,22.817805770305007,-396.99157223105436,313.9252333641051,-0.4665734725723273,0.6502827153549002
1767170435,453611572,209_1767170435-453611572.png,-211827,227608,68450,-68550,-2.0280618106617645,2.1791513480392157,364.78,688.72,71.0,-108.0,-267.0,598.0,72.0,48.0,158.5247376115464,-275.90971922913167,-472.3146186806339,700.9793067284496,128.82190414223734,26.500495874967868,-411.6835604012013,342.6173927783965,-0.45475552878753256,0.6290972220557405
1767170435,520308838,210_1767170435-520308838.png,-208216,223908,68400,-68500,-1.9934895833333333,2.1437270220588234,356.64,660.33,147.0,-271.0,-386.0,584.0,136.0,30.0,154.58064669392698,-251.3956989478641,-405.89817078401,660.7593464172531,121.01282939662927,30.501965095042543,-430.113517343998,360.72217273712147,-0.43988230673165796,0.6417293970009282
1767170435,553656982,211_1767170435-553656982.png,-205681,221464,68000,-68800,-1.9692191329656863,2.120327818627451,356.64,660.33,147.0,-271.0,-386.0,584.0,136.0,30.0,153.89456992529975,-253.16996123182207,-404.097312194462,653.8123395881289,122.3692241731677,30.456535383795565,-445.6119212508202,376.4251329898833,-0.4279054388088128,0.6255737251020834
1767170435,587006104,212_1767170435-587006104.png,-202956,218589,68250,-67500,-1.9431295955882353,2.0928021599264706,350.55,652.65,85.0,-280.0,-406.0,542.0,134.0,29.0,141.42207687292102,-264.6200087827099,-402.2614734262022,628.9541562205054,126.16587788324092,30.929023364736366,-448.72251182794577,381.8330245018004,-0.4158609598837932,0.6232123744215488
1767170435,653703369,213_1767170435-653703369.png,-200776,216541,68450,-68600,-1.9222579656862746,2.0731943167892157,344.4,638.9,-155.0,-305.0,-374.0,517.0,177.0,27.0,98.38700929365868,-275.21180163845537,-398.84215127777424,606.1904374862319,135.34799413896943,30.718993252451337,-466.1558459401131,394.79671812057484,-0.40375083403790313,0.6288130214651759
1767170435,687051514,214_1767170435-687051514.png,-196813,212445,67950,-68600,-1.8843156403186274,2.033978630514706,341.51,623.79,2.0,-360.0,-517.0,478.0,172.0,-3.0,64.21922624134363,-283.7303468054299,-403.31271264617425,588.3867570233216,142.23972620634348,28.237752200864712,-481.6195722818375,405.3638937473296,-0.3885237444521843,0.6044649530784779
1767170435,720400635,215_1767170435-720400635.png,-193459,209240,68100,-68700,-1.8522039675245099,2.003293504901961,338.96,614.04,53.0,-346.0,-504.0,486.0,120.0,27.0,57.77093253899571,-298.73000078069555,-426.82182845911075,564.8841340127343,141.28687362987552,25.643053191885812,-488.554370969534,414.60478115081776,-0.3732007810672226,0.6063622063062208
1767170435,787097900,216_1767170435-787097900.png,-190734,206434,68350,-67600,-1.8261144301470589,1.9764284620098038,335.1,594.63,57.0,-190.0,-298.0,472.0,87.0,58.0,67.91381239033659,-290.04440127118227,-443.7990772956824,553.3046577299561,134.90039517391898,28.91055183742453,-510.35896152257925,445.64889550209034,-0.35778570559805783,0.6111198137480565
1767170435,820446045,217_1767170435-820446045.png,-187381,203099,68400,-68500,-1.794012331495098,1.9444986979166667,333.42,585.03,69.0,-208.0,-448.0,439.0,112.0,54.0,67.22936677151299,-270.31581774101954,-433.14778173356683,530.3062633795053,127.85021764841348,34.82737066179804,-501.91965004801756,437.3753559589385,-0.3453899224357432,0.6111198137480565
1767170435,887143311,218_1767170435-887143311.png,-184177,199890,68450,-68550,-1.7633367800245099,1.9137752757352942,331.58,562.77,151.0,-185.0,-253.0,400.0,56.0,32.0,78.23474461350395,-254.6106791663962,-433.75596618203866,505.6676400267058,120.58460029488208,36.18786892123805,-531.6779362857342,478.84149360656727,-0.32981871914767247,0.6111198137480565
1767170435,920492432,219_1767170435-920492432.png,-181306,197016,68050,-68700,-1.7358494178921569,1.8862591911764706,331.04,555.15,-150.0,-59.0,-408.0,364.0,219.0,63.0,50.47972571084344,-220.62551744437275,-416.02266122567585,476.7851470259967,129.98670622731763,39.78533447645958,-496.9817985594273,434.39693903923023,-0.31730296057824975,0.6111198137480565
1767170435,953840576,220_1767170435-953840576.png,-178242,194015,68350,-67500,-1.7065142463235294,1.8575271905637254,330.08,536.19,-80.0,-203.0,-430.0,350.0,204.0,45.0,7.527341802775157,-207.37787129685424,-435.44095209726936,454.30781905827797,152.6957124463523,42.95355162522905,-520.8736018836498,470.47252321243275,-0.3047371012908198,0.6111198137480565
1767170436,20537842,221_1767170436-20537842.png,-175164,190873,68450,-68650,-1.6770450367647058,1.8274452359068627,329.55,526.25,162.0,-83.0,-320.0,344.0,26.0,20.0,16.716930391401185,-192.14176835832697,-421.15537353727615,430.28108538009815,143.0139602230934,40.440619305754105,-505.4152979701758,454.898666858673,-0.28896236591643987,0.6111198137480565
1767170436,53886963,222_1767170436-53886963.png,-171821,187534,68300,-68500,-1.6450386795343137,1.795477175245098,327.52,514.11,15.0,-173.0,-307.0,322.0,91.0,36.0,28.92341758524474,-174.6358855369518,-394.31743751323603,407.0398188108132,127.57034705529568,37.81344353878644,-529.4724366515875,483.9016213417052,-0.2731162911143594,0.6111198137480565
1767170436,87235107,223_1767170436-87235107.png,-168620,184255,68100,-68700,-1.6143918504901962,1.7640835631127452,326.37,508.13,51.0,-131.0,-235.0,313.0,41.0,37.0,31.07609859942782,-168.1280918044236,-364.27169474177504,386.7163820081178,112.0844129147744,37.55436237803276,-540.0210402458906,495.1541509628295,-0.25720283833669993,0.6111198137480565
1767170436,153932373,224_1767170436-153932373.png,-165539,181252,68400,-67650,-1.584893918504902,1.7353324142156863,322.58,488.13,-122.0,-167.0,-245.0,241.0,88.0,66.0,31.2484844984719,-136.73258474683206,-365.29609791983347,355.11945719938115,96.42023304143069,39.37228683000948,-535.9657457768917,485.19409322738636,-0.2412259191013125,0.5129808410058594
1767170436,187281494,225_1767170436-187281494.png,-162202,177897,68350,-67500,-1.552945006127451,1.7032111672794117,322.58,488.13,-122.0,-167.0,-245.0,241.0,88.0,66.0,21.856714703771804,-138.58751073366088,-357.92380146573674,348.12569360935095,95.90420255276617,41.00415518466423,-549.2485519945621,505.8148946762084,-0.2284013503587382,0.5438867625985865
1767170436,253979004,226_1767170436-253979004.png,-159065,174825,68300,-68600,-1.5229109221813726,1.6737994025735294,320.16,476.61,230.0,65.0,-313.0,307.0,-22.0,23.0,20.56289756931905,-123.09910608585136,-362.20385892728603,328.5497918706635,89.41400793429293,42.001743749584485,-550.990287899971,507.5174612998961,-0.21554069578339338,0.5222522570668567
1767170436,287327148,227_1767170436-287327148.png,-155788,171551,68300,-68500,-1.4915364583333333,1.6424536611519607,319.01,470.54,120.0,154.0,-183.0,246.0,17.0,50.0,56.34961797574335,-63.4952508182221,-331.00562369204755,314.2915941262649,67.52244969217155,41.243926652830304,-537.401942461729,493.209281682968,-0.19941726939853796,0.5284554264710597
1767170436,320676270,228_1767170436-320676270.png,-153187,168964,68350,-67500,-1.4666341145833333,1.6176853553921569,317.77,461.34,-60.0,23.0,-117.0,242.0,84.0,52.0,39.334437213802104,-50.84602726831475,-299.70905018760067,303.7195392882015,69.9321567619458,42.81691447586678,-522.2487231940031,467.660608768463,-0.18648289519526837,0.4937292140664223
1767170436,354024414,229_1767170436-354024414.png,-150942,166633,68350,-68550,-1.4451401654411764,1.5953680300245099,314.45,447.84,120.0,67.0,-87.0,308.0,22.0,31.0,34.43003651892205,-19.42848189831051,-278.9603580297785,299.35844092350237,72.9838717207019,44.60038089595164,-532.4098342210054,484.44827103614796,-0.1735190764171966,0.4891886655088461
1767170436,387373535,230_1767170436-387373535.png,-147660,163426,68050,-68650,-1.413717830882353,1.564663756127451,312.54,442.71,23.0,-26.0,-133.0,278.0,58.0,45.0,41.43852325174879,-11.622390260248805,-238.14279570145143,297.1115249707951,65.62090679291302,43.2792280433268,-523.8516838997602,478.2686219215392,-0.16052786036941064,0.48141539986240645
1767170436,454071045,231_1767170436-454071045.png,-144996,160705,68400,-67550,-1.3882123161764706,1.5386125153186274,310.43,437.45,-23.0,-124.0,-119.0,233.0,95.0,27.0,32.014915849877944,-28.05669727890526,-220.71913552436453,287.7357383951209,69.91735907387128,40.89852398394763,-515.8503227978945,467.9266974925994,-0.14751129435699847,0.4693560506743579
1767170436,487419189,232_1767170436-487419189.png,-142132,157914,68350,-67500,-1.3607919730392157,1.5118910845588236,305.68,423.46,106.0,-109.0,-47.0,220.0,14.0,17.0,31.604952918356314,-42.61905267795048,-194.0496907374457,274.697694703402,71.03205392940392,37.6632104776995,-520.9674715846777,474.09674620628346,-0.1344714256850481,0.46180410869364086
1767170436,520768311,233_1767170436-520768311.png,-139536,155298,68050,-68800,-1.3359375,1.4868451286764706,303.03,419.17,111.0,-59.0,-72.0,225.0,-29.0,29.0,48.96420817344171,-50.14377499809201,-164.83864197348126,263.203415374522,51.99641396288992,34.7996756940104,-510.7967820167542,450.1308498382567,-0.12141032662578277,0.47665956921114616
1767170436,554116455,234_1767170436-554116455.png,-136935,152717,68450,-67450,-1.31103515625,1.4621342677696079,300.28,414.79,168.0,-119.0,-174.0,219.0,-35.0,6.0,66.37221990831442,-60.21343517726527,-166.17841571368018,256.7390271283185,39.273899398829656,30.587958489051168,-496.5360230058432,431.87690544128407,-0.10833006112904728,0.45139790508660504
1767170436,587465576,235_1767170436-587465576.png,-134490,150250,68450,-68650,-1.2876263786764706,1.4385148590686274,297.63,409.86,266.0,-190.0,-76.0,191.0,-30.0,16.0,95.56615128910532,-79.19365960215882,-152.99055939846957,247.1252316628646,29.14315775254975,28.45458878008788,-497.61154703795916,432.59363985061634,-0.09523267649992963,0.4618264738237456
1767170436,654162842,236_1767170436-654162842.png,-132907,148694,68300,-67500,-1.2724705116421569,1.423617493872549,292.53,398.43,51.0,75.0,-174.0,260.0,-70.0,46.0,118.59075185890477,-70.66606325873516,-161.41056117320718,245.21464241478688,10.574831103198049,30.514076236721383,-488.4874185919762,421.14566326141346,-0.08212026165540982,0.4618264738237456
1767170436,687510986,237_1767170436-687510986.png,-128812,144458,68150,-67500,-1.2332643995098038,1.3830614276960784,289.84,393.82,49.0,30.0,6.0,209.0,-70.0,44.0,104.87717525165617,-48.32290306129188,-137.5868420942147,240.69214959013016,-5.424433117221279,33.296540212307185,-486.9070567488671,419.40096950530994,-0.0689948722229543,0.4618264738237456
1767170436,720860352,238_1767170436-720860352.png,-126153,141786,68500,-68600,-1.2078067555147058,1.3574793198529411,287.12,389.05,64.0,-119.0,-16.0,153.0,-27.0,35.0,98.89922243973128,-58.65885088015003,-119.80576010615025,227.86788937648402,-8.579683447552137,33.54565728473568,-520.4851027578115,475.3545420169829,-0.055858592958353874,0.4618264738237456
1767170436,787557617,239_1767170436-787557617.png,-122057,137825,68450,-68550,-1.1685910692401962,1.3195561427696079,287.12,379.27,88.0,-122.0,-213.0,212.0,7.0,-1.0,104.43462668702361,-75.3310246779537,-149.31551264767168,221.9430354215571,-6.4786159121384355,26.927247241388468,-522.21602627635,469.8030743598937,-0.03613827623810222,0.4618264738237456
1767170436,820905762,240_1767170436-820905762.png,-118922,134688,68400,-68550,-1.1385761335784315,1.2895220588235294,280.95,368.29,177.0,-195.0,-275.0,182.0,1.0,-2.0,110.27922320880553,-91.70375307457883,-169.29387763113584,219.26666333640907,-3.47700557769871,21.259753038443034,-513.3411671817303,447.87948417663563,-0.02298383338262961,0.4618264738237456
1767170436,854254883,241_1767170436-854254883.png,-115912,131680,67900,-68650,-1.1097579656862746,1.2607230392156863,277.77,364.25,45.0,-67.0,-199.0,175.0,7.0,14.0,104.2236491641027,-93.4957195609695,-179.16893375858743,210.84315120615398,-1.710582285060111,18.981071678138978,-516.4563684463501,450.8504500389098,-0.009825761970171772,0.4618264738237456
1767170436,920952148,242_1767170436-920952148.png,-113523,129242,68500,-67500,-1.0868853400735294,1.2373812806372548,274.6,360.34,21.0,-22.0,-119.0,159.0,-21.0,32.0,92.0528706189526,-83.04005487379732,-170.36971892688018,203.2615140302995,-4.531501983143864,20.884983548046485,-504.0577427297831,435.89402842521656,0.0033338623460818567,0.4618264738237456
1767170436,954300293,243_1767170436-954300293.png,-110661,126430,68450,-68550,-1.0594841452205883,1.2104587928921569,268.27,350.8,20.0,-84.0,-296.0,178.0,-12.0,45.0,65.66516904161881,-80.48507630353387,-185.98037231966157,196.32357326564122,-4.229844192746163,26.497035456168483,-506.94624103605753,446.1446774005889,0.016492959751752627,0.4618264738237456
1767170436,987649414,244_1767170436-987649414.png,-108130,123840,68350,-67550,-1.0352519914215685,1.1856617647058822,265.26,347.24,31.0,-99.0,-182.0,176.0,-1.0,46.0,57.904655525467405,-82.96521431157166,-194.28159022350604,192.4475437377275,-4.465770675058548,30.289872271651525,-506.37873683869844,435.49597001075733,0.029649453033205136,0.40574800149266027
1767170437,20997559,245_1767170437-20997559.png,-104786,120485,68400,-67650,-1.0032360600490196,1.1535405177696079,259.84,338.66,93.0,-114.0,-1.0,96.0,-32.0,25.0,58.742909493995164,-73.58058573101357,-168.35605551471116,184.1410982618215,-7.292938202593552,32.33060804152675,-496.93491241335875,417.13570475578297,0.04608824138361257,0.376343695182203
1767170437,54346680,246_1767170437-54346680.png,-102398,118105,68400,-68600,-0.9803730085784313,1.1307540594362746,257.69,337.19,162.0,-145.0,62.0,73.0,-36.0,1.0,68.89173727250753,-82.46555066508992,-135.57323437472323,167.49931432137984,-11.80786515387339,29.592927776238728,-497.91377435624605,432.34918785095203,0.05923127841947907,0.36756371393808146
1767170437,121043945,247_1767170437-121043945.png,-98508,114274,68050,-68750,-0.9431295955882353,1.0940755208333333,253.63,297.22,202.0,107.0,-244.0,162.0,-20.0,12.0,118.23593627412984,-56.20297760993551,-138.19973850997516,152.78260587641628,-18.870879598526155,21.439045468329088,-460.8179686069489,378.8514552116393,0.07236496110201666,0.3503101825943434
1767170437,154392090,248_1767170437-154392090.png,-97479,113249,68500,-68550,-0.9332778033088235,1.084262025122549,253.63,281.46,106.0,-42.0,-191.0,177.0,31.0,31.0,117.8550715991953,-55.760885372012716,-139.84323795115606,153.5364141452728,-17.318562234210408,21.736646710946527,-444.7834261655808,342.50519704818714,0.08548722132019135,0.36001326109976794
1767170437,187741211,249_1767170437-187741211.png,-93797,109503,68550,-68650,-0.8980258118872549,1.0483972886029411,253.63,267.29,-65.0,-184.0,-101.0,149.0,59.0,38.0,105.32665524109572,-62.085188043225564,-143.16835923605333,155.87534117855827,-7.252347738387513,23.766499350118725,-433.47802042961126,337.69038105010975,0.09859597431821228,0.3384125822733893
1767170437,254438232,250_1767170437-254438232.png,-89575,105339,68400,-68600,-0.8576037837009803,1.0085305606617647,247.73,216.13,-123.0,-30.0,-190.0,115.0,58.0,61.0,6.798227676019697,-89.26865804071565,-140.91497452679428,146.55179536973503,24.830164199407047,31.902942781395122,-367.1871141791344,280.9416947364806,0.11495978428096097,0.3303739852215238
1767170437,287786377,251_1767170437-287786377.png,-87523,103218,67950,-68600,-0.8379576439950981,0.9882238051470589,247.73,216.13,-123.0,-30.0,-190.0,115.0,58.0,61.0,-1.1564028580617252,-85.63640292131998,-143.9231299491465,144.61815668030977,26.86296382536535,33.686143861619044,-323.48636871576315,275.5196175575255,0.1312952232557219,0.3303739852215238
1767170437,321135254,252_1767170437-321135254.png,-84035,99803,68400,-67500,-0.8045630361519608,0.9555281096813726,245.77,212.16,-61.0,-84.0,-203.0,112.0,47.0,47.0,-16.283166803797677,-82.48607250955847,-154.97348330848266,138.29833026390105,31.436999509827054,37.06230797881371,-342.07179024815565,274.28718400001515,0.14434043489460924,0.3303739852215238
1767170437,387832275,253_1767170437-387832275.png,-80885,96664,68400,-68700,-0.7744044883578431,0.9254748774509803,241.93,205.96,115.0,-195.0,-188.0,170.0,8.0,-1.0,9.46877721912638,-103.90989514924317,-173.66078788143173,142.9898592124512,25.001535293191456,30.81610559754142,-337.9126254320145,272.47457098960865,0.1606146794209472,0.3303739852215238
1767170437,421180420,254_1767170437-421180420.png,-78098,93792,67950,-68650,-0.7477213541666666,0.8979779411764706,240.46,202.63,186.0,-117.0,-301.0,179.0,1.0,-9.0,40.80665322008914,-110.59025209209214,-193.03336631953394,149.66927841423944,20.601948917230633,23.32863642051319,-319.23057428002363,261.6884489059447,0.17360571237640826,0.3303739852215238
1767170437,454529297,255_1767170437-454529297.png,-75096,90720,68000,-68700,-0.7189797794117647,0.8685661764705882,237.77,185.46,187.0,-117.0,-172.0,92.0,-11.0,20.0,67.08980604735756,-116.53049911503788,-204.36947479570443,143.70941165174733,19.68083702968529,21.70673271106582,-265.21812364459043,247.58417034149159,0.18656934806215508,0.3303739852215238
1767170437,521226318,256_1767170437-521226318.png,-72364,88144,68450,-67550,-0.6928232230392157,0.8439031862745098,236.68,177.63,41.0,-120.0,-275.0,120.0,52.0,31.0,73.55290694037781,-116.98016521857588,-210.17983811220333,136.76855617475454,21.073968292392117,22.67478403258968,-254.67055907845503,231.53616881370533,0.20273220587590046,0.3303739852215238
1767170437,554574463,257_1767170437-554574463.png,-69221,84997,68350,-68550,-0.6627316942401961,0.8137733609068627,235.69,171.48,-74.0,-44.0,-247.0,130.0,79.0,31.0,51.10941645836307,-106.38766368727991,-217.28706219535988,135.333090809836,30.36702702673011,24.11351894211287,-238.7579725682736,226.5455365180968,0.21562666595233249,0.3303739852215238
1767170437,587923340,258_1767170437-587923340.png,-66974,82598,68050,-68700,-0.6412185968137255,0.790804993872549,234.92,155.71,87.0,-70.0,-503.0,188.0,70.0,32.0,55.04486569209015,-105.48348633943935,-229.11518340796692,139.19228062444742,35.090912802232864,25.05136381510605,-168.27770474553114,210.1824412345885,0.22848707085632514,0.3303739852215238
1767170437,621271484,259_1767170437-621271484.png,-64996,80761,68400,-68600,-0.622280943627451,0.7732172947303921,234.92,154.66,150.0,-84.0,-467.0,202.0,14.0,13.0,67.09174106778374,-99.70479399451878,-280.24072575803507,150.15079086782183,36.954393654093195,24.71154232134397,-173.83936277031904,211.35025119781483,0.24131140657230404,0.3303739852215238
1767170437,654620361,260_1767170437-654620361.png,-61511,77277,68350,-68550,-0.5889150582107843,0.7398609834558824,234.18,150.84,141.0,-174.0,-89.0,171.0,-111.0,6.0,82.2381637042465,-109.74815108112868,-262.0449915061571,155.9126828020859,14.116248009892413,21.362358336824084,-172.18880158662802,204.4767940044402,0.25090476196428513,0.21002948809133812
1767170437,721317383,261_1767170437-721317383.png,-58028,73804,68000,-68850,-0.5555683210784313,0.7066099877450981,232.33,147.52,15.0,-60.0,-155.0,115.0,-21.0,35.0,88.00737832152382,-110.95750932823172,-221.4856873224977,150.80522864878506,-8.37003293838784,20.358669843253146,-136.31719830632215,212.5408442020415,0.26684373115413895,0.18859983553273407
1767170437,754665283,262_1767170437-754665283.png,-55705,71471,68350,-67550,-0.5333275888480392,0.6842735140931373,231.14,148.67,-54.0,22.0,-367.0,114.0,40.0,46.0,69.13252337220642,-93.76269370809868,-236.95113332250293,145.45019320716656,-2.96944683945057,23.806791791232218,-154.96268865466124,194.22055673599232,0.27954769198884627,0.19239985686159686
1767170437,788014404,263_1767170437-788014404.png,-52836,68610,68500,-68600,-0.505859375,0.6568818933823529,229.96,148.83,25.0,-9.0,-178.0,83.0,13.0,52.0,59.40629270218092,-78.29048368467274,-231.7860213964532,135.48158339291024,0.5078543853712787,28.519595920566633,-169.98898413777357,195.45284700393665,0.29220749428372866,0.17108864396451587
1767170437,821362305,264_1767170437-821362305.png,-50237,65879,68050,-68750,-0.4809761795343137,0.6307349111519608,227.8,150.91,110.0,-89.0,-461.0,132.0,-12.0,4.0,63.4739581570672,-82.54999166107831,-232.4332907267408,129.49569592859214,-6.046093298917761,28.53289844375653,-130.9236680269242,187.8051962852477,0.30482115731272547,0.17108864396451587
1767170437,888059326,265_1767170437-888059326.png,-47581,63209,68400,-67550,-0.4555472579656863,0.6051719515931373,226.67,150.91,141.0,-10.0,-122.0,109.0,-46.0,14.0,75.51797262098269,-76.68093706738904,-247.13765759911857,127.9113749797588,-10.305451756634568,24.566584201018873,-125.966724395752,181.30472183227528,0.3173866837050191,0.17108864396451587
1767170437,921408203,266_1767170437-921408203.png,-44303,60069,68350,-68650,-0.42416321997549017,0.5751091452205882,224.61,150.35,131.0,-37.0,-91.0,140.0,-37.0,24.0,94.5556829650618,-60.721869845146614,-203.81053754347963,125.95090993718783,-20.51661836558211,22.287742593989744,-137.92853617668158,185.51098704338062,0.32990207608979194,0.17108864396451587
1767170437,954756348,267_1767170437-954756348.png,-41778,57418,68100,-68750,-0.39998851102941174,0.5497280943627451,223.71,148.91,116.0,-64.0,-132.0,145.0,-7.0,20.0,98.4188541473133,-58.74381623718859,-191.68333331605498,127.7757633174539,-21.541262608705825,22.366674749710786,-76.15233719348912,122.07511997222888,0.3423654036752538,0.17108864396451587
1767170437,988105225,268_1767170437-988105225.png,-39182,54949,68400,-67450,-0.37513403799019607,0.526089537377451,222.91,150.8,91.0,-44.0,-166.0,141.0,-9.0,23.0,99.92505208490422,-58.42647995738882,-183.45274283061195,130.50725773961386,-19.15086127759485,22.141527994464383,-166.81968846917158,160.28199315071095,0.3547746358010734,0.17108864396451587
1767170438,21453125,269_1767170438-21453125.png,-36723,52436,68450,-68550,-0.35159122242647056,0.5020297181372549,222.16,153.57,39.0,26.0,-209.0,144.0,-9.0,35.0,90.32563756626574,-44.96508772371928,-185.84027671790628,133.29121733446704,-16.88204102573428,24.088307107966695,-180.69181847572332,150.36363267898548,0.3671278416754604,0.17108864396451587
1767170438,88150146,270_1767170438-88150146.png,-33850,49559,68000,-68850,-0.32408471200980393,0.4744849111519608,221.35,153.4,-4.0,16.0,-143.0,108.0,14.0,39.0,76.53128394827644,-36.04944188117811,-179.57523635998496,129.59258349172237,-12.365794909136774,26.269020327647382,-183.4147866070271,150.65665984153736,0.3794230905066246,0.17108864396451587
1767170438,121499023,271_1767170438-121499023.png,-30923,46692,68300,-67500,-0.2960611979166667,0.4470358455882353,219.38,152.54,-276.0,156.0,-244.0,123.0,110.0,66.0,35.63449200443363,-12.329671329501323,-162.8525944701578,128.83265129150067,-3.7182061447207353,30.588898377916458,-156.2362124919892,163.84761071205128,0.3916584182132621,0.17108864396451587
1767170438,154847168,272_1767170438-154847168.png,-29489,45268,68050,-68750,-0.2823318780637255,0.43340226715686275,218.86,150.86,-222.0,145.0,-249.0,125.0,70.0,65.0,-19.828990663226605,19.787601682136867,-179.55961823304926,127.91212320997307,14.1096058239157,37.501456509906156,-164.47070553898817,151.03494429588307,0.4038318940035823,0.17108864396451587
1767170438,188195557,273_1767170438-188195557.png,-25521,41303,68050,-68750,-0.24434168198529413,0.39544079350490197,218.48,149.87,-91.0,122.0,-138.0,73.0,55.0,71.0,-35.60980294223053,38.06281145685908,-175.32722098675345,119.80428516069269,21.574762222269538,43.131110256817905,-179.35374501347547,153.95934104919422,0.41895881544280056,0.10875549401281798
1767170438,254891602,274_1767170438-254891602.png,-22115,37893,68400,-67550,-0.2117321537990196,0.36279296875,217.83,148.82,-1.0,21.0,-262.0,151.0,-13.0,31.0,-24.073730988223065,34.86762995669162,-197.56750808077985,126.11330108568833,13.011295036352156,39.095549604193685,-133.41701093316084,134.7202808856963,0.4309861169787892,0.10517340766560293
1767170438,288239014,275_1767170438-288239014.png,-18568,34338,68450,-67600,-0.17777267156862744,0.3287568933823529,216.66,146.57,-25.0,-12.0,-191.0,138.0,-37.0,52.0,-21.65605715648356,14.934198280994366,-169.75355121013337,123.84914686561305,1.006684329042789,39.27524424038096,-100.17239555716519,129.30293226242054,0.4459243201652617,0.08559185414114748
1767170438,321587402,276_1767170438-321587402.png,-16105,31885,68450,-68550,-0.15419155943627452,0.30527152267156865,215.39,146.57,-58.0,27.0,-431.0,162.0,50.0,48.0,-24.25633705436821,12.669622498301896,-188.13358913167409,127.76547820073688,-0.22973995070976794,41.22915399640252,-132.7463831901551,128.58447837829578,0.4577958267774806,0.042254761126114926
1767170438,388283447,277_1767170438-388283447.png,-13233,29015,67900,-68750,-0.12669462316176472,0.27779373468137253,213.82,146.2,-32.0,22.0,-410.0,174.0,77.0,39.0,-27.996099791935343,15.141397797631667,-239.34561209952747,137.17214230609258,14.945644742278457,41.42633017139459,-91.69866627454762,124.00551700592028,0.4695950285661039,0.013356513858951757
1767170438,421630859,278_1767170438-421630859.png,-10508,26277,68450,-67550,-0.10060508578431372,0.25157973345588236,211.79,146.35,0.0,-57.0,-428.0,161.0,40.0,43.0,-23.901898995432195,4.591307945151678,-266.9347745523783,140.65677176070903,18.609639442053933,41.65646652301473,47.84177762269969,22.10772132873523,0.48132009460788217,0.007518366553511777
1767170438,454979248,279_1767170438-454979248.png,-7779,23556,68500,-68550,-0.0744772518382353,0.22552849264705882,206.24,148.93,2.0,-59.0,-464.0,162.0,14.0,36.0,-16.450137017331596,-12.490982340373609,-312.89284540523295,147.88747928222276,18.37977675418486,40.395556028269304,-10.750839054584555,76.88875532150256,0.4929691274005386,0.02849257072116449
1767170438,488326904,280_1767170438-488326904.png,-4710,20414,67900,-68700,-0.04509420955882353,0.19544653799019607,203.6,149.29,12.0,-101.0,-256.0,124.0,1.0,38.0,-10.417994100160339,-30.152479243545297,-319.90072197434495,145.82567491890796,15.393851146966687,39.59934962750494,-15.152227312326483,79.98509955406176,0.50742073776634,0.007849190085398326
1767170438,555022705,281_1767170438-555022705.png,-1226,16993,67950,-68650,-0.011737898284313725,0.16269339767156862,199.93,135.96,103.0,-30.0,-507.0,199.0,39.0,28.0,0.03535920812058713,-47.94125582291768,-335.51704434170307,149.33127182591923,19.87202599508164,38.46984793645532,78.45414501428598,-79.91444969177257,0.5217471462713941,-0.003992047558710479
1767170438,588371094,282_1767170438-588371094.png,1779,13989,68350,-67600,0.017032398897058824,0.13393267463235295,198.33,132.38,159.0,-44.0,-192.0,138.0,24.0,36.0,28.66997690036459,-46.4261531169151,-323.50121764374376,150.27294382059893,21.476526433591733,37.560847221585306,106.70441174507135,-129.07982230186474,0.5331157482012651,0.0017308362752773074
1767170438,621718506,283_1767170438-621718506.png,3415,12364,68000,-68700,0.03269569546568627,0.11837469362745098,197.58,124.77,58.0,-4.0,-303.0,111.0,58.0,59.0,32.95925307913342,-40.22167495121449,-320.5030821095048,144.52959674488815,26.81778595466709,40.69614810399691,106.8257182836532,-107.76678895950329,0.5444001609511762,0.0062294832653923896
1767170438,688414307,284_1767170438-688414307.png,8335,7449,68450,-68450,0.07980047487745098,0.07131778492647059,196.41,89.54,-21.0,-18.0,-81.0,137.0,51.0,40.0,15.994809292716576,-47.616714719208474,-293.0458929431808,134.38711966717258,49.21415048758309,43.72200469976434,238.47370421886438,-91.85921120643627,0.5583845862827503,0.01701570026155926
1767170438,721762695,285_1767170438-721762695.png,10588,5125,68400,-67550,0.10137101715686274,0.049067478553921566,196.41,78.85,-7.0,2.0,-74.0,166.0,-32.0,42.0,13.082415430885165,-44.31375711160929,-273.63706251889545,135.52627021881818,46.792257998160665,43.447402865956995,169.90745615959162,-157.1617114543916,0.5694730569554588,-0.007393899314879153
1767170438,755110107,286_1767170438-755110107.png,13255,2457,68450,-68600,0.12690525428921567,0.023523667279411766,196.41,72.12,20.0,-108.0,-9.0,150.0,-79.0,39.0,11.26652594211167,-43.05127882257744,-235.15298069201484,139.81208100042355,30.2952781198286,43.01341397417956,253.44363242387766,-113.4645552635194,0.580471645941377,-0.01081958548625278
1767170438,821805908,287_1767170438-821805908.png,16314,-547,68500,-68550,0.15619255514705882,-0.005237055759803921,196.85,67.41,75.0,-32.0,-156.0,154.0,-57.0,40.0,21.261846314890025,-46.453596586035594,-206.10304882248187,142.67415133828754,9.083997278150632,42.262617150999155,250.29901367425913,-103.61697983741772,0.5913785556067693,0.013271170339037892
1767170438,855154297,288_1767170438-855154297.png,19664,-3880,67850,-68700,0.18826593137254902,-0.03714767156862745,198.15,60.05,-20.0,-103.0,-402.0,176.0,78.0,32.0,17.049831568250582,-56.30888448203065,-240.05907896160835,146.95771579970446,14.119631559809854,41.048507145334945,285.0435960888862,-132.87685251235973,0.6048806491754165,-0.023402044648060494
1767170438,888501709,289_1767170438-888501709.png,22325,-6556,68300,-67600,0.2137427236519608,-0.06276807598039216,199.12,53.54,4.0,-152.0,-313.0,125.0,58.0,34.0,12.544588100397526,-71.40191627176065,-261.6403330348626,146.66498730136252,24.42770838188897,39.48942572406308,276.27432823181147,-184.39016795158398,0.6155749720067932,-0.023402044648060494
1767170438,955197510,290_1767170438-955197510.png,25540,-9765,68450,-68500,0.24452359068627452,-0.0934914981617647,202.26,49.04,40.0,-109.0,-432.0,163.0,40.0,50.0,8.14287785450276,-89.75128301296749,-284.1856745869432,143.26253594745697,31.525505793786976,40.881107994634235,277.4034920930862,-390.9307575225831,0.6288060889345248,-0.023402044648060494
1767170438,988545898,291_1767170438-988545898.png,28466,-12700,68000,-68650,0.2725375306372549,-0.12159160539215687,204.11,49.78,37.0,-33.0,-284.0,156.0,30.0,63.0,14.90682703132799,-85.0237500010429,-299.63929388500225,146.84236537466177,32.23150733656565,44.463846476189204,273.6679260730743,-397.30456399917614,0.6392793693954251,-0.023402044648060494
1767170439,21893311,292_1767170439-21893311.png,31261,-15492,67950,-68650,0.2992972579656863,-0.14832261029411764,206.29,48.09,62.0,-39.0,-381.0,161.0,29.0,62.0,22.380938140436797,-76.9106371724184,-311.12202269968503,149.15616512311948,31.69962416131451,47.52095832352081,294.88618004322046,-122.01765275001537,0.6496517160510111,-0.023402044648060494
1767170439,88588867,293_1767170439-88588867.png,35567,-19872,68000,-68800,0.34052351409313725,-0.19025735294117646,213.96,47.74,43.0,-36.0,-232.0,160.0,-34.0,38.0,48.46492436734181,-81.62265708048052,-318.4767175298568,148.8825595681827,21.13034718264922,44.9736531857423,316.04183256626123,-272.4792914390565,0.6650173565924413,-0.023402044648060494
1767170439,121937256,294_1767170439-121937256.png,37829,-22180,68350,-68550,0.3621802236519608,-0.21235447303921567,213.96,47.74,43.0,-36.0,-232.0,160.0,-34.0,38.0,48.130008744707816,-78.82669146865295,-313.1770277724039,149.56388729278385,17.7517067273402,44.54627574339492,180.62425243854517,-587.7802438735963,0.6751301781997991,-0.023402044648060494
1767170439,155284668,295_1767170439-155284668.png,39390,-23684,68500,-68700,0.37712545955882354,-0.22675398284313725,219.37,50.41,-46.0,3.0,-363.0,188.0,107.0,45.0,30.948184440831035,-56.946424874446606,-316.59859537753204,158.5537667601972,25.063995986365367,44.38167491322387,197.16376256942743,-521.8057155609132,0.6851363402054994,-0.023402044648060494
1767170439,188633545,296_1767170439-188633545.png,43154,-27368,68400,-67500,0.4131625306372549,-0.2620251225490196,222.11,52.62,-87.0,82.0,-210.0,222.0,42.0,45.0,12.778918285827373,-37.20043570375691,-306.43907937633844,167.68221709647602,31.50102258856075,44.48853170724112,247.88963723182673,-384.4467613697053,0.6950343778709425,-0.023402044648060494
1767170439,255330322,297_1767170439-255330322.png,46833,-31068,68350,-67550,0.4483857996323529,-0.29744944852941174,227.82,50.65,-164.0,-65.0,-261.0,150.0,73.0,75.0,-32.087922570593726,-32.05919633993405,-297.61904477699363,169.37000515814475,39.45401781931227,50.97160970876442,285.08606636524195,-232.2334077358247,0.7072523617409806,-0.12619752912613308
1767170439,288678223,298_1767170439-288678223.png,49430,-33652,68450,-68500,0.4732498468137255,-0.3221890318627451,230.54,51.35,28.0,-119.0,-291.0,144.0,32.0,58.0,-35.46875095430039,-45.01597746537568,-293.9122202953864,164.81093840346657,41.24369549889484,53.72295674140738,258.00171911716455,-283.3553993701936,0.7169012606864467,-0.12619752912613308
1767170439,322027100,299_1767170439-322027100.png,52700,-36933,68000,-68850,0.5045572916666666,-0.35360179227941174,233.1,50.96,-11.0,-92.0,-469.0,158.0,80.0,70.0,-30.203733117663884,-53.853109946392095,-319.4399857936199,163.2618498912215,46.66583986677363,56.21700243295952,113.87864148616785,-609.4651136398317,0.7264369087065573,-0.12619752912613308
1767170439,388723877,300_1767170439-388723877.png,55231,-39458,68450,-67450,0.5287894454656863,-0.37777650122549017,238.53,52.98,12.0,35.0,-270.0,191.0,4.0,77.0,-27.589326470574076,-48.1533900369421,-341.05997816353806,168.632369661814,45.46974947084612,60.06919953805334,205.6530123353004,-335.01830911636364,0.7358578410627126,-0.12619752912613308
1767170439,422071777,301_1767170439-422071777.png,57820,-42118,68400,-68450,0.5535768995098039,-0.4032437193627451,241.36,54.96,56.0,-87.0,-424.0,202.0,30.0,69.0,-14.500521475421586,-46.13734785640091,-345.24728057361733,174.38072384081408,40.32449597471652,62.48054076830957,126.62154269218439,-539.5638780593873,0.745162593016313,-0.12619752912613308
1767170439,455420654,302_1767170439-455420654.png,61513,-45734,68400,-68650,0.5889342064950981,-0.4378638174019608,247.13,57.13,19.0,-171.0,-330.0,137.0,33.0,46.0,-4.579736806841344,-68.65523687731768,-364.3643708321741,173.27570662979676,41.76998626789658,62.253601528931206,124.06670230627054,-438.50031423568737,0.7588986452867238,-0.12619752912613308
1767170439,522117432,303_1767170439-522117432.png,64028,-48405,68000,-68700,0.6130131740196079,-0.4634363511029412,249.85,58.55,-69.0,-93.0,-264.0,114.0,32.0,45.0,-10.353225486147265,-79.70978396188525,-349.69916001500303,163.3399481545865,39.909768968411555,58.90740732765281,118.54231941699976,-445.15640115737926,0.7656658041956423,-0.12619752912613308
1767170439,555465332,304_1767170439-555465332.png,67314,-51548,68300,-67500,0.6444738051470589,-0.4935278799019608,251.16,59.41,-1.0,-16.0,-490.0,144.0,43.0,34.0,-10.543913103793127,-70.74593222223038,-367.9395818349024,159.20044450011483,40.15149026890633,54.89531739200854,146.9036322832107,-307.5220444202424,0.7767930904412388,-0.12619752912613308
1767170439,588814209,305_1767170439-588814209.png,70170,-54478,68400,-68550,0.6718175551470589,-0.5215801164215687,254.65,60.45,90.0,-83.0,-285.0,201.0,-30.0,-26.0,10.235051461441955,-63.60057510364851,-356.417774026739,166.5894205192386,25.353716152360594,40.01384211972695,63.35200047492976,-457.62832498550426,0.7877286290883494,-0.1026291048961177
1767170439,622162109,306_1767170439-622162109.png,71825,-56107,68400,-67550,0.6876627604166666,-0.5371763939950981,257.9,62.26,43.0,-45.0,-315.0,221.0,-43.0,-15.0,17.146386946920664,-61.39592689381349,-348.46285718262953,175.46097390517906,13.886535416094185,30.21421929707456,94.0464510917663,-349.0389065742494,0.7941968481649065,-0.15534446346862518
1767170439,688858887,307_1767170439-688858887.png,76187,-60411,68400,-67600,0.7294251685049019,-0.5783835018382353,265.01,56.39,5.0,-148.0,-250.0,121.0,20.0,0.0,20.77484739010533,-77.21958720426669,-326.44064394430586,166.70617461251933,9.197432975738343,22.97924664019026,63.210303008556316,-401.4390411376954,0.8048201311742054,-0.16752662558362152
1767170439,722207764,308_1767170439-722207764.png,78648,-62946,68600,-68550,0.7529871323529411,-0.6026539522058824,268.81,55.91,-66.0,-71.0,-329.0,157.0,56.0,-2.0,9.206780653858093,-82.12540264606515,-320.6485368616383,161.90785311168986,15.619715673909017,18.178767784570454,60.31959676742549,-404.94777274131786,0.8131758656733562,-0.1838398852836237
1767170439,788904541,309_1767170439-788904541.png,82671,-66908,68550,-68500,0.79150390625,-0.6405867034313726,276.88,53.94,-39.0,-27.0,-333.0,167.0,64.0,-2.0,-5.3807358380338615,-72.86058063451682,-344.3600633206677,165.58750663581554,30.202308234541444,13.978934753628913,65.1684814691543,-327.6860387325288,0.8254683514748895,-0.13976497964871837
1767170439,822252441,310_1767170439-822252441.png,85537,-69769,67950,-68700,0.8189433976715687,-0.6679783241421569,281.33,51.33,165.0,79.0,-421.0,172.0,17.0,-6.0,17.777019960823303,-48.25268461843332,-354.97364404021647,166.59918616629804,30.039948659826116,10.221125557588984,65.0024967193603,-331.734255552292,0.8335006450596503,-0.13976497964871837
1767170439,855601318,311_1767170439-855601318.png,88413,-72700,68350,-67550,0.8464786305147058,-0.6960401348039216,287.39,48.81,105.0,51.0,-292.0,204.0,-23.0,-3.0,37.38466596831704,-22.17372311550087,-367.3278844176258,171.78745673815732,24.416013886782274,7.086157770036335,65.98892408609385,-280.3392972946168,0.8414013119075339,-0.1744423670818187
1767170439,922297852,312_1767170439-922297852.png,91475,-75697,68450,-67650,0.8757946537990197,-0.7247338388480392,291.71,47.94,115.0,-103.0,-264.0,199.0,-1.0,0.0,53.68551128766341,-24.115914230850827,-347.1645653554915,178.39321939260302,16.431948932341363,5.188239516774681,64.27985262870783,-286.7612490653993,0.8510901582693511,-0.2174103053343449
1767170439,955645752,313_1767170439-955645752.png,94211,-78434,68500,-68450,0.9019895067401961,-0.7509382659313726,295.96,49.18,125.0,-145.0,-293.0,185.0,14.0,8.0,65.74408655312499,-43.89054471949337,-337.03336700374206,179.90702606358337,15.613047472569104,5.461560602563262,2.828999340534159,-464.51768732070934,0.8586901542301646,-0.21651114512000372
1767170439,988994629,314_1767170439-988994629.png,97758,-81986,68000,-68650,0.9359489889705882,-0.784945618872549,302.33,50.13,-6.0,-140.0,-361.0,192.0,83.0,0.0,58.48697916877742,-64.97296169084652,-332.01565310376145,179.94980020918516,24.955438432422945,5.038884904574793,27.160571336746163,-286.4591946601869,0.8661545287124661,-0.20985873868132363
1767170440,55691406,315_1767170440-55691406.png,101585,-85871,67950,-68650,0.9725892310049019,-0.8221411611519608,307.16,50.32,20.0,-63.0,-513.0,246.0,51.0,4.0,44.687914519779646,-76.61469537242564,-380.09806145328974,190.36488295431212,39.39110149319009,3.5028477233246025,-3.178466707468084,-431.7232909202577,0.8770943284173207,-0.23206094310483616
1767170440,89039307,316_1767170440-89039307.png,104179,-88478,68450,-67500,0.9974245557598039,-0.8471009497549019,312.6,51.77,-39.0,-45.0,-425.0,225.0,78.0,14.0,33.41144605151281,-72.12321034477236,-392.6101363463226,197.4844698904147,44.60527200179235,4.7768975520452175,2.24649417400355,-344.08051443099987,0.8842145559077567,-0.22011121216260934
1767170440,122388184,317_1767170440-122388184.png,105950,-90322,67900,-68650,1.0143803615196079,-0.8647556678921569,318.07,53.38,-14.0,53.0,-452.0,250.0,122.0,2.0,24.55359712165296,-53.104172238289884,-402.1561694336059,205.89565392845086,56.81107332267971,4.615900154698623,23.492866843938774,-239.27179121971142,0.8911952337570723,-0.238446330242253
1767170440,189084961,318_1767170440-189084961.png,110596,-94887,68500,-68500,1.0588618259803921,-0.9084616268382353,335.4,67.55,157.0,-191.0,-417.0,260.0,-5.0,-2.0,54.58228286367229,-76.38837914894827,-414.05087678430993,220.1438365810286,63.82666231384771,-1.0760989422461111,53.35258820652957,-33.336313486099364,0.8997229418836151,-0.25411454194047917
1767170440,222432861,319_1767170440-222432861.png,112715,-97067,68250,-67550,1.0791494332107843,-0.9293332567401961,335.4,67.55,157.0,-191.0,-417.0,260.0,-5.0,-2.0,63.851467836949446,-86.76115783861005,-414.3177834227271,223.75096786051083,57.597592950476304,-1.159715430103656,34.10621488094325,-121.06592345237743,0.9063854385616935,-0.25411454194047917
1767170440,255781738,320_1767170440-255781738.png,116257,-100488,68400,-67550,1.1130610447303921,-0.9620863970588235,347.96,76.16,202.0,-74.0,-362.0,264.0,9.0,36.0,68.63168837214239,-88.48291393700978,-420.12832884776384,235.31224430737018,50.55616811638596,3.1987198279399105,-0.3364649116993461,-195.2857632637025,0.9145120746280704,-0.25411454194047917
1767170440,322478516,321_1767170440-322478516.png,118715,-102948,68500,-68600,1.1365942861519607,-0.9856387867647058,353.77,81.57,196.0,-95.0,-441.0,300.0,37.0,25.0,97.56340513219908,-88.31691444030754,-418.68916329475064,246.98895389849466,45.362715042824235,8.921477888483079,14.682037860155054,-19.038307428360106,0.9192799319276392,-0.25411454194047917
1767170440,355826416,322_1767170440-355826416.png,121798,-106024,68000,-68700,1.1661113664215685,-1.0150888480392157,359.24,84.22,235.0,-207.0,-452.0,288.0,48.0,20.0,117.6623839313289,-105.67334576614236,-423.56060093014963,252.98648422815074,45.74839641460535,10.541621208093485,0.9498519599437203,24.20218491554248,0.927044577822847,-0.25411454194047917
1767170440,389175293,323_1767170440-389175293.png,124312,-108537,68300,-67500,1.1901807598039216,-1.0391486672794117,370.46,87.81,-6.0,-240.0,-465.0,248.0,145.0,29.0,102.24245173210566,-122.36948093045288,-438.23157323612213,253.68332511732868,59.78353828930903,11.60618715778389,-0.16444081068044047,27.89518690109241,0.9330917511310626,-0.25411454194047917
1767170440,422523193,324_1767170440-422523193.png,127047,-111335,68350,-68600,1.2163660386029411,-1.0659371170343137,373.3,88.51,33.0,-271.0,-656.0,307.0,143.0,6.0,82.68288946643958,-152.3443071729888,-466.9079412414691,259.42303324531935,78.59265338096868,12.761172896648334,-2.1502833962441,31.524425029754518,0.9389915184729424,-0.25411454194047917
1767170440,489219971,325_1767170440-489219971.png,130936,-115167,68500,-68600,1.2535998774509804,-1.1026252297794117,380.67,81.63,-56.0,-99.0,-624.0,362.0,128.0,8.0,53.63150200066962,-152.8115282901151,-511.0546486305088,278.5069590525944,91.79451964795571,10.823433650627832,7.820880293846079,-99.09476113319408,0.9461576854921823,-0.25411454194047917
1767170440,522568848,326_1767170440-522568848.png,133532,-117753,68150,-67450,1.2784543504901962,-1.1273839613970589,388.07,80.09,-17.0,-20.0,-779.0,362.0,136.0,14.0,36.49634915915129,-132.74023745646545,-551.8976065590365,295.08567481773133,99.93413316118013,10.975681469421612,8.145446717739054,-117.6355712413789,0.9517225603269845,-0.25411454194047917
1767170440,555916748,327_1767170440-555916748.png,136334,-120548,68500,-68650,1.3052810968137254,-1.1541436887254901,395.43,76.09,33.0,-76.0,-791.0,423.0,96.0,-1.0,34.56338726853739,-121.44640351283039,-592.8995553835605,315.57032757597113,100.31723790930532,9.304706281708892,-9.923123240470938,-140.75433969497692,0.9571370997182519,-0.33203186651479366
1767170440,622613525,328_1767170440-622613525.png,139543,-123763,68400,-68550,1.336004518995098,-1.1849245557598038,410.77,70.79,44.0,-153.0,-623.0,409.0,70.0,11.0,37.20459132912905,-117.59242716619444,-593.2430023907755,336.319798746219,93.1420091459143,8.752576808191002,-122.66306939721112,-675.8857023715974,0.9636926704785637,-0.3268960078081676
1767170440,655962402,329_1767170440-655962402.png,141389,-125740,68350,-67450,1.3536783854166667,-1.2038526348039216,418.69,66.82,137.0,-183.0,-718.0,430.0,74.0,11.0,52.154405105717316,-129.01035280266987,-613.0446457535415,353.8225517240255,89.13180555891346,9.198834243280098,-13.92234265804296,-151.3248109817506,0.9700104875325587,-0.3385879396102637
1767170440,689310303,330_1767170440-689310303.png,145689,-129975,68350,-67450,1.3948471966911764,-1.2443991268382353,435.0,64.71,61.0,-253.0,-594.0,423.0,160.0,4.0,59.71775379303862,-152.46708937552336,-622.2216207642851,371.27950765022985,98.85327013498714,9.100893340683253,-15.566799551248602,-175.90914511680614,0.9748924612848373,-0.33530700209850645
1767170440,756006836,331_1767170440-756006836.png,149981,-134277,68350,-68750,1.4359394148284315,-1.2855870863970589,445.19,64.43,51.0,-357.0,-604.0,451.0,155.0,9.0,46.40628995818563,-205.18354897563597,-622.5929036404075,390.31647031250384,116.35208304637007,8.840724171942405,-11.30834260582929,-108.34739828109753,0.9830649703009908,-0.37382539598230163
1767170440,822703613,332_1767170440-822703613.png,152781,-137068,68350,-67550,1.462747012867647,-1.3123085171568627,452.27,67.12,171.0,-220.0,-478.0,454.0,96.0,-2.0,64.74917827363613,-211.3848104064192,-600.9532723422584,401.24231263813573,114.40281400518538,7.25958956485015,-23.366134613752415,-78.92876076698315,0.9875218369642655,-0.37406198310362904
1767170440,856052490,333_1767170440-856052490.png,155580,-139877,68500,-68650,1.4895450367647058,-1.3392022824754901,466.59,67.34,75.0,-278.0,-588.0,438.0,185.0,27.0,90.46626550064718,-218.50463238358768,-598.9981123990249,412.8371710227629,117.81840704078438,6.562054602202234,-23.718754798173954,-89.63879609107983,0.9918227089666891,-0.3957323054834063
1767170440,889400391,334_1767170440-889400391.png,158797,-143078,68100,-68800,1.5203450520833333,-1.3698491115196079,473.63,67.37,-39.0,-355.0,-435.0,456.0,183.0,34.0,69.96401696428462,-244.50104868017075,-573.899103468146,421.7018461783604,134.16544105203178,12.647811846135692,-31.624655187130024,-282.06049156188976,0.9959669205179886,-0.3825777435516933
1767170440,956096924,335_1767170440-956096924.png,162141,-146358,68350,-67450,1.5523609834558822,-1.4012522977941178,497.39,68.38,-201.0,-184.0,-626.0,542.0,238.0,36.0,53.3168835449868,-251.47331269291652,-555.5568684935889,440.36600835316136,137.94078913194463,12.857831360398489,-45.907396137714436,-328.2003049850465,1.0009259927838252,-0.3827960324857264
1767170440,989445801,336_1767170440-989445801.png,165067,-149288,68300,-67600,1.5803749234068627,-1.4293045343137254,506.42,71.0,-75.0,-116.0,-557.0,535.0,228.0,25.0,8.754221070543743,-224.8170976965902,-562.9135169936619,464.514993447667,161.2610074925413,16.98101694584246,-45.98467385768895,-326.32235193252575,1.0047154712779263,-0.3827960324857264
1767170441,22793701,337_1767170441-22793701.png,168148,-152364,68500,-68600,1.6098728553921569,-1.4587545955882353,523.09,75.54,192.0,-125.0,-783.0,655.0,172.0,-16.0,13.50105859126937,-195.94849012868087,-592.8717801423696,486.38214649073365,174.452066699684,15.815425669935934,-59.78121456503873,-368.5745761394502,1.009229129851447,-0.3827960324857264
1767170441,89490479,338_1767170441-89490479.png,171693,-155926,68050,-68700,1.6438131893382353,-1.4928576899509804,530.77,77.43,127.0,-272.0,-661.0,606.0,157.0,-2.0,48.20590639113514,-199.8735370952199,-622.1211801237968,520.9795185150905,171.65111211060037,9.982775754532703,-67.14071601629261,-449.6761839389802,1.0134937828630455,-0.3827960324857264
1767170441,122839111,339_1767170441-122839111.png,174295,-158646,68350,-67500,1.6687251072303921,-1.518899356617647,546.61,82.34,144.0,-384.0,-701.0,624.0,122.0,-2.0,61.785223197569884,-228.15138798890345,-625.126008993563,536.9411929585089,164.20409773879436,8.903782649695435,-36.307035624980976,-228.62652277946484,1.0167254622668294,-0.3827960324857264
1767170441,156187012,340_1767170441-156187012.png,176059,-160357,68350,-68600,1.685613893995098,-1.5352807138480393,554.51,82.98,188.0,-238.0,-916.0,629.0,155.0,-23.0,78.68981713364869,-246.13705441589556,-651.4144744079878,552.2928165567259,158.9329234542677,5.732452513867281,-50.85388454794889,-397.55732679367077,1.0197966196359087,-0.3827960324857264
1767170441,189536133,341_1767170441-189536133.png,179610,-163833,68000,-68700,1.7196116727941178,-1.5685604319852942,562.48,84.97,133.0,-130.0,-916.0,659.0,206.0,-21.0,93.86015363054585,-231.6894840455487,-703.9516460642756,571.088506117964,164.21146813715737,0.26484731985433085,-56.792060405015995,-427.80303168296825,1.0227066557590383,-0.3827960324857264
1767170441,256233154,342_1767170441-256233154.png,183501,-167723,68000,-68650,1.7568646599264706,-1.6058038449754901,586.22,78.76,132.0,-322.0,-870.0,730.0,255.0,-1.0,102.44537777498644,-232.42790845941937,-785.5364357118178,616.2261979277356,185.88558816562775,-2.6721053393431378,-54.997658759355595,-423.53285932540905,1.026117166430021,-0.3827960324857264
1767170441,289581299,343_1767170441-289581299.png,185548,-169836,68350,-67400,1.7764629289215685,-1.6260340073529411,586.22,78.76,132.0,-322.0,-870.0,730.0,255.0,-1.0,104.25662053679935,-237.9172969289499,-790.7127502080461,623.1987781867015,190.12123622158612,-2.569631057323362,-53.88031384348874,-462.2898211479188,1.028663215011164,-0.3827960324857264
1767170441,322930420,344_1767170441-322930420.png,188626,-172916,68400,-68550,1.8059321384803921,-1.6555223651960784,594.35,76.45,65.0,-276.0,-884.0,763.0,241.0,4.0,99.96725568428307,-247.88597432421136,-808.503732662762,649.2316408849518,200.95644027122293,-1.5267496311980773,-62.69003885984426,-539.1463322639466,1.0310468773448396,-0.47879370452056585
1767170441,389627441,345_1767170441-389627441.png,191631,-175847,68050,-68650,1.8347024356617647,-1.6835841758578431,608.03,73.73,220.0,-366.0,-702.0,764.0,168.0,-18.0,112.95636551267242,-265.5734355599141,-810.1443109111101,673.5305843041865,199.49181618879686,-3.6995091620540843,-86.60385659337048,-687.5524104833604,1.0332677539568837,-0.48389151426902655
1767170441,422975342,346_1767170441-422975342.png,194566,-178788,68300,-67600,1.8628025428921569,-1.7117417279411764,617.0,73.97,237.0,-231.0,-808.0,815.0,167.0,-7.0,136.23120963209936,-269.4747352752094,-801.2649565275717,697.5540391086171,193.11986047796708,-5.232125369599489,-84.9765436649323,-720.9426765441896,1.0353253787941061,-0.4946926203308854
1767170441,456324463,347_1767170441-456324463.png,197773,-181989,68500,-68550,1.8935068167892157,-1.7423885569852942,625.91,74.63,189.0,-137.0,-905.0,877.0,177.0,-21.0,146.62611428744503,-249.07893336477076,-816.6143406169763,726.9176354782654,190.06833518099714,-7.585028908321827,-53.87076777219777,-547.5478293895723,1.0376674958147765,-0.4973725122971526
1767170441,489672607,348_1767170441-489672607.png,200089,-184315,68050,-68750,1.9156805300245099,-1.7646580116421569,638.93,73.1,252.0,-239.0,-558.0,852.0,151.0,-19.0,164.11759260701157,-237.19349864790027,-775.6960703811457,751.4799365585495,179.97701781563538,-9.439793344631052,-45.980517745018055,-547.554205775261,1.0393568720522681,-0.4973725122971526
1767170441,556369629,349_1767170441-556369629.png,204662,-188896,68450,-68600,1.9594630821078431,-1.8085171568627452,662.17,76.84,205.0,-255.0,-767.0,899.0,268.0,-25.0,197.35113197265505,-261.8248732621958,-760.8354445616877,803.6888887033745,193.69463678278183,-13.340903145525402,-70.83465597033505,-690.6378647089006,1.0412377961511639,-0.5579581668831284
1767170441,589718750,350_1767170441-589718750.png,206302,-190599,68350,-67500,1.975164675245098,-1.8248219209558822,662.17,76.84,205.0,-255.0,-767.0,899.0,268.0,-25.0,197.58921621644205,-261.61243728032724,-761.0273270094651,806.6556118546212,196.00751970188088,-13.703812696051456,-64.85946473479275,-693.0775845050813,1.0425575256293527,-0.5531323753267664
1767170441,623066650,351_1767170441-623066650.png,208214,-192508,68000,-68650,1.9934704350490196,-1.8430989583333333,670.76,77.78,263.0,-373.0,-854.0,902.0,267.0,-38.0,207.35194812694914,-277.72623448016975,-774.7825426049255,823.052973778921,208.3027682853818,-17.557124311124014,-72.8869314193726,-732.4470375776292,1.0437126051731473,-0.5531323753267664
1767170441,689763672,352_1767170441-689763672.png,213065,-197285,68500,-68350,2.039914598651961,-1.8888346354166667,689.97,76.44,272.0,-365.0,-873.0,953.0,267.0,-12.0,221.00340376378318,-303.7501180049725,-797.0011513743506,847.1762128832937,222.6192513361642,-18.57615952683084,-72.8869314193726,-732.4470375776292,1.0449246763642697,-0.5531323753267664
1767170441,723112793,353_1767170441-723112793.png,216143,-200359,67900,-68600,2.0693838082107843,-1.9182655484068627,700.27,74.86,273.0,-354.0,-828.0,963.0,232.0,-18.0,231.27573591445682,-314.3034820989739,-805.5109077761616,869.6514301639631,226.313208255533,-18.147821669392787,-23.41120246052747,-524.2691497802736,1.0458789535618722,-0.5531323753267664
1767170441,789809814,354_1767170441-789809814.png,219001,-203363,68350,-67600,2.096746706495098,-1.9470262714460784,721.21,78.34,279.0,-331.0,-809.0,956.0,228.0,-19.0,243.36036843377204,-324.894621457927,-812.1067327185095,887.6208280365125,225.13807040833666,-19.827107679516352,-30.113778352737476,-585.7674553394319,1.046456526623283,-0.5531323753267664
1767170441,823157959,355_1767170441-823157959.png,221789,-206032,68500,-68500,2.1234394148284315,-1.9725796568627452,731.71,76.82,264.0,-372.0,-1098.0,981.0,329.0,-7.0,249.13255945329672,-332.25515029390084,-853.676234654828,906.5603108545318,240.54816522085667,-17.88733881037779,-32.90694582462316,-604.3576287031175,1.0468688505390547,-0.5531323753267664
1767170441,856506836,356_1767170441-856506836.png,224199,-208488,68000,-68650,2.1465130974264706,-1.99609375,742.32,76.82,190.0,-389.0,-1090.0,1021.0,374.0,4.0,240.48490589397136,-340.5536208162515,-888.236653981078,923.2961801339346,260.0644054224639,-14.686494383591002,14.86640042066569,-309.11929321289074,1.0471158587301597,-0.5531323753267664
1767170441,923204102,357_1767170441-923204102.png,229239,-213472,68450,-68600,2.194766773897059,-2.043811274509804,774.39,77.48,192.0,-309.0,-1079.0,1132.0,213.0,-44.0,227.678369812084,-344.9732484257651,-936.3684220075232,964.4852600961246,274.4322217784471,-19.465455476643125,-14.406010270118765,-554.2436075210572,1.0471502800872488,-0.5531323753267664
1767170441,956552002,358_1767170441-956552002.png,232248,-216479,68050,-68700,2.223575367647059,-2.0726007199754903,784.98,78.34,148.0,-379.0,-1117.0,1158.0,239.0,-41.0,214.47610471475477,-345.2497991407599,-972.7629315921918,1005.015647819468,263.790645954883,-24.59273442908032,1.5658008456229653,-464.74136233329784,1.0468647892183922,-0.6079879440349338
1767170442,23249023,359_1767170442-23249023.png,235933,-220224,68200,-68650,2.258856081495098,-2.108455882352941,806.98,80.21,176.0,-423.0,-1185.0,1125.0,289.0,-18.0,210.53171443358042,-367.0213068821567,-1007.246815861272,1029.9109966081644,266.1186959090787,-25.889422711081878,5.667884051799723,-449.7115764617921,1.046320971723798,-0.6039123921528629
1767170442,56598145,360_1767170442-56598145.png,239139,-223367,68350,-67550,2.28955078125,-2.138547411151961,818.26,81.06,199.0,-472.0,-1007.0,1127.0,274.0,-16.0,206.17708872857136,-386.69896100921613,-1020.9454066014962,1051.4568350992572,269.0392715863925,-23.83357321618592,-1.6690834760666404,-486.493434906006,1.0455189607615207,-0.6004601196092095
1767170442,123295166,361_1767170442-123295166.png,242075,-226438,68350,-68500,2.317660462622549,-2.1679496017156863,841.05,79.73,306.0,-503.0,-1158.0,1151.0,296.0,1.0,212.92677141640922,-412.1613949402587,-1020.0559794658388,1071.0456121763411,273.6021969380863,-20.810139762269333,9.746459245681711,-416.8355050086976,1.0446916497688876,-0.6188104133603355
1767170442,156643066,362_1767170442-156643066.png,245488,-229724,68000,-68750,2.3503370098039214,-2.199410232843137,852.55,76.76,255.0,-508.0,-1169.0,1166.0,308.0,-1.0,223.9494347677911,-430.9298847504857,-1049.0553619805046,1089.1153060833115,279.804497196325,-16.77191388970526,12.013488829135843,-445.3835151195527,1.0434254498286095,-0.6285836971854074
1767170442,189992432,363_1767170442-189992432.png,248156,-232374,68300,-67550,2.3758808210784315,-2.2247817095588234,864.33,79.38,238.0,-469.0,-915.0,1133.0,268.0,-6.0,226.00421510478645,-436.4973279777894,-1029.4508608580231,1095.5330839210574,278.07818595359123,-15.196609516779752,12.609890997409769,-435.57075905799877,1.0422271604961284,-0.6059788896534584
1767170442,223340820,364_1767170442-223340820.png,250396,-234703,68450,-68550,2.397326899509804,-2.247079886642157,888.27,80.61,191.0,-363.0,-990.0,1175.0,263.0,-10.0,207.14088771093137,-418.0748352084492,-997.889100165761,1109.0385393890751,272.0479308124015,-14.567140274006624,12.609890997409769,-435.57075905799877,1.040864221229253,-0.6246993348253873
1767170442,290038330,365_1767170442-290038330.png,253070,-237287,67950,-68700,2.422928155637255,-2.2718194699754903,900.09,79.5,380.0,-394.0,-1019.0,1203.0,278.0,-11.0,226.8072024642787,-412.24020793247115,-999.9713210012466,1123.7645442807564,272.26649938175507,-13.89667632369003,19.23525410890574,-376.96117115020763,1.0397341753997051,-0.629126972474666
1767170442,323387695,366_1767170442-323387695.png,256349,-240703,68350,-67600,2.4543217677696076,-2.3045247395833335,923.31,80.07,488.0,-443.0,-997.0,1229.0,246.0,-23.0,275.640954763277,-416.0903129875936,-998.1735452772181,1144.8937615572886,266.25624766391655,-15.208538509948301,19.12498724460597,-406.272484779358,1.0376455247357832,-0.6370329258570051
1767170442,390085449,367_1767170442-390085449.png,260848,-245219,68150,-68800,2.4973958333333335,-2.3477615655637254,940.54,81.7,194.0,-364.0,-1154.0,1285.0,301.0,-7.0,289.68509424340533,-413.88860814953966,-1004.1658099649795,1185.929349193159,258.43028198459814,-15.011202515423113,27.09881410002703,-381.2046916484834,1.0348012686915786,-0.6458929773767609
1767170442,423433838,368_1767170442-423433838.png,263245,-247463,68350,-68500,2.5203450520833335,-2.3692459405637254,940.54,82.77,162.0,-351.0,-1452.0,1347.0,374.0,-24.0,278.1291175045658,-408.19695481114223,-1044.6964726360377,1200.5068431838465,268.8897720371671,-15.824722176879405,38.657807648181866,-260.2814805507661,1.032700766960806,-0.6372023275283362
1767170442,456783203,369_1767170442-456783203.png,266102,-250336,68400,-68500,2.5476983762254903,-2.3967524509803924,953.21,82.34,168.0,-412.0,-1244.0,1308.0,285.0,-33.0,255.94750139862128,-405.7604476994856,-1095.154007599375,1223.8916853869257,276.7453612046843,-18.764214840846854,39.96945083141322,-267.00964212417614,1.0304371466132658,-0.6465413186620296
1767170442,523480713,370_1767170442-523480713.png,269254,-253479,68000,-68700,2.5778760723039214,-2.4268439797794117,980.53,82.3,175.0,-503.0,-1447.0,1331.0,343.0,-49.0,251.1311537951859,-416.83195886829196,-1128.7761934786686,1239.2565286811723,280.5661470165706,-22.846042173679187,45.598710626363705,-216.89913153648388,1.0273789055754734,-0.6465413186620296
1767170442,556829102,371_1767170442-556829102.png,272182,-256413,68350,-67650,2.6059091605392157,-2.454934512867647,994.19,83.19,225.0,-413.0,-1365.0,1352.0,303.0,-42.0,241.954912600944,-423.2486301946596,-1182.2213027198584,1259.9685640242833,288.21073048361814,-27.207584188465727,43.53007048368449,-242.0978913307191,1.0247496997892926,-0.6465413186620296
1767170442,590178467,372_1767170442-590178467.png,274433,-258725,68400,-68500,2.6274605545343137,-2.4770699295343137,1007.88,84.14,284.0,-434.0,-1163.0,1333.0,256.0,-33.0,247.65309131328002,-424.5485758960575,-1184.2676332272276,1273.0945224364777,283.89319478483884,-28.447781666566325,45.78099513053889,-238.10799336433422,1.0219587069668894,-0.6465413186620296
1767170442,623526855,373_1767170442-623526855.png,276829,-261046,68300,-67500,2.650400199142157,-2.4992915134803924,1035.67,86.11,409.0,-499.0,-1617.0,1414.0,348.0,-41.0,263.0678015041444,-442.51584515414675,-1225.0453864904703,1290.9275869999806,289.1626285081008,-28.91673487148443,53.42493054270739,-141.3712012767793,1.0190063265824276,-0.6465413186620296
1767170442,690224365,374_1767170442-690224365.png,280440,-264738,68350,-67550,2.6849724264705883,-2.5346392463235294,1049.78,85.78,450.0,-473.0,-1238.0,1367.0,322.0,-21.0,295.7553415794224,-451.3784704336707,-1268.5725671641937,1311.1116677901234,298.4925179987003,-29.50596233394766,53.703519970178554,-15.585315465927245,1.0158929581100706,-0.6465413186620296
1767170442,723573730,375_1767170442-723573730.png,283447,-267747,68350,-68600,2.7137618719362746,-2.5634478400735294,1074.28,84.11,448.0,-553.0,-1205.0,1442.0,309.0,-62.0,335.34611918148545,-471.93241081602633,-1258.7034122768955,1339.846377092645,298.9879226819796,-34.579377578652725,53.9323659241199,-187.52391076087963,1.0126192007610635,-0.6465413186620296
1767170442,756922119,376_1767170442-756922119.png,285708,-269993,68050,-68800,2.735409007352941,-2.584951363357843,1074.28,84.11,448.0,-553.0,-1205.0,1442.0,309.0,-62.0,342.250065531034,-476.9006043868723,-1255.412220935297,1346.106819492322,299.60150868673077,-36.25983904782473,48.11062616109843,-290.46614408493053,1.009185587167624,-0.6465413186620296
1767170442,790271484,377_1767170442-790271484.png,288912,-273129,68400,-67650,2.7660845588235294,-2.6149758731617645,1098.26,84.63,185.0,-307.0,-1088.0,1469.0,342.0,-50.0,337.79535103780364,-461.2853419136738,-1238.7809879050267,1369.5480300552342,305.0001764640207,-39.94909716110687,58.639488220214794,-145.7008388042451,1.0046694651700951,-0.6465413186620296
1767170442,856968994,378_1767170442-856968994.png,291639,-275871,68300,-68550,2.792193244485294,-2.6412281709558822,1110.25,84.26,121.0,-341.0,-1027.0,1442.0,308.0,-26.0,299.85163272531594,-434.68947523824426,-1201.593689789738,1386.0876542955139,308.30735643590344,-39.09332418629419,65.31004905700678,-167.8908042907716,1.0008779893051765,-0.6822254013692219
1767170442,890317383,379_1767170442-890317383.png,294093,-278383,68100,-68650,2.8156881893382355,-2.6652784160539214,1122.19,81.0,156.0,-473.0,-1147.0,1427.0,332.0,-23.0,278.8145070664081,-440.2920763919671,-1193.6098088248054,1392.0707504987347,311.7722119290723,-36.73980704670715,62.24699401855464,-208.79968881607067,0.9979306689267858,-0.6865432506756743
1767170442,923666748,380_1767170442-923666748.png,297372,-281595,68300,-67550,2.8470818014705883,-2.6960305606617645,1162.82,80.9,509.0,-694.0,-1222.0,1415.0,374.0,-22.0,334.3864932008136,-503.9146982403214,-1195.1670736423594,1396.663644284069,321.69056057158514,-34.775374934611065,69.746179819107,-194.1308493614198,0.9928215941125506,-0.6896352846517682
1767170442,990364502,381_1767170442-990364502.png,301061,-285282,68350,-67550,2.882400811887255,-2.7313304227941178,1192.84,80.77,359.0,-467.0,-943.0,1447.0,327.0,-2.0,358.5185776634936,-519.0524984556263,-1176.2702322651344,1403.257597212771,326.35511943710856,-29.774268681098636,65.73163473606104,-210.98155903816235,0.9863674232107436,-0.6896352846517682
1767170443,23712646,382_1767170443-23712646.png,303516,-287808,68350,-68500,2.905905330882353,-2.755514705882353,1206.7,81.14,350.0,-488.0,-1221.0,1521.0,388.0,-21.0,357.5568601000866,-509.91331889541357,-1157.1620908084124,1421.8266564082894,333.7468723343051,-25.823892502197456,68.10295677185053,-211.51588582992565,0.98300877760199,-0.6896352846517682
1767170443,57062012,383_1767170443-57062012.png,306448,-290810,68050,-68650,2.9339767156862746,-2.784256280637255,1219.21,82.98,348.0,-476.0,-1248.0,1530.0,365.0,-22.0,356.477996634507,-506.22367892418015,-1167.1904885187428,1434.4243090945645,337.4601617518833,-25.369562947912485,69.27251285314554,-230.65507316589367,0.9772171346003675,-0.6896352846517682
1767170443,90410400,384_1767170443-90410400.png,309180,-293411,68300,-67550,2.9601332720588234,-2.809158624387255,1244.47,86.47,381.0,-570.0,-1124.0,1538.0,297.0,-40.0,359.83883900828096,-514.7472594863129,-1163.0217210264902,1452.111302676863,332.27505668030375,-27.419599676981925,78.71546059846872,-200.83966684341442,0.9724101288327744,-0.6896352846517682
1767170443,157108154,385_1767170443-157108154.png,311507,-295724,68400,-68600,2.982412300857843,-2.8313036151960786,1257.32,83.41,517.0,-811.0,-1385.0,1562.0,373.0,-31.0,396.32700720852813,-577.2983595768887,-1208.5529400765831,1475.6255713924015,337.7131074115438,-28.53394565234613,73.60032492876047,-253.07043313980114,0.9674495918283383,-0.6896352846517682
1767170443,190457275,386_1767170443-190457275.png,314777,-299072,68000,-68750,3.0137197457107843,-2.863357843137255,1270.05,86.05,382.0,-783.0,-1426.0,1579.0,405.0,-19.0,397.93464126928495,-608.1485402056649,-1239.2282287426613,1490.2769529695622,346.6755549070441,-27.468825508180874,76.06152290105814,-161.31467294693005,0.9623361893773318,-0.6896352846517682
1767170443,223805664,387_1767170443-223805664.png,318263,-302495,68000,-68750,3.0470952052696076,-2.896130131740196,1295.82,87.03,226.0,-623.0,-1342.0,1618.0,376.0,-15.0,359.37250206836603,-615.9902093168752,-1250.6272034064364,1513.238078225334,355.490973987767,-26.943025539773448,72.02450883388514,-189.92200493812572,0.95573095066269,-0.6896352846517682
1767170443,290503174,388_1767170443-290503174.png,321543,-305828,68400,-67650,3.0784983915441178,-2.9280407475490198,1308.71,88.39,237.0,-559.0,-1495.0,1646.0,418.0,-11.0,337.6304765402495,-609.5975613243276,-1284.596378363881,1535.4374408721746,365.1774293892349,-24.294106034811563,68.31530815362925,-232.97120571136486,0.9488898224544945,-0.6896352846517682
1767170443,323852295,389_1767170443-323852295.png,324550,-308776,68400,-68550,3.107287837009804,-2.956265318627451,1334.07,85.86,317.0,-453.0,-1496.0,1707.0,459.0,-39.0,326.8073122803607,-586.7396839048282,-1307.2171326149678,1561.404108215409,378.7278783879997,-24.743137555162384,77.75319063663477,-246.14782762527477,0.9432482485802979,-0.7288478859067102
1767170443,357200684,390_1767170443-357200684.png,326798,-311080,67950,-68650,3.1288105085784315,-2.978324142156863,1346.49,86.13,334.0,-401.0,-1515.0,1745.0,460.0,-42.0,327.1322739215791,-557.4489609838789,-1342.0993861303673,1591.0803926263648,392.7190410250768,-27.563399117628904,81.63370108604425,-212.96038794517528,0.9374577374221386,-0.7239263451561796
1767170443,390549805,391_1767170443-390549805.png,329734,-313955,68300,-67600,3.1569201899509802,-3.005849800857843,1358.75,87.88,503.0,-510.0,-1461.0,1740.0,438.0,-31.0,348.21608224555996,-547.5202363368561,-1360.9687659048082,1612.995810447635,399.9444372840716,-28.36768694478982,71.27069389820093,-240.63046288490307,0.9330177152527585,-0.7380388535947595
1767170443,457247314,392_1767170443-457247314.png,332811,-317093,68500,-68550,3.186379825367647,-3.0358934589460786,1378.93,90.75,368.0,-508.0,-1664.0,1781.0,436.0,-42.0,366.59562002716143,-545.7608762373483,-1420.8256917943334,1648.1188741001936,404.81130318078476,-28.979033686123522,96.00125271081919,-160.62874579429638,0.9254335651004308,-0.7359006630042612
1767170443,490595703,393_1767170443-490595703.png,335668,-319967,68050,-68550,3.213733149509804,-3.063409543504902,1387.44,89.31,277.0,-535.0,-1540.0,1769.0,461.0,-39.0,356.0263034365407,-542.4431337387963,-1448.1173733133455,1669.6571683355476,413.1715596921649,-30.87283175223448,79.46875602006907,-216.75111341476452,0.9192017681496454,-0.7487147201182321
1767170443,523945068,394_1767170443-523945068.png,338461,-322692,68000,-68750,3.2404737285539214,-3.089499080882353,1396.75,87.84,353.0,-523.0,-1548.0,1784.0,459.0,-39.0,353.4991685129227,-539.5997343284673,-1462.7243911757098,1686.3788729999196,419.87359455435256,-32.06136368920457,86.6812999248504,-197.57954263687145,0.9128248289194507,-0.7406909364124743
1767170443,557293213,395_1767170443-557293213.png,341401,-325623,68250,-67500,3.268621706495098,-3.1175608915441178,1418.49,88.02,241.0,-617.0,-1502.0,1757.0,464.0,-40.0,339.94676408686587,-556.6159974955964,-1468.1893640693363,1702.3236019005653,425.0662461164658,-33.774970868020915,66.8765138983726,-243.05707168579113,0.906303679516228,-0.7538568592542954
1767170443,623990723,396_1767170443-623990723.png,344814,-329120,68450,-68450,3.3012982536764706,-3.1510416666666665,1443.18,87.39,249.0,-633.0,-1521.0,1786.0,471.0,-44.0,319.22464161844573,-571.179648692959,-1485.4156294275128,1720.114119701126,436.9229721532224,-36.24831992654899,71.9258011579513,-244.6030228137971,0.8962540414057323,-0.7672759520240817
1767170443,690688477,397_1767170443-690688477.png,348207,-332316,60000,-56900,3.333783318014706,-3.181640625,1456.74,83.12,356.0,-594.0,-1317.0,1813.0,417.0,-60.0,317.9935834452548,-578.8212261567029,-1468.24347845504,1736.4046474508154,437.27352259865614,-39.688538779504405,75.54733383655542,-264.36924529075634,0.8876358523811542,-0.7631096245304082
1767170443,724037598,398_1767170443-724037598.png,348894,-332835,15100,-8400,3.3403607536764706,-3.1866096047794117,1485.46,78.36,489.0,-552.0,-1205.0,1818.0,334.0,-58.0,346.41280005698866,-571.0688994537294,-1408.7233647923165,1745.6882197697662,412.7667306044196,-44.12827009050381,72.25257551670069,-308.6928634643556,0.8805835354985153,-0.7693195306955294
1767170443,757385986,399_1767170443-757385986.png,348401,-332320,-8200,10450,3.335640701593137,-3.1816789215686274,1499.63,76.23,420.0,-513.0,-1256.0,1820.0,383.0,-41.0,370.0843601200864,-562.1730859672215,-1369.2486123510967,1762.0882613970962,400.98342408995103,-45.20891485949777,79.28614681959147,-325.1180031299592,0.8715727299502323,-0.7807713258486596
1767170443,790735352,400_1767170443-790735352.png,347534,-331254,-28400,29150,3.327339920343137,-3.1714728860294117,1512.1,76.31,301.0,-554.0,-1298.0,1837.0,454.0,-45.0,361.8762144874924,-561.2020140810514,-1360.7833246176433,1770.9887775048608,407.2825021338777,-45.18409298102064,73.14146411418909,-355.76577854156506,0.8660628493919401,-0.762759121657829
1767170443,824083496,401_1767170443-824083496.png,345841,-329519,-43200,45300,3.3111308976715685,-3.154861749387255,1522.11,73.85,249.0,-629.0,-1547.0,1847.0,503.0,-48.0,346.79527039512874,-569.0597811219278,-1381.1863055916292,1781.8305130171009,419.9364095227767,-45.513610996717276,100.33010381460184,-308.1765911579133,0.8585968104339574,-0.7906414951906938
1767170443,890781250,402_1767170443-890781250.png,342868,-326541,-60550,61150,3.2826669730392157,-3.1263499540441178,1530.96,79.51,458.0,-758.0,-1497.0,1799.0,448.0,-64.0,349.28990174777454,-608.1319060567458,-1413.221533111831,1785.567581253578,434.74803849188874,-47.64385400035087,101.06365770101542,-305.9554595947267,0.8490736792709703,-0.7843290713614016
1767170443,924130371,403_1767170443-924130371.png,339934,-323541,-67900,68450,3.2545764399509802,-3.0976275275735294,1523.86,87.93,373.0,-504.0,-1576.0,1823.0,430.0,-48.0,368.3089088465206,-606.7860638196166,-1430.9646540869414,1790.362693185101,436.47791532924754,-49.051517892522746,114.08073246479029,-303.0911011695863,0.8413041731067731,-0.8099761153694403
1767170443,990828125,404_1767170443-990828125.png,336197,-319737,-67900,68250,3.2187978707107843,-3.0612074908088234,1512.57,100.03,305.0,-507.0,-1394.0,1773.0,376.0,-41.0,361.2781060542941,-584.1687781708927,-1441.7574887590986,1791.7167931484298,428.6141137036815,-47.98479940988313,73.32835930585856,-283.1199746131898,0.8294013077727185,-0.8156510941359176
1767170444,24176514,405_1767170444-24176514.png,333659,-317267,-68150,67750,3.1944986979166665,-3.0375593596813726,1496.59,112.16,315.0,-552.0,-1291.0,1714.0,371.0,-49.0,354.23602667546305,-578.23007667015,-1422.53556922734,1781.9696262898874,420.3256627138006,-48.13326419946301,72.77676522731775,-219.01050329208385,0.8213020356865424,-0.8156510941359176
1767170444,57525635,406_1767170444-57525635.png,330586,-314267,-68750,68750,3.1650773590686274,-3.0088369332107843,1454.86,138.11,348.0,-478.0,-1278.0,1710.0,420.0,-70.0,356.70432136701896,-554.0723242346104,-1380.2453359379772,1769.1891203627642,409.27864118675876,-51.37697600300565,94.20581203699106,-193.29074263572704,0.8130730676552792,-0.8156510941359176
1767170444,90874023,407_1767170444-90874023.png,328072,-311755,-67950,68250,3.1410079656862746,-2.984786688112745,1431.7,153.48,317.0,-590.0,-1125.0,1634.0,417.0,-62.0,351.51685631238627,-554.2328667917732,-1344.3972064919994,1749.9304460372919,410.775029071282,-53.644835372184914,104.05501979589457,-125.85566377639782,0.8047157352594743,-0.8156510941359176
1767170444,124223389,408_1767170444-124223389.png,326490,-310169,-68700,68750,3.1258616727941178,-2.969602098651961,1408.38,163.37,392.0,-581.0,-1261.0,1636.0,411.0,-71.0,355.38005090742126,-558.3941973876402,-1328.470776370862,1733.2141924854482,410.97249997670224,-55.936030245451505,94.46024405956263,-122.47374343872082,0.7962313035006454,-0.8156510941359176
1767170444,190920898,409_1767170444-190920898.png,322465,-306072,-68750,68750,3.087325750612745,-2.930376838235294,1365.45,174.29,519.0,-506.0,-783.0,1545.0,240.0,-100.0,375.92577667313367,-556.0900817381697,-1264.3638791303215,1703.6665505861658,386.0839533684911,-62.48907890206407,64.44168126583094,-140.62265658378612,0.7876211039593375,-0.8156510941359176
1767170444,224269043,410_1767170444-224269043.png,319386,-302998,-68850,68700,3.0578469669117645,-2.900945925245098,1346.11,178.69,548.0,-563.0,-906.0,1499.0,226.0,-96.0,404.09695477011434,-554.2060498617356,-1195.790289840608,1670.7809333571645,359.17484472704325,-68.4963325290125,67.2480963468551,-127.13581275939953,0.7766836345204364,-0.8156510941359176
1767170444,257618408,411_1767170444-257618408.png,316464,-300133,-67900,68250,3.0298713235294117,-2.8735160079656863,1309.51,188.84,321.0,-523.0,-837.0,1446.0,290.0,-78.0,407.05016405346595,-554.2504904180544,-1146.9003319448636,1633.1133020054524,344.59858675911363,-69.81126223635417,75.83319646120066,-132.0529375076295,0.7677955341193787,-0.8156510941359176
1767170444,324315674,412_1767170444-324315674.png,313600,-297281,-68100,67800,3.002450980392157,-2.8462105545343137,1292.11,191.43,255.0,-505.0,-954.0,1447.0,359.0,-68.0,383.9904496933609,-546.416199636134,-1095.954205036498,1596.0498320031743,340.0020277049657,-70.53221385652344,71.43226277828211,-129.08455085754406,0.7587861933096952,-0.8156510941359176
1767170444,357663818,413_1767170444-357663818.png,310522,-294202,-68750,68750,2.9729817708333335,-2.8167317708333335,1292.11,194.11,264.0,-495.0,-1149.0,1436.0,410.0,-73.0,366.19597092890325,-539.1712852142501,-1098.363169798997,1572.9455651133574,348.8398077566391,-70.75596512397172,62.62117403745646,-141.51420426368725,0.7496570768299853,-0.8290002098423095
1767170444,391013184,414_1767170444-391013184.png,307658,-291339,-68000,68150,2.9455614276960786,-2.7893210018382355,1273.59,198.72,460.0,-478.0,-1278.0,1381.0,341.0,-81.0,371.96832912630634,-532.4815126650826,-1130.265027731895,1539.7056812605304,355.1939392339913,-71.3572306170166,74.83053427934641,-125.39914321899425,0.7404095162607942,-0.8165085401743879
1767170444,424361328,415_1767170444-424361328.png,305195,-288872,-68100,67800,2.9219803155637254,-2.765701593137255,1253.97,203.0,421.0,-366.0,-1321.0,1398.0,287.0,-92.0,384.8145321731387,-508.3563458188694,-1164.7088560095297,1510.212266845229,345.95961130082503,-74.5788849593191,60.39440679550166,-150.09080123901379,0.7310450429197486,-0.80890835716407
1767170444,491058838,416_1767170444-491058838.png,301384,-284993,-68100,67700,2.8854932598039214,-2.7285634957107843,1216.63,203.2,408.0,-379.0,-947.0,1319.0,262.0,-68.0,384.4052529532734,-474.2010608678775,-1120.3300982799283,1463.0654233243918,322.66802899741884,-73.25594568677973,62.14672780036921,-175.05170035362255,0.7191772647330557,-0.8247309081597984
1767170444,524407959,417_1767170444-524407959.png,298371,-282056,-68700,68750,2.856646369485294,-2.7004442401960786,1198.92,204.32,430.0,-283.0,-1155.0,1374.0,267.0,-71.0,389.82251849919845,-451.48381849953273,-1124.4493461370612,1452.4832602385,316.0539228770753,-72.98790917744356,61.92463552951808,-161.9482994079591,0.7071320534387363,-0.8167793303572538
1767170444,591105469,418_1767170444-591105469.png,295430,-279051,-68000,68200,2.828488817401961,-2.671673943014706,1164.99,205.87,311.0,-462.0,-853.0,1207.0,244.0,-67.0,382.5886881606357,-427.7720797126706,-1106.6541295646693,1422.7611631045474,304.569436346666,-71.67885190285617,51.42135953903193,-174.3951475620271,0.6949123385139895,-0.8116411677142955
1767170444,624453613,419_1767170444-624453613.png,292765,-276374,-68150,67650,2.8029737285539214,-2.6460439644607843,1148.55,207.82,341.0,-404.0,-868.0,1196.0,237.0,-63.0,371.938149909748,-427.6773384915825,-1058.0697406465479,1378.611807187344,291.7108305998258,-70.27454667329893,22.989522635936684,-146.46328258514416,0.6850129692680015,-0.8116411677142955
1767170444,657802979,420_1767170444-657802979.png,290714,-274326,-68750,68850,2.783337162990196,-2.6264361213235294,1134.16,208.21,268.0,-406.0,-878.0,1159.0,263.0,-58.0,358.7403223254092,-424.45234797996915,-1031.4617281204555,1347.510228094863,286.79896636590274,-68.6166368240942,32.65891358256335,-146.68810391426098,0.675005409102729,-0.8116411677142955
1767170444,724500488,421_1767170444-724500488.png,286285,-269971,-68650,68850,2.740933287377451,-2.5847407322303924,1108.88,212.32,257.0,-494.0,-1000.0,1158.0,371.0,-76.0,325.6804615538179,-434.3325089154742,-1017.9991772286492,1301.732186269069,309.3291166757969,-69.28554900841381,34.3580493330955,-144.12751936912548,0.6623462725981191,-0.8116411677142955
1767170444,757848633,422_1767170444-757848633.png,283143,-266832,-67950,68200,2.7108513327205883,-2.5546875,1096.08,212.91,336.0,-580.0,-1161.0,1186.0,359.0,-92.0,325.02276156384835,-453.2763416647193,-1034.4958972095628,1284.0393030351447,316.92221891811016,-72.16849651034399,30.22453552484507,-127.89925956726086,0.6521011584636115,-0.8116411677142955
1767170444,791197998,423_1767170444-791197998.png,280762,-264442,-68050,67900,2.688055300245098,-2.531805300245098,1077.35,212.58,378.0,-385.0,-976.0,1143.0,244.0,-86.0,336.30345088341113,-455.2209718066994,-1023.3950108293213,1259.948760117884,306.58709107166857,-75.40894769223802,30.10478752851481,-129.84140634536755,0.641753046573945,-0.8116411677142955
1767170444,824546143,424_1767170444-824546143.png,277957,-261643,-68700,68800,2.661199831495098,-2.505007276348039,1077.35,211.91,318.0,-369.0,-987.0,1102.0,257.0,-90.0,339.1526627123567,-439.82955213750563,-1014.9796068475548,1233.0162887442884,295.3360936681079,-77.87396475970432,19.723402529954857,-117.10382366180431,0.6313036014048011,-0.8116411677142955
1767170444,891243652,425_1767170444-891243652.png,275288,-258899,-68000,68300,2.6356464460784315,-2.4787358302696076,1063.85,212.52,359.0,-254.0,-1011.0,1069.0,223.0,-88.0,340.9306068262757,-415.80777145435945,-1013.73933888675,1209.9353860393983,285.69009869451713,-79.40967157381883,34.91685166954989,-111.40577077865612,0.6207544208528338,-0.8116411677142955
1767170444,924592773,426_1767170444-924592773.png,272780,-256391,-68100,67700,2.6116344975490198,-2.454723881740196,1048.72,202.92,379.0,-164.0,-968.0,1063.0,241.0,-76.0,346.97813314853516,-374.6829498843363,-1006.9775372716377,1184.7019711359412,277.48856645956766,-79.1393203676907,32.13043788075442,-110.39729881286632,0.6101072359727515,-0.8116411677142955
1767170444,991290283,427_1767170444-991290283.png,267028,-250643,-68000,68300,2.556564031862745,-2.399691712622549,1002.22,203.4,185.0,-303.0,-838.0,1004.0,308.0,-57.0,291.5748780862687,-337.8491844289595,-1024.4001924034746,1135.33188759914,301.5891146326327,-70.76443217313175,26.377533733844704,-61.24596858024609,0.5885255777099947,-0.7761420578113583
1767170445,24638672,428_1767170445-24638672.png,264161,-247771,-68050,67750,2.5291149662990198,-2.372194776348039,971.25,197.6,130.0,-278.0,-929.0,975.0,265.0,-38.0,278.7531411287094,-334.52774417159986,-1009.2483773522691,1111.6035259128826,296.3232308257889,-68.31681899850201,24.21577069163317,-61.32004928588879,0.5748473160352386,-0.7761420578113583
1767170445,91336182,429_1767170445-91336182.png,260067,-243741,-68050,67650,2.4899184283088234,-2.3336109834558822,940.79,182.88,245.0,-261.0,-655.0,930.0,173.0,-49.0,252.67301007855144,-303.6239485297023,-908.4182715179717,1054.4835330303754,264.070564436323,-59.33216225822405,14.595603704452463,-111.49718952178966,0.5610273076114632,-0.7761420578113583
1767170445,124685303,430_1767170445-124685303.png,258504,-242055,-68050,68350,2.474954044117647,-2.3174689797794117,927.79,178.88,287.0,-292.0,-1001.0,953.0,265.0,-84.0,253.7414969981471,-303.26213303156334,-911.3000379094605,1051.3246825793033,264.09949472542405,-60.099991363604694,17.202850073575924,-117.54271960258495,0.552668577056086,-0.7761420578113583
1767170445,158033447,431_1767170445-158033447.png,255363,-239050,-68050,67750,2.444881663602941,-2.288698682598039,915.03,173.86,276.0,-208.0,-932.0,935.0,213.0,-65.0,259.3498988331015,-293.4235654105622,-922.866467961021,1030.1718690271082,259.5721089596683,-63.12610291663919,3.5456690192222085,-69.20971608161938,0.5414474143820645,-0.7761420578113583
1767170445,191382813,432_1767170445-191382813.png,252762,-236441,-68750,68900,2.419979319852941,-2.2637197457107843,902.51,169.79,249.0,-312.0,-766.0,865.0,176.0,-69.0,258.7074808930594,-291.67066696330573,-900.4039156433589,1001.0372300169015,244.913615100343,-64.08315880751171,3.276171088218638,-66.37301254272472,0.5301407309475377,-0.7761420578113583
1767170445,258080322,433_1767170445-258080322.png,249753,-233435,-68700,68750,2.391170726102941,-2.234939874387255,890.56,161.23,279.0,-461.0,-790.0,871.0,147.0,-71.0,261.6750959718793,-316.4336980762998,-884.258245256289,982.0203478559218,230.59454909073384,-65.09469030404284,17.728793144226024,-1.320552587509276,0.5187503243862415,-0.7761420578113583
1767170445,291428467,434_1767170445-291428467.png,247171,-230856,-68000,67750,2.3664502910539214,-2.210248161764706,855.75,152.91,293.0,-178.0,-857.0,876.0,160.0,-72.0,265.8359036927658,-323.8147255864093,-908.086262381626,960.8312394974431,225.7747336869599,-69.34870512806462,23.22629117965693,-126.61165952682506,0.5072780256214254,-0.7761420578113583
1767170445,324777832,435_1767170445-324777832.png,244503,-228182,-68550,68750,2.3409064797794117,-2.184646905637255,840.06,150.22,163.0,-213.0,-811.0,912.0,162.0,-63.0,255.78397839169122,-299.0196321047279,-892.4769525711487,948.2640869340548,212.9518633847108,-68.80583662776115,23.460202395915932,-133.03447103500378,0.49572559899731156,-0.7761420578113583
1767170445,358125977,436_1767170445-358125977.png,242058,-225532,-67850,68350,2.3192976409313726,-2.162521063112745,825.92,147.49,266.0,-246.0,-981.0,901.0,198.0,-78.0,254.81228172296667,-288.9799983431986,-903.2574992774039,940.3883932748952,209.41124510345787,-69.99611951829466,26.813406050205177,-159.25201964378368,0.48409487543714935,-0.7276331525681397
1767170445,391475342,437_1767170445-391475342.png,239386,-222995,-68000,67750,2.291915594362745,-2.1349858302696076,812.87,143.96,263.0,-286.0,-1025.0,868.0,218.0,-83.0,256.00966860687214,-288.54419793953605,-921.0613450677494,929.8021823524355,210.66728031549562,-71.89783076455785,23.196419119834847,-135.00169348716747,0.4723877191537019,-0.7276331525681397
1767170445,424823486,438_1767170445-424823486.png,236997,-220618,-68800,68800,2.26904296875,-2.112228094362745,789.47,141.64,86.0,-178.0,-898.0,789.0,270.0,-44.0,230.1714330752962,-269.01526418490766,-936.912535190072,907.0278259876814,222.47954264048082,-68.2101429245495,26.26025342941279,-183.55579280853283,0.4635582748756532,-0.7109827878679694
1767170445,491520996,439_1767170445-491520996.png,233585,-217265,-68000,68400,2.2363759957107843,-2.0801259957107843,778.45,141.43,44.0,-85.0,-876.0,792.0,297.0,-47.0,188.32093714638884,-232.8721397109012,-924.057369435176,878.2334533978698,238.19792522575622,-62.65250715465027,20.833669066429085,-131.21469354629528,0.44875146539946253,-0.7026646023864712
1767170445,524870361,440_1767170445-524870361.png,231060,-214739,-68100,67750,2.212201286764706,-2.055941712622549,767.61,142.29,163.0,-140.0,-1032.0,858.0,273.0,-64.0,184.6179570240357,-219.29034827555074,-939.8430969943576,875.2744761962872,243.2874442416056,-62.849566970900185,22.007381260394997,-170.02610540390026,0.43682609635419667,-0.7046684847893314
1767170445,591567871,441_1767170445-591567871.png,226964,-210642,-68100,67800,2.172985600490196,-2.0167164522058822,735.07,139.44,100.0,-331.0,-610.0,691.0,171.0,-62.0,168.36580263635378,-220.2153764460414,-901.8967589842537,839.3845151958549,226.8305573379039,-59.82214124394798,22.872696906328148,-219.14691495895397,0.42182261243150365,-0.6855824158070191
1767170445,624916016,442_1767170445-624916016.png,224504,-208188,-68700,68700,2.1494332107843137,-1.9932215073529411,735.07,139.44,100.0,-331.0,-610.0,691.0,171.0,-62.0,162.17844279079685,-230.24179762226856,-875.4790147913844,825.9551637420468,221.77768389377763,-60.01924557530744,16.55430167913432,-293.2559919357301,0.4097447108348035,-0.6855824158070191
1767170445,658265381,443_1767170445-658265381.png,223133,-206744,-68050,67750,2.136307061887255,-1.9793964460784315,713.86,138.01,278.0,-309.0,-669.0,746.0,90.0,-98.0,172.37097840141206,-261.81072482945774,-840.5014021862117,807.0203240881369,202.03350456959106,-67.04525829527863,15.086414635181375,-298.8060266971589,0.39760209442361455,-0.6855824158070191
1767170445,691613525,444_1767170445-691613525.png,219104,-202784,-68050,67800,2.097732843137255,-1.9414828431372548,703.2,136.32,323.0,-354.0,-588.0,725.0,81.0,-102.0,199.92598621595772,-277.76170032677646,-794.6018023761883,791.8328034601426,178.47150251366722,-73.7767242653259,21.19966673851008,-230.40030431747448,0.3853966939897268,-0.6855824158070191
1767170445,724962891,445_1767170445-724962891.png,216855,-200470,-68750,68650,2.0762005974264706,-1.9193282781862746,692.57,133.69,231.0,-256.0,-879.0,713.0,163.0,-83.0,204.4703067795608,-274.57922950143615,-806.944349034576,780.3041502150193,176.20892171186554,-75.1255529643202,23.188756287097878,-207.50650048255932,0.3731304070354173,-0.6855824158070191
1767170445,791660400,446_1767170445-791660400.png,213708,-197393,-67950,68350,2.0460707720588234,-1.8898686427696079,671.14,134.43,154.0,-112.0,-813.0,699.0,194.0,-63.0,200.37202776008536,-251.80777845322905,-827.3177631354421,762.7968815931999,179.25436302598607,-75.34150987072212,22.156351923942513,-201.1441571712495,0.3608052309315033,-0.6855824158070191
1767170445,825008789,447_1767170445-825008789.png,210580,-194258,-68100,67800,2.016122855392157,-1.8598537071078431,660.3,133.54,124.0,-125.0,-857.0,697.0,152.0,-45.0,186.7769556251735,-225.94812449120266,-830.9094106119718,749.8366312041753,176.04015956370154,-70.25857688017449,18.062970578670452,-189.12058639526379,0.3453188493241517,-0.6855824158070191
1767170445,858357910,448_1767170445-858357910.png,207777,-191454,-68750,68700,1.9892865349264706,-1.8330078125,653.25,134.29,156.0,-186.0,-846.0,666.0,154.0,-50.0,182.27607738959782,-220.10603776032872,-833.1162859821605,737.576209045259,172.81696635066842,-67.29592557462642,17.220188856124828,-181.0841910839082,0.3328682050433814,-0.6855824158070191
1767170445,891706299,449_1767170445-891706299.png,205054,-188665,-68000,68200,1.9632161458333333,-1.8063055300245099,638.13,130.51,-1.0,-68.0,-832.0,640.0,188.0,-52.0,163.5576441667905,-194.03042885915517,-826.7830864620115,717.0168191970229,168.20118346288925,-64.9249648922319,20.947182893753,-194.81892585754406,0.3203649966205956,-0.6855824158070191
1767170445,958403809,450_1767170445-958403809.png,201978,-185660,-68000,68100,1.9337660845588236,-1.7775352328431373,620.64,129.61,-35.0,-175.0,-924.0,594.0,227.0,-57.0,122.59792457216984,-171.06066922047833,-831.2493961831298,699.8671492689075,173.20476916040505,-62.23078565932593,16.750807881355236,-147.5992822647096,0.3078111881370983,-0.6556963812374215
1767170445,991753174,451_1767170445-991753174.png,199586,-183129,-68700,68900,1.9108647365196079,-1.7533030790441178,620.64,129.61,-35.0,-175.0,-924.0,594.0,227.0,-57.0,103.87318406600676,-171.52871438550653,-842.2694079819878,687.2887165035715,179.59636182049292,-61.60929838796669,11.686519652605005,-234.27528405189526,0.2952087769637071,-0.6554019702610698
1767170446,25101318,452_1767170446-25101318.png,197001,-180612,-67900,68100,1.8861155790441178,-1.7292049632352942,601.67,124.75,203.0,-254.0,-865.0,659.0,133.0,-87.0,115.31943793190854,-184.7471187520633,-824.5436140712793,673.0229887461677,171.30495603706908,-64.59178688568497,8.339680045843073,-255.41422057151806,0.2825597604712395,-0.6410238416040546
1767170446,58450684,453_1767170446-58450684.png,193785,-177466,-68000,68300,1.855325137867647,-1.6990847120098038,591.68,120.88,142.0,-313.0,-905.0,638.0,131.0,-68.0,125.99617965948288,-208.8541065747135,-839.4356989630361,666.8176304303156,162.4509269499198,-66.82165463065856,-0.10716438293462138,-337.1289644241334,0.2698661027409994,-0.6369064751937773
1767170446,125148193,454_1767170446-125148193.png,190433,-173976,-68050,67700,1.8239506740196079,-1.6676432291666667,571.16,113.38,-53.0,52.0,-898.0,647.0,138.0,-54.0,89.76757727247178,-178.6107354348886,-831.4335008852094,657.2541038424732,159.10592607743428,-64.55029396598376,12.068752139806696,-235.7209324836732,0.25393935080264635,-0.6388778151737969
1767170446,158496582,455_1767170446-158496582.png,186888,-170576,-68300,67700,1.7892922794117647,-1.6331188725490196,560.97,109.77,-13.0,7.0,-831.0,607.0,118.0,-62.0,63.70725162793597,-133.64778384963375,-836.5135848418184,649.1125347321633,151.46370139556504,-63.362131084861254,-12.051832199096731,-395.0838623046876,0.23794994799964922,-0.629503303367196
1767170446,225194336,456_1767170446-225194336.png,183953,-167636,-68550,68800,1.7611921721813726,-1.6049708946078431,541.64,104.37,135.0,-307.0,-841.0,482.0,127.0,-93.0,82.70104971676157,-163.216317577744,-821.1565571813794,613.6232811150834,143.46869494157522,-68.25741164458132,-5.581998616457036,-329.3246982097627,0.2219018224946158,-0.626686576180284
1767170446,258543701,457_1767170446-258543701.png,181497,-165180,-68000,68250,1.7376780790441178,-1.5814568014705883,532.33,106.06,194.0,-270.0,-843.0,494.0,127.0,-88.0,98.74916149091835,-183.668419518826,-824.8234587916305,592.3023632468563,140.62263227851827,-71.93927298224799,-8.905265271663717,-373.1164255142213,0.21224639880447901,-0.6360906524895494
1767170446,291892334,458_1767170446-291892334.png,178965,-162582,-68700,68700,1.7134363511029411,-1.5565831801470589,523.37,103.5,86.0,-58.0,-711.0,538.0,111.0,-56.0,99.41596322006964,-167.58467599248593,-808.6607442847901,581.7487306505147,135.92854704031456,-70.03509356553994,-9.79811516404157,-373.82413268089306,0.19934335003353146,-0.6179643569061495
1767170446,325241699,459_1767170446-325241699.png,175420,-159037,-68600,68700,1.6794960171568627,-1.5226428462009804,505.87,102.34,-19.0,-215.0,-790.0,438.0,197.0,-70.0,79.99813578068635,-161.95570042288716,-796.775507994476,556.8017796462125,141.06622557288773,-67.89914744211323,-18.89519640803342,-408.5409018993379,0.18317048872094144,-0.6216185650940428
1767170446,391939453,460_1767170446-391939453.png,172614,-156306,-68050,68200,1.6559532015931373,-1.4990234375,497.28,103.88,92.0,-118.0,-749.0,492.0,117.0,-77.0,76.57350855252358,-158.30293373240016,-789.4342208067571,541.1090766601972,140.47331575803076,-69.33999401207379,-62.38281121850019,-598.7132377624513,0.16695243689360414,-0.623498553154486
1767170446,425287842,461_1767170446-425287842.png,169346,-153031,-68050,67850,1.6213426776960784,-1.4651405484068627,480.71,104.64,25.0,-69.0,-895.0,522.0,130.0,-72.0,73.95773593364879,-139.6728880097683,-781.3737185403289,531.9167678881653,134.40824454212424,-70.73257066099777,-124.71664363145833,-883.6315004825593,0.15394813806696317,-0.607094401634227
1767170446,458637451,462_1767170446-458637451.png,166677,-150358,-68700,68750,1.5957892922794117,-1.4395488664215685,472.78,102.22,62.0,-248.0,-836.0,430.0,154.0,-79.0,69.893124728639,-148.72703816541002,-794.0002290478939,519.2721564733278,136.49794790781806,-71.78329698674078,-32.3027509450913,-380.6646332740785,0.1409195378953752,-0.5982930332051275
1767170446,491985840,463_1767170446-491985840.png,163881,-147560,-68050,68400,1.5690199908088236,-1.4127604166666667,465.04,99.97,-50.0,-144.0,-599.0,392.0,100.0,-64.0,52.14997764608934,-150.67389658861313,-766.59917047817,498.28726299397783,131.62553307962057,-70.8368351249271,-36.4529541432858,-399.2308056354524,0.12786866703917146,-0.610988897157481
1767170446,558683838,464_1767170446-558683838.png,161154,-144841,-68100,67700,1.5429113051470589,-1.3867283241421569,449.84,101.11,-180.0,-83.0,-996.0,451.0,281.0,-72.0,6.053339523855598,-146.84585612691117,-802.4030851323056,488.34859504477726,153.1864431297459,-71.75419513396211,-64.26962143182759,-538.6842234134675,0.11479761441533197,-0.6042926587797441
1767170446,592033203,465_1767170446-592033203.png,158281,-141970,-68000,67700,1.5154047947303921,-1.3592409620098038,442.54,103.64,20.0,-180.0,-964.0,438.0,238.0,-87.0,-7.127489790301882,-145.69326169085275,-837.0424434063095,479.38793320720464,173.4566448149684,-73.58520369028587,-71.49560776352887,-552.7311861515046,0.10170843565132312,-0.599152834423953
1767170446,625381592,466_1767170446-625381592.png,156042,-139720,-68050,68350,1.4939682904411764,-1.3376991421568627,435.55,104.52,-3.0,-160.0,-800.0,394.0,141.0,-47.0,-5.802973252657101,-148.6971965060783,-834.99914769543,465.80077392297017,170.4253460274757,-70.05382909807105,-64.72296240925793,-501.6395719051362,0.08860319469698971,-0.5934816943422698
1767170446,658731201,467_1767170446-658731201.png,154391,-138070,-68700,68650,1.4781613817401962,-1.3219018075980393,422.3,104.67,-48.0,-210.0,-636.0,326.0,112.0,-49.0,-15.929112817166454,-152.49022380616236,-809.5352633840346,450.1422775742792,159.90341124845176,-64.29003250843725,-68.06032088398938,-516.8659510612489,0.0754839555021766,-0.5934816943422698
1767170446,692079590,468_1767170446-692079590.png,150027,-133712,-68100,67850,1.4395871629901962,-1.2820350796568627,415.9,103.54,-1.0,-192.0,-624.0,323.0,108.0,-49.0,-18.04356273032089,-162.28053041222407,-773.9913551917425,425.2205738664709,150.02950133931586,-61.253981837378774,-80.0951243937016,-568.3028931617738,0.06235279866148537,-0.5934816943422698
1767170446,758777588,469_1767170446-758777588.png,147570,-131176,-68100,68200,1.4128561580882353,-1.2558976715686274,409.55,108.56,142.0,-127.0,-631.0,345.0,91.0,-52.0,6.253257323751898,-158.67602965899673,-745.2321580962482,408.14056365629165,139.19784256447056,-59.25950714454314,-79.39540386199955,-560.3708126544954,0.04921179644713925,-0.5934816943422698
1767170446,792126953,470_1767170446-792126953.png,144500,-128100,-68100,68250,1.3834635416666667,-1.2264476102941178,394.75,107.19,84.0,26.0,-504.0,347.0,-1.0,-53.0,15.916070294142088,-117.66508036477263,-703.949936529223,399.5292718544713,114.11350621186952,-57.461424741469074,-72.69367218017582,-507.9885892868043,0.03277485774533266,-0.5934816943422698
1767170446,825475342,471_1767170446-825475342.png,141282,-124960,-68100,67800,1.3526539522058822,-1.1963848039215685,386.58,104.34,9.0,-124.0,-631.0,300.0,44.0,-46.0,18.466953570894024,-111.07463530826091,-682.8197808456976,382.2254813714761,97.8369852628061,-55.55185341516202,-98.52150967717175,-643.1714764833451,0.019619289288180578,-0.5934816943422698
1767170446,858824951,472_1767170446-858824951.png,138830,-122451,-68700,68750,1.3291781556372548,-1.17236328125,378.75,99.58,42.0,-124.0,-508.0,258.0,13.0,-47.0,21.908469287377716,-112.96486426191166,-657.2538166113102,364.05851995338617,85.43026949820654,-54.30121474319885,-96.40293124318127,-629.0567377805711,0.006460622305518021,-0.5934816943422698
1767170446,925522949,473_1767170446-925522949.png,136165,-119839,-68000,68250,1.3036630667892157,-1.1473556219362746,365.14,100.66,6.0,-72.0,-532.0,290.0,-19.0,-30.0,18.20050147811201,-101.81056712587952,-603.0051084316484,347.84308678419484,68.26343888688842,-52.08417699394896,-78.45436903834347,-496.69808793067943,0.003170715121138731,-0.5934816943422698
1767170446,958871338,474_1767170446-958871338.png,132211,-115882,-68100,68300,1.2658069087009804,-1.1094707414215685,359.0,94.17,54.0,-76.0,-577.0,263.0,22.0,-21.0,22.49317361319957,-95.73257091338073,-593.7156301560058,330.9660420046506,54.75509186277445,-45.83196343200951,-107.16505512595181,-658.3225569725038,0.003170715121138731,-0.5934816943422698
1767170446,992220947,475_1767170446-992220947.png,129814,-113427,-68600,68700,1.2428576899509804,-1.0859662224264706,347.89,97.29,12.0,-34.0,-649.0,283.0,56.0,-33.0,19.404571613120407,-100.50835036257992,-586.6919766110609,316.86743550697406,55.96206114758676,-41.48904111176148,-78.91972377896313,-473.39662528038036,0.003170715121138731,-0.5244046907112561
1767170447,58918945,476_1767170447-58918945.png,126679,-110230,-68700,68650,1.2153799019607843,-1.0584788602941178,342.64,94.66,-8.0,-82.0,-606.0,230.0,44.0,-31.0,14.645772890697224,-91.05518894957453,-595.8360113820372,300.7283419413222,54.21655590164092,-39.09399419014288,-79.8155608773232,-477.0141853094102,0.003170715121138731,-0.5244472220194522
1767170447,92267334,477_1767170447-92267334.png,123528,-107216,-68100,68300,1.1826746323529411,-1.0265012254901962,332.56,100.62,116.0,-76.0,-639.0,243.0,33.0,-50.0,27.62738488287303,-94.26268519018325,-589.2681720077168,288.9099630103366,47.43280884679777,-38.71169547317159,-162.77910274267202,-881.3380076885225,0.003170715121138731,-0.5244472220194522
1767170447,125616943,478_1767170447-125616943.png,121621,-105302,-68700,68800,1.1644167432598038,-1.0081763174019607,327.63,97.59,16.0,-32.0,-668.0,267.0,53.0,-48.0,35.49822196108185,-84.95300190336488,-603.8293267219431,281.50014241218906,46.58319736523325,-40.99711906569763,-54.309172719717075,-185.9154853820802,0.003170715121138731,-0.5244472220194522
1767170447,192314453,479_1767170447-192314453.png,118075,-101691,-68750,68800,1.1304668351715685,-0.9736040900735294,322.87,100.42,-121.0,-35.0,-601.0,208.0,125.0,-30.0,12.09347659245466,-76.24057350582137,-605.1208771666954,270.3660103377393,58.22153849079028,-39.57497973230905,-54.309172719717075,-185.9154853820802,0.003170715121138731,-0.5244472220194522
1767170447,225662598,480_1767170447-225662598.png,115207,-98896,-68050,68250,1.1030081954656863,-0.9468443627450981,313.31,99.5,119.0,92.0,-856.0,237.0,80.0,-48.0,9.315221014185711,-58.64269551884707,-616.738421163162,259.9240489878854,66.66097989633624,-39.61406449698601,-53.72387516498571,-178.78009486198437,0.003170715121138731,-0.5244472220194522
1767170447,259011475,481_1767170447-259011475.png,112474,-96152,-68100,67850,1.0768420649509804,-0.9205729166666666,308.83,97.01,215.0,12.0,-740.0,253.0,29.0,-57.0,39.78303183727617,-35.970770914079615,-653.7487353941201,256.8202167514271,64.69393964845464,-42.093743284862576,-54.53100523352628,-196.1900637149812,0.003170715121138731,-0.5244472220194522
1767170447,292359619,482_1767170447-292359619.png,109818,-93499,-68750,68700,1.051413143382353,-0.8951727175245098,305.88,95.37,105.0,21.0,-375.0,245.0,-36.0,-26.0,58.4882203963879,-25.12932425248406,-617.4968681618678,254.8917244484651,48.10068789693531,-40.52009323026912,-79.24597862362866,-384.50593996047985,0.003170715121138731,-0.5244472220194522
1767170447,325708740,483_1767170447-325708740.png,107013,-90633,-68050,68250,1.024557674632353,-0.8677332261029411,296.47,92.83,111.0,99.0,-614.0,236.0,28.0,-55.0,80.03182597205722,-6.086452105183655,-609.6663718662505,252.47706102778812,36.55063835430932,-43.44752982186459,-73.9705079197884,-330.30938410758984,0.003170715121138731,-0.5244472220194522
1767170447,392405762,484_1767170447-392405762.png,103740,-87426,-68100,67800,0.9932215073529411,-0.8370289522058824,293.24,92.62,20.0,14.0,-443.0,194.0,25.0,-39.0,76.14150969550064,7.302297280984124,-590.3178953718282,243.80410955676976,34.28304401505424,-44.12860993311796,-24.354315340519,-76.20855164527904,0.003170715121138731,-0.5244472220194522
1767170447,425753906,485_1767170447-425753906.png,100813,-84491,-68150,67700,0.9651979932598039,-0.8089288449754902,289.71,92.32,-80.0,-72.0,-599.0,194.0,10.0,-18.0,51.81514622248136,-4.117026161809635,-587.6726534277074,235.19713631577028,30.48515317639921,-40.17122299889681,-51.02532419562345,-240.7809169292451,0.003170715121138731,-0.43300972859938197
1767170447,492450928,486_1767170447-492450928.png,97256,-80863,-68750,68800,0.9311427696078431,-0.7741938572303921,282.27,92.02,24.0,-161.0,-607.0,159.0,11.0,-41.0,47.14621257683022,-44.27527908419796,-591.4139769060923,215.28945348782332,22.331118365077902,-39.5219158556505,-57.84933650493627,-390.19009375572216,0.003170715121138731,-0.4097868038872734
1767170447,525800049,487_1767170447-525800049.png,94249,-77929,-68100,68300,0.9023533241421569,-0.7461033241421569,274.28,90.1,-54.0,28.0,-834.0,199.0,110.0,-33.0,39.018002056851024,-37.45250827873977,-620.4430793073666,213.32450549672436,30.680639718549656,-39.67002918812938,-54.886093109846165,-300.72897267341625,0.003170715121138731,-0.4127653401537232
1767170447,559147949,488_1767170447-559147949.png,91864,-75412,-68050,67750,0.8795189950980392,-0.7220052083333334,270.05,89.05,-135.0,-23.0,-723.0,185.0,128.0,-34.0,17.97890260263086,-29.266746960184935,-650.5466556959956,209.99101001477302,45.49145861397503,-38.57862249437317,-49.98980274796491,-287.8908007144929,0.003170715121138731,-0.3995630828578963
1767170447,592497070,489_1767170447-592497070.png,89337,-72950,-68700,68650,0.8553251378676471,-0.6984336703431373,265.67,87.37,-77.0,-65.0,-637.0,164.0,101.0,-37.0,-5.506031324013908,-33.01255788329354,-654.7153348525691,202.53361326220448,58.66672717892118,-38.02591281061579,-48.746605545282414,-293.65734601020824,0.003170715121138731,-0.3851240893316696
1767170447,625844971,490_1767170447-625844971.png,87836,-71508,-68100,67800,0.8409543504901961,-0.6846277573529411,263.46,86.2,-106.0,76.0,-703.0,257.0,20.0,-55.0,-22.102383685400284,-17.920418857842193,-661.3057928248849,209.4748580054285,54.137028334245635,-40.48097101677809,-73.1370774507523,-514.5256025791169,0.003170715121138731,-0.37566826408684195
1767170447,692542236,491_1767170447-692542236.png,83740,-67411,-68100,67700,0.8017386642156863,-0.6454024969362745,255.43,79.95,-135.0,-48.0,-409.0,169.0,30.0,-27.0,-42.46309642326514,-8.80799803099086,-655.1092885849605,209.56462350346513,49.6823713313613,-40.70165278517381,-32.8581115007401,-321.36252689361584,0.003170715121138731,-0.3662059711780133
1767170447,725891113,492_1767170447-725891113.png,81348,-64969,-68650,68750,0.7788373161764706,-0.6220224417892157,251.3,77.7,-112.0,-33.0,-486.0,197.0,19.0,-25.0,-58.75601242565822,-15.232564506854766,-613.2096201214587,204.04405217977182,44.77861912366836,-37.799989762340914,-24.005201876163532,-406.1994071006776,0.003170715121138731,-0.3581523763598335
1767170447,759239258,493_1767170447-759239258.png,78685,-62360,-68000,68250,0.7533413756127451,-0.5970435049019608,247.12,72.69,-256.0,89.0,-651.0,205.0,106.0,-12.0,-85.06657870298307,-3.8078398747948032,-610.8299014104871,203.77723050559487,50.660410877846864,-34.04336617815431,-32.51432305574422,-489.245525956154,0.003170715121138731,-0.36111361417162524
1767170447,792588379,494_1767170447-792588379.png,76361,-59982,-68200,67700,0.7310910692401961,-0.5742761948529411,243.04,72.76,-214.0,90.0,-572.0,169.0,129.0,-19.0,-108.46454215462151,12.377130512783388,-606.2188539629477,198.7238394927928,63.5875685048376,-31.25760098566733,-47.241053730249455,-593.2179396152497,0.003170715121138731,-0.3599317202270114
1767170447,825936279,495_1767170447-825936279.png,73628,-57172,-68650,68850,0.7049249387254902,-0.5473728553921569,235.21,70.61,146.0,-72.0,-615.0,160.0,61.0,-52.0,-93.96034167958605,12.24772723372487,-631.2568875483837,191.74834044634136,77.45106347429392,-31.158295602526884,-45.446197509765675,-678.8954280614854,0.003170715121138731,-0.3599317202270114
1767170447,859285400,496_1767170447-859285400.png,70773,-54442,-68050,68300,0.6775907628676471,-0.5212354473039216,231.28,69.99,-41.0,-12.0,-565.0,106.0,113.0,-16.0,-63.951446246709054,1.365402718464367,-625.3831994467648,182.95233491709368,77.7948462470765,-32.55384150725679,-41.99655905365949,-674.6882314682008,0.003170715121138731,-0.3599317202270114
1767170447,925982422,497_1767170447-925982422.png,67910,-51375,-68050,67750,0.650179993872549,-0.49187155330882354,227.31,71.68,-97.0,-61.0,-554.0,104.0,95.0,2.0,-67.01110801511878,-8.787749633565967,-610.278283013822,165.46022542608094,83.03120159463893,-26.22153746219706,-22.85804983973508,-640.204164505005,0.003170715121138731,-0.3599317202270114
1767170447,959330566,498_1767170447-959330566.png,64897,-48584,-68700,68750,0.6213331035539216,-0.4651501225490196,219.6,72.89,70.0,55.0,-691.0,209.0,8.0,-35.0,-68.12903877998599,-1.5897968194641707,-605.5252764904951,166.89195674895146,76.2989210233651,-22.212698758024835,-17.729147046804478,-615.4001674652101,0.003170715121138731,-0.3599317202270114
1767170447,992679443,499_1767170447-992679443.png,62298,-45843,-68100,68350,0.5964499080882353,-0.4389073988970588,216.04,75.35,149.0,99.0,-503.0,186.0,-36.0,-34.0,-33.551784070689536,13.629065952852969,-605.4827827349569,173.17151436587156,58.755047210218336,-24.66129326485549,-1.2572386860847984,-602.7997128963472,0.003170715121138731,-0.3599317202270114
1767170448,26027588,500_1767170448-26027588.png,59788,-43463,-68050,67750,0.5724188112745098,-0.4161209405637255,212.71,74.02,92.0,39.0,-606.0,167.0,-9.0,-38.0,-8.776180844431545,21.25377208317829,-600.0098412501512,173.1310346711577,45.587770028242524,-26.750429608507332,3.9194594025611367,-599.1907502412797,0.003170715121138731,-0.3599317202270114
1767170448,92724609,501_1767170448-92724609.png,54794,-38483,-68100,67750,0.5246055453431373,-0.36844171262254904,203.96,73.94,83.0,-26.0,-659.0,217.0,29.0,-52.0,34.63016065939739,-7.913758523634229,-590.3739685605227,176.23310037442525,35.36598593711349,-30.063767211942146,31.064135223627037,-544.6528069972993,0.003170715121138731,-0.3599317202270114
1767170448,126073730,502_1767170448-126073730.png,53766,-37389,-68050,68250,0.5147633272058824,-0.3579676011029412,201.4,75.01,69.0,-3.0,-425.0,197.0,-30.0,-44.0,35.69998134125953,-7.76080929270634,-585.2264178241228,176.87950603543015,33.33135659384442,-30.49755655602839,85.01729631423945,-435.72422218322765,0.003170715121138731,-0.3599317202270114
1767170448,192770996,503_1767170448-192770996.png,49732,-33359,-68050,68200,0.47614123774509803,-0.3193838082107843,199.07,75.29,132.0,26.0,-248.0,188.0,-58.0,-56.0,48.01390239089672,-4.190875708222538,-537.3920530805915,180.06017913148722,18.221922067605437,-34.26470102317476,69.14834898710245,-504.7766820192338,0.003170715121138731,-0.28293192536107226
1767170448,226119385,504_1767170448-226119385.png,46536,-30223,-68050,67750,0.4455422794117647,-0.28935929840686275,194.78,77.34,75.0,-17.0,-523.0,141.0,47.0,-33.0,52.006226190052004,5.45633558526517,-518.810550179167,176.6753059446756,12.367593694037856,-34.94384119212793,129.72070395946497,-384.06905007362377,0.003170715121138731,-0.27347803897471235
1767170448,259468994,505_1767170448-259468994.png,43594,-27281,-68100,67800,0.4173751531862745,-0.26119217218137253,192.76,77.18,58.0,-118.0,-385.0,99.0,18.0,-16.0,54.209039546481556,-0.3555769703868159,-515.0128242005275,171.12927999704237,15.5797114478147,-34.18373247312978,95.44212567806238,-513.9097440242768,0.003170715121138731,-0.27347803897471235
1767170448,292817383,506_1767170448-292817383.png,40999,-24680,-68150,68300,0.3925302542892157,-0.23628982843137256,191.72,77.3,30.0,-163.0,-490.0,138.0,-20.0,-19.0,52.427683662468745,-27.788196886830455,-498.6998433906004,160.3366438491422,12.621152153086358,-30.84460821506763,143.35223400592798,-407.4337034225465,0.003170715121138731,-0.27347803897471235
1767170448,359515137,507_1767170448-359515137.png,38003,-21676,-68150,68300,0.3638461243872549,-0.20752910539215685,189.46,76.64,-41.0,-86.0,-556.0,162.0,86.0,-31.0,45.20487155702128,-65.10586192038627,-513.120374024015,157.22473771964226,13.446880844207321,-28.85411872292332,154.206831395626,-400.50035119056713,0.003170715121138731,-0.27347803897471235
1767170448,392864746,508_1767170448-392864746.png,35536,-19089,-68550,67750,0.34090647977941174,-0.18465647977941177,189.46,76.64,-41.0,-86.0,-556.0,162.0,86.0,-31.0,34.962580266356724,-67.5883648765819,-518.2150468858646,157.7921027232824,22.067161427171627,-29.10907810883766,230.31291723251337,-218.22269725799572,0.003170715121138731,-0.27347803897471235
1767170448,426213135,509_1767170448-426213135.png,32736,-16418,-68100,68250,0.3134191176470588,-0.15718826593137256,184.58,77.64,-34.0,-146.0,-685.0,149.0,113.0,-49.0,15.957572748183333,-69.15339140898271,-531.4190143515685,156.7580235437819,38.93340502474999,-30.628759765763903,261.47817748785013,-228.63913226127636,0.003170715121138731,-0.2094160265416169
1767170448,459562500,510_1767170448-459562500.png,29389,-13073,-68100,68300,0.2813744638480392,-0.12516276041666666,182.2,74.9,60.0,-68.0,-710.0,153.0,35.0,-62.0,19.78452691466658,-73.0055021493636,-565.5707214631523,155.80252633396728,42.233505022246945,-36.17777125742105,290.0902857780456,-194.3098180294038,0.003170715121138731,-0.20233191981436247
1767170448,526260254,511_1767170448-526260254.png,26950,-10560,-68000,67850,0.25802313112745096,-0.10110294117647059,177.45,69.69,-8.0,-46.0,-776.0,182.0,41.0,-40.0,25.798993373288983,-64.76031184857978,-578.3884441650493,157.1605778013629,38.14475046039529,-39.819597062729734,270.97606384754175,-259.5327925682069,0.003170715121138731,-0.186615097477023
1767170448,559608887,512_1767170448-559608887.png,24210,-7763,-68650,68700,0.23178998161764705,-0.07432406556372549,174.96,68.16,-22.0,-55.0,-836.0,177.0,62.0,-38.0,17.42434142442705,-62.10450881073931,-624.7557958102558,161.49872704715187,41.20678112018805,-39.61779185952553,298.79993939399714,-230.28495621681225,0.003170715121138731,-0.1991920133302998
1767170448,592958252,513_1767170448-592958252.png,21411,-5083,-68150,68250,0.20499195772058823,-0.048665364583333336,172.38,68.03,81.0,73.0,-707.0,191.0,44.0,-44.0,25.67407189522784,-42.15777835217837,-642.3970897670149,166.22498878705954,42.16784009588774,-40.21566165406106,302.5591433048248,-237.20985436439526,0.003170715121138731,-0.17889422897716273
1767170448,626306641,514_1767170448-626306641.png,19573,-3039,-68550,68750,0.18739468443627452,-0.02909581801470588,167.95,66.98,81.0,20.0,-756.0,239.0,17.0,-40.0,41.73915179496591,-22.814226237934506,-686.0955794061886,177.51806170730595,40.32783954402031,-41.54563358187631,280.0482084155082,-323.2284436225892,0.003170715121138731,-0.16541148669406722
1767170448,693004639,515_1767170448-693004639.png,14521,-1185,-68100,3000,0.13902611825980393,-0.011345358455882353,163.38,68.68,16.0,103.0,-702.0,226.0,48.0,-21.0,43.914127902461495,-19.828157882443687,-676.7912384606187,185.3984429724245,34.664796758542785,-40.71309344274616,318.01806414127344,-193.970508337021,0.003170715121138731,-0.1475315844664801
1767170448,726354004,516_1767170448-726354004.png,11921,-1215,-68700,300,0.11413334865196079,-0.011632582720588236,161.11,67.75,-115.0,128.0,-744.0,202.0,125.0,-7.0,26.515397751933023,6.823690870762226,-685.5979485458101,191.28836286857896,44.28147550210981,-35.53172975146375,309.575960278511,-161.58233785629284,0.003170715121138731,-0.16989342908347826
1767170448,759702393,517_1767170448-759702393.png,9399,-1210,-68000,150,0.08998736213235294,-0.011584712009803922,158.08,70.66,-138.0,40.0,-624.0,149.0,87.0,-6.0,-0.6735093037378457,17.309383211668024,-681.4331838575079,186.8424021912907,53.716062509814805,-30.4821619383007,270.56136173009867,-184.39876532554638,0.003170715121138731,-0.15021750048580207
1767170448,826400391,518_1767170448-826400391.png,5780,-1206,-68050,100,0.055338541666666664,-0.011546415441176471,138.81,71.9,11.0,-89.0,-748.0,157.0,7.0,-45.0,-21.961408018592657,-9.274091918042831,-659.1729216664526,170.63775144065815,52.408767841079424,-29.184882685460416,273.50726634263987,-83.85534262657177,0.003170715121138731,-0.12495652466168909
1767170448,859749756,519_1767170448-859749756.png,2557,-1203,-66850,50,0.02448108149509804,-0.011517693014705883,127.57,69.3,118.0,-53.0,-697.0,161.0,15.0,-69.0,1.0536758818564316,-21.828933642972334,-671.5683396604652,168.1745432498643,43.42938317946298,-36.22952536041721,169.73341894149775,-29.598318576812865,0.003170715121138731,-0.13042532029300716
1767170448,926447754,520_1767170448-926447754.png,1186,-1202,-6500,50,0.011354932598039215,-0.01150811887254902,88.68,57.31,-54.0,-96.0,-725.0,137.0,105.0,-29.0,1.054888573559481,-67.01806735178513,-678.6649207796331,158.66282728816404,53.41199518590676,-39.72695050509169,263.3808978199958,-100.87083530426037,0.003170715121138731,-0.13042532029300716
1767170448,959796143,521_1767170448-959796143.png,1233,-1202,4700,0,0.011804917279411764,-0.01150811887254902,77.79,55.76,-58.0,54.0,-770.0,184.0,99.0,-23.0,-0.7832969511084493,-63.25117074080857,-681.5078830571447,159.451490601903,54.83100066660252,-39.20629524634885,215.4746858477592,-53.369627714157225,0.003170715121138731,-0.13042532029300716
1767170448,993145752,522_1767170448-993145752.png,1197,-1202,-1050,0,0.011460248161764705,-0.01150811887254902,69.42,54.3,-61.0,113.0,-791.0,202.0,52.0,-26.0,-9.24415235622724,-44.26766823201216,-695.1027932716319,163.60179060436388,59.82739957557497,-36.929637200089786,177.82783800363535,15.772889614105104,0.003170715121138731,-0.13042532029300716
1767170449,26494141,523_1767170449-26494141.png,1197,-1202,0,0,0.011460248161764705,-0.01150811887254902,63.59,53.04,82.0,-32.0,-651.0,179.0,-21.0,-46.0,-6.578969940695315,-26.163004428337015,-701.4740087523038,169.1447086124391,51.66638749803985,-36.56947876310549,176.19084912538523,17.84385371208179,0.003170715121138731,-0.13042532029300716
1767170449,93192139,524_1767170449-93192139.png,1201,-1202,100,0,0.011498544730392158,-0.01150811887254902,60.13,50.44,121.0,-23.0,-612.0,151.0,10.0,-53.0,16.713059719869367,-26.005845419959403,-685.7482542401298,167.00684394432395,41.77095246552908,-39.46573397914043,227.33272469043726,-81.85072159767162,0.003170715121138731,-0.13042532029300716
1767170449,126541504,525_1767170449-126541504.png,1201,-1202,0,0,0.011498544730392158,-0.01150811887254902,58.64,45.79,-187.0,62.0,-568.0,121.0,123.0,-10.0,5.091657121546658,-9.49200515832431,-663.3286410373615,159.10705412930747,46.91776392351284,-37.73328244625001,215.22726726531977,22.0628716945647,0.003170715121138731,-0.13042532029300716
1767170449,159889893,526_1767170449-159889893.png,1202,-1202,0,0,0.01150811887254902,-0.01150811887254902,59.29,45.22,-135.0,12.0,-618.0,102.0,133.0,-25.0,-30.23819774275966,-0.8249096729651686,-649.33381613677,147.81114705435203,65.38533213572896,-33.728240490350004,215.22726726531977,22.0628716945647,0.003170715121138731,-0.13042532029300716
1767170449,226587402,527_1767170449-226587402.png,1203,-1202,0,0,0.011517693014705883,-0.01150811887254902,59.65,43.32,63.0,-128.0,-527.0,119.0,76.0,-54.0,-16.602873311858428,-19.423227295132495,-631.4434952996257,143.5977522566925,66.93764056252753,-36.69281964772383,283.65831178426737,-59.856203079223754,0.003170715121138731,-0.13042532029300716
1767170449,259936523,528_1767170449-259936523.png,1203,-1202,-50,0,0.011517693014705883,-0.01150811887254902,60.11,41.52,66.0,-127.0,-721.0,193.0,130.0,-56.0,6.937618972976587,-41.33322403742288,-644.4214159194637,145.71961266193304,72.04646688787516,-41.21292872448392,287.47777932882303,-64.09427857398998,0.003170715121138731,-0.13042532029300716
1767170449,293284668,529_1767170449-293284668.png,1202,-1202,0,0,0.01150811887254902,-0.01150811887254902,60.33,37.84,-13.0,-104.0,-593.0,197.0,63.0,-57.0,8.585554643386201,-57.11705363010567,-642.8185507397875,156.87222515739847,75.20146575455534,-44.66423067034729,191.38131105899805,-41.79326367378247,0.003170715121138731,-0.07012608270705441
1767170449,326633789,530_1767170449-326633789.png,1203,-1202,50,0,0.011517693014705883,-0.01150811887254902,60.52,37.66,-9.0,-58.0,-640.0,185.0,53.0,-46.0,6.013810994699762,-57.246177320825346,-642.4063607286937,160.98568235394745,71.95468282938438,-44.85957601823693,212.0869345068931,-55.81644034385693,0.003170715121138731,-0.06792220538014912
1767170449,359982178,531_1767170449-359982178.png,1202,-1202,-50,0,0.01150811887254902,-0.01150811887254902,60.64,36.08,-108.0,-120.0,-651.0,164.0,112.0,-56.0,-10.659777085641565,-66.42341103216914,-643.6631102406232,161.42650167517795,77.81098319531553,-46.48877198047793,236.61748039722437,-67.11682868003857,0.003170715121138731,-0.08776815496628709
1767170449,426679443,532_1767170449-426679443.png,1202,-1202,0,0,0.01150811887254902,-0.01150811887254902,60.84,34.41,-127.0,-154.0,-683.0,120.0,107.0,-64.0,-34.449102729872756,-89.40301888902746,-628.0193902063794,150.77939859821115,82.72091632481835,-49.66615082305415,205.2107759714126,-28.77956199646008,0.003170715121138731,-0.1015119083388284
1767170449,460028564,533_1767170449-460028564.png,1202,-1202,0,0,0.01150811887254902,-0.01150811887254902,60.88,34.8,2.0,-33.0,-615.0,107.0,53.0,-56.0,-31.578231613619025,-82.87118368776004,-627.5765039698805,143.55906607360276,79.0196845577656,-50.97334223549615,217.4279289245605,-39.07763981819165,0.003170715121138731,-0.052552737745468744
1767170449,493376953,534_1767170449-493376953.png,1202,-1202,0,0,0.01150811887254902,-0.01150811887254902,61.12,35.66,-17.0,-5.0,-630.0,183.0,42.0,-41.0,-28.633802863990766,-58.22026215262511,-629.9789813052139,149.3832827099035,74.03896922142867,-49.674853261580175,214.93828755617136,-10.35739564895642,0.003170715121138731,-0.06350923675161177
1767170449,560074219,535_1767170449-560074219.png,1202,-1202,0,0,0.01150811887254902,-0.01150811887254902,61.34,42.19,-168.0,151.0,-629.0,220.0,57.0,-46.0,-48.287071960478826,-34.8675325828695,-648.400702526076,164.10263335422061,74.51134734956203,-47.462999439295295,207.73327660560602,0.5456507205961927,0.003170715121138731,-0.030292957001497596
1767170449,626771484,536_1767170449-626771484.png,1202,-1202,0,0,0.01150811887254902,-0.01150811887254902,61.38,42.47,-204.0,166.0,-707.0,225.0,46.0,-35.0,-66.9146715838656,-7.219024006622716,-647.991393211574,172.43280005106175,71.60806188991931,-46.90665370643914,257.89651751518244,-55.46552419662488,0.003170715121138731,-0.11675287640491369
1767170449,660120850,537_1767170449-660120850.png,1202,-1202,0,0,0.01150811887254902,-0.01150811887254902,61.47,44.37,-127.0,51.0,-700.0,180.0,29.0,-38.0,-85.88636888011835,15.668358832086737,-657.7600636004593,178.75947464628993,66.14072762515292,-45.032840920798904,174.77062749862665,-18.69168996810925,0.003170715121138731,-0.11640965059120817
1767170449,693468994,538_1767170449-693468994.png,1202,-1202,0,0,0.01150811887254902,-0.01150811887254902,61.53,44.37,-34.0,-72.0,-641.0,165.0,42.0,-45.0,-81.4751916675614,5.577593509602762,-658.5728491544709,176.84311720804718,59.74054278598472,-44.484622574655575,205.13960254192347,-4.225175380706908,0.003170715121138731,-0.10019568540929383
1767170449,760166260,539_1767170449-760166260.png,1202,-1202,0,0,0.01150811887254902,-0.01150811887254902,61.82,47.69,-81.0,-62.0,-620.0,179.0,78.0,-25.0,-76.97416595411086,-12.667718468381638,-679.9185476691152,184.75301660881783,64.73386775843967,-41.34629140367228,48.06386989355082,132.3014097213744,0.003170715121138731,-0.09637924637186536
1767170449,793515625,540_1767170449-793515625.png,1202,-1202,0,0,0.01150811887254902,-0.01150811887254902,61.94,49.43,-51.0,-40.0,-775.0,181.0,64.0,-24.0,-76.40471705805528,-16.44768569930775,-679.3203388958675,184.29460063040415,65.49872794242552,-39.835764401898125,200.66788506507868,-6.489437103271605,0.003170715121138731,-0.09637924637186536
1767170449,826863770,541_1767170449-826863770.png,1202,-1202,0,0,0.01150811887254902,-0.01150811887254902,61.99,51.66,-22.0,84.0,-532.0,190.0,-12.0,-27.0,-70.23710911931097,-12.918626301728949,-680.9632114395534,184.27680045799352,60.58209451450248,-37.28293635190118,211.53027516603464,8.856015682220338,0.003170715121138731,-0.09637924637186536
1767170449,893561035,542_1767170449-893561035.png,1202,-1202,0,0,0.01150811887254902,-0.01150811887254902,62.14,50.48,-42.0,108.0,-392.0,204.0,-70.0,-38.0,-62.38046348097295,12.253471635890053,-627.1945698904154,187.60337907613047,35.877235652929954,-36.59325608647107,216.00978535413736,3.693722486495851,0.003170715121138731,-0.09637924637186536
1767170449,926910400,543_1767170449-926910400.png,1202,-1202,0,0,0.01150811887254902,-0.01150811887254902,62.23,50.37,-98.0,128.0,-415.0,204.0,-62.0,-41.0,-67.58952959629245,29.180455470878517,-596.1628482036239,190.00125088489594,21.563489840194002,-37.2377063697192,268.6107162237167,-38.765268564224364,0.003170715121138731,-0.09637924637186536
1767170449,960258545,544_1767170449-960258545.png,1202,-1202,0,0,0.01150811887254902,-0.01150811887254902,62.15,52.89,-35.0,49.0,-514.0,187.0,26.0,-47.0,-58.69865492880666,35.43939627674661,-586.214444065661,191.4662422988414,22.896951308708786,-38.92479204988443,158.88479596376413,14.609664916992067,0.003170715121138731,-0.09637924637186536
1767170449,993607666,545_1767170449-993607666.png,1202,-1202,0,0,0.01150811887254902,-0.01150811887254902,62.07,52.34,104.0,-10.0,-477.0,202.0,-8.0,-65.0,-41.41293632950333,32.792324763022776,-568.5266142466807,191.93696305611132,20.435978530132207,-42.157305049453534,182.46242314577097,34.189324378967164,0.003170715121138731,-0.09637924637186536
1767170450,26956055,546_1767170450-26956055.png,1202,-1201,0,0,0.01150811887254902,-0.011498544730392158,62.08,52.75,-3.0,-85.0,-629.0,208.0,21.0,-63.0,-28.187031343625815,13.327170690021422,-572.5814774685637,194.81257132062728,19.030628666725818,-46.400559254726765,255.56143158674234,-58.613882541656615,0.003170715121138731,-0.09637924637186536
1767170450,60305176,547_1767170450-60305176.png,1202,-1201,0,0,0.01150811887254902,-0.011498544730392158,62.12,49.38,10.0,-106.0,-652.0,178.0,69.0,-55.0,-22.602490093054872,-4.123452822339624,-584.1957873410759,192.35387016568973,26.33824084963375,-47.65815718481135,255.56441879272455,-58.61947083473218,0.003170715121138731,-0.09637924637186536
1767170450,127002441,548_1767170450-127002441.png,1202,-1202,0,0,0.01150811887254902,-0.01150811887254902,62.2,43.15,-130.0,-58.0,-702.0,155.0,153.0,-31.0,-47.803978308657605,-10.180118627283587,-585.2550059117017,180.81274851914148,44.67294641105548,-43.80188402760925,261.078801035881,-85.23407483100902,0.003170715121138731,-0.09637924637186536
1767170450,160350830,549_1767170450-160350830.png,1202,-1202,0,-50,0.01150811887254902,-0.01150811887254902,62.18,39.92,-139.0,-66.0,-587.0,115.0,155.0,-33.0,-63.0781296347523,-19.394691403979873,-591.7669327904074,171.59934417363843,63.63127832584996,-41.82713363143486,244.59838563203806,-55.786779403686644,0.003170715121138731,-0.055185844194662985
1767170450,193699951,550_1767170450-193699951.png,1202,-1202,0,0,0.01150811887254902,-0.01150811887254902,62.26,38.97,24.0,-103.0,-384.0,112.0,55.0,-46.0,-52.36126570731506,-32.859806590143315,-561.2560370384855,161.37931660389495,64.79712072642505,-42.20280281193152,246.66942852735514,-57.070653915405394,0.003170715121138731,-0.055185844194662985
1767170450,227048096,551_1767170450-227048096.png,1202,-1202,0,0,0.01150811887254902,-0.01150811887254902,62.42,36.14,-95.0,149.0,-479.0,157.0,105.0,-40.0,-61.65146191956572,-12.947964168674112,-562.4947163657406,158.1759910116871,70.7207751048794,-38.88253676660102,215.75223624706263,-32.24616646766675,0.003170715121138731,-0.04021724600012032
1767170450,260397217,552_1767170450-260397217.png,1202,-1202,0,0,0.01150811887254902,-0.01150811887254902,62.49,36.37,-34.0,79.0,-495.0,165.0,89.0,-53.0,-61.025666902544444,10.892142444922577,-547.816681841013,158.8929884411077,75.62638266953373,-40.64899859260099,217.13596200942987,-10.923676013946654,0.003170715121138731,-0.07965631968089394
1767170450,327094727,553_1767170450-327094727.png,1202,-1202,0,0,0.01150811887254902,-0.01150811887254902,62.48,36.98,95.0,84.0,-575.0,191.0,85.0,-60.0,-37.48998926240928,23.393514982506723,-550.3884325208575,163.7506684837592,77.35259745921712,-43.80714855258798,234.17420566081995,-29.221467018127562,0.003170715121138731,-0.06487086552078629
1767170450,360442871,554_1767170450-360442871.png,1202,-1202,0,0,0.01150811887254902,-0.01150811887254902,62.51,43.48,-2.0,-47.0,-547.0,166.0,61.0,-38.0,-21.519788756383694,6.807584355411763,-547.7936992515536,164.33458430123724,74.10555959568025,-42.791337115997734,227.10076165199274,-21.458611488342406,0.003170715121138731,-0.04855840261851864
1767170450,393791992,555_1767170450-393791992.png,1202,-1202,0,0,0.01150811887254902,-0.01150811887254902,62.51,46.29,-32.0,-54.0,-464.0,159.0,61.0,-35.0,-21.544173197208345,-6.242648230204914,-535.4782277516078,163.68312877625974,71.17633435956411,-41.281699285761874,182.71633565425867,-29.017422676086547,0.003170715121138731,-0.06250756663686297
1767170450,427140381,556_1767170450-427140381.png,1202,-1202,0,0,0.01150811887254902,-0.01150811887254902,62.52,45.6,-24.0,-36.0,-741.0,184.0,84.0,-49.0,-21.903317796877182,-10.594417734641922,-565.5341073166786,166.65430515314387,73.05169065809704,-42.41043768742264,190.0470690131187,-15.928923845291258,0.003170715121138731,-0.07901259499090764
1767170450,493837646,557_1767170450-493837646.png,1202,-1202,0,0,0.01150811887254902,-0.01150811887254902,62.6,46.01,126.0,-144.0,-540.0,174.0,29.0,-69.0,-14.479474202791776,-21.180404935236435,-569.6227794360337,165.23165646749774,70.96473258451572,-43.60499835342174,167.5992550849914,-23.555510997772338,0.003170715121138731,-0.08531764821366165
1767170450,527186768,558_1767170450-527186768.png,1202,-1202,0,0,0.01150811887254902,-0.01150811887254902,62.65,45.57,84.0,-229.0,-829.0,188.0,47.0,-77.0,11.928948808078415,-58.73096416536991,-597.3388522615111,168.85485718668536,63.72383070443337,-50.2315452520294,247.67611694335932,-91.10077953338634,0.003170715121138731,-0.09330668329395882
1767170450,560534912,559_1767170450-560534912.png,1202,-1202,0,0,0.01150811887254902,-0.01150811887254902,62.64,44.86,-7.0,-150.0,-740.0,169.0,66.0,-55.0,11.076011265377971,-76.60316321127159,-624.3582045932018,169.384859552936,63.612271087480224,-51.64025642811039,255.73728710412973,-85.2747690677644,0.003170715121138731,-0.07790923461516852
1767170450,627232422,560_1767170450-627232422.png,1202,-1202,0,0,0.01150811887254902,-0.01150811887254902,62.67,48.74,-133.0,110.0,-695.0,174.0,18.0,-22.0,-20.865816838641912,-40.49880669175232,-651.9991327607131,169.38745864985327,54.493156052930566,-45.602554824529484,210.12135297060007,-41.808882236480834,0.003170715121138731,-0.0749577772767311
1767170450,660581543,561_1767170450-660581543.png,1202,-1202,0,0,0.01150811887254902,-0.01150811887254902,62.88,52.39,44.0,12.0,-619.0,178.0,4.0,-46.0,-25.91959054229335,-26.636689598845358,-639.0372238560047,165.19415455134245,47.596635646939056,-41.56818952926016,131.59134429693216,-25.415982723236205,0.003170715121138731,-0.03479660477897038
1767170450,693929688,562_1767170450-693929688.png,1202,-1202,0,0,0.01150811887254902,-0.01150811887254902,62.81,54.07,136.0,40.0,-638.0,182.0,-5.0,-65.0,-7.368079083506711,-18.4522851851148,-637.8265144085605,167.42891969505828,40.40645044614976,-43.935876378970185,126.16411054134363,-20.59901738166821,0.003170715121138731,-0.10527037743030102
1767170450,727279053,563_1767170450-727279053.png,1202,-1202,0,0,0.01150811887254902,-0.01150811887254902,62.88,54.81,140.0,47.0,-676.0,162.0,28.0,-64.0,21.68463363316813,-5.822070329076681,-643.4181518540619,167.39737575989207,36.2163423790634,-47.97221209795776,141.55224758386606,-0.5612611770631091,0.003170715121138731,-0.0921758507709931
1767170450,793976318,564_1767170450-793976318.png,1202,-1202,0,0,0.01150811887254902,-0.01150811887254902,62.91,55.75,136.0,-103.0,-528.0,142.0,39.0,-40.0,38.40232172222313,-20.033548357020848,-626.5391904000116,163.68321711500846,36.62342955668925,-46.80634123151825,130.32139211893076,-12.845045804977538,0.003170715121138731,-0.1084610336310935
1767170450,827324463,565_1767170450-827324463.png,1202,-1202,0,0,0.01150811887254902,-0.01150811887254902,62.9,54.72,132.0,-185.0,-777.0,193.0,46.0,-42.0,65.08694313648952,-43.86678918396617,-638.7062470003631,164.01329773870353,38.62255875029217,-46.40109251609448,132.5868631601333,-2.7233574390412585,0.003170715121138731,-0.0727321727220595
1767170450,860673584,566_1767170450-860673584.png,1202,-1202,0,0,0.01150811887254902,-0.01150811887254902,62.78,51.32,-54.0,-41.0,-662.0,159.0,83.0,-45.0,59.81693225999285,-55.22440401983238,-652.1977646418171,165.94555227892172,43.24614037378298,-45.912022169662414,227.36519432067865,-12.361586809158446,0.003170715121138731,-0.0699538944462719
1767170450,894021729,567_1767170450-894021729.png,1202,-1202,0,0,0.01150811887254902,-0.01150811887254902,62.8,46.97,-81.0,19.0,-576.0,140.0,76.0,-33.0,33.268452696592696,-43.625439199583774,-641.5673389588876,161.78782061565593,50.116134669817136,-43.97602543040828,237.87197703123087,-27.833994150161864,0.003170715121138731,-0.14553129478635418
1767170450,927371094,568_1767170450-927371094.png,1202,-1202,0,0,0.01150811887254902,-0.01150811887254902,62.85,47.0,6.0,-81.0,-718.0,213.0,41.0,-53.0,12.970135655167594,-36.482160410076546,-662.8524844560346,168.93785402107403,52.6497200714953,-43.83523980185729,191.80354613065714,33.055617332458375,0.003170715121138731,-0.05374469597087605
1767170450,960719238,569_1767170450-960719238.png,1202,-1202,0,0,0.01150811887254902,-0.01150811887254902,62.9,46.4,62.0,-38.0,-566.0,186.0,-37.0,-42.0,15.1975177863624,-41.54034167422707,-663.0676296216112,174.89783726014548,45.85625826855373,-44.74493139308973,251.1276386380195,-20.533390760421874,0.003170715121138731,-0.13709960544796587
1767170451,27416504,570_1767170451-27416504.png,1202,-1202,0,0,0.01150811887254902,-0.01150811887254902,62.95,48.19,115.0,-78.0,-607.0,142.0,-38.0,-42.0,28.864329191884533,-41.058401245895105,-651.0705674961426,173.5859354998397,22.32783151463033,-44.915206359749305,168.39255309104914,5.380957126617311,0.003170715121138731,-0.11297236996445213
1767170451,60765625,571_1767170451-60765625.png,1202,-1202,0,0,0.01150811887254902,-0.01150811887254902,62.86,49.73,69.0,-162.0,-661.0,194.0,29.0,-53.0,41.80460484622903,-55.995987400462106,-647.2069386259244,172.0202981817189,16.412643007724338,-45.33189218118479,217.63937115669245,-6.225641012191893,0.003170715121138731,-0.11297236996445213
1767170451,127463135,572_1767170451-127463135.png,1202,-1202,0,0,0.01150811887254902,-0.01150811887254902,62.9,50.96,-4.0,-158.0,-729.0,225.0,107.0,-56.0,36.52897904877022,-76.45960539660844,-659.8901889265697,180.91817328921687,30.318902046789386,-47.29322815364362,181.66068303585047,12.93589949607837,0.003170715121138731,-0.11297236996445213
1767170451,160811279,573_1767170451-160811279.png,1202,-1202,0,0,0.01150811887254902,-0.01150811887254902,63.01,51.52,-12.0,-197.0,-691.0,181.0,89.0,-54.0,34.09334093861701,-99.98308390513671,-670.9340703396546,183.0576612632772,40.88503498537737,-51.42775492364639,180.66347575187677,14.06889009475696,0.003170715121138731,-0.11297236996445213
1767170451,194160400,574_1767170451-194160400.png,1202,-1202,0,0,0.01150811887254902,-0.01150811887254902,62.94,50.06,-25.0,-233.0,-376.0,120.0,37.0,-47.0,23.76431237730954,-122.5052891186805,-646.40976887835,177.1283564593337,45.732743229286584,-51.304984225814195,137.35535305738443,10.32688307762134,0.003170715121138731,-0.11297236996445213
1767170451,227508545,575_1767170451-227508545.png,1202,-1202,0,0,0.01150811887254902,-0.01150811887254902,62.91,49.6,-238.0,-66.0,-516.0,175.0,28.0,-29.0,-17.068035895863247,-120.0231804382954,-613.1899677785422,173.82801954873653,42.68255798048989,-47.81781625824723,131.78460353612894,15.712994575500367,0.003170715121138731,-0.11297236996445213
1767170451,260857666,576_1767170451-260857666.png,1202,-1202,0,0,0.01150811887254902,-0.01150811887254902,62.96,51.19,-105.0,29.0,-445.0,151.0,-40.0,-39.0,-29.92736702229926,-98.22975819082727,-588.5935595230926,170.48960825167617,30.590909598876586,-46.52828269406363,146.6447843909263,-14.0985429286958,0.003170715121138731,-0.11297236996445213
1767170451,327554932,577_1767170451-327554932.png,1202,-1202,0,0,0.01150811887254902,-0.01150811887254902,63.09,45.34,126.0,93.0,-900.0,221.0,33.0,-68.0,-3.4960207330306527,-61.356639942478566,-611.9894331546622,174.06702133064726,22.55794194662946,-49.69355802829524,161.46496266126627,-8.917192220687987,0.003170715121138731,-0.11297236996445213
1767170451,360903076,578_1767170451-360903076.png,1202,-1202,0,0,0.01150811887254902,-0.01150811887254902,63.14,46.75,-24.0,59.0,-843.0,167.0,94.0,-44.0,3.5113766528568258,-31.82859051107346,-668.0269261838109,176.65995847674577,33.81259910326317,-50.2754292634995,212.72359901666636,-79.01444792747509,0.003170715121138731,-0.11297236996445213
1767170451,394252197,579_1767170451-394252197.png,1202,-1202,0,0,0.01150811887254902,-0.01150811887254902,63.23,46.63,-103.0,53.0,-734.0,209.0,59.0,-10.0,-20.988210842811306,-30.487649101141958,-661.0084899662306,170.06352952833547,41.849332990138414,-44.165308243552666,280.5627871155738,-65.73924279212963,0.003170715121138731,-0.09906240260054713
1767170451,427600342,580_1767170451-427600342.png,1202,-1202,0,0,0.01150811887254902,-0.01150811887254902,63.36,47.71,-86.0,49.0,-686.0,223.0,51.0,-22.0,-37.29884862977448,-12.30256786812262,-671.6197895909753,180.4296120078469,44.73217372248373,-37.95477643725178,270.2782265543937,-61.4811067581178,0.003170715121138731,-0.09569779548270416
1767170451,494297607,581_1767170451-494297607.png,1202,-1202,0,0,0.01150811887254902,-0.01150811887254902,63.43,46.96,-54.0,124.0,-727.0,223.0,59.0,-30.0,-41.035473987547554,9.259666066078712,-680.1008425381317,187.78647861118975,46.98529231125144,-36.36746200525942,171.60302025079721,8.60368275642383,0.003170715121138731,-0.04870120800050927
1767170451,527646973,582_1767170451-527646973.png,1202,-1202,0,0,0.01150811887254902,-0.01150811887254902,63.37,47.98,-33.0,-33.0,-556.0,183.0,31.0,-31.0,-43.47243581965854,7.340709660943747,-664.0383782543155,184.97563883297332,47.48163495988867,-34.589737076584974,221.65703332424158,-60.374768018722655,0.003170715121138731,-0.10496476644583409
1767170451,560995117,583_1767170451-560995117.png,1202,-1202,0,0,0.01150811887254902,-0.01150811887254902,63.36,48.04,-57.0,-18.0,-639.0,148.0,75.0,-40.0,-44.38842978098092,-0.45723831950362726,-649.4175354127789,179.36784921116313,49.83410875255161,-35.01680847505704,221.455461859703,-60.259849786758544,0.003170715121138731,-0.11964470248350267
1767170451,627692383,584_1767170451-627692383.png,1202,-1202,0,0,0.01150811887254902,-0.01150811887254902,63.27,47.48,-61.0,-201.0,-627.0,78.0,43.0,-39.0,-47.259183653271506,-14.994390617319421,-631.5161248239555,166.95064228561196,48.79475161093671,-34.996720811841996,152.91700780391687,11.534527540206788,0.003170715121138731,-0.11264963277478877
1767170451,661041504,585_1767170451-661041504.png,1202,-1202,0,0,0.01150811887254902,-0.01150811887254902,63.33,44.86,121.0,-235.0,-551.0,110.0,-25.0,-48.0,-38.48002931750292,-49.22290991692485,-626.0780353465634,153.53960794086998,43.625970974025826,-36.24011488370948,188.83621156215662,-9.950166702270629,0.003170715121138731,-0.0833565732072768
1767170451,694389648,586_1767170451-694389648.png,1202,-1202,0,0,0.01150811887254902,-0.01150811887254902,63.32,46.64,164.0,-209.0,-542.0,132.0,10.0,-76.0,3.453770220521416,-86.9436826413538,-607.981157990427,147.02538502332848,33.40583572895013,-42.963339421590184,179.02207100391382,-0.506094694137694,0.003170715121138731,-0.07190900446159601
1767170451,761086914,587_1767170451-761086914.png,1201,-1202,0,0,0.011498544730392158,-0.01150811887254902,63.46,41.94,-155.0,-77.0,-838.0,106.0,177.0,-11.0,-39.013672698024415,-76.36225455917236,-674.6171345118314,139.31268995305805,68.9711971309829,-37.495129205586956,170.56957685947413,1.5465283393858655,0.003170715121138731,-0.07190900446159601
1767170451,794436035,588_1767170451-794436035.png,1202,-1202,0,0,0.01150811887254902,-0.01150811887254902,63.54,41.51,-11.0,-71.0,-789.0,183.0,81.0,-30.0,-59.54579493236973,-74.03509073320708,-685.9806950060029,136.36995388405217,83.60804243675261,-31.6920387060932,214.17421221733088,-9.752713680267455,0.003170715121138731,-0.07190900446159601
1767170451,861133301,589_1767170451-861133301.png,1202,-1202,0,0,0.01150811887254902,-0.01150811887254902,63.66,44.75,38.0,-105.0,-640.0,172.0,50.0,-47.0,-42.873463215338035,-77.39637180664201,-691.3033604142736,145.48529415422084,79.34190408453888,-33.33367821505327,203.0379083156585,0.06448435783374151,0.003170715121138731,-0.07190900446159601
1767170451,894481445,590_1767170451-894481445.png,1202,-1202,0,0,0.01150811887254902,-0.01150811887254902,63.61,44.07,101.0,-151.0,-711.0,165.0,19.0,-50.0,-19.683957048126377,-88.89385902708959,-692.8204615997141,149.04378073884112,69.73764147424295,-36.134169964494724,277.17464613914484,-48.050002574920775,0.003170715121138731,-0.07190900446159601
1767170451,927830566,591_1767170451-927830566.png,1202,-1202,0,0,0.01150811887254902,-0.01150811887254902,63.62,45.61,108.0,-120.0,-865.0,170.0,29.0,-65.0,7.766153269138103,-95.26134286074719,-708.8320210556618,151.39015358971756,57.171601647050245,-41.54773185172378,276.69916087388987,-47.246004819870116,0.003170715121138731,-0.07190900446159601
1767170451,961178711,592_1767170451-961178711.png,1202,-1202,0,0,0.01150811887254902,-0.01150811887254902,63.51,47.6,26.0,-130.0,-814.0,195.0,100.0,-62.0,20.426736341298792,-101.9788168576281,-737.6776633606725,158.51997689559317,59.310712762394836,-46.43311107853739,219.98653578758234,-8.690937995910765,0.003170715121138731,-0.07190900446159601
1767170451,994527832,593_1767170451-994527832.png,1202,-1202,0,0,0.01150811887254902,-0.01150811887254902,63.57,47.57,-5.0,-236.0,-699.0,140.0,57.0,-56.0,16.85639175795869,-122.32297412429602,-734.0496143439785,156.78102727861688,60.054095483920925,-48.24587579221137,164.9234977960586,-26.75043845176709,0.003170715121138731,-0.07190900446159601
1767170452,61225098,594_1767170452-61225098.png,1202,-1202,0,0,0.01150811887254902,-0.01150811887254902,63.6,47.92,155.0,-153.0,-657.0,169.0,-12.0,-68.0,13.525449187497623,-142.36021015792335,-743.6879148246855,156.20056155006583,60.21234894931216,-48.684229178037775,141.8539553880691,-13.590438127517821,0.003170715121138731,-0.07190900446159601
1767170452,94573242,595_1767170452-94573242.png,1202,-1202,0,0,0.01150811887254902,-0.01150811887254902,63.61,46.89,144.0,-51.0,-760.0,206.0,34.0,-58.0,33.87255202213436,-140.7412660900895,-734.216568846158,159.22406380044882,51.083712614026936,-51.19773551063546,177.58262735605234,-7.6205649375916735,0.003170715121138731,-0.0926455129545367
1767170452,127922607,596_1767170452-127922607.png,1202,-1202,0,0,0.01150811887254902,-0.01150811887254902,63.61,45.5,2.0,-150.0,-771.0,188.0,73.0,-45.0,41.615652931668755,-132.44570829479397,-741.2863737813499,167.54031839190264,51.89905133352886,-51.1735366741858,163.37638485431665,-24.56111717224133,0.003170715121138731,-0.08018445198677589
1767170452,161270752,597_1767170452-161270752.png,1202,-1202,0,0,0.01150811887254902,-0.01150811887254902,63.77,47.41,117.0,-7.0,-555.0,129.0,-14.0,-65.0,50.50613377111528,-121.84533090402158,-735.0788457110853,162.3985289832474,45.4462868959611,-52.12881663229204,210.042386829853,12.538127660751222,0.003170715121138731,-0.12494117469316222
1767170452,227968262,598_1767170452-227968262.png,1202,-1202,0,0,0.01150811887254902,-0.01150811887254902,63.79,47.91,14.0,77.0,-687.0,124.0,23.0,-48.0,53.13040888638889,-86.19591380651231,-710.5127655971339,154.339552815529,36.555534690880144,-52.98582912074752,151.64108121395105,-13.759233236312987,0.003170715121138731,-0.12525581999364277
1767170452,261317627,599_1767170452-261317627.png,1202,-1202,0,0,0.01150811887254902,-0.01150811887254902,63.84,50.21,-88.0,46.0,-409.0,118.0,-11.0,-17.0,31.451361119642613,-62.52645942404146,-665.7941430622774,148.21892570398805,29.240692129700793,-47.59069879561329,172.3795639276504,-1.3593840599061267,0.003170715121138731,-0.12525581999364277
1767170452,294665771,600_1767170452-294665771.png,1202,-1202,0,0,0.01150811887254902,-0.01150811887254902,63.91,48.05,-122.0,-46.0,-588.0,152.0,66.0,-48.0,7.624535993597246,-52.44423441903202,-635.3472537131543,142.49631693365606,32.47613249833989,-43.83580826926302,250.24342566728586,-41.483614921569945,0.003170715121138731,-0.12525581999364277
1767170452,328015137,601_1767170452-328015137.png,1202,-1202,0,0,0.01150811887254902,-0.01150811887254902,63.95,49.9,-199.0,32.0,-536.0,122.0,96.0,-21.0,-25.08302280822045,-44.10535057874477,-621.2395978615805,141.66829489635603,41.84787893281868,-42.2190664222429,150.97324585914606,-6.21217179298413,0.003170715121138731,-0.12525581999364277
1767170452,394712646,602_1767170452-394712646.png,1202,-1202,0,0,0.01150811887254902,-0.01150811887254902,63.9,51.56,72.0,121.0,-421.0,187.0,14.0,-9.0,-49.143843245623785,-15.965057350726369,-581.1802658860582,142.69602443037908,43.889475093984146,-37.10286952761944,256.75098896026606,-82.21739959716808,0.003170715121138731,-0.12525581999364277
1767170452,428061035,603_1767170452-428061035.png,1202,-1202,0,0,0.01150811887254902,-0.01150811887254902,63.94,49.08,103.0,85.0,-783.0,220.0,81.0,-30.0,-22.283416462340195,7.9731440505014675,-582.1365733826115,154.47982388275543,44.01824969741332,-33.42322837554422,236.39655703306192,-69.53312063217174,0.003170715121138731,-0.12525581999364277
1767170452,461410156,604_1767170452-461410156.png,1202,-1202,0,0,0.01150811887254902,-0.01150811887254902,63.87,47.25,88.0,135.0,-666.0,181.0,53.0,-18.0,0.39973780712284146,30.579999355371637,-604.9105336262195,161.7863436720091,47.26672438122295,-30.98859637947643,150.7867403030395,-29.57682514190686,0.003170715121138731,-0.12525581999364277
1767170452,494758545,605_1767170452-494758545.png,1202,-1202,0,0,0.01150811887254902,-0.01150811887254902,63.89,46.11,-43.0,-100.0,-534.0,83.0,13.0,-27.0,-5.947119162901799,11.483741614422012,-594.5404475995737,150.2644847912078,42.25549598520291,-30.405296755773627,190.53982812166208,-31.282830715179564,0.003170715121138731,-0.12525581999364277
1767170452,528107910,606_1767170452-528107910.png,1202,-1202,0,0,0.01150811887254902,-0.01150811887254902,63.97,41.02,-131.0,-92.0,-542.0,130.0,98.0,-49.0,-26.991564522201777,-12.209240913579457,-593.3952185948892,144.07034075228907,33.752773454449375,-31.918491217069466,252.9348982572555,-128.4788658618928,0.003170715121138731,-0.12525581999364277
1767170452,594805420,607_1767170452-594805420.png,1202,-1202,0,0,0.01150811887254902,-0.01150811887254902,63.99,39.35,-234.0,-27.0,-545.0,115.0,133.0,-9.0,-62.47627981888468,-22.320414241682247,-582.2643070791116,139.1432766129151,52.271146902836975,-30.98384654911782,252.9348982572555,-128.4788658618928,0.003170715121138731,-0.12525581999364277
1767170452,628153809,608_1767170452-628153809.png,1202,-1202,0,0,0.01150811887254902,-0.01150811887254902,63.99,42.01,-174.0,-61.0,-847.0,130.0,167.0,2.0,-83.34390377849286,-28.101346135028802,-619.9894508564569,137.1645468122218,71.19464905410483,-25.576014437168368,187.53469890356058,-11.270723342895629,0.003170715121138731,-0.04266809059064979
1767170452,661503174,609_1767170452-661503174.png,1202,-1202,0,0,0.01150811887254902,-0.01150811887254902,64.13,43.0,32.0,-65.0,-770.0,208.0,78.0,-34.0,-79.27982827047369,-40.85408424305362,-644.3551651888507,136.51231222214864,81.15549362903646,-22.356055039737704,245.55714887380594,-76.51662421226513,0.003170715121138731,-0.04266809059064979
1767170452,728200684,610_1767170452-728200684.png,1202,-1202,0,0,0.01150811887254902,-0.01150811887254902,64.12,46.13,-26.0,-37.0,-670.0,206.0,18.0,-42.0,-60.20009833152341,-42.73976655895909,-660.850659070642,153.92587856243358,71.599432222347,-26.40995860625975,145.14910334348673,29.73158597946155,0.003170715121138731,-0.04266809059064979
1767170452,761549072,611_1767170452-761549072.png,1202,-1202,0,0,0.01150811887254902,-0.01150811887254902,63.99,49.29,173.0,-80.0,-720.0,178.0,23.0,-92.0,-42.7113246915775,-47.620362920123775,-654.3532466076587,162.19528875287838,59.800091988620366,-32.785858840973965,145.14910334348673,29.73158597946155,0.003170715121138731,-0.04266809059064979
1767170452,794898438,612_1767170452-794898438.png,1202,-1202,0,0,0.01150811887254902,-0.01150811887254902,63.94,51.82,99.0,60.0,-541.0,182.0,-3.0,-85.0,-9.967902036313724,-44.63625742530958,-654.728149795139,165.171742400445,51.84702868658112,-42.59004896595348,135.24768441915506,-19.793156862259032,0.003170715121138731,-0.04266809059064979
1767170452,828246582,613_1767170452-828246582.png,1202,-1202,0,0,0.01150811887254902,-0.01150811887254902,63.84,51.65,40.0,58.0,-575.0,187.0,-49.0,-57.0,5.759259319121147,-21.54147832169115,-634.2809791904655,169.66423746249745,32.86103849815921,-47.97433116438526,247.14556318521494,-17.017781257629515,0.003170715121138731,-0.04266809059064979
1767170452,894944336,614_1767170452-894944336.png,1202,-1202,0,0,0.01150811887254902,-0.01150811887254902,63.85,48.96,-20.0,77.0,-320.0,135.0,-85.0,-8.0,0.6443966464203601,-5.955788267542129,-571.052400606912,166.7622706031097,3.829616423961132,-42.23333768026499,250.11679410934443,-21.450587272644164,0.003170715121138731,-0.04266809059064979
1767170452,928293457,615_1767170452-928293457.png,1202,-1202,0,0,0.01150811887254902,-0.01150811887254902,63.86,48.06,74.0,167.0,-956.0,174.0,28.0,-63.0,5.584053928171841,16.525678258910418,-585.2267661663802,164.80287061001513,-1.2946883776375269,-41.294956067437695,207.95238167047495,-16.26350498199475,0.003170715121138731,-0.04266809059064979
1767170452,961641846,616_1767170452-961641846.png,1202,-1202,0,0,0.01150811887254902,-0.01150811887254902,63.92,46.35,143.0,172.0,-895.0,164.0,41.0,-76.0,29.25968687716133,47.135677075056904,-649.9282470005498,165.16667152981077,6.423327139861028,-47.505941099693615,300.27470999956125,-142.22964906692516,0.003170715121138731,-0.04266809059064979
1767170452,994991211,617_1767170452-994991211.png,1202,-1202,0,0,0.01150811887254902,-0.01150811887254902,63.92,45.66,116.0,39.0,-707.0,141.0,22.0,-57.0,41.94474878634767,45.945900791633825,-658.2745244579364,161.63249332064882,8.70128824532976,-48.894369623686785,198.2300652265548,2.013365745544313,0.003170715121138731,-0.08359015339177471
1767170453,28339600,618_1767170453-28339600.png,1202,-1202,0,0,0.01150811887254902,-0.01150811887254902,64.11,49.27,125.0,-154.0,-675.0,142.0,14.0,-68.0,45.10457482390232,10.400116056519792,-683.4102612976498,159.51488218943325,17.409932083704245,-50.63755053520934,170.0599335432052,-13.325209140777709,0.003170715121138731,-0.08022211294417583
1767170453,61688965,619_1767170453-61688965.png,1202,-1202,0,0,0.01150811887254902,-0.01150811887254902,64.17,48.98,89.0,9.0,-626.0,191.0,-19.0,-67.0,57.710799333306575,-7.49172836133712,-677.3056032556933,160.47173892764388,13.746219236716167,-53.994604970062134,235.03530025482172,-64.92406845092785,0.003170715121138731,-0.042453495107146674
1767170453,95037109,620_1767170453-95037109.png,1202,-1202,0,0,0.01150811887254902,-0.01150811887254902,64.19,48.85,52.0,-150.0,-565.0,159.0,-11.0,-79.0,58.72199563734322,-23.533010955257538,-661.1915315251033,161.94549914322747,9.03763831689583,-57.66791260931981,235.35843801498407,-65.24861931800854,0.003170715121138731,-0.12850757663821152
1767170453,128386475,621_1767170453-128386475.png,1202,-1202,0,0,0.01150811887254902,-0.01150811887254902,64.19,48.95,-8.0,-233.0,-465.0,146.0,62.0,-78.0,48.7858140470591,-57.52666845735185,-629.9438623755733,159.53532445365963,16.250456662517827,-61.20820803708102,163.02259576320643,0.5695800781248792,0.003170715121138731,-0.06492473175624323
1767170453,161734863,622_1767170453-161734863.png,1202,-1202,0,0,0.01150811887254902,-0.01150811887254902,64.14,48.77,-37.0,-145.0,-537.0,159.0,97.0,-50.0,36.240339827063806,-70.31892831984383,-616.3515820866678,159.45703762724992,28.05941745014941,-59.56909921071482,270.9011239409446,-83.96940112113964,0.003170715121138731,-0.08217125740925055
1767170453,228432373,623_1767170453-228432373.png,1202,-1202,0,0,0.01150811887254902,-0.01150811887254902,64.07,49.29,-174.0,-72.0,-534.0,136.0,158.0,-4.0,5.494408316096234,-70.56477131451186,-604.3083362246261,156.02663757685593,47.0621657089241,-51.44257258949564,270.72176170349115,-83.97771191596996,0.003170715121138731,-0.0851146657034471
1767170453,261781494,624_1767170453-261781494.png,1202,-1202,0,0,0.01150811887254902,-0.01150811887254902,64.04,46.95,-151.0,49.0,-740.0,143.0,147.0,-22.0,-36.18162268567822,-50.13721746838461,-642.3424884317718,153.86856214182984,76.52725901452376,-42.71164905952943,191.52625548839563,-4.78386139869702,0.003170715121138731,-0.013390662778740956
1767170453,295129639,625_1767170453-295129639.png,1202,-1202,0,0,0.01150811887254902,-0.01150811887254902,63.98,45.58,18.0,28.0,-596.0,144.0,45.0,-52.0,-28.258003167096632,-38.71028798988081,-635.5652782325157,152.42536557939084,71.91665504010848,-44.06999447554449,164.4748973846435,-22.331961393356444,0.003170715121138731,-0.06810374002807
1767170453,328479004,626_1767170453-328479004.png,1202,-1202,0,0,0.01150811887254902,-0.01150811887254902,63.99,40.31,113.0,-2.0,-546.0,181.0,25.0,-79.0,-21.840889970021927,-30.6658659435853,-637.3730732380641,158.63874283822975,63.80868166037905,-45.997472581873325,187.36001229286188,-21.640875816345336,0.003170715121138731,-0.10166418121295435
1767170453,395176514,627_1767170453-395176514.png,1202,-1202,0,0,0.01150811887254902,-0.01150811887254902,64.13,41.07,70.0,32.0,-945.0,153.0,92.0,-53.0,19.273534607305184,-24.824786110756612,-663.2592810798611,160.65844721985897,60.74997428882778,-52.8725386936265,216.980757176876,3.2052483558653577,0.003170715121138731,-0.05734253541552928
1767170453,428524658,628_1767170453-428524658.png,1202,-1202,0,0,0.01150811887254902,-0.01150811887254902,64.17,40.41,-2.0,-36.0,-728.0,130.0,59.0,-25.0,18.784248656533627,-24.227495123747406,-677.0945368643476,157.6669356076181,61.47627220632724,-50.35357848280247,223.7943142652511,15.603234767913698,0.003170715121138731,-0.09577896222704166
1767170453,495222168,629_1767170453-495222168.png,1202,-1202,0,0,0.01150811887254902,-0.01150811887254902,64.31,41.52,-151.0,-38.0,-776.0,112.0,98.0,-14.0,-7.132788083306655,-26.857574942125513,-694.222139150728,149.54092412347765,66.68800485828108,-43.710609334568254,176.77595186233515,-12.04420042037976,0.003170715121138731,-0.040759861086377705
1767170453,528571289,630_1767170453-528571289.png,1202,-1202,0,0,0.01150811887254902,-0.01150811887254902,64.34,42.97,-51.0,-30.0,-578.0,188.0,68.0,-38.0,-25.482191921541204,-39.3025809369144,-692.2733268196735,151.65321451816345,69.60684545908626,-40.881754292037336,187.30507367849344,-3.94017243385327,0.003170715121138731,-0.04008507872507501
1767170453,561919678,631_1767170453-561919678.png,1202,-1202,0,0,0.01150811887254902,-0.01150811887254902,64.26,46.88,-100.0,53.0,-578.0,204.0,59.0,-44.0,-38.968284851631694,-24.860448677180457,-663.970142023927,162.99544515655816,67.89268598934845,-41.04545318092292,181.51223188638681,-18.334039211273314,0.003170715121138731,-0.09703434149075536
1767170453,628617188,632_1767170453-628617188.png,1202,-1202,0,0,0.01150811887254902,-0.01150811887254902,64.06,49.68,39.0,-19.0,-514.0,166.0,24.0,-45.0,-50.47016482138137,-11.101640037682866,-652.7713787118755,164.67320868785382,73.361243131508,-40.464253900029426,195.47235459089273,13.07832932472217,0.003170715121138731,-0.09842319368827622
1767170453,661966309,633_1767170453-661966309.png,1202,-1202,0,0,0.01150811887254902,-0.01150811887254902,64.06,49.68,39.0,-19.0,-514.0,166.0,24.0,-45.0,-44.98702288855092,-11.585687751202006,-644.2668323392289,164.75452054297634,70.33615982456041,-40.74222521803327,237.91457718610758,-60.63928055763257,0.003170715121138731,-0.06777493371904313
1767170453,695314453,634_1767170453-695314453.png,1202,-1202,-50,0,0.01150811887254902,-0.01150811887254902,64.1,48.44,68.0,18.0,-438.0,180.0,-19.0,-48.0,-28.463594177310192,-7.259022706560401,-614.1019938248755,166.98404731991684,57.27147654979904,-41.803615465746574,191.92680084705347,5.253715991973756,0.003170715121138731,-0.059283200388249434
1767170453,728663818,635_1767170453-728663818.png,1202,-1202,0,0,0.01150811887254902,-0.01150811887254902,64.23,47.82,66.0,22.0,-453.0,180.0,29.0,-42.0,-19.506593391656992,-4.611306582289919,-588.2445639371118,168.5249700682224,47.00148584686426,-43.6795213295141,266.4020020961761,-69.97975420951855,0.003170715121138731,-0.0916252810799112
1767170453,795361328,636_1767170453-795361328.png,1202,-1202,0,0,0.01150811887254902,-0.01150811887254902,64.3,48.38,61.0,63.0,-484.0,207.0,39.0,-40.0,-0.989071041994136,6.207937988387646,-561.6992492943839,174.29771640578375,44.166105231461984,-43.06650457093308,230.04147112369532,-92.95064783096325,0.003170715121138731,-0.08828097645225982
1767170453,828709473,637_1767170453-828709473.png,1202,-1202,0,0,0.01150811887254902,-0.01150811887254902,64.29,50.34,134.0,73.0,-589.0,232.0,-48.0,-31.0,22.161112422376423,12.831985209508126,-559.6231912553907,181.93670084350313,27.482730062700377,-41.120145387676516,226.61735379695887,-89.75242471694958,0.003170715121138731,-0.09165806790809036
1767170453,862058838,638_1767170453-862058838.png,1202,-1202,0,0,0.01150811887254902,-0.01150811887254902,64.3,50.58,52.0,-184.0,-563.0,107.0,-3.0,-27.0,30.106063886542806,-15.384173891295974,-545.9306710632889,171.55163512489383,14.96523430402526,-39.90680226176726,167.78576064109797,33.9571952819823,0.003170715121138731,-0.0666281384369459
1767170453,928756348,639_1767170453-928756348.png,1202,-1202,0,0,0.01150811887254902,-0.01150811887254902,64.27,50.72,117.0,-97.0,-734.0,135.0,47.0,-57.0,44.50529902601618,-40.34847891778909,-574.7531913748855,161.218462393745,18.261913951618023,-41.409256126846834,106.40426248311991,16.662861108779786,0.003170715121138731,-0.05358631215229373
1767170453,962104492,640_1767170453-962104492.png,1202,-1202,0,0,0.01150811887254902,-0.01150811887254902,64.18,49.68,-35.0,-183.0,-719.0,139.0,36.0,-49.0,37.93427098296844,-64.28796755214495,-614.9817623836174,159.68988986835245,20.698407609203255,-43.96650451033595,139.0540342330932,63.26951193809497,0.003170715121138731,-0.07635832409945259
1767170453,995453857,641_1767170453-995453857.png,1202,-1202,0,0,0.01150811887254902,-0.01150811887254902,64.2,49.8,-42.0,-227.0,-622.0,137.0,33.0,-32.0,26.244537114372868,-88.08327253389656,-616.0081222784809,156.37167890818372,22.497414961619018,-42.21650102193257,182.57671624422068,4.085619449615358,0.003170715121138731,-0.05913514210463665
1767170454,62151123,642_1767170454-62151123.png,1202,-1202,0,0,0.01150811887254902,-0.01150811887254902,64.17,45.81,-145.0,-116.0,-672.0,186.0,89.0,-25.0,-14.560858241651374,-95.9011234329854,-647.2936664407288,163.6546964320148,44.27171978183765,-38.29829047125786,163.7414733767509,-12.556030750274779,0.003170715121138731,-0.08191921225875473
1767170454,95499512,643_1767170454-95499512.png,1202,-1202,0,0,0.01150811887254902,-0.01150811887254902,64.12,44.2,-127.0,-71.0,-744.0,187.0,86.0,-39.0,-31.00416381515741,-92.25953763529081,-661.436177391462,167.06875628938772,50.374139739460496,-38.40090975511673,169.2411793470382,-17.051024436950804,0.003170715121138731,-0.08191921225875473
1767170454,128848633,644_1767170454-128848633.png,1202,-1202,0,0,0.01150811887254902,-0.01150811887254902,64.18,39.3,63.0,16.0,-778.0,181.0,55.0,-61.0,-19.859523425231536,-73.69219013064028,-706.0926673905838,172.45179119595554,54.85749958502797,-42.16471624552853,181.89316558837885,-6.6115198135377184,0.003170715121138731,-0.08191921225875473
1767170454,195545898,645_1767170454-195545898.png,1202,-1202,0,0,0.01150811887254902,-0.01150811887254902,64.21,40.27,-67.0,103.0,-754.0,140.0,105.0,-26.0,-16.785319245440576,-43.30831450944666,-719.3131632633197,169.49105423095173,60.83001836481733,-42.2161248864857,213.098428428173,-45.86283063888562,0.003170715121138731,-0.08191921225875473
1767170454,228893799,646_1767170454-228893799.png,1202,-1202,0,0,0.01150811887254902,-0.01150811887254902,64.36,42.3,52.0,48.0,-656.0,114.0,14.0,-37.0,-33.112044133856934,-21.211236691961687,-734.2021065633256,159.85041056148353,65.20946836094588,-38.205061208039815,204.56190288066858,-40.827491998672606,0.003170715121138731,-0.08191921225875473
1767170454,262242676,647_1767170454-262242676.png,1202,-1202,0,0,0.01150811887254902,-0.01150811887254902,64.47,43.46,28.0,-26.0,-676.0,145.0,44.0,-45.0,-19.874106308962716,-13.785450441370205,-721.9131818102203,153.82652398853324,58.19816344628273,-38.48708339637622,215.75184661149973,-19.260549545288207,0.003170715121138731,-0.08191921225875473
1767170454,328939453,648_1767170454-328939453.png,1202,-1202,0,0,0.01150811887254902,-0.01150811887254902,64.49,44.75,-207.0,-112.0,-677.0,125.0,142.0,-10.0,-35.593083835075404,-17.07891872084188,-699.6624304176042,151.72628746450388,63.96633696040379,-35.18514065084183,230.0166643261909,-60.29581546783459,0.003170715121138731,-0.08191921225875473
1767170454,362287354,649_1767170454-362287354.png,1202,-1202,0,0,0.01150811887254902,-0.01150811887254902,64.54,48.68,-91.0,-101.0,-610.0,164.0,91.0,-42.0,-57.04924391412785,-30.617957094360076,-694.2627443211786,149.0317287822167,73.79065926070706,-32.49807499062145,158.61075228452677,-1.8770892620087878,0.003170715121138731,-0.08191921225875473
1767170454,395636230,650_1767170454-395636230.png,1202,-1202,0,0,0.01150811887254902,-0.01150811887254902,64.46,50.92,-242.0,-104.0,-437.0,180.0,117.0,-14.0,-87.54067339205575,-48.488886767473,-648.0927358292057,155.07893514229642,81.85535135181581,-30.756737880290554,228.00913202762598,1.8649177551268323,0.003170715121138731,-0.08961137914554451
1767170454,462332764,651_1767170454-462332764.png,1202,-1202,0,0,0.01150811887254902,-0.01150811887254902,64.55,48.77,-27.0,-69.0,-398.0,156.0,24.0,-29.0,-98.44514197135504,-43.08937374900661,-609.4156677231907,164.18499025956876,74.76030153236637,-27.799603206734968,157.83654642105097,-34.02138090133679,0.003170715121138731,-0.09037599949800991
1767170454,495680664,652_1767170454-495680664.png,1202,-1202,0,0,0.01150811887254902,-0.01150811887254902,64.55,47.38,-60.0,-20.0,-346.0,104.0,-5.0,-53.0,-87.30240981514034,-41.714811459600206,-554.557550813861,154.7509870504766,59.17384730004331,-31.57770790159571,169.03272432088846,-0.09571337699902216,0.003170715121138731,-0.09037599949800991
1767170454,562377441,653_1767170454-562377441.png,1202,-1202,0,0,0.01150811887254902,-0.01150811887254902,64.53,45.33,-58.0,-32.0,-475.0,138.0,52.0,-33.0,-89.30893394847155,-39.6485197623258,-543.8396218181213,154.44499141008757,55.00379002145613,-33.91931583746841,221.45390331745142,-64.2392876148225,0.003170715121138731,-0.09037599949800991
1767170454,595726318,654_1767170454-595726318.png,1202,-1202,0,0,0.01150811887254902,-0.01150811887254902,64.64,48.65,-112.0,-138.0,-582.0,144.0,77.0,-27.0,-83.66025894238491,-48.704818955664926,-541.8802572768308,149.28345285211427,57.1633273670204,-34.354998365869974,258.7995628714561,-84.80492258071911,0.003170715121138731,-0.08090749815665295
1767170454,629073975,655_1767170454-629073975.png,1202,-1202,0,0,0.01150811887254902,-0.01150811887254902,64.6,49.8,-55.0,-173.0,-334.0,134.0,22.0,-31.0,-86.0304909010872,-62.85294494077812,-540.0280129295495,148.19952375948262,58.35230851833225,-33.40389688037731,256.9591842293739,-82.81219458580028,0.003170715121138731,-0.05853760697889046
1767170454,662422852,656_1767170454-662422852.png,1202,-1202,0,0,0.01150811887254902,-0.01150811887254902,64.69,49.39,-137.0,-115.0,-447.0,112.0,98.0,-25.0,-88.83755839665332,-80.5807513022757,-507.4045772331072,142.41189232105882,59.25701568478749,-32.1537213738235,258.1800423264503,-84.13490056991589,0.003170715121138731,-0.10724784475655062
1767170454,729119629,657_1767170454-729119629.png,1202,-1202,0,0,0.01150811887254902,-0.01150811887254902,64.57,50.04,-55.0,85.0,-390.0,165.0,81.0,-39.0,-91.17273239775349,-61.49494875139438,-490.94407044605,140.99838642955018,65.57068610184176,-32.30254212674508,131.54601669311518,-11.784989595413329,0.003170715121138731,-0.04980354555923559
1767170454,762467285,658_1767170454-762467285.png,1202,-1202,0,0,0.01150811887254902,-0.01150811887254902,64.57,50.09,-17.0,134.0,-469.0,179.0,72.0,-44.0,-76.65629097223392,-18.045272334053763,-477.49537641673106,148.9904847763992,68.07603769314768,-34.692575708454854,164.92064046859736,22.32939028739917,0.003170715121138731,-0.12152842718775655
1767170454,795816162,659_1767170454-795816162.png,1202,-1202,0,0,0.01150811887254902,-0.01150811887254902,64.52,48.72,-73.0,57.0,-548.0,153.0,117.0,-37.0,-76.12158829857509,-7.070514562530659,-487.8061014168944,149.57684361009598,75.23076734954451,-35.030017653673106,166.03447866439814,35.67495059967029,0.003170715121138731,-0.0818244921126445
1767170454,829164063,660_1767170454-829164063.png,1202,-1202,0,0,0.01150811887254902,-0.01150811887254902,64.51,51.39,-89.0,34.0,-790.0,173.0,132.0,-44.0,-78.00495076111561,-1.064287456455497,-531.9994894056651,153.00228880642248,83.53280367823773,-36.34180426466132,272.8857976198196,-72.0158989429475,0.003170715121138731,-0.08949830672217901
1767170454,895860596,661_1767170454-895860596.png,1202,-1202,0,0,0.01150811887254902,-0.01150811887254902,64.5,45.62,168.0,-40.0,-472.0,169.0,-15.0,-35.0,-26.171514324555023,-19.235806132646555,-520.4783047575238,154.4675514702036,67.0589806271347,-36.47746579844239,303.5155687332153,-128.3073482513429,0.003170715121138731,-0.06858563613492406
1767170454,929209473,662_1767170454-929209473.png,1202,-1202,0,0,0.01150811887254902,-0.01150811887254902,64.7,43.02,-33.0,89.0,-547.0,191.0,75.0,-24.0,-5.106291258158968,-12.007743643018332,-549.0072678358888,160.78096234578078,62.622038308208424,-35.87974126926208,244.25316852331156,-56.03137469291699,0.003170715121138731,-0.10479682173319554
1767170454,962557373,663_1767170454-962557373.png,1202,-1202,0,0,0.01150811887254902,-0.01150811887254902,64.7,43.02,-33.0,89.0,-547.0,191.0,75.0,-24.0,-5.974531176598374,-8.863702959363643,-548.9447881535257,161.72158214758076,63.007323769858296,-35.50996377978706,286.71292471885675,-54.45920157432568,0.003170715121138731,-0.07946880051074619
1767170455,29253906,664_1767170455-29253906.png,1202,-1202,0,0,0.01150811887254902,-0.01150811887254902,64.7,43.02,-33.0,89.0,-547.0,191.0,75.0,-24.0,-6.815745626214379,-5.817525978668316,-548.8842532593161,162.63292353152832,63.380616555278024,-35.151696254091824,237.9186034202575,-99.61604857444775,0.003170715121138731,-0.07946880051074619
1767170455,95950439,665_1767170455-95950439.png,1202,-1202,0,0,0.01150811887254902,-0.01150811887254902,64.7,43.02,-33.0,89.0,-547.0,191.0,75.0,-24.0,-8.420436792520274,-0.006673235758949847,-548.768777580034,164.3713880443255,64.09270564918529,-34.4682691756342,209.91211867332453,1.2897534370421155,0.003170715121138731,-0.11550612474600101
1767170455,129299316,666_1767170455-129299316.png,1202,-1202,0,0,0.01150811887254902,-0.01150811887254902,64.71,42.59,-10.0,-2.0,-603.0,162.0,81.0,-35.0,-8.469603428736523,-0.0687189781600554,-550.4568181545794,164.29757449083755,64.61897442197716,-34.48482021701245,195.40741533040995,-36.30283737182629,0.003170715121138731,-0.07453604251633597
1767170455,162646973,667_1767170455-162646973.png,1202,-1202,0,0,0.01150811887254902,-0.01150811887254902,64.71,42.59,-10.0,-2.0,-603.0,162.0,81.0,-35.0,-8.517239668381508,-0.128833439539321,-552.0923155472794,164.22605851184042,65.128862169191,-34.50085607860771,252.0267876386642,-124.6044592857362,0.003170715121138731,-0.07142180640268737
1767170455,195996094,668_1767170455-195996094.png,1202,-1202,0,0,0.01150811887254902,-0.01150811887254902,64.71,42.59,-10.0,-2.0,-603.0,162.0,81.0,-35.0,-8.563393147694875,-0.18707673435812594,-553.6769052555268,164.15676859135513,65.62287877857403,-34.51639279628158,140.04838418960566,-56.64895272254956,0.003170715121138731,-0.06491906277235016
1767170455,262693359,669_1767170455-262693359.png,1202,-1202,0,0,0.01150811887254902,-0.01150811887254902,64.71,42.59,-10.0,-2.0,-603.0,162.0,81.0,-35.0,-8.608110020155936,-0.24350710591128902,-555.2121718690296,164.0896354394612,66.10151826673564,-34.531445906751735,140.04838418960566,-56.64895272254956,0.003170715121138731,-0.06491906277235016
1767170455,296041504,670_1767170455-296041504.png,1202,-1202,0,0,0.01150811887254902,-0.01150811887254902,64.71,42.59,-10.0,-2.0,-603.0,162.0,81.0,-35.0,-8.651435002637152,-0.2981809845703634,-556.6996506544015,164.02459192300674,66.56525927316399,-34.54603046312864,197.15700888633722,-11.71520757675183,0.003170715121138731,-0.06491906277235016
1767170455,329390625,671_1767170455-329390625.png,1202,-1202,0,0,0.01150811887254902,-0.01150811887254902,64.71,42.59,-10.0,-2.0,-603.0,162.0,81.0,-35.0,-8.651435002637152,-0.2981809845703634,-556.6996506544015,164.02459192300674,66.56525927316399,-34.54603046312864,184.84465497732157,-10.803026199340941,0.003170715121138731,-0.06491906277235016
1767170455,396087646,672_1767170455-396087646.png,1202,-1202,0,0,0.01150811887254902,-0.01150811887254902,64.71,42.59,-10.0,-2.0,-603.0,162.0,81.0,-35.0,-8.651435002637152,-0.2981809845703634,-556.6996506544015,164.02459192300674,66.56525927316399,-34.54603046312864,288.07041501998896,-69.20556068420422,0.003170715121138731,-0.06491906277235016
1767170455,429435791,673_1767170455-429435791.png,1202,-1202,0,0,0.01150811887254902,-0.01150811887254902,64.71,42.59,-10.0,-2.0,-603.0,162.0,81.0,-35.0,-8.651435002637152,-0.2981809845703634,-556.6996506544015,164.02459192300674,66.56525927316399,-34.54603046312864,253.58299207687372,-81.95159745216381,0.003170715121138731,-0.06491906277235016
1767170455,462784912,674_1767170455-462784912.png,1202,-1202,0,0,0.01150811887254902,-0.01150811887254902,64.71,42.59,-10.0,-2.0,-603.0,162.0,81.0,-35.0,-8.651435002637152,-0.2981809845703634,-556.6996506544015,164.02459192300674,66.56525927316399,-34.54603046312864,174.75335365533823,-0.8590168952943102,0.003170715121138731,-0.06491906277235016
1767170455,496133057,675_1767170455-496133057.png,1202,-1202,0,0,0.01150811887254902,-0.01150811887254902,64.71,42.59,-10.0,-2.0,-603.0,162.0,81.0,-35.0,-8.651435002637152,-0.2981809845703634,-556.6996506544015,164.02459192300674,66.56525927316399,-34.54603046312864,251.76131594181055,-81.81719183921825,0.003170715121138731,-0.06491906277235016
1767170455,529482178,676_1767170455-529482178.png,1202,-1202,0,0,0.01150811887254902,-0.01150811887254902,64.71,42.59,-10.0,-2.0,-603.0,162.0,81.0,-35.0,-8.651435002637152,-0.2981809845703634,-556.6996506544015,164.02459192300674,66.56525927316399,-34.54603046312864,180.78088593482966,-14.347866773605467,0.003170715121138731,-0.06491906277235016
1767170455,562830322,677_1767170455-562830322.png,1202,-1202,0,0,0.01150811887254902,-0.01150811887254902,64.71,42.59,-10.0,-2.0,-603.0,162.0,81.0,-35.0,-8.651435002637152,-0.2981809845703634,-556.6996506544015,164.02459192300674,66.56525927316399,-34.54603046312864,271.1358144283294,-77.03003072738659,0.003170715121138731,-0.0922923003022613
1767170455,629527344,678_1767170455-629527344.png,1202,-1202,0,0,0.01150811887254902,-0.01150811887254902,64.71,42.59,-10.0,-2.0,-603.0,162.0,81.0,-35.0,-8.651435002637152,-0.2981809845703634,-556.6996506544015,164.02459192300674,66.56525927316399,-34.54603046312864,246.70904147624964,-64.87606644630443,0.003170715121138731,-0.09203017280594294
1767170455,662876465,679_1767170455-662876465.png,1202,-1202,0,0,0.01150811887254902,-0.01150811887254902,64.71,42.59,-10.0,-2.0,-603.0,162.0,81.0,-35.0,-8.651435002637152,-0.2981809845703634,-556.6996506544015,164.02459192300674,66.56525927316399,-34.54603046312864,250.3684986829757,-113.14587926864635,0.003170715121138731,-0.09471957119624236
1767170455,696224609,680_1767170455-696224609.png,1202,-1202,0,0,0.01150811887254902,-0.01150811887254902,64.71,42.59,-10.0,-2.0,-603.0,162.0,81.0,-35.0,-8.651435002637152,-0.2981809845703634,-556.6996506544015,164.02459192300674,66.56525927316399,-34.54603046312864,187.2459789514541,-28.501150369644286,0.003170715121138731,-0.03771723837728549
1767170455,729573730,681_1767170455-729573730.png,1202,-1202,0,0,0.01150811887254902,-0.01150811887254902,64.71,42.59,-10.0,-2.0,-603.0,162.0,81.0,-35.0,-8.651435002637152,-0.2981809845703634,-556.6996506544015,164.02459192300674,66.56525927316399,-34.54603046312864,223.18998950719828,-98.48205494880688,0.003170715121138731,-0.08189554381165767
1767170455,762921631,682_1767170455-762921631.png,1202,-1202,0,0,0.01150811887254902,-0.01150811887254902,64.96,45.4,-30.0,-25.0,-254.0,32.0,86.0,-13.0,-9.315946004155744,-1.067067815853956,-547.2776005990215,159.91509820224948,67.17019918487418,-33.875373007530456,223.18998950719828,-98.48205494880688,0.003170715121138731,-0.08189554381165767
1767170455,796270752,683_1767170455-796270752.png,1202,-1202,0,0,0.01150811887254902,-0.01150811887254902,64.96,45.4,-30.0,-25.0,-254.0,32.0,86.0,-13.0,-10.583559672152917,-2.5337876357678026,-529.3042045176039,152.07587447671918,68.32417571596008,-32.5960344332741,233.42558586597437,-27.063096284866454,0.003170715121138731,-0.08189554381165767
1767170455,862968018,684_1767170455-862968018.png,1202,-1202,0,0,0.01150811887254902,-0.01150811887254902,65.02,43.0,139.0,-63.0,-44.0,15.0,6.0,-26.0,10.27590228533358,-12.551959036701389,-443.9279048637896,125.74701231746383,60.13461264735089,-30.606110368780644,160.99090605974192,22.496609210967897,0.003170715121138731,-0.08189554381165767
1767170455,896316162,685_1767170455-896316162.png,1202,-1202,0,0,0.01150811887254902,-0.01150811887254902,65.16,48.17,196.0,67.0,-209.0,64.0,-65.0,-28.0,58.57044445468023,-4.879777086510185,-393.8132551220518,108.62077007299263,38.28405426777289,-28.56054794997925,231.6657319068908,-82.86908054351818,0.003170715121138731,-0.08189554381165767
1767170455,929665039,686_1767170455-929665039.png,1202,-1202,0,0,0.01150811887254902,-0.01150811887254902,65.12,48.07,128.0,-9.0,-57.0,72.0,-54.0,-21.0,75.91456834856328,-1.7214168350991408,-334.8872302218536,100.9306241896813,19.384214987035605,-27.425550490273466,150.4954227805137,27.116264820098756,0.003170715121138731,-0.08189554381165767
1767170455,996362305,687_1767170455-996362305.png,1202,-1202,0,0,0.01150811887254902,-0.01150811887254902,65.01,50.67,166.0,-56.0,87.0,-28.0,-30.0,-18.0,96.86703208866173,-14.218828615213813,-263.67842190694813,83.04166523078386,4.615455366723121,-29.19721473578245,264.4687603116035,-62.9584221839906,0.003170715121138731,-0.08189554381165767
1767170456,29710449,688_1767170456-29710449.png,1202,-1202,0,0,0.01150811887254902,-0.01150811887254902,64.97,50.68,145.0,-89.0,-147.0,-16.0,19.0,-17.0,108.6937754566901,-25.501689869186038,-215.22416849457912,62.07882795919166,2.1767531588199245,-26.883346782896176,264.4287577271461,-62.91944742202771,0.003170715121138731,-0.08189554381165767
1767170456,63059570,689_1767170456-63059570.png,1202,-1202,0,0,0.01150811887254902,-0.01150811887254902,64.96,52.55,144.0,-109.0,128.0,-20.0,33.0,-7.0,115.75664435720583,-41.035007596579995,-161.46079921123922,45.99021290414712,7.564630651460238,-23.458451213209237,200.4851459860801,-26.72307014465344,0.003170715121138731,-0.08189554381165767
1767170456,96407471,690_1767170456-96407471.png,1202,-1202,0,0,0.01150811887254902,-0.01150811887254902,65.0,48.65,154.0,-152.0,207.0,-31.0,-14.0,-30.0,121.34942257621992,-57.26273087441025,-107.57641857171164,34.73102346927063,4.410979655583381,-24.415099262483512,177.89771264791483,-20.99951171875012,0.003170715121138731,-0.08189554381165767
1767170456,129756592,691_1767170456-129756592.png,1202,-1202,0,0,0.01150811887254902,-0.01150811887254902,64.98,47.05,162.0,-148.0,165.0,-4.0,-56.0,-24.0,115.76412218594022,-79.17798168935866,-73.36448018237061,28.037662508433566,3.32249061319448,-25.76026122699979,184.3604678511619,29.599043130874513,0.003170715121138731,-0.05568555120238868
1767170456,196453857,692_1767170456-196453857.png,1202,-1202,0,0,0.01150811887254902,-0.01150811887254902,65.03,48.91,136.0,-80.0,133.0,26.0,-57.0,-14.0,123.00916130214722,-86.48109030875966,-23.889633754446656,24.441321719939705,-10.055499925346485,-24.17869132488377,201.84562349319452,11.086174488067506,0.003170715121138731,-0.08923410012746194
1767170456,229802002,693_1767170456-229802002.png,1202,-1202,0,0,0.01150811887254902,-0.01150811887254902,65.18,49.32,279.0,20.0,-86.0,44.0,-46.0,-8.0,127.91445006450529,-76.55560378259302,-34.69281732049169,26.302928890627623,-12.658554732934597,-19.13701289391048,192.8854342103004,-75.54999279975902,0.003170715121138731,-0.07854839483558679
1767170456,263151367,694_1767170456-263151367.png,1202,-1202,0,0,0.01150811887254902,-0.01150811887254902,65.23,50.32,295.0,-92.0,-8.0,10.0,-70.0,-21.0,155.00508343748,-66.73307321503533,-38.77934879795281,27.27759936226966,-19.89133755037282,-18.0090526118104,168.328912615776,1.1252570152281507,0.003170715121138731,-0.08710978883665776
1767170456,296499512,695_1767170456-296499512.png,1202,-1202,0,0,0.01150811887254902,-0.01150811887254902,65.32,49.53,123.0,-104.0,82.0,-8.0,-55.0,-15.0,161.14177011565536,-74.13538905648245,-18.738088289654684,20.78352811007444,-28.89750344112445,-17.800108665168093,266.4668114781379,-66.4602758884431,0.003170715121138731,-0.08536387825026955
1767170456,363197021,696_1767170456-363197021.png,1202,-1202,0,0,0.01150811887254902,-0.01150811887254902,65.37,48.66,64.0,-157.0,-79.0,14.0,25.0,-3.0,132.38026208163228,-93.0554876256739,-30.7441652132574,15.676168182164808,-17.6489042057269,-13.960108969173355,153.76797187328333,14.393870830535768,0.003170715121138731,-0.08536387825026955
1767170456,396546143,697_1767170456-396546143.png,1202,-1202,0,0,0.01150811887254902,-0.01150811887254902,65.37,48.36,-86.0,6.0,-89.0,57.0,17.0,-1.0,96.86612666233489,-81.91515064161378,-41.788457137397785,21.631740033911004,-10.350299981090636,-11.491341766546194,221.8188619613647,-15.444748401641966,0.003170715121138731,-0.08536387825026955
1767170456,463243652,698_1767170456-463243652.png,1202,-1202,0,0,0.01150811887254902,-0.01150811887254902,65.28,45.08,-81.0,28.0,-315.0,16.0,47.0,-15.0,46.07171585620817,-44.4463812764101,-115.22359761061752,29.816443332688955,5.793232548650591,-9.748440851494706,230.79112994670862,-25.62117338180554,0.003170715121138731,-0.08536387825026955
1767170456,496591797,699_1767170456-496591797.png,1202,-1202,0,0,0.01150811887254902,-0.01150811887254902,65.18,46.3,96.0,-12.0,-485.0,57.0,18.0,-24.0,46.72464568450666,-35.91080801624957,-179.7531184218708,33.06890941353657,9.734401891368906,-12.107388115107135,282.2795214056968,-65.36611676216137,0.003170715121138731,-0.08536387825026955
1767170456,529940918,700_1767170456-529940918.png,1202,-1202,0,0,0.01150811887254902,-0.01150811887254902,65.08,46.03,128.0,-190.0,-89.0,-11.0,-118.0,8.0,71.39710497368384,-34.343697263904396,-220.17863959194398,36.78825736175952,-0.863340197511929,-12.7415032696399,212.33760005235666,0.42772340774524054,0.003170715121138731,-0.08536387825026955
1767170456,563289307,701_1767170456-563289307.png,1202,-1202,0,0,0.01150811887254902,-0.01150811887254902,65.05,45.52,26.0,-88.0,-47.0,-15.0,-118.0,27.0,74.92799302341564,-54.99265121572997,-194.9348501132218,28.284518355397786,-21.1064909220696,-7.992621593520565,258.0388643741607,-47.04468297958386,0.003170715121138731,-0.08536387825026955
1767170456,629986572,702_1767170456-629986572.png,1202,-1202,0,0,0.01150811887254902,-0.01150811887254902,64.94,48.04,24.0,-118.0,-299.0,10.0,-17.0,14.0,63.69960763370464,-66.75738262470252,-198.72285411134874,22.26603602496604,-27.992746468150415,-2.07256019751955,252.44278854131693,-38.67513942718518,0.003170715121138731,-0.08536387825026955
1767170456,663335938,703_1767170456-663335938.png,1202,-1202,0,0,0.01150811887254902,-0.01150811887254902,64.89,50.2,96.0,-29.0,-69.0,15.0,-32.0,-9.0,68.42327604238582,-61.235673987970834,-179.75194685731972,21.20343763797908,-28.578774547912253,-3.0856416541449203,180.8217976689338,29.91599965095508,0.003170715121138731,-0.09697078418949191
1767170456,696684082,704_1767170456-696684082.png,1202,-1202,0,0,0.01150811887254902,-0.01150811887254902,64.9,52.5,99.0,-150.0,47.0,-11.0,-29.0,-14.0,78.52489240512158,-76.29223693016634,-144.53277726098915,17.05504936721087,-29.785087649516917,-6.10534153918281,181.82562875747675,28.768680095672487,0.003170715121138731,-0.09891043678968653
1767170456,830078857,705_1767170456-830078857.png,1202,-1202,0,0,0.01150811887254902,-0.01150811887254902,65.06,52.8,-8.0,-47.0,-274.0,82.0,21.0,-36.0,59.24959872358291,-40.03459774043743,-88.80657563666396,34.26459154572967,-27.957297422981075,-14.715019910502063,194.1429180502891,-3.3953855037690417,0.003170715121138731,-0.08600436309475995
1767170456,863428223,706_1767170456-863428223.png,1202,-1202,0,0,0.01150811887254902,-0.01150811887254902,65.16,48.98,80.0,-70.0,-250.0,25.0,75.0,-17.0,62.28417532764758,-44.416792928710734,-112.37979659687609,32.909720747021865,-12.900634093169407,-15.049179574596101,194.1429180502891,-3.3953855037690417,0.003170715121138731,-0.07641516867569113
1767170456,896776367,707_1767170456-896776367.png,1202,-1202,0,0,0.01150811887254902,-0.01150811887254902,65.14,45.79,22.0,-74.0,-94.0,11.0,-1.0,7.0,70.07232425348099,-42.603304491572274,-115.59420276551597,27.461002354327942,-7.792006918978544,-11.906520455447597,201.72678464651102,-3.16970443725598,0.003170715121138731,-0.0813923402093446
1767170456,963473877,708_1767170456-963473877.png,1202,-1202,0,0,0.01150811887254902,-0.01150811887254902,64.99,46.73,98.0,-58.0,87.0,-26.0,-3.0,-1.0,70.36577978306735,-52.935940858721715,-63.55882821158657,10.90827554570022,-7.689067405283825,-8.175626112340462,210.29084444046015,19.852773427963136,0.003170715121138731,-0.038850512208788684
1767170456,996822998,709_1767170456-996822998.png,1202,-1202,0,0,0.01150811887254902,-0.01150811887254902,64.99,46.73,98.0,-58.0,87.0,-26.0,-3.0,-1.0,71.22594267246097,-53.093568456273864,-58.872424336913696,9.759441647486124,-7.543112073950864,-7.952272341488729,259.3571313619613,-66.61187624931347,0.003170715121138731,-0.06725644061024283
1767170457,63520508,710_1767170457-63520508.png,1202,-1202,0,0,0.01150811887254902,-0.01150811887254902,65.01,47.43,105.0,-192.0,217.0,-96.0,-12.0,-17.0,51.90186020296569,-46.70536728062058,-37.41208711258168,-6.5519506902574935,5.689100739108913,-2.237135527173927,193.3807908892631,-3.4307780265809313,0.003170715121138731,-0.08122487916780813
1767170457,96868652,711_1767170457-96868652.png,1202,-1202,0,0,0.01150811887254902,-0.01150811887254902,64.92,49.58,203.0,-135.0,84.0,-83.0,-14.0,-25.0,65.67291854684696,-64.46029854318323,-8.357248377265888,-18.83629728108538,2.979645149887929,-4.886360487906906,163.48911941051477,-36.308139085769774,0.003170715121138731,-0.06752453630100477
1767170457,130217773,712_1767170457-130217773.png,1202,-1202,0,0,0.01150811887254902,-0.01150811887254902,64.85,50.89,82.0,-95.0,43.0,-73.0,21.0,-1.0,78.56472128409091,-73.71441205430008,5.110232086803357,-30.388767801946898,3.7665661079621473,-6.028685189635788,158.2012453079223,-25.53892517089856,0.003170715121138731,-0.09138521807059666
1767170457,163566162,713_1767170457-163566162.png,1202,-1202,50,0,0.01150811887254902,-0.01150811887254902,64.81,48.16,-45.0,24.0,-26.0,-70.0,67.0,13.0,60.585682128085494,-59.99013596422999,1.5675240865264035,-37.31396747659281,13.471912365550276,-3.1122596950532504,154.83297574520105,-26.696704864502074,0.003170715121138731,-0.08644244012018373
1767170457,230263184,714_1767170457-230263184.png,1202,-1202,0,0,0.01150811887254902,-0.01150811887254902,64.84,46.61,53.0,-112.0,-299.0,32.0,42.0,-15.0,58.14123250631427,-73.93744295445612,-6.168294642710184,-31.711409247048838,14.718102649584003,-3.3246903171200595,238.22173988819117,-22.141386270523192,0.003170715121138731,-0.07959598407790802
1767170457,263612061,715_1767170457-263612061.png,1202,-1202,0,0,0.01150811887254902,-0.01150811887254902,64.92,45.55,112.0,18.0,-68.0,73.0,-59.0,-10.0,64.00210382042471,-66.99907167245,-44.17325665618203,-12.599916169567194,8.815732520825616,-5.340173369972976,248.19108527898783,-92.67037343978893,0.003170715121138731,-0.02647123193276958
1767170457,296960205,716_1767170457-296960205.png,1202,-1202,0,0,0.01150811887254902,-0.01150811887254902,64.99,43.16,59.0,-91.0,-107.0,23.0,-71.0,-13.0,74.57514964624087,-53.089056447576716,-26.031067967004518,-2.118330123384493,-13.24156252053488,-5.792068381525377,191.14506202936167,-27.27000641822827,0.003170715121138731,-0.06399420789735588
1767170457,363657227,717_1767170457-363657227.png,1202,-1202,0,0,0.01150811887254902,-0.01150811887254902,65.15,42.59,183.0,-10.0,63.0,9.0,-63.0,13.0,85.82680390078917,-51.93865313972033,-23.93017103671381,1.832483751476447,-25.20065102189432,-4.3139664463901015,263.21660149097437,-54.04394841194165,0.003170715121138731,-0.06269148223317636
1767170457,397006104,718_1767170457-397006104.png,1202,-1202,0,0,0.01150811887254902,-0.01150811887254902,65.29,42.35,107.0,32.0,96.0,12.0,-33.0,15.0,91.50555927227208,-38.5488040044354,-4.081220484176763,3.509874498847066,-27.34574840786624,-1.0293432425445141,195.75990563631052,-3.1664087772370593,0.003170715121138731,-0.09142643189203098
1767170457,430354248,719_1767170457-430354248.png,1202,-1202,0,0,0.01150811887254902,-0.01150811887254902,65.35,45.78,18.0,-91.0,97.0,-49.0,-4.0,9.0,87.87073086329325,-40.953817036546226,-10.41660104135278,0.10289226741668323,-23.877976440133796,1.4123420128303856,182.78023588657373,-56.75183463096631,0.003170715121138731,-0.08276052996923464
1767170457,463703125,720_1767170457-463703125.png,1202,-1202,0,0,0.01150811887254902,-0.01150811887254902,65.37,48.4,154.0,-160.0,92.0,-38.0,-27.0,4.0,88.412533524897,-60.337768064636855,12.998029811188568,-9.56515415001964,-22.16775499015481,2.5141935327364546,188.96219372749323,-17.005601644516112,0.003170715121138731,-0.12183254146927215
1767170457,530400146,721_1767170457-530400146.png,1202,-1202,0,0,0.01150811887254902,-0.01150811887254902,65.27,47.41,44.0,21.0,22.0,-10.0,11.0,0.0,78.98419858087563,-52.909178207793296,9.864408281167396,-12.700427713737355,-9.66491292403765,3.3645756384580703,260.9187906980514,-66.90433025360119,0.003170715121138731,-0.11117719096559446
1767170457,597097168,722_1767170457-597097168.png,1202,-1202,0,0,0.01150811887254902,-0.01150811887254902,65.14,49.99,-122.0,-63.0,336.0,-50.0,21.0,-18.0,58.844856579233955,-45.58489192857994,53.47394675737516,-18.863030657162216,-8.757892903474499,0.23918306800520395,242.80956876277918,2.739700555801271,0.003170715121138731,-0.12034277533627986
1767170457,630445313,723_1767170457-630445313.png,1202,-1202,0,0,0.01150811887254902,-0.01150811887254902,65.06,48.92,26.0,-165.0,160.0,-21.0,-14.0,5.0,11.024562364995194,-56.598177112342704,93.8409169311529,-20.30883265279076,-2.6301922285868398,-2.4309018853902997,251.9327555894851,-53.16844916343701,0.003170715121138731,-0.062296641859238666
1767170457,697142334,724_1767170457-697142334.png,1202,-1202,0,0,0.01150811887254902,-0.01150811887254902,65.18,46.44,154.0,-234.0,-9.0,-26.0,-1.0,-1.0,21.456992383483573,-79.56044003203624,94.91720500530259,-20.73470071893399,-3.7983833129066316,-1.514426740312461,236.32135736942286,-75.145486354828,0.003170715121138731,-0.09625594094321159
1767170457,730491211,725_1767170457-730491211.png,1202,-1202,0,0,0.01150811887254902,-0.01150811887254902,65.26,42.79,153.0,-208.0,-129.0,-38.0,1.0,-2.0,50.93545448003255,-110.27695754854639,54.1416384412097,-23.666450338460585,-2.8804326596680596,-1.5456889838559176,186.2095483541488,16.243022680282472,0.003170715121138731,-0.09625594094321159
1767170457,763839111,726_1767170457-763839111.png,1202,-1202,0,0,0.01150811887254902,-0.01150811887254902,65.32,43.3,-85.0,15.0,259.0,-26.0,-93.0,-1.0,41.75423092030587,-109.31373930920786,65.45728338495539,-22.794518106757536,-10.661644421196995,-4.001801268186025,188.97972732782358,13.766262531280397,0.003170715121138731,-0.09625594094321159
1767170457,797188232,727_1767170457-797188232.png,1202,-1202,0,0,0.01150811887254902,-0.01150811887254902,65.36,45.0,-20.0,46.0,-2.0,-5.0,-91.0,8.0,23.832502991180938,-85.93044849160515,82.90938676550203,-22.06150206693438,-24.768503896109124,-2.9314791322563774,196.07226347923273,15.511672735214113,0.003170715121138731,-0.09625594094321159
1767170457,830536133,728_1767170457-830536133.png,1202,-1202,0,0,0.01150811887254902,-0.01150811887254902,65.37,42.5,74.0,7.0,213.0,-42.0,-111.0,10.0,26.297400756212078,-64.36752668227436,91.59431017501952,-23.069795924400868,-40.295964928102386,-0.5232537010184497,289.73662656545633,-84.79188323020946,0.003170715121138731,-0.09625594094321159
1767170457,897233154,729_1767170457-897233154.png,1202,-1202,0,0,0.01150811887254902,-0.01150811887254902,65.4,42.16,60.0,-86.0,2.0,-19.0,-11.0,2.0,32.493812698561854,-65.63452854235419,81.7181942385337,-22.97768601448609,-37.890607959748095,0.12540383569596295,216.08940088748926,-132.5715024471284,0.003170715121138731,-0.09625594094321159
1767170457,930582275,730_1767170457-930582275.png,1202,-1202,0,0,0.01150811887254902,-0.01150811887254902,65.19,43.24,94.0,-221.0,163.0,-107.0,-8.0,-22.0,36.74705747511533,-78.31526995229981,86.1301273674559,-29.98857122283376,-31.591498522068118,-0.722745859831781,212.4887786507606,-130.65486121177685,0.003170715121138731,-0.09625594094321159
1767170457,963930176,731_1767170457-963930176.png,1202,-1202,0,0,0.01150811887254902,-0.01150811887254902,65.2,42.77,81.0,-206.0,239.0,-60.0,-52.0,-15.0,45.84461255270467,-102.05428066969446,104.07214025230712,-40.417043377646685,-30.211019427983814,-3.9708149272519777,241.7858662605285,-40.39633369445813,0.003170715121138731,-0.09625594094321159
1767170457,997279297,732_1767170457-997279297.png,1202,-1202,0,0,0.01150811887254902,-0.01150811887254902,65.16,44.64,1.0,-220.0,271.0,-59.0,-17.0,-3.0,42.00285132205026,-127.33458675885346,138.90962124940086,-44.6477905918695,-29.962613191281246,-4.681047508502531,266.73033499717707,-103.8481059074403,0.003170715121138731,-0.09625594094321159
1767170458,30627197,733_1767170458-30627197.png,1202,-1202,0,0,0.01150811887254902,-0.01150811887254902,65.13,45.52,-64.0,-90.0,3.0,24.0,41.0,1.0,26.500800624282643,-121.87470856220386,119.03394986277333,-34.60861224173459,-19.584910953865258,-3.8502407387329987,236.31083720922464,-35.10722923278821,0.003170715121138731,-0.07451480981238125
1767170458,63976318,734_1767170458-63976318.png,1202,-1202,0,0,0.01150811887254902,-0.01150811887254902,65.09,43.27,257.0,-182.0,91.0,-36.0,-11.0,-22.0,40.972397927756916,-126.17269130701418,105.68783214667822,-30.031613918605103,-12.150324953661858,-6.561749705865499,236.52279895544046,-14.75753164291394,0.003170715121138731,-0.08046184427099233
1767170458,130673096,735_1767170458-130673096.png,1202,-1202,0,0,0.01150811887254902,-0.01150811887254902,65.03,41.57,237.0,-147.0,-116.0,3.0,-10.0,-3.0,82.05763746180384,-134.09035702801802,84.03708560480024,-27.687075488257072,-11.831408054556924,-7.907660312356599,209.40767049789423,-2.351664304733397,0.003170715121138731,-0.07068961123398973
1767170458,164021240,736_1767170458-164021240.png,1202,-1202,0,0,0.01150811887254902,-0.01150811887254902,65.02,39.81,50.0,-146.0,14.0,-36.0,15.0,18.0,85.47639764209947,-136.50750610152176,63.32835073099874,-27.297156986889984,-7.81171057947928,-3.862097061976023,281.9944380521774,-74.94774675369274,0.003170715121138731,-0.04823713241451125
1767170458,197370117,737_1767170458-197370117.png,1202,-1202,0,0,0.01150811887254902,-0.01150811887254902,65.13,41.77,-50.0,-61.0,27.0,20.0,-17.0,5.0,63.654996345433844,-132.7713459576748,58.311317862092395,-29.57439618839282,-4.831393452109843,1.7414215769742514,280.5595401525497,-73.65599131584179,0.003170715121138731,-0.11762282686321426
1767170458,230718262,738_1767170458-230718262.png,1202,-1202,0,0,0.01150811887254902,-0.01150811887254902,65.24,44.3,-93.0,-81.0,194.0,-48.0,-1.0,9.0,31.963555559635815,-119.654560150855,75.73530655091469,-28.43846107296977,-5.211330957314468,3.054714150845138,181.57197600603098,12.644305229186891,0.003170715121138731,-0.11762282686321426
1767170458,297415283,739_1767170458-297415283.png,1202,-1202,0,0,0.01150811887254902,-0.01150811887254902,65.24,47.63,-120.0,-183.0,-16.0,-101.0,103.0,2.0,9.740127480881217,-128.91831303831688,62.31976767444565,-39.0499931320218,10.61369183831531,2.9004708259332435,179.8386172652244,14.187677145004152,0.003170715121138731,-0.11762282686321426
1767170458,330764404,740_1767170458-330764404.png,1202,-1202,0,0,0.01150811887254902,-0.01150811887254902,65.18,51.21,105.0,-181.0,122.0,-33.0,27.0,-7.0,7.641244302627476,-134.94340354374472,66.82421644467371,-48.77287895912617,19.538178007002212,4.1649915952414,177.88758212327951,-3.605018138885619,0.003170715121138731,-0.11762282686321426
1767170458,364112549,741_1767170458-364112549.png,1202,-1202,0,0,0.01150811887254902,-0.01150811887254902,65.11,53.18,-180.0,37.0,33.0,-97.0,125.0,46.0,-9.923887861621015,-114.46996974254851,67.47461603517513,-54.22573378472062,35.71801903224735,9.150466538357861,219.44857895374292,-90.10907244682323,0.003170715121138731,-0.11762282686321426
1767170458,397461426,742_1767170458-397461426.png,1202,-1202,0,0,0.01150811887254902,-0.01150811887254902,65.06,54.07,-213.0,68.0,214.0,-123.0,53.0,63.0,-39.62210962275434,-87.78522790314946,88.9027559616347,-64.28340816115745,38.24536751182762,17.02552072192267,216.59566736221308,-87.39674425125133,0.003170715121138731,-0.11762282686321426
1767170458,430809570,743_1767170458-430809570.png,1202,-1202,0,0,0.01150811887254902,-0.01150811887254902,65.07,52.26,-171.0,-9.0,56.0,-126.0,41.0,56.0,-58.83505240489031,-76.26353219442524,84.09099679995036,-73.30895533886958,38.648210000994546,22.725219797490546,208.4796884655952,-59.17729711532605,0.003170715121138731,-0.11762282686321426
1767170458,464158691,744_1767170458-464158691.png,1202,-1202,0,0,0.01150811887254902,-0.01150811887254902,65.06,50.29,265.0,-105.0,254.0,-3.0,-116.0,-22.0,-20.157158670672217,-93.13161176725605,119.54674193181893,-69.09303453775227,11.780753653211427,18.254827993414303,173.0749335289001,17.913922309875367,0.003170715121138731,-0.11762282686321426
1767170458,530855713,745_1767170458-530855713.png,1202,-1202,0,0,0.01150811887254902,-0.01150811887254902,65.03,46.92,121.0,-58.0,197.0,-3.0,-114.0,-16.0,29.411661402187114,-89.19780486648767,144.5123021409073,-52.723130708964824,-19.57546308967947,9.161974712218015,258.422525525093,-90.73324179649364,0.003170715121138731,-0.11762282686321426
1767170458,564203613,746_1767170458-564203613.png,1202,-1202,0,0,0.01150811887254902,-0.01150811887254902,65.09,45.45,83.0,-94.0,355.0,-59.0,-66.0,4.0,37.248517971531385,-89.90008665883408,175.29440774252612,-53.64107154507748,-26.364672208382384,8.407078096783744,204.46722143888468,-3.5406811237336413,0.003170715121138731,-0.08161275966262009
1767170458,630900879,747_1767170458-630900879.png,1202,-1202,0,0,0.01150811887254902,-0.01150811887254902,65.24,46.87,19.0,-58.0,14.0,-13.0,-15.0,-5.0,39.54299881985435,-84.49830345176287,157.28814245654436,-45.74477855244137,-25.65599181354958,5.02216998611661,247.73936778306955,-77.67540693283092,-0.0,-0.09643731753616318
1767170458,664250000,748_1767170458-664250000.png,1202,-1202,0,0,0.01150811887254902,-0.01150811887254902,65.29,44.74,31.0,-75.0,135.0,-43.0,-13.0,-3.0,38.29365506009076,-83.10925419680777,154.02868377207267,-45.34337712084383,-23.80515644188476,3.8489931868146026,251.30128622055048,-59.66304874420178,-0.013159126273920865,-0.09537913999477432
1767170458,697597900,749_1767170458-697597900.png,861,-834,-11100,11250,0.008243336397058824,-0.007984834558823529,65.2,44.38,89.0,-101.0,41.0,8.0,-2.0,-2.0,39.54699020629684,-87.90134832377656,142.57177766899787,-42.64249064752031,-16.919689485920955,2.2714313072088084,180.9150504469871,-21.716246128082396,-0.026316171953240108,-0.08870339268666157
1767170458,730947021,750_1767170458-730947021.png,-744,753,-35900,35550,-0.007123161764705882,0.0072093290441176475,65.13,44.06,70.0,-90.0,171.0,15.0,-44.0,-9.0,49.01690275882576,-89.53695850973752,136.4259464974269,-29.075680303387767,-19.366541830368813,0.18979163422019601,289.0047610998153,-163.31370568275463,-0.04275638967213886,-0.08870339268666157
1767170458,797644043,751_1767170458-797644043.png,-3072,3082,-52700,51500,-0.029411764705882353,0.02950750612745098,63.34,43.93,86.0,-166.0,145.0,-8.0,-57.0,-17.0,64.74904917218748,-107.44437193956838,137.64750120649975,-20.891735960926425,-28.68758595083006,-6.000766172464008,211.31519633531565,-10.846156358718993,-0.059186071259974965,-0.08870339268666157
1767170458,830992188,752_1767170458-830992188.png,-6527,6529,-68000,67700,-0.06249042585784314,0.06250957414215687,60.66,47.36,-219.0,86.0,12.0,-59.0,118.0,60.0,40.77201817604343,-95.92498026752193,106.34624896520727,-14.535151623621537,-19.08563969457088,-2.3875052158610597,238.07796436548227,-88.41610622406017,-0.0756011512348969,-0.08870339268666157
1767170458,897689209,753_1767170458-897689209.png,-9730,9729,-68500,68700,-0.09315640318627451,0.09314682904411764,59.43,46.89,-207.0,-56.0,-22.0,-117.0,137.0,51.0,-21.813338813695204,-71.63219286387911,78.0063749592712,-34.030218505329906,17.646286930532654,11.748437726270426,209.00530683994288,-31.201872110366942,-0.09199755995386383,-0.08870339268666157
1767170458,931038330,754_1767170458-931038330.png,-12941,12934,-67950,68100,-0.12389897365196079,0.12383195465686274,58.51,45.81,2.0,-242.0,259.0,-75.0,-23.0,17.0,-48.44468641449986,-73.3033652387972,52.32576594604582,-46.63637596461688,31.02526766462416,17.898516995791514,149.09468293189997,-30.0207362174989,-0.1050985315280747,-0.08870339268666157
1767170458,964386475,755_1767170458-964386475.png,-15258,15339,-68200,67750,-0.14608226102941177,0.14685776654411764,58.93,47.7,-8.0,-156.0,183.0,-29.0,19.0,-3.0,-39.33322279333613,-99.01713065603607,86.48555427525214,-48.10520044474127,24.09894857523777,15.910029315511347,179.91550534963602,-15.799533367157103,-0.118182908279743,-0.08870339268666157
1767170459,31083496,756_1767170459-31083496.png,-18610,18611,-68600,68750,-0.17817478553921567,0.17818435968137256,59.65,51.42,12.0,-78.0,-12.0,-2.0,25.0,-2.0,-30.186734848136357,-98.92501702426677,77.13269645440472,-40.36306526132409,23.963931696574896,12.301419270630996,112.25775754451746,10.564887046813844,-0.1345118890888605,-0.08870339268666157
1767170459,64432617,757_1767170459-64432617.png,-21269,21342,-67950,68300,-0.20363242953431374,0.20433134191176472,61.3,60.79,196.0,-32.0,49.0,8.0,-44.0,-18.0,-3.6696296664938055,-90.99001392550042,69.2128037263682,-31.995414615619826,18.156388282407043,7.932000447721864,138.57556176185602,17.73882246017444,-0.14755137493140416,-0.051753533670341904
1767170459,97780518,758_1767170459-97780518.png,-24004,24061,-68150,67650,-0.22981770833333334,0.23036343443627452,62.26,55.29,122.0,-122.0,-23.0,-17.0,-2.0,-36.0,24.139306570095968,-88.94089990307023,59.203428939923526,-27.346139109394176,11.21589360948075,1.8214551320317498,209.33299034833902,-25.03110694885266,-0.16056755811440962,-0.09110928354789981
1767170459,131129639,759_1767170459-131129639.png,-25566,25575,-68150,68200,-0.24477251838235295,0.24485868566176472,63.4,56.85,33.0,-83.0,96.0,-30.0,1.0,-22.0,30.55539885155917,-89.80181720061086,60.2835612215212,-27.192911656879122,9.03041782625648,-3.6411403225903114,254.87411445379252,-38.93864893913281,-0.17355839133278889,-0.08613395582260885
1767170459,197826904,760_1767170459-197826904.png,-29051,29110,-68000,68200,-0.2781384037990196,0.2787032781862745,64.68,59.43,7.0,-146.0,-25.0,-17.0,21.0,-10.0,27.110614275966824,-98.02034215548933,47.81153737260065,-25.702281628609892,10.78087139778102,-4.571071582643975,103.01560199260706,42.71849250793445,-0.18652181063669715,-0.1091108972471784
1767170459,231175049,761_1767170459-231175049.png,-32133,32186,-68150,67700,-0.30764590992647056,0.3081533394607843,67.63,60.88,-10.0,-186.0,48.0,-33.0,7.0,-9.0,32.23421132804529,-111.9206728085526,64.87161203788045,-29.48509687459924,7.147257674059326,-5.725056430490103,125.7265498042106,26.783259868621705,-0.19945578536580325,-0.0924098233934297
1767170459,264523926,762_1767170459-264523926.png,-34716,34722,-68600,68900,-0.3323759191176471,0.33243336397058826,69.32,61.71,30.0,-154.0,347.0,-71.0,-36.0,-9.0,28.644110662928014,-123.79841385459628,104.82694238062038,-35.82790274927505,0.8259455106406481,-6.457039470254894,135.22937154769892,22.10872435569751,-0.2123582515702623,-0.0924098233934297
1767170459,297872070,763_1767170459-297872070.png,-37517,37510,-67950,68200,-0.3591930912990196,0.3591260723039216,70.43,60.36,76.0,-34.0,281.0,-24.0,-46.0,-19.0,35.569522462567555,-110.66612970571227,130.59081228350723,-34.09816863570422,-6.021966335348132,-8.291344940411241,106.17749458551401,65.61243963241564,-0.22522719523450002,-0.0924098233934297
1767170459,331221191,764_1767170459-331221191.png,-39973,40049,-68200,67800,-0.3827071844362745,0.38343481924019607,71.48,62.99,41.0,-193.0,320.0,-60.0,-25.0,-25.0,40.050243673705104,-101.65765639032719,156.52273998392963,-35.74063721870914,-14.260827122327106,-11.037186879928255,96.72168886661524,70.16388940811144,-0.23806056905342837,-0.0924098233934297
1767170459,397918457,765_1767170459-397918457.png,-43053,43124,-68600,68850,-0.41219554227941174,0.41287530637254904,72.92,61.81,40.0,-117.0,240.0,-34.0,-5.0,-22.0,40.14371045704525,-113.0437787263039,183.55649287288855,-38.07370275867214,-14.28487357442481,-13.801576846980087,181.29260730743403,47.92133665084827,-0.25085634236671617,-0.0924098233934297
1767170459,431266602,766_1767170459-431266602.png,-45845,45846,-67950,68200,-0.43892654718137253,0.43893612132352944,73.66,62.3,89.0,-60.0,52.0,24.0,-5.0,-14.0,47.284724462575355,-105.3916949790165,165.81740017258574,-28.887673601007197,-12.680293970204682,-14.048465242662608,150.53750342130655,42.93930172920215,-0.2636125178035458,-0.0924098233934297
1767170459,464615723,767_1767170459-464615723.png,-48450,48503,-68250,67650,-0.4638671875,0.4643746170343137,74.97,62.94,78.0,-33.0,-72.0,-12.0,32.0,-23.0,63.3612563331932,-84.09644621351082,149.6560274307201,-26.819343287601438,-13.743568203408609,-14.603609806042833,194.84828829765314,50.27902317047107,-0.27632704805882935,-0.0924098233934297
1767170459,497963867,768_1767170459-497963867.png,-51099,51105,-68600,68900,-0.48922909007352944,0.48928653492647056,75.39,64.2,79.0,-78.0,-31.0,-32.0,3.0,-31.0,66.75197709939047,-78.02247488481879,104.98500966007136,-25.883337445661546,-6.965005378462495,-17.43079496947035,-46.42463734745984,132.17646121978748,-0.28899795240650605,-0.0924098233934297
1767170459,531312988,769_1767170459-531312988.png,-54103,54107,-68000,68150,-0.5179898131127451,0.5180281096813726,75.78,63.73,-10.0,-162.0,115.0,-19.0,-10.0,-29.0,55.853115231285095,-90.3029043634555,102.83585938985696,-25.039254067246542,-7.144031515533333,-19.483294201195253,-42.44567897915845,130.67707920074452,-0.3016232334757583,-0.0924098233934297
1767170459,598010010,770_1767170459-598010010.png,-56837,56830,-68200,67850,-0.5441655177696079,0.5440984987745098,76.29,64.92,63.0,7.0,15.0,29.0,-33.0,-31.0,60.488770181210164,-88.08140353723603,90.34847738625679,-21.084590174951643,-9.912092616846287,-21.89864069236651,-45.211896657943775,132.74374461174,-0.31420084396149817,-0.022867372793493778
1767170459,631358154,771_1767170459-631358154.png,-59081,59153,-68700,68800,-0.5656498927696079,0.5663392310049019,76.46,65.66,-225.0,100.0,-219.0,-51.0,130.0,28.0,26.831804938224288,-55.78010394576973,45.70500138973643,-19.395246859977803,4.2941056582131605,-16.92289780638267,-16.116315573453953,105.631209373474,-0.3267288863614489,-0.043078500178053106
1767170459,664707275,772_1767170459-664707275.png,-62570,62570,-68550,68800,-0.5990540747549019,0.5990540747549019,76.7,65.0,-213.0,49.0,74.0,-105.0,106.0,22.0,-14.933991034505896,-36.3170606179302,42.808457843707984,-32.754129217582275,22.50835787434708,-10.036929592362084,-6.707980453968099,101.68257880210864,-0.33920533001527936,-0.043078500178053106
1767170459,731404541,773_1767170459-731404541.png,-67272,67273,-68550,68800,-0.6440716911764706,0.6440812653186274,77.77,62.7,151.0,-149.0,240.0,9.0,-114.0,-39.0,44.420798996200446,-37.355046778457364,53.59236081380846,-19.222911379353178,-7.241158026828829,-21.146328963297425,-34.97461187839513,128.1829810142516,-0.3578189285326566,-0.043078500178053106
1767170459,764752686,774_1767170459-764752686.png,-69944,70005,-68100,68050,-0.6696537990196079,0.6702378216911765,78.3,65.86,148.0,-198.0,256.0,-10.0,-89.0,-21.0,53.79510258676471,-51.89401355167561,71.91100625992605,-18.388203538193494,-14.640637830127954,-21.13308564694869,-8.564074397087149,136.19530367851246,-0.3763053943974961,-0.043078500178053106
1767170459,831449951,775_1767170459-831449951.png,-72953,72950,-68250,67850,-0.6984623927696079,0.6984336703431373,78.96,66.92,-8.0,-94.0,-13.0,11.0,-26.0,-24.0,49.6870827884748,-65.69625885358982,69.12540951362261,-13.651529553377328,-20.19249827795083,-21.545385105343865,-16.011958181858112,139.60143995285023,-0.38549889279655863,-0.043078500178053106
1767170459,864798828,776_1767170459-864798828.png,-76019,76148,-68500,67800,-0.727816712622549,0.7290517769607843,80.36,74.01,-69.0,100.0,-108.0,27.0,89.0,-44.0,23.649065549186286,-43.640016965206755,42.877836854343485,-9.286142854808768,-2.3546191824265827,-23.807592896358905,-10.288991034030966,137.80917406082142,-0.40074489082601705,-0.043078500178053106
1767170459,898146973,777_1767170459-898146973.png,-78744,78822,-67900,68150,-0.75390625,0.7546530330882353,81.08,71.49,13.0,-81.0,-78.0,43.0,80.0,-54.0,14.932891375386491,-38.00478989550365,13.542367818760413,1.164046634857739,16.747886532481957,-29.783218565088546,-86.11902007460598,208.59608244895924,-0.41287069603282495,-0.043078500178053106
1767170459,964844238,778_1767170459-964844238.png,-81751,81825,-67950,68150,-0.7826956954656863,0.7834041819852942,82.29,81.32,92.0,-99.0,-22.0,15.0,-2.0,-56.0,34.91078192304591,-41.74465997431714,14.767928735507482,6.2472341993915,13.507941894450918,-35.447430062161835,-68.76069080829625,183.9333689212798,-0.42793603187183504,-0.043078500178053106
1767170459,998193359,779_1767170459-998193359.png,-85990,85991,-68000,68150,-0.8232804840686274,0.8232900582107843,82.87,83.79,67.0,-154.0,-21.0,-2.0,-23.0,-45.0,45.39457738693334,-63.96894667496288,5.8075005244267395,5.929005653727966,6.595860918523361,-38.92922458424338,-172.220946520567,232.60912108421314,-0.4458747520794725,0.0009136049303243299
1767170460,64890625,780_1767170460-64890625.png,-89604,89597,-68250,67750,-0.8578814338235294,0.8578144148284313,84.14,84.27,136.0,-176.0,15.0,9.0,-10.0,-34.0,59.84416650441624,-93.59109628936045,-11.677265465048594,11.381183704948208,3.470179804299936,-36.59408542832551,-65.23202127218251,191.77603673934925,-0.46070293342341107,0.0732995293585697
1767170460,98238525,781_1767170460-98238525.png,-92272,92274,-68550,68950,-0.8834252450980392,0.8834443933823529,84.65,83.72,155.0,-193.0,-26.0,-4.0,43.0,-41.0,73.75992949229378,-108.12883603798242,-13.771848338267002,9.13181129079141,9.251092950547637,-37.23841442710522,-90.27799007296566,212.84934663772572,-0.4724837926900265,0.06088503555448052
1767170460,131587646,782_1767170460-131587646.png,-93898,93895,-68050,68150,-0.8989928002450981,0.8989640778186274,85.72,84.95,60.0,-148.0,166.0,9.0,8.0,-8.0,69.65490768443962,-124.8317008472706,-14.454679641573424,8.693799934667336,15.180246476089714,-34.86470309462593,-135.33732980489737,224.7002534866332,-0.48419005015660604,0.08969072299683073
1767170460,198284912,783_1767170460-198284912.png,-97734,97790,-68200,67700,-0.9337565104166666,0.934359681372549,86.44,82.88,49.0,-156.0,184.0,10.0,-25.0,-14.0,65.88827797862305,-131.17998485867318,28.511120880956383,8.90848057640887,8.749408396081709,-29.737620968851203,-130.68222385644918,219.01896548271168,-0.49581987489990037,0.10358946067478217
1767170460,231632813,784_1767170460-231632813.png,-100110,100187,-68600,68950,-0.9584673713235294,0.9592045802696079,87.21,83.22,-59.0,-29.0,50.0,27.0,-28.0,16.0,47.624387973441785,-116.23699713880622,31.65369383429655,11.554217439204166,3.3751077526185367,-23.048867692769072,-125.89516133069996,217.71832609176624,-0.5044909276721166,0.12375995718520535
1767170460,264981934,785_1767170460-264981934.png,-102581,102642,-68000,68000,-0.9821250765931373,0.9827090992647058,87.88,84.08,-129.0,-22.0,234.0,5.0,-8.0,44.0,21.79451469476974,-102.45560645891916,61.24518743626386,10.595716703048966,1.7115912068425547,-13.243518749433534,-114.16018238663678,222.9478220939635,-0.5159825343548358,0.13399193912719187
1767170460,298329834,786_1767170460-298329834.png,-105440,105450,-68250,67800,-1.0094975490196079,1.0095932904411764,89.12,84.84,0.0,-211.0,75.0,35.0,32.0,45.0,2.867254000729437,-111.15389593012533,80.4833323032507,7.587000500204832,8.221137000706099,-0.9110393584911072,-132.06127399206167,219.80519533157337,-0.5273926150186848,0.15784560035444367
1767170460,331678955,787_1767170460-331678955.png,-107838,107898,-68600,68950,-1.0324563419117647,1.0330307904411764,90.23,84.64,92.0,-167.0,76.0,47.0,18.0,40.0,10.624263213987332,-126.99757809423218,79.4850433981621,14.116281216883369,11.675712014500904,7.75272360236074,-128.4011024534703,224.36094379425037,-0.538719471898469,0.15784560035444367
1767170460,398375732,788_1767170460-398375732.png,-111513,111591,-67950,68050,-1.0676413143382353,1.0683880974264706,91.47,88.28,130.0,-212.0,124.0,24.0,6.0,28.0,31.979037023444086,-138.18936593185109,78.78328594415942,21.45865946109699,12.14897445811863,13.311587383633999,-102.01939800381665,217.63521814346302,-0.5527581591372536,0.15784560035444367
1767170460,431723877,789_1767170460-431723877.png,-114591,114732,-67950,68100,-1.0971105238970589,1.0984604779411764,92.11,90.07,-56.0,-199.0,50.0,74.0,26.0,30.0,29.055861090787747,-154.5696188402202,79.16065347133348,29.40018933163381,13.550834778833368,17.24209286059151,-100.5820973515511,217.5485279560088,-0.5638910713106526,0.15784560035444367
1767170460,465072754,790_1767170460-465072754.png,-116781,116850,-68550,68950,-1.1180778952205883,1.1187385110294117,92.58,90.14,-70.0,-66.0,157.0,83.0,-10.0,28.0,14.56975094007903,-141.61703591986395,90.54402175925314,37.238723597541025,10.106717661577296,18.815348860756252,-104.81866976618771,215.0319333076476,-0.5749349340351023,0.15784560035444367
1767170460,498420898,791_1767170460-498420898.png,-119438,119646,-68000,68100,-1.1435163909313726,1.1455078125,93.13,89.11,-72.0,-66.0,147.0,88.0,-14.0,38.0,1.909632356202199,-130.55866239665284,98.80024719059746,44.662145424974696,6.581307215671628,21.620947303349066,-147.26550304889685,227.41960287094105,-0.5858880495454074,0.15784560035444367
1767170460,531769775,792_1767170460-531769775.png,-121821,121900,-68250,67700,-1.1663315716911764,1.1670879289215685,94.24,89.64,8.0,-45.0,-62.0,50.0,32.0,20.0,-10.640072042789157,-111.94708697256428,64.63526604155821,51.535586419004744,6.014934501163486,21.482510617769048,-140.72352194786077,225.88253569602955,-0.5967486202078324,0.15784560035444367
1767170460,565117920,793_1767170460-565117920.png,-124900,124906,-68700,68850,-1.1958103553921569,1.195867800245098,94.79,90.99,124.0,-73.0,42.0,87.0,-23.0,22.0,3.5596081973639646,-101.18790704059394,48.902443109181704,54.57931202041733,6.196929251140926,21.369144767149404,-75.90628233551983,211.61447715759266,-0.6048323128016315,0.15784560035444367
1767170460,631814697,794_1767170460-631814697.png,-127426,127483,-67950,68150,-1.2199946384803921,1.2205403645833333,95.79,92.32,65.0,-292.0,-84.0,102.0,38.0,18.0,32.794607426652064,-133.29891706125383,7.896714965701074,70.52977983951489,10.528730978576782,19.495623518596627,-128.38077646493917,240.91031551361073,-0.6181854025072889,0.15784560035444367
1767170460,665163818,795_1767170460-665163818.png,-130501,130490,-68250,67750,-1.2494351256127452,1.2493298100490196,96.26,97.24,-8.0,-295.0,-235.0,111.0,127.0,23.0,34.34878741521015,-152.24810771807796,-7.721979530699828,74.54900331079267,16.56296392513424,19.47355709427341,-89.80815452337269,225.40839052200306,-0.6287582186139307,0.20211808315529542
1767170460,698511719,796_1767170460-698511719.png,-133631,133629,-68200,67750,-1.2794021905637254,1.2793830422794117,96.79,98.51,32.0,-207.0,-90.0,121.0,61.0,30.0,29.709525000359772,-174.7355746153523,-42.809069434870985,85.03959398611289,34.26401671490056,21.370678253758758,-177.68103954195982,253.37450170516956,-0.6392316988119126,0.23620609116909635
1767170460,731860840,797_1767170460-731860840.png,-136158,136168,-68100,68250,-1.3035960477941178,1.3036917892156863,97.24,105.06,45.0,-296.0,-69.0,111.0,92.0,6.0,31.945632007681983,-192.46950579459246,-46.639278984695466,88.83609120427967,42.70743242314289,19.12284217598264,-171.15418928861624,248.12881398200977,-0.6496042452045805,0.2555064435178803
1767170460,798557861,798_1767170460-798557861.png,-139782,139771,-68000,68150,-1.3382927389705883,1.3381874234068627,98.14,111.09,70.0,-307.0,79.0,98.0,25.0,21.0,35.82967419646797,-221.4807174504309,-35.10866257815569,92.39446893677862,45.66704220174463,17.912513626132224,-202.5982337892056,266.91851806640614,-0.6624255016405489,0.24703528911523392
1767170460,831905762,799_1767170460-831905762.png,-141893,141888,-68200,67700,-1.3585037530637254,1.3584558823529411,98.58,115.11,61.0,-190.0,-11.0,114.0,42.0,31.0,40.4186947787646,-219.1495690294067,-28.550564292681653,95.70306658681875,44.58154681382743,19.908500573263073,-194.10794499516493,259.19349098205555,-0.6725650214378349,0.2293876934730333
1767170460,898602783,800_1767170460-898602783.png,-146330,146339,-68250,67800,-1.4009842218137254,1.4010703890931373,99.79,117.96,83.0,-135.0,53.0,168.0,0.0,4.0,38.65529496292586,-212.74430610765975,33.572823606102375,104.27306974355773,39.64727970308335,21.29332838873262,-192.35159775614744,259.0254123210906,-0.6875745973415215,0.2733976428228327
1767170460,931951660,801_1767170460-931951660.png,-148994,148988,-68550,68850,-1.4264897365196079,1.4264322916666667,99.79,117.96,83.0,-135.0,53.0,168.0,0.0,4.0,43.92403880517939,-203.5072431092127,35.881031900917876,111.84468108010039,34.936652794570115,19.23864976624482,-207.36185324192053,273.8028652667998,-0.6974456039219001,0.3034617879512542
1767170460,965299561,802_1767170460-965299561.png,-151526,151529,-68150,68200,-1.4507314644607843,1.4507601868872548,100.56,122.69,124.0,-495.0,181.0,89.0,3.0,-29.0,42.885059547703214,-212.65027784141037,68.61123703902105,109.88039980511068,28.850712185528046,15.15290778149354,-159.8152099549771,250.4579858779906,-0.7072064222121768,0.28748192094839775
1767170460,998648682,803_1767170460-998648682.png,-154114,154248,-68100,67850,-1.4755093443627452,1.4767922794117647,101.14,124.28,149.0,-445.0,-24.0,166.0,28.0,-15.0,61.25416320531025,-264.1895939045196,72.37434043190385,112.7030900772418,25.98028340315672,7.65278006537194,-218.45490759611135,282.4985358715056,-0.7144538822236912,0.30773629415796344
1767170461,65345459,804_1767170461-65345459.png,-157124,157251,-68500,68800,-1.504327512254902,1.5055434283088236,101.91,125.18,235.0,-425.0,60.0,153.0,30.0,-9.0,91.25412847272169,-297.16720258849716,65.52217527340048,121.38479622844086,26.673810151156932,4.032203437515536,-159.81001481413847,258.411416530609,-0.7263916349680258,0.30313688748818063
1767170461,98693604,805_1767170461-98693604.png,-161087,161144,-68600,68850,-1.542269837622549,1.5428155637254901,103.82,128.3,142.0,-68.0,-154.0,268.0,70.0,31.0,104.13719505030649,-245.27878813078132,28.734014159820948,155.76296393534403,37.0460027901277,11.093381410095626,-193.8877359628678,294.520817041397,-0.740480023450654,0.2758580391245415
1767170461,165390381,806_1767170461-165390381.png,-165378,165374,-68550,68850,-1.583352481617647,1.5833141850490196,107.13,132.91,205.0,-277.0,-3.0,303.0,44.0,8.0,115.74765285865271,-239.30954926866085,-19.217520949558995,194.1051157999526,49.21390073267124,14.30552221705304,-185.60713604092604,279.34860134124744,-0.7520196336120218,0.3271821877613351
1767170461,232087402,807_1767170461-232087402.png,-168521,168512,-68100,68250,-1.6134440104166667,1.6133578431372548,108.24,136.16,166.0,-286.0,-159.0,323.0,66.0,6.0,126.40998039327879,-245.37303092918296,-26.406236329039636,211.25579437364811,49.79967123402984,13.260821954410902,-140.40317657589918,267.52950477600086,-0.7633736880244385,0.34654453083320064
1767170461,265436279,808_1767170461-265436279.png,-171115,171119,-68150,67700,-1.6382793351715685,1.6383176317401962,109.29,136.23,116.0,-287.0,-46.0,311.0,63.0,2.0,128.72660380080862,-252.48454634979745,-39.093709062407534,229.4809951880115,52.32784460972402,11.644017018916278,-166.73228022456175,284.7298409938811,-0.7723215098129412,0.3331315865422931
1767170461,332133057,809_1767170461-332133057.png,-176306,176306,-68050,68200,-1.6879787071078431,1.6879787071078431,111.29,140.34,100.0,-184.0,-61.0,319.0,92.0,4.0,92.0180014372745,-218.2384070719524,-59.53621678243021,259.7871351975163,65.76027569787918,9.775471335475867,-187.9449494183064,288.8418216705321,-0.7876857521947991,0.36894818789212436
1767170461,365480957,810_1767170461-365480957.png,-179098,179178,-68100,67650,-1.7147097120098038,1.715475643382353,111.67,142.96,261.0,-390.0,-231.0,360.0,118.0,8.0,107.75640332365467,-231.87508733463184,-75.13591647552143,272.15718550946355,71.95071779983941,9.292870755285,-146.64377456903463,280.731918811798,-0.7984274792935793,0.38718514452032343
1767170461,432177734,811_1767170461-432177734.png,-183194,183205,-68150,67700,-1.7539253982843137,1.7540307138480393,112.1,148.88,310.0,-366.0,-175.0,401.0,75.0,27.0,146.79197353179842,-267.74577267939577,-118.71506513972149,295.900935625609,79.06278179831273,11.862345672520734,-175.12580952048307,294.16316628456104,-0.8110572544471709,0.3766998019696874
1767170461,465526611,812_1767170461-465526611.png,-186057,186056,-68600,68900,-1.7813361672794117,1.7813265931372548,112.16,154.66,160.0,-293.0,-149.0,438.0,67.0,6.0,165.44861410504734,-281.0332111028567,-128.20617023152076,323.7877351082546,77.20420198006639,12.75068388421884,-161.88216167688375,287.02605628967274,-0.8193172483051335,0.41322981462113406
1767170461,532223389,813_1767170461-532223389.png,-188725,188789,-68000,68100,-1.8068799785539216,1.8074927236519607,111.99,156.97,149.0,-327.0,-233.0,450.0,78.0,-9.0,162.89834343624744,-288.07349213377,-144.08400118409014,345.2804039909582,77.04940733618774,9.39042672833912,-144.97236788272863,283.8325617313384,-0.8274479456921726,0.41322981462113406
1767170461,565571289,814_1767170461-565571289.png,-191116,191111,-68250,67750,-1.8297717524509804,1.8297238817401962,111.66,165.33,269.0,-229.0,-208.0,463.0,83.0,-15.0,178.41484359312838,-279.43447668719796,-153.4311936575494,362.4959328441267,77.91963288206409,5.823526150031295,-148.27394482493406,282.89946007728565,-0.8354479484487162,0.41322981462113406
1767170461,598920166,815_1767170461-598920166.png,-194112,194113,-68600,68900,-1.8584558823529411,1.858465456495098,110.74,174.87,169.0,-331.0,-194.0,504.0,113.0,-7.0,185.49022088409566,-283.5721657129267,-177.2679626890156,394.1930946703319,84.03100128030351,1.8742008139812787,-213.87870284914976,303.73161363601673,-0.8433159915732463,0.41322981462113406
1767170461,632268066,816_1767170461-632268066.png,-195481,195560,-68200,67650,-1.8715628829656863,1.8723192401960784,110.18,180.3,138.0,-408.0,-392.0,535.0,127.0,-14.0,178.1069415298488,-303.0291000324209,-209.11541711116163,417.70303933612956,91.08470861303432,-0.6831005425841872,-148.3681716918946,285.5089063644408,-0.8510508766432725,0.41322981462113406
1767170461,665616943,817_1767170461-665616943.png,-199445,199519,-68200,67850,-1.9095147824754901,1.910223268995098,108.86,185.71,-84.0,-167.0,-336.0,524.0,210.0,33.0,166.81608166495153,-300.91618286053966,-212.05673715130553,437.4898088798586,96.47442791260787,0.4621325843941708,-119.0822536349297,277.7638187408446,-0.8605303985434094,0.41322981462113406
1767170461,732313721,818_1767170461-732313721.png,-202510,202514,-68550,68900,-1.9388595281862746,1.938897824754902,108.19,188.32,-99.0,-137.0,-476.0,554.0,232.0,30.0,108.97394787430035,-267.42015927219745,-256.39318284991805,460.39011342733977,124.4624366215836,7.378235220216,-167.07295158505445,300.9304459095,-0.8661163123508234,0.41322981462113406
1767170461,765661621,819_1767170461-765661621.png,-205656,205662,-68100,68150,-1.9689797794117647,1.9690372242647058,107.57,190.68,81.0,-355.0,-313.0,538.0,207.0,6.0,99.35614145878962,-276.7621186991123,-270.5074523995655,474.22757967215244,139.3906591528077,7.777846182688947,-147.06743830442434,287.7542538642882,-0.8752549496314304,0.41322981462113406
1767170461,799010498,820_1767170461-799010498.png,-208450,208447,-68250,67750,-1.9957299325980393,1.9957012101715685,106.66,197.91,231.0,-409.0,-331.0,628.0,113.0,12.0,120.82837667030631,-305.2162783600979,-276.2042421592365,499.68191320242295,141.7007933540404,6.968860621135663,-136.56279858946806,288.1424252986907,-0.882410530585337,0.41322981462113406
1767170461,832358398,821_1767170461-832358398.png,-211253,211252,-68600,68900,-2.0225662530637254,2.0225566789215685,106.34,201.42,128.0,-348.0,-190.0,586.0,144.0,21.0,130.38994150989,-319.4922392629069,-267.8315510517193,522.2201477998344,139.81937215625058,9.409547649632884,-108.09225788712506,283.94332456588734,-0.8894267616352053,0.41322981462113406
1767170461,899055176,822_1767170461-899055176.png,-214868,214949,-68600,69000,-2.0571767769607843,2.0579522824754903,106.99,208.89,76.0,-343.0,-24.0,689.0,102.0,-15.0,115.8906132374699,-322.7139614178972,-222.58482324079134,549.1576579082234,141.76871288815744,9.979806001670807,-123.45747137069706,294.50104308128346,-0.8979993440261157,0.41322981462113406
1767170461,932404053,823_1767170461-932404053.png,-217331,217331,-67950,68050,-2.080757889093137,2.080757889093137,106.99,208.89,76.0,-343.0,-24.0,689.0,102.0,-15.0,113.44593355452355,-323.95718287638687,-210.41463473483375,557.7278378272996,139.3315038175462,8.448928954163696,-99.73178267478947,285.10210728645313,-0.9046980596950194,0.43242446703585125
1767170461,965751709,824_1767170461-965751709.png,-219993,220000,-68200,67800,-2.106244255514706,2.106311274509804,107.51,211.63,-54.0,-234.0,-121.0,656.0,197.0,10.0,86.9990800222313,-311.79804243506845,-187.58484847250958,578.9677887619179,145.81178310442442,7.448860506732159,-80.09992989897732,276.52350425720203,-0.9112538301924129,0.43242446703585125
1767170462,32448486,825_1767170462-32448486.png,-223473,223542,-68600,68900,-2.1395622702205883,2.1402228860294117,109.38,218.29,213.0,-333.0,-286.0,682.0,151.0,5.0,98.23266853668906,-306.61116340504145,-189.02207588036646,600.3630542950317,147.6122645489822,6.455728409657112,-77.20208033919339,273.291751384735,-0.9192461763608225,0.43242446703585125
1767170462,65797363,826_1767170462-65797363.png,-226340,226344,-68550,68750,-2.1670113357843137,2.167049632352941,110.39,218.44,218.0,-326.0,-157.0,737.0,91.0,-19.0,118.7975693039972,-310.14789770288627,-186.9162681689198,622.5145682344651,139.423211573698,2.6943506216806936,-100.95796579122548,279.8440966606139,-0.9254767748891174,0.43242446703585125
1767170462,99145264,827_1767170462-99145264.png,-229065,229062,-68000,68050,-2.1931008731617645,2.193072150735294,111.21,220.93,93.0,-326.0,-395.0,779.0,170.0,-24.0,115.02488562386917,-312.46613811256606,-217.34681338534912,645.3992837533086,143.89481699230478,-1.2094799972151042,-80.97868797183041,274.1216845512389,-0.931561232452594,0.43242446703585125
1767170462,132494141,828_1767170462-132494141.png,-230647,230645,-68550,68900,-2.2082471660539214,2.2082280177696076,112.86,226.55,218.0,-411.0,-502.0,793.0,185.0,-34.0,127.40035431399177,-322.78489073489845,-306.77292318396593,681.714697915813,157.33844621140645,-8.13947396172145,-58.74790105223661,260.83902835845936,-0.9374986169448714,0.43242446703585125
1767170462,199191162,829_1767170462-199191162.png,-234197,234256,-68050,68350,-2.2422353707107843,2.242800245098039,113.43,232.41,243.0,-487.0,-491.0,811.0,149.0,-33.0,146.02780467081175,-347.0597356535064,-339.2044414953987,703.0852779796318,157.8415385508913,-12.48978688663849,-62.826671063900044,259.932291984558,-0.9432879296805401,0.43242446703585125
1767170462,232539307,830_1767170462-232539307.png,-237062,237053,-68200,67800,-2.269665287990196,2.2695791207107843,114.1,239.17,141.0,-449.0,-728.0,849.0,149.0,-8.0,147.86953627225284,-365.68653667202057,-400.0965358392544,727.2919148900947,156.31357456570962,-12.37824499616134,-52.74621459841733,263.0905373096465,-0.9489283717112733,0.43242446703585125
1767170462,265888672,831_1767170462-265888672.png,-240129,240192,-68200,67750,-2.299029181985294,2.2996323529411766,115.81,252.99,110.0,-412.0,-523.0,844.0,169.0,-17.0,140.60236914066905,-379.3632244848188,-430.62585135780154,751.6482701738475,158.4840870875578,-12.34720284701824,-67.83128011226658,253.07244729995716,-0.9544188777726352,0.43242446703585125
1767170462,299236816,832_1767170462-299236816.png,-242655,242663,-67900,68250,-2.3232134650735294,2.3232900582107843,116.28,259.23,122.0,-312.0,-543.0,881.0,184.0,-17.0,136.73953442829202,-373.122061690865,-448.96589830310484,772.0042700653617,162.0836111830591,-13.151283091558401,-53.68185946345334,263.04497122764576,-0.9597587154953259,0.5476871599776127
1767170462,332585938,833_1767170462-332585938.png,-245057,245113,-68250,67650,-2.3462105545343137,2.346746706495098,116.66,262.63,65.0,-329.0,-657.0,887.0,272.0,2.0,125.85651511204608,-365.0452703374999,-481.8881135076337,791.7179845290981,178.74040620167838,-11.037810258315641,-49.87986057996755,262.15127420425404,-0.9649469527729637,0.5370676201646306
1767170462,399283447,834_1767170462-399283447.png,-247919,247987,-68600,69000,-2.373611749387255,2.3742627910539214,116.66,268.5,130.0,-396.0,-529.0,909.0,286.0,5.0,118.44249475664918,-362.4058813088144,-497.2831363006261,815.417814054634,197.97911292024332,-7.578718898496084,-34.88142403960233,254.56007957458485,-0.969982857236249,0.5408264881999394
1767170462,432631592,835_1767170462-432631592.png,-251394,251390,-68600,68850,-2.406881893382353,2.4068435968137254,116.52,273.59,279.0,-482.0,-620.0,942.0,228.0,-13.0,142.8157464720047,-382.4913040719215,-517.6801827072787,841.1603602456184,209.17064621551265,-7.399600786402228,-41.610754907131245,259.13015699386585,-0.9760621882146274,0.55283167148252
1767170462,465980713,836_1767170462-465980713.png,-253998,253996,-68000,68250,-2.4318129595588234,2.4317938112745097,116.49,275.91,316.0,-493.0,-364.0,885.0,182.0,-18.0,168.14252820252182,-398.6522977193151,-495.20571193731314,847.571549280332,205.19716125854364,-8.949822539650347,-36.75128510594373,258.8074688911437,-0.9807523477893932,0.569711384958029
1767170462,499328857,837_1767170462-499328857.png,-256650,256791,-68150,67750,-2.4572035845588234,2.458553538602941,116.3,281.36,236.0,-460.0,-629.0,998.0,176.0,-16.0,186.23550080464312,-422.4726163890245,-494.7846311307099,866.2971142968239,199.33633214317962,-10.259595775859237,-30.41522639989858,258.18430256843556,-0.985287644546771,0.574252350394764
1767170462,566026367,838_1767170462-566026367.png,-259458,259446,-68650,68750,-2.484087775735294,2.4839728860294117,116.29,282.41,266.0,-441.0,-648.0,1034.0,188.0,-17.0,198.40002981726636,-426.7005144619442,-520.2367190687503,893.3348309082361,196.72918870933486,-11.370445867004245,-15.81785473227506,258.99374532699574,-0.9896674126964881,0.5710108896272501
1767170462,599375488,839_1767170462-599375488.png,-262045,262122,-68000,68150,-2.508856081495098,2.5095932904411766,116.32,282.56,211.0,-509.0,-876.0,1084.0,314.0,-47.0,202.03912137296012,-439.116146159818,-575.6594622203739,924.9561882673738,213.64711089883508,-16.730580685558312,-22.468998730182697,256.4391789436339,-0.9938907867111901,0.5723369975238501
1767170462,632723633,840_1767170462-632723633.png,-264092,264098,-68600,68900,-2.528454350490196,2.528511795343137,116.75,305.19,281.0,-490.0,-680.0,1056.0,221.0,-56.0,211.67761652257232,-456.63294061685247,-621.7744409293074,953.722366478471,224.57941287225617,-23.018001311733407,-23.9257162213326,249.44535851478565,-0.9979573671167139,0.5693233556357198
1767170462,666072754,841_1767170462-666072754.png,-267778,267840,-68600,68850,-2.5637446384803924,2.5643382352941178,117.04,315.31,313.0,-393.0,-737.0,1065.0,214.0,-48.0,229.2445770863116,-451.73354194852107,-640.1083054226752,975.1003472185054,223.03697659187347,-28.61653335531329,-20.36814871430402,243.38163065910328,-1.0018663549647322,0.5792921345216804
1767170462,732770264,842_1767170462-732770264.png,-270717,270774,-68000,68250,-2.5918830422794117,2.592428768382353,117.28,325.04,307.0,-370.0,-779.0,1090.0,247.0,-46.0,242.84144742173333,-438.2198531814752,-662.9949483240623,994.292538672974,226.3012179907856,-31.673833085924294,-37.85129123926168,236.58325719833363,-1.0056170844649726,0.6006378457029468
1767170462,766118408,843_1767170462-766118408.png,-273305,273384,-68250,67800,-2.6166609221813726,2.6174172794117645,117.09,338.22,171.0,-523.0,-519.0,1098.0,232.0,-22.0,234.67675192006487,-440.11918191166603,-654.6879477931377,1011.7898325641801,234.795620985604,-30.993863433982252,-15.142226666212133,239.748237133026,-1.009209089564244,0.5996305001818709
1767170462,799467529,844_1767170462-799467529.png,-276034,276035,-68550,68850,-2.642788756127451,2.6427983302696076,116.81,350.04,177.0,-639.0,-467.0,1073.0,246.0,-30.0,221.15723349084928,-472.42623465727934,-618.1820226693418,1028.0883434371249,235.83415857395107,-29.934150871485052,-20.360161185264637,231.71040892601002,-1.0126416378932472,0.6035795671147821
1767170462,832815918,845_1767170462-832815918.png,-278772,278772,-68050,68150,-2.669002757352941,2.669002757352941,116.34,359.8,9.0,-602.0,-598.0,1030.0,344.0,2.0,188.95750673928052,-495.80198664574823,-611.212949978454,1029.5614213609074,251.9226830778393,-25.265792209110636,-15.631933629512838,222.34915828704823,-1.0159143299778184,0.6138458979559928
1767170462,866165039,846_1767170462-866165039.png,-281566,281644,-68150,67700,-2.6957529105392157,2.696499693627451,115.72,366.58,82.0,-465.0,-465.0,1024.0,326.0,2.0,173.31584548866238,-491.29744782797945,-589.8305009691351,1028.748108937579,262.75588528098666,-21.278392928158393,-4.833833396434835,224.92837047576893,-1.0190265666067122,0.6084252778684538
1767170462,932862305,847_1767170462-932862305.png,-285185,285245,-68100,67750,-2.730401731004902,2.7309761795343137,114.17,367.58,281.0,-398.0,-638.0,1179.0,231.0,-19.0,178.91107051318468,-455.3921030019675,-582.1631510289758,1056.7457174286953,262.26254569262517,-16.165941885416412,-16.38639795780187,227.71692872047413,-1.0233930855300062,0.6093399535162535
1767170462,999559814,848_1767170462-999559814.png,-289075,289074,-68550,68850,-2.767645143995098,2.767635569852941,112.58,378.66,101.0,-429.0,-409.0,1096.0,346.0,8.0,151.7965669043313,-441.9945257363862,-551.3254582822043,1069.3851174856604,286.21206846440475,-8.615786708384832,-9.025143146514944,218.2174036502837,-1.0267541279837407,0.6431643354070834
1767170463,32907959,849_1767170463-32907959.png,-292291,292282,-68550,68950,-2.7984355851715685,2.798349417892157,111.55,386.34,327.0,-562.0,-280.0,1148.0,219.0,-30.0,185.0501014726264,-456.7824835074973,-533.7657230432137,1088.9220399527353,274.88009181933177,-12.169642383071942,-10.906498461961798,210.89845919609058,-1.0298617706597541,0.6431643354070834
1767170463,99605469,850_1767170463-99605469.png,-296791,296867,-68500,68900,-2.841519224877451,2.8422468596813726,110.95,388.89,292.0,-620.0,-303.0,1157.0,202.0,-47.0,221.18236568696906,-519.8584769729592,-429.66146392625257,1106.9467165022502,250.69163936570325,-19.557525532389256,-20.109950214624455,216.75599336624134,-1.0332555034158695,0.6431643354070834
1767170463,132954590,851_1767170463-132954590.png,-298023,298027,-68200,67750,-2.853314568014706,2.8533528645833335,110.95,388.89,292.0,-620.0,-303.0,1157.0,202.0,-47.0,225.5223950259207,-525.9956086662256,-421.8990686572348,1110.0142112159378,247.70759244774626,-21.23932619515082,-17.18255329132085,213.04665637016285,-1.0353141269385007,0.6431643354070834
1767170463,166302734,852_1767170463-166302734.png,-301708,301775,-68250,67700,-2.888595281862745,2.889236749387255,111.16,392.65,355.0,-541.0,-346.0,1172.0,197.0,-64.0,247.93569216499546,-533.1083962878304,-404.57838746933766,1121.5375268086182,237.90049896225477,-28.840580801391713,-18.51952278614049,206.0847895145415,-1.0372092323702011,0.6431643354070834
1767170463,199651855,853_1767170463-199651855.png,-304235,304373,-68500,68750,-2.912789139093137,2.9141103707107843,111.54,397.54,305.0,-368.0,-259.0,1219.0,131.0,-60.0,254.7156948793393,-513.4913113276626,-387.28172867088557,1133.1173716863455,225.19929043757693,-32.54273640020807,-18.66063579916959,204.30699586868275,-1.0389404868158343,0.6431643354070834
1767170463,266349121,854_1767170463-266349121.png,-308191,308199,-68050,68150,-2.9506644454656863,2.950741038602941,113.04,406.77,259.0,-699.0,-382.0,1211.0,215.0,-55.0,265.5355613904874,-540.6453702765845,-382.86294128008205,1166.6550027751991,209.65850327477128,-41.34311589667884,-20.65862202644353,201.43160414695728,-1.040507757117346,0.6431643354070834
1767170463,299697266,855_1767170463-299697266.png,-311271,311408,-68000,68200,-2.9801528033088234,2.9814644607843137,113.72,408.15,53.0,-530.0,-641.0,1227.0,333.0,-13.0,251.95516441165938,-553.4463458333294,-398.6094507196188,1174.1206495720514,217.6712345631208,-40.76637101036022,-38.43717324733739,191.39588952064503,-1.0425504682524638,0.6431643354070834
1767170463,333046143,856_1767170463-333046143.png,-313584,313654,-68650,68900,-3.002297794117647,3.0029679840686274,114.82,413.66,72.0,-523.0,-472.0,1222.0,308.0,1.0,224.02400469464288,-549.5885172744888,-423.6999927281919,1181.547399490094,233.00500935585154,-35.84778197884699,-39.08065637946134,186.12312006950367,-1.0434329066796617,0.6980352117932193
1767170463,399743408,857_1767170463-399743408.png,-316802,316791,-68650,68900,-3.0331073835784315,3.033002068014706,115.03,417.29,254.0,-548.0,-598.0,1292.0,295.0,-3.0,215.46153702358973,-547.2793280368188,-448.26112205073025,1197.8967672857852,246.3517440873685,-29.006390896524326,-31.323921471834232,188.0546634197234,-1.0446977084603675,0.6804156211572612
1767170463,433091553,858_1767170463-433091553.png,-320006,319997,-68000,68200,-3.0637829350490198,3.0636967677696076,114.41,427.63,466.0,-599.0,-586.0,1363.0,221.0,-37.0,252.05528976636168,-559.582028703694,-506.36830082716176,1231.8636214658154,248.46511673311895,-30.164346461918832,-49.8615477085114,174.7828972339629,-1.0455239541885646,0.7026246272843015
1767170463,466440674,859_1767170463-466440674.png,-322670,322676,-68150,67750,-3.089288449754902,3.089345894607843,113.78,431.12,416.0,-603.0,-541.0,1363.0,190.0,-39.0,288.5963478944483,-567.8842739270522,-516.8336913134231,1257.902590959778,239.328317649067,-31.759288204134368,-36.7929111719132,175.5497829914092,-1.0461850839291769,0.710534505345388
1767170463,533137695,860_1767170463-533137695.png,-325251,325392,-68650,68900,-3.1139993106617645,3.1153492647058822,113.16,435.2,236.0,-517.0,-465.0,1375.0,216.0,-39.0,285.841684228519,-562.8017120714422,-511.33800034805193,1274.697988562239,235.2036019456166,-32.8181831295776,-40.48152610659604,170.05949997901905,-1.0466810311031767,0.710534505345388
1767170463,566485840,861_1767170463-566485840.png,-329218,329213,-68700,69000,-3.151979932598039,3.151932061887255,112.62,442.38,162.0,-509.0,-623.0,1454.0,274.0,-59.0,259.93666611224,-553.728708788293,-534.6129567128627,1315.3703353525166,244.68381633986783,-39.56062070543648,-69.4969721436501,153.80759739875782,-1.047114926623778,0.710534505345388
1767170463,599834961,862_1767170463-599834961.png,-331536,331680,-68050,68150,-3.174172794117647,3.1755514705882355,112.59,449.63,353.0,-611.0,-700.0,1483.0,270.0,-65.0,268.3075827296044,-559.3064644021124,-556.6874689322449,1339.0893785833882,248.49581513415026,-43.116351278322284,-50.6244541406632,156.05480766296375,-1.0471975511965976,0.710534505345388
1767170463,666531982,863_1767170463-666531982.png,-333314,333378,-68650,68950,-3.191195618872549,3.1918083639705883,112.89,459.35,466.0,-608.0,-941.0,1499.0,289.0,-57.0,303.4438046216829,-568.9752496938768,-637.3910614897602,1374.13658506227,252.28282664476416,-46.2849830721263,-57.036621659994175,152.12208223342884,-1.0471147934657234,0.710534505345388
1767170463,699880127,864_1767170463-699880127.png,-337748,337754,-68650,69050,-3.2336473651960786,3.2337048100490198,112.96,462.53,395.0,-512.0,-944.0,1563.0,236.0,-70.0,327.28587071339814,-565.3180783786216,-698.0333198928015,1406.5340252165004,253.27642842611115,-49.95717396172052,-57.765434980392506,151.60580992698658,-1.0467787691151826,0.710534505345388
1767170463,733229248,865_1767170463-733229248.png,-340960,341036,-67900,68900,-3.2643995098039214,3.265127144607843,112.97,468.35,483.0,-682.0,-815.0,1542.0,174.0,-52.0,349.968330295853,-570.7778624170295,-730.5936999089957,1442.4931410590043,236.1621857128301,-52.559277083230576,-65.68854427337651,148.80392575263966,-1.0463240343590516,0.710534505345388
1767170463,799926270,866_1767170463-799926270.png,-343556,343750,-68150,68050,-3.289253982843137,3.2911113664215685,113.11,479.11,347.0,-641.0,-963.0,1567.0,294.0,-36.0,360.6498947390816,-586.2882332014949,-758.5750549386935,1461.9521639692327,239.6771370577216,-50.561610841861395,-80.47742182016377,137.0335476398467,-1.0457040504572814,0.710534505345388
1767170463,833274414,867_1767170463-833274414.png,-346421,346420,-68650,68950,-3.316683900122549,3.3166743259803924,113.1,485.2,298.0,-559.0,-973.0,1604.0,298.0,-54.0,352.83185406259446,-584.5466856329575,-789.6586661903754,1481.7106461714582,248.09666528910716,-50.57073491900193,-67.04778793454174,139.89289093017567,-1.0449188839888988,0.710534505345388
1767170463,866623535,868_1767170463-866623535.png,-349018,349020,-67950,68250,-3.3415479473039214,3.3415670955882355,112.79,506.06,425.0,-789.0,-761.0,1526.0,254.0,-47.0,347.9997886761734,-597.536187612141,-784.5840563986626,1494.890857985837,247.40826840902747,-50.02456070944583,-72.9386230707169,132.7179524898528,-1.0439687346909856,0.7391315199710864
1767170463,899971436,869_1767170463-899971436.png,-351483,351545,-68200,67700,-3.3651482077205883,3.3657418045343137,112.63,513.36,448.0,-734.0,-733.0,1538.0,234.0,-57.0,362.71624322894627,-627.2536465216332,-778.7923732969457,1501.002446886437,247.32173686645436,-50.11471248344337,-74.07811227440838,132.26300811767567,-1.0428537357215966,0.7414945141877263
1767170463,966668701,870_1767170463-966668701.png,-354954,355020,-68200,67750,-3.398380055147059,3.3990119485294117,112.36,526.84,384.0,-654.0,-645.0,1562.0,281.0,-76.0,372.04647509473483,-638.944564442666,-759.2440779704255,1511.200351487713,250.26074732055662,-53.7393370372285,-91.06122249364857,121.47258734703051,-1.0412284085083212,0.7705842728762482
1767170464,17822,871_1767170464-17822.png,-357889,357954,-68600,68900,-3.426480162377451,3.427102481617647,111.64,540.29,386.0,-507.0,-702.0,1705.0,317.0,-63.0,377.9583635040416,-610.3846634068328,-746.5824534642983,1547.068176500834,262.51751794492554,-58.46931689967226,-92.57748928666119,119.46925592422473,-1.0397430969893569,0.7858702121938141
1767170464,33365723,872_1767170464-33365723.png,-360828,360886,-68000,68150,-3.4546185661764706,3.4551738664215685,111.28,545.72,433.0,-542.0,-946.0,1744.0,301.0,-68.0,384.93231957904857,-596.6765528840463,-767.8683309473549,1578.9951271571772,270.0319773545717,-59.846360667194375,-79.92348992824559,121.12768936157214,-1.0376556447479255,0.7858702121938141
1767170464,66714844,873_1767170464-66714844.png,-363488,363564,-68200,67750,-3.4800857843137254,3.480813419117647,110.84,548.63,505.0,-680.0,-791.0,1664.0,279.0,-69.0,402.49123658774386,-608.861926064056,-771.2511485027869,1591.4263951082935,271.3434773753192,-61.18500561151876,-79.92348992824559,121.12768936157214,-1.0362802552029542,0.7858702121938141
1767170464,133412109,874_1767170464-133412109.png,-366279,366280,-68600,68800,-3.5068072150735294,3.5068167892156863,109.41,553.95,284.0,-786.0,-1114.0,1715.0,374.0,-69.0,398.21931407718955,-645.1289188109322,-816.0704574833946,1613.726090836139,285.24381435112457,-63.45521973300634,-84.54067134857182,119.2848422527312,-1.0337834085229505,0.7858702121938141
1767170464,166760010,875_1767170464-166760010.png,-368070,368126,-68150,67850,-3.5239545036764706,3.524490655637255,108.4,557.23,338.0,-725.0,-934.0,1714.0,364.0,-61.0,387.93159482459276,-658.4825476028965,-838.2538116675968,1628.417759020651,297.03554744362503,-63.31559157322521,-89.06856128573422,118.46665883064257,-1.0316022795901754,0.7858702121938141
1767170464,200109619,876_1767170464-200109619.png,-372568,372570,-68100,68150,-3.567018995098039,3.567038143382353,106.32,566.84,213.0,-633.0,-1282.0,1804.0,488.0,-48.0,357.30477141774867,-643.8437066218959,-877.7498711762406,1656.664134385103,322.46882022515183,-58.37967546488131,-90.78055500984196,116.48353123664843,-1.0286467699914328,0.7858702121938141
1767170464,266807373,877_1767170464-266807373.png,-375704,375716,-68200,67700,-3.597043504901961,3.597158394607843,105.32,571.79,192.0,-757.0,-1088.0,1740.0,521.0,-59.0,329.8714412325912,-656.7025927707484,-924.5611806963407,1674.5221513015533,354.9961850207042,-57.892843069058976,-94.88848274946217,113.50683379173266,-1.0260995895668266,0.7858702121938141
1767170464,300155762,878_1767170464-300155762.png,-378363,378996,-60650,68900,-3.622501148897059,3.628561580882353,103.08,581.03,409.0,-777.0,-775.0,1761.0,323.0,-63.0,334.14771228980356,-686.8734705509274,-915.1499134469882,1691.9221740891235,362.6175264861744,-58.826499705151605,-96.99952822923665,111.70912289619433,-1.0226877473152987,0.7858702121938141
1767170464,333505127,879_1767170464-333505127.png,-378825,381437,-17600,68200,-3.6269244025735294,3.651932061887255,101.94,584.41,376.0,-903.0,-769.0,1718.0,242.0,-32.0,343.16258347909695,-717.4193089617778,-890.2168119346285,1698.7509891463992,346.14708019170536,-55.86453506469087,-96.07674133777623,112.87592983245837,-1.019776579348706,0.7858702121938141
1767170464,400202881,880_1767170464-400202881.png,-378081,385202,19000,68200,-3.6198012408088234,3.687978707107843,99.91,595.68,321.0,-962.0,-781.0,1744.0,301.0,-46.0,342.39062437075717,-765.2107346952076,-868.9643260667682,1705.622555429687,331.34262251046596,-53.20240618248664,-96.88016986846928,112.24817824363696,-1.0159112007635376,0.8246084442848322
1767170464,433551514,881_1767170464-433551514.png,-376669,388002,34450,67750,-3.6062825520833335,3.714786305147059,100.22,602.74,415.0,-837.0,-968.0,1859.0,368.0,-75.0,347.76977058234934,-782.6765907800783,-873.024458964091,1721.6428715081151,332.96901156179575,-54.77372118376118,-95.49001511931424,115.89547085762011,-1.0126383755209118,0.8250823263372473
1767170464,466900879,882_1767170464-466900879.png,-374602,390928,51600,68850,-3.586492800245098,3.742800245098039,101.96,613.5,421.0,-850.0,-812.0,1831.0,307.0,-60.0,360.26571630077956,-793.9657174505971,-866.6240770199531,1741.2856822346391,330.1021938413765,-56.07552902919658,-96.88263756036763,120.18326783180224,-1.0092056274548271,0.8250823263372473
1767170464,500249268,883_1767170464-500249268.png,-373051,393059,43700,57400,-3.571643305759804,3.7632027420343137,112.38,618.34,329.0,-767.0,-954.0,1828.0,342.0,-53.0,362.4466558403293,-799.0088747516482,-877.8204626043478,1752.8138592708597,332.04679943812084,-56.32475037652362,-108.00140786170964,120.0206341743468,-1.0056134891975008,0.8250823263372473
1767170464,566947021,884_1767170464-566947021.png,-371426,393593,33000,11800,-3.556085324754902,3.7683153339460786,122.15,625.4,333.0,-698.0,-825.0,1830.0,308.0,-62.0,356.2806061145082,-784.4549406496072,-877.6200548205617,1767.9807500844115,329.9834926052784,-56.73389482911791,-107.54988518357281,121.50969934463488,-1.0009000935422243,0.8250823263372473
1767170464,600296631,885_1767170464-600296631.png,-369809,392867,33650,-19200,-3.540603936887255,3.761364506740196,151.76,647.57,443.0,-634.0,-1281.0,1860.0,340.0,-82.0,354.04947347714256,-761.6929055292966,-907.8843643909249,1784.1932725063243,331.97241080938466,-60.78987861594589,-84.90692877769474,132.13261461257923,-0.9969514911729911,0.8250823263372473
1767170464,666994385,886_1767170464-666994385.png,-368913,392053,33550,-28900,-3.532025505514706,3.7535711550245097,188.16,665.39,426.0,-450.0,-1144.0,1870.0,342.0,-49.0,387.79104948484064,-714.8773846310595,-962.2653779326561,1801.7934560732294,327.3824662096843,-62.89176201370135,-83.79023325443272,137.2469058036803,-0.9917944794591343,0.8250823263372473
1767170464,700342773,887_1767170464-700342773.png,-367088,389248,23900,-53300,-3.5145526960784315,3.7267156862745097,206.37,669.7,208.0,-643.0,-1067.0,1845.0,421.0,-33.0,386.59316926913533,-682.1486905745779,-986.44582303565,1810.9899374746376,331.97917267169066,-60.36217768236594,-83.64678242802624,137.25851225852955,-0.9874925421922748,0.8250823263372473
1767170464,733692383,888_1767170464-733692383.png,-365554,386717,42550,-68150,-3.499865962009804,3.7024835324754903,223.78,675.46,202.0,-611.0,-977.0,1823.0,418.0,-29.0,355.3616105098273,-673.4220431109384,-994.8513034672942,1815.5191774884047,347.1795891206024,-55.38840282522101,-69.72776627540593,142.15199422836292,-0.9830346768435911,0.8250823263372473
1767170464,767040771,889_1767170464-767040771.png,-363771,383921,38150,-64400,-3.485054764093137,3.6786247702205883,239.79,676.01,330.0,-626.0,-946.0,1856.0,327.0,-45.0,344.06630096139116,-664.4166829642897,-988.0830887340987,1820.7328284599075,348.60650990529547,-52.7290646156887,-64.03473612666134,146.53393244743336,-0.9784215492033559,0.8250823263372473
1767170464,833738770,890_1767170464-833738770.png,-361452,380860,42300,-52950,-3.460592830882353,3.646407781862745,265.15,667.14,278.0,-549.0,-1045.0,1847.0,403.0,-52.0,325.76768364956416,-631.8390890071192,-992.073092519452,1827.0571810889269,359.404211049407,-50.075974403392046,-59.329951643943836,157.78631877899159,-0.9712124387115387,0.8721714667009374
1767170464,900436523,891_1767170464-900436523.png,-359377,378384,40350,-48000,-3.440726485906863,3.622702205882353,290.1,649.87,638.0,-732.0,-993.0,1714.0,329.0,-94.0,350.3324013997495,-653.7793176261341,-977.7903242407517,1809.0866895638355,364.33869298101587,-56.100114247596686,-51.21897307038312,169.91606712341297,-0.9649411603975928,0.8616238495320951
1767170464,933786133,892_1767170464-933786133.png,-357018,375774,43650,-49450,-3.4181410845588234,3.597713694852941,299.08,641.6,601.0,-667.0,-1030.0,1721.0,275.0,-54.0,395.65002201740975,-659.5742752460753,-984.814902267314,1793.4858317043117,351.8156608193104,-57.89730607917624,-44.53022924065595,183.10472536087025,-0.9584317289031665,0.8690129136774714
1767170464,967134521,893_1767170464-967134521.png,-355132,373641,46400,-48650,-3.4000842524509802,3.577292049632353,312.05,627.64,347.0,-646.0,-741.0,1691.0,296.0,-31.0,418.98028386693596,-646.0817983755494,-958.5329776548429,1774.485020791995,333.7370879910899,-54.93027597145311,-55.587631940841725,187.14792704582203,-0.9530538079768879,0.8738163027203859
1767170465,33832520,894_1767170465-33832520.png,-353113,371427,48250,-53350,-3.3807540594362746,3.556094898897059,317.41,622.02,481.0,-486.0,-1043.0,1753.0,276.0,-49.0,422.4618927661337,-627.0575230819028,-956.8213216682784,1767.4238583803185,324.83922810978635,-52.93336944735078,-47.983374416828205,197.34785151481617,-0.9461199351837304,0.8742795893659757
1767170465,67181885,895_1767170465-67181885.png,-351052,369152,48150,-54400,-3.3610217524509802,3.534313725490196,329.02,603.9,431.0,-486.0,-880.0,1686.0,293.0,-42.0,425.2661537768975,-602.6804518439615,-947.8770036711101,1755.132974827301,318.88511339689984,-51.22992540776849,-45.09162914752965,204.06841874122608,-0.9404046583263658,0.8770150613824695
1767170465,100530518,896_1767170465-100530518.png,-349362,367216,49650,-54050,-3.3448414522058822,3.5157781862745097,335.6,598.07,198.0,-517.0,-618.0,1562.0,319.0,2.0,389.5598285277641,-573.931961003472,-901.9104678179456,1730.1213005154655,317.00892468989497,-42.92317010392745,-30.40386202931409,212.56935882568348,-0.9360206956979318,0.8770150613824695
1767170465,133879883,897_1767170465-133879883.png,-347812,365572,48600,-58450,-3.330001531862745,3.5000382965686274,342.12,591.86,387.0,-651.0,-530.0,1567.0,246.0,-24.0,373.97866142597115,-578.5483122213077,-835.0804809539662,1697.3325222357432,308.73090465119816,-37.092191445033926,-17.11573079228406,227.44424867629994,-0.9285294898676479,0.8770150613824695
1767170465,200577637,898_1767170465-200577637.png,-344783,362167,33800,-37400,-3.3010014552696076,3.4674383425245097,355.07,580.56,227.0,-643.0,-828.0,1594.0,408.0,-29.0,346.41553935312885,-591.7487013945913,-812.1242090166229,1670.537424446111,322.1401301347371,-33.820434370550906,-1.0116384029388938,239.1369638442992,-0.92080918560459,0.8770150613824695
1767170465,233925781,899_1767170465-233925781.png,-342821,359845,51550,-58050,-3.282216988357843,3.4452071844362746,361.56,573.06,214.0,-607.0,-993.0,1579.0,438.0,-24.0,324.233986770736,-596.328491504747,-834.4720141087414,1655.528292023953,340.54253574518833,-32.39331679483203,-0.6667459905148063,243.967541694641,-0.9144691977345201,0.8770150613824695
1767170465,267275146,900_1767170465-267275146.png,-340389,357315,65650,-68750,-3.258932674632353,3.4209846047794117,367.44,566.74,410.0,-611.0,-707.0,1545.0,306.0,-29.0,336.77656528295097,-598.4740797193051,-815.8302738101085,1639.3644326076871,335.4909721912561,-31.897071945462297,10.873025536537119,268.0327377319335,-0.9079848665333679,0.8770150613824695
1767170465,300623535,901_1767170465-300623535.png,-338071,354826,62700,-67750,-3.236739813112745,3.3971545649509802,378.55,552.18,402.0,-496.0,-720.0,1531.0,197.0,-32.0,363.63413049726665,-585.5823182838615,-784.6751695472585,1619.7871289340374,312.54927194863046,-30.923031030196146,18.586121261119793,274.8988871574401,-0.9013571241075149,0.8770150613824695
1767170465,367321045,902_1767170465-367321045.png,-335503,352106,62600,-67650,-3.2121534160539214,3.3711128982843137,384.66,544.64,262.0,-434.0,-493.0,1496.0,209.0,-22.0,354.61834087071577,-560.4280620592056,-744.8623714411075,1597.998729708602,291.0311017942075,-29.94874464402138,27.129595309495873,284.7692456245421,-0.8945871023004246,0.8770150613824695
1767170465,400670410,903_1767170465-400670410.png,-333058,349324,61450,-67600,-3.1887446384803924,3.3444776348039214,391.07,535.34,127.0,-479.0,-490.0,1452.0,258.0,-10.0,325.03386050635896,-547.2855928611923,-707.6731178528815,1577.8544607979452,284.8565786804465,-27.36054526224674,29.19459885358805,288.68878841400135,-0.887675733218478,0.8770150613824695
1767170465,434018555,904_1767170465-434018555.png,-330184,346286,61450,-66200,-3.1612285539215685,3.3153913909313726,401.95,524.38,312.0,-656.0,-499.0,1350.0,275.0,-5.0,296.93757283942364,-555.5040313360738,-681.5093521936427,1540.7102458761544,288.66515379495553,-22.92054499336461,18.369029313325832,294.1537091732024,-0.878839564458677,0.8533738495363903
1767170465,467367920,905_1767170465-467367920.png,-327707,343504,63700,-67600,-3.1375134037990198,3.2887561274509802,406.06,524.01,397.0,-629.0,-633.0,1360.0,226.0,15.0,310.0275657131132,-572.25095618282,-661.1905489190135,1504.0301821300554,280.129890485847,-16.985901730571634,23.95094838738436,299.3940951824187,-0.8716143418422648,0.8431244702947578
1767170465,534065430,906_1767170465-534065430.png,-324880,340561,64250,-68900,-3.1104473039215685,3.2605794270833335,410.03,520.64,351.0,-629.0,-601.0,1343.0,191.0,7.0,316.0194493804363,-580.5500400596399,-652.3881730467438,1480.4808340123636,267.0953724161367,-13.478159627207601,26.873669683933205,300.61821794509876,-0.8642515669555499,0.8512915608566362
1767170465,567413818,907_1767170465-567413818.png,-321433,336883,63550,-68700,-3.077445235906863,3.2253657322303924,416.91,517.43,383.0,-568.0,-424.0,1306.0,164.0,-10.0,325.7792567503388,-593.0344772609978,-615.2798736997504,1438.9407335728406,250.32365149424066,-10.554828558283557,18.861203968524883,304.24946212768543,-0.8548562009458595,0.838875648189082
1767170465,634111328,908_1767170465-634111328.png,-318885,334217,63850,-68000,-3.0530503216911766,3.199841069240196,419.79,516.53,364.0,-549.0,-411.0,1299.0,174.0,-8.0,331.3687280916569,-586.5947948332508,-585.4056116480053,1418.4755449531672,239.16194121809127,-10.181205760965671,17.637553483247707,304.10674571990955,-0.8471879614821124,0.842729372814425
1767170465,667460693,909_1767170465-667460693.png,-315976,331212,67450,-68000,-3.025199142156863,3.1710707720588234,424.18,508.7,187.0,-476.0,-496.0,1312.0,252.0,21.0,316.65770036993905,-562.1417514407133,-577.9251537423023,1396.4062659775916,235.51406384833567,-5.7390121767384645,19.455268323421425,294.76799154281605,-0.8374146929137397,0.8435708798083404
1767170465,700809082,910_1767170465-700809082.png,-313476,328622,61500,-68700,-3.001263786764706,3.146273743872549,426.13,503.09,207.0,-484.0,-594.0,1310.0,286.0,14.0,300.0725887159317,-550.4947312449173,-577.5879797899051,1383.8249126486212,241.9646518555135,-2.660343759645201,5.77938476204867,296.42499208450306,-0.8294471807224951,0.840931324768076
1767170465,734158203,911_1767170465-734158203.png,-310946,326090,68300,-68100,-2.977041207107843,3.1220320159313726,429.19,488.09,265.0,-502.0,-782.0,1291.0,252.0,10.0,292.47013317573914,-541.6356956263203,-607.917711693093,1368.28815292041,249.32218467973314,0.324562266336742,3.2778595089911904,298.0814194679259,-0.8233854931863385,0.8140481980774508
1767170465,800855957,912_1767170465-800855957.png,-307606,322685,67950,-68000,-2.9450635723039214,3.089432061887255,429.91,482.02,150.0,-576.0,-424.0,1177.0,250.0,25.0,272.0945406481128,-552.4801080402484,-575.6533886430144,1326.1847281439775,249.69294155484846,4.914599320356201,1.4635864496230568,301.1998302936553,-0.8131204053436554,0.8140481980774508
1767170465,834204102,913_1767170465-834204102.png,-305143,320218,68600,-68650,-2.9214824601715685,3.0658126531862746,430.39,476.32,154.0,-475.0,-665.0,1207.0,243.0,25.0,254.82417920571444,-541.149275445384,-588.7196003689778,1308.754935689864,248.71415355050286,7.851925021858776,19.944650590419716,313.10303783416737,-0.8047638053171503,0.8140481980774508
1767170465,867553467,914_1767170465-867553467.png,-302349,317501,68150,-68200,-2.894732306985294,3.0397997089460786,431.31,459.88,287.0,-485.0,-466.0,1170.0,176.0,38.0,264.7824061686256,-523.1360754179076,-564.9010182068506,1279.1440028193313,233.58933995606404,12.053615724319823,3.423842966556498,306.7955744266509,-0.796280105927621,0.8140481980774508
1767170465,900901855,915_1767170465-900901855.png,-299687,314697,68050,-68000,-2.8692459405637254,3.0129538143382355,432.07,454.16,267.0,-493.0,-491.0,1158.0,214.0,39.0,266.817754025645,-516.5141290614359,-548.2331664313172,1256.0461679217594,226.66907584186606,17.324448054814283,4.18064510822291,312.4972095489501,-0.7876706387556129,0.8140481980774508
1767170465,934250977,916_1767170465-934250977.png,-297091,312171,68650,-68800,-2.8443914675245097,2.98876953125,432.81,448.46,289.0,-344.0,-319.0,1117.0,193.0,43.0,270.0665693470277,-490.66046664518217,-513.1887350524527,1233.106254774043,221.4085717777766,21.655308971522942,0.3207853436469521,314.25852489471424,-0.7811318459101686,0.8140481980774508
1767170466,948730,917_1767170466-948730.png,-294015,309095,68100,-68000,-2.81494140625,2.9593194699754903,434.92,435.86,291.0,-572.0,-233.0,977.0,171.0,30.0,265.0254722985042,-486.0823751123436,-467.0256096298164,1191.8623234564964,212.63475708837242,25.78329479889138,-12.533811390399984,321.13470458984364,-0.7700799271234215,0.8140481980774508
1767170466,34297119,918_1767170466-34297119.png,-291222,306299,68000,-68000,-2.7882008272058822,2.932550168504902,436.34,428.11,184.0,-521.0,-407.0,1031.0,169.0,9.0,257.4700489532395,-497.08304420261084,-441.23006479882883,1155.6143138166158,204.12996465566323,24.12550006367171,-35.140531688928654,334.6006281375884,-0.7611014789823828,0.8140481980774508
1767170466,67646240,919_1767170466-67646240.png,-288758,303834,68650,-68650,-2.7646101409313726,2.9089499080882355,438.02,422.75,194.0,-427.0,-212.0,1008.0,174.0,15.0,246.2356285339622,-487.46955765332626,-406.7973875204183,1130.715338863121,198.79013530981513,22.389014639431682,-69.83556544780735,355.3863558769225,-0.7520027891181271,0.8140481980774508
1767170466,100994629,920_1767170466-100994629.png,-286176,301256,68200,-68100,-2.741756663602941,2.8861251531862746,439.62,415.66,267.0,-395.0,-198.0,980.0,177.0,23.0,249.27224816408753,-473.94664055379513,-376.26247599177293,1108.6744522751833,195.6035061005902,22.47836625513821,-96.12765371799473,365.004238128662,-0.7451008076790232,0.7960566001103815
1767170466,134343994,921_1767170466-134343994.png,-284803,299881,68650,-68750,-2.7267444087009802,2.871103324142157,441.69,403.06,405.0,-522.0,-226.0,898.0,159.0,12.0,265.41615275653106,-478.5671204999191,-372.256555410906,1079.2092252069822,192.11161125720463,21.234290581865277,-108.14849528670315,365.941925048828,-0.7357952567770958,0.7960566001103815
1767170466,167692139,922_1767170466-167692139.png,-280707,295857,68650,-68750,-2.6875287224264706,2.832576976102941,442.23,395.0,314.0,-390.0,-228.0,919.0,149.0,48.0,285.80253895100304,-472.5914439100452,-339.8043614734947,1041.2022097751192,183.52269725624856,23.447614474925423,-118.78411749005322,364.0076591968535,-0.7240001163091346,0.7960566001103815
1767170466,234388916,923_1767170466-234388916.png,-278246,293321,68150,-68050,-2.6639667585784315,2.808296951593137,442.48,392.54,259.0,-425.0,-308.0,925.0,127.0,60.0,282.63222572543594,-463.43674138102574,-332.1820662269342,1020.9610992622569,174.33928441073587,29.445574399514882,-142.46142643690115,371.1020689010619,-0.7168370785041759,0.7960566001103815
1767170466,267737793,924_1767170466-267737793.png,-275182,290320,68000,-67900,-2.634631587009804,2.7795649509803924,442.4,386.42,172.0,-473.0,-191.0,890.0,155.0,56.0,266.4531668547259,-464.8352897983395,-311.535342851388,1001.8091087744634,171.51107211592742,33.32894212759777,-125.75086629390721,368.69308471679676,-0.70718744718941,0.7960566001103815
1767170466,301085693,925_1767170466-301085693.png,-272306,287447,68650,-68800,-2.6070963541666665,2.7520584405637254,440.79,379.42,52.0,-293.0,-427.0,875.0,291.0,76.0,240.73278151492224,-440.660047561789,-326.1703251926852,981.5793795187036,187.84355808756027,37.94511881872693,-166.3272540569306,378.4002363681792,-0.6949685312129902,0.7960566001103815
1767170466,334434570,926_1767170466-334434570.png,-270124,285196,68300,-68050,-2.5862055759803924,2.7305070465686274,439.3,375.95,14.0,-375.0,-338.0,843.0,281.0,70.0,203.60172963772524,-424.8846473052079,-333.02096948524337,959.3586734702393,204.482562411574,43.80875099829139,-178.79098138213163,382.05283069610584,-0.6875546902123731,0.7960566001103815
1767170466,367782471,927_1767170466-367782471.png,-267534,282612,67950,-67950,-2.5614085477941178,2.705767463235294,437.34,373.67,-29.0,-367.0,-322.0,817.0,271.0,77.0,164.54701863710176,-415.0938211902191,-331.5415590063046,935.4476841265745,216.24362195102427,49.35872447953311,-181.13476917147642,379.05994153022755,-0.677574693764383,0.7960566001103815
1767170466,434479248,928_1767170466-434479248.png,-264113,279259,68650,-68800,-2.5286554074754903,2.6736653645833335,429.96,364.87,14.0,-301.0,-597.0,861.0,239.0,66.0,144.99691410720553,-405.5534648641088,-352.96738456072404,919.2068922884193,208.69429506546996,50.684102865780844,-186.32737737894064,379.9580805301665,-0.6649493794056169,0.7960566001103815
1767170466,467828125,929_1767170466-467828125.png,-260362,275512,68600,-68750,-2.492742800245098,2.6377910539215685,421.26,352.23,100.0,-531.0,-558.0,801.0,196.0,61.0,116.72387467016217,-414.75690430840797,-389.46633903631533,891.3663092990481,208.34854681123556,55.40663206736593,-228.41464197635656,390.36706447601307,-0.652159947744675,0.7578065089469495
1767170466,534524902,930_1767170466-534524902.png,-257294,272376,68150,-68100,-2.463369332107843,2.607766544117647,417.15,344.95,248.0,-557.0,-565.0,823.0,84.0,45.0,134.62970985730647,-444.5407004296498,-428.159011106341,874.3858446051798,189.20943691538716,54.31693718147129,-222.48445364832884,388.66177535057057,-0.6392096611538922,0.7384205891488084
1767170466,567872803,931_1767170466-567872803.png,-254220,269368,68150,-68100,-2.433938419117647,2.578967524509804,409.95,338.18,378.0,-494.0,-161.0,770.0,22.0,44.0,188.0233019795927,-435.9436192798678,-393.46639228279605,866.8312905114095,161.7297807332725,49.27513458109157,-233.1450125277043,386.19877099990833,-0.6287357149027195,0.7349066078758256
1767170466,601221924,932_1767170466-601221924.png,-251360,266504,67950,-67950,-2.4065563725490198,2.551547181372549,406.9,333.93,155.0,-486.0,-401.0,728.0,150.0,73.0,203.98963561977456,-447.9693011115708,-370.0230091434937,840.1983553316701,145.7068716125042,51.54167632929581,-226.83304628729826,385.86676907539356,-0.6155039321847153,0.7456980582857302
1767170466,634569824,933_1767170466-634569824.png,-249851,264921,68200,-68050,-2.3921089920343137,2.5363913143382355,404.32,329.33,241.0,-375.0,-274.0,728.0,136.0,61.0,208.10021410102937,-438.3087915578848,-356.8036330256403,820.8086252347373,144.40140956511476,53.49512737002191,-254.50756153464323,391.10815811157215,-0.6074916788871575,0.7283786288832853
1767170466,701266602,934_1767170466-701266602.png,-246235,261315,67950,-67950,-2.357488893995098,2.5018669577205883,402.03,323.55,262.0,-204.0,-256.0,762.0,78.0,54.0,215.9826172928655,-404.0430456806564,-342.06192551312193,812.2083444075245,134.69074608159846,53.56896086608569,-258.77465540170675,389.50732707977284,-0.5967248514951033,0.7189586647469268
1767170466,734615479,935_1767170466-734615479.png,-242744,257895,67950,-68050,-2.3240655637254903,2.4691233915441178,397.64,314.56,331.0,-323.0,-389.0,722.0,161.0,25.0,232.77873802231764,-381.0078678801734,-344.97169566688893,798.4301733297693,135.38388116530317,49.31161126759797,-264.7006876170636,391.86644649505604,-0.5831340746621565,0.7161656967815262
1767170466,767963379,936_1767170466-767963379.png,-239948,255101,68550,-68850,-2.297296262254902,2.442373238357843,395.75,309.92,342.0,-228.0,-533.0,772.0,155.0,37.0,253.89060900258062,-355.59661750075963,-374.77295693792104,790.5659804884128,139.5928703197005,46.239101374739356,-281.6390546858311,393.69697070121754,-0.5721576564923131,0.6940785452667867
1767170466,834660156,937_1767170466-834660156.png,-236132,251276,68600,-68750,-2.2607613357843137,2.405752144607843,390.6,291.96,169.0,-225.0,-159.0,594.0,103.0,90.0,212.20693880046485,-288.4023162507011,-375.7031721079806,766.2482327922332,130.3775097018176,51.910095733582466,-280.20227354764944,394.2165386676787,-0.5583102507988235,0.6940785452667867
1767170466,868009033,938_1767170466-868009033.png,-234084,249229,68000,-68000,-2.241153492647059,2.386153875612745,390.6,291.96,169.0,-225.0,-159.0,594.0,103.0,90.0,207.07337679893047,-280.86927339809426,-349.95593796387766,745.7828397965104,127.1246955149357,56.43568561828081,-291.4808593690396,398.20987558364857,-0.5471329969932746,0.6940785452667867
1767170466,901356934,939_1767170466-901356934.png,-230669,245819,68000,-67900,-2.2084577971813726,2.353506050857843,386.83,279.44,87.0,-321.0,-529.0,634.0,197.0,56.0,197.5081852647651,-281.4247019971473,-355.03161115435137,721.9394337055677,131.2525769708704,57.996527613773246,-296.8090607523919,404.74316334724415,-0.5330401477158205,0.6940785452667867
1767170466,968053711,940_1767170466-968053711.png,-227594,242745,68600,-68750,-2.1790173100490198,2.324075137867647,384.9,273.89,128.0,-416.0,-322.0,591.0,160.0,62.0,178.80440212057593,-304.1631553309076,-363.6432488358463,695.9956814862654,140.536843955958,58.42773444642565,-248.83648085594183,383.8638675212859,-0.5216709798642177,0.6940785452667867
1767170467,1402588,941_1767170467-1402588.png,-225274,240345,68150,-68050,-2.156805300245098,2.3010971966911766,382.81,267.23,165.0,-389.0,-300.0,580.0,124.0,56.0,176.78562112688934,-316.56985053482555,-354.33594381792267,679.032261043365,138.11846567472202,58.072698124290625,-252.21273794770246,384.9495725631713,-0.5102194204663907,0.6940785452667867
1767170467,34750488,942_1767170467-34750488.png,-222476,237626,68050,-68050,-2.130016850490196,2.2750651041666665,377.86,260.23,141.0,-174.0,15.0,538.0,51.0,86.0,172.72662133539882,-296.4654976465349,-333.4405974478172,662.1691147833785,128.30547752073107,61.76547905937328,-249.85700133442884,385.2971930503844,-0.49868733373510227,0.6940785452667867
1767170467,101447266,943_1767170467-101447266.png,-218592,233670,68050,-68050,-2.092830882352941,2.2371897977941178,375.13,259.19,140.0,-216.0,-44.0,521.0,54.0,84.0,164.72233903955998,-272.2754350862378,-255.76719808026218,628.9288329968618,109.59720451385769,67.47539459680128,-233.41977053880697,374.9330587387084,-0.4812420639879429,0.6940785452667867
1767170467,134796143,944_1767170467-134796143.png,-216121,231268,68150,-68100,-2.0691731770833335,2.2141927083333335,369.45,254.03,252.0,-271.0,-219.0,501.0,121.0,82.0,185.38652587051175,-278.6718468735931,-252.4170448469928,597.4939463865534,111.31506125739665,70.0395645900197,-243.40600013732916,375.1467034816741,-0.4665734725723273,0.6940785452667867
1767170467,201493164,945_1767170467-201493164.png,-211556,226702,68500,-68750,-2.025467218137255,2.170477175245098,363.67,248.2,197.0,-361.0,-56.0,458.0,73.0,60.0,191.44042122963177,-284.0383955661296,-231.65896013494145,572.6999443524663,104.87935956249335,70.05672902802601,-274.97141611576086,380.650599002838,-0.45178973272907946,0.6254991474426529
1767170467,234841064,946_1767170467-234841064.png,-208751,223888,68250,-68150,-1.9986117493872548,2.1435355392156863,360.83,245.11,126.0,-408.0,-216.0,447.0,75.0,55.0,182.1611839144899,-306.1935687837446,-220.17809923799751,548.3159995780819,98.84174869747513,67.32861511628815,-233.81031525135046,368.4699828624724,-0.43988230673165796,0.6247286926236135
1767170467,268190186,947_1767170467-268190186.png,-206165,221310,68000,-68050,-1.9738530177696079,2.118853400735294,358.05,243.38,167.0,-302.0,-54.0,413.0,63.0,69.0,179.9439846717398,-305.58029362105407,-195.8759103146112,528.5271405095128,93.60018586708618,67.57304149614151,-201.35607561469084,357.9089686870574,-0.4279054388088128,0.6247286926236135
1767170467,301538330,948_1767170467-301538330.png,-203569,218642,68600,-68700,-1.9489985447303921,2.0933095894607843,352.24,231.44,108.0,-184.0,-266.0,429.0,119.0,92.0,160.40560948572383,-282.9280847567176,-195.45558015021703,504.153714744454,99.54331424051739,73.8307523774127,-194.23236861824995,356.4194736480712,-0.4158609598837932,0.6247286926236135
1767170467,368235352,949_1767170467-368235352.png,-200290,215434,68200,-68000,-1.9176049325980393,2.0625957414215685,349.33,230.3,94.0,-96.0,-111.0,407.0,108.0,93.0,147.95235421019123,-250.41524347017045,-186.79568209731397,486.01356910025186,101.7980523239732,77.58475346943854,-261.47086855769163,363.44094896316517,-0.40375083403790313,0.6247286926236135
1767170467,401584473,950_1767170467-401584473.png,-197221,212364,68000,-68050,-1.8882218903186274,2.033203125,343.58,225.5,200.0,-114.0,-107.0,409.0,-14.0,81.0,152.93324632881166,-227.03462657247076,-169.02921644468617,473.05519424315713,88.68884385350945,76.75282459255152,-264.38729074597364,363.56432127952564,-0.3885237444521843,0.6247286926236135
1767170467,434932617,951_1767170467-434932617.png,-194207,209224,68650,-68050,-1.8593654258578431,2.003140318627451,340.86,224.09,157.0,-181.0,37.0,339.0,-15.0,97.0,157.16474364453637,-211.56844573610968,-134.10623549243937,448.5012819793023,65.59060591418653,80.04198052995025,-169.15983965992933,338.8325421810149,-0.37627283725316985,0.6247286926236135
1767170467,501629639,952_1767170467-501629639.png,-190596,205742,68650,-68900,-1.8247931985294117,1.9698031556372548,335.81,217.2,111.0,-70.0,-229.0,350.0,77.0,89.0,146.4474369263486,-195.8872327006707,-131.6408137478981,424.3571459804254,61.756413919868145,83.50725893272886,-227.69479027390486,349.17031121253956,-0.36087590456893126,0.6247286926236135
1767170467,534978760,953_1767170467-534978760.png,-187871,203020,68250,-67950,-1.7987036611519607,1.9437423406862746,333.72,213.65,109.0,-193.0,-150.0,321.0,82.0,73.0,139.1163668845491,-188.87829960797606,-139.41974301161068,405.3514774579478,65.51445113785411,82.25805056565564,-154.21439355611807,329.0146276950835,-0.3453899224357432,0.6247286926236135
1767170467,601675781,954_1767170467-601675781.png,-184587,199735,68150,-68050,-1.7672621783088236,1.9122912837009804,330.48,205.84,160.0,-316.0,-81.0,274.0,44.0,76.0,134.3399407511977,-203.6868595881925,-137.5665241556174,382.2899451230985,64.3998822678065,81.0154267446211,-157.51876288652426,327.4765574932097,-0.33293957776059546,0.5969843096502699
1767170467,635023926,955_1767170467-635023926.png,-181726,196873,68100,-68000,-1.7398705575980393,1.8848900888480393,328.28,193.18,53.0,-188.0,-62.0,244.0,86.0,83.0,127.4063612854198,-212.19671740433657,-141.44060563040713,349.2239043243396,67.12908889763861,80.04248752672717,-178.42108735442167,329.64424204826344,-0.3204366689434323,0.5734718278046815
1767170467,668373047,956_1767170467-668373047.png,-179054,194194,68650,-68850,-1.714288449754902,1.8592409620098038,328.28,193.18,53.0,-188.0,-62.0,244.0,86.0,83.0,122.84639830281088,-210.71383161663923,-136.57212107165915,342.7753010017821,68.28558485562243,80.22373745167641,-213.73395323753363,333.75020456314076,-0.30788316006555766,0.5498028016315908
1767170467,701721191,957_1767170467-701721191.png,-176603,191752,67950,-67850,-1.6908222273284315,1.8358609068627452,327.41,193.2,-55.0,-219.0,-285.0,235.0,135.0,83.0,96.83781600034548,-211.92561602401182,-158.2784853383968,327.014044023695,78.04202284706847,80.62974316036885,-219.2274250388146,334.18064641952503,-0.2952810152082755,0.5644970839056354
1767170467,735070068,958_1767170467-735070068.png,-174278,189428,68550,-68650,-1.6685623468137254,1.8136106004901962,325.74,189.18,217.0,-210.0,-338.0,261.0,31.0,55.0,95.98740266045873,-211.54325792119704,-223.75435822409952,313.08235180704594,82.01727600815273,76.77611285974285,-106.37929007411007,307.37202835082996,-0.2826322650319169,0.5691602441675114
1767170467,801767334,959_1767170467-801767334.png,-170865,186003,68550,-68800,-1.635885799632353,1.7808191636029411,323.72,184.95,37.0,-147.0,-312.0,236.0,28.0,75.0,120.07357719292784,-195.73950951715833,-241.74817458836,301.246408997177,64.32880861747262,72.4302154525922,-106.37929007411007,307.37202835082996,-0.26993885697302905,0.542043317870253
1767170467,835115234,960_1767170467-835115234.png,-167862,182929,68250,-68100,-1.6071346507352942,1.7513882506127452,322.57,185.13,157.0,-221.0,-112.0,178.0,3.0,70.0,113.07124031778626,-191.85157605740395,-241.63193404074337,286.4162452612053,56.51847545597295,72.56789376739897,-170.12762945890432,311.88980507850636,-0.2540124046402986,0.5527292279111925
1767170467,868464355,961_1767170467-868464355.png,-165342,180352,68050,-67950,-1.5830078125,1.7267156862745099,321.33,185.06,83.0,-195.0,7.0,174.0,-5.0,73.0,113.00172306829282,-194.550257342668,-201.75290211076265,264.41342380575526,44.94112364007914,72.41444250885931,-117.51306134462361,299.70274090766895,-0.2412259191013125,0.5452951366755898
1767170467,901812500,962_1767170467-901812500.png,-162471,177482,68550,-68750,-1.555520450367647,1.6992378982843137,318.81,182.15,69.0,-118.0,62.0,182.0,-10.0,77.0,105.76954390034999,-183.36735958906544,-157.6336500664722,249.95842453479938,35.57926296354972,73.10060383081094,-146.01237013936048,300.2102725505828,-0.2284013503587382,0.5162402815828474
1767170467,968509521,963_1767170467-968509521.png,-159532,174538,68350,-68050,-1.5273820465686274,1.6710516237745099,315.4,171.75,30.0,-127.0,107.0,144.0,15.0,74.0,85.7325143863403,-174.90135645169303,-138.6799535229709,237.0312699206344,36.2735201433632,74.67293233050894,-97.5154706537724,289.6061282157897,-0.21554069578339338,0.5212623339555829
1767170468,1858643,964_1767170468-1858643.png,-156940,172019,67900,-67850,-1.5025658700980393,1.6469343596813726,313.84,171.38,56.0,-113.0,7.0,156.0,36.0,66.0,76.36488086257235,-162.53153120485567,-95.64933390205088,217.6635997843084,34.01375380895954,73.57201818347886,-36.73901158571248,276.3345053195952,-0.20264601932512277,0.4989022992629952
1767170468,35206543,965_1767170468-35206543.png,-153184,168328,68000,-67950,-1.4666053921568627,1.6115962009803921,310.0,164.82,120.0,-79.0,145.0,118.0,-58.0,82.0,80.12827993508236,-135.23727253173908,-79.21235681345568,207.72992238187592,17.577312857049325,73.1347077462377,-74.76400074362759,272.10989904403675,-0.18648289519526837,0.5147806944876162
1767170468,101903809,966_1767170468-101903809.png,-150514,165592,68200,-68800,-1.4410424325980393,1.5854013480392157,307.66,158.51,57.0,-139.0,47.0,96.0,-34.0,66.0,80.56012756573885,-131.19937452918853,-46.335555024080186,187.2988920863872,5.421896941459209,72.99402209945153,-54.61971226334577,264.4146761894225,-0.17027376495758284,0.5282601898839181
1767170468,135252930,967_1767170468-135252930.png,-148677,163684,68000,-67900,-1.4234547334558822,1.5671338848039216,305.22,153.76,68.0,-177.0,-114.0,118.0,6.0,67.0,78.09720824805933,-138.10464097610208,-53.75056279252477,174.73825484748502,4.458814726685804,71.93158131837646,-31.89194518327718,260.88473773002613,-0.16052786036941064,0.5131651825618161
1767170468,168601074,968_1767170468-168601074.png,-145329,160472,68600,-68800,-1.3914005055147058,1.5363817401960784,302.64,153.43,-18.0,-83.0,-22.0,135.0,6.0,75.0,64.04377689601544,-130.04603757591107,-49.10730246552648,168.92685983684552,4.684200477574561,72.38031247391861,-35.551921904087116,261.0227255821227,-0.14751129435699847,0.5131651825618161
1767170468,201950439,969_1767170468-201950439.png,-142392,157543,68200,-68050,-1.36328125,1.5083390778186274,297.18,151.42,40.0,-163.0,-170.0,10.0,56.0,78.0,39.226746513695886,-120.80237194057622,-65.97371344165656,148.90117447415236,14.324555264666685,75.14353384226756,-28.147742241621067,253.57596683502186,-0.1344714256850481,0.5131651825618161
1767170468,235298828,970_1767170468-235298828.png,-139807,154889,67950,-68000,-1.3385320925245099,1.4829293045343137,294.42,146.8,93.0,-176.0,86.0,50.0,-48.0,45.0,47.1503933530752,-132.13511273243734,-51.786733696296444,123.70502899431247,8.430288979832493,70.95600263671977,-45.98454397916799,254.54517745971668,-0.12141032662578277,0.5131651825618161
1767170468,301996826,971_1767170468-301996826.png,-135643,150650,67950,-68000,-1.2986653645833333,1.4423445159313726,286.1,144.21,84.0,-26.0,144.0,79.0,-5.0,74.0,18.092924236420817,-97.2125208726634,-11.133506641766903,109.26360435571365,5.47867822779998,71.43156077886961,-27.004486560821583,245.7440457344054,-0.10505723588642166,0.5131651825618161
1767170468,335346191,972_1767170468-335346191.png,-133251,148328,68550,-68750,-1.2757640165441178,1.4201133578431373,286.1,144.21,84.0,-26.0,144.0,79.0,-5.0,74.0,24.057760139638955,-90.76752242084822,2.9066536822676,106.52463540996193,4.530318808309675,71.66401409748428,-25.52400130033498,236.34367704391468,-0.0886782209383243,0.5131651825618161
1767170468,368694580,973_1767170468-368694580.png,-130658,145803,68250,-68000,-1.2509382659313726,1.3959386488970589,283.46,142.25,79.0,-134.0,165.0,78.0,8.0,71.0,32.09261370387563,-97.08991894946595,26.611480873699897,102.35314059877864,5.037731326632053,71.56690746238105,-29.260801166296055,236.5899918079375,-0.07555905664491683,0.5131651825618161
1767170468,435392578,974_1767170468-435392578.png,-127793,142864,68050,-68000,-1.2235083486519607,1.3678002450980393,278.42,137.38,-79.0,-285.0,-38.0,23.0,9.0,92.0,29.527298193690104,-117.7912899551651,36.29579508822318,91.81307957953182,8.020966737893804,73.4277136013554,-25.6903107464314,229.23479509353626,-0.06242796638325285,0.5131651825618161
1767170468,468741943,975_1767170468-468741943.png,-124576,139719,68550,-68750,-1.1927083333333333,1.3376895680147058,275.13,130.93,140.0,-133.0,120.0,48.0,-52.0,84.0,37.13926597313266,-152.29573578606457,57.13711002173303,69.88539492815134,-5.198821493684853,77.14865098174398,-30.09403681755071,229.480823278427,-0.04928701410317718,0.5131651825618161
1767170468,502090332,976_1767170468-502090332.png,-122053,137063,68200,-67950,-1.1685527726715685,1.3122606464460784,273.34,127.5,114.0,-31.0,-92.0,108.0,-30.0,55.0,48.55120145302661,-146.82821801422898,58.007195230336364,69.15272115745816,-10.074639184427228,77.06000770004835,-7.452054500579885,226.5343599319457,-0.03613827623810222,0.427647705922175
1767170468,535439697,977_1767170468-535439697.png,-119600,134737,68050,-68100,-1.1450674019607843,1.2899911917892157,271.51,124.84,6.0,40.0,47.0,93.0,7.0,69.0,53.24310031605919,-122.459982110803,40.6020300678825,74.94690419115207,-11.250541188715598,74.10565797688753,77.99970006942743,211.1708526611327,-0.02298383338262961,0.41568789613204415
1767170468,602137695,978_1767170468-602137695.png,-116122,131269,68000,-68100,-1.1117685355392157,1.2567880667892157,269.47,121.99,-65.0,-42.0,-60.0,86.0,38.0,73.0,32.30061940482672,-98.14036139542334,26.38416557110199,77.95826106189114,-2.6378638317741228,73.5494590449136,-13.9353954494,217.9511716365813,-0.006535920064448109,0.4057215005997462
1767170468,635486084,979_1767170468-635486084.png,-114337,129416,68200,-68050,-1.0946786917892157,1.239047181372549,265.19,122.55,223.0,-245.0,340.0,72.0,-136.0,39.0,39.41606085420822,-115.90720998135563,50.21874539815362,74.30413441680301,-9.762385213869281,72.04307762990548,-2.0541732907295738,221.2721939086913,0.006623766929717894,0.39898998252375306
1767170468,668835449,980_1767170468-668835449.png,-109836,124989,68200,-68050,-1.0515854779411764,1.1966624540441178,262.85,123.7,160.0,-247.0,191.0,55.0,-84.0,32.0,71.23569452549431,-145.0532390010228,93.19775693521477,71.30302598255261,-30.37319498125784,63.63392249480107,59.69384205341334,198.09969186782826,0.023071661522547984,0.38493355629643633
1767170468,735533447,981_1767170468-735533447.png,-106903,121911,68000,-68000,-1.0241555606617647,1.1692038143382353,258.14,120.48,0.0,-105.0,138.0,35.0,-32.0,62.0,84.27217966057125,-154.53459707081979,101.54475361837326,66.42830115585791,-39.20754634482431,58.641982674100966,-20.313275039196064,214.06630492210377,0.03622607316910157,0.37938454218699974
1767170468,768881836,982_1767170468-768881836.png,-104439,119513,68650,-68700,-0.9999138327205882,1.1442344515931373,255.79,119.72,-19.0,-38.0,125.0,41.0,-4.0,70.0,65.28130093464378,-136.7383114299952,107.23888091651268,60.900650835987165,-34.44961244622159,60.25927112960778,-23.726742327213337,214.62742686271656,0.049374765261095285,0.36000236310245337
1767170468,802231445,983_1767170468-802231445.png,-101717,116865,68250,-68050,-0.9738530177696079,1.1188821231617647,253.42,120.59,-21.0,-36.0,203.0,35.0,23.0,59.0,50.423615566029234,-119.38221571762168,121.71515837627187,56.584038509630105,-25.238886834004262,60.333969960341896,-27.779926270246555,209.1316988468169,0.06251565928452212,0.36639588168829595
1767170468,835579834,984_1767170468-835579834.png,-99312,114461,67900,-68000,-0.9508272058823529,1.0958658854166667,251.42,116.89,78.0,-161.0,68.0,-2.0,52.0,40.0,54.45643642155296,-125.46847654766391,113.85975545076235,48.016601655529726,-13.943330869173344,57.36029303296916,76.87092584371561,185.09301137924183,0.07236496110201666,0.3603956003481367
1767170468,868929199,985_1767170468-868929199.png,-96660,111672,68600,-68650,-0.9254365808823529,1.0691636029411764,247.75,111.33,114.0,-45.0,47.0,22.0,-50.0,53.0,74.92825297459171,-119.37445147754195,124.47043775344424,37.359461737117726,-16.847225674547484,53.474347549042015,71.67266792058939,185.95833706855763,0.08548722132019135,0.37400190005663897
1767170468,935627197,986_1767170468-935627197.png,-92841,107916,68600,-68850,-0.8888729319852942,1.033203125,244.55,108.18,53.0,3.0,197.0,11.0,-57.0,75.0,79.87300563003708,-82.45654994705814,85.5809461300365,37.746914167938804,-24.567933421938278,55.60023710178241,71.95320552587503,169.91807317733753,0.10514464582682509,0.3353114529900856
1767170468,968975586,987_1767170468-968975586.png,-89968,105039,68250,-68000,-0.8613664215686274,1.0056583180147058,243.06,107.2,161.0,-4.0,-12.0,32.0,-52.0,60.0,84.31139535713245,-66.12147797620669,88.78948526276834,34.336516994083524,-30.55525705327138,58.09477656956324,16.12739098072047,186.63523697853077,0.11822926392746719,0.34454978335558967
1767170469,35673584,988_1767170469-35673584.png,-85803,100944,68200,-68050,-0.8214901194852942,0.9664522058823529,238.99,103.62,-246.0,-3.0,-217.0,-97.0,171.0,143.0,24.58485228989069,-21.467274260301796,-8.129860582841992,15.253732325637873,16.18310757751974,75.41386877323626,62.04853963851924,165.29039335250843,0.13455855266458575,0.3346469237219533
1767170469,69022949,989_1767170469-69022949.png,-83552,98502,67950,-67950,-0.7999387254901961,0.9430721507352942,238.99,103.62,-246.0,-3.0,-217.0,-97.0,171.0,143.0,8.002171874118465,-20.335515018727865,-20.93038042362661,8.374308910466755,25.670996601161487,79.55585678619104,19.363509148359245,178.3072474002837,0.14759826321134636,0.31010376182303806
1767170469,102371582,990_1767170469-102371582.png,-81091,96175,68200,-68000,-0.7763767616421569,0.9207931219362745,237.59,104.33,60.0,-97.0,-174.0,62.0,-26.0,59.0,0.4632898817969662,-28.508108290158358,-49.70547621220572,9.055212628316031,27.380016363951185,80.53973020036176,88.12308138608927,152.03309941291798,0.1606146794209472,0.28947539109359033
1767170469,135720947,991_1767170469-135720947.png,-79455,94600,68000,-68000,-0.7607134650735294,0.9057138480392157,236.29,104.0,39.0,4.0,-89.0,104.0,-69.0,24.0,7.681138972385591,-25.57421456137546,-58.75506879334487,24.34710365661747,11.866668745279933,71.69884487331228,98.3506252765655,135.46338057517994,0.17360571237640826,0.2852210260632289
1767170469,202418213,992_1767170469-202418213.png,-74736,89884,68000,-68000,-0.7155330882352942,0.860562193627451,233.99,100.59,126.0,-64.0,-47.0,69.0,9.0,38.0,24.15013079244263,-33.36937079587109,-60.31280101462467,41.945995969943596,3.8479244848069234,60.3157969041411,112.2764600515365,131.30783987045277,0.18980572128736026,0.29973542211041776
1767170469,235766113,993_1767170469-235766113.png,-72085,87235,68550,-68800,-0.690152037377451,0.8352002910539216,233.03,98.45,70.0,97.0,-203.0,106.0,-25.0,52.0,30.85529945608704,-14.303915760386957,-81.1796377553985,51.31337057812446,-0.3708487114931629,59.099679567743394,108.7627265453338,131.6114704608916,0.20273220587590046,0.29973542211041776
1767170469,269115234,994_1767170469-269115234.png,-69351,84425,68200,-68000,-0.6639763327205882,0.8082969515931373,231.48,92.38,-81.0,-40.0,-106.0,9.0,48.0,62.0,17.75920618465524,-7.834509368727248,-72.00847577068474,46.55133719094762,2.462531256186147,60.59273145603873,43.383892208337734,149.40058350563038,0.21562666595233249,0.29973542211041776
1767170469,302463135,995_1767170469-302463135.png,-66755,81837,68100,-67950,-0.6391218596813726,0.7841988357843137,230.84,89.65,-5.0,-178.0,-264.0,21.0,69.0,61.0,5.027462079624788,-26.710933370094885,-93.0575588987391,40.181036569524885,13.40521339234375,60.78166066193513,85.317055940628,140.93202686309803,0.22848707085632514,0.29973542211041776
1767170469,335812012,996_1767170469-335812012.png,-64166,79307,68600,-68850,-0.6143344056372549,0.7592964920343137,230.25,87.75,165.0,-157.0,-12.0,-8.0,-40.0,64.0,23.492823790368902,-50.361103661549556,-92.6582686643103,33.4206487196241,10.062254011854602,61.17583341770554,147.3280752897262,118.06831383705126,0.24131140657230404,0.29973542211041776
1767170469,402509033,997_1767170469-402509033.png,-61707,76856,68150,-67950,-0.5907915900735294,0.7358302696078431,229.98,85.61,163.0,-141.0,-333.0,58.0,44.0,56.0,47.655118865168156,-66.4501981235689,-125.66281343282161,35.91443667938472,13.694982652852731,60.49396145794442,168.26696056127543,117.35888719558703,0.25090476196428513,0.29973542211041776
1767170469,435856934,998_1767170469-435856934.png,-58494,73642,67950,-68000,-0.5600298713235294,0.7050589767156863,229.22,87.84,17.0,-175.0,-65.0,-7.0,19.0,73.0,40.058040491978,-78.66928251226273,-156.72310968468707,32.4725125708982,21.8869001492729,62.01625482718681,114.6945383548736,135.4961938858031,0.26684373115413895,0.29973542211041776
1767170469,469206055,999_1767170469-469206055.png,-55908,70986,68700,-68800,-0.5352711397058824,0.6796300551470589,228.17,89.63,16.0,-216.0,-133.0,-34.0,1.0,69.0,35.36072938048145,-102.6684473982925,-146.5895073502228,21.426729904071056,19.175024926135347,63.721978195401654,110.78272718191141,136.2291200160979,0.27954769198884627,0.29973542211041776
1767170469,502553955,1000_1767170469-502553955.png,-53515,68664,68200,-68000,-0.5123602175245098,0.6573988970588235,226.98,92.48,-78.0,-103.0,-199.0,0.0,43.0,70.0,18.268143584703125,-105.72868620403763,-153.89297650225262,16.820297077412736,22.17623699641833,64.78034942029429,51.5090275406837,123.43250203132617,0.29220749428372866,0.19680256244172772
1767170469,569250977,1001_1767170469-569250977.png,-49490,64497,68050,-67950,-0.47382429534313725,0.6175034466911765,222.97,94.09,144.0,-144.0,-180.0,34.0,-17.0,48.0,8.780686299615553,-103.28261837588546,-172.26516339396366,13.465723278993353,28.282324032439114,65.78807199455542,92.65843933820719,133.5328402519225,0.3079671162189225,0.15163185202166118
1767170469,602599854,1002_1767170469-602599854.png,-46754,61896,68600,-68800,-0.4476294424019608,0.5926011029411765,222.97,94.09,144.0,-144.0,-180.0,34.0,-17.0,48.0,24.846548634634395,-108.12038769976267,-173.18416539667896,15.905469894479518,22.90217851767295,63.674611217028044,67.12782883644098,102.07418918609606,0.3205203254911745,0.15183750539790447
1767170469,635947998,1003_1767170469-635947998.png,-45324,60471,68150,-68100,-0.4339384191176471,0.5789579503676471,220.51,91.12,69.0,81.0,203.0,-21.0,-27.0,85.0,30.493337583711273,-96.6907287846363,-180.86019068289414,16.612084649155577,19.804159451288125,63.95943569642499,89.2669215202331,103.18668937683093,0.3330228681236877,0.16317503279683637
1767170469,702644775,1004_1767170469-702644775.png,-41296,56443,68050,-67950,-0.39537377450980393,0.5403933057598039,219.52,87.78,42.0,119.0,238.0,6.0,-34.0,87.0,35.69577555943782,-57.968597715372,-101.47172891204706,11.587277651565929,9.87701024622385,68.31834266089018,100.27958106994623,100.11398792266833,0.34547284661418554,0.18567483820027522
1767170469,735993896,1005_1767170469-735993896.png,-38367,53377,68050,-67950,-0.3673311121323529,0.5110389859068627,218.0,82.95,-33.0,15.0,118.0,37.0,-22.0,71.0,23.86021442297106,-25.618818861386142,-58.37797709713521,18.671262624602868,2.7106118071468766,68.73698917379782,82.24945515394205,78.16088008880602,0.36095836269418285,0.1619297817463705
1767170469,769341797,1006_1767170469-769341797.png,-35222,50372,68650,-68700,-0.3372204350490196,0.48226868872549017,217.45,82.81,62.0,13.0,-6.0,47.0,-3.0,64.0,21.1676743032041,-17.7343894214498,-34.57811486537142,23.21572807573429,-0.4764563886654892,68.55281567305018,135.06689351797098,58.05878686904895,0.3732828397183107,0.10840538964103923
1767170469,836038574,1007_1767170469-836038574.png,-30986,46136,68600,-68850,-0.29666436887254904,0.4417126225490196,216.88,81.99,21.0,-140.0,-50.0,15.0,8.0,76.0,35.80630049183424,-42.5154177322051,-51.09155411027224,24.29831755019159,0.4602058071656147,69.11979668217418,100.30023175477976,57.80931973457324,0.38860530376056795,0.1458162239885444
1767170469,869387695,1008_1767170469-869387695.png,-28872,44018,68250,-68050,-0.2764246323529412,0.4214345894607843,216.88,81.95,-35.0,-167.0,-112.0,15.0,15.0,83.0,31.466965741412622,-50.14440371190132,-54.82430294770022,23.72847401669622,1.351271062187954,69.97043918406432,111.52706098556513,55.288569688796876,0.4007944256222925,0.07604601400291187
1767170469,902735596,1009_1767170469-902735596.png,-26081,41224,67950,-68000,-0.24970320159313725,0.39468443627450983,216.26,81.52,-50.0,-148.0,-149.0,-6.0,11.0,85.0,14.41729864615116,-73.48421767916118,-73.01459764125627,18.706493338809924,3.8169328347199754,73.17516157858242,105.30795788764948,56.58032512664783,0.4159415870857953,0.09036531885222612
1767170469,969432617,1010_1767170469-969432617.png,-23138,38152,68550,-68800,-0.2215265012254902,0.36527267156862747,214.6,77.51,-27.0,-72.0,-216.0,32.0,37.0,77.0,2.5839416134353224,-83.99614496282227,-89.93189940451306,15.05285948580934,6.434339705211938,74.82798545485919,160.4303503632545,42.35296082496631,0.4279855999576242,0.09036531885222612
1767170470,2781494,1011_1767170470-2781494.png,-19512,34663,68200,-68100,-0.18681066176470587,0.3318684895833333,213.87,77.99,-48.0,-52.0,-157.0,57.0,9.0,68.0,-7.814478933755171,-78.10010667070571,-112.52814256189744,22.90636807290154,9.910062506092034,74.04977294661724,151.248848080635,44.465478897094606,0.4429453747489263,0.09036531885222612
1767170470,36129395,1012_1767170470-36129395.png,-16857,32008,68050,-68000,-0.16139131433823528,0.30644914215686275,213.2,77.43,-12.0,-98.0,-447.0,99.0,37.0,59.0,-8.426577183531258,-81.01030343827811,-161.44191824165983,34.034439867190834,13.871744472118177,71.84886664741262,141.57991170883173,24.45093560218799,0.45483465796142153,0.09036531885222612
1767170470,69478516,1013_1767170470-69478516.png,-14602,29544,68550,-68700,-0.1398016237745098,0.2828584558823529,210.81,75.14,8.0,-107.0,-226.0,35.0,12.0,70.0,1.6991232818870023,-88.77923235922289,-156.27722298946378,34.63800376415518,8.283463927011516,70.10895363336031,138.56763917207712,24.4910566806792,0.46665210240351185,0.09036531885222612
1767170470,136175293,1014_1767170470-136175293.png,-12212,27284,68300,-68000,-0.11691942401960784,0.26122089460784315,209.26,71.47,-21.0,32.0,-308.0,35.0,20.0,85.0,-1.1335799859279505,-72.52414435145185,-183.8527993043182,34.71891358732405,10.284081981524299,72.27822880590696,234.23680710792536,-47.062307596206786,0.47839587715194787,0.09036531885222612
1767170470,169523193,1015_1767170470-169523193.png,-8873,24012,67950,-68050,-0.08495136335784313,0.22989430147058823,207.35,71.8,-29.0,-59.0,-120.0,0.0,18.0,93.0,-5.2088161747263095,-70.54634876609362,-174.51484924293135,29.64155621542708,11.412471933402394,75.30861849441102,220.56345617771143,-43.899333715438964,0.49006408470445295,0.09036531885222612
1767170470,202872070,1016_1767170470-202872070.png,-6689,21768,68550,-68650,-0.0640414368872549,0.20840992647058823,203.13,78.49,83.0,-171.0,-302.0,-2.0,-36.0,68.0,-11.643413971952565,-91.02357544116686,-176.42643895433963,22.048025397170754,10.586682682626705,77.16274397973673,184.8660849332809,-74.55771255493175,0.49876456540671454,0.09036531885222612
1767170470,236219971,1017_1767170470-236219971.png,-4088,19162,68250,-68000,-0.0391390931372549,0.18345971200980393,200.79,78.44,188.0,42.0,-145.0,34.0,-48.0,70.0,11.147413567468487,-91.7912067373386,-188.50594578405807,20.098374233014493,1.8003189581117778,75.70183955817267,193.76847827434534,-97.39004516601574,0.5102961527952986,0.09036531885222612
1767170470,269568848,1018_1767170470-269568848.png,-1150,16301,68000,-68050,-0.011010263480392158,0.1560680912990196,198.54,81.57,22.0,118.0,-143.0,32.0,4.0,79.0,26.39961353370749,-50.773138784210815,-178.48944283927332,22.913044661924346,-1.725981423373965,75.7435971451957,173.19494128227228,-96.39461255073559,0.5217471462713941,0.021671528017026202
1767170470,336265625,1019_1767170470-336265625.png,1852,13299,68500,-68750,0.017731311274509803,0.12732651654411764,193.72,80.29,-14.0,-42.0,-2.0,5.0,4.0,87.0,18.764231319809394,-51.404739724070296,-147.86464336919752,19.47498047528905,1.1311665516475067,78.15579053043992,184.45047366619104,-104.86832761764538,0.5331157482012651,-0.025438615110935377
1767170470,369613281,1020_1767170470-369613281.png,5463,9676,68550,-68750,0.05230353860294118,0.09263939950980392,192.31,82.0,24.0,-126.0,137.0,5.0,17.0,102.0,14.076189756890864,-68.3589041007695,-91.00356479068111,14.774004723786819,9.829135287205476,84.06151748971891,195.8626395463943,-64.27998185157787,0.5500102429454826,-0.01579155118210153
1767170470,436310059,1021_1767170470-436310059.png,9629,5451,68700,-68650,0.09218941482843138,0.05218864889705882,191.66,77.46,10.0,-152.0,151.0,-44.0,37.0,82.0,7.995113035549903,-64.63317867333444,-63.133079892603774,10.436141494851187,17.203336138193613,85.89932831057804,203.03349244594568,-94.42796325683605,0.5639399403166556,-0.032234562415223184
1767170470,469658936,1022_1767170470-469658936.png,11744,3335,67950,-68150,0.11243872549019608,0.031929764093137254,191.66,77.46,10.0,-152.0,151.0,-44.0,37.0,82.0,8.233320412045687,-75.01352513177387,-37.69120706553896,3.9684000800136463,19.55544448420365,85.43603597368897,275.495057106018,-240.95587348938,0.574983736462078,-0.07971314359658262
1767170470,503006836,1023_1767170470-503006836.png,14751,329,67950,-68050,0.14122817095588236,0.0031498927696078432,192.64,71.48,147.0,-149.0,231.0,18.0,-103.0,69.0,30.158935563086686,-100.13781749293122,21.701501445102807,-2.0313140089892707,4.28078416024742,82.17243022138439,235.33960562944407,-104.67689275741589,0.5886604668192071,-0.005036732306829692
1767170470,536355469,1024_1767170470-536355469.png,17212,-2059,68150,-68050,0.16479013480392157,-0.019713158700980393,193.69,72.43,247.0,-116.0,254.0,-6.0,-156.0,62.0,59.40137508806049,-105.59538722616077,59.95332674928695,-0.7416613074572643,-19.05580582523753,79.26249049960833,278.9952832460403,-124.5901303291322,0.5967970897396717,-0.08883469731359446
1767170470,603052246,1025_1767170470-603052246.png,21022,-5941,68150,-68050,0.20126761642156862,-0.056879978553921566,196.31,73.78,22.0,-114.0,-206.0,-39.0,33.0,73.0,65.61708346649579,-109.4454140341129,33.1834528091747,-10.07331568031034,-20.079652283318577,76.91550053465737,241.2162190675735,-148.7771224975587,0.6102398613950375,-0.07112946624463519
1767170470,636400146,1026_1767170470-636400146.png,22813,-7669,68700,-68500,0.2184149050245098,-0.0734240962009804,197.98,72.32,-51.0,-149.0,-24.0,-16.0,36.0,87.0,53.828018822689145,-113.1541901388819,21.236938826951132,-11.42860683416922,-13.501568745977046,77.71733888040924,288.956835925579,-299.77910614013683,0.6208858478526292,-0.0570949685560939
1767170470,703096680,1027_1767170470-703096680.png,27730,-12585,68000,-67950,0.26549096200980393,-0.12049057904411764,202.06,70.88,52.0,-223.0,6.0,-41.0,-17.0,85.0,44.57381633681955,-144.99789882261982,6.102184279878315,-17.8566316101464,-7.139649023402248,78.85577527644392,300.1643132567405,-218.93541955947887,0.6366704036335289,-0.08295363453923353
1767170470,736445557,1028_1767170470-736445557.png,30246,-15164,68700,-68700,0.28957950367647056,-0.14518229166666666,204.45,69.79,145.0,-49.0,114.0,-1.0,-85.0,94.0,59.64887934604557,-135.04023340229887,21.87601152636846,-16.602399304044347,-19.042004447941142,81.39197382560256,315.3680227994918,-201.97896218299877,0.6470681834775253,-0.04815320403687116
1767170470,769793457,1029_1767170470-769793457.png,33182,-18039,68150,-67950,0.3176891850490196,-0.17270795036764705,206.97,68.63,134.0,-16.0,89.0,13.0,-65.0,86.0,70.52212310730731,-117.63157212327286,31.692346269980703,-12.27329033137468,-25.762985705806567,82.06585999452385,130.6181645393371,-692.335917711258,0.6573636979356626,-0.07208845899116777
1767170470,836489990,1030_1767170470-836489990.png,36798,-21656,68200,-68050,0.3523092830882353,-0.2073376225490196,212.37,65.66,109.0,-199.0,-251.0,50.0,32.0,64.0,92.44003373701044,-133.69725996463623,-4.241915233313175,-0.6351057341377824,-21.215723387863264,78.91623203211397,262.4770731925964,-333.13849329948437,0.6700869500435161,-0.08287309321814611
1767170470,869838867,1031_1767170470-869838867.png,39456,-24449,67850,-68050,0.37775735294117646,-0.23407820159313725,214.26,63.85,96.0,-93.0,-18.0,42.0,-11.0,87.0,92.96064970915577,-127.74561829308072,-6.253922692521947,5.599930044166822,-19.721757330366426,80.09841703284037,108.67882502079004,-708.6658414602281,0.6826448864267031,-0.07734800623037832
1767170470,903186768,1032_1767170470-903186768.png,42465,-27385,68650,-68700,0.40656594669117646,-0.2621878829656863,218.49,58.48,-58.0,-62.0,-204.0,61.0,15.0,86.0,73.58410724203772,-118.10505016335578,-23.717886886954634,16.519336119619396,-17.015336177752992,81.28447416996295,264.06561738252634,-334.00195622444164,0.6925700883352649,-0.07734800623037832
1767170470,969883301,1033_1767170470-969883301.png,45339,-30265,68250,-68000,0.43408203125,-0.2891103707107843,220.9,60.8,94.0,-61.0,-99.0,46.0,6.0,97.0,69.68499270603414,-106.81836274790406,-44.16004024282382,23.157969158374815,-11.974418038782511,83.82946814573148,262.4929183721542,-311.1934096813203,0.702385967481079,-0.07734800623037832
1767170471,3232178,1034_1767170471-3232178.png,47858,-32782,67950,-67950,0.45819929534313725,-0.3138595281862745,225.67,63.97,41.0,-8.0,-420.0,76.0,50.0,102.0,64.30268249802559,-86.62374094952867,-72.41373915925725,31.298116820767547,-6.081667477260091,87.25301594893934,275.7841666936874,-235.61719083786022,0.7120908593884638,-0.07734800623037832
1767170471,36580078,1035_1767170471-36580078.png,51068,-35920,68500,-68750,0.4889322916666667,-0.34390318627450983,228.14,63.75,20.0,-109.0,-236.0,18.0,64.0,100.0,56.59921630091481,-81.05068930470482,-128.24112698390977,34.39826477109654,8.116540092394565,90.31148942705428,154.87687468528742,-507.8633542060853,0.7240636992801603,-0.07734800623037832
1767170471,103276611,1036_1767170471-103276611.png,54351,-39207,68500,-68750,0.5203642003676471,-0.37537339154411764,230.62,66.27,61.0,-62.0,-124.0,36.0,-18.0,96.0,56.2701817786065,-79.00742621686835,-130.48455648541454,34.196726500530964,5.782295691913825,91.40085686549546,170.019151687622,-366.4761004447938,0.7335134603551157,-0.07734800623037832
1767170471,136625488,1037_1767170471-136625488.png,56193,-41044,68100,-67950,0.5379997702205882,-0.3929610906862745,235.97,71.74,40.0,-106.0,-44.0,47.0,-65.0,100.0,52.04152749353136,-83.38880947579406,-112.98817944024587,37.2594825466241,-2.057671088564025,91.75341253475507,132.1522896289825,-440.21262454986584,0.7428473739226528,-0.07734800623037832
1767170471,169973633,1038_1767170471-169973633.png,59808,-44663,67900,-67950,0.5726102941176471,-0.4276099111519608,238.83,72.04,23.0,-189.0,-89.0,27.0,6.0,105.0,46.5729743517376,-101.12721433917731,-102.48208919036966,36.74717456437453,-7.2640392992789895,94.52713408928325,128.667908668518,-444.43493819236767,0.752064041823199,-0.07734800623037832
1767170471,203322998,1039_1767170471-203322998.png,62479,-47400,68250,-68800,0.5981828278186274,-0.4538143382352941,241.44,74.0,130.0,-45.0,-386.0,61.0,4.0,62.0,58.77349504560217,-92.91906794161524,-143.94426659674096,40.293952078169255,-5.6167656070972125,89.77030655666134,159.03870201110834,-306.06235361099255,0.7611618661601004,-0.07734800623037832
1767170471,236671143,1040_1767170471-236671143.png,65335,-50192,68100,-68050,0.6255265778186274,-0.4805453431372549,246.71,74.64,96.0,115.0,-250.0,85.0,-49.0,18.0,62.23136458945169,-70.16436792486513,-212.99739769641707,55.387765495737995,-0.9287828967612934,79.06748901290804,96.14320993423456,-441.7786362171174,0.7701395819318393,-0.07734800623037832
1767170471,303368896,1041_1767170471-303368896.png,68479,-53478,67900,-68000,0.6556276807598039,-0.5120059742647058,249.43,74.36,-129.0,-14.0,-242.0,57.0,12.0,41.0,37.69075932999421,-43.16810615827304,-220.99225699698417,58.62734407040795,-3.91429667713679,67.30587289017187,163.04519462585444,-63.899691343307616,0.7811904354541503,-0.12717835187095708
1767170471,336718262,1042_1767170471-336718262.png,71204,-56122,68600,-68550,0.6817172181372549,-0.537320006127451,255.13,69.17,-38.0,84.0,-134.0,66.0,-39.0,41.0,30.419426888360718,-30.54288236511565,-240.38917812267704,56.21752612126664,-3.8850247678864953,64.31837107426995,160.8068681955337,-78.97131776809704,0.789892514053066,-0.1134291498867376
1767170471,370066650,1043_1767170471-370066650.png,74079,-58934,68200,-68100,0.7092428768382353,-0.564242493872549,257.65,67.66,8.0,63.0,-201.0,111.0,-67.0,31.0,20.99696025185359,-9.699362795073142,-225.32786241152542,62.23264133845605,-13.391700534727589,58.78314378326411,105.31094509363169,-158.64805412292492,0.7984698235549115,-0.16539903399766306
1767170471,403416016,1044_1767170471-403416016.png,76603,-61451,67950,-68050,0.7334080116421569,-0.5883406096813726,260.46,68.44,-51.0,-86.0,-178.0,69.0,-48.0,32.0,9.787963456118232,-17.053915699512483,-217.13366166325397,65.77392848111256,-21.25778648739484,53.41265225648801,105.05833137035364,-166.23681282997143,0.8069210323791416,-0.16539903399766306
1767170471,470113770,1045_1767170471-470113770.png,79467,-64318,68650,-68750,0.7608283547794118,-0.6157896752450981,263.51,67.54,182.0,-105.0,-110.0,37.0,-29.0,53.0,34.97256639815002,-29.915311789267527,-201.46623919463042,61.56597659562059,-22.390021940389495,53.352305236376345,56.118156492710064,-308.3372187614442,0.8152448089452116,-0.16539903399766306
1767170471,503462158,1046_1767170471-503462158.png,82273,-67128,68100,-68050,0.7876933976715687,-0.6426930147058824,270.4,66.18,-6.0,-115.0,-217.0,30.0,125.0,53.0,36.583729467842204,-37.33778888344766,-182.5859722977678,52.96435788231108,-6.439770703851526,55.75338032424629,67.39472919702524,-197.84477162361156,0.8234398882516034,-0.16539903399766306
1767170471,570159912,1047_1767170471-570159912.png,87932,-72785,68600,-68800,0.8418734681372549,-0.6968539368872549,281.76,72.44,62.0,-177.0,197.0,11.0,37.0,81.0,34.796263871223346,-77.33927463292419,-104.01820898597063,45.511683400257816,30.68509137030434,58.333357046686686,89.59850138425821,-52.008090257644774,0.8374675566613777,-0.16539903399766306
1767170471,603509277,1048_1767170471-603509277.png,89568,-74423,67950,-68100,0.8575367647058824,-0.7125363817401961,286.12,74.64,-2.0,-8.0,10.0,71.0,108.0,48.0,33.65091653006812,-75.1809698083803,-100.46919507079728,46.30505132886613,33.09165159447791,58.01171344014961,14.204734295606562,-304.9713468551637,0.8453019107981183,-0.16539903399766306
1767170471,636857666,1049_1767170471-636857666.png,91343,-76271,68750,-68700,0.8745308670343137,-0.7302293964460784,290.4,74.3,28.0,77.0,212.0,56.0,69.0,32.0,29.328386507051757,-58.36179819327767,-68.99880624787285,49.65347781421231,43.646953384646515,55.30097053256972,0.5815814137458291,-333.58713293075573,0.853002840564246,-0.16539903399766306
1767170471,703555420,1050_1767170471-703555420.png,95643,-80567,68650,-68750,0.9156996783088235,-0.7713599111519608,294.65,73.12,95.0,88.0,169.0,64.0,39.0,31.0,38.82968111821957,-26.498405938416834,-12.48112710669332,52.24192438806475,44.92636112488213,49.94672591726613,-4.466471999883702,-331.62134337425243,0.8624394189918054,-0.16539903399766306
1767170471,736904785,1051_1767170471-736904785.png,98656,-83512,68200,-68050,0.944546568627451,-0.7995557598039216,303.29,75.9,-81.0,-31.0,45.0,-1.0,-3.0,75.0,38.38277287964037,-30.818600733325045,-19.69190388192331,53.525884960373496,31.68475092546988,50.45072119378469,-19.83103609085088,-360.74050569534313,0.8698355499711736,-0.202076026850016
1767170471,770253174,1052_1767170471-770253174.png,101108,-86029,67950,-68000,0.9659830729166666,-0.8216241574754902,307.77,76.82,-154.0,-29.0,24.0,23.0,44.0,74.0,8.070874870823221,-30.67361265379894,-8.746996142385491,44.871094215116386,29.051281659968918,55.23482151835517,-21.150147289037754,-360.83679628372204,0.8770943284173207,-0.20707628255645832
1767170471,836950928,1053_1767170471-836950928.png,104388,-89312,68600,-68800,0.9994255514705882,-0.8550857843137255,310.13,78.25,16.0,-244.0,71.0,81.0,42.0,61.0,-23.003752126135492,-50.59401064519514,-8.749522196828883,46.03872748466816,41.54005492824997,61.43310794928025,13.884973376989313,-47.5476293563844,0.8859728414384542,-0.24795397017103446
1767170471,870300293,1054_1767170471-870300293.png,107727,-92589,68650,-68750,1.031393612132353,-0.8864602481617647,316.13,77.48,57.0,-272.0,-158.0,62.0,91.0,44.0,-11.548356663819414,-91.53159013212544,-13.639487823068578,51.26120831316816,46.066066038000514,59.8085449478272,6.124926567077585,-76.50573420524609,0.8929184321404081,-0.22357083819763784
1767170471,903648682,1055_1767170471-903648682.png,111202,-96055,68200,-68050,1.064663756127451,-0.919644224877451,322.18,77.73,26.0,-370.0,-187.0,31.0,47.0,61.0,-2.47061448256813,-141.69782630773568,-46.5453077546407,48.86004955387979,48.55368921913083,59.15564741804106,17.759574353694866,-51.714633226394774,0.9014019317928555,-0.2667612585435673
1767170471,970346436,1056_1767170471-970346436.png,114078,-99062,68000,-68050,1.0921989889705883,-0.9484336703431373,334.59,78.39,-35.0,-254.0,-130.0,75.0,64.0,73.0,0.16842312892596922,-183.5592278666916,-65.92667855091113,53.40138983210169,46.838174285210556,60.7804838886705,17.033358603715847,-65.04084944725048,0.9096630574942813,-0.258998751740497
1767170472,3695801,1057_1767170472-3695801.png,116746,-101601,68550,-68750,1.117742800245098,-0.9727424172794118,341.07,80.31,-33.0,-201.0,-260.0,120.0,62.0,64.0,-5.6167779592090765,-187.98174060421564,-96.01104500859918,63.71486886566803,49.511537746206315,61.57604177641368,-23.052413046360066,-210.18673181533825,0.9161104373353086,-0.2795588984418484
1767170472,37044189,1058_1767170472-37044189.png,119463,-104320,68300,-68050,1.1437557444852942,-0.9987745098039216,347.7,78.11,-25.0,-246.0,-540.0,121.0,80.0,54.0,-8.451415773332885,-196.46643688674473,-160.94080117727918,72.09235113144888,53.970226183929206,60.46810758179886,-83.29123997688298,-629.0996530056001,0.9224131409501175,-0.2733252297932271
1767170472,70393555,1059_1767170472-70393555.png,122337,-107189,67900,-67950,1.1712718290441178,-1.0262427236519607,361.48,72.42,86.0,-223.0,-67.0,125.0,16.0,53.0,16.7826300910655,-210.77635986744315,-155.23981684505642,82.85369505512648,43.75441309792614,58.13387795190226,-2.091188669204763,99.8569264411925,0.9285701696532989,-0.30347901470132305
1767170472,137091553,1060_1767170472-137091553.png,124385,-109240,68550,-68850,1.1908796721813726,-1.0458792892156863,364.31,71.87,-68.0,-141.0,-376.0,178.0,71.0,63.0,8.005469464269822,-201.21170541603652,-182.9072867650492,98.97325261619223,46.28668513729843,58.576892665000955,15.860230863094278,21.204280614852784,0.9345805247594443,-0.3172573717090154
1767170472,170439697,1061_1767170472-170439697.png,128014,-112867,68100,-67850,1.2256242340686274,-1.0806047028186274,369.89,73.45,17.0,-174.0,-193.0,156.0,58.0,59.0,9.320846047338241,-197.23221588654718,-184.38326359298281,107.31294837009958,47.99966170892715,58.63876865490075,11.013943731784769,-38.51823735237134,0.9404433407411992,-0.2894324615933253
1767170472,203788818,1062_1767170472-203788818.png,130258,-115184,68000,-68000,1.2471086090686274,-1.1027879901960784,381.45,73.56,98.0,-197.0,-358.0,214.0,60.0,39.0,25.144704426703246,-190.59669218810782,-211.58149342826928,126.9870866320662,52.30440980510114,56.661127761907565,2.981996238231608,6.0766279697417005,0.9461576854921823,-0.3046466809640582
1767170472,237137207,1063_1767170472-237137207.png,133057,-117910,68600,-68800,1.2739066329656863,-1.1288871017156863,387.24,72.35,45.0,-201.0,-278.0,203.0,60.0,38.0,33.31403785874453,-192.34341235477854,-231.14987445835558,142.95777542674574,53.83247730675761,53.03544946131137,5.200711011886545,-1.6548471450806872,0.9517225603269845,-0.3161392327457161
1767170472,270486328,1064_1767170472-270486328.png,135584,-120501,68200,-68000,1.2981004901960784,-1.1536937040441178,393.12,73.57,27.0,-113.0,-286.0,234.0,63.0,29.0,32.70121235492514,-180.9701329466049,-240.41628506123791,157.86756079988288,55.33705264094096,49.12089885688907,3.0595986545085396,-179.92411875724804,0.9557975962689693,-0.3161392327457161
1767170472,303834473,1065_1767170472-303834473.png,138386,-123244,67850,-68050,1.3249272365196079,-1.1799555759803921,404.71,72.49,129.0,-178.0,-321.0,253.0,45.0,17.0,46.784123046375356,-180.53577527656927,-252.20099480078892,171.77990256323827,53.82534317174458,44.42347990704823,0.9826462864875283,-197.0467920303346,0.961098884734881,-0.3161392327457161
1767170472,370531982,1066_1767170472-370531982.png,140769,-125688,68650,-68650,1.3477424172794117,-1.2033547794117647,421.19,74.67,253.0,-345.0,-234.0,258.0,56.0,23.0,84.02463592603642,-200.70002599377344,-250.64612355482905,184.91900941467566,54.11987236572425,39.8949882080135,-33.56218296289449,-187.8248188495637,0.9662484395976855,-0.3161392327457161
1767170472,403881104,1067_1767170472-403881104.png,143574,-128500,68300,-68100,1.3745978860294117,-1.2302772671568627,428.89,75.68,137.0,-275.0,-264.0,304.0,87.0,18.0,103.79471646099189,-221.03587633152725,-250.9052030597627,204.89568137992535,58.17641257657214,35.9461841951078,-33.948506623506596,-182.75165176391613,0.9712453287510011,-0.3161392327457161
1767170472,437229248,1068_1767170472-437229248.png,146913,-131765,67900,-67950,1.4065659466911764,-1.2615368412990196,443.15,72.46,-35.0,20.0,-416.0,337.0,159.0,74.0,91.57376359843191,-199.75676834852135,-292.3838629751378,235.80308305559294,70.6749386566459,37.3846794898738,1.9271228909491982,-23.48888134956372,0.9772757241443493,-0.3161392327457161
1767170472,470578613,1069_1767170472-470578613.png,149305,-134224,68750,-68750,1.4294672947303921,-1.2850796568627452,450.31,70.72,-70.0,-140.0,-478.0,292.0,203.0,66.0,67.55476489183205,-171.58470049193838,-317.5464187278866,250.533776448111,88.63549074570963,43.22213533221092,4.048883348703333,-35.691134214401366,0.9807783136100215,-0.3161392327457161
1767170472,503926758,1070_1767170472-503926758.png,151764,-136693,68150,-68100,1.4530101102941178,-1.3087182138480393,457.43,69.3,-99.0,-209.0,-710.0,309.0,228.0,69.0,41.158420115200066,-172.3710993182074,-366.27231372911837,259.2383885237441,110.66216118158835,47.430037972180905,-19.938965141773274,-74.49624133110058,0.9853128779980995,-0.3161392327457161
1767170472,570624268,1071_1767170472-570624268.png,154571,-139493,67950,-67950,1.4798847273284315,-1.3355258118872548,471.88,71.2,87.0,-284.0,-388.0,365.0,107.0,31.0,39.850121452480174,-200.6037588194422,-379.6590705864927,275.929333795573,115.55248680551101,46.817633194467035,-16.17028009891515,-61.79075551033032,0.9896917806204623,-0.3161392327457161
1767170472,603973389,1072_1767170472-603973389.png,157293,-142279,68550,-68750,1.5059455422794117,-1.3621993719362746,479.29,68.02,84.0,-289.0,-577.0,409.0,135.0,41.0,46.65202567016525,-212.95541118249963,-386.7618151661181,290.32476688301233,115.17330392303433,44.81570090136802,-17.10241824388509,-123.89345645904552,0.9939144222658646,-0.3161392327457161
1767170472,637321533,1073_1767170472-637321533.png,158931,-143791,68050,-68000,1.521627987132353,-1.376675474877451,486.6,68.02,104.0,-251.0,-533.0,415.0,133.0,54.0,54.33206458478952,-223.76835867956925,-416.941595814868,311.2015160150223,118.47711550950869,44.952984330472006,-13.087158828973822,-115.8315556049348,0.9979801371440341,-0.4165052074685701
1767170472,670670898,1074_1767170472-670670898.png,162401,-147328,67850,-68000,1.5548502604166667,-1.4105392156862746,493.93,68.35,164.0,-208.0,-668.0,473.0,119.0,29.0,71.3231328371176,-224.0666085698638,-456.02642669844374,338.70333809636935,119.69745099014902,43.779062090797005,-13.824349313974432,-109.42407608032238,1.0018881928856709,-0.39296250517898806
1767170472,704019043,1075_1767170472-704019043.png,165414,-150333,68650,-68800,1.5836971507352942,-1.439309512867647,501.37,68.92,189.0,-159.0,-583.0,471.0,80.0,41.0,90.99527283554889,-214.1241835294946,-480.2284081020558,361.6195371313458,113.87348865973877,42.9798978388422,-44.973829329013874,-281.5288872718812,1.0056380568585568,-0.39942793745606564
1767170472,770716309,1076_1767170472-770716309.png,168762,-153610,68200,-68100,1.6157513786764706,-1.4706839767156863,516.46,72.45,185.0,-330.0,-314.0,467.0,108.0,47.0,117.19353045221048,-224.72786582607515,-452.9171495727922,386.50320131275976,108.57051256942988,42.5483673943437,-57.35190176963811,-372.4843752384187,1.0101019808987206,-0.39888813314550725
1767170472,804065674,1077_1767170472-804065674.png,171896,-156753,68100,-68000,1.6457567401960784,-1.5007755055147058,524.04,74.62,169.0,-239.0,-389.0,526.0,140.0,52.0,128.31758794085323,-232.32312009043443,-436.3013357871241,411.11523892381126,113.13696776718098,44.163510699570914,-45.24943155050283,-314.398940563202,1.01431669963988,-0.4260661964248343
1767170472,870763184,1078_1767170472-870763184.png,175184,-160107,68000,-68000,1.6772365196078431,-1.5328871783088236,537.29,75.62,120.0,-192.0,-321.0,525.0,133.0,47.0,125.22655940114957,-226.07302522880312,-448.8518974925879,445.89436736874944,121.79376184244124,44.092853496619455,-64.02596932649617,-467.1533555984498,1.017508298469258,-0.41916265964629995
1767170472,904111328,1079_1767170472-904111328.png,178324,-163180,68600,-68800,1.7072993259803921,-1.5623085171568627,548.59,74.93,184.0,-232.0,-242.0,538.0,97.0,33.0,137.23266752855096,-228.9121148199887,-399.04417757654477,458.88937353010033,121.90652696134883,41.82560748925933,-68.89881661534314,-506.9144906997682,1.0212718111427308,-0.43658531350639235
1767170472,937460449,1080_1767170472-937460449.png,180979,-165826,68200,-68050,1.7327186734068627,-1.5876416973039216,554.8,73.24,54.0,-212.0,-259.0,481.0,198.0,50.0,137.34783943332292,-228.22006070973788,-372.9461861786863,469.0677758882077,123.79201057212164,41.34223460207486,-83.43748319149022,-629.6292512416841,1.0241012200638582,-0.44394886409071305
1767170472,970808838,1081_1767170472-970808838.png,183776,-168767,67900,-68000,1.7594975490196079,-1.6157992493872548,561.45,74.26,3.0,-182.0,-268.0,482.0,191.0,56.0,111.26042039417489,-220.2074581217338,-348.7942365475741,471.88099059360013,139.35455461799663,44.15478377535724,-54.71595224738126,-470.020579814911,1.0267688419487635,-0.4681084527369025
1767170473,37506104,1082_1767170473-37506104.png,187194,-172115,67950,-67900,1.7922219669117647,-1.6478534773284315,576.1,73.55,327.0,-388.0,-427.0,570.0,141.0,10.0,116.51933403237427,-245.87322042456375,-344.59397359498575,482.77205147324173,149.4317953181045,42.506131732586354,-69.9678467214108,-583.0262542963029,1.0298754193603408,-0.46610287879093915
1767170473,70855469,1083_1767170473-70855469.png,190198,-175047,68550,-68850,1.8209826899509804,-1.675924862132353,583.9,72.07,251.0,-352.0,-563.0,641.0,179.0,-2.0,147.19884713055725,-268.8297825923743,-380.845735898169,510.4755553398673,153.3147333958542,34.29668086646363,-80.01336586475377,-653.813950777054,1.0321777221227144,-0.4723350690327139
1767170473,137552979,1084_1767170473-137552979.png,192378,-177305,68200,-68100,1.8418543198529411,-1.697543275122549,600.42,72.89,186.0,-518.0,-304.0,640.0,168.0,17.0,161.90461326027878,-292.22293135574137,-373.8237033645203,533.5861430291819,150.87680045073594,29.352107949222,-73.47632014751439,-628.2560356855394,1.0348263024058253,-0.4874900483732637
1767170473,170901123,1085_1767170473-170901123.png,196685,-181542,68300,-68000,1.883090150122549,-1.7381089154411764,608.95,77.09,373.0,-423.0,-457.0,643.0,158.0,4.0,194.63739785507582,-328.7934181073826,-380.5923984508695,557.8094427632232,153.24159061168987,24.690143025690155,-54.83777830004697,-568.1800940036775,1.0372195521194252,-0.5104707878259184
1767170473,204250244,1086_1767170473-204250244.png,199828,-184685,67950,-68100,1.9131816789215685,-1.7682004442401962,626.26,78.75,98.0,-215.0,-608.0,724.0,206.0,29.0,208.25847584905796,-320.2006416447523,-405.8418498249921,586.9650868834774,155.206187295165,22.663057037595166,-36.13215419650083,-492.82697701454174,1.0389499410377039,-0.5186735559348055
1767170473,270947510,1087_1767170473-270947510.png,202419,-187337,68600,-68800,1.93798828125,-1.7935910692401962,635.21,76.78,75.0,-284.0,-253.0,680.0,198.0,36.0,183.6323996121976,-307.50969944577633,-403.8044431192756,608.9475049761564,164.34150514138662,24.75303964111614,-40.83615940809255,-518.3681988716127,1.0405162126538068,-0.516404182746386
1767170473,304295654,1088_1767170473-304295654.png,205214,-190072,68150,-68050,1.9647480085784315,-1.8197763480392157,644.29,75.7,300.0,-345.0,-373.0,720.0,173.0,24.0,197.76333678589756,-312.36758631575276,-395.2919623123514,627.0762234967664,166.50220363736813,24.94179833895876,-54.03889551758771,-627.5558512210847,1.041918233809679,-0.5433684543158531
1767170473,337645020,1089_1767170473-337645020.png,207674,-192594,68100,-67900,1.9883003982843137,-1.8439223345588236,663.15,76.79,381.0,-333.0,-144.0,735.0,78.0,20.0,223.33699922805476,-322.8760084803114,-401.73936694158186,650.2613092540948,161.40922561535683,21.820737149344914,-23.992149084806492,-484.006214618683,1.0431556716101844,-0.5371127625158407
1767170473,370993164,1090_1767170473-370993164.png,210538,-195460,68600,-68750,2.0157207414215685,-1.8713618259803921,673.03,76.21,319.0,-330.0,-193.0,750.0,102.0,24.0,249.0319710879978,-324.61475798987317,-354.99627878209634,668.4449221639996,147.0192419769791,21.82121912249457,-40.16312891244893,-588.2162023782731,1.0442283928972684,-0.5569721014616061
1767170473,437690430,1091_1767170473-437690430.png,213818,-198736,68200,-68100,2.0471239276960786,-1.9027267156862746,683.07,75.75,281.0,-264.0,-254.0,762.0,129.0,39.0,257.36791633793695,-316.03211280030075,-331.7503942088211,686.3937300687556,142.02856862396672,24.4474740746722,-41.305410504341175,-600.3529719114305,1.0453373331751774,-0.5569721014616061
1767170473,471039551,1092_1767170473-471039551.png,216340,-201268,68000,-68050,2.0712699142156863,-1.926968443627451,703.76,81.29,75.0,-299.0,-447.0,750.0,287.0,54.0,220.74436719998252,-305.3743363613687,-348.59452573610264,698.33725089168,169.9910053973945,31.139219847173827,3.2679887413978066,-367.9451050758363,1.0460388098063043,-0.5762748712341835
1767170473,504387939,1093_1767170473-504387939.png,219217,-204142,68450,-68700,2.0988147212009802,-1.9544845281862746,714.02,87.38,200.0,-361.0,-473.0,807.0,231.0,43.0,206.65644765410443,-311.47505129581356,-371.22346216729903,715.3679773060871,186.57123570833357,34.37160170953753,9.150186955928751,-288.1398379802705,1.0465751038708189,-0.5947054650666065
1767170473,537737061,1094_1767170473-537737061.png,222223,-207073,68150,-67950,2.1275945925245097,-1.9825463388480393,724.3,85.69,283.0,-461.0,-532.0,840.0,238.0,35.0,217.64417517142869,-334.65796367801937,-397.4403977822676,736.0294855322139,195.27295324202265,34.692796915143944,6.99381387233729,-352.1206352710725,1.0469461487896943,-0.580555768177282
1767170473,604434326,1095_1767170473-604434326.png,225078,-209934,68200,-68050,2.154928768382353,-2.0099379595588234,745.21,88.04,76.0,-467.0,-660.0,804.0,304.0,77.0,210.59145166297796,-364.76977407239593,-439.7653398828855,757.6058906444244,212.25919697750388,39.36065477525247,-84.71477350592617,-840.6903400421144,1.0471773777513405,-0.5871587241823022
1767170473,637782471,1096_1767170473-637782471.png,226922,-211843,68600,-68750,2.1725834865196076,-2.0282149969362746,755.8,85.64,170.0,-541.0,-915.0,869.0,300.0,75.0,197.61316066521744,-395.89091627505564,-520.7876903970722,776.3238113527833,229.8906544151995,46.54199168045564,9.5789808928966,-373.4306595325471,1.0471763790659316,-0.5934612233637132
1767170473,671131592,1097_1767170473-671131592.png,230812,-215736,68750,-68800,2.209826899509804,-2.065487132352941,777.32,81.76,167.0,-518.0,-662.0,917.0,249.0,13.0,188.49707602139668,-419.26042079620277,-537.3985724283243,789.7248672721812,238.0105182744251,46.8380424743455,5.944200605153986,-413.73385906219494,1.0470099980768288,-0.5850395599900793
1767170473,704479980,1098_1767170473-704479980.png,233951,-218806,68200,-68150,2.239880131740196,-2.0948797487745097,788.19,80.21,-61.0,-356.0,-804.0,899.0,295.0,33.0,149.82954973057073,-420.025035384551,-589.0261577599532,818.6159827293267,247.45951401985815,41.38188237423234,6.172267287969538,-440.58589386940014,1.0465694446535025,-0.6121837744237459
1767170473,771177246,1099_1767170473-771177246.png,236490,-221411,68000,-68000,2.2641888786764706,-2.119820389093137,799.34,76.23,0.0,-315.0,-658.0,920.0,263.0,43.0,127.91820256415869,-404.66598227644397,-599.1130184989777,833.4425666944921,249.7321830898645,41.618518852937925,-11.506017714738897,-546.687948703766,1.0461812223455962,-0.6108426984985202
1767170473,804526367,1100_1767170473-804526367.png,238936,-223926,68550,-68800,2.287607230392157,-2.143899356617647,810.48,76.05,192.0,-476.0,-694.0,906.0,251.0,30.0,137.28964173079405,-415.09799939140237,-612.989464079843,844.0534983399499,249.91759095174075,39.91940542301695,-10.82246705889707,-550.5040364265443,1.0455189607615207,-0.6067977673379771
1767170473,837874512,1101_1767170473-837874512.png,242143,-226998,68200,-68150,2.3183115042892157,-2.1733111213235294,843.81,78.45,49.0,-308.0,-598.0,909.0,325.0,61.0,132.38820363715575,-413.4631501067312,-632.389647108391,858.8714506910953,260.9824328258906,39.57503140255047,16.988875210285137,-374.85008597373974,1.0446916497688876,-0.6123038799884524
1767170473,871223877,1102_1767170473-871223877.png,244680,-229531,68000,-67950,2.3426011029411766,-2.197562423406863,859.34,79.14,143.0,-429.0,-687.0,916.0,326.0,36.0,127.49682777764882,-407.5863295909969,-637.7187355038346,871.0993817012541,275.4372489612743,40.707683079690305,-0.7256458997726951,-516.2105445861818,1.0436992893676968,-0.6084155999898775
1767170473,904572021,1103_1767170473-904572021.png,247057,-231988,68600,-68700,2.365358838848039,-2.2210860906862746,873.88,81.14,302.0,-578.0,-639.0,972.0,247.0,-9.0,153.0164905883552,-432.5079361829462,-637.9061099652674,885.8552725173522,271.27853370404597,33.438340665222306,9.030114263296076,-431.64190244674694,1.0425421458740574,-0.6074817407488817
1767170473,937921143,1104_1767170473-937921143.png,249932,-234790,68200,-68000,2.3928844975490198,-2.247912837009804,900.41,83.2,212.0,-381.0,-675.0,1017.0,292.0,43.0,173.97824045987704,-441.1760484615932,-639.0740246954485,901.4347589605795,272.87588837408936,30.98174928880926,16.023423224687527,-383.1776456832887,1.041220352446024,-0.6289014885587338
1767170474,4618408,1105_1767170474-4618408.png,252658,-237509,68000,-68000,2.4189836090686274,-2.2739449295343137,912.25,84.63,278.0,-524.0,-627.0,1013.0,287.0,32.0,187.50124064542817,-442.1692817606479,-641.8634527661661,924.0198455383219,276.2207306672958,32.372600756559926,13.52878153324122,-410.70987606048595,1.0397341753997051,-0.622696065897382
1767170474,37966553,1106_1767170474-37966553.png,255388,-240246,68700,-68750,2.445121017156863,-2.300149356617647,923.91,84.68,231.0,-604.0,-752.0,1048.0,303.0,17.0,198.59767428836403,-470.1172662084234,-657.192333931115,946.8065687093164,280.7009752056168,30.10498823141593,27.890358746051735,-256.50465416908276,1.038083747893156,-0.627375250526327
1767170474,71315918,1107_1767170474-71315918.png,258053,-242984,68100,-68000,2.470636106004902,-2.326363357843137,935.36,84.18,328.0,-514.0,-501.0,1031.0,283.0,12.0,217.5217068834527,-476.5347573938908,-634.3504815752141,959.1191699649364,281.03718879302,27.457281665550063,36.593518435955,-237.2003972530366,1.0362694694005394,-0.6432897282863085
1767170474,104664063,1108_1767170474-104664063.png,260641,-245562,68000,-68000,2.495413985906863,-2.3510454963235294,958.08,86.99,328.0,-619.0,-722.0,1029.0,342.0,25.0,231.04218638703824,-484.43602977192677,-628.2708015392649,973.8071980946877,292.2688790683953,28.238118311117812,25.93958336114878,-324.8491919040681,1.0342914730799102,-0.6432897282863085
1767170474,171361328,1109_1767170474-171361328.png,262219,-247149,68150,-68050,2.5105219822303924,-2.3662396599264706,969.41,90.33,347.0,-672.0,-536.0,989.0,346.0,22.0,253.07311657201438,-518.906412587673,-619.6810702086974,978.916830880302,302.72865880889213,27.156418965344052,32.50117611885066,-262.15972018241894,1.032150158405432,-0.6432897282863085
1767170474,204710205,1110_1767170474-204710205.png,266106,-251033,68250,-68000,2.5477366727941178,-2.4034256280637254,980.87,94.04,377.0,-556.0,-455.0,1071.0,258.0,13.0,271.1964104811599,-524.3310465994598,-595.5978095463796,992.3832418145494,296.18745800296284,25.086158384967074,36.02322185039515,-148.4217643737794,1.029845858272241,-0.6432897282863085
1767170474,238058105,1111_1767170474-238058105.png,269186,-254035,67900,-67900,2.577225030637255,-2.4321672028186274,1004.11,102.55,430.0,-578.0,-254.0,1112.0,195.0,-21.0,288.72200944583847,-531.3388919668785,-544.923760556484,1012.0631659439468,279.83411132279895,17.121708552815466,29.379156231880135,-126.49301576614391,1.0273789055754734,-0.6432897282863085
1767170474,271407227,1112_1767170474-271407227.png,271771,-256630,68650,-68750,2.601974188112745,-2.4570121017156863,1015.61,103.99,418.0,-529.0,-531.0,1137.0,298.0,8.0,315.6886937162992,-536.1694276676781,-512.2262944873125,1034.1696208906858,272.31099094392175,12.176716023850434,30.840549349784798,-122.3230028152467,1.0247496997892926,-0.6432897282863085
1767170474,304755127,1113_1767170474-304755127.png,274715,-259702,68200,-68000,2.630160462622549,-2.4864238664215685,1023.3,104.25,472.0,-484.0,-478.0,1154.0,267.0,15.0,339.78570030914995,-529.5838304329228,-507.71988421422174,1054.4265209399387,272.21697961698953,12.478603259103528,33.99231141805644,-96.01876401901256,1.0219587069668894,-0.6432897282863085
1767170474,338104004,1114_1767170474-338104004.png,277234,-262088,67900,-67950,2.6542777267156863,-2.509267769607843,1043.87,105.87,301.0,-683.0,-339.0,1074.0,250.0,29.0,346.5434210719888,-536.9685573392995,-491.17269179721154,1067.0189784643192,268.2358285627188,15.33377366408275,34.4776674509048,-94.19511771202099,1.0190063265824276,-0.6432897282863085
1767170474,404801025,1115_1767170474-404801025.png,280100,-264952,68600,-68750,2.681717218137255,-2.536688112745098,1056.97,103.61,379.0,-703.0,-413.0,1115.0,239.0,23.0,346.76757810756413,-568.341418383395,-469.7488562657738,1073.2765064895757,263.3079016487468,17.334514597285125,30.02192503213877,-115.53279685974132,1.0158929581100706,-0.6432897282863085
1767170474,438148926,1116_1767170474-438148926.png,282556,-267417,68300,-68050,2.7052313112745097,-2.5602883731617645,1065.67,104.33,338.0,-579.0,-594.0,1182.0,309.0,13.0,346.60995822442277,-573.301277581427,-482.9550197669888,1087.3387222129725,268.070005581226,16.974911837359826,33.5404640436172,-123.24865341186535,1.0126192007610635,-0.6432897282863085
1767170474,471498047,1117_1767170474-471498047.png,285569,-270493,68000,-68200,2.734078201593137,-2.5897384344362746,1085.05,97.37,346.0,-572.0,-579.0,1217.0,318.0,10.0,342.267712420542,-567.9811219906765,-483.34035003323663,1107.4992851241145,277.864111433468,17.228634877229425,49.68579286336894,-159.10672402381908,1.009185587167624,-0.6693194323183255
1767170474,538194824,1118_1767170474-538194824.png,288705,-273631,68650,-68800,2.764102711397059,-2.6197820925245097,1095.89,98.34,455.0,-507.0,-928.0,1241.0,317.0,-17.0,355.95946784967254,-561.0562576132785,-543.8007829655019,1132.093710648475,285.71484236302274,12.58532692426384,46.13530373573298,-153.79684257507336,1.0046694651700951,-0.6749150981341501
1767170474,571542969,1119_1767170474-571542969.png,291714,-276561,68100,-68000,2.792911305147059,-2.6478343290441178,1106.75,97.55,535.0,-465.0,-778.0,1268.0,279.0,-18.0,379.9484058593521,-548.16081017659,-582.1647731059242,1151.2283264167545,285.77513293370714,8.139901277722618,43.63260957598681,-114.48821592330944,1.0008779893051765,-0.6638201680182629
1767170474,604891846,1120_1767170474-604891846.png,294644,-279497,68200,-68050,2.8209635416666665,-2.6759440104166665,1130.33,97.19,205.0,-535.0,-713.0,1278.0,355.0,30.0,376.79373531490205,-525.1193861003458,-620.0784718968753,1176.9238708825603,290.3143149771332,9.348607081254158,50.74371835589404,-162.51042437553417,0.9969285214085891,-0.6689469122632731
1767170474,638239746,1121_1767170474-638239746.png,296693,-281545,68600,-68750,2.8405809589460786,-2.6955518535539214,1142.54,97.34,356.0,-499.0,-720.0,1277.0,374.0,24.0,360.62249553809863,-522.8040394266097,-639.361039779384,1196.8751423516433,305.41602014141705,12.736350931523555,49.799631386995266,-143.64291405677807,0.9917703112722418,-0.681739392105414
1767170474,704936768,1122_1767170474-704936768.png,300306,-285234,68650,-68850,2.8751723345588234,-2.7308708639705883,1168.33,99.04,459.0,-571.0,-651.0,1342.0,279.0,5.0,374.8865601461173,-524.8453458504686,-655.1780689464518,1219.3068399733215,306.3684842874934,12.249646216583574,50.3850588202476,-139.43578910827648,0.987467508478028,-0.684313130476309
1767170474,738285645,1123_1767170474-738285645.png,303454,-288312,68150,-67950,2.9053117340686274,-2.7603400735294117,1181.26,98.67,316.0,-643.0,-587.0,1308.0,291.0,22.0,378.6464320585687,-540.5262688240948,-648.5562162433795,1240.592163193227,302.02013210691035,12.348690490200235,53.90463685989375,-139.18804144859325,0.98300877760199,-0.684313130476309
1767170474,771633545,1124_1767170474-771633545.png,306120,-290971,67950,-68000,2.9308363970588234,-2.7857977175245097,1193.81,101.01,342.0,-577.0,-498.0,1329.0,282.0,30.0,371.83800021470626,-549.5389686493985,-631.4992911030962,1252.3505866744347,299.59399431744276,14.484145435891506,46.40584069490428,-150.00024223327648,0.9783947844344006,-0.684313130476309
1767170474,838330566,1125_1767170474-838330566.png,309602,-294522,68650,-68000,2.9641735600490198,-2.8197954963235294,1219.16,102.08,301.0,-533.0,-664.0,1380.0,331.0,15.0,351.3993215911893,-546.2535719651856,-611.4222508981176,1273.7062559722501,305.11663767187,17.856503966322627,47.82242572307582,-164.9748616218568,0.9724101288327744,-0.684313130476309
1767170474,871679443,1126_1767170474-871679443.png,312733,-297587,68600,-68650,2.994150199142157,-2.8491402420343137,1231.87,101.69,331.0,-664.0,-381.0,1283.0,344.0,0.0,346.25388697032184,-559.5276871442483,-586.8843712132879,1280.5506747713266,311.134284263554,15.580652323312012,47.97665646672244,-163.8443069458009,0.9661855224169323,-0.684313130476309
1767170474,905027344,1127_1767170474-905027344.png,315123,-300045,68200,-68050,3.017032398897059,-2.8726734834558822,1257.42,100.52,447.0,-664.0,-679.0,1392.0,336.0,-10.0,348.95519026366395,-575.279927447486,-577.6169490793047,1290.2376421470021,319.6731169330583,11.425639826298276,55.21043550968165,-137.03396940231335,0.9610341033413649,-0.684313130476309
1767170474,938376221,1128_1767170474-938376221.png,317589,-302514,68600,-68650,3.0406422334558822,-2.8963120404411766,1270.23,100.72,416.0,-567.0,-518.0,1420.0,305.0,5.0,362.3285138113454,-585.235220261114,-587.4319883222037,1305.9911037479937,321.0958615449267,8.75921604072518,52.13543164730067,-179.56030654907238,0.9570709201651634,-0.684313130476309
1767170474,971724121,1129_1767170474-971724121.png,320170,-305091,68150,-68050,3.065353094362745,-2.9209846047794117,1283.13,103.99,424.0,-611.0,-627.0,1416.0,314.0,16.0,373.9362480569286,-586.8421494779437,-586.5959493319193,1328.1539176356227,318.9691225315051,9.31971797431216,51.43473702669139,-174.5913109779359,0.9516544499821057,-0.684313130476309
1767170475,38421143,1130_1767170475-38421143.png,323250,-308099,67950,-68050,3.0948414522058822,-2.949783624387255,1296.03,105.36,364.0,-659.0,-611.0,1400.0,346.0,23.0,374.12886043926596,-596.0780794415537,-590.6036976218585,1339.0996753412396,322.044456807911,11.128348215211295,56.95639246702189,-171.12126755714428,0.9460877109345404,-0.684313130476309
1767170475,71770020,1131_1767170475-71770020.png,325642,-310565,68550,-68700,3.117742800245098,-2.9733934589460786,1308.91,109.68,418.0,-594.0,-712.0,1467.0,363.0,30.0,380.54465606322634,-595.7741773063264,-608.3569147336326,1357.8040525574456,328.0338702906623,13.888173060201634,63.82319974899287,-173.3441185951234,0.9403715685498214,-0.684313130476309
1767170475,105117920,1132_1767170475-105117920.png,328291,-313214,68200,-68000,3.1431047028186274,-2.9987553615196076,1334.23,113.37,86.0,-416.0,-1039.0,1478.0,548.0,40.0,315.4669989858203,-559.537188263766,-676.2533150810364,1377.564353766883,369.11778669420363,22.42291282007568,53.208358108997295,-182.60965180397045,0.9345069549343308,-0.7361177656053977
1767170475,138466797,1133_1767170475-138466797.png,329531,-314451,68600,-68800,3.154976639093137,-3.010598575367647,1346.58,111.44,360.0,-512.0,-1020.0,1514.0,434.0,0.0,306.7073465304732,-547.2344051998429,-727.5824824165795,1395.510380341721,384.96042375170265,21.37326914548128,57.95295035839076,-179.03815937042248,0.9284947356154224,-0.7361177656053977
1767170475,171814941,1134_1767170475-171814941.png,333764,-318614,68650,-68700,3.195503982843137,-3.0504557291666665,1358.91,112.13,464.0,-571.0,-838.0,1544.0,357.0,-30.0,326.85755203490027,-549.0916502160068,-748.7221212615347,1416.4029199572874,382.9834315206151,14.683202109238337,73.35095816850657,-134.83777022361767,0.9238892645633211,-0.7361177656053977
1767170475,238512695,1135_1767170475-238512695.png,336697,-321689,68200,-68000,3.2235849417892157,-3.0798962162990198,1383.81,111.24,314.0,-623.0,-954.0,1569.0,450.0,-24.0,329.839611042996,-560.5322771127397,-766.5319973474809,1442.6020350111935,386.42335321363845,9.524390613437982,82.54220134019846,-161.1162168979646,0.9160314080299605,-0.7361177656053977
1767170475,271862061,1136_1767170475-271862061.png,339493,-324345,67950,-68100,3.250354243259804,-3.105325137867647,1396.77,106.06,498.0,-710.0,-691.0,1511.0,404.0,-44.0,343.75494999381556,-579.2015561594818,-775.1270866328706,1459.1964762453658,393.2472771259819,1.920747346828869,72.334398984909,-161.74239230155956,0.9095822305551974,-0.7361177656053977
1767170475,305210205,1137_1767170475-305210205.png,342985,-327835,67850,-68000,3.2837871476715685,-3.138738893995098,1422.86,102.52,465.0,-513.0,-685.0,1586.0,290.0,4.0,374.6304968374713,-598.3330093329917,-751.0095321331173,1474.2260246106284,384.60775443839805,-3.5780319319043894,75.68500506877893,-169.84097528457653,0.9013189077458724,-0.7361177656053977
1767170475,371907959,1138_1767170475-371907959.png,345980,-330831,68600,-68600,3.3124617034313726,-3.167423023897059,1443.22,102.59,492.0,-635.0,-563.0,1522.0,326.0,-9.0,398.7775249397605,-597.1017208834185,-718.4142305371496,1489.8491626286068,368.72666940512033,-3.78540884086852,45.56273427605624,-219.43736290931713,0.8945480204114276,-0.7361177656053977
1767170475,405257324,1139_1767170475-405257324.png,348257,-332817,60700,-50650,3.334262025122549,-3.1864372702205883,1482.0,100.45,654.0,-700.0,-724.0,1605.0,322.0,-30.0,423.8995256923372,-612.9555589563486,-721.1880603425079,1500.2425860193748,366.9583402034451,-6.007467182994939,66.1565972566604,-202.5777692794801,0.8858858892288631,-0.7361177656053977
1767170475,438605469,1140_1767170475-438605469.png,348821,-333015,16900,-6100,3.3396618412990198,-3.188332950367647,1498.97,100.23,668.0,-583.0,-597.0,1636.0,297.0,-24.0,470.8562583048234,-619.6505191816739,-710.2524372919198,1523.8492571589868,355.76863726903105,-10.228499144831702,63.72514146566386,-222.2981390953065,0.8787986849359443,-0.7361177656053977
1767170475,471954834,1141_1767170475-471954834.png,348349,-332389,-10050,14100,3.3351428462009802,-3.182339537377451,1514.46,100.47,456.0,-829.0,-790.0,1594.0,430.0,-37.0,474.49848495414454,-643.5187692707008,-716.6211742821451,1535.2602252123725,362.97638255043336,-13.787042405914,78.73039662837976,-230.68086528778088,0.8715727299502323,-0.7361177656053977
1767170475,538652344,1142_1767170475-538652344.png,347028,-330874,-27300,38650,3.3224954044117645,-3.167834712009804,1535.93,101.18,385.0,-617.0,-750.0,1709.0,413.0,-3.0,469.3739759365922,-668.1370638722541,-724.9481011536719,1557.2059859763694,375.68915282146634,-15.085773859225496,84.46713089942926,-243.17098689079296,0.8642090895361632,-0.766088200323798
1767170475,572000732,1143_1767170475-572000732.png,345136,-328845,-49850,55050,3.3043811274509802,-3.1484087775735294,1539.45,104.15,143.0,-490.0,-845.0,1607.0,525.0,46.0,432.8908568440141,-647.8057609384905,-737.8753372422074,1574.2071202742231,392.2735011207537,-8.562469838688934,73.04418510198587,-280.87262105941784,0.854812791420091,-0.784803006135164
1767170475,605350098,1144_1767170475-605350098.png,342596,-326224,-66900,68250,3.280062806372549,-3.1233149509803924,1538.42,107.76,86.0,-689.0,-913.0,1547.0,514.0,50.0,383.7243260792458,-648.3718186766928,-761.6207528470024,1571.8740087409485,410.3767198060119,-0.10790105689022456,71.74825721979136,-282.96909070014965,0.8490736792709703,-0.7856531370794634
1767170475,672047852,1145_1767170475-672047852.png,338320,-321938,-68100,67550,3.239123774509804,-3.0822801776960786,1494.09,115.67,186.0,-459.0,-878.0,1638.0,405.0,-9.0,325.80716855286363,-631.6704337050942,-795.1401995931678,1584.9090125553914,407.741630723722,1.641357657043561,59.06652879714961,-454.27635216712963,0.8373695523332628,-0.824355202354888
1767170475,705395996,1146_1767170475-705395996.png,336059,-319682,-67950,68400,3.217476639093137,-3.060680912990196,1470.0,119.69,228.0,-519.0,-1212.0,1625.0,424.0,-2.0,322.76275130333,-628.1633716261134,-808.1156817155214,1586.15691386501,408.2477005814465,1.5280141033260952,62.77663862705226,-242.37386703491222,0.8294013077727185,-0.8137650550155063
1767170475,738745361,1147_1767170475-738745361.png,333797,-317418,-68100,67600,3.1958199295343137,-3.039005055147059,1470.0,130.45,228.0,-519.0,-1212.0,1625.0,424.0,-2.0,311.50366948088913,-615.1933035746096,-856.1025386168142,1590.7719918256541,410.1192843588885,1.1088388586888285,53.353432416915844,-187.50614285469067,0.8233390210253168,-0.8222932545533467
1767170475,772093750,1148_1767170475-772093750.png,331001,-314489,-68650,68650,3.1690506280637254,-3.0109623927696076,1419.84,137.81,510.0,-629.0,-788.0,1551.0,297.0,-29.0,353.2952303507032,-617.286455132477,-848.0908993969962,1582.7666440170199,390.5754904917929,-4.113271691525667,55.08899909257884,-190.31046295166027,0.8151424104012981,-0.8398444333709816
1767170475,838791260,1149_1767170475-838791260.png,327866,-311490,-68100,68450,3.139035692401961,-2.9822495404411766,1397.07,146.52,429.0,-652.0,-828.0,1525.0,353.0,-23.0,368.8812204649599,-621.0810510303525,-842.9232454788857,1575.7679350754956,381.95904838919967,-7.209729966012154,69.63136720657343,-150.34843587875378,0.8047157352594743,-0.8285556246576847
1767170475,905489014,1150_1767170475-905489014.png,323220,-306851,-68600,68650,3.0945542279411766,-2.9378350949754903,1356.76,162.75,460.0,-651.0,-538.0,1344.0,281.0,-42.0,383.45006826610376,-647.3855594824224,-783.287641108504,1526.9687150670968,364.9094433955334,-15.680873706575218,48.61793166398997,-138.7355329990388,0.7919418165118819,-0.8418542882028908
1767170475,938838379,1151_1767170475-938838379.png,320564,-304109,-68150,68500,3.069125306372549,-2.9115827971813726,1319.72,179.45,469.0,-512.0,-697.0,1380.0,346.0,-41.0,406.7520636392551,-617.7572662848421,-758.7409275172434,1501.9043965557282,352.91794039931654,-22.081136364022424,70.8105342984199,-129.81418132781994,0.7810817784816751,-0.8326864433117063
1767170475,972186768,1152_1767170475-972186768.png,317701,-301321,-68100,67650,3.041714537377451,-2.884890088848039,1307.43,184.78,374.0,-604.0,-580.0,1327.0,367.0,-37.0,406.22226567078087,-610.411492856624,-734.1699105764011,1474.540193519911,354.2174867336203,-24.875375191704176,66.2207572460174,-125.2890968322755,0.7722548642066619,-0.8264076023114447
1767170476,5535889,1153_1767170476-5535889.png,315228,-298855,-68650,68650,3.0180376838235294,-2.8612802542892157,1294.65,187.7,513.0,-421.0,-665.0,1305.0,308.0,-55.0,414.9738475661053,-593.0875399905792,-723.5452806452505,1455.0193639692466,350.3965003971924,-27.945009785512802,49.76384985446925,-145.43517994880688,0.7633059771537232,-0.8354102111049546
1767170476,72233643,1154_1767170476-72233643.png,311949,-295518,-68150,68550,2.9866440716911766,-2.8293313419117645,1268.07,197.22,394.0,-462.0,-640.0,1266.0,296.0,-39.0,425.1578335882526,-549.1213571219973,-726.9991815781502,1418.3231575674106,336.28258108870625,-32.66589679890587,76.39089483022684,-168.83579897880566,0.7542365154824312,-0.8354102111049546
1767170476,105582031,1155_1767170476-105582031.png,308888,-292383,-67950,67650,2.9573376225490198,-2.79931640625,1254.56,198.36,358.0,-549.0,-662.0,1241.0,323.0,-36.0,416.32397374724417,-546.717333822486,-716.8901564105668,1393.0768063866037,333.5995438008358,-33.23576751694923,56.96873092651362,-148.90035152435314,0.7427323919425887,-0.8354102111049546
1767170476,138931396,1156_1767170476-138931396.png,307036,-290595,-68650,68700,2.9396063112745097,-2.7821978400735294,1226.93,204.43,404.0,-414.0,-649.0,1254.0,253.0,-29.0,409.95089093982705,-529.3903933603763,-726.0297086779434,1365.9898459465642,323.814574495058,-32.03141188962018,76.60883098840708,-133.0965154170991,0.7310450429197486,-0.8354102111049546
1767170476,205628418,1157_1767170476-205628418.png,302940,-286565,-68650,68600,2.900390625,-2.7436140471813726,1212.85,209.67,363.0,-413.0,-761.0,1231.0,305.0,-41.0,404.05113046989123,-509.33021296756783,-726.0247993806619,1343.9034422099191,317.75494090830824,-32.93329425381339,77.72734481096262,-134.80610322952282,0.7239457878228971,-0.8354102111049546
1767170476,238976318,1158_1767170476-238976318.png,299267,-282817,-68000,68550,2.865224800857843,-2.707730162377451,1172.57,215.54,363.0,-490.0,-567.0,1095.0,234.0,-41.0,386.5979917271046,-516.7280383215112,-693.6915945707615,1274.6168069083835,298.19246213008455,-35.226014859070226,61.759170293807934,-144.14342451095592,0.711971216876492,-0.8354102111049546
1767170476,272325195,1159_1767170476-272325195.png,297220,-280843,-68100,67650,2.845626531862745,-2.688830805759804,1172.57,215.54,363.0,-490.0,-567.0,1095.0,234.0,-41.0,385.8634634289102,-515.8960819105839,-689.7480996144211,1269.0259231996656,296.19436074456866,-35.4057401309668,48.68994930386538,-156.49942708015453,0.7022649268095348,-0.8354102111049546
1767170476,305673096,1160_1767170476-305673096.png,294956,-278509,-68050,68550,2.8239506740196076,-2.6664847579656863,1159.51,215.42,297.0,-412.0,-639.0,1093.0,247.0,-25.0,374.67818634126866,-502.84154871538027,-680.3517558365148,1243.3384274184295,288.64351757753553,-34.32284099948827,62.955481350421856,-113.87235736846935,0.6949123385139895,-0.8354102111049546
1767170476,339022217,1161_1767170476-339022217.png,292504,-276067,-68100,67650,2.8004748774509802,-2.6431047028186274,1146.47,216.86,368.0,-530.0,-487.0,1022.0,234.0,-39.0,371.75413567589777,-503.5766922651992,-656.2447672692122,1212.9169117867468,281.0089196548058,-34.622838872678344,50.12880849838252,-158.10770916938793,0.6850129692680015,-0.8354102111049546
1767170476,372370117,1162_1767170476-372370117.png,289703,-273323,-68650,68650,2.7736577052696076,-2.616833256740196,1133.48,214.89,389.0,-546.0,-588.0,1020.0,243.0,-59.0,373.70020478166356,-509.3418989952337,-643.494253567536,1184.759246966219,275.2035696646029,-37.63923031301825,41.56474870443339,-161.3420412540437,0.675005409102729,-0.8354102111049546
1767170476,472415771,1163_1767170476-472415771.png,283346,-266976,-68100,68550,2.7127948835784315,-2.5560661764705883,1082.32,190.31,450.0,-405.0,-450.0,1012.0,155.0,-59.0,363.6203890186437,-503.53231370049264,-603.1054081327889,1124.5534003449086,249.01358271448464,-46.630952908851505,50.113612711429546,-135.23984074592602,0.6521011584636115,-0.805725553684453
1767170476,505763672,1164_1767170476-505763672.png,280692,-264312,-68100,67700,2.6873851102941178,-2.530560661764706,1069.61,186.21,279.0,-351.0,-642.0,1000.0,188.0,-49.0,368.06854932928525,-483.1949338581292,-588.4129035888404,1104.366897580288,234.78887317384738,-48.155682817389064,36.25473031401629,-168.4440453052522,0.641753046573945,-0.7933380804406835
1767170476,572460693,1165_1767170476-572460693.png,276668,-260217,-68150,67700,2.648858762254902,-2.491354549632353,1031.95,180.2,489.0,-520.0,-417.0,882.0,107.0,-54.0,377.43136004816506,-447.2934165984086,-533.416031857486,1058.2639302256327,191.19495347653884,-52.02182302871841,41.29615992307658,-179.37976169586193,0.628675594041111,-0.7680321712127524
1767170476,639157471,1166_1767170476-639157471.png,274136,-257699,-68600,68600,2.6246170343137254,-2.4672468596813726,1031.95,182.67,489.0,-520.0,-417.0,882.0,107.0,-54.0,390.68720613493866,-455.93193078557397,-519.5842508032222,1037.321418685387,181.1914673262202,-52.25685690091609,24.633265197277016,-311.17779111862194,0.6127781868090193,-0.7785221450191219
1767170476,672506348,1167_1767170476-672506348.png,270663,-254077,-68050,68450,2.591366038602941,-2.4325693167892157,1006.5,181.72,257.0,-322.0,-590.0,936.0,163.0,-52.0,386.87887340710057,-443.82794189972617,-525.84206310552,1016.3539128073603,178.0476811229387,-54.331574677740676,29.52994519472117,-109.81038475036632,0.6020585639472869,-0.774001694549729
1767170476,705854248,1168_1767170476-705854248.png,267861,-251491,-68050,67600,2.5645392922794117,-2.4078105851715685,993.54,184.84,303.0,-494.0,-493.0,855.0,170.0,-60.0,368.5968289616934,-438.3407009078069,-528.1507535474076,995.1366268923086,176.08071921229512,-54.652669844819485,18.210707396268795,-91.50743532180798,0.5912438662346385,-0.7758545603685996
1767170476,739203125,1169_1767170476-739203125.png,265126,-248748,-68700,68600,2.5383540134803924,-2.381548713235294,980.59,184.16,249.0,-468.0,-517.0,845.0,191.0,-63.0,350.8446908280931,-444.8704000517485,-524.9276432773502,969.7305680366218,177.5249512044215,-55.93321698031708,18.210707396268795,-91.50743532180798,0.580335824725783,-0.7494826420307832
1767170476,772551025,1170_1767170476-772551025.png,262606,-246166,-68100,68500,2.514227175245098,-2.3568282781862746,954.63,180.75,259.0,-352.0,-535.0,860.0,201.0,-47.0,338.73569178731555,-442.1487689428338,-516.2900699405379,946.1094332405495,181.66142590755823,-56.311100916296844,18.210707396268795,-91.50743532180798,0.5693361704754286,-0.7537888307004108
1767170476,805899902,1171_1767170476-805899902.png,260001,-243624,-68100,67700,2.4892865349264706,-2.3324908088235294,941.88,180.48,223.0,-343.0,-561.0,859.0,205.0,-46.0,319.6449163386654,-423.43393138759507,-522.3582861625239,928.920692318206,185.8633862660097,-54.371747348790855,16.495531648397396,-92.38580036163341,0.5610273076114632,-0.7523781298984065
1767170476,872596924,1172_1767170476-872596924.png,256934,-240487,-68550,68550,2.4599226409313726,-2.302456724877451,929.21,176.88,246.0,-315.0,-264.0,795.0,158.0,-52.0,303.81827305657544,-403.36787361429214,-486.59731831884085,905.6774800084966,182.78986376398748,-53.586870314029404,12.960173368453928,-103.8595690727235,0.54706878152149,-0.7406872276959241
1767170476,905944824,1173_1767170476-905944824.png,254349,-237905,-68150,68500,2.4351734834558822,-2.2777362898284315,910.73,173.42,234.0,-65.0,-399.0,862.0,126.0,-44.0,293.60792121174285,-353.8843374089461,-473.7869264036124,899.2900055113687,174.4848103035479,-52.18486887928034,5.677495062351175,-73.02895617485058,0.5358046420853773,-0.7254831309714093
1767170476,939293701,1174_1767170476-939293701.png,251679,-235300,-68100,67650,2.409610523897059,-2.252795649509804,873.94,170.45,160.0,-25.0,-287.0,786.0,93.0,-14.0,273.5303267269113,-277.18553872886656,-495.17880814665943,892.9936600134465,169.01265464056195,-47.073757176669666,17.766717672347973,-103.1058659553529,0.5273009024086452,-0.7202870882086984
1767170476,972641602,1175_1767170476-972641602.png,248671,-232296,-68700,68650,2.3808115042892157,-2.2240349264705883,860.29,171.66,240.0,-258.0,-340.0,720.0,103.0,-9.0,260.49235565067283,-254.7940737806003,-460.139090957642,863.9068839029627,155.1074083219246,-39.91243138808534,15.722494691610285,-97.40681004524242,0.5130242950159758,-0.7202870882086984
1767170477,39338379,1176_1767170477-39338379.png,244921,-228471,-68600,68600,2.3449084712009802,-2.1874138327205883,824.46,166.64,254.0,-337.0,-323.0,644.0,119.0,-13.0,263.0012973481265,-274.6998086511578,-427.9194957368195,810.1732417444962,151.4131022844139,-34.53714089407758,3.7515914142131295,-37.67899036407483,0.4986211208925002,-0.7202870882086984
1767170477,72687256,1177_1767170477-72687256.png,242386,-225952,-68100,68450,2.3206380208333335,-2.163296568627451,824.46,166.64,254.0,-337.0,-323.0,644.0,119.0,-13.0,261.9318228768095,-282.10190433013463,-415.45365688111957,790.4296389072094,147.56199237339828,-31.978240606646445,4.03855800628657,-36.57508754730237,0.48700980511878195,-0.7202870882086984
1767170477,106035156,1178_1767170477-106035156.png,240206,-223770,-68050,67600,2.2997663909313726,-2.1424057904411766,801.69,165.04,245.0,-397.0,-657.0,697.0,192.0,-53.0,274.59160180379575,-308.6176146697117,-420.07412998653274,769.4660000747546,137.10532040496372,-33.20242149362844,10.371694445609995,-54.11817240715039,0.47532155727907405,-0.7202870882086984
1767170477,172732422,1179_1767170477-172732422.png,236861,-220492,-68700,68650,2.2677408854166665,-2.1110217524509802,790.55,165.44,241.0,-277.0,-515.0,704.0,180.0,-37.0,269.23254561290645,-316.53740132934905,-452.31642489594,757.3716697164442,145.8566132585352,-35.643216890822316,4.907185554504343,-38.952691316604735,0.4635582748756532,-0.7202870882086984
1767170477,206082031,1180_1767170477-206082031.png,233933,-217561,-68150,68550,2.2397077971813726,-2.0829599417892157,779.52,164.46,231.0,-298.0,-528.0,661.0,180.0,-42.0,261.45986759770767,-310.77147027598255,-468.2279822298026,739.1541626752894,153.48800582589547,-36.67768078783565,9.941666662692972,-43.062236070633055,0.4517217888317688,-0.7202870882086984
1767170477,239430420,1181_1767170477-239430420.png,230310,-213929,-68100,68450,2.205020680147059,-2.0481866574754903,757.6,158.81,219.0,-363.0,-485.0,628.0,172.0,-29.0,256.0928556872294,-324.1741585388073,-501.3711117792804,720.9604019764606,155.63052796016177,-35.09464780850257,5.607100903987833,-330.12368083000194,0.4338339017114382,-0.7202870882086984
1767170477,306128418,1182_1767170477-306128418.png,226966,-210596,-68100,67600,2.1730047487745097,-2.0162760416666665,735.99,152.88,65.0,-191.0,-658.0,652.0,152.0,-31.0,218.2668553578132,-311.4187151641219,-528.5508649786414,698.9952580658305,161.31731506588994,-33.756421024386995,3.9125109016894783,-350.59990310668957,0.42182261243150365,-0.7202870882086984
1767170477,339477783,1183_1767170477-339477783.png,224306,-207856,-68650,68750,2.147537530637255,-1.9900428921568627,725.27,150.54,46.0,-180.0,-452.0,624.0,133.0,-37.0,194.13325954746387,-292.8129212109324,-528.8379755690861,689.5884813241868,158.23516309591537,-33.896339330307974,16.74184626340861,-145.1246714591981,0.4067150321997021,-0.6936145919719532
1767170477,372826416,1184_1767170477-372826416.png,221443,-205067,-68050,68450,2.120126761642157,-1.9633406096813726,718.19,152.38,28.0,-185.0,-434.0,602.0,161.0,-45.0,162.08696774765403,-271.1435406206238,-510.94836359624304,673.3476470992642,157.31913825822488,-35.682549360710844,10.262076973915049,-41.4526643753053,0.3945565366905135,-0.6761070498109201
1767170477,439524414,1185_1767170477-439524414.png,218501,-201990,-68100,68500,2.0919596354166665,-1.9338809742647058,695.57,153.66,117.0,-317.0,-366.0,575.0,113.0,-44.0,159.82109668303372,-269.7167680175835,-495.10872766679597,660.6022422269152,151.50202607802493,-37.261632090937034,16.253438085317562,-142.26360869407665,0.38233575650133067,-0.6788178348747133
1767170477,472873779,1186_1767170477-472873779.png,215628,-199263,-68050,67750,2.064453125,-1.9077722886029411,688.09,152.25,125.0,-499.0,-344.0,460.0,119.0,-40.0,152.04239640911857,-295.5771957898051,-467.48129476239427,633.1967864788078,144.39993047374463,-38.23761476296202,14.387863010168024,-109.7294261455537,0.37005455584491664,-0.6565388093429638
1767170477,506222168,1187_1767170477-506222168.png,213179,-196803,-68150,68450,2.041006050857843,-1.8842198988970589,680.15,154.74,104.0,-475.0,-313.0,443.0,120.0,-33.0,143.60167047068006,-332.45984635326016,-438.42885299838787,596.3200212694977,139.50265941681707,-37.563868308273776,9.739315927028604,-30.481125593185546,0.357714932092089,-0.6605342913439877
1767170477,539571777,1188_1767170477-539571777.png,210517,-194078,-68050,67700,2.0155196844362746,-1.8581303615196079,671.42,155.71,92.0,-353.0,-411.0,500.0,183.0,-45.0,136.05534787888786,-335.4636759597328,-434.41760740961774,582.2340053340074,145.863789995182,-38.65134179641793,8.812762558460184,-25.642093658447386,0.3453188493241517,-0.6617407824923974
1767170477,572920166,1189_1767170477-572920166.png,207709,-191335,-68600,68600,1.9886354932598038,-1.8318684895833333,652.79,154.66,110.0,-257.0,-457.0,544.0,160.0,-46.0,130.70241436377725,-320.7703376074172,-432.2275567643136,573.0761209618232,150.43210767841774,-38.64610320518379,7.836205959320017,-35.941174507141234,0.3328682050433814,-0.6617407824923974
1767170477,639618164,1190_1767170477-639618164.png,205452,-189087,-68100,68550,1.9670266544117647,-1.8103458180147058,643.34,153.57,176.0,-202.0,-650.0,575.0,108.0,-48.0,135.2268069298915,-296.9324181752185,-466.58786110432925,570.4080523180119,145.19730547299415,-40.75999790811324,7.592099279165216,-37.73501658439648,0.31723122167638573,-0.6617407824923974
1767170477,672967773,1191_1767170477-672967773.png,201979,-185533,-68000,68450,1.9337756587009804,-1.7763193167892157,633.59,148.92,197.0,-215.0,-451.0,503.0,83.0,-41.0,144.26063157510282,-284.9504716096102,-464.30826380958354,560.5501755586702,136.10145785491852,-40.795096252635076,-20.12845790386205,-445.5759530067445,0.30466506278333316,-0.6617407824923974
1767170477,706316162,1192_1767170477-706316162.png,199182,-182810,-68150,67700,1.9069967830882353,-1.7502489276960784,612.97,144.12,218.0,-316.0,-791.0,521.0,126.0,-26.0,155.4454253499964,-275.5806043042961,-485.48523540127496,554.4237005674037,127.27126910441602,-39.08839788893079,-20.339185804128697,-435.7246520519258,0.2952087769637071,-0.6617407824923974
1767170477,739665771,1193_1767170477-739665771.png,196867,-180493,-68100,68450,1.884832643995098,-1.7280656403186274,602.33,141.75,219.0,-348.0,-615.0,465.0,148.0,-37.0,167.95701832049284,-286.5025621462626,-530.2208265136733,542.718746817489,129.00992273569253,-37.485053671062275,11.983811587095209,-141.73157453537,0.2825597604712395,-0.6617407824923974
1767170477,773014160,1194_1767170477-773014160.png,194334,-177891,-68100,67750,1.8605813419117647,-1.7031537224264706,591.96,140.99,224.0,-260.0,-562.0,450.0,129.0,-38.0,178.82352826232653,-285.84446121475486,-539.3041050978428,525.0929708271929,130.00207452987485,-37.534981280611234,11.959199607372232,-144.66356563568127,0.2698661027409994,-0.6617407824923974
1767170477,839712158,1195_1767170477-839712158.png,191468,-175020,-68650,68550,1.8331418504901962,-1.6756663602941178,571.67,138.14,72.0,-269.0,-397.0,398.0,139.0,-34.0,169.8558735609706,-284.49204770455935,-523.921440738424,506.5297601559463,130.28185657964247,-38.62435566576732,9.433452010154673,-59.976136445999266,0.25712985107807496,-0.6617407824923974
1767170477,873061768,1196_1767170477-873061768.png,188743,-172299,-68050,68600,1.8070523131127452,-1.6496151194852942,561.66,137.84,161.0,-55.0,-366.0,446.0,65.0,-21.0,158.39908942817556,-268.6998646066576,-500.0874960165247,490.71568402240376,127.25343654710585,-37.02849097354381,11.673856496810862,-170.1579318046571,0.2443529695637699,-0.6617407824923974
1767170477,906410156,1197_1767170477-906410156.png,185530,-169148,-68000,68600,1.7762905943627452,-1.6194469975490196,551.71,135.77,295.0,-129.0,-385.0,503.0,-1.0,-45.0,178.57682415505644,-231.75767683640098,-472.8961780228846,489.0570601578925,103.68720267736897,-36.95576484593562,13.929976284503885,-140.25583529472362,0.23153752214792916,-0.6617407824923974
1767170477,939759766,1198_1767170477-939759766.png,182532,-166154,-68050,67650,1.7475873161764706,-1.5907820159313726,532.18,132.09,154.0,-270.0,-283.0,368.0,41.0,-37.0,187.79007354658327,-241.3420680602253,-438.0953228892114,476.921166919541,82.9355321852459,-39.372135973200436,11.837763190269419,-119.16088867187511,0.21546700944498226,-0.6212237888486397
1767170478,6457764,1199_1767170478-6457764.png,178764,-162332,-68100,67700,1.7115119485294117,-1.5541896446078431,522.97,129.97,56.0,-292.0,-414.0,334.0,126.0,-23.0,165.08925873148834,-251.65737662466586,-418.83903722368404,444.97138141697627,84.97950694476216,-36.73722043101804,12.023164778947779,-119.22665858268749,0.19934335003353146,-0.6165771468605029
1767170478,39806152,1200_1767170478-39806152.png,175832,-159395,-68600,68600,1.6834405637254901,-1.5260703890931373,505.47,123.86,74.0,-224.0,-198.0,292.0,54.0,-21.0,141.2717209871135,-244.1456090030725,-398.474671473428,418.6281065925862,84.43958060849295,-33.751817947191626,-3.140736997127584,-248.13353443145763,0.18317048872094144,-0.6063076418786006
1767170478,106504150,1201_1767170478-106504150.png,172076,-155698,-68100,68550,1.6474800857843137,-1.4906747855392157,497.03,121.45,155.0,-281.0,-225.0,276.0,30.0,-16.0,139.75956412225239,-248.48119960021228,-362.6161395477187,391.1444485618397,74.88557055841979,-30.48855628366972,-4.732593089342168,-254.71210169792187,0.16695243689360414,-0.6145665615695823
1767170478,139853760,1202_1767170478-139853760.png,170918,-154470,-68650,68550,1.6363932291666667,-1.4789177389705883,480.55,118.38,179.0,-153.0,-193.0,275.0,6.0,-2.0,147.20013479589863,-236.98265833917404,-364.0751089400036,368.77616131396945,68.53338322994162,-26.648197115083185,10.709703296422907,-66.82967638969433,0.15394813806696317,-0.6121359068450961
1767170478,173201660,1203_1767170478-173201660.png,167164,-150647,-68700,68600,1.6004518995098038,-1.442315793504902,472.65,120.96,84.0,-182.0,-103.0,254.0,-14.0,-10.0,141.4084069180751,-225.91465472853295,-323.81729947676445,350.0750100381126,55.350313724451325,-23.339088253416385,-5.6333655714989215,-225.48762154579174,0.1441788475954687,-0.6039115688363342
1767170478,206550537,1204_1767170478-206550537.png,164772,-148323,-68050,68500,1.5775505514705883,-1.420065487132353,464.99,123.59,155.0,-238.0,-268.0,250.0,32.0,-15.0,141.87045516991427,-226.51501895664273,-309.78632223050016,332.88669316747774,50.092557429405275,-21.76508248640933,-11.928447604179434,-233.53132462501537,0.13113336131809394,-0.6120110357930404
1767170478,273247559,1205_1767170478-273247559.png,161499,-145124,-68050,67700,1.5462143841911764,-1.389437806372549,449.8,125.99,0.0,-60.0,-148.0,166.0,93.0,-2.0,155.75083101927567,-222.81756589689252,-292.45370674649587,312.8306819214203,49.714733758714104,-22.316663913106616,-19.42042514681821,-283.2241461277009,0.11479761441533197,-0.6034842799546373
1767170478,306595459,1206_1767170478-306595459.png,158489,-142117,-68700,68650,1.5173962162990196,-1.3606483609068627,442.36,129.73,-68.0,-91.0,-89.0,159.0,83.0,22.0,112.8596344813046,-190.10940619696532,-253.15685217234773,279.1808445680603,58.20129523785989,-14.924162987269735,-3.260290175676397,-135.23568534851086,0.10170843565132312,-0.5997584737353048
1767170478,339944336,1207_1767170478-339944336.png,155906,-139532,-68050,68350,1.4926662071078431,-1.3358992034313726,435.22,131.5,4.0,-12.0,-219.0,185.0,124.0,30.0,92.13351216654202,-161.42855845813804,-243.79927268159432,262.21389592000315,68.48283619507805,-7.373122759582731,-36.55023315548902,-340.12299990654003,0.08860319469698971,-0.5905648157335801
1767170478,406641113,1208_1767170478-406641113.png,152626,-136172,-68000,68500,1.4612630208333333,-1.3037300857843137,425.03,131.09,188.0,63.0,-193.0,292.0,-5.0,-13.0,118.71275591352786,-109.57928145100257,-221.16574863447178,266.1119183661014,51.57129184389805,-7.091523638797066,-43.886746108532,-370.75673294067394,0.0722022003475208,-0.5804408801385255
1767170478,439989014,1209_1767170478-439989014.png,150094,-133728,-68050,67600,1.4370212928921569,-1.2803308823529411,425.03,128.83,80.0,-181.0,-285.0,200.0,-12.0,-18.0,114.89261942765414,-115.43773531914105,-229.75248990695493,257.13155859305067,40.77114487034459,-8.843815140564663,-68.2205909788609,-499.2371790409089,0.059068388668117894,-0.5825901598219037
1767170478,473337891,1210_1767170478-473337891.png,147291,-130917,-68500,68650,1.4101849724264706,-1.25341796875,417.98,123.86,115.0,-320.0,-114.0,123.0,19.0,2.0,114.90832295879223,-145.35329474403352,-212.8246342450461,237.51591433870095,37.58729285769292,-7.257995797313791,-70.91355717182164,-512.9882488250734,0.04921179644713925,-0.5588479043128911
1767170478,506686035,1211_1767170478-506686035.png,144571,-128118,-68100,68500,1.3841433057598038,-1.2266199448529411,402.95,121.31,254.0,-66.0,-253.0,199.0,-47.0,12.0,135.88823459856684,-168.84901323490075,-222.73527996401154,216.67062904202177,30.784758785259648,-3.618670775873722,-75.85959100723271,-529.1510969400407,0.03277485774533266,-0.5588479043128911
1767170478,540034912,1212_1767170478-540034912.png,141901,-125468,-68150,67650,1.3585803462009804,-1.2012484681372548,395.81,122.78,177.0,-58.0,-45.0,152.0,-74.0,8.0,147.15127020456916,-150.124497009193,-203.25234283226143,208.0326239172615,14.134305935990264,-1.3947598165112327,-40.19098785519605,-285.7709748744966,0.019619289288180578,-0.5588479043128911
1767170478,606731689,1213_1767170478-606731689.png,138696,-122329,-68650,68750,1.3278952205882353,-1.1711952359068627,388.74,122.2,93.0,-74.0,-124.0,134.0,-22.0,-5.0,140.02531051124703,-136.54373062989342,-187.4568269363476,195.7169075614411,6.50781630986815,-1.672333811102116,-40.520489662885716,-226.0729594230653,0.006460622305518021,-0.5588479043128911
1767170478,640079590,1214_1767170478-640079590.png,137055,-120676,-68050,67650,1.3121840533088236,-1.1553691789215685,374.84,119.71,268.0,-90.0,-427.0,136.0,9.0,-37.0,172.48613460979757,-118.42636463431467,-236.47493348444866,183.1676125958125,6.000793414639618,-10.765482398732452,-42.47749921679502,-232.30734515190136,0.003170715121138731,-0.5588479043128911
1767170478,673428467,1215_1767170478-673428467.png,133451,-117002,-68050,67650,1.2776788449754901,-1.1201937806372548,367.91,120.65,-113.0,-56.0,-285.0,8.0,154.0,43.0,143.72461517299283,-109.47416444837268,-252.52931525045915,159.8081582569169,23.747044514418427,-5.794171025323682,-49.64023470878606,-274.9034643173219,0.003170715121138731,-0.5588479043128911
1767170478,706776367,1216_1767170478-706776367.png,130572,-114207,-68700,68650,1.2501148897058822,-1.0934340533088236,361.62,121.05,-217.0,-118.0,-233.0,-22.0,177.0,63.0,84.14920873826668,-109.29993837245166,-250.53621118616908,129.18594476055569,49.620469937809816,5.563104696288741,-47.407363176345875,-251.97598743438732,0.003170715121138731,-0.5588479043128911
1767170478,740125244,1217_1767170478-740125244.png,127910,-111529,-68100,68500,1.2246285232843137,-1.0677945006127452,350.85,124.99,-7.0,-151.0,98.0,62.0,12.0,-14.0,71.5414316543829,-128.15058944734062,-182.29040819789242,113.37420170241478,43.11135353530985,3.188649571496213,-45.04480794072156,-116.29753327369701,0.003170715121138731,-0.5588479043128911
1767170478,806822021,1218_1767170478-806822021.png,124431,-108063,-68100,67550,1.1913200827205883,-1.0346105238970589,345.7,126.13,22.0,-76.0,117.0,76.0,-27.0,-3.0,58.22763960885734,-122.28952694587255,-116.86406988680886,103.93893315021523,30.45421980996223,0.9554724955303753,-34.56055915355687,13.048811674117921,0.003170715121138731,-0.5588479043128911
1767170478,840169922,1219_1767170478-840169922.png,121231,-104852,-68050,67750,1.1606828278186274,-1.0038679534313726,335.63,128.22,115.0,-123.0,271.0,22.0,-24.0,0.0,61.401101004810165,-118.58677653018884,-78.97285753737835,95.35645694777796,22.24987946885321,0.4911910983820544,-56.77777376770978,-160.1961545944215,0.003170715121138731,-0.4737877159781158
1767170478,906866943,1220_1767170478-906866943.png,118281,-101916,-68700,68650,1.1324391084558822,-0.9757582720588235,326.27,126.64,91.0,-196.0,107.0,38.0,4.0,-3.0,69.87119364734842,-130.24883005803466,-24.73404084220419,81.30041547871608,16.00733439396834,-0.05732056689889603,-41.72050225734716,94.49460101127612,0.003170715121138731,-0.4737877159781158
1767170478,940215820,1221_1767170478-940215820.png,115340,-98911,-68000,68450,1.104281556372549,-0.946987974877451,314.25,116.02,50.0,-194.0,108.0,16.0,51.0,-11.0,56.38534569855074,-138.24656121624466,-24.86007204630918,73.48843784922936,26.88769652188966,-1.0400498220819114,-32.96759909391408,108.44584631919848,0.003170715121138731,-0.4737877159781158
1767170478,973563721,1222_1767170478-973563721.png,112479,-96099,-68100,67700,1.0768899356617647,-0.9200654871323529,308.91,114.35,15.0,-130.0,191.0,36.0,22.0,7.0,51.123384485441996,-140.27762119889164,7.961853874798982,65.92975307866043,27.609113338705125,-0.6226531623085996,-36.211250215768864,92.11470460891711,0.003170715121138731,-0.4737877159781158
1767170479,6912598,1223_1767170479-6912598.png,109818,-93447,-68700,68650,1.051413143382353,-0.8946748621323529,304.16,111.46,-31.0,-177.0,96.0,30.0,17.0,2.0,38.15354257221109,-145.37484429067968,25.700896973212892,59.87994613438648,25.90855671478022,-0.03654185423153568,-56.30183392763143,-99.52806878089916,0.003170715121138731,-0.4737877159781158
1767170479,73609375,1224_1767170479-73609375.png,107148,-90719,-68150,68400,1.0258501838235294,-0.8685566023284313,295.55,106.07,160.0,-213.0,-41.0,5.0,8.0,0.0,32.97006380924061,-160.72468101939816,28.655473222071254,50.9046745642549,25.64726827744943,0.6571113329528461,-63.5704853534699,-263.25660181045544,0.003170715121138731,-0.4737877159781158
1767170479,106957275,1225_1767170479-106957275.png,104352,-87979,-68000,67600,0.9990808823529411,-0.8423234528186274,291.29,98.27,198.0,-107.0,-78.0,33.0,-34.0,1.0,58.36207777394098,-160.16532517160147,13.269218408384218,45.50569245385969,18.796372186493823,0.634055360226986,-39.99889752268796,-121.01190328598034,0.003170715121138731,-0.4737877159781158
1767170479,140306152,1226_1767170479-140306152.png,103120,-86753,-68200,68400,0.9872855392156863,-0.8305855545343137,286.99,98.88,197.0,-113.0,-57.0,38.0,-76.0,-1.0,85.94290632681243,-150.48605422806247,-1.7824882142251555,43.753720738377076,2.1707543192208103,0.414235152376396,-33.03117462992673,-77.99150371551525,0.003170715121138731,-0.4737877159781158
1767170479,173653809,1227_1767170479-173653809.png,98763,-82393,-68100,68500,0.9455710018382353,-0.7888422947303921,278.41,98.82,138.0,-315.0,29.0,48.0,-36.0,-9.0,101.59865295181919,-165.45625218451192,15.439177499679401,44.06247857957479,-9.809995187051566,-0.9293206749860501,-54.46093577146535,-212.42520141601574,0.003170715121138731,-0.4737877159781158
1767170479,207002441,1228_1767170479-207002441.png,96517,-80066,-68050,67600,0.9240674785539216,-0.7665632659313726,274.26,96.32,17.0,-151.0,-67.0,67.0,18.0,-1.0,100.473972523613,-181.24921134599495,11.899391573913904,45.907354473730045,-11.026693262233886,-1.8337907649296241,-56.57535809278493,-246.49630784988415,0.003170715121138731,-0.39699607276939136
1767170479,273698730,1229_1767170479-273698730.png,93024,-76581,-68550,68750,0.890625,-0.7331973805147058,270.27,98.82,-53.0,-73.0,258.0,39.0,-60.0,-1.0,71.57976673941097,-163.08134385477135,41.793172803389766,46.52700309787641,-15.945796028503047,-1.6474300885738073,-28.839215487241795,-136.45894837379467,0.003170715121138731,-0.377979671118909
1767170479,307046143,1230_1767170479-307046143.png,90438,-74065,-68150,68500,0.8658662683823529,-0.7091088388480392,266.17,99.82,-110.0,-177.0,133.0,-20.0,-30.0,4.0,45.025209814038604,-165.11683356582262,55.13142589328821,36.797972586606605,-18.00110850138171,-0.8215395917305554,-138.1125091016293,-786.1295421123506,0.003170715121138731,-0.38130955510042847
1767170479,340394775,1231_1767170479-340394775.png,87500,-71129,-68050,67650,0.8377374387254902,-0.6809991574754902,258.11,102.86,93.0,-252.0,63.0,-81.0,-77.0,32.0,40.452325379624305,-190.7874014464452,43.057466543238995,12.597035610773775,-25.734695704191935,7.046432345786052,-17.609334111213734,-173.48454236984264,0.003170715121138731,-0.38055142848713713
1767170479,373742432,1232_1767170479-373742432.png,85111,-68659,-68650,68600,0.8148648131127451,-0.6573510263480392,254.02,105.35,147.0,57.0,42.0,-33.0,-24.0,8.0,58.783462782732634,-157.75329779395523,43.94625823468281,1.0316375358649883,-28.163324928427574,8.491509764116342,-68.90868738293652,-386.0808355808259,0.003170715121138731,-0.3837098179057644
1767170479,440438721,1233_1767170479-440438721.png,82036,-65659,-68150,68550,0.7854243259803921,-0.628628599877451,251.18,110.61,78.0,-60.0,-59.0,-53.0,-11.0,12.0,61.5937243036475,-143.45767688021243,28.891209295942023,-6.870047880309744,-25.653328924882366,9.004597787985162,-27.09734970331197,-140.70074939727795,0.003170715121138731,-0.3724797271326059
1767170479,473787109,1234_1767170479-473787109.png,78901,-62511,-68050,68550,0.7554093903186274,-0.5984892003676471,243.76,113.55,262.0,-131.0,161.0,-40.0,-79.0,0.0,84.55496012752855,-151.58353489998822,58.261351746554226,-18.03959080723647,-31.005370176223394,10.382599200156827,-5.993583649396947,-40.58547592163098,0.003170715121138731,-0.35323458600202007
1767170479,507134766,1235_1767170479-507134766.png,76431,-60064,-68600,68600,0.7317612591911765,-0.5750612745098039,240.62,114.31,245.0,-82.0,52.0,-17.0,-49.0,-10.0,112.73428457369471,-140.8605103387977,60.07592892262084,-18.47115042158946,-34.9123805891342,7.1258961907425755,-54.7961522340775,-349.5295300483705,0.003170715121138731,-0.3531418026767857
1767170479,540483398,1236_1767170479-540483398.png,73772,-57394,-68050,68400,0.7063036151960784,-0.5494983149509803,238.92,113.44,95.0,-105.0,229.0,-27.0,-27.0,0.0,110.1407903881957,-135.6162037716948,84.77969378606755,-19.71842497042654,-33.75525959188725,6.08379210921829,-46.88927775621419,-341.53096318244945,0.003170715121138731,-0.33399053885023167
1767170479,573831055,1237_1767170479-573831055.png,71389,-54947,-68100,67600,0.6834884344362745,-0.5260703890931373,231.09,113.55,-47.0,-46.0,330.0,-27.0,-13.0,10.0,82.27581576381695,-128.63043054258372,133.2504767442109,-22.818768848312008,-33.85234245468025,6.477197960203962,-46.90233054757123,-390.239671945572,0.003170715121138731,-0.3339235024423973
1767170479,640527100,1238_1767170479-640527100.png,69268,-52900,-68650,68650,0.6631816789215687,-0.5064721200980392,227.04,111.92,-55.0,45.0,255.0,27.0,-96.0,-10.0,52.430855333229864,-99.34967619535944,168.31498412903198,-17.337394362881653,-39.05314253045261,4.888312479318897,-79.32195755839352,-651.741912007332,0.003170715121138731,-0.3105175050467543
1767170479,673875732,1239_1767170479-673875732.png,65308,-48867,-68700,68700,0.6252680759803921,-0.46785960477941174,222.96,110.12,12.0,-37.0,387.0,-7.0,-82.0,-22.0,43.66323047085885,-86.39549634536242,202.59950873996883,-14.647381990537184,-46.847115073525664,0.5604640946029018,-48.2222210168839,-528.1802384853364,0.003170715121138731,-0.34274363178629536
1767170479,707223389,1240_1767170479-707223389.png,63128,-46754,-68050,67600,0.6043964460784313,-0.4476294424019608,215.01,107.55,168.0,-24.0,227.0,-24.0,-65.0,15.0,58.8797595241461,-75.92790674066707,232.29215079068035,-19.387344247529153,-52.5108171615749,1.5057243128389022,3.6568450331687417,-363.88169956207287,0.003170715121138731,-0.3205883904752493
1767170479,740571777,1241_1767170479-740571777.png,60255,-43879,-68700,68550,0.5768899356617647,-0.4201037837009804,211.39,109.89,175.0,-42.0,448.0,-30.0,-99.0,13.0,78.37106658171184,-68.58297330809643,251.37890303935893,-20.727509748538946,-57.746281036102424,3.656750719383528,8.633270442485758,-357.7099313735963,0.003170715121138731,-0.3205883904752493
1767170479,773919434,1242_1767170479-773919434.png,57805,-41368,-68100,68550,0.553433287377451,-0.39606311274509803,207.96,109.34,160.0,-16.0,535.0,-34.0,-99.0,7.0,95.36447085053084,-59.50226314049146,303.1438219654018,-23.153660210695367,-65.93778625853317,4.634533105420467,9.622555136680552,-378.21954011917126,0.003170715121138731,-0.3205883904752493
1767170479,807268066,1243_1767170479-807268066.png,55134,-38688,-68100,67700,0.5278607536764706,-0.3704044117647059,206.48,111.89,206.0,-65.0,488.0,-44.0,-83.0,-19.0,111.54401282000856,-60.30626222595152,330.17752726623075,-26.202267038212543,-68.43299557731633,1.1781757919254323,1.8034785389899697,-414.9744601249696,0.003170715121138731,-0.3205883904752493
1767170479,873964111,1244_1767170479-873964111.png,52407,-36032,-68600,68700,0.5017520680147058,-0.3449754901960784,201.21,114.2,20.0,-185.0,437.0,-137.0,28.0,6.0,113.8599885728449,-69.6700783137851,361.6736773953804,-34.864901408906526,-60.41085786121603,-2.5226068225766642,21.479619890451378,-360.0060033798219,0.003170715121138731,-0.3205883904752493
1767170479,907311768,1245_1767170479-907311768.png,50016,-33506,-68050,68450,0.4788602941176471,-0.32079120710784315,198.79,117.29,-91.0,-142.0,267.0,-121.0,-4.0,45.0,85.17685622758225,-88.67879362907962,361.24514318880205,-53.697199897504014,-45.751759708155205,2.6993217445241395,23.291230440139717,-334.2173204421998,0.003170715121138731,-0.3205883904752493
1767170479,940660156,1246_1767170479-940660156.png,47010,-30564,-68050,67950,0.45008042279411764,-0.2926240808823529,196.46,114.48,-18.0,-213.0,439.0,-91.0,-65.0,23.0,60.87012079599695,-109.64963769142855,367.6850408632187,-62.67386115977134,-46.38211297963887,7.881395231604258,116.58323180675501,-0.6592712402344958,0.003170715121138731,-0.3205883904752493
1767170480,7356201,1247_1767170480-7356201.png,43598,-27165,-68100,67700,0.41741344975490197,-0.26008157169117646,192.13,116.0,79.0,16.0,276.0,-18.0,-61.0,-2.0,64.78932592807215,-93.8022602752469,354.64086435728115,-60.27016560505449,-49.51635230706752,8.066918519619035,-51.15468320250516,-704.0837993621827,0.003170715121138731,-0.3205883904752493
1767170480,40703857,1248_1767170480-40703857.png,41004,-24557,-68150,68600,0.392578125,-0.23511220894607843,190.04,113.96,76.0,15.0,93.0,10.0,-59.0,-8.0,67.17232934172505,-72.1457213821425,312.2633619598991,-47.78205945809798,-51.50410816529448,5.19053951373321,151.08753895759577,-53.809096813202025,0.003170715121138731,-0.3205883904752493
1767170480,74052246,1249_1767170480-74052246.png,37797,-21284,-68200,68450,0.3618738511029412,-0.20377604166666666,186.11,109.83,36.0,-104.0,407.0,-17.0,-36.0,18.0,63.768892816573526,-73.68335284439296,333.3111820454759,-45.29620680524134,-52.508676780073536,4.712119829910634,-15.268663406372122,-696.6907025575639,0.003170715121138731,-0.21758600944073647
1767170480,140748535,1250_1767170480-140748535.png,35004,-18625,-68150,67700,0.33513327205882354,-0.17831839767156862,184.2,107.11,-38.0,-75.0,282.0,-5.0,-45.0,7.0,46.06920617694793,-76.95115831491341,333.2821788935451,-36.532908493345055,-49.735988899900086,6.394598074932816,121.2454810738563,-357.6064763069154,0.003170715121138731,-0.20750199013432868
1767170480,174096436,1251_1767170480-174096436.png,31244,-14873,-68150,67750,0.2991344975490196,-0.1423962162990196,180.55,108.38,43.0,-106.0,585.0,-94.0,-69.0,8.0,48.61719971875233,-68.85398852644528,365.0061192402275,-42.58990766381883,-57.26767418645928,7.2624910027635,204.9040029048919,22.387135982513307,0.003170715121138731,-0.2050017485557323
1767170480,207445557,1252_1767170480-207445557.png,28788,-12201,-68050,68650,0.2756204044117647,-0.11681410845588236,178.7,106.47,87.0,-185.0,572.0,-107.0,-56.0,-7.0,52.729614107959975,-85.61610696386003,407.1444198101659,-54.34267725290174,-58.05271842412487,5.6267332225782445,242.84489572048182,-153.55239057540905,0.003170715121138731,-0.20053660917386648
1767170480,240793457,1253_1767170480-240793457.png,25920,-9479,-68150,68500,0.24816176470588236,-0.09075329350490197,176.81,105.63,58.0,-278.0,451.0,-97.0,0.0,-21.0,54.41109017719645,-116.39177614995363,417.9389274976965,-61.980314613055796,-49.508432415163085,1.3972394554102523,230.00276732444757,-216.69064521789562,0.003170715121138731,-0.16028145971291255
1767170480,274142578,1254_1767170480-274142578.png,23053,-6681,-68100,67600,0.22071269914215685,-0.06396484375,172.66,105.81,210.0,-261.0,328.0,-88.0,-54.0,-3.0,73.78986592314834,-119.13716891775867,410.75569247735683,-63.07639112798306,-51.13478831213295,1.0623931978158423,236.0332868099212,-221.61235523223888,0.003170715121138731,-0.16028145971291255
1767170480,340839600,1255_1767170480-340839600.png,20524,-4147,-68100,68500,0.19649969362745098,-0.0397039675245098,170.55,104.89,143.0,-239.0,392.0,-106.0,-41.0,2.0,94.77255121191968,-145.3149442314435,400.1156260469841,-69.65439073112704,-50.52716789522721,0.7082666088223764,212.81594264507288,-174.452033519745,0.003170715121138731,-0.16028145971291255
1767170480,374187744,1256_1767170480-374187744.png,17660,-1770,-68100,45600,0.16907935049019607,-0.016946231617647058,168.41,106.44,74.0,-218.0,258.0,-88.0,49.0,6.0,94.25810232473962,-160.84634928729506,378.90774964309327,-74.23896895444405,-35.47365044530785,1.5497257233411985,272.5013571977615,-81.49550676345837,0.003170715121138731,-0.16028145971291255
1767170480,407536621,1257_1767170480-407536621.png,14989,-1214,-68650,23800,0.14686734068627452,-0.01161343443627451,166.2,105.97,-10.0,-198.0,160.0,-85.0,81.0,7.0,79.01120690887113,-166.27976706589487,346.8942802809201,-75.81268180035275,-18.440330948347885,2.346783793947344,267.8798897862434,-57.917208671569945,0.003170715121138731,-0.16028145971291255
1767170480,440884766,1258_1767170480-440884766.png,12615,-1219,-68100,-300,0.12077780330882353,-0.011670879289215686,158.3,107.43,138.0,-125.0,237.0,-64.0,-25.0,-13.0,71.3525307441614,-173.59830045804983,293.33042178364326,-71.78759798940204,-4.696521409095445,0.11967531217838578,239.73651307821268,-94.44501471519482,0.003170715121138731,-0.16028145971291255
1767170480,474233887,1259_1767170480-474233887.png,10286,-1216,-68200,150,0.0984796262254902,-0.011642156862745098,153.57,107.39,19.0,50.0,161.0,13.0,-58.0,-15.0,75.57744927958677,-154.47490855942704,278.93796545977835,-65.72285929644339,-10.227689373378665,-2.270190580133705,217.26921737194056,-111.28755688667309,0.003170715121138731,-0.16028145971291255
1767170480,507581787,1260_1767170480-507581787.png,7827,-1212,-68600,100,0.0749368106617647,-0.011603860294117647,146.81,108.75,6.0,44.0,45.0,-1.0,-58.0,-8.0,64.62338255846356,-119.68128736946197,248.05790369925484,-53.38530032103453,-18.48353417982706,-3.836585953157014,206.0788840055465,-87.49547076225292,0.003170715121138731,-0.16028145971291255
1767170480,540930908,1261_1767170480-540930908.png,5239,-1209,-68050,50,0.05015893075980392,-0.01157513786764706,138.1,107.14,17.0,-57.0,283.0,-53.0,-107.0,-8.0,54.5915468112799,-101.95049377882906,242.54346034195547,-50.588038330487805,-33.49593294208829,-4.663290278594967,80.27049612998957,123.74229407310473,0.003170715121138731,-0.16028145971291255
1767170480,607627930,1262_1767170480-607627930.png,2372,-1205,-66400,100,0.02270986519607843,-0.011536841299019608,115.34,106.56,127.0,-56.0,143.0,-33.0,-71.0,-19.0,71.92237733567961,-104.35284426771914,235.54237068319128,-55.48316330391375,-41.25246373686116,-5.724012683017648,68.2019242048263,150.48270630836475,0.003170715121138731,-0.16028145971291255
1767170480,640976074,1263_1767170480-640976074.png,1431,-1204,-44000,50,0.013700597426470588,-0.011527267156862746,102.48,101.68,66.0,-140.0,314.0,-31.0,-32.0,-15.0,76.98516798399572,-103.52581717289235,235.17530028810404,-50.22032197052995,-43.26761779776138,-8.21607676050848,106.03839468955988,65.63579583168017,0.003170715121138731,-0.14970314099275306
1767170480,674324951,1264_1767170480-674324951.png,1209,-1202,-900,50,0.01157513786764706,-0.01150811887254902,90.18,95.17,69.0,-196.0,277.0,-49.0,-70.0,-11.0,75.52547488764225,-118.01870111220741,243.38656351191926,-49.53108557592891,-46.87757666813046,-8.803483503784722,114.79870092868799,55.88938283920276,0.003170715121138731,-0.08913396339035505
1767170480,707673096,1265_1767170480-707673096.png,1187,-1202,-100,0,0.011364506740196078,-0.01150811887254902,79.21,88.93,25.0,-142.0,267.0,-26.0,-74.0,-8.0,68.13653710466313,-121.52577008743174,246.83983561754042,-46.089856618197295,-50.84400942246805,-8.685980607823472,132.58244729042048,68.84189987182604,0.003170715121138731,-0.06470837778389876
1767170480,774370117,1266_1767170480-774370117.png,1199,-1202,200,0,0.011479396446078432,-0.01150811887254902,64.16,82.34,21.0,10.0,503.0,-64.0,-63.0,-1.0,61.05921023150954,-97.4486849392397,290.1285537318161,-47.29982062429425,-53.42798997335299,-7.1010925347047404,181.5843144655227,8.93382191658008,0.003170715121138731,-0.06470837778389876
1767170480,807719238,1267_1767170480-807719238.png,1203,-1202,100,0,0.011517693014705883,-0.01150811887254902,60.35,79.09,101.0,-110.0,525.0,-80.0,-61.0,5.0,64.80423769243598,-93.66225895288687,335.6144889273845,-52.95574499844379,-55.03616332798855,-5.0121839698501,65.34096014499659,137.74025177955616,0.003170715121138731,-0.06470837778389876
1767170480,841067383,1268_1767170480-841067383.png,1202,-1202,0,0,0.01150811887254902,-0.01150811887254902,58.79,69.96,121.0,-187.0,375.0,-93.0,-10.0,-6.0,77.74732840154975,-107.80283552224486,317.6264971763122,-54.18040073580757,-45.681762287228494,-5.757446545543521,71.90073460340494,86.43012094497668,0.003170715121138731,-0.06470837778389876
1767170480,874416260,1269_1767170480-874416260.png,1202,-1202,0,0,0.01150811887254902,-0.01150811887254902,59.29,64.9,146.0,-161.0,307.0,-97.0,-18.0,-16.0,89.30608798793902,-120.43939707058573,320.93950270018206,-62.36383078930654,-39.54715426854492,-6.993742638986184,165.03727138042444,40.06806540489185,0.003170715121138731,-0.06470837778389876
1767170480,941113281,1270_1767170480-941113281.png,1202,-1202,0,0,0.01150811887254902,-0.01150811887254902,60.24,63.44,135.0,-362.0,436.0,-134.0,-12.0,-5.0,112.59397145411754,-162.1103305446116,311.20608764894956,-71.89702993868531,-34.066358120218865,-8.09586249839559,216.30590838193888,-14.450032234192015,0.003170715121138731,-0.06470837778389876
1767170481,7810547,1271_1767170481-7810547.png,1202,-1202,0,0,0.01150811887254902,-0.01150811887254902,60.73,59.35,91.0,-192.0,491.0,-92.0,-13.0,6.0,106.26341731914434,-177.43342076735777,382.1830768657562,-82.38952093780715,-29.650221207645213,-1.834028279373185,208.0449850559234,-30.954984188079955,0.003170715121138731,-0.06470837778389876
1767170481,41158447,1272_1767170481-41158447.png,1202,-1202,0,0,0.01150811887254902,-0.01150811887254902,60.73,59.35,91.0,-192.0,491.0,-92.0,-13.0,6.0,104.88202118563017,-178.75175045786958,392.0314138230386,-83.25930509820488,-28.143314155477547,-1.1250195332522708,248.3081058263778,-19.34265446662915,0.003170715121138731,-0.06470837778389876
1767170481,74507568,1273_1767170481-74507568.png,1202,-1201,0,0,0.01150811887254902,-0.011498544730392158,60.81,61.24,80.0,-112.0,433.0,-62.0,12.0,7.0,101.2432289354982,-168.9898524819481,398.0227347357338,-80.15030546921918,-22.2726825313905,0.06319817178061646,206.53553688526148,-29.25657296180737,0.003170715121138731,-0.07910709883593225
1767170481,141204590,1274_1767170481-141204590.png,1202,-1201,0,0,0.01150811887254902,-0.011498544730392158,61.07,64.35,97.0,-285.0,784.0,-227.0,-115.0,27.0,71.38058375923855,-140.38510753419786,479.06176278601697,-96.29723149185662,-37.46189911236127,8.480781942603373,127.36081123352045,70.0645897388457,0.003170715121138731,-0.10703571451869207
1767170481,174553467,1275_1767170481-174553467.png,1202,-1202,0,0,0.01150811887254902,-0.01150811887254902,61.19,65.16,143.0,-294.0,668.0,-171.0,-123.0,10.0,75.13106592125337,-153.75343464946144,503.04910875924224,-106.38322215915203,-44.72839995603487,9.62768577646979,222.2749953269958,-24.99915337562573,0.003170715121138731,-0.07793121356477326
1767170481,207903076,1276_1767170481-207903076.png,1202,-1202,0,0,0.01150811887254902,-0.01150811887254902,61.31,65.7,204.0,-126.0,454.0,-88.0,-65.0,-11.0,86.95507335285323,-169.03405816132195,520.5107084932154,-113.24937931414921,-54.36963149427526,9.028472375687388,219.94055879116053,-22.20529341697705,0.003170715121138731,-0.03716822380139661
1767170481,274601563,1277_1767170481-274601563.png,1202,-1202,0,0,0.01150811887254902,-0.01150811887254902,61.41,64.41,134.0,11.0,700.0,-80.0,-57.0,7.0,105.70779927340693,-138.34026461684667,540.0128448645021,-105.82568567096195,-55.83262349535192,6.700178979923091,209.9122485518455,2.4820659160612806,0.003170715121138731,-0.06547402011467095
1767170481,307950195,1278_1767170481-307950195.png,1202,-1202,0,0,0.01150811887254902,-0.01150811887254902,61.65,64.26,162.0,-126.0,379.0,-76.0,-50.0,-3.0,121.14106942483696,-129.16323835302654,527.947004805522,-98.66786182168397,-55.635430397781036,6.146866802491381,210.87373924255365,1.3108170032500013,0.003170715121138731,-0.037942811275666746
1767170481,374648682,1279_1767170481-374648682.png,1202,-1202,0,0,0.01150811887254902,-0.01150811887254902,61.76,66.39,144.0,-76.0,527.0,-75.0,-77.0,-6.0,127.64110112487893,-121.14413118482447,516.2996319237468,-93.45512341216978,-58.32438399944337,3.663723996662148,232.2226510047912,15.471265077590822,0.003170715121138731,-0.06302167277030793
1767170481,407998535,1280_1767170481-407998535.png,1202,-1202,0,0,0.01150811887254902,-0.01150811887254902,61.96,70.06,11.0,-81.0,400.0,-39.0,-54.0,-8.0,98.26744332564284,-104.26813088099283,498.38036453526314,-79.1919243736279,-59.649159652142075,0.7514339226521317,226.7330755591392,23.60309123992908,0.003170715121138731,-0.08885370156152164
1767170481,474697021,1281_1767170481-474697021.png,1202,-1202,0,0,0.01150811887254902,-0.01150811887254902,61.95,68.23,89.0,-30.0,54.0,50.0,8.0,-11.0,83.74588729880176,-96.46090454448625,448.5789538124685,-55.80835848180817,-47.11861910593004,2.631734081206378,127.0255947709083,73.49508523941027,0.003170715121138731,-0.07936474894017308
1767170481,508045898,1282_1767170481-508045898.png,1202,-1202,0,0,0.01150811887254902,-0.01150811887254902,61.95,68.23,89.0,-30.0,54.0,50.0,8.0,-11.0,84.37014613461542,-88.56446050958722,401.69769862215435,-43.23691084800599,-40.569790226245416,1.0121018175675218,148.95012813806528,-9.73566222190869,0.003170715121138731,-0.07690968633532817
1767170481,541395508,1283_1767170481-541395508.png,1202,-1202,0,0,0.01150811887254902,-0.01150811887254902,61.95,67.4,62.0,-312.0,128.0,-62.0,20.0,10.0,73.84479467871002,-130.72005938303778,356.8069394760478,-47.329621536378234,-30.669088632747066,1.0067713908225526,60.47428208589549,76.36488866806017,0.003170715121138731,-0.07690968633532817
1767170481,608094238,1284_1767170481-608094238.png,1202,-1202,0,0,0.01150811887254902,-0.01150811887254902,61.96,68.17,1.0,-87.0,217.0,-76.0,5.0,27.0,61.99032785394697,-142.71501186845296,313.15162501089526,-53.01056224958392,-20.3130107123116,5.720322739654737,163.21351718902582,-15.257898807525756,0.003170715121138731,-0.059851665604505
1767170482,8285889,1285_1767170482-8285889.png,1202,-1202,0,0,0.01150811887254902,-0.01150811887254902,62.33,63.61,129.0,-91.0,146.0,-12.0,-115.0,-6.0,125.29376444066861,-113.28739666229157,362.05666321158225,-57.27539258805665,-70.67216333172725,-1.2748141275928335,96.20243453979487,73.86305284500109,0.003170715121138731,-0.10742238229217954
1767170482,41634766,1286_1767170482-41634766.png,1202,-1202,0,0,0.01150811887254902,-0.01150811887254902,62.37,62.15,103.0,-24.0,288.0,-50.0,-100.0,8.0,124.34086398460863,-105.32969897266442,333.4209121416942,-51.77987072013147,-77.41347733456432,-1.2334201473563597,101.05469608306879,68.22948026657092,0.003170715121138731,-0.06300226300926205
1767170482,74984619,1287_1767170482-74984619.png,1202,-1202,0,0,0.01150811887254902,-0.01150811887254902,62.35,61.86,-60.0,62.0,47.0,-43.0,33.0,30.0,100.73675646054505,-78.96259532564294,295.7679300507022,-50.594758804856674,-66.09617039479723,3.213899224554186,183.80640608072275,38.00054025650012,0.003170715121138731,-0.08682207959969825
1767170482,141683350,1288_1767170482-141683350.png,1202,-1202,0,0,0.01150811887254902,-0.01150811887254902,62.4,61.34,-105.0,39.0,-111.0,-31.0,36.0,31.0,66.37790621964831,-57.9654912053967,229.6705116196628,-47.5273570352204,-48.531988911489776,7.989221958365522,150.63725012540812,101.15555977821337,0.003170715121138731,-0.08473949590635438
1767170482,175031250,1289_1767170482-175031250.png,1202,-1202,0,0,0.01150811887254902,-0.01150811887254902,62.4,64.88,1.0,8.0,312.0,-49.0,-49.0,17.0,35.66802123777681,-37.92248645520381,228.87928930601566,-51.18240922356486,-37.986134131917105,14.505576245439585,113.8165595531463,62.79622650146472,0.003170715121138731,-0.06164800412795579
1767170482,208380371,1290_1767170482-208380371.png,1202,-1202,0,0,0.01150811887254902,-0.01150811887254902,62.47,67.53,-10.0,59.0,262.0,-17.0,-6.0,13.0,27.788657799073448,-24.18824187621933,240.8588873882992,-47.852942004095866,-36.281431663825636,14.63886420827398,83.28588575124735,67.76751470565783,0.003170715121138731,-0.06164800412795579
1767170482,241728271,1291_1767170482-241728271.png,1202,-1202,0,0,0.01150811887254902,-0.01150811887254902,62.54,66.25,75.0,-103.0,340.0,-64.0,4.0,-11.0,32.715744468127646,-31.361224302268074,256.4636147251979,-48.600022996777504,-28.806209892616224,10.803640845253264,93.05223101377481,71.92061948776232,0.003170715121138731,-0.06164800412795579
1767170482,275077148,1292_1767170482-275077148.png,1203,-1202,0,0,0.011517693014705883,-0.01150811887254902,62.52,66.68,-9.0,-111.0,325.0,-61.0,27.0,-21.0,26.61515776149899,-43.00774440033241,266.48650095817146,-50.41341829471249,-20.645007771955523,6.152618286823717,183.38131368160242,40.726194381713746,0.003170715121138731,-0.06164800412795579
